id,bilissel_performans_skoru
1,5.999292058296497
2,6.41756791065919
3,3.006297846697718
4,7.131297445137551
5,3.6337140370234757
6,5.5313742279210185
7,3.272054090734085
8,7.491600411094902
9,3.7095244393005538
10,3.6788269751298115
11,8.607788804487607
12,4.186657409131591
13,6.315561672442096
14,6.862992293623071
15,5.975745443079026
16,4.319911799067306
17,7.2157771431697
18,8.11833619733357
19,7.209570206606848
20,4.9184682921296865
21,4.339672550272466
22,7.420593976515401
23,2.804621174591407
24,5.45898143317738
25,7.2854640816985405
26,6.749049674090946
27,7.1934762153824465
28,8.05023998375852
29,3.9578958464291665
30,7.655159320920626
31,6.920855612978281
32,6.649520128906874
33,5.417374030066614
34,5.254435147944942
35,4.174260661536907
36,5.441021364669876
37,4.768075818208646
38,5.844695855235047
39,7.4071648728221104
40,7.99999400116521
41,6.564608421109748
42,6.094017867168974
43,6.847816734721098
44,5.473422777143012
45,8.951539657533068
46,1.7791772173335
47,5.220433291141775
48,6.589976257358293
49,4.910272234486307
50,7.88364750219832
51,7.225542156888618
52,3.191671297354131
53,6.897635793744307
54,7.416780226968145
55,4.1884041341723925
56,5.845342953802531
57,2.4775553535711894
58,3.567283498017828
59,4.575947109253525
60,4.042372324573397
61,8.84755386581347
62,8.54686364491987
63,7.523953912450904
64,5.473716879027724
65,4.583794708391688
66,6.227494187760566
67,4.767678205448127
68,5.597883290489489
69,7.592536250726728
70,3.0441375155684525
71,4.464403354069594
72,8.35976996800258
73,8.338549726475657
74,5.871120777562988
75,2.5883227588765623
76,7.280463759207889
77,4.496481604576574
78,3.820917344060097
79,8.897196016062782
80,5.883074295930804
81,4.06215671830163
82,4.901499902664834
83,6.1242294002062385
84,7.31468069293179
85,5.7193266040949675
86,7.115535068264263
87,7.471272947284513
88,7.450098357483419
89,3.0893113370093106
90,8.479538445273496
91,4.215324721785499
92,2.7855615392213013
93,5.98771335733898
94,7.780241514937387
95,5.839598229313628
96,7.632073813466515
97,4.703498264772925
98,3.8670987649355637
99,6.044874018738295
100,8.84795784832628
101,5.163630608867886
102,6.0672057081192685
103,5.347487533429345
104,3.7958554918483878
105,6.145755646228771
106,5.3910152248874015
107,8.050186113852742
108,8.784842340905183
109,7.901987287674453
110,8.03176833916993
111,4.019237434970499
112,2.9404914908040594
113,6.722631624618012
114,5.802753726012472
115,7.044745125605431
116,8.241004930940155
117,7.8425766278509315
118,7.462013515069472
119,8.69723698327326
120,3.42327476245278
121,1.4332823014737723
122,6.2471849976923695
123,7.233647630526467
124,3.6585449079975967
125,3.3777036134096705
126,8.094043451576017
127,4.387487863298142
128,7.109266072263168
129,4.590741220427323
130,8.286861097125513
131,5.7274112535670465
132,5.572260416715055
133,4.670729755107274
134,6.71567975087455
135,7.329950119541453
136,7.621870584146466
137,7.39805329732142
138,6.564468077430504
139,4.545112617619063
140,6.426369577810753
141,7.272460549689848
142,4.9772093650886795
143,3.687392106372991
144,4.479338848182384
145,5.935098320200477
146,8.352701766648853
147,6.135467586813247
148,7.939095128364576
149,3.492325094997908
150,6.861077379319096
151,7.990619036236109
152,2.290977646288229
153,4.998669165757603
154,7.881194220629593
155,5.9935038789115485
156,8.541555626686348
157,4.5140407178886255
158,4.924156307005402
159,4.828594331493332
160,4.406760884619804
161,4.257237962358715
162,6.240456653039476
163,4.6167951245836525
164,3.9799883239596077
165,8.79129289872019
166,5.957316909851291
167,8.244583773212408
168,4.0223846086697765
169,7.91514877918984
170,7.595291555170715
171,6.786099658893005
172,7.783188161012424
173,3.33562253706447
174,4.765546243899019
175,8.075255860719917
176,6.129716147239867
177,6.387845791511762
178,5.784160442333909
179,1.4658251618079783
180,6.1555698515154225
181,3.551421222731571
182,3.3799172641100697
183,3.8209718648957605
184,4.184924915939014
185,9.176125256304527
186,6.08131464949245
187,4.646732291595283
188,9.183417251785599
189,6.005414694558623
190,6.003516974555642
191,4.142621895327401
192,2.808815080267181
193,5.358752587037469
194,3.8846321772038515
195,9.016560925646388
196,8.094864183981567
197,6.712222333396274
198,7.38769584037783
199,6.693310283930927
200,2.940976804990296
201,8.888790272841312
202,6.763100982093502
203,5.485990269195338
204,4.427450135253793
205,8.651531319739231
206,6.066228115899517
207,6.466923439593161
208,3.799444715787358
209,6.2358339068687085
210,6.355235445713742
211,4.598989200633394
212,8.334253487053601
213,2.942991267048388
214,5.183268642917397
215,6.656562090853578
216,9.37242056433681
217,8.352549096813819
218,4.360955775395672
219,5.595969974759698
220,5.155457908663404
221,0.9562037523911979
222,5.31859018571967
223,2.868112314485205
224,8.216076407374144
225,5.904052935436037
226,8.133427170882996
227,7.574882518098065
228,5.374567127676924
229,3.5623132741308714
230,2.7753433580794264
231,7.3583123085625575
232,7.36558391761641
233,3.8763771236459648
234,1.2232637811269076
235,6.631231898885289
236,5.699052355503192
237,7.088761931773627
238,5.751411967479342
239,7.543766243937574
240,3.9070352324031474
241,9.068346826966161
242,6.58648542691513
243,4.47535010150792
244,4.744993523455418
245,4.296041018016461
246,1.7806428225105377
247,7.589523599414797
248,6.072988476513916
249,7.1363051866214064
250,8.430918220716336
251,6.45477457521977
252,7.012789347702965
253,7.175103675796362
254,5.596276385813828
255,2.2571158406617737
256,8.953783756793237
257,4.354384669829137
258,4.669730145758749
259,6.513937154351569
260,6.4299809023740435
261,2.109623472984965
262,5.514111392982354
263,6.015797440861147
264,4.801045206123433
265,4.485764977364438
266,6.287569381450013
267,4.143410655077625
268,8.980619119615614
269,7.27406235010655
270,2.0140231989293405
271,4.862520889176883
272,9.485548076909414
273,3.664507950409938
274,5.727873222326475
275,9.107433872499495
276,6.0585155012428435
277,9.35360380091161
278,5.347330631301621
279,3.7544402012005804
280,2.2321776168526126
281,5.115391629024604
282,8.729722272165219
283,6.1846228175757965
284,6.12202096320554
285,7.708396360246669
286,3.2216199821004894
287,3.2237846571377604
288,8.21229881621475
289,3.647041398196405
290,4.293799203663659
291,3.246721873262062
292,4.023470698901091
293,5.434755641054258
294,8.886068883277876
295,7.2871339256585
296,4.716709091261153
297,6.216549080293767
298,7.512908282523912
299,4.670138020639359
300,4.400600228881519
301,8.577432895919433
302,3.2062211725919445
303,7.524677152025103
304,3.611324575289917
305,8.837362021717745
306,8.083346191916721
307,6.933671885884934
308,4.892469788852916
309,5.153921181284184
310,4.418887736866371
311,5.507554708603569
312,5.320025606990803
313,9.557529213855243
314,7.128098949024491
315,5.4774049362498
316,5.746620644484292
317,2.3676804348629275
318,5.476039064804785
319,5.245511318382013
320,4.133135816882878
321,5.596105838842351
322,5.35660012023767
323,3.6577222348259966
324,4.981898351712741
325,7.7187692300742246
326,7.4435983058278214
327,6.592250199090058
328,7.040535133968366
329,3.6973009757902346
330,8.926136538120168
331,9.254091257792776
332,6.852208058396121
333,4.737996652067237
334,8.746200162168487
335,6.70027317531829
336,5.787871618990165
337,5.364984921923608
338,7.628600538273749
339,5.13683641232445
340,7.001365153797954
341,3.8326622080560737
342,2.363583420473939
343,7.046351112473945
344,4.3972687550721545
345,5.714022973069506
346,6.080659448579734
347,5.688673012955012
348,6.079777640727936
349,4.539519215816226
350,4.15977383965188
351,6.512052597178152
352,4.464998437538074
353,7.274347039774094
354,6.311319512628737
355,3.458987835300621
356,5.6004531950327685
357,6.670928581112482
358,5.617840327832393
359,3.164125947126441
360,8.31445893605074
361,6.763694732304562
362,5.397106566616163
363,1.6535560305708707
364,3.1322355536860824
365,6.648559466301061
366,5.571001491929719
367,3.604119995952961
368,7.069612833151382
369,6.538270562547373
370,3.726538470715645
371,8.382194020047665
372,6.528548793956725
373,6.77453263216677
374,3.9914441755030614
375,6.34531284859572
376,7.716191012318745
377,6.060807558501905
378,8.139687477005292
379,6.475478347015359
380,8.700350250622803
381,8.808484423569606
382,3.263945984275697
383,3.883580491392125
384,6.741797215777124
385,7.838616834791464
386,6.602114966555691
387,9.197226070727089
388,7.782484892610343
389,9.761573228250455
390,6.228642302168396
391,5.360219307197825
392,3.5951289580565344
393,4.072180487072549
394,8.876144064760568
395,5.20606470497866
396,5.623146600413584
397,5.786948918355176
398,0.7036301667039064
399,8.599095214980737
400,6.741393939052033
401,7.602152049311331
402,3.4230382392249736
403,4.180661999584016
404,6.890548335070763
405,7.979230921337409
406,3.9757151145964307
407,5.626095063755462
408,5.724727076897867
409,6.160134760493626
410,5.2949673022439985
411,4.6924772922137725
412,6.758590839415559
413,5.646918584485086
414,6.331311103020028
415,4.832069525501027
416,4.928280631927593
417,5.2196900045305075
418,6.177240883613795
419,5.976681885819377
420,3.089893656849764
421,3.9253731375630307
422,6.565703664347202
423,4.4479848703567
424,2.895147344430808
425,6.27922360474288
426,5.0856418967279895
427,3.512074941792638
428,4.163671430528792
429,6.220641030995118
430,5.99874967998814
431,7.664694524992742
432,6.547994498327118
433,7.812227243966068
434,4.335654494097027
435,4.9244838697904365
436,4.434938649349069
437,6.430093303399343
438,7.386933795131947
439,3.720418683612435
440,7.804190354478427
441,7.875318548223255
442,2.7027999887768246
443,6.237167719497817
444,4.994151174282736
445,2.1525042465735598
446,3.8165816109458275
447,8.245417581579709
448,2.3134113481479535
449,8.816640070141968
450,5.995886145010376
451,7.687567039616091
452,6.923451140503561
453,8.534890893140968
454,5.285650492456677
455,4.621254260337506
456,7.790086442661829
457,5.096421789042832
458,4.862637521048411
459,6.44427264468064
460,6.782161360916858
461,4.067134529723475
462,7.386311536935217
463,9.097024937002782
464,5.090522430333827
465,5.535138985617131
466,8.261542707913279
467,6.591754779251353
468,5.385884629704575
469,5.08365690394937
470,6.335268703809126
471,5.821563321995268
472,6.981933822312881
473,8.718005202537793
474,4.011659883535314
475,4.3528495346297635
476,4.867864427080125
477,7.405332098479652
478,6.5616086768120665
479,8.127264904435664
480,4.453166735729671
481,6.414293089693423
482,8.309227437788396
483,4.483080720455693
484,5.8403292874986565
485,7.6982615577176485
486,7.448897317679872
487,2.3448098401316244
488,6.611913815935388
489,6.54259242117722
490,5.581756025469479
491,9.998882111484882
492,2.900402360789338
493,6.276618023752711
494,0.9665839770433025
495,6.29884966501434
496,6.937336710637925
497,6.850512470645145
498,7.5175249157082815
499,3.798762974074516
500,6.497368411541855
501,4.879779021600268
502,4.644139295031964
503,8.460750786472158
504,4.978249681494226
505,3.658820997890939
506,5.1704724798331085
507,7.459254536966308
508,6.573781740138072
509,8.404728134005769
510,2.567684818430307
511,8.514231016304711
512,6.663041221135586
513,4.04958878762063
514,7.048720981347964
515,5.1018219015297435
516,8.962095530340294
517,4.80531056616851
518,6.379180385975833
519,4.006620094725998
520,3.3344728983573733
521,7.84879606413906
522,5.690869582229997
523,1.6050353997004607
524,9.206234467781943
525,7.3470678909863665
526,4.73538447594253
527,4.475594126049428
528,3.5590495191147413
529,7.8390600814807865
530,7.643860808706398
531,6.237820784617127
532,1.9026346651280703
533,9.142900275121027
534,8.549758556165958
535,6.761679148401656
536,5.995615915375895
537,6.897427164506148
538,8.771370696248109
539,2.7176666011795043
540,4.464114414252286
541,5.363103718049094
542,7.198221799492901
543,8.383623908345623
544,6.775346953997297
545,9.645472027162196
546,4.7106581654228545
547,4.567244306096814
548,7.4145045679314325
549,6.3219040740464845
550,7.255981694994775
551,4.6167310601600775
552,7.247342306340964
553,8.916492877208825
554,6.678112795545779
555,6.495197433064047
556,8.137895832496794
557,5.651866541241652
558,5.638060222275728
559,4.472156768534358
560,3.1614171413319974
561,8.84863920482876
562,8.09336231315146
563,6.12660808198027
564,6.218093891411838
565,4.850493801040634
566,2.8652958294750444
567,7.691963859348698
568,6.426476626628244
569,4.575364830025974
570,8.499783557558931
571,6.256575362587857
572,8.539607918181234
573,4.832922547074392
574,8.954541683093513
575,5.715435253849055
576,5.057737516261647
577,7.660397099557919
578,4.538712662464064
579,6.753820500507113
580,6.115543255398379
581,7.029510440872011
582,4.248885798698238
583,5.0778159106980265
584,4.5395477942539095
585,6.610856871825045
586,5.969897141557694
587,4.531337103327028
588,5.589945287102362
589,5.6002278737608835
590,7.269321112372988
591,4.1270012511338985
592,3.209887910457959
593,7.298862103073256
594,6.100109444842945
595,6.2177602540975325
596,9.802054990723644
597,5.46776694396676
598,3.16050625738934
599,6.658763208422025
600,8.009668692080272
601,7.696754852745983
602,4.197253388854449
603,5.311846752711838
604,2.076654410196686
605,1.5870947314536807
606,8.399052507063043
607,6.457422426750621
608,5.32975554000043
609,5.720834738603135
610,5.91181750584696
611,5.162950386426084
612,4.8653755866238715
613,6.756165309415707
614,3.778134031076476
615,6.526727466322899
616,8.352714498702372
617,7.096081150935272
618,8.189301093403477
619,1.495330244467528
620,5.840162185211832
621,4.607353964908255
622,4.726507868211337
623,2.2563650499119565
624,8.016178667248253
625,5.578381847132005
626,4.870830369944588
627,6.428940242946391
628,4.679472294036802
629,5.550304501740593
630,5.219367558812203
631,6.647276094612797
632,4.040747066763318
633,8.485813901136606
634,5.880213794921226
635,2.7217633194958735
636,4.780816799219069
637,7.801963283729206
638,5.228043786453069
639,4.914283085121778
640,5.713224213334978
641,3.482215983011985
642,9.107335598106014
643,3.676574840083967
644,6.037868950181581
645,5.26185938958033
646,4.514908689528221
647,9.862986070748455
648,6.615362030718773
649,7.4434630171353975
650,3.1797995173873845
651,9.793388193723814
652,5.897215778013825
653,4.479035824125036
654,5.144577556025399
655,6.848544272796284
656,5.509659265444832
657,7.421615998151052
658,7.994173249483259
659,6.933894951427499
660,3.670095670794583
661,3.49077883943311
662,7.087534731617464
663,7.5537499684802425
664,7.34058247651504
665,4.834502515296857
666,9.30467081010016
667,4.534750844178545
668,6.281529278923235
669,6.548899435276129
670,8.267891652279772
671,5.076941322426168
672,7.094649687992633
673,5.25395525684059
674,8.174504658325777
675,7.024836794823571
676,8.258375824191244
677,5.7997302953685
678,8.363204773537506
679,3.8455969133115935
680,8.012864916385778
681,2.3881339386516345
682,5.6493225505505
683,3.443695138000303
684,8.62488422279149
685,3.4440934037620687
686,6.692531186910136
687,5.391820556962222
688,6.256023075066736
689,8.76938183908609
690,6.627435772667221
691,6.848024833819677
692,5.599558457109564
693,5.128048101423258
694,4.929395851827797
695,8.458794710017832
696,5.825011774387318
697,7.134318660141756
698,6.329388521049955
699,2.454369083110141
700,3.7295348808221847
701,8.728778682368565
702,4.589169252806995
703,4.283783989690782
704,2.3014665703103185
705,6.91304189883014
706,7.823279233570878
707,3.413115245410895
708,7.08974595076878
709,7.637211408071913
710,3.8444933640573096
711,7.980886602044821
712,8.025247518603683
713,9.246906137991447
714,6.769589410635698
715,3.9461418837327384
716,2.4015890582784536
717,4.055356475616026
718,6.713998993918426
719,4.892965918391674
720,6.163636323447337
721,6.277620157426783
722,5.899483045401972
723,8.173624911590395
724,9.800041362734273
725,3.518478114059542
726,6.085340413907867
727,6.877758976049525
728,6.39721011118362
729,6.250147889089055
730,4.698342197134892
731,8.220807654578664
732,9.477036872447613
733,3.9288368253395825
734,2.530532558033744
735,7.6850709296823965
736,7.512676721240998
737,5.595790703239677
738,5.118161431453082
739,4.765308532691307
740,4.66566131848553
741,5.556505322141736
742,8.01184155919849
743,7.348172537029036
744,7.626133071113273
745,4.767872035978106
746,2.821053954840781
747,8.732015371818132
748,5.516937816200085
749,8.13961821582448
750,6.250640346287671
751,3.76237481721952
752,7.791358287048089
753,7.532594550644096
754,4.704057456083427
755,6.709545277282151
756,8.100426315833424
757,4.201924223502589
758,3.1412544511968683
759,4.271370690077333
760,8.196709760089197
761,5.413445957087447
762,6.333024700429241
763,5.520067903057912
764,7.027800993748963
765,9.112462703111074
766,8.47208706127927
767,8.083151399447953
768,3.200576660811776
769,0.8471559007407343
770,7.231909363263185
771,6.46640800225712
772,5.0243977219369595
773,6.624945793328007
774,7.038107161023919
775,5.129396850625644
776,7.073294006061415
777,5.541263764897566
778,4.349431736972209
779,5.711926879633062
780,4.302573535904498
781,7.151790362798524
782,7.770798232323573
783,8.57121042958379
784,4.222012084011382
785,7.619462154577353
786,6.276277237265957
787,5.386231716447497
788,6.9249329107693525
789,4.177646790594302
790,7.384237908930183
791,5.838794055238764
792,6.0165886415886085
793,8.030843407583657
794,8.494512849207103
795,5.906394446682806
796,4.96662926789534
797,5.205755640764319
798,2.5521848577623603
799,7.189951931858543
800,5.942912280723785
801,5.081177975184374
802,6.797363502180301
803,6.591033489182846
804,6.21941436717171
805,5.7552459139448855
806,4.579991148530292
807,8.080779431935108
808,3.371803839836184
809,6.437073147855166
810,5.41463438415005
811,8.794686059764143
812,9.126364621085225
813,5.7672352537567875
814,7.097439877998954
815,3.377224003442058
816,5.819813499664001
817,4.149140045651771
818,2.4526291186942055
819,5.261256481269017
820,4.951055245992853
821,7.115739458614354
822,5.924450922139921
823,5.782215500086704
824,5.379646971604285
825,2.89600661882071
826,5.575788991086876
827,4.66719928112486
828,7.30081407362299
829,5.694292206592123
830,4.367254875448621
831,5.1878019859741435
832,7.778459302499256
833,5.298844384877765
834,5.907341898988196
835,8.906176117774029
836,3.4219706339937135
837,6.777861535467285
838,4.602040512234596
839,7.023196297396703
840,6.681589675776816
841,8.321011722199739
842,8.26723451218432
843,7.187585987544599
844,7.260376339856802
845,4.061293582092405
846,5.214992854073026
847,5.358551220451842
848,7.345175370213634
849,3.4677349972740275
850,3.2274716849403076
851,8.196345444689737
852,7.286202289368907
853,6.269723885699586
854,7.484994118138035
855,9.989002159935648
856,3.682299173651413
857,2.559739536246221
858,3.2878647928574454
859,5.3887435401677735
860,8.112401423459582
861,7.032723702275651
862,6.323893244517054
863,6.079490234474567
864,6.566435304034658
865,5.097204955130178
866,8.92703384006752
867,4.176182908071388
868,4.177660735679581
869,2.824470688259333
870,6.26736791368066
871,6.751776889792867
872,6.607915679805307
873,7.412092934029832
874,4.100419142310679
875,9.52457906981344
876,3.890265393481749
877,7.426307840108987
878,4.576810728580126
879,7.676477629394388
880,7.197030956277146
881,6.552357455635592
882,7.910139772668569
883,4.977071920714807
884,7.892098775083227
885,3.5470190286939287
886,2.5075218611491357
887,3.2354911468835668
888,3.8642606204681464
889,5.219594205049103
890,7.721773192013741
891,6.321148763440025
892,7.051011824496996
893,5.576564239117873
894,6.71065075030446
895,6.376735097550564
896,3.9191837455249234
897,4.635162580150953
898,5.012439309179667
899,8.526991139636664
900,8.792113344178912
901,6.947272275795241
902,4.568363024537237
903,9.34870216196328
904,1.1520832233239695
905,4.943544933869698
906,7.737083674565824
907,7.678979841041604
908,3.9940247252810126
909,3.9636450396157263
910,7.060168073402201
911,2.618351896577205
912,9.631679310688435
913,7.473605293630752
914,5.62250328633497
915,5.379342895872219
916,3.482807264522249
917,5.747380947250187
918,7.048624850067486
919,4.708862026643236
920,6.372105292554904
921,7.1003109293953965
922,7.082876657547888
923,6.997721168796476
924,5.140691436831834
925,8.375023356614156
926,8.27137845048315
927,7.851286850624736
928,6.194603971859879
929,8.560209087440958
930,5.540610345980565
931,9.454187168494887
932,7.487795576428907
933,3.98597059802992
934,3.0792109749859358
935,2.997481782746846
936,2.879025264264809
937,7.842927155938392
938,6.8482326202349
939,7.202567393410935
940,3.5929134044541167
941,6.904088721578086
942,1.9647404673987192
943,9.443949959575104
944,5.969926700110369
945,7.914744947236072
946,7.505954440405975
947,8.100100675891387
948,9.627295415562296
949,6.241797553885308
950,7.23318485051215
951,4.696557077243169
952,4.369202486820983
953,5.53909311310596
954,4.186570165898021
955,6.062647038520367
956,6.7213014880382485
957,4.358479729967431
958,2.5665899822615925
959,3.8766033315564643
960,4.302709183183613
961,7.704492852168791
962,8.508878156040575
963,4.314847687484724
964,7.807073268676524
965,3.0466240421103565
966,6.346622301374019
967,3.9724199491469134
968,4.973711321749102
969,5.581159002651962
970,4.423149874716131
971,5.641596071524942
972,6.41783192525116
973,7.280643205249801
974,4.27988952577538
975,6.917867991612098
976,5.1152349709023595
977,4.614891108258032
978,8.2015266409017
979,5.568688363728368
980,5.376520428839686
981,7.9106058920680535
982,8.92152829149996
983,9.261161185120416
984,6.1730895371623244
985,1.854727306382852
986,8.121445987216202
987,8.624419448201877
988,1.6718206852179922
989,4.091742750348692
990,5.061083719551086
991,5.612421035136196
992,4.451837697600275
993,6.6408305072751475
994,4.459212209489432
995,6.912133378109951
996,4.434204716374849
997,7.8698023640145065
998,3.968361185237775
999,4.666489466759076
1000,6.095372511369314
1001,5.067203881892109
1002,7.519661154940236
1003,6.926162817594093
1004,7.716886471565776
1005,5.071252590847914
1006,4.258412863624155
1007,5.592522908907815
1008,7.352450127715002
1009,5.0277799435327735
1010,6.453344795587176
1011,5.511526919864715
1012,7.429991467088688
1013,5.949425784931309
1014,6.566414820840519
1015,7.60731953538419
1016,8.71045405218904
1017,8.162125782876746
1018,9.546108877289537
1019,6.221738575971708
1020,4.938388819762615
1021,3.696131558715122
1022,4.363429833806894
1023,6.8918209673917215
1024,5.04963108409007
1025,6.314312249009618
1026,7.6373196960304455
1027,6.794748089554384
1028,5.407017195150404
1029,3.3252902103002286
1030,5.645632562229837
1031,8.16036006234545
1032,7.656527682563327
1033,8.450013811768116
1034,8.104570566499119
1035,6.552195388843221
1036,5.128256714451296
1037,8.061575194416045
1038,5.310351456968448
1039,8.189851113137305
1040,7.810096152416074
1041,6.148205616733702
1042,5.785493433571533
1043,6.472703520749509
1044,8.577147370677483
1045,5.625410252205123
1046,5.00199921448546
1047,6.69384199423498
1048,3.5037446161317183
1049,4.527522974077639
1050,6.947555444283788
1051,8.594210222332723
1052,6.322187669942091
1053,3.54034787182209
1054,6.008364467254379
1055,3.224635661454033
1056,4.3504102575657955
1057,2.762985392670154
1058,7.753777304054745
1059,6.572007567388904
1060,5.085754191426098
1061,9.128511175664645
1062,7.234167194597869
1063,5.012609832981046
1064,6.043599089837363
1065,4.997419521072335
1066,5.399154790274681
1067,8.308485765618324
1068,7.711597983162943
1069,8.67149830039446
1070,6.229737496593737
1071,9.669142693774667
1072,7.20237600169567
1073,5.818471810907317
1074,9.18516208486934
1075,7.587803901434645
1076,4.369308790410649
1077,5.658533874570965
1078,7.489462745390563
1079,4.195822807221235
1080,4.284583640207481
1081,9.998568653824545
1082,6.690505444755674
1083,5.114564044003634
1084,3.299280378682167
1085,5.02045445033971
1086,4.11802975913547
1087,3.978678507169053
1088,3.088426962884575
1089,2.551623421173539
1090,7.710643595834227
1091,3.7035405120464553
1092,5.361365719467807
1093,6.69662610009637
1094,6.450510980474872
1095,6.184861726286968
1096,9.126218856459616
1097,5.868187747727646
1098,5.200077368710139
1099,5.879098580987451
1100,5.304288922414544
1101,5.774103595069526
1102,7.325549034460292
1103,3.860230158968257
1104,5.3154062788347325
1105,5.924777320788932
1106,5.414768572336823
1107,8.35035769642258
1108,5.6539224595835575
1109,8.421173024135173
1110,4.415147884300452
1111,3.5726991826401857
1112,4.259976071262212
1113,6.9218668502843546
1114,2.9025687913461966
1115,4.883556793294392
1116,2.1841916843650315
1117,6.024799124884138
1118,5.828568580292817
1119,9.561902832632937
1120,8.530325192042906
1121,8.450693878959948
1122,6.722643069385879
1123,6.75862976403519
1124,5.558897499261265
1125,3.447009435561987
1126,5.521936945141829
1127,2.668059287293867
1128,8.090108007338934
1129,3.150916888869051
1130,5.970248349868031
1131,3.0354038999622115
1132,6.6720318840846975
1133,6.334937761911347
1134,3.255964656724457
1135,5.583325920154929
1136,7.364273973116769
1137,3.8801204997348497
1138,4.075862527649319
1139,6.935466360261559
1140,7.316890569973791
1141,5.0658809811944145
1142,2.4502047183182456
1143,7.711681455749556
1144,4.301904281045427
1145,2.206592516406828
1146,8.369567639437628
1147,1.5956224875314402
1148,3.3168804085020724
1149,5.469430764483052
1150,6.254507065203752
1151,7.839815316613807
1152,6.441493339395355
1153,5.228734177212921
1154,4.04731603098674
1155,4.981916704590442
1156,4.993503849079587
1157,4.918545962270784
1158,3.6774799815192454
1159,3.3926253167256113
1160,6.238535308895765
1161,6.724919576261092
1162,7.28729519662726
1163,7.303942834077167
1164,4.737670555086844
1165,7.567704296919461
1166,6.984056985079289
1167,6.870799477432034
1168,6.2200584371314385
1169,5.763299552719387
1170,5.929996138032785
1171,5.353170426178215
1172,6.677889926628015
1173,3.839297612707071
1174,6.914973236298946
1175,3.915173669215349
1176,4.070080022213218
1177,4.83290370825532
1178,6.22007512442173
1179,6.892304770955218
1180,3.4306674104322155
1181,5.7244080927481
1182,9.702617722950013
1183,3.306407381671164
1184,3.9044225526627527
1185,7.291180756006952
1186,5.183978893853854
1187,4.538548338526673
1188,7.628249274554451
1189,4.724281892777789
1190,6.948337372343981
1191,3.4842989508211075
1192,4.871443996034193
1193,3.956943601386557
1194,7.525185509663901
1195,4.000331872838313
1196,2.2500278519087304
1197,7.808616808920419
1198,4.599594803100759
1199,6.510323467980216
1200,3.1302368937112965
1201,6.151432784001123
1202,8.615673483272383
1203,5.336852589188473
1204,7.629526534288969
1205,4.890303769779786
1206,5.662591784282908
1207,4.19814619136862
1208,6.251073047861482
1209,8.073029867008518
1210,6.634212709305241
1211,7.820359927555333
1212,6.0550836284739775
1213,8.723176205713845
1214,7.269082850692667
1215,5.587692389248054
1216,4.136394088591612
1217,7.38059153139142
1218,3.3538720477845407
1219,4.592792890505728
1220,7.753939119467539
1221,5.927260927161899
1222,7.005059988706786
1223,5.088343890595918
1224,5.067530807842566
1225,7.3743563684368025
1226,8.704901235983415
1227,7.021457117565089
1228,3.561564634070875
1229,6.839949373840396
1230,6.977359907942985
1231,9.998545421616575
1232,6.393135321270548
1233,8.024131353534962
1234,6.4796700684789
1235,6.672296405788221
1236,8.379309013696645
1237,3.541411157329376
1238,7.826474453708163
1239,3.7105723070395142
1240,7.4863197814228455
1241,5.813718546381063
1242,5.878952326123637
1243,2.654725086310088
1244,6.796462038408665
1245,4.663819809907236
1246,5.464235638318671
1247,5.329325832367873
1248,4.531014654305799
1249,6.466439958668518
1250,4.852640272221285
1251,8.370274701303234
1252,5.578630862890286
1253,9.073663621633818
1254,3.604061013258711
1255,5.360168044419576
1256,6.715313742716427
1257,5.4963077041089266
1258,4.419563626403412
1259,6.553303857441897
1260,5.911335781529314
1261,8.98294073030657
1262,8.258382620370543
1263,6.052197760449862
1264,8.125729247170959
1265,6.732665436380657
1266,7.513503889566962
1267,9.11879790874855
1268,8.087168025825735
1269,7.350599026553846
1270,9.618979165000443
1271,6.170369091107022
1272,4.387972905907251
1273,5.281364714566831
1274,7.210612139107518
1275,7.94538423137557
1276,5.4615527547901905
1277,1.099385568041231
1278,5.473457339312953
1279,3.6369548464912915
1280,5.695417154014437
1281,4.67312116118467
1282,6.115112166725091
1283,3.3114606620240914
1284,6.184486923566631
1285,6.0187850871667665
1286,2.5880040082010196
1287,4.9396299356852955
1288,6.285647322672043
1289,7.70264205995845
1290,3.102977273888697
1291,8.234711728402198
1292,5.590485815131684
1293,4.840495360372906
1294,3.5230404592969733
1295,7.325127868604755
1296,8.119912218246537
1297,4.565009010025523
1298,2.7589020350530826
1299,2.8050664479141476
1300,7.790081530519276
1301,7.263723878156552
1302,6.096307153503355
1303,6.600398062719992
1304,3.9916300183449964
1305,6.97427697205007
1306,3.8888582151094675
1307,5.214426400139669
1308,6.053220560957094
1309,5.748244319230514
1310,5.137362766476221
1311,1.5796873668759293
1312,7.032502933008307
1313,5.228145349625327
1314,7.655390616341171
1315,2.5555961590551775
1316,8.665987253406081
1317,1.8981509746408978
1318,2.6163517908142944
1319,1.9421141244216282
1320,7.680278604969215
1321,3.859052110189515
1322,5.055004605269075
1323,6.252919763470091
1324,5.821431139573795
1325,8.606511100018082
1326,8.675284881930434
1327,5.425902068855388
1328,2.509603738339876
1329,6.855185898559715
1330,5.556022508140454
1331,7.29464250585041
1332,8.150915681350963
1333,7.568531399334428
1334,5.802322704965515
1335,4.855153322910926
1336,5.94574306631758
1337,3.2475293760245902
1338,4.59234330311335
1339,6.508770816360285
1340,6.316663558126185
1341,6.181839484389042
1342,7.348592079956042
1343,4.652584509518393
1344,6.3611556466732395
1345,3.458132349963722
1346,5.403532702766925
1347,7.009793217538771
1348,3.7950674354635177
1349,7.178081656451374
1350,7.164360075172221
1351,4.022725824336859
1352,6.771807042051506
1353,4.773629029527122
1354,6.814010353111273
1355,7.074839584131436
1356,4.498602353605184
1357,5.714360185523413
1358,7.59911623510296
1359,5.638452159893849
1360,5.0400086554604
1361,8.464428674031996
1362,8.551712266742628
1363,4.106397930552865
1364,7.162136477581801
1365,4.3578693243052955
1366,5.373257764971752
1367,9.623471897447335
1368,5.963350777587559
1369,7.752795245702986
1370,5.036192940578103
1371,7.606711814606113
1372,4.87373566889202
1373,7.387174898102712
1374,4.608313297257053
1375,6.992650815981989
1376,7.353734427137281
1377,5.4913373001946235
1378,5.8158529716879
1379,5.88134111612983
1380,5.461189712652066
1381,1.94319845321438
1382,9.214729416913837
1383,3.476308257836526
1384,7.3547875835934935
1385,8.002464171341543
1386,5.4780836632616765
1387,5.241276026616321
1388,6.656335835464961
1389,6.406177827278365
1390,4.644463895266261
1391,4.762791243611714
1392,3.8845822630892455
1393,6.289292772545517
1394,5.094368830180933
1395,5.047492206670908
1396,7.063264441109164
1397,7.320789699551353
1398,7.404714545708498
1399,4.97568431793116
1400,3.6478659715894537
1401,4.792316270296137
1402,7.814855125550882
1403,7.654947363008093
1404,4.8383703034076175
1405,6.296520891982942
1406,5.058516839283013
1407,3.082986315485021
1408,5.047600249539457
1409,6.3032349767634175
1410,5.704375046232067
1411,8.332144475157952
1412,5.159776584835827
1413,6.392333624903926
1414,8.637377563264867
1415,9.08287455218485
1416,4.467112935639507
1417,1.5095183416458078
1418,6.337807111103642
1419,6.279438750704553
1420,2.8121178741672135
1421,7.833261071020696
1422,9.076009317276334
1423,7.112879021047294
1424,7.576227285966091
1425,9.228715752370748
1426,8.119723257826182
1427,1.6408070986361967
1428,2.941830607017455
1429,5.303572554566381
1430,3.073012371537124
1431,7.187509685866589
1432,4.774008338535362
1433,7.934295207591544
1434,5.2794526634929095
1435,7.691544126535834
1436,8.70725913210283
1437,7.63514169083859
1438,7.94534466690658
1439,7.180919817886815
1440,7.801002953615855
1441,4.96508750292901
1442,7.334374133080013
1443,7.0893002529014435
1444,1.6641857560930955
1445,8.88694308707374
1446,6.430941658817123
1447,6.6570251238982125
1448,9.022077954754655
1449,5.728142818461932
1450,8.106495610597467
1451,7.380104865495829
1452,6.959923607663569
1453,5.995951236195405
1454,7.398043851773879
1455,7.308709137239528
1456,7.572523695186227
1457,6.560379263811109
1458,4.612341352025885
1459,8.16346865927188
1460,2.425778292416392
1461,6.365904493350453
1462,4.172510341383206
1463,3.393179028096001
1464,4.687137327417562
1465,3.5957802683407714
1466,7.25157122536246
1467,6.56353299910238
1468,7.092845668798186
1469,9.006225633099062
1470,2.450415556124166
1471,6.1817103985166995
1472,4.009223415196818
1473,8.170475487951633
1474,5.15701673371227
1475,4.581796706741186
1476,7.8588887947340895
1477,6.615020753591571
1478,7.353843037533499
1479,3.811701615068116
1480,7.074786161026419
1481,7.084969388489286
1482,7.103252605188585
1483,4.824898674532429
1484,4.634128896409685
1485,8.12835946835305
1486,1.624555757602313
1487,3.0340463629058028
1488,2.2435079344949833
1489,4.385934437257636
1490,4.369428886847868
1491,6.841264517177774
1492,6.258644251439987
1493,8.900678027509947
1494,3.6603526635854577
1495,7.917084556453344
1496,4.9640886186418145
1497,5.282769547677972
1498,6.494334768628896
1499,4.542269456974424
1500,8.424351777680233
1501,6.1340823031746465
1502,7.1472523094021
1503,5.787042010506818
1504,5.271370391662086
1505,4.181010626293206
1506,7.373897726748657
1507,6.926805480998342
1508,6.261453197794997
1509,3.202950731738236
1510,4.7047389235823
1511,8.011826973374866
1512,2.5729469848937967
1513,3.408596377371586
1514,8.561080704888791
1515,5.768014334582315
1516,5.420212357736835
1517,7.588723385314613
1518,8.230548913800572
1519,6.236379775531501
1520,5.172207148055152
1521,5.078528374663397
1522,8.038634243528078
1523,5.77290499217919
1524,2.940657271553234
1525,3.741525678982481
1526,9.059209059613313
1527,3.9525653848606908
1528,5.971880090498111
1529,6.932357019050085
1530,8.233548492661168
1531,4.923742318346834
1532,4.1289317441752145
1533,6.32163192227304
1534,4.515242749647483
1535,4.975536510498656
1536,8.867867998911958
1537,5.177613851808543
1538,6.983187524416046
1539,4.627684975634881
1540,6.683347799012916
1541,6.478416321121175
1542,6.926561879077793
1543,8.802816701234988
1544,6.635584547782123
1545,3.6642057286688385
1546,7.539892386552263
1547,4.829286523114136
1548,7.630929235211033
1549,5.961217688808946
1550,6.192368688800876
1551,3.194318604626376
1552,5.667724865809691
1553,4.335288543397356
1554,5.863933104620871
1555,5.635898386424931
1556,7.868881109536156
1557,7.445157782627982
1558,4.36962302637194
1559,5.479249763843589
1560,8.029618663899857
1561,5.23673784403852
1562,7.908698509664054
1563,5.433694325362725
1564,4.586718844498431
1565,4.863181838337782
1566,7.585583353640016
1567,6.471762744359504
1568,5.222060333888621
1569,3.393935306754168
1570,5.196424862804873
1571,5.461060190121971
1572,8.793977992485342
1573,2.7540583675216697
1574,6.502517450953064
1575,3.9467425501348314
1576,7.129291078938332
1577,5.404434942844546
1578,7.564571931227315
1579,4.052261744503984
1580,7.342281013260052
1581,6.806355900577524
1582,2.437253077066859
1583,3.0902829371781046
1584,4.8158446296473985
1585,7.161458802728475
1586,5.211643358906484
1587,6.860992970138152
1588,8.188093916239268
1589,5.56152674354956
1590,5.1613732468853275
1591,8.43851211333479
1592,7.598993610078108
1593,3.644667710618701
1594,4.407293812434584
1595,1.4226609470776828
1596,2.6533775336756396
1597,5.374602648813389
1598,6.983719678660533
1599,6.346739001646273
1600,2.652554541230792
1601,6.385037595435888
1602,7.474947533801173
1603,5.598741710115608
1604,7.616742191456217
1605,5.8848582227927135
1606,9.469507531951164
1607,9.197944103301191
1608,5.261323165890488
1609,5.461325099640733
1610,8.410009642038867
1611,7.600879198212569
1612,7.631425374761136
1613,6.845635181600793
1614,5.322131577397531
1615,3.222158798272074
1616,5.609353712983162
1617,5.979591987386382
1618,5.618238259516799
1619,7.3928430701478955
1620,5.952634247824607
1621,4.652115393661269
1622,5.235487887044058
1623,7.405034099785749
1624,6.438104637629641
1625,7.2708524478921515
1626,7.858957835507783
1627,7.858249751973351
1628,5.541801045011335
1629,6.76171801374287
1630,3.9902124184567453
1631,9.818024820817289
1632,8.185908729026693
1633,8.91284787001184
1634,7.550715674080058
1635,8.533661241956128
1636,6.085493171570954
1637,7.639542313688676
1638,7.791013268539453
1639,8.321085081057054
1640,5.1890582051207845
1641,5.468144274387015
1642,4.7852758816142345
1643,4.885375928069662
1644,7.150416742962767
1645,8.043234002469386
1646,5.807982136908559
1647,6.364975951380579
1648,9.03475189805738
1649,4.67419332928649
1650,4.676475407813096
1651,4.17997036439059
1652,8.18531914222498
1653,2.9704747498730693
1654,5.698651349869246
1655,6.91453167121372
1656,3.5485218627279593
1657,7.361434322876391
1658,3.696670322449003
1659,6.318930886566373
1660,8.731777822919693
1661,7.575163224015165
1662,7.1760671062717405
1663,4.479819619138934
1664,6.3973472378374066
1665,6.226939180859036
1666,4.863617538234235
1667,4.106974653140405
1668,6.710225582782961
1669,7.016794490317315
1670,6.748351709564351
1671,3.683554598156408
1672,4.011584668811297
1673,9.69459905258332
1674,6.468797237929034
1675,2.5303275942852737
1676,7.721221126827094
1677,6.050467270056211
1678,2.9489401539016256
1679,6.1512938791640455
1680,3.4880307194190516
1681,5.768508131201498
1682,1.646634419651098
1683,7.4776151165301075
1684,7.07623924828283
1685,7.714388874312395
1686,4.503095845750791
1687,2.2412925143057087
1688,7.2417491753220755
1689,7.1331984121098415
1690,3.4846131369501676
1691,7.4553369182784675
1692,9.30145788625354
1693,6.835317690527295
1694,2.9406832880063414
1695,3.123108654159727
1696,6.018668268194337
1697,6.0928486564074875
1698,6.702648685943954
1699,5.049547352948228
1700,5.180453525860528
1701,4.522879372432267
1702,4.062105828775488
1703,7.444815443464799
1704,6.802779231366391
1705,5.663517858685466
1706,5.455515585241519
1707,5.0922338467659625
1708,7.544321727688489
1709,8.396242540960914
1710,6.293200644618979
1711,7.349454294196285
1712,5.741657503959493
1713,5.381456342923601
1714,7.853346179523203
1715,8.714120292900418
1716,6.216920825702868
1717,3.3944963663864285
1718,4.6982651156671595
1719,6.835353838945378
1720,8.558077920538036
1721,6.68231290260062
1722,2.304488732868937
1723,7.3075466808926866
1724,3.224434094517428
1725,7.824107378234013
1726,6.05006335006013
1727,3.5061341044953607
1728,6.415885529405301
1729,3.907655199854606
1730,4.531350678326999
1731,7.185148182064713
1732,8.01405007116088
1733,6.180781960395315
1734,5.265123082808852
1735,2.424938645353906
1736,8.292158786307617
1737,7.6526081670203965
1738,8.738484687113196
1739,6.603853599338578
1740,7.342194338471297
1741,3.1474289251763126
1742,6.72244745234452
1743,6.8067214772944835
1744,6.604518356924902
1745,6.4392044926391545
1746,6.753761431327817
1747,5.623146004124132
1748,7.622212122371846
1749,2.2009158845028614
1750,6.381920427870398
1751,7.083858288914054
1752,8.081302141903844
1753,7.2226793883805005
1754,6.794915490970283
1755,5.567594180276439
1756,6.516740491314249
1757,9.558568708151144
1758,4.9728546776414255
1759,5.34716419393729
1760,5.230839473551537
1761,3.351932516950491
1762,5.015151013638848
1763,3.5775485690987474
1764,4.302863721754169
1765,5.403639166301884
1766,6.414182185398087
1767,4.046664597862078
1768,8.110133327561893
1769,6.30415536339462
1770,5.934963681660091
1771,4.559226739929942
1772,5.315614957455621
1773,4.26457339811998
1774,6.894135210104582
1775,6.779798593594239
1776,5.052818831797123
1777,8.396781993750105
1778,6.005056415710205
1779,8.18754405274182
1780,8.226759200589969
1781,7.423285156598901
1782,6.957065031776663
1783,6.229570760356237
1784,6.941941654464931
1785,3.733891827370735
1786,4.853199214177096
1787,2.715387477418303
1788,6.005752699923772
1789,8.492679669655962
1790,9.06370645921759
1791,8.126975505984532
1792,5.620081780609199
1793,5.15538970379111
1794,6.502349984480963
1795,5.419242745043195
1796,6.755831735488961
1797,7.866905431514577
1798,5.262832270925219
1799,3.575198576059776
1800,6.609007918547905
1801,3.316475942367513
1802,5.298399672055665
1803,9.25252948879336
1804,7.127851885349841
1805,8.716141158679012
1806,4.5002580005863475
1807,1.5146060062548377
1808,5.522947654903097
1809,6.259974052091017
1810,9.222262779322454
1811,5.075605233751589
1812,7.035204324915341
1813,5.773390208782017
1814,4.685287199730186
1815,6.666861149674642
1816,6.504306500510973
1817,2.1363049123842153
1818,6.866252595321408
1819,7.459599714702273
1820,7.085636466639893
1821,8.200686764001386
1822,7.131000588626709
1823,4.756332353579163
1824,8.198180894671285
1825,5.838849092324006
1826,5.913424473529885
1827,9.357519014532036
1828,5.714523244532126
1829,3.414285511049313
1830,4.215789357217572
1831,5.920348676290237
1832,5.462157285352593
1833,5.630938529813808
1834,3.9306657683466293
1835,6.5816966829653225
1836,6.952601841465828
1837,3.0758844114792194
1838,4.9789873991834215
1839,7.301438530738039
1840,7.272333017262355
1841,4.642231382341635
1842,6.3208040606947415
1843,7.559290498590981
1844,3.2399051467909556
1845,7.560517774896378
1846,6.438756423779148
1847,7.945398965009693
1848,8.315623954507696
1849,5.321190942201303
1850,5.37610039141871
1851,5.539917403257758
1852,2.155260248129892
1853,4.648060784275609
1854,5.180425750767606
1855,6.4568834680046425
1856,3.1662466602049966
1857,3.708928413122858
1858,3.1841588328580124
1859,4.574409795404085
1860,4.818044694174823
1861,3.925167607055857
1862,8.049994169060271
1863,5.417426173359501
1864,5.681502622330633
1865,6.319261087988237
1866,8.699724462048817
1867,7.297565433452732
1868,7.469074521346149
1869,6.654570704655201
1870,5.0888066207284215
1871,3.8356068391527622
1872,5.790717133181218
1873,7.1045551293584115
1874,1.0334343267848998
1875,5.892016639185617
1876,5.681956951428157
1877,6.813864562912542
1878,5.313680647674359
1879,2.9702453733888015
1880,5.645413942884701
1881,3.5194193612677203
1882,7.553569672446554
1883,5.4215242208693635
1884,9.51679668864839
1885,7.561828737742722
1886,3.8673674983219852
1887,6.632439221367051
1888,4.245448156138142
1889,8.25170731819162
1890,5.1944109177164774
1891,6.568448650538852
1892,8.479000643383053
1893,7.82929771996711
1894,6.86209721886182
1895,7.329811507540407
1896,6.650103240681124
1897,6.669882673506235
1898,6.254228672158171
1899,8.95924860750193
1900,7.422882730232854
1901,6.585724913827581
1902,5.51078245546177
1903,4.239517006041255
1904,5.73103905717465
1905,3.6249999858844903
1906,5.152082439273803
1907,4.838613329455835
1908,7.4466926312635895
1909,5.840775732813049
1910,5.933314205238383
1911,6.346452831291895
1912,7.115097521598567
1913,7.000978427084344
1914,7.369565798987365
1915,2.333266506266953
1916,3.6217881340968483
1917,4.022673815896494
1918,7.06781638105717
1919,4.387893205203727
1920,7.5228819933012385
1921,5.73863500415384
1922,6.0078517268548595
1923,4.936369872447793
1924,8.05611622683725
1925,8.251544673511944
1926,6.7802220738022285
1927,5.237783194959508
1928,6.675911599504673
1929,5.409181521200193
1930,7.771954650274947
1931,3.080552560786199
1932,7.829028784526564
1933,3.807707586546924
1934,6.4279610692022855
1935,6.1848682212645105
1936,2.771958723878845
1937,7.578878366824239
1938,2.091884602522293
1939,5.368029182182229
1940,3.521325142626948
1941,4.730302305891563
1942,4.076950577202818
1943,8.533419807801957
1944,2.0778760912348555
1945,4.399858723524699
1946,8.153002469605358
1947,8.579105595634648
1948,8.251798358823049
1949,6.827559426119963
1950,1.4906556213598952
1951,7.0694790955971
1952,8.512299140191155
1953,4.550628668307014
1954,3.8421730481725858
1955,4.838961249913046
1956,6.608770549972488
1957,3.5831317086149426
1958,8.076967156613643
1959,2.3692032059100137
1960,8.85649073334911
1961,5.868333401437381
1962,4.28992233772855
1963,8.396546934679048
1964,5.401020714877167
1965,5.2054311981851304
1966,7.963291993258262
1967,3.9252895466625857
1968,6.671282441725232
1969,6.815583841750252
1970,5.401106346142498
1971,5.753501297877778
1972,8.444074321114831
1973,6.920307252694191
1974,4.63200185250468
1975,6.37180810808661
1976,5.605223217626947
1977,5.909993624822343
1978,7.853655625201123
1979,7.141521496888257
1980,5.653954933421993
1981,2.1544836799553413
1982,6.269386373744313
1983,7.02889662719552
1984,8.965373536625224
1985,3.9529251100315896
1986,3.3447252024613525
1987,4.081588275785634
1988,7.37982365089749
1989,4.047310084153295
1990,7.718078723985177
1991,5.744119820045251
1992,9.097822008910331
1993,4.157808196650314
1994,5.647297044659206
1995,6.10643374146928
1996,6.548762954782558
1997,8.999808594014386
1998,4.702317623384155
1999,3.744152851368038
2000,8.707987378216782
2001,4.095749127386604
2002,8.644991956726255
2003,5.289315406123556
2004,6.201731857178343
2005,7.529832411788616
2006,6.973104967601609
2007,5.037540858584314
2008,3.7309550638347466
2009,3.1956616858859994
2010,6.688505219898829
2011,5.8982409859765985
2012,6.498765607352328
2013,8.65105584049411
2014,5.596684495975646
2015,4.166295224329845
2016,4.123454764099105
2017,4.648593592019116
2018,6.593378711001802
2019,6.8854420101153595
2020,6.958885248011912
2021,3.555571808181231
2022,6.950260591956402
2023,5.45850996860921
2024,6.288003366201794
2025,7.718998037591445
2026,8.187236161155345
2027,7.430919149755044
2028,3.0541089173646703
2029,2.153120887829211
2030,7.959111714145777
2031,3.845985436284245
2032,8.686415504317889
2033,6.653525836794088
2034,4.2178355727628265
2035,4.7350747504591695
2036,7.635699845959666
2037,5.692570265047003
2038,4.060217760703177
2039,7.099894876525352
2040,7.609530249371071
2041,4.581225830552237
2042,4.943125454418497
2043,5.631811998801293
2044,5.90224765477403
2045,5.805936593787456
2046,6.6446099082102394
2047,6.893541075353161
2048,2.784594229487168
2049,5.542150077257318
2050,2.127726941964867
2051,5.165068286132129
2052,0.8616672773574898
2053,5.168936781709212
2054,6.618940180530194
2055,6.741291332072704
2056,3.751751177057815
2057,6.941602457306109
2058,5.435775332773376
2059,7.152247369366227
2060,4.6482239229069675
2061,2.889039904764795
2062,4.639999011281407
2063,6.583023270348325
2064,4.801583492241934
2065,4.564751054889429
2066,8.918641540183263
2067,9.935648077518405
2068,8.398651007969764
2069,5.0870996390298435
2070,6.232932140646431
2071,6.565719858285908
2072,4.331957805880137
2073,4.537089996926694
2074,4.153995843495126
2075,3.922986533989227
2076,3.5965010380324514
2077,5.60535574574891
2078,5.012374632833533
2079,6.866828484022345
2080,7.560695323476547
2081,8.84771812631175
2082,6.1193991886752785
2083,6.234498623550245
2084,6.654615957657919
2085,8.19438504974491
2086,8.11369097131406
2087,4.294776271151249
2088,8.028108075617087
2089,9.075486531227359
2090,8.801228228832024
2091,5.6696127996330565
2092,2.68758289883097
2093,6.685284527574555
2094,5.263716802947522
2095,3.7790045806383765
2096,4.232265356195379
2097,6.462162097346891
2098,7.234003706151157
2099,1.754033726396112
2100,7.398193015664475
2101,3.500698856749228
2102,7.2098711172886025
2103,8.498672403687856
2104,5.8701128278543555
2105,5.062672432683552
2106,7.758026062681921
2107,2.8917157229590806
2108,2.685912057192724
2109,4.350343763088276
2110,6.607604548434236
2111,5.157573218217886
2112,3.9573589902436153
2113,6.26871799529806
2114,7.345746870564428
2115,3.5232224811768496
2116,5.0939427748287365
2117,8.826660215439382
2118,5.827116043221342
2119,6.521202020749451
2120,7.922369636493167
2121,4.890320882972946
2122,3.259650710420113
2123,3.26518883711098
2124,6.720984173858348
2125,6.677260785570096
2126,5.055768205939463
2127,6.4022639626434215
2128,7.792836109492543
2129,4.267804522438566
2130,5.532545541156871
2131,5.346040628589707
2132,6.348075561267946
2133,5.4337379375123795
2134,5.504600149922811
2135,3.0903322686143264
2136,2.540991128942607
2137,6.932775957204304
2138,3.2279273338215417
2139,5.99436421953253
2140,3.3820660163581975
2141,7.1925125953390845
2142,2.8829047581500724
2143,6.6566426354823545
2144,6.4488997351712865
2145,9.84218449999696
2146,7.487614121699972
2147,7.351837004041942
2148,5.673981256935029
2149,8.391741941747435
2150,6.669555023723532
2151,5.154490083594605
2152,5.025441585369397
2153,6.547428107658449
2154,6.67952979690582
2155,6.340422091562533
2156,7.133374803548286
2157,5.581923658754364
2158,8.00581221556619
2159,8.717870910294057
2160,4.810532793830799
2161,2.493014998118258
2162,8.208314490226787
2163,6.1205812056337905
2164,5.33155887290596
2165,5.814085148366858
2166,6.6927128316041715
2167,7.604601829352791
2168,6.278781730914707
2169,7.4201035316142026
2170,7.144608183970445
2171,6.344128097118787
2172,8.375498804713285
2173,2.2677553941355577
2174,4.140637506679033
2175,5.30508600170234
2176,8.4147814852423
2177,6.368045817965569
2178,7.0433720012074605
2179,4.622780920433574
2180,5.630262903961554
2181,2.7318125147483796
2182,5.155951170746386
2183,5.354121440647812
2184,9.070856448758125
2185,8.542956598989448
2186,7.561999889280858
2187,3.6530207172367897
2188,5.078358338117084
2189,6.238873685003627
2190,3.712971401342196
2191,5.980804271586618
2192,8.803779222028597
2193,4.221397861242487
2194,6.215101121788564
2195,7.637900473369866
2196,9.00931002038056
2197,7.54661295940443
2198,3.8746312307472466
2199,5.722509032951533
2200,7.524406920635028
2201,8.11095456011805
2202,7.740499344109038
2203,4.586344280187242
2204,8.539021064423178
2205,8.854057222916584
2206,5.209293473427318
2207,7.670243827790159
2208,7.158683648001232
2209,8.365547693246446
2210,1.4232931120576693
2211,6.348319285363396
2212,9.008105304859829
2213,6.888458983847893
2214,7.62822883308038
2215,8.124697850487362
2216,3.298079338743075
2217,7.538538252771396
2218,3.7707475811259434
2219,3.0730810205944428
2220,8.407348415461172
2221,8.046576413487076
2222,6.729719279254127
2223,4.2384438571960095
2224,5.617768117106647
2225,7.271918262489962
2226,6.670197337877129
2227,6.657380008912649
2228,5.016724489343613
2229,8.134323828448009
2230,7.394781820084674
2231,6.300811892212828
2232,6.4737790960302375
2233,5.999707726001992
2234,7.692846717576034
2235,6.933514118103801
2236,4.55643113860056
2237,4.7695179653788875
2238,4.33010096414363
2239,7.250825494797819
2240,5.900532575419193
2241,4.672578579054781
2242,5.081491259564603
2243,9.168440214752597
2244,6.734297894603391
2245,7.083692365136763
2246,7.218705515036989
2247,9.36108825729637
2248,7.984536572437756
2249,4.55410729870149
2250,5.323219817910397
2251,7.22356050150089
2252,7.873765738243283
2253,5.513302597104969
2254,8.532187501237882
2255,3.333728561559833
2256,6.614801779547129
2257,5.364844185121231
2258,6.377993799063529
2259,4.112558678587552
2260,4.617553984747333
2261,7.970963000353487
2262,7.721123022461093
2263,3.4844380006219815
2264,8.735041895784455
2265,5.933575277967323
2266,6.719945288723094
2267,4.9635591362782705
2268,1.792902281856028
2269,8.091232507572531
2270,7.458978516653434
2271,6.519264281632388
2272,3.0030500855588294
2273,4.864462749407266
2274,5.309089275438903
2275,8.586569392640062
2276,9.691338834424846
2277,6.270427321841188
2278,5.177010837323443
2279,9.51197339838252
2280,3.657609705651103
2281,5.67142395002068
2282,4.065132398206627
2283,5.58103379691636
2284,6.344869249442256
2285,4.342673192322241
2286,5.454716819584471
2287,3.809200104440278
2288,3.8582370287157035
2289,5.622389367430175
2290,7.574009958637686
2291,8.463001066570339
2292,8.283160192560484
2293,8.218683917782435
2294,3.131247559108675
2295,7.3905871139598505
2296,8.031456318667647
2297,5.376638161958754
2298,8.140236044687109
2299,7.806459606429084
2300,4.519233656688526
2301,5.705673322636584
2302,7.96456415922776
2303,6.305401213972791
2304,5.568831584784413
2305,4.8974097412166575
2306,6.473132713369752
2307,5.784242905208768
2308,7.7724576743751825
2309,4.3564576566253645
2310,3.343543756927029
2311,6.568744545139201
2312,5.163398283062956
2313,8.787514384392432
2314,7.042253270368053
2315,3.170616171686279
2316,8.966649200250354
2317,6.675504388509123
2318,6.794900631058466
2319,7.455727334249003
2320,6.047404957015758
2321,6.590103184483084
2322,3.073509629755774
2323,7.483687204349133
2324,6.988027857076673
2325,7.640247653339822
2326,4.783370718733974
2327,6.021612112997406
2328,4.748660600950972
2329,4.9661168940688425
2330,4.9791384361564734
2331,3.155366303926312
2332,5.257178282525607
2333,6.961965132639174
2334,6.004667269537011
2335,7.122840085584507
2336,5.30485221021735
2337,4.426895041530889
2338,9.076166292399268
2339,4.63629093020154
2340,2.912247226674956
2341,2.0505618487080186
2342,3.8540742476676657
2343,4.479760123667055
2344,7.00284996506023
2345,5.842135558127102
2346,2.8422958381282153
2347,9.391014048331595
2348,7.520976854552839
2349,4.047619704508513
2350,4.160618131890979
2351,5.566371024957003
2352,3.6305320568351718
2353,6.252100166297913
2354,6.235405070935776
2355,8.374405048010768
2356,6.896083405241211
2357,5.345125105330322
2358,5.513522194093305
2359,7.517130902743081
2360,6.413085885884034
2361,4.764295662760148
2362,3.4760736509177113
2363,8.73796382233753
2364,7.465484482806917
2365,4.55418436875104
2366,8.210372079670142
2367,6.836952500186213
2368,6.209044578632822
2369,1.8625103713162283
2370,2.8982474774449027
2371,6.438075993112283
2372,6.206594191853572
2373,7.049169133703847
2374,3.199554645426395
2375,3.2431969043687743
2376,7.063972432628523
2377,6.406385602014671
2378,8.59261527992459
2379,4.444063681522076
2380,5.553673598770546
2381,9.071989370522257
2382,8.06314937265825
2383,3.3216408223811897
2384,7.837172803840403
2385,6.124953657635874
2386,5.411838222186179
2387,6.061453701781893
2388,4.354350009688529
2389,5.855542958677959
2390,7.404364070651331
2391,8.877704568557277
2392,6.115111664908405
2393,7.736601981966477
2394,5.665618974708103
2395,3.2278062947468107
2396,8.468055169920492
2397,7.480985958113029
2398,4.271456827942248
2399,8.516115899527088
2400,9.327935121372235
2401,4.766472212868356
2402,9.009416904928282
2403,2.4644401862672836
2404,7.0235852517245405
2405,8.056091028995787
2406,7.4479314496828035
2407,2.239864943357804
2408,8.128662457204971
2409,5.337292664127168
2410,5.674203778606832
2411,8.272093375084216
2412,4.599310981155327
2413,6.0422572120763665
2414,4.436544712568859
2415,5.955228717993251
2416,6.502959476113171
2417,8.152833444981237
2418,6.402227309921119
2419,4.667820982156812
2420,6.120581157521144
2421,5.137524967235073
2422,7.969599643830689
2423,2.561551611062781
2424,5.213177871223567
2425,0.7085970750796105
2426,8.458384299655581
2427,5.055583907772008
2428,1.2727450015773127
2429,7.0627640260498366
2430,4.775000783503253
2431,4.215657580385653
2432,7.862228120630666
2433,4.6230347889316645
2434,6.665220246105605
2435,6.276987559592807
2436,5.704048213488146
2437,6.6514833140178835
2438,6.918221502169428
2439,6.040075920593466
2440,8.095763863004317
2441,4.472685317469049
2442,4.757322600085684
2443,6.244881015935023
2444,8.631402582517051
2445,8.391036905661844
2446,6.430357659796634
2447,7.1205438138065436
2448,9.49102092220663
2449,4.475626699530198
2450,5.028606274812705
2451,6.500963101621755
2452,7.693135971598117
2453,4.819923759318436
2454,6.075425667195608
2455,6.470747797560674
2456,3.450074930507683
2457,8.534722181637893
2458,8.176376630133062
2459,6.854141582589881
2460,4.517803373880243
2461,6.148705502630639
2462,3.4134366378706744
2463,5.330794599147741
2464,7.440960743189227
2465,8.7131072640304
2466,5.368896991684156
2467,7.503910674761057
2468,7.533398134545112
2469,8.661957435735221
2470,5.148318984718166
2471,4.371810319014818
2472,5.2370157355473745
2473,4.760853067618841
2474,5.82144096231088
2475,5.282181491062365
2476,5.528420941936425
2477,6.186362780066945
2478,8.22282195751436
2479,6.331684909312308
2480,8.481703388156918
2481,4.96518528515777
2482,7.568876679721294
2483,3.4519310106170393
2484,7.683171805760547
2485,3.2048609971954667
2486,6.7359920275546274
2487,5.010705781505164
2488,4.141382223145331
2489,3.8878890449858075
2490,4.301676993408546
2491,3.6823054175300314
2492,4.055086026052442
2493,7.122647664476432
2494,8.453644611962728
2495,6.220777876171667
2496,5.911488621584391
2497,7.313971244743767
2498,5.212888942846476
2499,4.397184778164529
2500,4.525882707766221
2501,6.771802204914165
2502,6.673695865948652
2503,6.320649495136152
2504,3.849252569226141
2505,7.272926589667938
2506,7.476899851469197
2507,4.0424636881483265
2508,4.774494712432883
2509,3.800110567566743
2510,7.169344008949068
2511,9.416369864417184
2512,4.668042603866746
2513,4.447612874112571
2514,6.719332184386303
2515,6.015662239477889
2516,2.3590480147565174
2517,7.419002269245405
2518,5.49655567872124
2519,5.159153774735766
2520,3.1730719260051354
2521,5.871201527122294
2522,9.568852061992795
2523,6.307264322449642
2524,4.00373105949282
2525,9.571780766482558
2526,7.29331384626566
2527,8.061606055300846
2528,5.400918253513952
2529,2.3772103382634087
2530,8.867895365089385
2531,8.717661113378202
2532,8.738579545184457
2533,4.767234631872009
2534,6.9036641212544625
2535,5.716968318849391
2536,6.6619517433708335
2537,7.404605258292806
2538,6.939720904196496
2539,7.73227003209278
2540,9.451200913706135
2541,5.545561789945948
2542,8.159798873512866
2543,9.255676583533113
2544,3.4288386458817017
2545,5.891329968583871
2546,5.415069806992371
2547,5.368977797108043
2548,5.166660597447889
2549,7.244159560098069
2550,8.198674907830434
2551,3.338609751713699
2552,5.314642534493138
2553,7.855143307703497
2554,5.043509141852152
2555,5.430251807903618
2556,3.2765377625019525
2557,7.136390116006629
2558,8.020662959939438
2559,7.814912551331649
2560,6.816538857083446
2561,6.092005589034147
2562,4.065017831546247
2563,5.670520118392236
2564,5.657378959337821
2565,4.607843416806218
2566,6.646043974365599
2567,8.537012928989162
2568,4.184994173879201
2569,3.1983526494780308
2570,5.619321064533168
2571,8.949964124891899
2572,5.69368624891762
2573,4.261235176391585
2574,9.03000273944605
2575,9.239504586124388
2576,6.815182276738713
2577,4.848122664281915
2578,5.232660238023902
2579,3.6037385153656887
2580,5.489371870430626
2581,9.966578738478514
2582,6.402140424934619
2583,7.6050833484670575
2584,4.652410570687856
2585,6.38368316135951
2586,4.302669069738087
2587,2.9317395872564402
2588,7.400685826863821
2589,6.075555663727122
2590,8.027555108980222
2591,8.533232095639246
2592,7.876409293683386
2593,3.4394426533616143
2594,7.443138738974438
2595,3.5814766686268342
2596,3.6293968279961932
2597,8.263579453830335
2598,8.682677429631918
2599,3.2403571884287765
2600,4.312996889789334
2601,4.1078354434252535
2602,7.735639754805578
2603,5.64067510190616
2604,4.905059573080164
2605,3.819874325842734
2606,4.782058217484148
2607,7.115894890258029
2608,8.024662627020115
2609,7.323213255243924
2610,5.586124709300951
2611,6.641137622021749
2612,4.982401261405774
2613,8.941999781945924
2614,1.8190453563301463
2615,3.080689841972366
2616,7.223157358566482
2617,5.280130533991152
2618,7.391936747557959
2619,8.98988196293737
2620,1.1286489091414016
2621,3.893843471192311
2622,8.43765708500364
2623,6.9549352964071804
2624,8.40384428593173
2625,7.0637115957018395
2626,8.464633082865689
2627,5.743667329447998
2628,1.8848298947098627
2629,8.551011592940077
2630,5.814298704776235
2631,3.524270354988537
2632,8.563256074662178
2633,7.604088299437433
2634,7.481170254485134
2635,2.9236737691487553
2636,4.967302148404273
2637,7.070849257256812
2638,5.957535123485597
2639,6.123837359518989
2640,6.58664117746171
2641,6.045001798731688
2642,5.395095211206271
2643,8.166062354481701
2644,7.0102858302841415
2645,7.97889939960645
2646,4.996379662348211
2647,5.778201961318636
2648,8.991390731928803
2649,7.961154711175311
2650,4.562427643326163
2651,7.347023639544796
2652,6.802077819686199
2653,5.3741077691486385
2654,5.953487415174818
2655,6.9836055555584835
2656,9.461213293515485
2657,6.304162081421998
2658,5.656850146743645
2659,4.004169415999103
2660,5.767506018101075
2661,6.723077382877828
2662,5.251282113546939
2663,6.614884867996301
2664,7.8643190073253875
2665,5.718365068608078
2666,2.819265008878756
2667,8.182500233660923
2668,5.9092734910111515
2669,4.955043446947757
2670,5.817483150894169
2671,6.778122934987029
2672,2.3812482573562352
2673,6.7171512258075605
2674,5.7103098504467065
2675,7.971906862199232
2676,7.975450500203083
2677,4.997880079044129
2678,7.507816565074475
2679,7.235615352909036
2680,3.724586922524243
2681,3.423521714234004
2682,7.995717172389507
2683,5.7420230646064
2684,5.2105323001337425
2685,4.32304580160814
2686,4.204299538412016
2687,7.1135170969876045
2688,2.7670830460599802
2689,7.516625787847192
2690,2.5844019567056202
2691,5.869211367698226
2692,9.768961409922463
2693,3.464868715564158
2694,4.786978296911259
2695,5.720287902939792
2696,2.276507538219795
2697,4.1943657097954
2698,4.588928086041602
2699,8.693330423738022
2700,1.5448945477329261
2701,4.734142016283623
2702,5.624623936487655
2703,7.696580803686905
2704,8.450834636333425
2705,5.501879010871631
2706,6.623535700069608
2707,5.551641508148945
2708,4.525232999208959
2709,1.2797665798802398
2710,6.7443966614524085
2711,6.854209568941188
2712,4.56378896054277
2713,9.322483345014968
2714,3.341476585410656
2715,3.661491634332748
2716,3.50030672837053
2717,2.239076130751329
2718,4.277673365934343
2719,4.771098105568489
2720,5.009844076236276
2721,5.987551112043622
2722,7.418467615167851
2723,6.709301694602699
2724,3.577118753102578
2725,7.347531369492453
2726,8.287684582457784
2727,7.871188979244115
2728,7.6278977590593255
2729,2.611576834630667
2730,7.124382217588533
2731,6.7951211732084476
2732,5.841125726649023
2733,5.5311008832048065
2734,8.100808330869208
2735,8.883763163982945
2736,4.944052525733144
2737,5.274155231792226
2738,5.299396781318394
2739,7.095634678003921
2740,5.361626803781559
2741,5.606101310080295
2742,5.624437891179418
2743,3.0850950100410026
2744,2.208459779723694
2745,9.196040359019635
2746,6.632424911211825
2747,1.9700426045847472
2748,6.724688517101917
2749,6.390129239229799
2750,6.442155711471308
2751,6.38330381687666
2752,7.3594090851787
2753,7.09403925715807
2754,6.406759792634157
2755,7.062807679413258
2756,4.324844000260705
2757,5.722076807656605
2758,6.160194887823295
2759,3.8519702370207023
2760,7.060329652944686
2761,6.860291288960061
2762,3.1893031413814463
2763,6.082889940377316
2764,5.815799240707212
2765,7.091972920100892
2766,5.743339713851928
2767,8.489775333297775
2768,4.166040794485854
2769,4.629551287195609
2770,2.476486072312317
2771,4.855273287289274
2772,4.628083360137674
2773,7.8516116680308246
2774,7.961643457100065
2775,8.802123508299657
2776,8.709665761081958
2777,6.782895255197866
2778,6.600617462350511
2779,7.591765260142219
2780,6.139631936194274
2781,4.141217089760281
2782,9.19011364853744
2783,7.097342568626618
2784,7.766174258791059
2785,4.744059041345865
2786,5.31907041681498
2787,7.150271245586931
2788,6.42332027331782
2789,6.108377143955142
2790,2.9051404893284256
2791,8.713958846918683
2792,2.4860929094004383
2793,2.4289748092459282
2794,2.8011471107058883
2795,2.9124629720934534
2796,7.948526653591995
2797,7.136081993864131
2798,6.837272098617667
2799,3.722164963839874
2800,3.359585439241461
2801,3.6258221228837044
2802,8.439268960362291
2803,5.622781172108882
2804,3.9776229311585376
2805,6.894226088961759
2806,4.877654071669148
2807,7.8950650418444255
2808,8.07351187395184
2809,6.664870966057758
2810,7.5152945912175
2811,2.841824421265806
2812,7.097744784201676
2813,3.015639421845934
2814,5.321808550513065
2815,9.042612518991273
2816,6.406825865343026
2817,6.26727348796353
2818,2.447655009873748
2819,6.913302316655484
2820,7.821239727135246
2821,6.915817754026172
2822,3.3774307914173014
2823,4.677917945020086
2824,5.982521802959711
2825,4.092193464601957
2826,9.807384123013467
2827,7.332963252844666
2828,6.382037171907396
2829,7.4034892084328305
2830,5.3287589757249565
2831,6.126362195131076
2832,7.863005225034246
2833,1.7022602495875045
2834,5.54631171287905
2835,6.508122617959683
2836,4.23448841906296
2837,5.890567612904463
2838,8.639825147355902
2839,5.72736489001273
2840,5.925809559932737
2841,2.314083673496912
2842,8.144754427734668
2843,6.259215111053985
2844,6.8079169193477584
2845,4.44903014568275
2846,7.762379832851133
2847,6.62386834430407
2848,6.1164110684726065
2849,5.513894323000013
2850,3.4022813926755333
2851,1.982890996561918
2852,7.189708138981183
2853,5.122038779463699
2854,5.354335279599785
2855,8.828739649131327
2856,3.483695712392926
2857,9.371227729097376
2858,7.38926986669785
2859,6.4918402073815855
2860,7.0419603158204085
2861,7.4202631976169755
2862,8.556875964044576
2863,7.341344874498975
2864,7.431609269750868
2865,4.835955887807458
2866,8.13334861876137
2867,6.716322736614965
2868,8.642852391208343
2869,9.577849779851077
2870,6.029845366794353
2871,6.789217645229452
2872,6.220442117807582
2873,7.598692823543769
2874,5.154454142816347
2875,6.96656967999404
2876,4.1839528479755845
2877,3.7713111091516573
2878,5.724695158997269
2879,5.662854486404005
2880,3.6634846764217763
2881,9.75249393478428
2882,5.182884577877931
2883,5.631172743093252
2884,6.509842091232341
2885,6.471111088207311
2886,0.6878566532337981
2887,6.927880729560724
2888,8.461772591831231
2889,6.985835368167985
2890,7.638238800113291
2891,7.942495107492391
2892,8.359278448434361
2893,5.315229419803667
2894,9.400779992163379
2895,2.997822563519219
2896,8.262715233779463
2897,4.954098919332314
2898,3.3631146226105764
2899,3.36698373148648
2900,5.536392214351735
2901,3.451260596666395
2902,9.1736552216491
2903,8.041607536342982
2904,4.406960207341802
2905,7.536624406885609
2906,8.052024387688052
2907,6.776979338672598
2908,5.955576954365976
2909,1.6612322830599076
2910,6.013502943950099
2911,8.971184237910235
2912,4.0747398182139944
2913,6.966194835408574
2914,3.343032568005711
2915,5.60928177324829
2916,8.605599426368642
2917,3.41047697533237
2918,8.323613739540448
2919,4.202588795315495
2920,6.842631650156707
2921,7.63291485992262
2922,3.5092142201686847
2923,7.542848069144332
2924,7.5019120794746
2925,6.554197722798331
2926,7.364798143124448
2927,1.8618731065208824
2928,3.8456189657421147
2929,7.7227351824002515
2930,5.126655592333249
2931,4.0110174575083635
2932,6.2927548979025865
2933,3.1889320672817947
2934,2.6574478364973237
2935,6.4936016028556764
2936,9.531591348743248
2937,4.569576245824317
2938,4.482194258914978
2939,5.939807811882824
2940,5.68493896246328
2941,9.19048992520376
2942,5.189378276524915
2943,5.9040843647317205
2944,4.739487803835251
2945,7.359554113534919
2946,7.904957912516575
2947,6.711033960571635
2948,1.7980959496386295
2949,6.204742780068501
2950,7.416517543808015
2951,5.1759802031055315
2952,5.418080833816086
2953,5.667802889988581
2954,6.168684242705064
2955,3.631121881362133
2956,5.013467476562989
2957,6.669966558776826
2958,7.614155988579443
2959,5.960966038469989
2960,6.441503323574983
2961,3.619511515081803
2962,8.43141909492615
2963,7.694488879145484
2964,2.6255225788944876
2965,3.1684333333248818
2966,4.87532780049079
2967,6.104649459840889
2968,6.14044912340288
2969,5.361174708106406
2970,3.31725497850847
2971,8.595186753012355
2972,9.998026958187706
2973,6.322189479934087
2974,5.021415214493843
2975,5.4807580965256
2976,6.86099723196253
2977,4.818919459271975
2978,7.909083629799859
2979,6.926971536930094
2980,3.814897688493155
2981,9.585509588451185
2982,4.6952081363869755
2983,4.709071510589792
2984,8.456570375135794
2985,6.6944182578381355
2986,6.431975178453749
2987,8.877629799183817
2988,6.745955892317968
2989,9.51556386585089
2990,6.543077846745905
2991,4.8985747014389895
2992,6.401416537101747
2993,6.438018915138231
2994,6.132807254013533
2995,6.328620358940308
2996,7.0871306090284465
2997,9.613647405903404
2998,6.208299351725078
2999,4.746546690244525
3000,8.941868048518932
3001,8.211071778472434
3002,6.813649168843884
3003,5.43507207465411
3004,7.608778567453397
3005,6.28041170337513
3006,6.409610525265239
3007,6.794928965966919
3008,9.26735603467317
3009,7.395488347003903
3010,4.50363714831507
3011,4.2742437675921865
3012,8.224184445625573
3013,7.2785099900817425
3014,4.988602303271992
3015,1.4636403115934569
3016,8.342209340730054
3017,5.570047630986674
3018,8.674675399974346
3019,4.360758498940575
3020,3.8114623150571894
3021,6.35308257494213
3022,4.560595951167036
3023,6.178068986040115
3024,7.639854212187518
3025,2.705821014379451
3026,3.7372796452644246
3027,6.015284268771327
3028,7.646505511533526
3029,4.671281576428078
3030,6.9963638048748225
3031,4.30056050393762
3032,7.088391271957621
3033,5.188959694833604
3034,7.211618870058631
3035,7.959420571601794
3036,6.993588299605037
3037,6.334817682587977
3038,6.035496021444625
3039,8.65742166519065
3040,6.455203858940069
3041,6.729867024240822
3042,2.394805638582265
3043,4.700523589963413
3044,5.536737307048283
3045,7.817297530814661
3046,9.478291961217534
3047,6.421586092998434
3048,4.759426495324314
3049,8.012997302013002
3050,6.297454238773256
3051,8.449412843535038
3052,2.8314505968984287
3053,6.636202920710201
3054,7.366300812855951
3055,6.668646299247245
3056,6.852493282247622
3057,7.517414936022822
3058,8.907945773944018
3059,8.128060460805091
3060,4.06526207770191
3061,5.500223517382706
3062,3.7236018019125288
3063,4.505191428832715
3064,4.306275368613105
3065,4.304913210091672
3066,7.4619498372243696
3067,7.307582272924544
3068,3.1303435830684565
3069,3.4445483519834212
3070,5.8754242460370225
3071,7.258078218659959
3072,4.926486297516114
3073,6.8763419642628065
3074,4.601456439902715
3075,7.151474731182172
3076,3.3346744728529507
3077,6.72669910728519
3078,8.456252080273577
3079,8.149025107268608
3080,8.742568483017646
3081,5.994602888436529
3082,7.745328010016728
3083,7.142731837331328
3084,6.560312221822178
3085,8.596527279003782
3086,6.034733100963557
3087,6.175015302950766
3088,3.734448329165299
3089,5.399357612695489
3090,9.271571230400657
3091,4.617714596125504
3092,2.8355815302022767
3093,4.153642508617703
3094,3.7593779447399727
3095,3.6233979628817847
3096,3.9969919888466285
3097,5.719884995802557
3098,8.046134497507008
3099,3.6350298379257957
3100,2.971961589852099
3101,4.017756596027086
3102,8.150672231277323
3103,8.295467777743408
3104,5.067870662076307
3105,5.531928508045973
3106,7.20592336723181
3107,6.506212332557323
3108,6.7375939325527465
3109,8.470065391885239
3110,6.714344105742809
3111,4.591464270913569
3112,7.049563436319424
3113,5.152497883621533
3114,5.356432995256318
3115,6.2126781056803155
3116,6.085382728809348
3117,7.148719451901798
3118,4.31813289685023
3119,8.488253160195232
3120,6.081248078078092
3121,6.123187070567321
3122,6.709495895166325
3123,6.185128972296546
3124,4.230384570120277
3125,6.146578733988457
3126,7.078031420809549
3127,4.5852899333402375
3128,2.6974303774541624
3129,5.266297387713688
3130,5.328831063652687
3131,4.712472942933111
3132,4.789802901844959
3133,6.353354494387434
3134,7.144506575492133
3135,5.365832098945155
3136,3.705307060603958
3137,2.2644750782869707
3138,3.8320600688763493
3139,6.7247659518564005
3140,9.780223563459545
3141,6.947748515121759
3142,5.310793016496381
3143,6.260264666395488
3144,6.105665691377146
3145,3.267605779260085
3146,5.652068334411398
3147,6.179394066287202
3148,2.9514988017798993
3149,8.007525314890096
3150,6.788372042783462
3151,4.630325114218974
3152,5.565125032677539
3153,3.9625155026069847
3154,4.149668887724143
3155,2.777570234395248
3156,7.199997146907125
3157,7.841053779101818
3158,6.384102973688739
3159,6.132930541549884
3160,3.1340937784586096
3161,8.182205185680612
3162,6.580739646519899
3163,7.334654684635356
3164,8.461256382954586
3165,6.765807667526554
3166,4.697169033324509
3167,3.5166285750377946
3168,8.924603510060269
3169,4.407910259938123
3170,6.629702511264087
3171,5.438735601314517
3172,6.469295112008656
3173,3.659634129098164
3174,6.937177317268002
3175,1.990190723395943
3176,5.41942310747727
3177,7.160712401602359
3178,4.973122624074064
3179,3.0866809207855184
3180,7.153721649634008
3181,5.119153411002783
3182,5.738930268366215
3183,7.145858528391426
3184,8.134355687278141
3185,4.951007303503819
3186,4.759847104957609
3187,5.349151857504533
3188,5.4388981723700125
3189,3.3157742527128677
3190,2.0660543454665836
3191,8.26286099425567
3192,5.332603774504845
3193,5.790353683935036
3194,7.385831144995232
3195,2.9180141886866897
3196,8.331865629379296
3197,6.682388937860937
3198,7.393877129801008
3199,3.8094674610050157
3200,5.675243037524182
3201,8.544946399208548
3202,7.123325694400083
3203,6.18129272924858
3204,7.825986350945774
3205,6.59051662144176
3206,5.519735774087389
3207,7.480152204482151
3208,5.49956267012847
3209,3.3980667065710257
3210,6.114181548893266
3211,3.615797241167962
3212,1.5922759249525698
3213,8.79370553153903
3214,5.167076909478905
3215,5.153281407634757
3216,5.6373537554834146
3217,4.7658192346593165
3218,2.7231900679342154
3219,6.20695634968023
3220,7.237917803446455
3221,7.508233778363883
3222,6.980649401727428
3223,7.405504105174988
3224,3.895094051369218
3225,3.886814409004335
3226,4.956930084382629
3227,8.925138579216924
3228,4.0749556387280865
3229,8.452986291038716
3230,8.710320691095866
3231,7.642586797664185
3232,5.778107215301725
3233,4.830902780159603
3234,4.5918842646799165
3235,7.936339926381902
3236,5.71679072986524
3237,7.2756694656730945
3238,3.70685629904609
3239,6.698193573274329
3240,5.015895346449399
3241,8.144098702457677
3242,5.0851389067517365
3243,3.9881981483456457
3244,7.522248615043985
3245,6.22697040872533
3246,2.1822444962905347
3247,6.753389550338215
3248,8.950094620308718
3249,2.0845627587915874
3250,5.412515202375593
3251,5.838583336329013
3252,6.314572645743349
3253,5.710883145428649
3254,4.61175923217881
3255,4.706333665621914
3256,7.789105964414601
3257,6.35513929805659
3258,8.502318926774997
3259,6.878698720031027
3260,6.980452555331169
3261,8.273133720238352
3262,8.228315724328233
3263,9.225308669948857
3264,5.585609408662414
3265,8.136935823896149
3266,7.065033264565656
3267,8.353314961575478
3268,7.1124060493122085
3269,5.563464277593267
3270,6.52893572032462
3271,5.330820469658082
3272,6.722393448043407
3273,7.905096844818772
3274,1.736046299759051
3275,6.962674352845423
3276,6.317043817024935
3277,1.9296526515973624
3278,4.3951060766354875
3279,9.554713149984835
3280,6.518754264155132
3281,5.110334924433053
3282,6.955461493100907
3283,7.528580023794094
3284,6.847224519771521
3285,7.280612516179741
3286,4.233277190173597
3287,9.185875743387085
3288,5.873903545443886
3289,6.495670673323422
3290,5.479889542673717
3291,4.705510460902154
3292,3.7166801744233653
3293,5.583994061623565
3294,6.417334778927682
3295,5.067500297513227
3296,6.991508252042658
3297,7.087391666196476
3298,6.501612140833766
3299,5.104082161039968
3300,5.718840150448668
3301,5.5624812800802
3302,5.644251330981082
3303,5.015968051646402
3304,5.424516561707918
3305,6.066139738442996
3306,5.89802071717375
3307,6.571493733566271
3308,2.4051668798359302
3309,7.297408452655107
3310,6.700166903648665
3311,8.277449065698553
3312,5.00040855126845
3313,6.180488556728766
3314,6.285074435267385
3315,4.69674231069108
3316,6.889349860678719
3317,7.715540470818686
3318,1.437708843162381
3319,8.581638546854467
3320,6.954041126514579
3321,4.381825974764671
3322,1.9208532518403536
3323,8.368483785362574
3324,6.617792987373375
3325,6.383406140411549
3326,9.970597699807112
3327,7.401505740749829
3328,6.31497869724554
3329,4.653098893301273
3330,7.175896972300497
3331,7.045256503609639
3332,5.670397780055976
3333,5.389635220515715
3334,5.002760638573894
3335,6.305643262215414
3336,4.154862746572872
3337,2.682103674889125
3338,6.33957424300939
3339,4.587223358784263
3340,7.9030335820195905
3341,8.173943294366186
3342,7.171963012116713
3343,6.051312088510544
3344,4.930511386066787
3345,6.787334340210681
3346,6.793242677789072
3347,9.191952229203752
3348,8.473085527303748
3349,7.624975137535975
3350,8.316778002363096
3351,5.284253219967124
3352,5.32107407124171
3353,6.902612367991793
3354,7.261488543606513
3355,6.4564995114123445
3356,6.9735175555240705
3357,8.094189207807196
3358,8.614734886948801
3359,6.115171952902463
3360,6.485025932118776
3361,8.06677840587567
3362,7.588110899110772
3363,6.1601730592719806
3364,7.283767333277498
3365,2.272174795338252
3366,5.063168006192254
3367,5.491678371570293
3368,7.4423856624537335
3369,6.058859003603763
3370,4.345258159465534
3371,6.633747132166754
3372,7.047495546828237
3373,7.5858504798504045
3374,6.167290033683925
3375,5.521782141748854
3376,8.86357111530898
3377,4.325820305969312
3378,7.017033784733411
3379,5.902169020701576
3380,6.61073300390417
3381,8.09406710921211
3382,3.4738275298513557
3383,6.341199566276747
3384,6.687226546189718
3385,8.090707558304016
3386,4.283500698409698
3387,8.022410187482247
3388,8.754125058459781
3389,7.5937513299749755
3390,7.843754867992425
3391,7.918672887713434
3392,3.6031379520967244
3393,7.159240064225297
3394,6.344376602156521
3395,5.7037845681560215
3396,4.324794776614055
3397,9.445740732090787
3398,9.961147974215034
3399,2.4356521888645952
3400,9.489999318502159
3401,6.170547306463399
3402,6.410168768126406
3403,5.42574438962272
3404,6.057951984922779
3405,6.100237835833937
3406,7.768426009576109
3407,7.480032832969546
3408,6.1899111616077604
3409,4.837917862609499
3410,4.921751105937973
3411,4.934114334138998
3412,4.123634733124827
3413,6.612777918079509
3414,5.813709640419195
3415,6.5240155987747555
3416,5.534499947696347
3417,5.901552464283474
3418,4.6794094803664965
3419,6.283026971721852
3420,4.708386863396198
3421,5.819872642974376
3422,7.2895723750685875
3423,4.57682845720048
3424,7.416680380451771
3425,5.058456633263553
3426,9.318297857362554
3427,4.475679046812116
3428,5.835009594927252
3429,7.280436512183288
3430,6.424708174082076
3431,5.934815713327199
3432,2.084135862360583
3433,7.270472167366387
3434,6.4364701259350365
3435,6.493348546175069
3436,5.007876948463425
3437,4.579027708514081
3438,8.698392273361028
3439,5.388129188893935
3440,5.91286686416298
3441,3.1212270783070144
3442,7.526619694958012
3443,2.8613718533020505
3444,5.630024928233617
3445,6.850828018612172
3446,8.97036835207541
3447,7.968958004789286
3448,5.254344735369482
3449,5.19182248509888
3450,5.224792178020062
3451,8.954617586685538
3452,9.55129770918368
3453,8.82979671947663
3454,2.0798369472522187
3455,3.97379517745457
3456,4.743368398274143
3457,6.343792082406959
3458,4.2925681505765105
3459,8.501367598413367
3460,1.644568432065053
3461,5.842002424852401
3462,6.189448324545863
3463,4.199500311622724
3464,7.293612691758769
3465,5.582200689229408
3466,7.010551905553309
3467,4.703897057196633
3468,4.748101103797603
3469,4.1796080030829845
3470,5.779453107488362
3471,4.742775154771332
3472,3.9619064568695506
3473,5.217921078086672
3474,9.069338207426668
3475,4.596186941606398
3476,2.4027223011412504
3477,4.028394347624429
3478,5.343333083368178
3479,7.248106412799014
3480,6.586756862609097
3481,3.563789767295913
3482,6.406630643805525
3483,9.002929748254678
3484,5.202417967152843
3485,5.702435465554964
3486,6.097209372735354
3487,5.010592814275931
3488,5.81883425360707
3489,4.067029646987562
3490,3.9914671051649697
3491,7.9922176865898376
3492,8.575344215237475
3493,7.395610706636646
3494,9.0322254518737
3495,6.165421491547895
3496,8.047165184314082
3497,2.1010259519189938
3498,5.939038002095162
3499,6.53164892882401
3500,8.364771673663551
3501,4.366790213039611
3502,2.5515384065348194
3503,4.231682319555434
3504,3.8643247176308355
3505,1.4847562977981166
3506,6.212031766157122
3507,7.701078349227862
3508,7.077584999558442
3509,7.147676903133865
3510,4.740980751156664
3511,6.48063492960159
3512,6.034441169734352
3513,6.375020314286628
3514,6.623823674413257
3515,5.315871590516285
3516,5.098802999159918
3517,9.340437865272964
3518,1.3214687430902232
3519,6.691518504876403
3520,5.596711498747294
3521,6.514885426658596
3522,8.925962352080344
3523,5.211867477959343
3524,7.358365579926679
3525,8.964154444940243
3526,2.9325583120305
3527,5.64883771019944
3528,7.7264706796066065
3529,9.692790879032701
3530,8.30937885654211
3531,4.220618084074775
3532,6.257319669436887
3533,7.700459843474357
3534,6.873754065032186
3535,9.467507042269787
3536,6.353926677477183
3537,3.8498133083199733
3538,7.248333672819387
3539,7.387704318215269
3540,5.598740019972607
3541,6.811449003241405
3542,7.386113083603119
3543,6.342274853279234
3544,8.24968431346839
3545,7.538666815048536
3546,7.630811093810978
3547,6.452813384827448
3548,5.923283785799007
3549,5.225861786758946
3550,6.230179973371432
3551,8.55511952043928
3552,8.267042034979935
3553,7.961368111995101
3554,5.261138084305375
3555,7.68724552444967
3556,5.868779484953018
3557,2.8508422702568295
3558,3.2568006775495704
3559,5.299051636347336
3560,4.162522529987599
3561,6.277254575653515
3562,5.232938863638931
3563,7.708832672207907
3564,8.426513194358451
3565,5.649866342534909
3566,5.480640491369899
3567,4.5973923811642905
3568,6.690690675485024
3569,7.072854015133513
3570,5.7904087487414735
3571,6.133539637780677
3572,2.118438991535638
3573,8.44025390447735
3574,5.204854757815223
3575,4.995875410913073
3576,8.063726318338974
3577,4.304276677803074
3578,8.648724637963888
3579,5.245185813774681
3580,4.7314114983167626
3581,1.8282131799356567
3582,6.152548082831934
3583,5.706138988042307
3584,2.998437558503654
3585,8.176575536443533
3586,6.46522269931332
3587,5.470029976975513
3588,4.752983517573764
3589,4.820754033537474
3590,2.75744368419479
3591,7.430460099025903
3592,5.581828679983633
3593,8.029572659249485
3594,6.590647998590589
3595,4.919232547714108
3596,7.813351789463302
3597,6.397293927164855
3598,5.4971989207804555
3599,6.624826809950468
3600,4.958379034405375
3601,6.6599399600351346
3602,3.282529590032972
3603,8.774355472955811
3604,5.261415767931153
3605,5.616185780920082
3606,1.0767872551175695
3607,4.519289667357862
3608,6.464601719402768
3609,5.377996970913413
3610,5.529282955979262
3611,8.980660319199437
3612,6.155746744181702
3613,4.860237367947839
3614,3.6601339723298794
3615,1.4890090068845623
3616,7.7843658047996644
3617,5.906753948290772
3618,7.4404887237114865
3619,6.523054016994178
3620,5.418217667421297
3621,4.173093506384842
3622,6.3475007746299115
3623,4.661631557553417
3624,8.652294524408564
3625,6.50233609805395
3626,8.925852574700029
3627,6.722727012123286
3628,6.615428590031515
3629,3.831497562352373
3630,6.109134248047819
3631,1.6979814522452437
3632,9.49832576091269
3633,6.17361406940972
3634,5.974998424614698
3635,5.873268596760202
3636,6.382881121860633
3637,2.2809537623999363
3638,5.560852665881562
3639,3.4025106602533777
3640,4.1600408365685215
3641,3.8134587753760236
3642,3.4933357347601786
3643,7.600959871772433
3644,7.034711948380536
3645,7.293430361573885
3646,3.2098191369894793
3647,6.404243274298436
3648,7.517243874178561
3649,9.635871132416643
3650,8.214926539262068
3651,7.711649505348985
3652,8.671630679391367
3653,6.333444920360348
3654,5.5245220156980785
3655,8.729949291233634
3656,3.176815565127275
3657,8.718927443532992
3658,5.552113474518616
3659,4.357750116396035
3660,8.06456960425302
3661,7.058918964686995
3662,6.118571297168418
3663,5.442377174541085
3664,8.45522046023115
3665,4.256069228523208
3666,8.067679833480547
3667,6.794693621091544
3668,7.634967321896457
3669,4.840200554751265
3670,3.4520415065773435
3671,6.9606627331375375
3672,3.202263493062664
3673,6.505730511075153
3674,2.5710117303958735
3675,2.1736201363016128
3676,5.663179075730783
3677,5.424586633866127
3678,5.817546066628184
3679,6.43483925801367
3680,9.999443421710627
3681,5.579372049253366
3682,8.919269621103133
3683,8.848005853701638
3684,1.4947861644255223
3685,5.191102292431216
3686,7.135313536404979
3687,6.477476440214099
3688,3.0433650025808445
3689,6.98624893982293
3690,5.884918322940225
3691,7.0089181168010795
3692,8.016780294223475
3693,8.900171107424637
3694,6.308480455583073
3695,7.676525547238404
3696,6.46089936653924
3697,8.330519850351314
3698,5.015931483204101
3699,4.739654050635441
3700,2.809987419454126
3701,3.8910221474507845
3702,9.334686256184103
3703,3.714963661045715
3704,7.64561475671646
3705,7.034415039408742
3706,3.3770192723921646
3707,4.509498737598343
3708,2.5415133714284726
3709,6.103927727171836
3710,6.096172366155302
3711,8.391906094981335
3712,5.627606922127049
3713,3.8490317298798997
3714,5.079677132907905
3715,7.877465776689365
3716,5.403036965159101
3717,6.244778546000926
3718,7.089919285749043
3719,6.772464915659972
3720,7.794791054167611
3721,8.029447731947235
3722,7.151838801965148
3723,4.073423635965733
3724,8.222982491768581
3725,6.109680925325787
3726,2.7648317309558292
3727,6.5180814599122225
3728,7.138521508817109
3729,6.833218536631696
3730,0.23436948828748144
3731,6.572918544613833
3732,4.98238366648919
3733,7.360933794360099
3734,6.71328826544016
3735,1.9354088104522826
3736,6.376511333560683
3737,7.502856874896986
3738,5.739893067077002
3739,8.659961124587792
3740,6.759922307764745
3741,3.731749372774342
3742,8.953963321286716
3743,4.704597807880694
3744,5.7045255113293525
3745,4.823623702780189
3746,9.551559698873684
3747,7.848077820341788
3748,6.793983180168122
3749,7.477780403918933
3750,2.5066852962070083
3751,3.7017145741433297
3752,6.331420323752347
3753,3.682252197496267
3754,4.140569516418751
3755,6.2366543861291035
3756,3.546019412488305
3757,7.730985043886844
3758,8.030254666230862
3759,6.942191278311195
3760,8.852410321783703
3761,6.9763041919234725
3762,4.327015300518793
3763,8.401434560137709
3764,4.492149507787045
3765,8.929383508487792
3766,3.445869507269015
3767,5.753858086837441
3768,6.143040071753208
3769,6.266103040720531
3770,3.669017870520709
3771,5.931863949685704
3772,3.190279038081404
3773,4.712570093052922
3774,6.064587870122
3775,6.569432999090724
3776,7.587863216479166
3777,0.9608002940093895
3778,6.115536688035563
3779,3.5643128550509595
3780,3.0177122224350477
3781,4.262294445718721
3782,5.4179444921899265
3783,3.9029270961564486
3784,4.149440633664474
3785,8.229124317889347
3786,1.9480959701645149
3787,8.259607936009763
3788,5.029004491889942
3789,7.401326905246608
3790,7.848485558645018
3791,5.120905186075173
3792,8.56599244442791
3793,4.310003335162806
3794,4.820390675164768
3795,4.393490513937704
3796,4.126193821516422
3797,6.317847220104669
3798,3.5899830393262704
3799,6.170688030124654
3800,5.048197678598247
3801,8.811693903543354
3802,3.864313589811894
3803,1.4550547697227747
3804,9.039723505375044
3805,2.111623172424591
3806,8.069973226068175
3807,3.127525694759669
3808,4.091107437226805
3809,9.103556931023798
3810,4.880860805878845
3811,7.382483723788569
3812,6.496206594977105
3813,6.827969143192185
3814,4.921023601559077
3815,6.735016562855174
3816,5.322648312227415
3817,6.330909536842221
3818,4.530474395332028
3819,5.974011420444736
3820,8.391296769939057
3821,4.335700895572704
3822,7.88713667259037
3823,7.326750687234496
3824,8.634762435756963
3825,7.772952301705592
3826,4.688041901806682
3827,9.444626371571356
3828,6.352299359722439
3829,5.928149466765885
3830,6.391628911697418
3831,9.048167538721268
3832,7.627157415730878
3833,5.214841804901097
3834,5.939860651657336
3835,8.596024637417969
3836,5.833387742058183
3837,3.4753292268340354
3838,6.758723496602596
3839,3.7909032087502674
3840,8.771811153428773
3841,7.2522091119003464
3842,5.7668052272321635
3843,5.728026592104217
3844,4.702210525648981
3845,8.835291412188855
3846,2.86461227074712
3847,5.845328274528172
3848,6.438883633083125
3849,3.7154212555093444
3850,9.019407991440255
3851,3.2223634962465204
3852,4.793880968975561
3853,6.083481870303528
3854,3.1818475689117705
3855,4.330404358503988
3856,5.322016139761201
3857,7.238107992247228
3858,9.43992088461945
3859,3.6635913474590076
3860,5.6708191539237385
3861,6.786704524529613
3862,2.521961734089365
3863,4.672143701279898
3864,7.952503173346125
3865,6.13820993420012
3866,5.621138588795381
3867,6.523234456873081
3868,4.394874640063044
3869,6.365589811003471
3870,6.925780360454982
3871,6.1372746456289295
3872,5.970772818354071
3873,5.557133215611922
3874,6.898305605170026
3875,6.140804996964688
3876,7.9389704116101125
3877,6.948951960016456
3878,6.960672579314194
3879,1.9028294785736963
3880,7.233567227561629
3881,5.316445147976911
3882,7.343313166123574
3883,8.27399287803896
3884,8.04065904458726
3885,4.172599327974577
3886,2.1014041683415456
3887,2.3825264318215233
3888,7.7619893140395675
3889,6.6208838149905205
3890,9.362403559382349
3891,6.8340017661307595
3892,3.064864087835875
3893,3.063610589361738
3894,7.48848633474405
3895,5.768560933827031
3896,5.387018323993661
3897,3.5055515627778737
3898,6.526176908546118
3899,2.20250190797314
3900,5.087509630296506
3901,7.136464965872619
3902,8.523363073849456
3903,8.733961623295528
3904,6.067164056737643
3905,7.296795233826879
3906,1.2843482919589213
3907,8.7589302200527
3908,3.897187551002029
3909,1.2139290039587014
3910,7.447733586899706
3911,6.975688453795399
3912,4.062014450526972
3913,5.200222764549966
3914,5.272477164486409
3915,6.1007954272448
3916,9.188824302774616
3917,1.933340896512274
3918,6.305560666877741
3919,6.350343298405022
3920,0.4747404638139667
3921,6.229006308334481
3922,3.2519229914242294
3923,6.89099206304757
3924,5.609406458212935
3925,7.914286827860238
3926,6.5572310404981335
3927,2.92350343881476
3928,6.769181974548088
3929,2.2908831391182014
3930,6.268353098344207
3931,4.326949666687696
3932,3.4067118494111375
3933,5.764240388168453
3934,1.4676561264282486
3935,4.616974812003039
3936,7.501390410220329
3937,5.134141800632813
3938,4.358945416899578
3939,4.5997085795415815
3940,7.537020159924003
3941,3.368464519406273
3942,3.4370873439732983
3943,6.452337747337178
3944,4.992366165264514
3945,4.391683023221812
3946,5.789057077336873
3947,8.152572519355317
3948,8.434148971122081
3949,3.6868522063794322
3950,2.2219367135538413
3951,6.043565320149969
3952,3.5609133329001508
3953,6.877027573264042
3954,6.145644952074873
3955,7.405735094498008
3956,5.713725851676534
3957,5.593788509833196
3958,4.660095039696174
3959,8.234248331316541
3960,7.410349095743889
3961,3.7530839829551157
3962,7.465739669556678
3963,4.309819521347796
3964,3.898137232970517
3965,6.564757836795327
3966,5.738835805899078
3967,4.687904176705598
3968,7.003490359301438
3969,1.477356026372582
3970,9.05249199171309
3971,8.49441056064273
3972,6.219831486410013
3973,3.9916835722806328
3974,9.20095351001898
3975,4.786470797676635
3976,8.616972658411598
3977,6.460468860499913
3978,3.110780636743776
3979,7.109815932631347
3980,5.367621294050798
3981,7.815214028784456
3982,9.960353232730341
3983,6.811363208801478
3984,3.3516511539984513
3985,9.649613178058466
3986,5.22328243497555
3987,5.413803560099482
3988,6.997244383110683
3989,7.430074657568406
3990,5.772154684796205
3991,2.176939055257553
3992,5.806773653198252
3993,7.776413459478651
3994,4.053542589542435
3995,3.978323651085334
3996,8.667750732531719
3997,7.874406159454695
3998,5.57932040037527
3999,5.290730828470016
4000,4.712113676831661
4001,5.903041685638638
4002,4.006861920087387
4003,4.511324562810468
4004,5.250755605313557
4005,5.365226444164303
4006,7.117036706049146
4007,4.9939574835136415
4008,8.679038317114879
4009,7.153503728416668
4010,5.724028988000201
4011,6.872592538177005
4012,2.423051821985142
4013,3.131219656684298
4014,3.1996103717066466
4015,5.00666535797128
4016,4.390628328484933
4017,3.4382125760413067
4018,6.511948812653223
4019,5.703200685835943
4020,9.166688912398048
4021,2.1002380049503735
4022,8.393290223142197
4023,5.579865321046579
4024,6.470805777209681
4025,2.1379126314633634
4026,7.428362451462168
4027,8.182685776788485
4028,5.541207700158424
4029,7.328235864076802
4030,6.121243609722515
4031,7.804521219641752
4032,4.954911030613853
4033,9.121323041152113
4034,6.52742045815617
4035,6.319755822015291
4036,9.733811723966078
4037,6.664042891059914
4038,5.522657835204527
4039,4.791095887382917
4040,3.245186479287594
4041,8.300664115112381
4042,7.113210360607743
4043,8.023772949593386
4044,6.350322496221607
4045,7.905235892582304
4046,5.07895209258781
4047,3.243849054972106
4048,7.3862941903662716
4049,3.99948881970305
4050,5.066622973854045
4051,2.214259277513618
4052,4.12325091110047
4053,5.981092694729041
4054,7.910281486005717
4055,4.317109502394173
4056,6.63883250248251
4057,7.732955311657494
4058,8.287708684356131
4059,6.766550571661851
4060,8.014120153006221
4061,6.684085028706602
4062,3.004789929625242
4063,7.602269433139513
4064,6.260390886509567
4065,2.565391600980089
4066,6.62075014904344
4067,5.56609397974798
4068,4.898129704658311
4069,7.598029732144738
4070,7.226970266878453
4071,3.053226783133849
4072,7.491859144745878
4073,8.032146660855215
4074,6.128661344633579
4075,6.6369617101758935
4076,3.9791428301477296
4077,5.767589568290261
4078,6.692810890023568
4079,6.607424033406121
4080,2.296695983817794
4081,5.395563502055816
4082,5.2883662874963235
4083,2.032040612948194
4084,7.133162658600947
4085,6.163048249844459
4086,7.947702184451731
4087,5.425060023149178
4088,5.945345502132577
4089,4.354104775272194
4090,5.12430440801173
4091,7.960108198781818
4092,7.91477292387641
4093,4.666123390304302
4094,8.38702659897142
4095,7.177050249051173
4096,7.292874692754981
4097,4.452692335096609
4098,7.502819169381785
4099,5.037797710387837
4100,1.087364499065853
4101,7.3120649774745345
4102,6.95096246381223
4103,5.290754189210472
4104,3.5364284304240337
4105,5.939960009873851
4106,7.490995925351537
4107,4.921588003232549
4108,5.976023376368043
4109,5.714693018866298
4110,5.491614446031019
4111,4.998677462587738
4112,9.06090532769442
4113,4.116325778195988
4114,6.878560602057132
4115,6.022395519951894
4116,8.897031471344647
4117,6.375359106477104
4118,1.6672228813119065
4119,6.430398427298971
4120,5.525995038471668
4121,4.896496370882874
4122,7.899182913535919
4123,5.5521691771578
4124,8.321587730902724
4125,4.9951998547340395
4126,5.279520043410723
4127,4.135948452072894
4128,3.920119184098766
4129,4.312685464393287
4130,3.5830794451809354
4131,6.3581383809907575
4132,7.538462519304316
4133,4.777405056173434
4134,2.522622359826223
4135,6.081977598603048
4136,6.071201764835462
4137,4.960608801777533
4138,1.829344146822922
4139,7.008281331977469
4140,4.0700175526454645
4141,7.944533178619151
4142,3.6458811932274835
4143,7.9879045560062565
4144,4.546194286757948
4145,5.334324546833458
4146,5.80112230889403
4147,4.847788359208282
4148,5.774150214020952
4149,7.127636148775228
4150,3.3525318542164038
4151,8.740784970293912
4152,2.461846692077143
4153,7.3813954466211325
4154,7.432645409018731
4155,8.345052040466397
4156,2.6886094992603016
4157,6.140720370035279
4158,4.619218839060986
4159,4.122290995156659
4160,5.696912395964645
4161,6.961962564154803
4162,5.063619157573809
4163,5.616715111953704
4164,6.217611533813678
4165,3.0499706387693117
4166,1.2457961055327822
4167,6.546687554128836
4168,5.086154660783503
4169,5.139605045162325
4170,3.1621755487712866
4171,2.8115149303805422
4172,5.203508140350546
4173,7.882140663933773
4174,6.750939907555562
4175,7.317156871360524
4176,5.1576464403099695
4177,6.561489800629289
4178,3.351227662869546
4179,7.389051138779015
4180,6.930295522715471
4181,3.700935632626595
4182,7.619075250231245
4183,5.208815553986019
4184,5.1067962932283635
4185,5.324297649189459
4186,6.495086159257269
4187,8.453864829698091
4188,6.790830963004675
4189,7.865889864247045
4190,4.505643121586451
4191,7.00816901700752
4192,6.912397921516897
4193,5.259331959870113
4194,3.1146905617239016
4195,8.51907768601627
4196,7.154304787549092
4197,3.0430108670093654
4198,3.822487129073914
4199,9.49323224001955
4200,5.970614263650667
4201,8.630747371574287
4202,7.093225538256722
4203,6.007811700138489
4204,7.586302117838047
4205,3.523058940296918
4206,5.54689987109847
4207,7.587558485158361
4208,2.7417707460885152
4209,5.7105259025583575
4210,5.12672570230701
4211,4.693665588464608
4212,7.452503111462143
4213,4.593475216181199
4214,6.347159776368809
4215,5.77073523175799
4216,6.336166499032157
4217,6.68931057176254
4218,5.314718044837159
4219,5.743527417534375
4220,5.72668183547075
4221,6.646510130739154
4222,5.037200529395379
4223,7.485437927449402
4224,4.516041221089034
4225,4.6344576922923935
4226,7.28954171561827
4227,4.162695117698922
4228,1.4295728092820534
4229,3.356454582258833
4230,5.498812987111057
4231,4.977959803889215
4232,6.4197598237765146
4233,3.3649726086595613
4234,7.089039971935584
4235,6.190453439868984
4236,7.505939884879316
4237,7.017830608011062
4238,5.923116191415784
4239,7.826614800477515
4240,8.33808954672001
4241,7.417326022938686
4242,7.642437204780459
4243,6.435074758162076
4244,6.4895263772507
4245,6.665241462572941
4246,5.714610989342738
4247,8.009186066132523
4248,3.693085993488502
4249,7.9437391123358125
4250,3.4790544198814026
4251,2.008375245381077
4252,7.795691843090273
4253,3.7877057368645866
4254,5.26767123520481
4255,4.534848792390281
4256,5.98036584681493
4257,5.165595796735192
4258,8.636039964214849
4259,9.211169914530746
4260,7.189835399269038
4261,1.9956538636334304
4262,5.002654669628571
4263,5.544582706203885
4264,3.3903166853436906
4265,4.578466953314203
4266,7.044767782160139
4267,4.549374035330507
4268,7.171648014255754
4269,5.079805588858492
4270,3.460349222210477
4271,8.72084664944453
4272,6.8932566207443005
4273,4.203718954087637
4274,3.929540781751851
4275,6.288538422287392
4276,5.690251053744845
4277,6.981750315049699
4278,6.710278578010934
4279,2.954499472251233
4280,8.308829320352249
4281,8.470735160209546
4282,5.330474848228386
4283,4.753292677173145
4284,6.977283751038719
4285,6.3883712120323315
4286,5.191439065161672
4287,4.312471282081635
4288,6.089802337603105
4289,6.333203336064367
4290,9.221583967935642
4291,5.771106363943042
4292,9.239088432904651
4293,5.569836882698044
4294,7.430189262890407
4295,4.724295183065685
4296,5.306559128473005
4297,2.7524776760159355
4298,2.1748384146474344
4299,3.6078871988948635
4300,7.421208140088039
4301,5.581481845198519
4302,8.184683786135091
4303,6.251729049750127
4304,4.493415736646798
4305,7.471085834295243
4306,8.248245376315337
4307,6.976551512195594
4308,6.701191330233226
4309,4.979914252098814
4310,8.351195084525326
4311,6.899730761894036
4312,7.962746563613914
4313,6.342308777044224
4314,7.9433957127696715
4315,4.6416129852438335
4316,6.329109730481647
4317,7.056716326589137
4318,6.008949265748511
4319,4.500765312838864
4320,6.188266362956382
4321,3.584595406998683
4322,8.212780220176828
4323,6.4632992022818545
4324,4.0924011240061215
4325,8.49323629171352
4326,4.656824030452232
4327,5.936529100761139
4328,6.510365211991578
4329,5.125137359349476
4330,4.732158682648607
4331,2.3317473251852423
4332,3.6104508077413238
4333,4.13358900528482
4334,7.007677835980411
4335,5.401920370462568
4336,5.205963625368833
4337,4.959260060179868
4338,6.794948589464286
4339,3.918563169776374
4340,6.275891822844333
4341,3.303701227819462
4342,2.798861989407203
4343,3.242327056807997
4344,5.122299850652877
4345,3.5054288647662553
4346,4.121562312498488
4347,5.752380317936781
4348,6.648064110545889
4349,6.923547981822457
4350,8.379977621019075
4351,8.700475249103846
4352,7.541611457943209
4353,5.55141785444548
4354,4.42123660398015
4355,5.8020246817735535
4356,5.5336090603309005
4357,6.501210745603022
4358,6.140890616878739
4359,6.449363471977447
4360,6.073735890825058
4361,6.653097679471642
4362,8.448372890391466
4363,3.117711764692415
4364,7.470366460208831
4365,8.691910167902126
4366,8.243867155077444
4367,4.32501541219605
4368,9.774973840879147
4369,3.196994291269769
4370,4.928121997525132
4371,3.4230397723660366
4372,2.564779246177186
4373,8.932864120741774
4374,5.131966938123588
4375,6.428723298388215
4376,3.267841310510593
4377,7.1345406581853705
4378,6.6376347102950435
4379,6.246001045082068
4380,5.474562477134254
4381,6.354486111246255
4382,5.982251383043922
4383,5.330746656930099
4384,7.8379903649228995
4385,6.683397320113457
4386,9.706845797397392
4387,6.083210284381692
4388,7.174870030435663
4389,9.176984078084008
4390,4.075959021206745
4391,5.529353987017869
4392,9.362575685081433
4393,5.63360947905461
4394,9.434525891291086
4395,7.156560924307125
4396,4.7977196210451964
4397,2.329125431193014
4398,9.420307841744025
4399,6.707139766846739
4400,5.725351978642538
4401,3.634846400472746
4402,7.058986435746297
4403,4.514764339151859
4404,9.299079813131723
4405,8.26583333834765
4406,2.3659900951228794
4407,7.821445131399206
4408,3.5587647329224152
4409,7.066076143389911
4410,4.805180736200046
4411,3.1562561150015833
4412,4.4513516643161
4413,1.4835828368601998
4414,5.210452716187402
4415,4.012632936554847
4416,5.186719397534192
4417,5.4217776892926945
4418,5.144761742347157
4419,4.264846485150197
4420,4.546294485763705
4421,7.4208091512900385
4422,6.529514430072416
4423,7.033855304605133
4424,4.571055237190697
4425,5.615194356710939
4426,8.570054930504266
4427,4.198607995514221
4428,5.102114675264555
4429,6.4449488678807345
4430,5.311694453392408
4431,3.8571209372813096
4432,3.3207206036138017
4433,8.34269304116113
4434,4.59016547753493
4435,6.322545219989597
4436,5.879658776689155
4437,2.16957706562956
4438,6.4694082909767445
4439,6.281795434738322
4440,8.100047003870385
4441,9.295414034667996
4442,6.01558605221413
4443,8.96971866215858
4444,7.16909442686468
4445,3.9866820217881034
4446,4.892561954475028
4447,5.847644096735522
4448,5.952037450133424
4449,4.846607401165163
4450,3.784644341121865
4451,7.196774243942974
4452,5.446559411924372
4453,6.18295111445684
4454,4.2170293329965025
4455,6.358150958401012
4456,8.18259244275387
4457,7.0182238506103545
4458,4.793612085784709
4459,9.391415781075178
4460,7.942063161508729
4461,7.141550850048356
4462,3.492398416534926
4463,2.53772610559575
4464,5.842084194632191
4465,4.603531299441786
4466,8.106739457434065
4467,4.281356868757514
4468,6.836734031751166
4469,8.804252691780457
4470,6.124329757991984
4471,7.728364722235847
4472,3.8356903275499774
4473,1.567084808378233
4474,4.782787698138678
4475,4.809662311822025
4476,5.7618627329859775
4477,4.1848216581707876
4478,3.87975018303299
4479,7.1976251797009185
4480,4.524146918973466
4481,6.460569359904608
4482,5.624828111392248
4483,5.2901220103488615
4484,7.516050373581424
4485,6.919478412380956
4486,4.5555257105737965
4487,9.768008227297017
4488,5.534389477162352
4489,6.390640195744881
4490,5.6177157546097405
4491,5.597110152995626
4492,9.514964085780964
4493,5.140103731852162
4494,8.419435784279916
4495,2.4932426620787402
4496,4.660009038297842
4497,4.623243349352615
4498,3.253231150851506
4499,3.917027601298058
4500,5.976867426095999
4501,6.023925236076385
4502,2.1856459497311365
4503,1.863533973549496
4504,4.46810265109463
4505,7.515270804488749
4506,3.4137422828576858
4507,8.54776439035341
4508,9.077972306879424
4509,6.166113806542811
4510,4.56110111158121
4511,7.327058317710249
4512,7.389271504899545
4513,7.28108854314024
4514,8.882951913728016
4515,8.072930760759041
4516,4.336030680626428
4517,6.731780784859377
4518,6.656411682146176
4519,1.0652931197906967
4520,6.961566771422722
4521,5.2336374159796835
4522,4.715430584661126
4523,6.857201103619685
4524,4.6825058550408425
4525,6.9190873916602245
4526,6.843012372242741
4527,7.980478073075848
4528,7.324020865399862
4529,6.865968337404473
4530,7.277443080973919
4531,5.156287466352447
4532,2.9157435711413835
4533,9.691283742121838
4534,9.51960503351129
4535,5.809603026790806
4536,7.5917741799461185
4537,8.34268194516213
4538,5.7117773573301704
4539,7.1062201047264875
4540,3.062738841069741
4541,4.510601570190737
4542,4.15706352582621
4543,4.015914087586211
4544,6.324481658919425
4545,6.132172985436503
4546,5.568885560901984
4547,5.120489041289387
4548,3.804016772610246
4549,8.837740611793487
4550,7.154921666077191
4551,5.069112592743545
4552,4.435362493386666
4553,7.873057519138348
4554,4.2849972333748045
4555,9.828359568483316
4556,5.3921698388291865
4557,8.36088266373226
4558,3.350239756692339
4559,8.017562799477487
4560,6.6392549076959195
4561,7.420868418403988
4562,3.525878072784505
4563,3.8699955284605023
4564,7.534942236468526
4565,1.8973872907528953
4566,8.03939333284559
4567,5.360612214339502
4568,5.226630645456386
4569,5.951734517390271
4570,5.850369215389735
4571,3.8040471810210015
4572,6.667209261730565
4573,6.934229431855388
4574,6.08575180579888
4575,4.059332795530949
4576,6.108018616016641
4577,4.477192921363946
4578,6.281981076841538
4579,7.344646403517831
4580,8.475109943687212
4581,8.587456808281413
4582,7.964221001736499
4583,8.654356225382251
4584,3.8388824996463313
4585,7.158847209956119
4586,7.642116047219001
4587,7.550607319471285
4588,8.230305166799544
4589,8.299992116456695
4590,6.0530088461085665
4591,8.11830194952835
4592,7.3252848785499864
4593,6.665701895957005
4594,6.207434393656679
4595,2.620009110554821
4596,3.86273063169885
4597,7.101668811395173
4598,7.5415901170089485
4599,3.561659332792254
4600,6.93827674329477
4601,6.176987999107193
4602,5.280756789092334
4603,8.261630209803968
4604,5.372150606581283
4605,9.277367153021803
4606,6.270166336142468
4607,8.297785554252641
4608,6.91731983188969
4609,7.168758856023585
4610,4.206564749951534
4611,5.505373728611305
4612,3.4456401482163663
4613,4.083254560632799
4614,7.5088691737425375
4615,6.720403386764905
4616,7.537274106367872
4617,7.791727686421427
4618,5.726394497535721
4619,6.538694727714612
4620,9.214050001388873
4621,6.813147847161514
4622,6.675211855893778
4623,3.760359501851732
4624,6.350254795242926
4625,2.4351762989317356
4626,7.088867717653812
4627,8.937201922579984
4628,4.708454969387799
4629,4.5760450423370616
4630,6.200009134327791
4631,5.18519290156115
4632,5.31701880634838
4633,8.375474734647081
4634,7.114099403145121
4635,5.479517280602752
4636,6.0455341216228256
4637,6.293235273482539
4638,7.329150471594074
4639,5.267254066176856
4640,8.719633450431093
4641,6.5502290519251805
4642,5.538155741344267
4643,7.30549880954042
4644,4.765914957746504
4645,8.449888018612496
4646,6.474979074725326
4647,3.4472413191094278
4648,5.832740460865466
4649,7.302390176597797
4650,5.597735961282918
4651,9.170473354951103
4652,5.801821196017798
4653,9.397354543590048
4654,6.702680480288957
4655,7.893638911913269
4656,6.806049947717581
4657,5.340360318827857
4658,3.9268973463558217
4659,8.32309584902831
4660,6.8685202790791235
4661,5.986884271678685
4662,1.7619150423398995
4663,8.394371821832873
4664,6.233178333659708
4665,4.121191837799442
4666,7.156539806893029
4667,4.682262806164685
4668,8.273734590424251
4669,5.236027662269162
4670,4.854703948802052
4671,8.190080388220812
4672,4.3092488524585395
4673,8.477324161639785
4674,8.757463251145008
4675,3.1542545120493233
4676,8.037423053882835
4677,3.405764199509612
4678,6.101992354588207
4679,6.158899469705648
4680,6.247214883797324
4681,7.127058904320258
4682,2.145147638474699
4683,8.039380665934585
4684,8.595006255388691
4685,5.697458477404504
4686,7.897334086440044
4687,4.059019942740645
4688,6.680236343914629
4689,9.861548763194085
4690,3.9898002232581695
4691,7.292457531073415
4692,7.104681814506459
4693,8.033449820025476
4694,5.500866349069488
4695,5.320052413604134
4696,7.513138441034165
4697,4.270310651010333
4698,7.773003720930677
4699,6.854655185654441
4700,3.794924782711971
4701,4.955040814911727
4702,7.2370598616524235
4703,4.96908590605923
4704,5.033015325269155
4705,3.585116678951574
4706,3.3589201541460056
4707,5.1746404868939155
4708,6.192348735831286
4709,4.353466875110063
4710,7.376259579713258
4711,5.228316979495946
4712,6.551274433543673
4713,5.0900725463023
4714,5.299720151008957
4715,3.875676881962275
4716,5.890541455999321
4717,4.208007133993864
4718,5.678570290300984
4719,3.980522424506611
4720,7.432243053834652
4721,1.9095188743968905
4722,4.922242891283757
4723,7.699489941295712
4724,5.773766356691919
4725,4.344617789662046
4726,5.374862587436633
4727,4.211219454761823
4728,8.37093513777489
4729,2.386252294659651
4730,6.6881764598362095
4731,5.676854963317207
4732,5.651383321742786
4733,8.431249455417184
4734,7.21963360372713
4735,8.164548578198147
4736,6.702713483883184
4737,5.627672124837209
4738,9.163385434859494
4739,8.539421292882277
4740,5.724784084975881
4741,7.230126749334114
4742,5.7445346992932125
4743,6.1968517774622525
4744,6.103696652292795
4745,5.773513724871779
4746,3.534822489808435
4747,9.286641110263517
4748,4.918995162666538
4749,4.7773902848960415
4750,7.863550885560365
4751,6.424319055516321
4752,7.127639262323385
4753,0.8439887697304129
4754,7.132124785395206
4755,6.712245813214804
4756,5.400666437427015
4757,7.92391813427208
4758,8.541400109301932
4759,4.681069132447079
4760,3.7886423101395104
4761,5.636468574495792
4762,6.566924093793458
4763,6.573269046598719
4764,5.060314031879908
4765,6.612477564628809
4766,6.605566950790608
4767,5.657774304452211
4768,5.034235394392126
4769,2.838300550082175
4770,3.2310198702548107
4771,5.396221858343496
4772,6.88529578449607
4773,5.866504706744385
4774,4.597910974538211
4775,6.799374438444511
4776,6.460845720109117
4777,6.817590783198663
4778,6.0198858410824325
4779,9.2258862615569
4780,6.3639066830771025
4781,4.610865426756638
4782,7.217804485179076
4783,1.9377284897674714
4784,5.082397966522334
4785,5.434779437969073
4786,7.700086087903782
4787,6.362053301444465
4788,8.854543120313988
4789,6.32953337067337
4790,6.241840992042661
4791,8.000314267127559
4792,5.275830155727333
4793,6.4646099582085315
4794,6.322119083248611
4795,6.373677257364923
4796,6.214667901046241
4797,2.8477843856732354
4798,3.453331200357996
4799,6.150320766516562
4800,4.949180914771898
4801,9.415766936106412
4802,7.4086291210777615
4803,4.816791099601585
4804,6.43108667664315
4805,6.313760480077312
4806,6.338802609100256
4807,4.67593052657376
4808,6.150362705835377
4809,6.041961689089551
4810,7.084801241442415
4811,2.677434530447087
4812,3.8335386304094667
4813,7.094568783863868
4814,2.8702006007329235
4815,6.541439144443276
4816,5.492156446466954
4817,6.490092287858863
4818,5.8232377842489775
4819,5.167467040485979
4820,7.754666033051825
4821,5.710873334747783
4822,4.68231155894603
4823,6.626196919881896
4824,3.7295277306014194
4825,7.9426951695058365
4826,7.340295987448071
4827,4.877880767847157
4828,7.871655163867649
4829,7.042935130859672
4830,4.849360960021794
4831,4.772677601763506
4832,6.771650816192421
4833,5.93596648388762
4834,3.4324879235698718
4835,4.562974593312729
4836,8.408711124603196
4837,5.097783847286328
4838,5.570675096660805
4839,7.878755877023951
4840,5.895729516653739
4841,1.702908903806246
4842,6.811695290073205
4843,7.942363768119977
4844,7.27527001622899
4845,7.760812949518455
4846,6.806872992101953
4847,5.295718004653104
4848,5.672438172601899
4849,3.3017099140105586
4850,1.6006825038293406
4851,7.747935786334423
4852,5.843324847816864
4853,4.1947582986324
4854,6.985501872271962
4855,5.329042695292268
4856,2.8103834717548035
4857,6.531905343497
4858,6.082255631807557
4859,6.543066836731645
4860,8.91238906375653
4861,5.796409881754126
4862,5.627681020341638
4863,4.6543661828376335
4864,6.689964431294484
4865,7.2715093368857335
4866,2.140011796915694
4867,3.402212625040844
4868,6.074058330655859
4869,5.420543234257677
4870,7.291128658893646
4871,6.889638771949561
4872,5.6819384892271385
4873,4.6282857526570025
4874,5.260997739059141
4875,6.883304473753752
4876,9.0894597510382
4877,5.718899177351821
4878,4.5931821689169485
4879,5.795368073784283
4880,6.926140275749637
4881,8.739812496758159
4882,2.389880705980908
4883,5.007140493736403
4884,5.765437712522936
4885,6.929052850022887
4886,4.311866821840889
4887,9.6714300745918
4888,8.549439219354586
4889,3.7490219309684187
4890,3.7918325927010037
4891,5.574533503528398
4892,5.60628981460058
4893,4.720151786056379
4894,5.018130186285448
4895,3.9009365462704153
4896,5.710813159787277
4897,8.06407732616025
4898,7.65066082245518
4899,7.269238890836215
4900,6.354374669123766
4901,5.253805268278011
4902,6.187851004722722
4903,5.297986364821756
4904,5.647935082860981
4905,5.8496848291672325
4906,5.246306277442237
4907,8.429713765911321
4908,1.8202208889549205
4909,8.060302518606782
4910,8.122765910250838
4911,6.188370564745129
4912,5.802901840991057
4913,6.9207001387528475
4914,7.535178225963412
4915,4.973107010213219
4916,3.8426918378433164
4917,5.91591110785965
4918,4.307382721964659
4919,7.393640517371206
4920,5.964071628244173
4921,6.809791411844674
4922,5.332148548069979
4923,5.679127656813099
4924,7.894835663308132
4925,3.1149221725373777
4926,3.271167360271715
4927,6.173186934226192
4928,5.510335346762846
4929,4.6397779748280685
4930,8.54771323602716
4931,5.5032296586871325
4932,6.359632679082307
4933,8.301861010741147
4934,4.5735500926147585
4935,7.860559301572896
4936,5.038153586120496
4937,6.803067903314359
4938,2.493572707287231
4939,2.561026783058273
4940,6.145615483212218
4941,5.281379791801222
4942,4.385186235673072
4943,6.097583684767979
4944,9.033563204196742
4945,6.389420694961976
4946,5.532209726609051
4947,7.973631419079628
4948,1.3271075725183281
4949,5.623769471705092
4950,2.723977380266922
4951,7.756162181122926
4952,5.369184461814281
4953,6.2279349276511216
4954,4.933165693830582
4955,5.344433053291573
4956,6.658649198267081
4957,7.485364149979833
4958,7.142709966435047
4959,3.326117218936735
4960,5.903224298957565
4961,2.853478484734379
4962,7.8829325679133975
4963,6.096961116479741
4964,4.4072047319072745
4965,7.3706844117552155
4966,7.447909684509687
4967,7.572076366264274
4968,2.683362681080854
4969,6.261428764767074
4970,7.2996007379222885
4971,5.469125580835034
4972,4.930646422039226
4973,1.2494637690338477
4974,3.209406881028479
4975,8.362921227894036
4976,3.1152102412781426
4977,7.9074028743192954
4978,5.841047956403389
4979,3.220752458693608
4980,5.890511542339394
4981,6.105088290046926
4982,6.749708039238482
4983,3.8312759839541015
4984,8.064368652247003
4985,5.294985379268114
4986,7.543309135383312
4987,3.8760064096052647
4988,3.3629591377973753
4989,7.13488731134606
4990,8.175400140648263
4991,6.161846609192205
4992,5.706121614959237
4993,8.176002947930842
4994,6.304371478109613
4995,6.895198061804189
4996,7.409519318761239
4997,4.577691223651812
4998,6.163183053675299
4999,7.329443485812709
5000,4.91604667742809
5001,3.519998163588869
5002,5.150277162087159
5003,5.399030582323721
5004,6.002819734249403
5005,6.687786231086219
5006,4.86112697451773
5007,8.08912641440565
5008,3.6059041011775492
5009,6.34154895448116
5010,4.372823524223266
5011,7.272534524377306
5012,8.184906593240134
5013,3.4896060745717024
5014,4.552795840871351
5015,6.154658432685648
5016,6.5867357466806835
5017,4.69571016883281
5018,6.520379585342246
5019,7.682065473424447
5020,7.683998503747086
5021,8.514550177900006
5022,5.715376509660421
5023,4.934459599073645
5024,6.826043344514386
5025,3.6462427793598025
5026,7.573826938735275
5027,6.232157833853566
5028,5.1595356608659095
5029,4.402917306821881
5030,4.002509804107932
5031,7.335656264278834
5032,8.865450325987235
5033,6.48414957128047
5034,8.92004261096465
5035,3.4617472208380393
5036,5.791777595149997
5037,7.423709442033044
5038,9.971491379655484
5039,6.358045767587145
5040,6.223217030346019
5041,4.674792443567301
5042,7.760460088401277
5043,8.30136417885773
5044,5.456839312365643
5045,6.307395306336003
5046,3.927042356908543
5047,4.216654587786631
5048,4.588693085917067
5049,8.547663661144915
5050,4.121412621520546
5051,4.189818567096317
5052,4.928515151604655
5053,7.357342843548378
5054,3.2331665692354017
5055,2.047269925783484
5056,7.249274962879653
5057,5.85083478321003
5058,5.6620623942888475
5059,4.769757489698523
5060,5.674112835073954
5061,6.320973148741106
5062,7.041757368891274
5063,2.0525291726035126
5064,8.972084758018894
5065,7.665558525942477
5066,5.7754028144941145
5067,5.9766681087485285
5068,8.696376225010592
5069,4.577511417546631
5070,8.665691212103692
5071,7.6203879449392655
5072,7.044530067534014
5073,7.741811539067217
5074,5.041051505013906
5075,4.76157101771608
5076,5.766364812161387
5077,4.191946989773828
5078,6.237586045981358
5079,4.070042687720062
5080,7.42289928162005
5081,7.491396683085469
5082,3.8474485589686624
5083,6.956600125693347
5084,4.042323350879495
5085,2.3317666705956563
5086,5.655489498897562
5087,3.6697081815894967
5088,7.85502662688962
5089,5.725043546191384
5090,5.700522394980373
5091,6.047878938276117
5092,3.77192145779985
5093,8.365988294757852
5094,4.812878466425484
5095,4.89052363503512
5096,0.7370306725112996
5097,4.633886569458575
5098,5.57010442239226
5099,8.575224954779435
5100,4.594242461651154
5101,6.206643975176119
5102,7.90053859871429
5103,5.739026471235864
5104,9.059221575127163
5105,2.611267348723291
5106,6.209108160032093
5107,5.907588068013676
5108,4.8733824778454276
5109,5.39231156932661
5110,6.366245787615787
5111,4.810695272796567
5112,6.749993103649746
5113,6.373221735426434
5114,4.560512605134528
5115,1.5010214919959297
5116,9.115508447216039
5117,6.289333206220656
5118,4.645680477212457
5119,4.0393887782903075
5120,6.397332318844404
5121,5.821025328100089
5122,7.324242907502085
5123,8.054462179398877
5124,6.722203075917849
5125,4.373954253494158
5126,4.258768281133709
5127,5.355815857967487
5128,5.656724442451859
5129,7.61509166598187
5130,6.248184345102203
5131,8.759235250036156
5132,4.314714954053412
5133,7.7598772067825905
5134,4.5006727530057145
5135,2.9998285451203537
5136,7.531661394989809
5137,6.3240330668721345
5138,9.1320113309402
5139,6.292537702446798
5140,5.000264208009739
5141,0.00812837572872911
5142,5.9883115536875
5143,3.9622902596933445
5144,4.879152508914758
5145,6.966834784926422
5146,5.42799535376558
5147,5.286720675808631
5148,6.005668283551211
5149,3.502643596592237
5150,5.2675668411403915
5151,6.7888446419665955
5152,8.782506489111235
5153,7.007665089349293
5154,5.979829220572816
5155,5.560536980459313
5156,5.252704377106354
5157,7.053901983390668
5158,4.168695409232889
5159,5.296038860083418
5160,4.021832025904134
5161,3.9083621960344908
5162,7.612107998377445
5163,4.407921356820219
5164,7.630513397667372
5165,7.979521031974758
5166,7.553991831668715
5167,3.3495824882638274
5168,9.648434658786018
5169,0.8550205898702409
5170,6.203868091609581
5171,4.9466353947263535
5172,5.820555344399008
5173,5.293303580901242
5174,5.8191613111764635
5175,4.940504302132295
5176,9.335368073773743
5177,8.74771140794944
5178,8.093913529274712
5179,1.0435020067994514
5180,5.6961929145146035
5181,1.1175606368763418
5182,6.42934280879051
5183,6.48889047219163
5184,7.319290615610447
5185,5.3405146149801865
5186,5.106391146173391
5187,6.073509099299087
5188,5.216508806525664
5189,2.856322312759817
5190,5.960933624706698
5191,5.744971751464732
5192,6.17519750332418
5193,7.60083452733987
5194,5.436122470776523
5195,3.343808150657084
5196,4.322418392383861
5197,4.281999747582659
5198,3.7981551774176494
5199,5.484790466164256
5200,5.498747953999064
5201,6.010240964684945
5202,7.375215572455756
5203,2.8689720577821163
5204,5.3036843358798285
5205,8.949109489442971
5206,2.6933778866341287
5207,6.748241758487159
5208,4.279239805313431
5209,3.660168052055898
5210,7.218592595287811
5211,4.798262652134007
5212,7.567372694875313
5213,4.45814857564825
5214,7.003957667304123
5215,9.227380658880318
5216,8.453280212591292
5217,3.199760792898135
5218,7.059671979002336
5219,6.46249027625449
5220,5.913013339269315
5221,6.694520627112095
5222,2.892838657033889
5223,6.475457154715151
5224,7.3152921411018195
5225,6.960187799984569
5226,3.663267484142557
5227,4.987769302027852
5228,6.939910657801977
5229,6.269580172545335
5230,5.734024343752287
5231,6.251917382394664
5232,6.548096955473123
5233,3.690743718628916
5234,3.6454359541388186
5235,7.75701195116107
5236,5.298498969455607
5237,7.240578954930517
5238,6.872516763140394
5239,6.688907042819753
5240,4.755231915693426
5241,7.467641741725172
5242,8.810092756136248
5243,3.648376072144271
5244,6.030997661613844
5245,5.373409704553094
5246,8.116531679067446
5247,7.881031286806643
5248,4.446455610400812
5249,8.541998508058452
5250,7.006379817637521
5251,6.547396925196873
5252,6.389992646504779
5253,6.922539850633187
5254,3.347582414894874
5255,5.64518009379007
5256,7.451543967962101
5257,3.111531527401092
5258,7.3923798576186925
5259,3.9823749198292546
5260,4.097375644544053
5261,7.889041118296012
5262,3.74289758326762
5263,6.412720064436634
5264,6.653426383000659
5265,7.444104551584852
5266,6.244183473854286
5267,6.91783315965832
5268,6.260564575676808
5269,6.079018885075348
5270,9.998413309947383
5271,6.2006213851975
5272,6.6352571363327275
5273,4.875904745172798
5274,4.7425445461221045
5275,2.9100438545195813
5276,5.080086302651569
5277,6.029999581293302
5278,7.455723235423548
5279,7.632895446129879
5280,4.8139392231124605
5281,6.003703689005485
5282,8.009108395911124
5283,2.4538735408715104
5284,4.770120860165397
5285,6.137448712549764
5286,9.216402684802514
5287,8.6247090000442
5288,5.6629576978763705
5289,5.842511733387097
5290,6.379158000268826
5291,5.484115379441447
5292,7.199528362811381
5293,5.6702762626526795
5294,5.423533661802985
5295,5.346898387876611
5296,5.735515940011039
5297,5.800551679014279
5298,6.386495440922376
5299,9.181557736346429
5300,2.2531624714257097
5301,7.4889039594005125
5302,4.286950581491395
5303,3.475596476402921
5304,3.6309218339272933
5305,7.810269087713739
5306,4.319999896240376
5307,1.9242642945492374
5308,7.722412823180032
5309,6.140312464923757
5310,5.166408114574131
5311,6.525310202851967
5312,6.341577603395116
5313,2.3427420416421536
5314,7.123267649299597
5315,5.242811929359057
5316,5.788840163516744
5317,3.994385070509798
5318,5.104994928592975
5319,3.9880457084163394
5320,8.423242689780745
5321,3.124923442762791
5322,6.137079524688341
5323,4.885848100955125
5324,6.633589426601397
5325,5.582338119822227
5326,6.45536655550314
5327,6.208918268608306
5328,5.543332447538527
5329,7.421096928185648
5330,1.6915549892048898
5331,7.874023802556446
5332,2.053228455089785
5333,4.352578925186895
5334,4.740293525738923
5335,3.088544013709862
5336,5.8597481771680275
5337,4.460887823528648
5338,6.566423410183992
5339,6.377881206364579
5340,7.590939254342068
5341,7.654846218144189
5342,2.6298694863281282
5343,7.507816399268019
5344,5.461494972830733
5345,5.6336662495054055
5346,5.158292285752505
5347,3.426575621595238
5348,6.665741009278362
5349,6.824983383222071
5350,3.748048506510063
5351,3.833185392290318
5352,6.384371441544814
5353,6.924517698488368
5354,6.712546118417043
5355,6.164891565559821
5356,4.966407355733269
5357,2.4645815092802237
5358,9.06822292315626
5359,6.692060689049098
5360,7.057853499581626
5361,6.519911771684377
5362,7.294405214069424
5363,6.886144127161051
5364,8.692270135059662
5365,1.1014144015988168
5366,6.918013722891713
5367,6.092420077919098
5368,5.323440870600697
5369,1.8267740072856036
5370,7.846366468227051
5371,8.11090634476873
5372,8.484818610520074
5373,2.0341167511235336
5374,4.981366765853578
5375,6.293627867195289
5376,8.349255079728952
5377,4.389833270559004
5378,6.151760543309048
5379,7.3698352770107105
5380,5.15893011763106
5381,5.379723426668389
5382,5.5140062927023745
5383,6.685624347804989
5384,4.6804116197992744
5385,7.45341077321487
5386,4.40914886394121
5387,8.0550308172424
5388,3.6517332420995743
5389,7.308257734100534
5390,7.053551141410352
5391,7.583978963573053
5392,6.1539883347092355
5393,8.827777182595721
5394,6.332510714753631
5395,8.90025259629753
5396,3.4554660755309454
5397,1.663287972620611
5398,7.0826699232230625
5399,4.226082923686693
5400,3.4494278264428067
5401,6.471524424811124
5402,8.245794516728168
5403,3.0381733166558207
5404,4.341637361873693
5405,7.661826625413414
5406,6.5690173167382
5407,5.789230670568877
5408,5.268363135637783
5409,6.88800516064992
5410,3.959144094509194
5411,9.991119697877611
5412,3.64002630965019
5413,7.330833399755943
5414,8.453964855585173
5415,6.42108921045277
5416,6.749669737730672
5417,7.699602366789
5418,4.318959167189673
5419,5.135645451184276
5420,7.478025344450151
5421,6.75613188236687
5422,3.868094466436003
5423,5.2024816829035725
5424,5.099986743405683
5425,4.554061597845537
5426,5.612543228009789
5427,2.5432453177832466
5428,5.95096028187395
5429,8.559672530747434
5430,2.6576567811092024
5431,6.218827751585481
5432,9.054270846942757
5433,2.9499677116559164
5434,6.03705548142388
5435,6.691149685120379
5436,4.165379862681347
5437,4.670488774851061
5438,4.068839836263463
5439,6.117635447285854
5440,4.046172306888104
5441,9.215433389706345
5442,7.702676943957229
5443,7.468044275804653
5444,8.39576964454585
5445,6.1507374665148475
5446,8.156821294281537
5447,3.9375962854367588
5448,7.545140678278197
5449,6.980826118721019
5450,3.2727169457756666
5451,6.70376499781919
5452,9.890731788776849
5453,4.448150246495937
5454,4.949226959740132
5455,2.8641954406968644
5456,4.54772769833391
5457,5.278418373145326
5458,6.973477966596093
5459,5.474882390113841
5460,4.145824255505002
5461,4.706647437979408
5462,7.170356196616206
5463,6.316582797997161
5464,6.762811515308374
5465,5.7123107656359124
5466,4.986426619754417
5467,2.56709992541693
5468,4.556573973861754
5469,6.500918380351204
5470,2.877534246194709
5471,8.921806515753914
5472,3.2687070137679277
5473,7.552061594066634
5474,5.806733694661271
5475,5.013294899513968
5476,6.045315611256197
5477,7.808845439939207
5478,5.876692735046676
5479,3.5876455916689296
5480,5.23037880652785
5481,8.782069522977405
5482,6.3201083329519845
5483,4.547409089473563
5484,7.38529488428434
5485,7.452434300672908
5486,6.003083289907612
5487,7.608897957704332
5488,4.548634425671219
5489,5.322020662764069
5490,2.1172320736306864
5491,8.829726841246403
5492,2.4604195828185
5493,3.605769742051885
5494,8.22277629623248
5495,4.272471763866523
5496,4.561109487498904
5497,8.377334448490398
5498,7.060115478535808
5499,7.545160465271318
5500,4.952239904681002
5501,6.289369047521184
5502,3.8245421542422475
5503,7.696218141314304
5504,4.292653182172716
5505,7.324356447253026
5506,5.461422968225461
5507,6.440217371657946
5508,6.4628524796297055
5509,4.328525134761779
5510,9.006210869317886
5511,7.3973750425718645
5512,7.0730944427964655
5513,8.790840974575449
5514,5.596709610752723
5515,8.36440453048715
5516,4.704916214835317
5517,6.666008775461442
5518,4.323044875647264
5519,8.607562320041163
5520,4.356597980151041
5521,7.665802794729544
5522,4.079906148213274
5523,6.9296907327010375
5524,2.9710467792786517
5525,6.043241060700253
5526,6.513540461383366
5527,6.518227978570428
5528,6.278464538391087
5529,6.480178766749407
5530,3.8913546183449625
5531,6.14140848238249
5532,5.381621901963887
5533,6.690307810641118
5534,6.730253209034098
5535,7.328944173766395
5536,8.793328484693765
5537,6.808944191713914
5538,3.5566230518044897
5539,4.093865358856687
5540,3.0487212893284665
5541,5.378522763441285
5542,4.978958354175058
5543,7.0757763783584
5544,5.5239825941095475
5545,7.511809910913341
5546,4.016489089980763
5547,5.866492244644274
5548,5.70740899630285
5549,8.041317778032177
5550,5.512112736038523
5551,6.226204131548359
5552,8.413802015777655
5553,3.537918591093029
5554,6.0016805596359735
5555,9.306893624613124
5556,5.878410667955697
5557,6.767212171555603
5558,3.50894330548181
5559,5.43916790411016
5560,3.799380241689164
5561,4.393452857610553
5562,4.798425918296074
5563,6.791996917133014
5564,5.758518567293099
5565,4.663553636243473
5566,5.957544148621026
5567,3.825760955257061
5568,8.060823670055877
5569,7.483970135943894
5570,3.513458098945711
5571,3.9415086538016153
5572,5.717734944864351
5573,5.875377898181802
5574,2.6141189663957407
5575,9.744231825322071
5576,6.95880365243031
5577,1.6257763749151308
5578,6.153369901578249
5579,9.544711290190776
5580,6.435420117389738
5581,5.877226549387208
5582,7.221154973595802
5583,8.635657488676891
5584,8.247970135654182
5585,5.723222731719079
5586,4.605562679136557
5587,2.5719185242143445
5588,9.988512211916873
5589,7.121412166069777
5590,6.773850977654272
5591,4.9283607089953305
5592,3.81341379737549
5593,5.856623186506873
5594,6.580085421542267
5595,5.663440222000905
5596,4.053326020168027
5597,7.735588574495895
5598,8.260229970796205
5599,5.656320627421357
5600,4.78258285061852
5601,4.983915299783815
5602,3.523273358941426
5603,5.263744483394897
5604,4.9332718941672935
5605,7.2082550613446115
5606,4.924698299848721
5607,3.5339376682823493
5608,8.383725457729977
5609,4.345538719508769
5610,7.298441495790938
5611,5.062455863569108
5612,6.782685635090223
5613,5.855587746718198
5614,3.3486382472016047
5615,5.628284525281399
5616,6.841944678447623
5617,3.9525300474850518
5618,4.282723812265371
5619,7.3126007269760605
5620,7.889305963786166
5621,3.8703929882559924
5622,6.7339495505187585
5623,2.7830404729482288
5624,4.812032768630608
5625,5.525275718185034
5626,6.452064074844884
5627,3.451757622106912
5628,7.767429240003158
5629,7.655006312118525
5630,5.2307440531488805
5631,3.101544047521285
5632,5.181162903988413
5633,5.904255679837926
5634,6.9417454727601084
5635,5.632995537491212
5636,7.06184083058033
5637,9.334662014230627
5638,7.013575537034306
5639,5.448487159056001
5640,3.5583314071274605
5641,4.22153493525269
5642,7.610249941460299
5643,4.681952546704929
5644,6.20680108502251
5645,1.6524182017507272
5646,3.7115075791079795
5647,4.831174780537744
5648,5.161520261129072
5649,2.8457367143127863
5650,5.877047121996682
5651,3.2572133861255343
5652,1.912279027933403
5653,6.681384011560124
5654,7.162749675806464
5655,6.189331492948706
5656,8.476680853320568
5657,1.2393469845949705
5658,1.801833563714362
5659,5.419079015645112
5660,8.102247575058495
5661,3.8576930798074316
5662,7.972853220960696
5663,5.892520486713801
5664,6.075796392340122
5665,6.761442698387974
5666,1.4004001217817592
5667,6.996578211277841
5668,2.0752621158590445
5669,8.963831754656283
5670,4.2655033792130315
5671,8.308056847917658
5672,5.154268413203225
5673,6.659939714714518
5674,3.420020027646033
5675,6.3218535656298815
5676,7.282827468596992
5677,6.710720732990557
5678,7.020574822738953
5679,8.794010814560306
5680,6.7824908309061245
5681,3.5189350820399197
5682,2.074439461907087
5683,8.447550693977295
5684,7.162171146792741
5685,5.583373872501837
5686,7.8311753449020545
5687,4.395494533450983
5688,6.571975702663314
5689,6.094356266976157
5690,6.677489139534454
5691,6.563031645480282
5692,8.185278807210278
5693,7.162535883820324
5694,6.50425079638237
5695,4.207249592164588
5696,7.047186259073636
5697,3.7308051784258147
5698,7.038975425730435
5699,4.854172764349387
5700,6.994832817899531
5701,1.7076371711162714
5702,5.198473869282679
5703,4.663897723777794
5704,5.949657308124565
5705,6.23720163560002
5706,2.1480157107426323
5707,6.959284122412076
5708,8.27851100078795
5709,6.969639810333938
5710,7.412419168424963
5711,6.316181021538915
5712,8.458714275103572
5713,6.4899969495507985
5714,6.2842486647640765
5715,7.039280842706683
5716,1.1598502334096177
5717,6.263200280180869
5718,2.8061917244786185
5719,6.386659922656259
5720,5.154143027269507
5721,3.999751521061583
5722,8.708941142777073
5723,5.103730920721861
5724,4.290258981779255
5725,8.383939262900281
5726,5.1094243137425766
5727,7.658099008140264
5728,5.3306763259064045
5729,6.492205832296887
5730,2.616692180839159
5731,4.3169814946927305
5732,6.669663080314858
5733,6.695953648088441
5734,7.474493802523509
5735,4.750680947106379
5736,6.690069692373451
5737,5.57093007955954
5738,4.91813301824074
5739,4.198768304568153
5740,7.561932700701187
5741,2.9241193794505067
5742,9.631202116926922
5743,5.649761248312595
5744,5.0389423018810735
5745,7.093509828798233
5746,6.234538011804629
5747,3.351240348409372
5748,6.519198855334028
5749,4.832564899719629
5750,6.199454239698984
5751,5.452935843814364
5752,2.802518637136738
5753,7.593790045091242
5754,5.925128132299453
5755,6.807516111222244
5756,1.408382159884226
5757,4.67716220485114
5758,6.531356551146082
5759,9.441305493790363
5760,4.995310274612683
5761,6.228709119977539
5762,3.8282209048815963
5763,3.632201548584784
5764,6.697616810379641
5765,6.686623968015274
5766,4.283576063550204
5767,7.799829885835038
5768,3.2396077445371887
5769,6.861187821900086
5770,0.1325927993644465
5771,4.889539045219015
5772,7.927615238611871
5773,4.702345342134564
5774,6.549081483996114
5775,5.553810871190227
5776,3.007558408053275
5777,5.839016456473024
5778,4.581622707342479
5779,8.121158483242075
5780,5.452767915621564
5781,6.271448145630143
5782,2.3895010123840956
5783,2.896692307464956
5784,4.7167518466928176
5785,3.208685312179952
5786,7.748130775444824
5787,7.611837298623302
5788,7.493116183630889
5789,5.957440955008844
5790,8.49567983625684
5791,4.107412705205686
5792,5.490272700271032
5793,6.940996997292993
5794,3.6147768706983903
5795,8.938728323227899
5796,6.062365492105516
5797,9.710676802105898
5798,8.670098467145717
5799,3.9639489226557503
5800,6.638764474684608
5801,5.241891265588734
5802,6.094318538233518
5803,8.310106136632399
5804,4.47670871845695
5805,7.893921764471592
5806,5.730448559993841
5807,9.493603728728903
5808,7.24294571265998
5809,5.755196434151911
5810,7.266389982072691
5811,5.295053870581109
5812,6.38794575894366
5813,8.822243691553684
5814,5.323972846888248
5815,4.90321961251387
5816,6.661095696319023
5817,7.131538416281911
5818,5.591715577867312
5819,7.766010341631936
5820,7.921482961713243
5821,9.057018572345044
5822,5.9554697739164295
5823,6.894024098261461
5824,7.038608776513968
5825,7.666260571605872
5826,9.319675992764079
5827,4.782625715415368
5828,8.683750277593449
5829,5.1787247819289615
5830,3.169247833232597
5831,5.593970560878259
5832,4.1067835850902545
5833,4.671601962107848
5834,6.0755275098576
5835,3.285279375957866
5836,4.588708615815199
5837,6.52629022602513
5838,6.430207776238255
5839,8.031824421919938
5840,4.997934374952193
5841,4.804634490884356
5842,7.6177785830394935
5843,8.502013440533343
5844,8.594001766238987
5845,9.075189695912437
5846,3.382235937830359
5847,4.784390096479453
5848,7.607813770582443
5849,5.835069597518618
5850,4.566636620954055
5851,5.612766089845728
5852,5.521700474105608
5853,6.930526570849425
5854,6.935000481495739
5855,4.680870053978984
5856,7.099805362197758
5857,6.567289438301988
5858,8.781629494355169
5859,8.336769300893277
5860,6.328793257607025
5861,5.5379542889357944
5862,5.366334580081214
5863,5.4496604830022575
5864,8.850931661869893
5865,6.505125679109938
5866,2.50317484191611
5867,3.463978014407238
5868,3.5809172091842134
5869,6.5149041075118514
5870,2.2424614898022717
5871,5.672817245553389
5872,5.601974180157377
5873,7.298820217606827
5874,6.8439311722750755
5875,6.4862753916470455
5876,3.6786695788991266
5877,6.474351154947112
5878,5.651981730989009
5879,3.5159567529749554
5880,6.306049251852194
5881,5.489798086444907
5882,2.4178610439866275
5883,4.627954141252493
5884,7.102726623807851
5885,4.560586772467436
5886,5.579109955297586
5887,7.735242776317099
5888,9.259211884381047
5889,6.150028296614253
5890,7.012648914412461
5891,5.136806502684566
5892,6.500822940370531
5893,8.553693069753288
5894,5.747549265498522
5895,7.833989064498715
5896,6.01600061971641
5897,4.002816496254182
5898,7.276539007053484
5899,5.738123925417754
5900,6.733517683672585
5901,5.795916487698395
5902,4.440027602332409
5903,6.64797476557586
5904,8.73788784727623
5905,7.215759648989926
5906,1.3609842954885916
5907,5.569428665397745
5908,6.633661396567573
5909,4.227238354660532
5910,2.519630534416543
5911,6.1770764056296965
5912,5.520319957357808
5913,6.683875473015435
5914,4.266205053732901
5915,6.990723038021308
5916,7.444085719700739
5917,8.491004443345506
5918,6.616190966734149
5919,4.126648958852431
5920,7.31140318540711
5921,6.504588486876889
5922,5.842371640727943
5923,4.953810941325408
5924,9.903967941684305
5925,8.744282151150676
5926,6.3630921494793125
5927,7.505202893033461
5928,4.145634680146662
5929,6.472602950115534
5930,6.725515755383316
5931,7.356183836323433
5932,7.979943782832043
5933,4.9016639133138415
5934,7.964975716474032
5935,3.784062604170162
5936,5.683900495903148
5937,7.1497041443313405
5938,4.8408693531940585
5939,6.428832814051478
5940,7.654361969561542
5941,7.399030789924316
5942,3.881238166695661
5943,5.884773282495573
5944,7.41535485874477
5945,8.720824982659598
5946,9.74154688146582
5947,4.645886137566066
5948,5.206030227014795
5949,4.523219068096536
5950,0.10769688682640084
5951,5.94221273356297
5952,4.129121104448628
5953,4.8420392406612365
5954,7.764467432203328
5955,7.401769844020601
5956,8.886663748353246
5957,7.9868241394337645
5958,5.658262576440146
5959,5.860741059646466
5960,5.1225341900932015
5961,8.050621792217504
5962,5.068105567474641
5963,3.9156095268166893
5964,4.338250597300734
5965,5.698706660306054
5966,6.508192838916861
5967,8.474620470001785
5968,3.1196125739284897
5969,5.023598818207123
5970,4.8376718061241135
5971,5.495676450094875
5972,8.905043224554825
5973,6.295001598193961
5974,5.890033357851399
5975,8.027716895231388
5976,7.4449876613341885
5977,8.769988904186535
5978,6.276826078637017
5979,9.314240221373682
5980,4.906841317188686
5981,7.264369053568705
5982,6.460422363590316
5983,7.555123517198074
5984,6.527969850596806
5985,7.693599137975722
5986,6.728505121156279
5987,4.9307340202145875
5988,5.342009682942512
5989,4.790384569557771
5990,6.407433077036525
5991,9.106863660145397
5992,5.784948353776626
5993,7.58889215352969
5994,4.204986592066698
5995,3.1626122518453945
5996,5.700120077936363
5997,5.868893796889754
5998,6.283461845672145
5999,5.3523559305464
6000,6.113020777470362
6001,7.544164149963882
6002,6.180027684425363
6003,4.594292845707598
6004,5.035703361646304
6005,6.100092889538767
6006,8.96505287829989
6007,8.561978282807397
6008,9.313507366926796
6009,5.254828435171992
6010,7.223382421098378
6011,6.081954891128815
6012,0.9701945298209562
6013,4.145118335091844
6014,5.766268126482002
6015,6.30864400017376
6016,8.432661717467415
6017,5.573369761282927
6018,8.574831966266748
6019,8.070700289265158
6020,4.079365851158953
6021,8.991198738947524
6022,6.610960538900287
6023,3.875999477962625
6024,4.55885326226601
6025,6.078279255912567
6026,8.301550004213233
6027,8.52313897543172
6028,3.873545586828814
6029,7.504754239351937
6030,6.445244802859444
6031,7.721766901177486
6032,9.938756330396469
6033,6.5734309214203845
6034,4.942301352492217
6035,6.302882483786665
6036,8.75229135603487
6037,7.834823833213991
6038,6.522121736099207
6039,8.353303889951462
6040,3.7906968500344975
6041,7.468240918254589
6042,7.3353199634633075
6043,8.955644497335609
6044,8.359630882871972
6045,6.340452168717318
6046,6.511055744892587
6047,1.5999471006015153
6048,3.84024927577697
6049,6.788769814867668
6050,8.278629612345268
6051,3.8342849116569475
6052,4.759248111931861
6053,3.2280386814934765
6054,7.3512956131675695
6055,5.021083332569129
6056,4.103030704928324
6057,5.165562663589968
6058,8.79240255927807
6059,4.462388682937066
6060,1.5906707959277875
6061,6.783220582384878
6062,7.587421386540304
6063,6.452277603939183
6064,5.443783455348656
6065,5.472716581575154
6066,7.103869116312717
6067,3.8500764240552825
6068,6.995877510215443
6069,2.2277464916394414
6070,4.082748759650441
6071,6.348546589071262
6072,5.432589524654368
6073,4.313456715280087
6074,6.006205150686093
6075,3.2164015386168456
6076,6.198228152988339
6077,4.733986225530835
6078,6.57929496924883
6079,2.9877911354177455
6080,3.563970176441346
6081,8.582438728312358
6082,3.4201300285791887
6083,6.5738648162770605
6084,6.459919004150629
6085,5.380526036585843
6086,7.895195158595634
6087,5.294050723277559
6088,4.7398906589869885
6089,5.656349649029655
6090,5.462310010080815
6091,5.1686876214864865
6092,6.463007743620733
6093,6.362849649005382
6094,7.519466933825515
6095,6.607253334984975
6096,7.787239996232344
6097,3.8600486676511707
6098,7.564879311607794
6099,8.336481191812238
6100,4.883142972010214
6101,6.335520134066681
6102,5.662599892101421
6103,3.6259159107018606
6104,7.387014016731473
6105,7.8592166516243696
6106,6.611222584835514
6107,6.906172393293285
6108,5.7007070303426035
6109,9.10433087601362
6110,3.0576267702917947
6111,5.985313113877824
6112,5.2638235833774205
6113,6.182372687327094
6114,5.060593073616792
6115,7.241155975058161
6116,5.04130458678567
6117,8.32623940868039
6118,7.878280356392014
6119,4.998222533869833
6120,4.418362943717987
6121,8.646003736286476
6122,3.638156522207641
6123,2.8725503526533473
6124,6.7977140427981215
6125,9.802014667552962
6126,7.923319013847933
6127,8.601844418732757
6128,4.448853194929717
6129,3.4629800505023196
6130,4.892511353376459
6131,6.668432023068339
6132,4.765112107350968
6133,6.446215351506138
6134,7.810465352658776
6135,2.917925299636456
6136,4.029016724248519
6137,4.524139110026777
6138,4.459159191087685
6139,5.104064796993854
6140,6.320131067040058
6141,4.547651704071762
6142,5.653996647186604
6143,7.877048840363784
6144,6.029416895454274
6145,5.261284922506508
6146,6.998507778164108
6147,6.808155648413889
6148,7.499495247451733
6149,4.6382711591934305
6150,7.991430264593779
6151,2.8192555299043174
6152,6.902152145078901
6153,5.887871036804334
6154,6.142933072880085
6155,9.383292900361049
6156,3.0333011528732734
6157,6.258970860019578
6158,5.190088252559935
6159,6.097031560722989
6160,5.218235495401182
6161,5.408368989687076
6162,7.512336797096194
6163,6.36865917879652
6164,5.2846992594929665
6165,3.605346950672439
6166,6.60065632162714
6167,6.937649169970944
6168,5.937788274733383
6169,3.7018637607239504
6170,6.537617399098151
6171,4.128211737823973
6172,4.81947073108581
6173,5.488476736656882
6174,3.7192661780902134
6175,5.761247591700538
6176,7.769234686733581
6177,6.923871967614245
6178,7.810543128700249
6179,9.119046119924562
6180,7.538267478850291
6181,3.247920735761305
6182,5.039424972655988
6183,1.9660498157319766
6184,4.248308534037536
6185,3.905002092942815
6186,7.681540908876867
6187,4.2522035782313665
6188,4.464587734968861
6189,9.768655469431923
6190,6.9830062300768265
6191,6.559863515534987
6192,6.305158651298926
6193,6.756794765697945
6194,7.229886663742024
6195,2.3213974326435123
6196,4.706010416135424
6197,4.790108082706796
6198,4.726635555273503
6199,7.526764665993758
6200,7.9480484322480205
6201,5.45939220916336
6202,3.7031142222123608
6203,4.491928175963066
6204,3.1837849240940193
6205,7.728595346625255
6206,7.105645948413567
6207,3.973511376021991
6208,7.861183538197525
6209,4.202799173527645
6210,5.043781431263525
6211,4.368566948876554
6212,6.111553076518239
6213,7.305004727422182
6214,5.913834618074522
6215,4.380688404282908
6216,7.642012188847306
6217,8.78334111484794
6218,4.451201736359461
6219,6.376390880027046
6220,3.651869270044327
6221,5.708193083900574
6222,4.453144768893031
6223,5.731285994321077
6224,4.653458304192613
6225,6.269606050180809
6226,7.307559261146812
6227,4.771540714675143
6228,7.122638220086306
6229,5.5278337195953595
6230,7.454994453036062
6231,5.835890838308702
6232,6.048422704140131
6233,9.52225166722465
6234,8.185389651462746
6235,7.409014032889772
6236,5.059688409922246
6237,6.796260634786165
6238,8.912540571654052
6239,5.183174824821097
6240,7.047349896724954
6241,5.0296066414696465
6242,5.858147772010834
6243,4.479963629686493
6244,6.311368608177945
6245,5.045474571094099
6246,8.003603198750692
6247,5.937160027361557
6248,9.155828863489345
6249,5.0104119928583675
6250,2.903035409122142
6251,9.998413309947383
6252,3.9022002595684677
6253,6.66370244880185
6254,5.521464411999725
6255,6.924712923930168
6256,5.601915769926123
6257,5.6438572875696025
6258,4.129136274239116
6259,3.2616093404506175
6260,3.08703874776877
6261,6.052816440714547
6262,8.686181264059794
6263,8.709459575405424
6264,5.956478003504762
6265,6.665648457806727
6266,2.574430553662473
6267,4.676311430272304
6268,5.247509742339377
6269,6.515761331361975
6270,5.764088378349132
6271,4.216400825709135
6272,1.5401154964118038
6273,7.6571376566273575
6274,4.46220573778279
6275,4.478241542179619
6276,5.418648663940727
6277,5.109888012738416
6278,7.257358140967645
6279,7.270478342932735
6280,6.602515436723094
6281,2.6811164448499993
6282,4.77686003325047
6283,5.767419311258623
6284,7.185580121664404
6285,8.18422195994033
6286,4.210201019006975
6287,5.288836034807637
6288,9.26326877831919
6289,3.4043452821125344
6290,6.353403208104885
6291,3.942492534949845
6292,2.366666205824555
6293,6.203790996461605
6294,6.326828203433067
6295,6.023685690464275
6296,7.758455855331403
6297,6.597268073326978
6298,6.782121084389208
6299,4.206180641079385
6300,5.111878725418372
6301,4.626447188167735
6302,5.872932099335318
6303,3.8451539845937077
6304,3.596834890995506
6305,6.990467638171083
6306,6.393677280242189
6307,6.820896511320848
6308,5.0097709253404235
6309,5.442623538216911
6310,5.1926798093703965
6311,8.551671505013303
6312,7.14946047440128
6313,3.0402076226805312
6314,7.091537985577086
6315,5.035619537740954
6316,7.96455914021765
6317,9.41388366333018
6318,3.453084467949334
6319,3.8888813684935584
6320,5.400498674491277
6321,4.978013884422657
6322,7.87753372072004
6323,2.6732355036782254
6324,3.9787144833148576
6325,7.043020983755835
6326,6.2802023391167765
6327,4.383124297972015
6328,5.022187317986126
6329,9.079910831226524
6330,5.0634803458056155
6331,7.035489463179914
6332,6.407812917786073
6333,7.875624491566396
6334,6.732133177714331
6335,6.142886485707494
6336,7.004901494098275
6337,3.284993404278319
6338,7.649596528502377
6339,2.7690849023033737
6340,5.217256717163103
6341,4.584519340938455
6342,4.826755108589405
6343,6.954202724014905
6344,1.62699591529682
6345,3.1759395245872293
6346,6.745747255317804
6347,6.308342016018314
6348,5.481724085532134
6349,7.171445970494011
6350,6.900291997614886
6351,7.838505238359572
6352,2.327736667972927
6353,7.1308998338001945
6354,9.340683117507963
6355,7.248485612678445
6356,5.485195510902424
6357,4.288001190796633
6358,6.182198458470067
6359,6.76132948565603
6360,7.6460806174054765
6361,6.190275331530532
6362,9.393622024850066
6363,6.58139334299471
6364,5.568224749370723
6365,6.643540598500977
6366,8.089753563120103
6367,6.54164229715756
6368,7.759331423285443
6369,7.809101193250255
6370,4.398403595367735
6371,8.12964622718885
6372,3.883252810880202
6373,5.655416039221666
6374,9.118831183885453
6375,8.905755631997405
6376,4.689100768558172
6377,4.47688688197362
6378,3.580506798692388
6379,9.119129269497147
6380,4.301396673872285
6381,1.6225935692812599
6382,2.083520531582498
6383,7.072151294736604
6384,7.268765839940673
6385,8.06488669467964
6386,7.776524538900759
6387,5.567999430746693
6388,6.255116413125897
6389,5.751105218033785
6390,8.742173995007509
6391,7.333947685693093
6392,4.295857904531281
6393,4.475625179530572
6394,3.1615292241247124
6395,6.053283523909995
6396,4.098781402504236
6397,4.80339310880863
6398,5.643725351684305
6399,5.149021731170585
6400,7.4456372080026725
6401,6.794438523399046
6402,7.623437279055118
6403,8.23766051997521
6404,0.9203687686847996
6405,8.570907071989907
6406,7.043255397302156
6407,5.08410204967199
6408,7.70807495292623
6409,6.403640531738313
6410,5.670927853019229
6411,9.320243468457202
6412,4.208579773151294
6413,4.264957231371613
6414,2.1868396757497974
6415,4.089813932870904
6416,1.7320996298409994
6417,4.30531443141828
6418,6.3817703858848045
6419,8.954349231703366
6420,6.036531273635968
6421,9.715109621115403
6422,7.768037997842977
6423,6.512180351515049
6424,9.631716509613554
6425,8.520118522110158
6426,4.9544311515397395
6427,4.895963600112071
6428,6.354639338450528
6429,3.6062510706221502
6430,6.508181293231059
6431,3.499511544097738
6432,7.888729017888052
6433,2.864315770367263
6434,7.459272582209297
6435,8.5034343714646
6436,4.567716379760959
6437,6.894797975567913
6438,7.518054194758949
6439,6.1367086939792435
6440,6.156585810068838
6441,6.434846982102279
6442,2.446990295131813
6443,3.997799764582876
6444,7.6604599177141495
6445,8.010946034980176
6446,9.877153320465279
6447,5.765544026021368
6448,4.914656536564224
6449,4.849787845969077
6450,5.799560199553551
6451,9.057414202168896
6452,9.948387575819732
6453,3.7864412972358017
6454,6.9669266659714335
6455,7.766808361437628
6456,5.54822196153629
6457,8.36352717807831
6458,4.46483321578291
6459,2.9951509177931928
6460,6.566199378350771
6461,8.158151506477031
6462,7.777980565276056
6463,6.528501857020186
6464,8.019402932125432
6465,8.740288257122941
6466,5.11592469992574
6467,7.178017089577753
6468,4.291899000856992
6469,7.045676924166156
6470,8.585665735613862
6471,7.255954244183523
6472,4.951753157258452
6473,3.8353935657952647
6474,7.369134181803314
6475,5.31361410381718
6476,5.075540787322814
6477,8.50076838330652
6478,7.33864550861752
6479,8.218256255680656
6480,7.99218961240822
6481,6.389291702543273
6482,5.050438424027994
6483,5.7667165911480085
6484,5.878341718569243
6485,7.54913884551496
6486,5.160449491056511
6487,4.090047559099232
6488,9.996576146646754
6489,5.427923464532522
6490,2.687786097269832
6491,4.710371324379642
6492,5.909819880880627
6493,3.233255940848122
6494,4.434211807990994
6495,5.256239783448576
6496,7.803130190034646
6497,5.8115793580934865
6498,5.912070224122257
6499,5.780274673155815
6500,8.823924653258127
6501,2.655418079249563
6502,2.3053966436272173
6503,7.960721721983591
6504,9.260649582234976
6505,4.718729107936754
6506,3.8871668925516105
6507,6.675693271533261
6508,5.677601216016375
6509,6.393223351265914
6510,6.832163753143282
6511,7.260273286527808
6512,6.502949767052475
6513,6.31483020530221
6514,4.280691434255011
6515,3.9436530771311666
6516,9.353245738943988
6517,6.355850719329693
6518,4.8560600840930634
6519,6.181890467233172
6520,7.776556373284523
6521,2.8426754636942944
6522,3.797055385072375
6523,3.343162029070922
6524,8.497091907411257
6525,8.002454587486868
6526,8.886481784913338
6527,4.208167242421958
6528,6.349276709224222
6529,4.203295757081607
6530,6.330250892472212
6531,7.432276729729423
6532,2.9451084305164508
6533,8.711680576543007
6534,5.482634593221013
6535,5.809158676919294
6536,6.720330548299829
6537,6.549726890664196
6538,5.082878905068346
6539,7.021185777025695
6540,5.953362356226831
6541,6.777292147996315
6542,4.300986625584377
6543,7.53316363371612
6544,6.982105984674791
6545,6.014574121483111
6546,8.17435411016277
6547,3.77160969529755
6548,6.054920048595374
6549,3.62933514036433
6550,6.768359580285835
6551,3.265932296527845
6552,5.373318836605217
6553,6.869348396115923
6554,5.622644398524274
6555,2.3152432366897244
6556,7.450105215373836
6557,2.5667037297170423
6558,7.244562596936217
6559,6.555663719855163
6560,4.517141842519462
6561,6.282712793829344
6562,5.02462638336618
6563,5.726260532639189
6564,3.3100930234191424
6565,4.368869725448633
6566,9.270255655805027
6567,7.861973831461924
6568,7.302114386985099
6569,2.801900681042471
6570,7.73797362666785
6571,7.5244621536601715
6572,2.9647989667838983
6573,3.9645724845520585
6574,8.182737364957337
6575,5.939873171859334
6576,4.577704200250176
6577,6.806746246092617
6578,7.730938883698249
6579,4.5670252877220445
6580,3.8205381952082837
6581,4.055486418520924
6582,8.518749663191846
6583,8.768488377697551
6584,8.462141295864871
6585,8.587062129577891
6586,7.843873131297047
6587,6.504965429582842
6588,2.063680941513872
6589,5.883321582920419
6590,5.902046886398655
6591,9.373438147394733
6592,7.796106026216134
6593,6.387057002288659
6594,5.889818048597228
6595,6.761541992908414
6596,6.433387857828253
6597,6.095479086994754
6598,7.1173653951647
6599,5.749019412449659
6600,8.401453514960693
6601,7.585660113976397
6602,4.006334139546325
6603,7.520051965842427
6604,6.787606074538314
6605,6.466254603569325
6606,7.605159932212541
6607,5.138554540496287
6608,6.7640049003785006
6609,2.298384929857462
6610,0.29030780722949934
6611,7.005810747499302
6612,6.097822814446744
6613,3.8976116077072973
6614,2.7303999392809706
6615,6.47035578570039
6616,4.57064906648011
6617,3.663267283537228
6618,7.556063331563074
6619,2.758505400486687
6620,2.054150969023529
6621,5.108309527931029
6622,8.002103840214154
6623,6.6166010012364
6624,4.151286458749265
6625,7.099979807982253
6626,3.5197675944835005
6627,7.836871752732312
6628,4.5321373872933775
6629,7.66092957763648
6630,5.90045960560672
6631,6.761811956124838
6632,5.796921692375607
6633,8.025287992817962
6634,7.502380479687285
6635,7.557039517746697
6636,5.433023504307031
6637,1.9126173291442572
6638,4.42748788696926
6639,5.519030961710856
6640,5.711375489561287
6641,6.769621876126112
6642,6.46551908258575
6643,4.131512673716098
6644,5.705319556128768
6645,7.685641836261979
6646,9.208065199737629
6647,2.2767745871413685
6648,3.673369426273375
6649,5.610442631564941
6650,4.567864095096092
6651,5.3183879826575335
6652,8.731945805363912
6653,5.955138864623862
6654,9.337851376369114
6655,6.332351400334001
6656,7.1910710133658995
6657,7.4956270145377575
6658,8.087017870940768
6659,3.236593049119743
6660,3.7451872024280646
6661,7.24335203914749
6662,9.35478472709313
6663,7.870447699569378
6664,6.698955272314372
6665,6.111364398517994
6666,8.701045336520929
6667,5.941520382037946
6668,6.345017649384727
6669,9.546688281173624
6670,6.140441869732048
6671,5.871276319285794
6672,5.141919875849219
6673,6.1766448836276595
6674,7.346523913578713
6675,6.192196456724748
6676,7.254580561227881
6677,8.792345844296438
6678,7.198124075992993
6679,7.155058249359167
6680,6.991414264787385
6681,4.992782715217798
6682,6.865924074022328
6683,7.1664989037924745
6684,5.673894030481994
6685,5.839348889428909
6686,6.416083485049796
6687,7.365710434713447
6688,6.200195532167894
6689,6.996749575043374
6690,6.755549823201525
6691,6.329453787857089
6692,9.258381739821553
6693,4.110905595240535
6694,7.444951641860118
6695,6.8480300852131935
6696,4.468338644148351
6697,5.6529970979108946
6698,5.832407558006684
6699,4.519263599899156
6700,3.7270657826715534
6701,4.183935876436803
6702,9.012266619215891
6703,7.745568502746055
6704,6.740920870905754
6705,7.441645099541162
6706,9.490861838992577
6707,3.937032682925929
6708,7.860344747317981
6709,3.4600943684000756
6710,7.096985447026382
6711,8.195463177491492
6712,7.644982670413545
6713,4.988433840631164
6714,5.827489918394404
6715,4.56203338001123
6716,6.9183207652240455
6717,5.52946845093944
6718,3.4025831774218878
6719,6.585300335545921
6720,6.046513059430631
6721,3.7248721999514
6722,4.3543502839356645
6723,8.76230085047339
6724,8.350752042916172
6725,6.367982288618174
6726,2.0046507068464914
6727,7.549370999986115
6728,2.9148888835836466
6729,5.539535842301102
6730,9.160123965207045
6731,3.794440149553511
6732,4.516091605990196
6733,7.272341808433529
6734,7.928031929504243
6735,3.392978878165855
6736,7.728591922343922
6737,4.831981670694321
6738,5.938784419211272
6739,6.064171067575054
6740,7.137499012425797
6741,7.185569804609858
6742,9.093456098253876
6743,5.5488593474832
6744,9.06928223410156
6745,1.3612585810056883
6746,6.11720955557684
6747,7.936081829379776
6748,4.166837891351362
6749,8.854449184785476
6750,5.05874652730189
6751,5.711906595322656
6752,9.058189958703895
6753,7.007214598707094
6754,7.196946733758656
6755,7.352094924614576
6756,5.283324162153846
6757,5.055246493272151
6758,5.2554944165549475
6759,2.2007566014182545
6760,7.1674052100677486
6761,5.319292771752536
6762,5.792834448146676
6763,7.276081332353476
6764,3.8519435089788145
6765,4.320293501831033
6766,2.6212775008770106
6767,8.173837849635175
6768,6.68171054651557
6769,5.5803139287528465
6770,5.849833817597441
6771,4.148314628024837
6772,8.011590054977301
6773,1.19653339482924
6774,4.721019238338384
6775,7.054202334036523
6776,3.0119343275315043
6777,6.783874068944899
6778,7.0688569247788875
6779,5.562356366877056
6780,6.5359465208553384
6781,5.514808304192399
6782,7.086597707200648
6783,5.960755724749748
6784,4.733341273021454
6785,6.349672968351721
6786,6.128610417494355
6787,6.610895895227197
6788,5.7355148520686114
6789,2.5269077688301316
6790,5.149362498078181
6791,3.9169186765399857
6792,6.849210297940607
6793,6.005359372495839
6794,6.581790415949196
6795,4.734299590368728
6796,8.30299086760586
6797,5.626796023515917
6798,4.203580541854244
6799,9.144845414383354
6800,8.341073103928972
6801,6.019493865548642
6802,6.238957313704797
6803,8.3641183141287
6804,5.679093600136017
6805,5.186499808715414
6806,2.6906765788547093
6807,3.2404628979512586
6808,5.033044189508547
6809,7.1113915228219255
6810,4.61709104150288
6811,4.687351689129827
6812,6.177036182449876
6813,8.712358412297927
6814,6.49170831972548
6815,2.72913077207081
6816,9.441390090092744
6817,3.8028958895765257
6818,7.135027300439958
6819,6.258890537470537
6820,6.4446338130609195
6821,3.1514779167160594
6822,1.853056375256075
6823,7.099244773714719
6824,3.488357324383749
6825,6.23624516798173
6826,7.293343097135528
6827,9.412316597971179
6828,5.4262983490891035
6829,4.289287692161661
6830,6.279418699091677
6831,8.426784411491072
6832,2.3504213726328222
6833,7.650899284373923
6834,4.7216774795015155
6835,7.180355881828452
6836,7.362711861976974
6837,9.94342398755462
6838,4.138557450241398
6839,7.804498347455409
6840,4.9063770669601565
6841,5.957417320647399
6842,7.645041498955571
6843,1.8841965612124263
6844,5.4089921827646466
6845,7.925086540769544
6846,6.412526005995369
6847,5.210070843999878
6848,6.599563337763986
6849,4.374936936894659
6850,5.1671313549087206
6851,3.3484887189687065
6852,5.5754749073366465
6853,5.3900416300085725
6854,8.944519561082021
6855,5.389352612928372
6856,2.4207612865113406
6857,8.849400446443694
6858,6.994831731475452
6859,7.76873465745774
6860,4.117764974342746
6861,4.198119517975584
6862,7.88127611320314
6863,4.600614903717958
6864,3.6925372369393785
6865,6.651444268109531
6866,3.3092932823526495
6867,8.875855017700674
6868,4.87555043645034
6869,7.638421089461431
6870,5.129047710366898
6871,6.295358447695983
6872,5.12537885378603
6873,3.371841276744836
6874,8.611003347687928
6875,4.579704520002121
6876,6.733518412074008
6877,6.48991086906819
6878,4.579481376744134
6879,4.351224172149076
6880,7.568846976188292
6881,5.604798464807526
6882,6.0111056392940805
6883,5.894917010511674
6884,8.630661728866938
6885,8.012322038250842
6886,3.8482729484267635
6887,5.259073875413193
6888,4.9585893065842335
6889,8.152529658173709
6890,3.471083222737014
6891,6.580366909890685
6892,7.737001807240752
6893,5.410300500243727
6894,8.475848951015154
6895,7.643569287989214
6896,5.41085470553593
6897,4.161655939102593
6898,8.34152745533477
6899,7.208273444776301
6900,4.334162568204384
6901,9.716200515579564
6902,8.315069981513256
6903,6.76638542102931
6904,5.18608165007781
6905,5.8971702854386745
6906,5.861672834027445
6907,4.4531897400679235
6908,7.683169906898334
6909,8.190227602082402
6910,4.254121646921189
6911,4.745138419713396
6912,2.725742150917273
6913,7.180944545232151
6914,6.659394908806837
6915,7.091238470986042
6916,5.549322683199597
6917,5.923675614465844
6918,7.280414910141053
6919,5.9723702706990425
6920,1.9408104900002499
6921,5.242438033509745
6922,8.655240531786282
6923,7.587367906936684
6924,7.372276738915014
6925,6.345445943155694
6926,2.849362527509067
6927,6.339736526394905
6928,7.782149582054738
6929,7.435596843605374
6930,9.159861383942225
6931,5.433457829339449
6932,7.293201070968824
6933,6.278350995274872
6934,6.366163746095031
6935,9.599572178420953
6936,2.9622789291239213
6937,8.891460485262144
6938,7.893887594218471
6939,8.2783372032044
6940,2.656625965472693
6941,6.5009684399785215
6942,3.9944047694238036
6943,3.917690988540059
6944,5.047848036089282
6945,4.497924959462486
6946,7.1965143781168965
6947,4.721343396259678
6948,4.586162275962548
6949,2.906072535176164
6950,5.096595536988906
6951,4.462852727291059
6952,6.2734723913711
6953,2.5459493985910147
6954,3.4741424439063757
6955,6.96714108351366
6956,6.569811450655907
6957,7.304435452018249
6958,5.820195750810569
6959,4.109675152288064
6960,4.200746655523479
6961,5.728445475953212
6962,8.137549470885896
6963,7.367348761585615
6964,3.662914696086201
6965,9.99538846761519
6966,4.941485254595782
6967,5.5327944973837635
6968,2.677450854355116
6969,5.729712329921659
6970,7.291674713949459
6971,7.249998137613543
6972,4.07390254481721
6973,3.3321688745521074
6974,4.25561364028715
6975,6.293243128138394
6976,5.856535870313799
6977,6.148673720013496
6978,7.605198769955142
6979,8.094703615142857
6980,4.117928443661991
6981,3.1884915804564153
6982,4.511095760651502
6983,5.258703197369796
6984,6.426691592626497
6985,7.915493839020303
6986,3.747335221296521
6987,3.0524963053135736
6988,8.953182110277098
6989,5.436733881279757
6990,3.746250187734571
6991,3.3041318770825745
6992,6.813784358021922
6993,4.299176324373592
6994,5.951455009092337
6995,5.131832945452051
6996,3.150883046872484
6997,3.794387518946425
6998,6.963698144932183
6999,8.159827416310819
7000,4.440830225192187
7001,8.171468755002982
7002,6.905845357246645
7003,4.215085080283968
7004,7.697668812905929
7005,6.027178162262116
7006,7.499936474616463
7007,6.3019976740335695
7008,8.311864804961674
7009,6.94921213044168
7010,6.636194277656989
7011,2.558048651477473
7012,7.285522240743115
7013,9.300892783194497
7014,3.28403465101738
7015,4.44698565872526
7016,6.424718419561495
7017,2.70769118750885
7018,7.39553071120734
7019,5.800127573318346
7020,9.212656034890927
7021,3.9921301921813295
7022,3.0675269772175957
7023,6.247940673315783
7024,4.915470795059774
7025,2.9600510757678387
7026,5.320889377126891
7027,8.25715667775172
7028,4.2316787813049785
7029,7.759016231590145
7030,7.445113548712561
7031,8.476015588846982
7032,4.114294964587712
7033,6.642361323160662
7034,7.092450850216585
7035,5.96986341238186
7036,7.526933843504774
7037,7.506398306177007
7038,8.36284796608869
7039,5.956028048747653
7040,8.967466115359555
7041,8.655691973104318
7042,4.883551383927923
7043,2.7762082086698436
7044,6.028120537977819
7045,4.648651057782569
7046,9.31401558217414
7047,3.169568110493882
7048,5.013861443016414
7049,7.868497937233999
7050,8.95555268949215
7051,5.799007553353546
7052,7.192585122981479
7053,4.609151546277322
7054,5.225538192502
7055,6.234330961657937
7056,4.324392267972717
7057,4.898979716293702
7058,7.104034706512384
7059,7.931058028826873
7060,5.779813074165427
7061,3.4690817102920137
7062,6.048036184463078
7063,7.7848276897230875
7064,4.392105518903318
7065,7.119861970477464
7066,1.5158682702847714
7067,4.2898816433008795
7068,7.2458815810950625
7069,3.7458057309019166
7070,2.701671439629247
7071,8.39023333756489
7072,7.390886743180718
7073,4.993950635444419
7074,5.090061141510509
7075,8.681055028941424
7076,9.30985672266212
7077,8.424940448852427
7078,6.358613640292378
7079,8.328607769546517
7080,5.077301976767226
7081,6.455094088974612
7082,7.5403598903421
7083,4.221466229699045
7084,6.985641716631564
7085,3.4886270796625665
7086,7.9007846947918186
7087,6.488899321746773
7088,4.045285006116697
7089,6.823111446816766
7090,9.60165974086606
7091,6.255546410885695
7092,4.631947081829756
7093,5.06267046967389
7094,9.103215172282919
7095,4.281990316634133
7096,4.682467409477449
7097,8.246386467278985
7098,4.618158172379423
7099,7.75962284753805
7100,7.085043639623306
7101,6.081814911442246
7102,8.106860765935473
7103,6.91334871376864
7104,7.688420402862603
7105,6.1757387859191315
7106,3.267394324809947
7107,4.7734309963328485
7108,7.320885732717118
7109,6.678346186059573
7110,4.283189434573257
7111,5.56663494758787
7112,4.106722994351521
7113,6.73425034111685
7114,6.173348370376251
7115,8.280223520441378
7116,8.820572554159126
7117,4.8358118179020755
7118,6.321260063040368
7119,7.554073160815963
7120,4.744344914634903
7121,5.327712222289603
7122,4.848218154490532
7123,4.674097692883256
7124,3.8868181837340208
7125,5.175833795303857
7126,7.681482742420774
7127,5.27034184319958
7128,7.148988731994804
7129,6.677883046875602
7130,7.424565245656123
7131,7.107990023816751
7132,6.651877861297331
7133,7.379543223236972
7134,7.301274948799119
7135,6.532256555388669
7136,4.381640665645547
7137,6.109506750663334
7138,4.920995993488616
7139,4.525360216988851
7140,4.153229292298652
7141,9.728344478797647
7142,5.4582278148417105
7143,5.1985940894702125
7144,3.2361040900705786
7145,5.370176332796685
7146,4.6966658121517755
7147,7.889034077186665
7148,5.574148509346687
7149,7.271272398477608
7150,5.7916892452650695
7151,7.796751487371239
7152,6.312419682480697
7153,1.71185855763085
7154,9.227844994627807
7155,6.820392921360268
7156,1.999326171779164
7157,4.504565524291048
7158,4.163736199640046
7159,5.567291220072151
7160,5.2397845785672335
7161,6.776316406494431
7162,6.043589115605182
7163,6.502939351642621
7164,8.599704056587978
7165,8.746892736165446
7166,3.4307544712912184
7167,6.483991444388002
7168,4.386668719852167
7169,5.357446602187572
7170,6.667593376986145
7171,4.4975423764753435
7172,6.263737120954439
7173,7.836162638624971
7174,8.972861615688664
7175,4.1973776948100925
7176,7.510929592076965
7177,3.667840561480131
7178,8.461461602771788
7179,6.417305763986468
7180,4.756381355777092
7181,6.496499271343518
7182,5.736503854818848
7183,7.5052124759363865
7184,2.1126819715936924
7185,6.466014337614764
7186,7.329905863779857
7187,5.273523681161194
7188,2.583491352513371
7189,5.796318772844833
7190,5.23434520077713
7191,3.0377343107430326
7192,8.619574077837083
7193,8.234932257741573
7194,3.4142890748861925
7195,7.598128108048944
7196,5.867886760950026
7197,6.633559551827363
7198,6.025817995905689
7199,7.790901322625402
7200,7.197163885057447
7201,5.65750138356929
7202,6.5921835942799545
7203,6.191734980368212
7204,6.2013469089244815
7205,3.1397120836795063
7206,6.721469453638714
7207,5.933156530067814
7208,6.276715664595418
7209,5.947875986735574
7210,6.926292609496673
7211,5.747212007282674
7212,5.459586610163
7213,5.643471689885508
7214,5.982624461740988
7215,5.200409690888227
7216,4.138108450907693
7217,7.369740956931667
7218,5.64758251491415
7219,7.91715229676028
7220,3.924660370452196
7221,7.440066266705782
7222,4.686984051896235
7223,6.67626510132196
7224,6.117255263621361
7225,7.316001072185562
7226,6.78532352576268
7227,5.997804214283754
7228,3.6837896795138727
7229,8.57769375383157
7230,6.313097082863628
7231,3.063220343439622
7232,7.515399052169224
7233,8.145310161814809
7234,2.8332218347657148
7235,5.382675166793668
7236,7.902253086681941
7237,6.000753421845103
7238,8.50688987162592
7239,5.860757830899181
7240,3.368029900301648
7241,3.8964472342150467
7242,8.390740177572477
7243,8.853339818655083
7244,3.1385543833201015
7245,3.8656242884999528
7246,3.3876673330395617
7247,4.049529084720301
7248,3.780648654986456
7249,5.704856259021787
7250,7.570981906266935
7251,6.118044066522946
7252,5.153047800059296
7253,7.648152623693347
7254,7.885979226911109
7255,4.092867696395706
7256,6.936642387070476
7257,4.330635261076233
7258,2.9250490953761457
7259,5.82271670276709
7260,9.588082940975898
7261,5.809262808673386
7262,5.791746843158476
7263,4.683564497534967
7264,3.099009461288911
7265,8.062867527713454
7266,4.348650911098116
7267,2.8922712480921535
7268,6.234630620126463
7269,4.877983866290542
7270,6.991542787439888
7271,3.9707713527148796
7272,7.311913236051796
7273,6.608052878068031
7274,5.108752922030548
7275,6.716803066459148
7276,6.0483266625006396
7277,5.328556928152234
7278,5.816881058884258
7279,6.400379587859429
7280,6.44995353022197
7281,8.837387784281066
7282,6.127339063231359
7283,5.449664793644422
7284,8.748398103529405
7285,7.46544872801303
7286,2.974336090318002
7287,4.698240758857297
7288,5.82757860992052
7289,5.031187546886889
7290,6.7479628715723905
7291,3.5812709862013534
7292,5.639149804120632
7293,4.668366078046047
7294,5.090457734195672
7295,9.670072538212073
7296,8.011053209898678
7297,6.837516878086585
7298,5.4747589367687075
7299,7.366846043583981
7300,4.601595086864056
7301,6.896215851840532
7302,5.351588571086527
7303,5.109009808537287
7304,8.25208693251027
7305,5.813835627168724
7306,5.245677102268951
7307,7.015075899352877
7308,4.783551729133005
7309,7.621131308326686
7310,1.9467634114874017
7311,7.210312655500466
7312,7.689081018014683
7313,6.373749032337978
7314,5.946036923837063
7315,5.817479237049616
7316,4.324897325703953
7317,7.543794765211629
7318,2.677996185993406
7319,7.403246039942246
7320,3.8254587934464594
7321,4.624517198937761
7322,5.64793989170961
7323,5.907653739620374
7324,4.620996631000986
7325,6.639336109526435
7326,5.832131874198188
7327,4.138270549167011
7328,7.090661419439195
7329,3.376574986102989
7330,7.840138049419151
7331,4.011134673792377
7332,7.372828220476094
7333,7.850724680745316
7334,5.788850734408965
7335,6.01183590586042
7336,6.109492819569494
7337,4.093684326310562
7338,4.540355771535894
7339,4.78206935317198
7340,5.4611274282496485
7341,4.3616694962664235
7342,4.644747271696731
7343,7.951100745830462
7344,6.028452689341625
7345,3.4022615104811345
7346,7.602157789724403
7347,8.137525102581938
7348,7.402108447431422
7349,6.5497317405297055
7350,4.637309848777534
7351,5.360437638029989
7352,6.162776226507749
7353,5.326291856443218
7354,6.962564706575736
7355,7.737832247873837
7356,5.446155147712669
7357,8.816145726041853
7358,6.681381963457842
7359,5.889547096158125
7360,8.035518858370057
7361,9.031669238194379
7362,7.389932990203633
7363,3.799402871432916
7364,6.711101521536369
7365,6.360533875977626
7366,6.253315188794609
7367,6.032499274720541
7368,3.687834605455767
7369,8.391204000880885
7370,6.23547559179637
7371,8.958128135871984
7372,6.323869766185327
7373,8.561131344048805
7374,6.488770073129279
7375,4.010000762044389
7376,5.489457233201437
7377,5.670556259722704
7378,2.8206850385301565
7379,9.330322326385375
7380,6.721198060198373
7381,6.007449718808782
7382,7.9564371241218605
7383,3.298383031297836
7384,8.074925335387707
7385,4.799924252723352
7386,5.92337524725395
7387,6.597315385214418
7388,5.6529092676948585
7389,4.866763669914212
7390,6.343731935824067
7391,7.140591557459244
7392,5.865844023249794
7393,9.3908730071718
7394,7.59732718022276
7395,3.4335248497125095
7396,5.864118367617562
7397,7.908450416855961
7398,2.233575064169389
7399,4.4181633260161135
7400,7.954821300419582
7401,4.257363271627935
7402,3.2612328397032884
7403,9.364572499688414
7404,6.373806972675787
7405,5.338149833066396
7406,7.594613023770944
7407,7.643282161563796
7408,7.519470997832497
7409,8.444459766894244
7410,7.451780063919266
7411,8.150074294692235
7412,3.2013220953462764
7413,4.851404090118328
7414,4.805276042507219
7415,6.047333793381242
7416,5.580760849930849
7417,7.034162649149974
7418,4.046611931200645
7419,6.114671266339205
7420,5.098548076489832
7421,3.3611754202851927
7422,5.788196774816331
7423,8.443008850506258
7424,9.423683447801407
7425,3.1088382610714995
7426,5.162010003317726
7427,5.630347646145962
7428,3.9725550674961196
7429,3.4570336839380205
7430,2.147797835336911
7431,6.069594694166431
7432,6.362217809392594
7433,5.11895886723744
7434,4.301515321088207
7435,4.862694584123275
7436,7.724112778504901
7437,8.935447381442952
7438,4.781184116412696
7439,6.236942249550621
7440,8.528919258583917
7441,6.38076030803335
7442,4.01840117902224
7443,8.737339333885933
7444,6.1369612899353125
7445,7.798819145945943
7446,4.172434514815639
7447,8.214804115926578
7448,4.967489830599478
7449,5.379809945032929
7450,8.450592104963839
7451,6.280780879436539
7452,6.222336032295859
7453,4.175252319029622
7454,6.7463372254680625
7455,3.874517493597682
7456,6.836894798953516
7457,7.0510222902710336
7458,5.527657853831592
7459,3.618124225713621
7460,7.554636167369258
7461,8.280173237771374
7462,3.215803176669838
7463,7.899633943279757
7464,6.093659874104887
7465,8.688484266670745
7466,6.74887940363062
7467,8.966672901271126
7468,6.70603507277511
7469,3.9590117960379425
7470,6.388733452182825
7471,6.284912519892418
7472,3.322608296828638
7473,6.068959736248984
7474,5.320178692134104
7475,3.1598201048726855
7476,4.868231465223041
7477,2.2223015454078867
7478,6.435767023622992
7479,4.774507756574696
7480,8.935331133255314
7481,6.9052789888377974
7482,4.504281438789805
7483,7.740939468811261
7484,8.09974983487265
7485,4.959051965818574
7486,8.764232432753193
7487,4.714276519241771
7488,5.349345581959439
7489,5.432857575815549
7490,5.479684589464855
7491,4.2378490653096765
7492,4.570321856842604
7493,8.39936421834013
7494,6.07992795908895
7495,6.911796060196456
7496,7.0663285791292
7497,6.491963813689873
7498,6.532043248447164
7499,9.393068349234294
7500,5.6641347459044
7501,6.066196372031653
7502,8.111633377548056
7503,4.411517131834039
7504,7.203198306567051
7505,6.074821230907064
7506,6.356925701302689
7507,8.71621022462258
7508,5.235479597425453
7509,0.9663259929965777
7510,8.830976566879912
7511,5.255578146798394
7512,5.596193737608194
7513,5.639119013269952
7514,8.098675090070042
7515,4.789872680931493
7516,7.442523119636469
7517,2.772669182135672
7518,5.630883050851836
7519,2.719213789314873
7520,4.6180209195984485
7521,9.080444943145586
7522,5.6646454154892165
7523,3.4713063214394104
7524,8.09926846699896
7525,6.6068638117569
7526,7.5471681990839325
7527,5.870960318709221
7528,3.495432774708082
7529,7.431734101664413
7530,5.644700343233669
7531,5.444658354351974
7532,9.373858424200625
7533,6.853490489513943
7534,6.830106146181905
7535,5.30740863204924
7536,7.712154420103344
7537,7.727792435392429
7538,6.462283786648605
7539,5.924082726200668
7540,6.114633039684694
7541,3.9039892510001986
7542,7.723061270811923
7543,5.43170523685367
7544,2.64360931522213
7545,5.123124246536887
7546,5.3520758227718
7547,4.206916580368194
7548,7.252905859998222
7549,8.302819799018106
7550,4.739600985078202
7551,7.979471501785463
7552,6.16076482294279
7553,6.665614396020096
7554,8.91901286011608
7555,6.757059768862733
7556,6.1008352139277955
7557,8.057763633630278
7558,4.241562084710928
7559,2.8286955723752927
7560,2.476412438910782
7561,5.988930467672651
7562,4.581942258441638
7563,7.5646904575713405
7564,6.578280249364903
7565,8.614463534335192
7566,5.6288221705070995
7567,7.008555695995916
7568,7.574277162943913
7569,5.846823797830428
7570,3.1302995648754113
7571,6.60078310671914
7572,7.247519435349363
7573,9.793894798449205
7574,5.933188416718363
7575,7.622806882201526
7576,5.047025015013459
7577,7.043805606106477
7578,6.156853016596792
7579,8.001434641495504
7580,4.019018867696628
7581,6.905146184795308
7582,1.8971704784096695
7583,5.92962797252216
7584,4.138594131177961
7585,6.3101715004689565
7586,3.8118708345446235
7587,6.433483153902898
7588,4.598585074182465
7589,8.242435313993841
7590,2.005464286053648
7591,3.3090018627651974
7592,6.129450198570071
7593,6.5602225333246285
7594,3.8088433953848506
7595,6.445560436298851
7596,3.276403863675509
7597,6.515648341486717
7598,6.113809435576613
7599,4.107805026349527
7600,7.586215444610337
7601,8.931364346353586
7602,1.0080882266441464
7603,3.8912777772269678
7604,3.6670207524295413
7605,5.4625008619141315
7606,6.282849466454227
7607,8.319440838924676
7608,8.923744620129344
7609,7.734201325729866
7610,4.885569107846019
7611,5.115664018071284
7612,6.681593763803773
7613,7.8413145014408325
7614,6.987041278320203
7615,7.918947633078592
7616,6.453591216690529
7617,7.209671071665713
7618,5.624493981432635
7619,3.70793401988641
7620,3.9355090061951126
7621,8.039640611885714
7622,3.8340670273196444
7623,7.507803531874165
7624,6.8223792518784405
7625,5.6617879553475285
7626,1.0776569496506299
7627,5.361217232719547
7628,5.527182998633693
7629,4.196950632408591
7630,3.0218928685920403
7631,6.206838997259217
7632,8.380176152029852
7633,7.012364895654453
7634,1.47734550595938
7635,4.907436452766033
7636,7.636973851126156
7637,2.3739528503199017
7638,6.755537503723572
7639,7.765198495633198
7640,8.274013071143253
7641,6.622995504437711
7642,8.886070541729797
7643,5.615150710420466
7644,5.709181415229598
7645,6.6859128983511145
7646,5.31312524634974
7647,4.647709836785094
7648,3.331546944112555
7649,3.8753500720663716
7650,6.655908445420872
7651,5.551259472234999
7652,6.015255901293577
7653,3.0707478579289704
7654,6.064090254536689
7655,7.437880381635706
7656,9.551991764031397
7657,7.278285783330847
7658,4.581445116231647
7659,1.1984274529450996
7660,3.883816434310796
7661,4.066922535978521
7662,6.8701052027808185
7663,2.6480424529990088
7664,7.729320262533631
7665,6.422512886930219
7666,6.141678468506517
7667,5.018876907129172
7668,4.847461232302327
7669,6.885132821651135
7670,8.657373569262745
7671,5.954035072851585
7672,6.136646527533723
7673,4.795960383214288
7674,4.9998330935669575
7675,8.907827775356981
7676,3.151276764415875
7677,5.281726945461618
7678,8.75463270478744
7679,8.095211117933962
7680,7.646259538317293
7681,5.5088121566748764
7682,4.059822198343774
7683,5.4593714068866515
7684,4.898029472167597
7685,9.737356382481028
7686,6.54366292605563
7687,8.71583733815307
7688,4.054376385560124
7689,3.038025061069904
7690,6.4461926734108586
7691,3.4737121214843354
7692,8.39530183333098
7693,8.056638390049574
7694,5.089445681613585
7695,4.474561921658972
7696,8.639040529937153
7697,3.492888202631942
7698,4.921054300859983
7699,6.843979477694026
7700,7.249276123602279
7701,5.084732701272438
7702,3.4100432862632224
7703,5.403232480698818
7704,5.069388478677675
7705,4.099174005680197
7706,2.1488944724824086
7707,7.18587433791826
7708,6.267383003150108
7709,7.635715588884335
7710,7.014957667359153
7711,7.884276200279406
7712,8.095068129171533
7713,5.164868536980376
7714,9.580387014621817
7715,5.527634282482636
7716,6.838168430921324
7717,7.166494514317684
7718,8.154685676964469
7719,6.406443819905199
7720,8.741602723715484
7721,3.5262571088817927
7722,3.6225045738087758
7723,3.693803264588593
7724,6.256130406969662
7725,5.533054997658654
7726,4.94180117139391
7727,7.118703109088811
7728,5.783930594862379
7729,2.9909037492318715
7730,6.11453834878759
7731,3.4053495783274847
7732,7.6404573355666585
7733,5.626061329259974
7734,5.848161701266475
7735,8.368994086760228
7736,6.636204115138239
7737,5.44125350687313
7738,6.471480764532323
7739,4.278896090927956
7740,6.594243847022376
7741,5.688869381580472
7742,4.824314247014047
7743,5.201342614809176
7744,3.47849240076724
7745,9.387830621471348
7746,6.2328939680612185
7747,6.146210005679796
7748,6.042643260219705
7749,6.576867487265022
7750,3.9488499074262946
7751,6.673015038300082
7752,8.083048238395731
7753,5.6246537000935515
7754,4.9728119758161275
7755,8.53975111975458
7756,8.222978728317326
7757,7.636062830852384
7758,6.521623416067449
7759,8.910124913348637
7760,6.9673871586245
7761,7.740118700267438
7762,5.179948199985178
7763,6.382031840609107
7764,7.233921219731313
7765,5.018684167850803
7766,6.852984222843558
7767,4.624305051917066
7768,4.884557506335478
7769,3.4549470911994233
7770,8.917659916370363
7771,2.67431974751192
7772,5.384867468901547
7773,4.822033249195281
7774,5.3655204298787895
7775,7.577256586127021
7776,6.338633480381736
7777,7.0816946158150955
7778,8.06910297248778
7779,4.637871409146034
7780,6.66290294570216
7781,5.483744169255486
7782,2.73272858245726
7783,6.237894227164857
7784,8.328319976295774
7785,2.446391630197437
7786,2.0900479182851237
7787,3.074195710646955
7788,8.574821566362749
7789,1.6138606025924342
7790,6.44501757305143
7791,3.80878725824752
7792,7.637586096901893
7793,8.235393558102773
7794,6.300944947796227
7795,6.884490881092714
7796,6.858459445640894
7797,6.0508607667427725
7798,8.02102861490336
7799,4.979307086679941
7800,3.7509736478254765
7801,3.01318928919871
7802,3.1005876215019037
7803,4.7953118015871485
7804,5.42612850639957
7805,7.589154736109796
7806,7.546108461866294
7807,4.736148631294914
7808,6.197447799317798
7809,7.8942848505309815
7810,5.72042343000571
7811,4.667886766114616
7812,5.193689876986859
7813,6.455873830644398
7814,3.92422867478009
7815,4.146916325508019
7816,6.836522476376315
7817,3.3512030901706353
7818,3.3959073992371365
7819,6.1533049802033615
7820,5.588763670016384
7821,6.803250142754261
7822,6.551295652152193
7823,7.39917523301016
7824,6.529169853825901
7825,6.103118599043125
7826,5.753942843802148
7827,4.203213176130495
7828,7.791080733433651
7829,7.487815756976142
7830,7.045705197862799
7831,7.238668727890513
7832,2.9251547127879043
7833,7.71418681750375
7834,7.940109450680566
7835,3.7017781495544133
7836,7.532166943887576
7837,5.943719542885386
7838,5.206872265587459
7839,5.036408467417229
7840,8.601041731449461
7841,8.378161619755824
7842,7.764944850173869
7843,7.387128013222859
7844,5.108011274840488
7845,5.747885822689325
7846,5.786347551526776
7847,9.105004597511442
7848,4.359748400644493
7849,2.3190035792905657
7850,4.214151222866322
7851,4.163919013870272
7852,8.021319950873195
7853,5.697339244450102
7854,4.422196881852689
7855,8.188101802380453
7856,6.5376031775784
7857,9.701791999020234
7858,7.087683182718455
7859,9.857192207669906
7860,6.756351677506776
7861,9.68795861811408
7862,4.94912584263668
7863,5.325848024141405
7864,7.793780390720846
7865,9.218709539404705
7866,6.5769612157259045
7867,9.72986620940522
7868,5.040796763336996
7869,7.6170444413241825
7870,8.736572530235943
7871,1.9478835609374012
7872,6.442217501541887
7873,8.201067654961234
7874,6.905588646448922
7875,3.909812935432594
7876,3.979344809854099
7877,5.738276904528906
7878,4.6961621964448295
7879,2.2332556098488743
7880,4.008224151325146
7881,5.892478019155695
7882,7.768311478408937
7883,4.627368805638
7884,3.7082925117680157
7885,6.894530366899177
7886,4.805395944731369
7887,6.316004866410783
7888,7.35602185803612
7889,8.563515038091934
7890,3.9641528426876023
7891,6.110555635514113
7892,6.4346076112103905
7893,2.6173936089579866
7894,7.3361769711124865
7895,3.645499781408341
7896,3.8680525792649143
7897,8.49199427307406
7898,3.3560219923409553
7899,7.558101803356061
7900,3.9811446431063366
7901,7.375839569426203
7902,4.156277923121171
7903,4.468720684951636
7904,6.279956903346941
7905,4.959714796709532
7906,8.006620021597842
7907,3.945464426208197
7908,7.756724589439092
7909,7.976055111346869
7910,7.190057638001077
7911,7.136584943641468
7912,6.0918049429354175
7913,4.172012088391523
7914,3.4733370997184116
7915,5.2787012483375
7916,6.450222466946083
7917,6.894353276975465
7918,4.323662792888843
7919,7.320089522134799
7920,9.325470229909914
7921,6.3072388584212025
7922,4.977892465231283
7923,6.488606669906337
7924,8.451271382752713
7925,4.209387125698345
7926,6.374106371766983
7927,5.5761942449257145
7928,4.619892975923641
7929,8.65120453701441
7930,8.026821722434025
7931,7.561019400957045
7932,5.564144702366953
7933,5.441385343258193
7934,8.012593671320884
7935,8.346302249882445
7936,5.537336260596405
7937,3.541632804188789
7938,5.943598512336659
7939,8.374701717861367
7940,3.6118614754191576
7941,3.7794149325726956
7942,4.042351301597994
7943,6.332384608577969
7944,6.198613850684931
7945,5.822343701882175
7946,4.596277966882001
7947,5.127928788461444
7948,7.352572549604123
7949,5.88833465871284
7950,6.6719222402548635
7951,6.869269236118981
7952,7.672845297169093
7953,5.862374369599603
7954,3.73977328251301
7955,5.236863812588666
7956,6.698219649464531
7957,2.9852358593450736
7958,3.23553201140587
7959,4.766622473819439
7960,6.301241426682677
7961,5.60725591161995
7962,7.066462796377168
7963,7.092215653837293
7964,6.287857933889394
7965,6.278798218174578
7966,7.225057642447274
7967,4.592720651485071
7968,6.2167939912055745
7969,7.348226603594301
7970,7.472547344096884
7971,6.4231523075673085
7972,5.770003125303754
7973,7.819852634664768
7974,5.887616277403735
7975,7.140585170985394
7976,6.411513906072484
7977,8.124828936080801
7978,0.8373998388093711
7979,5.5939423391108996
7980,7.740571844526427
7981,6.276699263388272
7982,3.2859504795520507
7983,5.559483580024408
7984,5.850854951084501
7985,5.4566518141948475
7986,7.050739863415276
7987,4.140574883996677
7988,9.880697239953038
7989,7.312140450022476
7990,7.9168529797533225
7991,0.6804571105656544
7992,2.817854137495643
7993,6.6797291705244985
7994,4.161691509095879
7995,2.9012445996147656
7996,5.959884186646461
7997,8.088787597526307
7998,2.013754216076386
7999,6.555969736657728
8000,5.5301781876958485
8001,6.995310334944537
8002,3.4410877058418885
8003,8.245737062223178
8004,4.797997170441402
8005,7.879707848173242
8006,6.22589672648831
8007,8.909777162918818
8008,5.55707356330633
8009,5.688513855809731
8010,6.557699015263036
8011,4.684093718568532
8012,6.589858877804721
8013,2.432434808913323
8014,5.2899612224290475
8015,5.174006546679729
8016,6.19795456285992
8017,3.9351317475254826
8018,4.089240479167326
8019,5.882746417880329
8020,4.459597348056872
8021,2.7495064200461763
8022,5.459835200713558
8023,2.6104677070809017
8024,5.815045915162945
8025,6.576410136624356
8026,8.739921293321748
8027,8.8459715363974
8028,5.465447243027695
8029,6.605094892023615
8030,3.215469621084542
8031,4.894346774134297
8032,4.519031481314447
8033,8.650554067734058
8034,4.2215949489987565
8035,5.153453314728101
8036,2.1274800699943324
8037,5.191930659677288
8038,7.014019719462624
8039,7.694525690938133
8040,6.165349844178158
8041,6.023097758888276
8042,8.11451306016868
8043,3.3114748398809355
8044,5.8895085146190045
8045,5.852514009739529
8046,7.823754147786966
8047,3.580629776987771
8048,7.263747188391918
8049,3.3071190302540634
8050,7.192214598918869
8051,6.824227618799803
8052,9.008089690333614
8053,9.998413309947383
8054,6.846415277754237
8055,7.8228539797747825
8056,5.405434564673405
8057,6.970862916161751
8058,2.6328052241540716
8059,8.140861674946931
8060,5.2253020737189955
8061,8.981280178996347
8062,4.680242460326768
8063,8.325504613158374
8064,9.035497809458906
8065,6.487304263898873
8066,5.86244332923378
8067,4.344180348271989
8068,3.009794260438641
8069,4.851786637486382
8070,5.161199480056416
8071,7.971472272044098
8072,5.337233120577676
8073,9.357852494171027
8074,7.821334473442258
8075,7.2125523263366444
8076,4.889010155679976
8077,3.751111191768466
8078,5.407959875026009
8079,9.80772249628456
8080,8.792389443927496
8081,8.185993949838531
8082,2.5760165947841274
8083,6.561905482245064
8084,7.825947683004988
8085,8.611565952510846
8086,5.8093073262379695
8087,4.975549050881876
8088,7.289872252879919
8089,5.5611950049150005
8090,5.098298385108108
8091,5.845204868912761
8092,4.542861856532379
8093,3.618968044923683
8094,5.576060468257573
8095,6.889786272344222
8096,2.9089546265278736
8097,9.017296590187584
8098,5.959401988769832
8099,7.082943356783292
8100,5.564464572290713
8101,8.077915706374315
8102,6.358825485181084
8103,8.869012256502108
8104,4.263322066655702
8105,4.707252201825371
8106,1.3246372149002175
8107,4.589349634006318
8108,5.264700579901054
8109,4.699409190017774
8110,5.139453729761468
8111,5.0872040949607635
8112,8.453560199245455
8113,5.89318279597045
8114,2.833774368466127
8115,5.731328455261005
8116,8.16423271654543
8117,6.4892627948578205
8118,6.630744800075883
8119,5.591763955066454
8120,5.245355471943265
8121,2.4416042639039635
8122,5.76186369787079
8123,5.59815406989699
8124,5.725108315355629
8125,7.23070674026972
8126,7.8251487707503244
8127,3.374642190058401
8128,9.102160402496615
8129,9.28578011275884
8130,4.298791985181607
8131,7.533718689576046
8132,8.918511208483704
8133,6.350729055692713
8134,7.1988682925097205
8135,4.269076521813831
8136,6.2064025072558895
8137,4.8820124453695755
8138,8.249932259938316
8139,7.7649531900851
8140,2.767937337369173
8141,2.838506766056274
8142,8.735167365949867
8143,2.804349444134837
8144,6.185367847600964
8145,7.156422879710865
8146,4.463467475463363
8147,9.335928785295788
8148,5.026599879033649
8149,5.027379060525198
8150,8.647943184985419
8151,4.484485259487675
8152,4.0915727984824475
8153,4.403562539156448
8154,4.646804999018876
8155,8.555885753106534
8156,4.608199616680414
8157,4.390610342705232
8158,4.818407111865452
8159,8.733840180007295
8160,1.8593590153018809
8161,6.555483555003069
8162,9.218527949292858
8163,6.403926118983345
8164,7.674179704664153
8165,4.679671030235893
8166,4.863294574236475
8167,5.868669191510834
8168,4.393094937066804
8169,3.417102018952395
8170,6.518370513610631
8171,6.128806604691696
8172,7.647531374136636
8173,4.625948481238741
8174,6.606159669116361
8175,5.578990900334343
8176,7.044185830118788
8177,5.6472366936318465
8178,1.7888506217877342
8179,5.927581935733314
8180,5.138498813612209
8181,4.581932334406488
8182,6.850795345487382
8183,3.7100626852470207
8184,7.950771539687186
8185,6.75123239862468
8186,7.5486243080290665
8187,6.042183273242294
8188,8.370911814076253
8189,6.880658569596657
8190,8.723812003548941
8191,8.03004961213409
8192,8.754275499801249
8193,4.535520481526746
8194,6.9742182919155935
8195,7.08190131215845
8196,4.17935465981082
8197,3.331224074070094
8198,7.177327992042505
8199,0.4322871602140664
8200,5.341626140912376
8201,7.303443772988972
8202,4.14315447681513
8203,4.347920414616416
8204,5.666149403481831
8205,9.085419478962473
8206,4.51746131490647
8207,8.038904887055388
8208,4.300803084851284
8209,4.762792834839393
8210,5.34825892629285
8211,6.906880740521359
8212,4.439874616902687
8213,5.375178938387833
8214,6.238240082271514
8215,6.246393171030232
8216,2.8452022745084817
8217,5.808507746667924
8218,2.7138507527774314
8219,7.121640686645675
8220,9.111171301945285
8221,4.257518152251602
8222,4.355922712345641
8223,7.9883947361048175
8224,3.8795387280528253
8225,7.184656388613417
8226,7.117928696859816
8227,5.150880890484069
8228,5.019629402141886
8229,3.940426830466548
8230,8.957091611435555
8231,7.464361496583573
8232,2.256254267963471
8233,5.296283046855197
8234,8.274437634333795
8235,5.255382675473799
8236,9.233331465389341
8237,6.808011605729772
8238,4.166540332379261
8239,9.845126539024251
8240,6.382820170724464
8241,4.92277628738599
8242,3.257751914154489
8243,6.858521121150611
8244,3.3500098867077917
8245,5.609055609452926
8246,3.3517681460467883
8247,7.562502360501097
8248,3.504560745658737
8249,4.752134938732376
8250,6.842531114651399
8251,6.238561218788629
8252,6.249239913537858
8253,6.959517342283452
8254,4.92993618494304
8255,5.820100364802291
8256,5.1797949490856485
8257,1.8662125031143884
8258,4.565131552510721
8259,3.9413980357712517
8260,4.430232685907635
8261,3.455143697071719
8262,7.151950081880588
8263,3.525348755918036
8264,7.678529992919202
8265,4.858148316588067
8266,6.622370180919672
8267,7.764213964374276
8268,6.264893094913527
8269,3.260270425339319
8270,4.695169166322325
8271,6.666448637938234
8272,3.9257117032498057
8273,8.034270012425239
8274,7.271070277584686
8275,9.932313347141967
8276,4.888351299955177
8277,5.51947222816141
8278,4.177820258810856
8279,4.13705194632566
8280,7.354741169637035
8281,8.242999940631215
8282,6.803664124228083
8283,4.5569450040789485
8284,3.774235521320107
8285,8.468731897689663
8286,7.80676663164738
8287,4.717917228566078
8288,7.935546296361684
8289,4.882884625085349
8290,6.392971203012775
8291,5.032563156449347
8292,8.836442714585846
8293,7.190754059528383
8294,6.1482487456218475
8295,5.444428207065753
8296,2.7807871582607775
8297,7.3631953874390135
8298,4.156140155133772
8299,9.48535138278184
8300,1.2912396625221316
8301,8.187493646769395
8302,4.357314441836983
8303,2.8422018460396443
8304,5.702861655478512
8305,4.48122543491427
8306,2.2854628215930877
8307,7.608253788896334
8308,7.066539227105008
8309,5.975259918524335
8310,6.336912977492615
8311,7.220752189061132
8312,7.598803620061507
8313,5.370253707059557
8314,6.48559396471498
8315,2.6832074613749843
8316,7.149911317817592
8317,6.7387018347165935
8318,8.482695908210559
8319,4.18607314249092
8320,4.902872439862316
8321,5.29133870694257
8322,7.433135707933526
8323,6.107849491486555
8324,4.229095680906415
8325,4.552828662128995
8326,5.2186363530821325
8327,7.852817003568724
8328,7.661935238939904
8329,7.965725963891709
8330,7.69809187598816
8331,5.815039663927305
8332,3.2475989428266843
8333,6.36383180829631
8334,4.360361138764469
8335,5.885665468879312
8336,7.103468368160317
8337,4.384782037151036
8338,2.2995378328372373
8339,8.019524624642372
8340,4.912568170726236
8341,8.815551869731362
8342,1.8002623831065485
8343,8.624186968694373
8344,6.498173244275837
8345,7.487696771229594
8346,7.105546520547321
8347,7.27004703326174
8348,7.74701118677887
8349,5.062294850642519
8350,5.262153110880201
8351,6.450547934510013
8352,8.137469769246675
8353,1.0333681969083282
8354,9.635437929400924
8355,5.828067036570785
8356,6.931441351984172
8357,1.7744904901444278
8358,6.980673701810606
8359,9.28832040373082
8360,4.484597937154857
8361,6.436690061935178
8362,9.717498224256468
8363,6.931548221959521
8364,4.723779080016717
8365,7.9082878409964055
8366,8.973282948787247
8367,3.4321241351861884
8368,6.988469989191098
8369,5.607402071742242
8370,3.144149214252431
8371,5.557157413152451
8372,6.043215227203306
8373,5.164785468582911
8374,2.57870399153487
8375,7.388852413729825
8376,7.988459652113777
8377,8.278418449446105
8378,4.231088778542885
8379,6.509835466164911
8380,2.3135549577832433
8381,1.913346129096028
8382,5.51785397236887
8383,7.483872721052182
8384,8.005967939681202
8385,3.811208850200356
8386,8.30139112092822
8387,5.170420965035777
8388,8.001234310790188
8389,7.247986667702106
8390,9.199029769962383
8391,9.438825888954664
8392,6.496709464599826
8393,3.8845582221745403
8394,7.636007110864384
8395,5.702800847093411
8396,6.08456533678606
8397,6.101185866861151
8398,6.585625353756962
8399,6.1029986793351325
8400,6.5599289844654605
8401,8.897550048168245
8402,6.150239105894707
8403,7.30151826548163
8404,6.755220891102638
8405,3.715610963369135
8406,4.9416541445563915
8407,5.848864796752383
8408,7.694304627767513
8409,7.660219618727011
8410,5.40403016089773
8411,6.385382116460901
8412,6.833178705391352
8413,6.192566818404666
8414,4.379116574326448
8415,8.5059931120594
8416,7.571861069061451
8417,4.000253252721221
8418,5.463627100909043
8419,6.349233552474522
8420,2.687784269744106
8421,1.2716247603165376
8422,6.0751560339330855
8423,6.229274812295634
8424,4.860346031706995
8425,4.440360014663616
8426,7.088621860052653
8427,5.309134349955715
8428,8.801071918140213
8429,1.656800307575309
8430,5.934384650392792
8431,3.94765955109344
8432,6.517861707238571
8433,7.823660730692072
8434,8.025472244591837
8435,5.370123241525541
8436,5.146307282150351
8437,3.8320103307156694
8438,8.124941167193953
8439,7.225271773298258
8440,3.276815227868204
8441,3.2526473645468514
8442,8.604638810015281
8443,9.933555061755968
8444,8.158670178898513
8445,8.472313885542281
8446,7.997911553133639
8447,7.1963656423119415
8448,2.775497344297812
8449,3.680975637653608
8450,3.276444358724581
8451,6.402575678625743
8452,6.618348887038263
8453,2.519371363153634
8454,2.8719153708001732
8455,8.377220138549806
8456,6.2767407195584015
8457,8.834481194747104
8458,2.4688136032004855
8459,7.59506618195647
8460,8.761051234802727
8461,5.840365164653037
8462,6.036198589009273
8463,7.835909674361119
8464,2.609864737404103
8465,7.201675846809759
8466,4.205306187051054
8467,3.101728921191858
8468,7.73744610637011
8469,5.767000328592502
8470,4.581130988912416
8471,8.31152715816409
8472,4.1788076460558985
8473,4.927994137601066
8474,4.504604403632067
8475,6.1973595470546385
8476,6.475127307045357
8477,7.978208462500666
8478,6.987612905440194
8479,5.878236436038279
8480,4.455190739804804
8481,6.720970628664799
8482,6.502539989006903
8483,6.200518207482358
8484,6.129795821077956
8485,6.168751165077149
8486,9.25668474953024
8487,4.269850436069497
8488,3.9909621957606474
8489,6.513496391697352
8490,5.032915526545024
8491,4.650759651767319
8492,6.132576719928302
8493,6.471939743883064
8494,6.937756286193151
8495,6.5613050215953646
8496,3.349635291256186
8497,6.856008052354513
8498,7.300534586383219
8499,6.309914453085349
8500,6.269694970483362
8501,1.4824187216495197
8502,4.704545537430079
8503,2.6775157280652437
8504,7.372285483999512
8505,6.782839290897388
8506,5.767826176973671
8507,7.017356985574291
8508,6.9161348861492105
8509,9.21111716846352
8510,8.455554203371864
8511,6.91305820627183
8512,4.697815437595752
8513,6.9332095961537465
8514,7.285605450908807
8515,7.095970839501243
8516,7.067743110215247
8517,6.616432320547455
8518,4.901143544531708
8519,6.028564651237648
8520,3.324678300398131
8521,9.718164866205626
8522,3.815126502702878
8523,7.90156115460087
8524,4.584759735595219
8525,7.764897163510926
8526,7.7769142029977285
8527,7.408807550074623
8528,5.922848483910688
8529,5.19769621280587
8530,5.702902585748655
8531,3.4406432441953667
8532,7.4845513940727795
8533,8.74314601059943
8534,3.9600241148485837
8535,6.294204996622538
8536,2.745928192425572
8537,7.932268441596216
8538,9.689127013798462
8539,6.287626830071046
8540,6.901165974892287
8541,5.483868541591627
8542,1.5882723531772167
8543,3.493934897518649
8544,8.456341947169419
8545,7.485004225599175
8546,4.135505281263876
8547,7.276808418037662
8548,5.489194557541704
8549,7.665844725229954
8550,6.91422878819422
8551,7.7305734208608525
8552,7.269547909144647
8553,5.81531914444007
8554,2.467579207651024
8555,8.10407092112776
8556,6.946616696699559
8557,6.111171701037156
8558,4.877627794760943
8559,6.234298892193722
8560,4.0774108209668825
8561,5.970240667360013
8562,7.597308623544262
8563,8.874441420855447
8564,7.281921479077276
8565,4.768964830486974
8566,6.624689240553702
8567,7.623385295908238
8568,7.154756245394277
8569,8.23863273577275
8570,9.917388310263686
8571,3.2251967061582123
8572,5.161649478294664
8573,7.408894152994675
8574,5.131227986969198
8575,1.8854932237162552
8576,6.038348423164076
8577,7.36434665863131
8578,8.30252460915959
8579,6.314254145112091
8580,5.313321734030765
8581,5.110638212976026
8582,6.723946790439589
8583,6.12457473705796
8584,5.657460408506648
8585,7.7666508559030065
8586,3.262610918707586
8587,7.95661645372098
8588,6.173145716382746
8589,4.887431053864033
8590,9.322923693798908
8591,7.035926352052232
8592,2.9624620319206527
8593,7.116904512635531
8594,7.436690948985249
8595,3.866472626743861
8596,8.071642366940248
8597,7.2773627092916815
8598,6.096029891008814
8599,3.28534779592936
8600,2.2832285957576968
8601,7.553641793101471
8602,2.606431204615279
8603,1.6007034145092909
8604,5.004394228032725
8605,6.189660270255425
8606,7.016032870503059
8607,3.2122420486710554
8608,7.855099762186208
8609,5.992677411733598
8610,6.224728282618661
8611,7.992979681681637
8612,4.454147553338909
8613,4.961441555709419
8614,4.930929903632618
8615,7.650309042997963
8616,4.887517972033558
8617,8.537191416740622
8618,5.360811728150962
8619,7.312021760242684
8620,7.932940615316819
8621,8.677574188598758
8622,7.8837801655823085
8623,6.0675711212582835
8624,6.371788050712439
8625,7.278709333123648
8626,4.9783382246349905
8627,5.707825324329532
8628,6.5817719955165614
8629,2.192417434896633
8630,6.243507166163143
8631,6.890893227098884
8632,6.567696335212453
8633,6.613966504666896
8634,5.762412670542163
8635,7.743945246523367
8636,6.364032886442564
8637,6.456190542567965
8638,8.710612569367024
8639,4.64641844246569
8640,9.325630496115242
8641,5.301829984331382
8642,1.2034106683285013
8643,3.7570323832122154
8644,6.505266470562688
8645,7.68097768498551
8646,6.386395299884209
8647,7.634692862711854
8648,5.249211569964713
8649,8.714132031335115
8650,6.708440993279176
8651,5.707355999721665
8652,4.830502888126554
8653,7.993547156327755
8654,4.445688530312003
8655,7.551399187757579
8656,5.618180129836036
8657,3.8914183707037244
8658,7.337914727591203
8659,4.895182547187073
8660,2.618887581308237
8661,5.11679558066795
8662,6.99454400148652
8663,4.776921068399782
8664,5.911952096845608
8665,5.7777231805736875
8666,4.239347061263692
8667,6.835825111948064
8668,4.932631925572198
8669,6.023254854350498
8670,6.9697875463367165
8671,9.007307227448809
8672,4.897140596034658
8673,5.570284754444833
8674,7.081873655971146
8675,4.25274311108297
8676,6.995432131802248
8677,6.385595575116023
8678,6.656694589437455
8679,7.350319128838754
8680,8.22299263681323
8681,8.128435153391369
8682,4.261943546006885
8683,3.6528024221784974
8684,9.857612962339
8685,4.220251013638604
8686,6.210230753723188
8687,6.787234569014112
8688,7.988715556406584
8689,7.131337601469274
8690,5.742465565388577
8691,4.31336793668992
8692,8.150099066264627
8693,9.998303850086597
8694,3.3886781595235176
8695,6.173674369681483
8696,6.291773278505447
8697,3.3585170212479754
8698,6.059562811068579
8699,4.63110526925548
8700,8.779986727633773
8701,3.5939235726524537
8702,6.528501183985876
8703,9.984928907019405
8704,7.667501649765517
8705,5.854642333884341
8706,4.876181090773425
8707,7.758505020466356
8708,3.2511028967853806
8709,5.178028328109382
8710,3.780462570596826
8711,7.164168525839426
8712,3.2726365816450596
8713,4.8694777948081125
8714,9.39201718227259
8715,3.67223739588418
8716,4.2429336545571745
8717,6.104363532515944
8718,6.824929030616522
8719,6.209569123744204
8720,5.680673159716076
8721,3.6893102120282086
8722,4.305645592853262
8723,2.4374773161528425
8724,4.829227512979507
8725,3.411621901624739
8726,3.5532763603048823
8727,8.040759486581619
8728,9.024110367177087
8729,3.810334901403654
8730,4.829035776333004
8731,7.789468983200709
8732,9.694110151525972
8733,8.361760991296098
8734,5.693820078203671
8735,7.36212517977003
8736,8.05177104527034
8737,7.973547097180061
8738,8.199410517503672
8739,8.083424683950932
8740,3.468832427129088
8741,5.490371175379616
8742,6.023824507605637
8743,5.332528813894493
8744,8.633273149822447
8745,6.485991424672145
8746,6.969110743514847
8747,9.472497222438516
8748,3.22059768465327
8749,4.284117120194413
8750,3.2608733931694864
8751,5.132712467581294
8752,5.415121052693417
8753,7.766296983393493
8754,5.279113985327598
8755,6.550521658241223
8756,6.837249635977329
8757,0.03836765953120637
8758,4.905178707570576
8759,3.275156579300107
8760,5.1829765210224155
8761,5.889331310585905
8762,6.242711055787131
8763,7.817904353240098
8764,3.314999436507443
8765,9.095775231354931
8766,6.947323492019832
8767,9.09251743015494
8768,3.863263517741495
8769,7.407593970842531
8770,8.925997197554716
8771,7.676511985439101
8772,8.44734460587783
8773,5.375736413558828
8774,5.676366543444513
8775,4.946678342291402
8776,6.714399015952213
8777,6.659166252189611
8778,6.646158876133756
8779,5.964998622287662
8780,6.759177456960505
8781,4.996896526987127
8782,6.203290358837824
8783,6.959458501708357
8784,7.980321848621773
8785,3.284975480523415
8786,3.5673677788344036
8787,2.703875217559386
8788,5.494203149433607
8789,6.567328566855752
8790,8.458357331183155
8791,6.936830045300839
8792,8.282061705983539
8793,5.406229708470283
8794,5.079081906639075
8795,5.140918000748828
8796,3.1140715190596446
8797,4.2506218113470355
8798,7.459964459717272
8799,5.35924353408628
8800,5.002949720187187
8801,2.86599999354609
8802,5.161128747733517
8803,6.630353775641292
8804,7.987305900647627
8805,7.233266313108649
8806,7.12740242754119
8807,4.265304513726542
8808,7.218993075023597
8809,5.731128712785465
8810,4.851794872804735
8811,4.957782869424979
8812,6.058852707491983
8813,6.56577208170097
8814,6.928300231949019
8815,9.308280079355729
8816,6.653232360278079
8817,6.626320434538046
8818,5.878921673486359
8819,4.792167244381011
8820,3.0236811227353364
8821,9.334792649186191
8822,5.385581993505338
8823,8.013563740102168
8824,5.9103323240632095
8825,8.297844071548113
8826,9.33437871448039
8827,5.620224462263178
8828,6.313148867020055
8829,6.061799607294737
8830,5.050954901370396
8831,6.76188062363984
8832,8.959232187212834
8833,5.745465197208586
8834,3.1775881130854637
8835,7.770089267915823
8836,7.473253940295718
8837,8.155013399283035
8838,5.555191826212043
8839,6.689997989124559
8840,5.921218105929169
8841,5.639539762450637
8842,4.7255762826638295
8843,5.910965175614084
8844,8.461168348050862
8845,3.9328531199036023
8846,6.42075546212781
8847,5.108433042750397
8848,6.310888336314858
8849,7.817697804575788
8850,7.182323576117827
8851,5.850514430665385
8852,4.76334075410601
8853,4.141304748225516
8854,6.52294434641978
8855,9.183241158241378
8856,5.036623290518316
8857,4.611424419340757
8858,8.646957504414242
8859,6.009359164991393
8860,3.77875216473815
8861,5.995358632045088
8862,4.445435130174647
8863,6.7920581551650745
8864,6.480573344011934
8865,6.328080968023047
8866,6.672303325900776
8867,5.2497655289611895
8868,6.672656957519242
8869,6.736912584462004
8870,6.7166691169876245
8871,8.419166590476348
8872,6.646961536184046
8873,3.658390783411754
8874,3.086096254518115
8875,7.179709227084102
8876,2.2231551733551074
8877,9.116394135942828
8878,2.7770651195979803
8879,7.477487326535728
8880,9.056356671784757
8881,7.904289041055764
8882,4.723550816589198
8883,7.280034683260787
8884,4.012857480845639
8885,5.030454791090323
8886,5.031800055520923
8887,5.031276474245471
8888,5.094778144359492
8889,5.533499296576443
8890,7.909065419683417
8891,3.702624937156673
8892,6.392821912534641
8893,5.947957811875934
8894,7.502796472164076
8895,2.414982056402721
8896,8.169102051384305
8897,5.397262836629026
8898,7.622233421823884
8899,5.125090301249321
8900,3.8655031274393936
8901,7.666231140188627
8902,4.503404231806515
8903,6.313564852070305
8904,2.8368683252859634
8905,7.112841049141826
8906,6.583575524152472
8907,6.163463855535172
8908,6.658311273250916
8909,4.074008426682363
8910,7.9664259494357665
8911,5.842811307691511
8912,5.209232244035126
8913,5.335111236401583
8914,5.54749518371427
8915,6.352850053245538
8916,3.2235063137887736
8917,4.894767622201441
8918,3.7104407998881888
8919,6.78385839160471
8920,5.171154320799152
8921,6.625427498122893
8922,6.6017829692843035
8923,6.240688684250008
8924,6.039627499938734
8925,6.064320163953239
8926,3.484810399443771
8927,6.696058151611465
8928,5.586854620592547
8929,5.627937270773609
8930,6.671536214132542
8931,7.095227449012453
8932,7.867813241868497
8933,8.007775960302554
8934,6.355682870698576
8935,8.638685309433503
8936,7.524777017697747
8937,7.88381902098335
8938,5.5035239079969624
8939,3.378983369311025
8940,6.987644946272283
8941,5.749236905170173
8942,2.240413211073535
8943,6.913697668881949
8944,8.627484298883806
8945,4.935105400970199
8946,5.869565429067238
8947,6.567813456000167
8948,7.955039809570662
8949,6.202265634846566
8950,6.230135288363146
8951,4.684351592349222
8952,3.3660689937975112
8953,6.139270444322971
8954,7.396862913214858
8955,4.276209833320337
8956,5.2229775604029625
8957,4.900774927094821
8958,5.492070662956209
8959,6.987137312859258
8960,9.075396346357675
8961,5.880985981280874
8962,3.666874828607046
8963,6.76415651391234
8964,6.019986148693616
8965,5.042754740347073
8966,5.208815555524702
8967,9.343809263075013
8968,4.968865881401805
8969,7.990913556343314
8970,5.981292864706369
8971,4.227492311611739
8972,8.316698270128324
8973,7.876395073075261
8974,6.435021156126446
8975,5.237930908547954
8976,8.39788284107286
8977,5.855581946787085
8978,9.196338464968214
8979,6.646418595315035
8980,4.522572743259454
8981,6.586089786298148
8982,7.524925189017635
8983,8.542833666872848
8984,5.844079567353526
8985,3.9488047584919514
8986,3.901955423452056
8987,5.216787248336141
8988,3.9575848056176652
8989,3.8155900665999773
8990,7.045453152341421
8991,5.141834389119356
8992,4.176457412397081
8993,5.785244858115077
8994,4.113693706305432
8995,8.392888462266576
8996,5.412392938547194
8997,6.976277926836043
8998,7.058318118921345
8999,7.9532418937911
9000,6.995299317848788
9001,7.205708846812032
9002,8.119503262133042
9003,6.34409727719959
9004,7.658278846643003
9005,3.1614514490195136
9006,6.6722447558064415
9007,8.722720374160046
9008,5.819416959577204
9009,6.258896736989219
9010,7.960972446844889
9011,5.02616317466999
9012,2.4339361962666612
9013,6.953998876659955
9014,7.634622973281613
9015,3.654516897853875
9016,4.7375577277804615
9017,6.5429973823040655
9018,5.942117868630567
9019,3.631454611639967
9020,6.4159015196899105
9021,4.540740847642136
9022,7.776811278811499
9023,6.207539474048771
9024,7.179636917438069
9025,6.249057910743602
9026,5.661345532831911
9027,6.791560018339611
9028,5.41891306042271
9029,4.542462896095873
9030,5.203369334413537
9031,6.088824045245607
9032,5.313508437103626
9033,4.933605231904181
9034,7.375280470879966
9035,6.320028517191014
9036,1.8304463704272524
9037,5.762185984599325
9038,6.569249024169184
9039,5.566730645586498
9040,6.946354361632689
9041,4.476891946771351
9042,4.036331541421726
9043,5.946859858623428
9044,4.5295808890706954
9045,2.0246362154379742
9046,6.468227276233274
9047,9.569290854330038
9048,8.06719812832944
9049,9.976427954778375
9050,3.9457739845221185
9051,4.605043814404018
9052,7.133997282172459
9053,3.58940855946105
9054,4.053232158775097
9055,7.968564447345929
9056,7.969618327363423
9057,8.502759223429901
9058,9.493169097784529
9059,5.799586549849293
9060,7.533669189176786
9061,2.4891103574897753
9062,5.269772046810166
9063,5.082672760355987
9064,6.4188458289142805
9065,6.6420303876984
9066,5.188493605738637
9067,3.604381757152555
9068,6.564188557949723
9069,6.4654299514282005
9070,6.730044864168538
9071,5.8174639160699195
9072,8.690323159780231
9073,4.41051568115092
9074,2.7102466685166777
9075,5.999167211944493
9076,4.785864428751634
9077,4.904407465664205
9078,5.954790472371745
9079,5.376858096572166
9080,3.5718184606819663
9081,3.866129092446208
9082,7.147256340831214
9083,9.998363065700575
9084,7.110172039240872
9085,8.295326375864498
9086,4.6589012969983346
9087,8.152995829280046
9088,4.315867626095208
9089,7.02953996166436
9090,6.5052746630761416
9091,1.7766507090698618
9092,4.26256941548439
9093,8.061417909451666
9094,4.072046935863936
9095,7.425527998153555
9096,9.392290178522856
9097,7.371525554682708
9098,4.506650242361051
9099,4.983416919418576
9100,9.616565485684486
9101,7.5303936968037375
9102,5.427840884252348
9103,6.137430862003351
9104,4.640597958967102
9105,7.663510038250638
9106,3.9913173532579562
9107,4.879398130356155
9108,3.747528626283008
9109,6.684061418758818
9110,7.341323814599482
9111,5.527556068063643
9112,2.3167730467999146
9113,6.145000565468601
9114,4.71509441276187
9115,6.121952764659127
9116,3.5194154319240694
9117,6.33410797756125
9118,7.953121732964524
9119,6.628195661081837
9120,5.4733686761725115
9121,9.477496670281312
9122,4.249331059913398
9123,7.9321381795364445
9124,9.818737751500459
9125,6.128971947404734
9126,4.8703585880593625
9127,3.8161628262698803
9128,5.86398448221171
9129,4.476718338523767
9130,6.196081686198161
9131,5.205818177679506
9132,6.970065368523338
9133,2.4008205272198078
9134,4.8241760012883095
9135,4.583557209045433
9136,6.668861676836061
9137,7.564657732263325
9138,4.958277433443173
9139,5.3630397106244185
9140,6.110565824082727
9141,5.6138069849366365
9142,8.095685388721263
9143,5.795642877997957
9144,1.9719723545139138
9145,4.0533101008506645
9146,6.045081501744956
9147,6.413757776312268
9148,6.860243969976443
9149,5.6265094509924065
9150,5.706502272387654
9151,5.426225887451549
9152,6.860225022314587
9153,4.996417783354083
9154,5.694485401041851
9155,5.622607537636876
9156,9.217155231548011
9157,5.335030786516681
9158,5.259939468625243
9159,5.489086768008035
9160,4.657584065837589
9161,7.908082346392836
9162,6.539467067233676
9163,4.885122361281879
9164,6.73181263808448
9165,8.13026417630935
9166,6.495460212750617
9167,4.148675428619217
9168,6.441350185425873
9169,7.469244967386058
9170,5.597979708400146
9171,5.205705086093043
9172,8.329351784943984
9173,6.228973398961572
9174,5.470882230196222
9175,5.3336710787489405
9176,4.027634035887486
9177,5.021378944511177
9178,4.469849710830332
9179,4.454253603803662
9180,7.346356144554565
9181,3.9354495569970647
9182,6.562808625395689
9183,9.97358404921702
9184,6.94705011169862
9185,5.637663958352777
9186,3.758054908449701
9187,8.319474388668214
9188,4.885540820008783
9189,4.465120940418248
9190,5.5247944199772245
9191,9.591588158249456
9192,5.875844809633697
9193,5.2571633114634695
9194,7.48138028113385
9195,8.349691058613747
9196,8.86977369852767
9197,5.435233735612175
9198,4.038874351736874
9199,7.634906020752308
9200,4.690297611475049
9201,6.9439091596876255
9202,4.221036590811037
9203,3.7672947098892005
9204,2.105485217630286
9205,7.96997350681073
9206,7.23149087339512
9207,4.4113732374998635
9208,3.412581005143148
9209,4.484853506474858
9210,8.805375978822827
9211,5.640790997895229
9212,5.557252408868266
9213,3.9906999766061935
9214,5.780853045624449
9215,6.606150035480516
9216,4.1646786172526715
9217,6.663884711369124
9218,5.717741115388798
9219,4.067826921779103
9220,6.425444333013099
9221,5.12309906585831
9222,2.2832795221087574
9223,4.736077042231793
9224,5.917028156287138
9225,3.2094402021693904
9226,5.062397176510159
9227,5.804678555319762
9228,5.0678553304408025
9229,9.531548960377924
9230,8.83297370735363
9231,0.8372478690454385
9232,8.766697698730141
9233,5.646099594155375
9234,3.785110018389804
9235,3.083087916677581
9236,4.3989120196918
9237,3.8766732794786427
9238,6.75573800496691
9239,4.131621461307373
9240,2.864321423700061
9241,6.8510107005950776
9242,2.923559321213152
9243,5.9522782119842255
9244,5.8048409134324
9245,9.193292643329094
9246,8.285069133305122
9247,4.40522407971087
9248,5.602820947357229
9249,3.6692385193667882
9250,6.365678633217716
9251,5.9083834052848765
9252,5.029327170535053
9253,6.076889768922691
9254,6.193250843206544
9255,2.8813456009120086
9256,2.824413028134819
9257,4.413790501330953
9258,7.3546946009603875
9259,4.030626710100281
9260,6.874942299054149
9261,5.037752188683297
9262,5.597395213619851
9263,8.422481526660707
9264,2.745162258454041
9265,5.367962324935142
9266,6.425952249226389
9267,7.613132739647905
9268,8.79148255247569
9269,7.133301377194117
9270,6.136691210602519
9271,5.847915154195813
9272,7.167940640824488
9273,8.340405811551424
9274,9.384445471347684
9275,4.727917359569446
9276,9.597882486663574
9277,4.250820258542687
9278,6.360497417676466
9279,8.530050289256627
9280,6.208337642525968
9281,5.536199529897757
9282,3.5055234179310184
9283,3.9851061620901427
9284,7.14480735505511
9285,4.3794056658468055
9286,5.987564502697621
9287,2.266303502752309
9288,2.2035074146279663
9289,7.349924049692028
9290,8.482413395867969
9291,1.9858409117299036
9292,7.703203164522724
9293,5.4724324798927135
9294,2.3596653650491097
9295,5.004557391911283
9296,5.505276747508983
9297,7.640112091366957
9298,4.871681822797814
9299,6.28537429611971
9300,7.523970565860367
9301,3.823867297058586
9302,5.049218368698805
9303,2.0264753335789054
9304,2.9625516924366133
9305,5.674688618107433
9306,3.1483324467365374
9307,2.032188994726678
9308,5.137306026699292
9309,6.191190199467938
9310,8.02392039280293
9311,9.07232573332187
9312,2.3543035440613997
9313,7.255208329770147
9314,9.33022370505242
9315,6.880492957140179
9316,4.345745509896204
9317,2.3084563549896737
9318,5.698330812598899
9319,6.631324387505988
9320,6.841498750825279
9321,8.27611006274945
9322,8.024257930933198
9323,1.568138698167877
9324,2.5583088160063485
9325,6.28969503387649
9326,7.693000733486801
9327,6.789364977511923
9328,3.8670524241417716
9329,3.6987926588074513
9330,1.85730418238458
9331,4.718580902785211
9332,2.878527321258444
9333,4.441104503899815
9334,7.4114406675718625
9335,6.809940613081006
9336,4.686829236626114
9337,8.893739157164957
9338,7.294720543748904
9339,9.083292825337187
9340,7.300085890604547
9341,5.683227362126187
9342,6.24715736298352
9343,6.529100245579379
9344,7.089829682810406
9345,5.510052537871715
9346,4.952144587818184
9347,9.372323562339252
9348,4.921298380081466
9349,6.501871182238949
9350,5.01800350011113
9351,5.016037562645756
9352,7.010865582025612
9353,4.766101897649071
9354,4.7253299140081015
9355,8.54053046717479
9356,5.392566425807689
9357,5.380447289508354
9358,4.528645894185362
9359,7.927164896591267
9360,6.058342675503953
9361,4.924372294567412
9362,6.126137787333402
9363,4.715351097220426
9364,6.929979793194643
9365,3.3799960372644393
9366,7.089581762994525
9367,8.760613944109503
9368,7.657311314070543
9369,7.733715303421012
9370,9.381149174892915
9371,6.315517391697748
9372,6.270256756318284
9373,4.666084284825479
9374,4.0197805661816846
9375,4.506613288539116
9376,6.878314233247795
9377,7.525910454007132
9378,3.46755928280472
9379,6.559908576229432
9380,3.8947926748297697
9381,6.52550516713939
9382,3.1170043533435616
9383,4.959391925518142
9384,8.414893521599685
9385,5.606922699261655
9386,4.451007704948356
9387,4.892759721275463
9388,4.678513538275377
9389,7.888227916131028
9390,6.238258542844249
9391,7.186622961479418
9392,6.2612109342844136
9393,6.806567629308445
9394,5.181622391269051
9395,7.050111424932609
9396,5.200917111196136
9397,5.451990271993036
9398,5.101543696464006
9399,2.660003565949669
9400,3.78741493805297
9401,5.151496558345104
9402,0.8330673508669897
9403,8.258403265403583
9404,6.388210130853222
9405,5.579679146420615
9406,4.912197779953265
9407,7.057335417566408
9408,5.301360936288184
9409,6.514389910547125
9410,4.770387543442266
9411,3.495128887085477
9412,5.607108752027213
9413,7.11257502332558
9414,6.233144529113758
9415,2.7914651471315413
9416,9.646097878811265
9417,5.526166664479658
9418,7.739029693824598
9419,5.07725978180945
9420,2.966709337352451
9421,4.0467773463659915
9422,5.716023096243207
9423,4.033558728741616
9424,8.282389333628078
9425,5.549539444073611
9426,7.066823218094072
9427,8.853532545974574
9428,1.9479466082183574
9429,8.973938041798933
9430,4.983233786053843
9431,7.040867205097825
9432,2.6649554286928607
9433,7.6257619542927015
9434,4.610277354434954
9435,8.39387279583128
9436,5.652188845802337
9437,7.466485580121336
9438,7.047513230608223
9439,5.9677548758043955
9440,0.5379144301507564
9441,1.1089897875226167
9442,4.122196508387223
9443,3.921231968985274
9444,4.959099605488573
9445,8.259405730346618
9446,8.24487732530019
9447,7.72587305372294
9448,7.803894899267185
9449,5.53199686248038
9450,4.951248117247054
9451,7.569884190178368
9452,8.689074503492032
9453,3.2870113770531915
9454,8.802196056423721
9455,7.446316565547664
9456,7.658056523092258
9457,5.764855334718901
9458,8.07402711273718
9459,4.627902095900518
9460,7.0357507539312305
9461,6.377226463488682
9462,7.990542143500278
9463,5.340812260745517
9464,3.1238105290905054
9465,4.193318050973855
9466,8.093089900154288
9467,3.876460817551078
9468,6.333285706558854
9469,2.8179308456493932
9470,6.000137813854133
9471,6.980408519326542
9472,6.178829791300781
9473,4.7051387935164275
9474,0.8874958342725705
9475,6.574468563542434
9476,3.647657997043668
9477,5.852687270798289
9478,6.899166762162203
9479,7.479013214029365
9480,6.480575208806253
9481,6.070971097432039
9482,4.578606602349742
9483,6.7426241162494325
9484,2.9801158220365602
9485,8.7529248200034
9486,6.033399836943204
9487,7.644007200759823
9488,7.626304057649257
9489,5.715464568713938
9490,1.8949510667585212
9491,6.288907630814891
9492,6.598434618363399
9493,6.534870625545042
9494,6.768850597532814
9495,3.413669622358558
9496,2.8996307378539123
9497,7.122192779666953
9498,6.158396014169267
9499,5.9817848055852405
9500,6.242250515412197
9501,3.4286509292498897
9502,9.1761219403299
9503,2.531019318309974
9504,8.942694541853873
9505,4.493829818418295
9506,6.822552977041177
9507,9.285070515554121
9508,7.428360651657764
9509,3.318935232244538
9510,8.439354316199147
9511,4.559940113328266
9512,4.684485637557829
9513,4.046977716958284
9514,5.348137925565407
9515,9.00404598750711
9516,6.238780355858206
9517,6.537051961816969
9518,4.812719687441409
9519,5.408208098576926
9520,8.516004507916207
9521,5.754083814856554
9522,2.5579406531110167
9523,5.359564158001637
9524,6.015369938220735
9525,7.106950901966688
9526,9.041253652711958
9527,7.659112598303906
9528,5.54211128200755
9529,3.3995635913725493
9530,4.93609029359142
9531,4.488937172325615
9532,6.803284499256927
9533,5.203812277530751
9534,5.226322480432013
9535,5.38165220995229
9536,5.108121793241578
9537,6.398856344737941
9538,6.3328758113746675
9539,5.7632325025698545
9540,4.037727061818073
9541,2.8126696904731774
9542,5.266825749350169
9543,4.8895626407323345
9544,4.210008524854376
9545,5.8236543295550565
9546,3.078895939181273
9547,7.569995648258096
9548,4.615756305803946
9549,8.941323835408827
9550,2.2621334052880497
9551,6.604879435311242
9552,5.325233508507946
9553,2.2969766976689856
9554,6.223736517393529
9555,5.332965622394381
9556,5.647441415110542
9557,6.81459103487285
9558,5.321722953866994
9559,4.769014352020855
9560,4.038882370121426
9561,7.055223379257981
9562,8.869769971740604
9563,2.262230688017945
9564,5.732097679924439
9565,7.783133489545722
9566,6.07535755159687
9567,3.716334650303345
9568,5.762349436014769
9569,4.398769038198203
9570,3.424930367851104
9571,4.587949463351442
9572,4.527546845325098
9573,6.966121120326434
9574,7.869469589331038
9575,6.9130985642305545
9576,7.848974024019808
9577,5.3427808472471465
9578,5.963033881682149
9579,6.201653234992298
9580,6.430201016406359
9581,8.01352137508199
9582,4.583870274959554
9583,8.709075271588286
9584,2.913063434543275
9585,6.661651561902485
9586,5.437237672223457
9587,7.667660353460711
9588,3.983058903482282
9589,6.247904810729116
9590,5.917167112226802
9591,5.682543812461163
9592,7.516277904510059
9593,5.445415219340125
9594,5.739048187677146
9595,6.206018256783241
9596,9.065221623729794
9597,6.544352115225498
9598,5.597528641868119
9599,6.332586544637502
9600,6.2572401914073765
9601,4.539062842373001
9602,5.869549342117081
9603,6.3588531945800995
9604,8.958402076849387
9605,5.293680361430146
9606,6.78406231033006
9607,4.862817208768201
9608,6.453068898275122
9609,2.807270421159271
9610,5.856427704209777
9611,8.36476403138541
9612,4.050275524524116
9613,7.191642728396303
9614,3.8264984042701373
9615,7.66241513716637
9616,6.918762415002317
9617,5.980969270344015
9618,7.184212111024029
9619,6.190180005869707
9620,4.642596350116233
9621,5.137883303075708
9622,5.319149631379956
9623,7.732961115060229
9624,6.223646887927887
9625,6.110737589144151
9626,7.242448686085996
9627,4.969834952286344
9628,7.589250727409957
9629,4.377760470001564
9630,7.542877244949134
9631,3.1271958252183922
9632,2.1673428775426977
9633,4.060132356205445
9634,7.113821492005267
9635,4.2972462074953865
9636,3.534496937659976
9637,4.098277846591168
9638,8.042224618842052
9639,5.7147975940680515
9640,7.248015357069238
9641,3.786549085402504
9642,3.7554828035265997
9643,4.499615211356329
9644,6.309465609085075
9645,5.825922325152755
9646,8.090201845369801
9647,7.957334942484303
9648,2.600990805756904
9649,8.539604441639941
9650,5.765833603649014
9651,7.885474284762528
9652,9.301148645230683
9653,6.000122184683688
9654,8.159041807356257
9655,4.166436231240707
9656,9.997231036033096
9657,7.839971476028462
9658,3.440433238861518
9659,6.806065814807331
9660,4.966438822987356
9661,7.769685469750063
9662,1.6660913758072877
9663,2.091467129264509
9664,3.3841807175453993
9665,7.762059606750168
9666,7.813381958359885
9667,7.973162912514631
9668,3.0633945921754004
9669,6.808276633973215
9670,4.058179533428358
9671,2.6823468164426556
9672,5.514747480418177
9673,7.8432765672793945
9674,4.529581518438683
9675,6.281720709592958
9676,6.457570611992912
9677,8.480394353416166
9678,4.997660457323551
9679,5.3069166400154355
9680,4.830490856234766
9681,7.6402255952552895
9682,4.300706269085378
9683,5.959572597376226
9684,5.8280941606946985
9685,6.1993470168534515
9686,5.898135282446816
9687,8.334983805708365
9688,5.981917547374744
9689,9.239915269166236
9690,6.011123671451098
9691,7.290006633692917
9692,7.096448972714508
9693,5.519722671626515
9694,3.549733905921807
9695,5.964167106801906
9696,8.763827388101621
9697,7.813750116735044
9698,6.600263241901622
9699,4.043936296237027
9700,5.920141995627762
9701,5.9980425416280685
9702,5.095873749916922
9703,4.9154209370365445
9704,9.995599443516506
9705,8.512654417802638
9706,7.175150256967685
9707,6.144995252206785
9708,7.0488480395714515
9709,5.606884282377052
9710,2.5821142149885494
9711,5.553191044679724
9712,8.985625701209754
9713,8.1000728164092
9714,7.0260285589005225
9715,6.871678736085407
9716,4.439709573156002
9717,0.9285795908649117
9718,7.040085550524817
9719,4.533379785772154
9720,8.58033515675883
9721,3.0436624664359724
9722,5.965188469233593
9723,4.377766337077327
9724,6.852251488251822
9725,8.467037338916757
9726,7.054823715851512
9727,6.462999566683257
9728,6.91955094287164
9729,5.260964131421741
9730,4.62363212592371
9731,3.3988812786124933
9732,6.742313753600987
9733,8.650042532988076
9734,6.818267899393989
9735,7.658076689506428
9736,3.269471848719374
9737,8.239181382821442
9738,3.329485147299028
9739,7.830310501659541
9740,5.839346106940096
9741,6.866164565753776
9742,3.356229788593023
9743,6.89988950264384
9744,5.120074852143713
9745,6.10913756549457
9746,6.827191326431972
9747,4.678692997910362
9748,6.221538281041733
9749,5.542750732487071
9750,1.9040731859561084
9751,5.762441179714393
9752,4.0555163018703855
9753,9.061841744366111
9754,8.891187470973449
9755,6.721232038727467
9756,6.574376887488713
9757,6.685238561972182
9758,7.056134121634557
9759,5.742815531702953
9760,6.84479697512292
9761,6.652261192121185
9762,7.033439101793549
9763,3.521892315716932
9764,9.141306027717691
9765,5.936303208961834
9766,5.574406186165962
9767,5.900029728921614
9768,2.6422257751766245
9769,3.9296688894098906
9770,3.4150286190915815
9771,5.6202938278093
9772,5.229599549801156
9773,5.6305613939429735
9774,9.412644070999505
9775,3.4188601140989645
9776,4.840176367875748
9777,6.605892396975885
9778,7.933438990417727
9779,8.277208356002518
9780,5.404884252101217
9781,8.846247778708685
9782,6.777867156350919
9783,7.391852110550661
9784,5.776779648291812
9785,6.126884326305602
9786,8.6785931931815
9787,3.239606053407774
9788,4.21575797924975
9789,8.24745315943409
9790,4.783694534996687
9791,2.494873297797418
9792,3.6418262174948266
9793,9.698400205692769
9794,6.6156091811468185
9795,7.291864320950938
9796,4.191043465309695
9797,5.865733822337301
9798,6.945677392601274
9799,4.535931300691485
9800,6.22170591822646
9801,6.916582188527675
9802,8.526411823277346
9803,3.8462654322346084
9804,3.369407873026779
9805,4.6914603315907915
9806,5.793142658059477
9807,5.396748888334068
9808,6.414881591018613
9809,7.3699146704552
9810,2.2496317317543806
9811,7.921398635504002
9812,3.534041834273342
9813,4.341939519582198
9814,5.751402473848661
9815,5.1904268476231135
9816,2.397589496034698
9817,4.819135347627192
9818,8.128927657907646
9819,3.2017617244291925
9820,6.985124836050835
9821,5.043705600850837
9822,5.176336851694672
9823,6.550533745904582
9824,6.457374285808631
9825,8.35714496082424
9826,7.755537347691465
9827,5.38093392476625
9828,6.590046311491426
9829,7.137305688644791
9830,4.180395048175301
9831,7.060314154420853
9832,6.7316617616915035
9833,4.779876566593147
9834,7.915723668275061
9835,5.593674995761068
9836,5.634318945981194
9837,4.724991123013238
9838,4.510357159933638
9839,5.155359163294827
9840,7.663020687542234
9841,8.856431883748076
9842,5.016069767865416
9843,6.465494190452693
9844,9.811661719194593
9845,5.291007647713437
9846,8.308045308984877
9847,4.254110097182307
9848,8.591525482649823
9849,3.3423871057046624
9850,6.571774036264754
9851,5.6334743082004755
9852,7.920038841338145
9853,6.418035055564738
9854,6.433786357716535
9855,5.9060386475995275
9856,5.679192563573144
9857,3.6099220503824063
9858,7.282945434608402
9859,8.099143462290519
9860,6.336861155678193
9861,5.716742165161085
9862,7.11231704464308
9863,5.836184002760872
9864,4.567353822623228
9865,4.940255270997969
9866,5.905566924627938
9867,8.355570268245492
9868,8.749106622599426
9869,2.394977874793226
9870,6.407614203475954
9871,2.9846287145094994
9872,9.443160213991131
9873,6.010411995300372
9874,6.794640211337838
9875,5.436257236982376
9876,5.235308403320031
9877,7.755149174359128
9878,5.123168164996268
9879,4.064726985396293
9880,5.732906467741875
9881,4.794978518298
9882,4.779292088865822
9883,7.265926802144382
9884,5.307339758615648
9885,6.676227789971376
9886,3.8699368380007835
9887,3.754384065326248
9888,3.5913753699563293
9889,7.605968999105487
9890,3.647740742940724
9891,7.975410033656416
9892,7.608725608036576
9893,7.565572238582999
9894,5.476583337426921
9895,7.0081804567848724
9896,4.5356425370397435
9897,6.9277166396407495
9898,8.295838085380755
9899,6.602179944881326
9900,6.796947735900534
9901,6.732987083618765
9902,2.8291698600495527
9903,6.90938951979886
9904,7.288577913389963
9905,2.271525170439376
9906,7.990397046285598
9907,5.235913806500969
9908,4.719154308349812
9909,3.8451111140221967
9910,8.541954935953983
9911,8.110845716719476
9912,7.795491738126222
9913,4.199195426651848
9914,9.271690528391863
9915,4.0174664798284185
9916,5.314860313972224
9917,7.0412649523785245
9918,4.966042182945981
9919,5.081827920652327
9920,5.823195727088664
9921,8.322120366743874
9922,5.068714724930638
9923,7.41249106873294
9924,6.530016089281408
9925,6.778802975170476
9926,3.1372902552026773
9927,3.6907693442276033
9928,6.38489183369731
9929,2.6877139500624705
9930,6.452939220218549
9931,7.0607497836702935
9932,2.983265451331616
9933,7.692436619680636
9934,7.232159066199583
9935,6.682927761090065
9936,6.226839376993278
9937,3.4568052513195004
9938,5.6903029780768195
9939,7.228331248200776
9940,5.331435024132947
9941,9.218370036516266
9942,5.022964680026587
9943,2.705435816437886
9944,7.13146006826955
9945,4.851778292352067
9946,2.2566645375582524
9947,6.516576863203101
9948,5.511033603325488
9949,6.416482977758354
9950,6.629723077215644
9951,8.003822958340418
9952,7.147299125112935
9953,4.789554661771564
9954,4.460312292526701
9955,6.290457941249789
9956,4.1590174112336795
9957,5.727104463239828
9958,5.018258596976699
9959,4.176472581947601
9960,5.45904170527738
9961,5.559019190769814
9962,5.59921469777005
9963,5.716202057824587
9964,4.421766818441523
9965,7.749352255949193
9966,4.537949949994327
9967,4.322292906891022
9968,7.7431789356039955
9969,6.949136471047163
9970,4.721446783301897
9971,0.5423987226589484
9972,9.998099536487905
9973,4.275519836586037
9974,6.115376038258736
9975,5.201795395063144
9976,3.8832204212131516
9977,6.3263525205404285
9978,2.058039527066719
9979,7.1425113113253005
9980,3.908380686200469
9981,5.7473761503086696
9982,8.276123123704
9983,4.8364006314525465
9984,8.019268332734788
9985,6.853629910695349
9986,8.543861429836749
9987,6.8305678904968
9988,8.226832701631974
9989,3.1256512506426715
9990,6.334443793092454
9991,6.060648913290987
9992,2.947552482895458
9993,2.7316950723006554
9994,4.388689897966743
9995,6.053423158971417
9996,6.7903081294569345
9997,7.612215944552756
9998,5.701770690475518
9999,2.8846455567013507
10000,6.775170047171616
10001,5.129605692159505
10002,3.647251269133117
10003,6.634767293886763
10004,5.483324522579856
10005,1.7477599997441449
10006,8.215574659470605
10007,8.839947476692846
10008,8.289699267161357
10009,4.641273116904617
10010,2.923526004492692
10011,6.015085940739797
10012,4.561223038738063
10013,5.915608563132185
10014,8.218742876365315
10015,7.355066535412712
10016,6.576598765509185
10017,8.179246201304533
10018,4.291265226214063
10019,5.1505312222009305
10020,9.356489660753201
10021,4.583954986325958
10022,5.3221032616305814
10023,5.4115725924428855
10024,3.3725847467978776
10025,4.070125330621576
10026,5.924556672047083
10027,6.282050823517558
10028,6.7888406290032055
10029,4.554195027658676
10030,5.652553271067176
10031,7.355174000597607
10032,7.923102803463297
10033,6.092513155382707
10034,6.040713588148973
10035,2.8802236750504933
10036,3.844417721320233
10037,6.561758930627276
10038,5.515184552391073
10039,3.8555108600260697
10040,6.942297095563754
10041,1.1647723385072057
10042,6.779877940968876
10043,2.123203603111662
10044,5.073180328217018
10045,7.29334496758639
10046,5.82792832801424
10047,3.7026663655670395
10048,5.052880728801351
10049,8.13000668262644
10050,5.8832151021371875
10051,4.9254677888693426
10052,5.6500552556951344
10053,4.999690477341099
10054,3.612479935964477
10055,5.258959401267722
10056,9.428383539105683
10057,6.39862647556706
10058,5.276140675953546
10059,5.98042775285308
10060,8.383717234280379
10061,7.485792708272439
10062,3.4756299015815366
10063,4.864349103242134
10064,5.816124455377988
10065,3.101445942864576
10066,8.616386688775487
10067,5.50475109590373
10068,9.350857014195736
10069,5.734372894929663
10070,4.7305553484511425
10071,6.700996150023016
10072,3.7586595291972635
10073,4.2860910959809235
10074,8.605661294315052
10075,8.064388750025781
10076,4.353215194705359
10077,9.155157712125694
10078,4.2668867247003925
10079,4.9584922853178455
10080,7.766254654325403
10081,4.081741805328046
10082,3.8084264820758222
10083,7.288814782994241
10084,5.573975631241932
10085,3.563010408514445
10086,8.185748889325307
10087,2.580515070427694
10088,5.194120965547855
10089,3.6758030298710294
10090,6.941023654571595
10091,1.5580877399068749
10092,5.8048015935442185
10093,7.859570577774328
10094,6.670778292947205
10095,7.9456161838980135
10096,2.316108011129871
10097,6.800052775478896
10098,5.0569605634111525
10099,7.488157062410731
10100,5.091630791652383
10101,7.230901719475353
10102,3.52543509648343
10103,5.307510715250109
10104,7.6193251276444185
10105,6.815215850132461
10106,7.246843498165079
10107,6.678038289297371
10108,7.899614276613161
10109,3.323375599109359
10110,2.6911619034853556
10111,8.273577025202767
10112,7.154912426305472
10113,8.519375150974696
10114,7.281944602367304
10115,6.430580183705473
10116,6.641634674711392
10117,6.825680640059161
10118,5.461709117509182
10119,6.851394451613421
10120,5.7066415889227935
10121,6.976257266060427
10122,5.522443521754358
10123,7.29226448431677
10124,7.902878567826984
10125,5.7385381991728455
10126,4.742626504753616
10127,8.994989996839157
10128,6.95248229584884
10129,7.8159999240431235
10130,4.821985003187597
10131,8.061017023604965
10132,5.48498425187636
10133,4.0128340656936885
10134,3.498044695049637
10135,5.7435716991288555
10136,3.4130828415138503
10137,4.281896375986397
10138,4.225469741973207
10139,6.640336135489667
10140,7.678604366864079
10141,7.877565611413391
10142,3.7155356725302333
10143,6.389410272743642
10144,8.92092546999414
10145,9.920063967210845
10146,2.313445212336723
10147,4.118294861047479
10148,7.677578208851848
10149,9.296920567269838
10150,7.2272103890162995
10151,2.3959066242416234
10152,7.6341782541346275
10153,2.6372689994169405
10154,6.566851470601809
10155,6.032957176057877
10156,4.9432642920520085
10157,7.806266255453768
10158,5.326365580525953
10159,6.724497633012673
10160,5.841562893969767
10161,2.441521667154846
10162,7.607405042964875
10163,7.293665675700284
10164,8.213269566686227
10165,6.937796313895284
10166,3.603454102549869
10167,8.42540879291492
10168,5.058592649270734
10169,8.794199103174368
10170,6.438571958620129
10171,6.211535978287623
10172,6.681323803846277
10173,2.063048022033952
10174,6.614439892738527
10175,7.49492033425318
10176,5.314430300839221
10177,4.6857716485678935
10178,2.810257953005965
10179,7.282873192221504
10180,6.695300908168173
10181,3.8648594144463417
10182,6.261295330476871
10183,3.0970297683622023
10184,6.2931634305157855
10185,6.39331816337173
10186,4.69599514303261
10187,4.426437613500194
10188,2.2520661337199384
10189,8.657240862425391
10190,5.489565040252687
10191,9.825802303951942
10192,5.382958580405723
10193,7.283766785340357
10194,6.677775478837981
10195,5.579705527278942
10196,7.243592431769265
10197,5.139157192736268
10198,5.9129179099703455
10199,4.883697619439326
10200,7.379032150827517
10201,4.062220843947761
10202,1.6749491813766348
10203,8.241557542152878
10204,7.977647900903561
10205,7.492118139201577
10206,5.83611291897861
10207,8.2403891264515
10208,5.343739949805905
10209,3.436847277901907
10210,7.437486582481052
10211,6.7134384581627415
10212,5.28247852523328
10213,5.621222388412726
10214,4.672566022852529
10215,5.217418565742372
10216,7.1718416016168955
10217,8.416121437155914
10218,6.436489113417807
10219,6.627298341036074
10220,6.99781269083024
10221,4.762716749516121
10222,7.341893715875715
10223,2.567972892079086
10224,4.626965159577328
10225,7.893214008806142
10226,5.632783121963926
10227,2.010803560209866
10228,3.0367544681959813
10229,4.091813367335449
10230,6.953904892339887
10231,6.229163414973074
10232,5.075206583530212
10233,4.025114943948011
10234,8.111031833662889
10235,6.032938354472661
10236,5.606567528388759
10237,5.877798696333265
10238,4.230707233559461
10239,3.6779861587725313
10240,6.210890825426821
10241,5.576561410205622
10242,3.196492591271985
10243,5.3523591576408
10244,3.4750744544330097
10245,4.461657754438831
10246,3.1340523519195287
10247,7.435142481439021
10248,3.67106724726956
10249,7.830245452937909
10250,8.004278059562926
10251,8.676849086969858
10252,5.95247843105178
10253,3.9346505948078816
10254,4.946183512504524
10255,4.461522016506994
10256,6.90722047009014
10257,4.6878891354949825
10258,3.8913478881951136
10259,6.3393377781968265
10260,6.2459011625701155
10261,6.4252373984334055
10262,5.2919730032401375
10263,7.710193871475243
10264,6.122931615502333
10265,2.933065573197676
10266,6.313170842873363
10267,4.521621626136831
10268,7.279295980152932
10269,7.903347243712615
10270,7.364393301714908
10271,4.2221578161522135
10272,5.166879809865984
10273,8.560592893736
10274,5.764852372527897
10275,5.924358582924444
10276,5.090272851221734
10277,5.9197032964407725
10278,7.286782908650009
10279,5.127538113748085
10280,8.611329283150422
10281,6.849578606809483
10282,5.85483951430408
10283,4.434837206860861
10284,8.698318808108699
10285,5.661093374687466
10286,9.134944332094708
10287,6.4974412592345505
10288,7.242485262892703
10289,5.583528978184073
10290,4.577403687139137
10291,7.788737381002716
10292,8.081307559563049
10293,3.6170337500043814
10294,6.0149210560970126
10295,5.745025136068404
10296,9.115707625811266
10297,3.0485971852328
10298,8.751208354359136
10299,6.3447968384926225
10300,7.183521574445559
10301,9.44931447251627
10302,6.814672854688885
10303,7.187492821578205
10304,7.829885183016036
10305,4.262075593688058
10306,4.267925598611662
10307,7.120328898569189
10308,5.056621208730457
10309,6.011202453470409
10310,6.551005897290485
10311,3.002053354568072
10312,4.560795447180185
10313,5.265797322073972
10314,5.703309332532154
10315,5.136093235018931
10316,9.391454872568243
10317,3.2339530938214525
10318,3.1442960569372587
10319,3.76805007099059
10320,5.711691509153547
10321,4.211028098309251
10322,6.745130227020073
10323,7.815458431425957
10324,2.3778672592960084
10325,6.165692672164029
10326,4.0161187350994965
10327,7.270334144125705
10328,4.580484042985695
10329,0.9987136524852313
10330,8.712137073513535
10331,2.9120706183978284
10332,8.916172085521513
10333,4.06944427123948
10334,5.596394862679882
10335,8.267215260068332
10336,7.531707833957334
10337,9.31709375243614
10338,3.9232510308028026
10339,4.095789373865873
10340,7.95636559701398
10341,9.832207518196352
10342,5.876875656662122
10343,5.2384467554555725
10344,8.599577539401192
10345,5.634687468368677
10346,6.404018285524427
10347,1.7614240397736431
10348,6.9413913141857835
10349,6.191715775841559
10350,4.227360931527366
10351,3.3100641467440104
10352,8.425253705480026
10353,3.924980481821531
10354,5.834323340218753
10355,6.168652578207529
10356,4.8302067522695955
10357,7.2006320753285085
10358,3.9902642667331243
10359,4.6657416455772225
10360,6.346426499253537
10361,8.504121561265471
10362,3.5983299723734694
10363,6.418002631815407
10364,3.547533694348773
10365,4.4303236300491315
10366,3.5073485817091266
10367,2.7208907237184405
10368,6.950634628495239
10369,5.492779810530946
10370,9.211056454001719
10371,7.060523606627524
10372,7.504260178724873
10373,3.795548445704431
10374,4.567441025451831
10375,3.6699956462776115
10376,4.1129737038775485
10377,5.046130482449085
10378,3.780958070622501
10379,5.334234261342553
10380,7.740674530010589
10381,4.352328638891239
10382,7.648551734384881
10383,8.20073982587045
10384,4.089446342695643
10385,2.2471362786761744
10386,5.455399186663579
10387,4.06708840575756
10388,6.403319713333881
10389,8.358304487592939
10390,8.392380887165611
10391,9.453233138205112
10392,6.169994130488029
10393,5.013335991388769
10394,4.977513757718977
10395,3.7957762468188987
10396,2.109771541408782
10397,4.184955466570851
10398,6.859664924877073
10399,2.7645714732153377
10400,1.9283294787578615
10401,5.447406060087903
10402,8.14335353102588
10403,3.1778559440695924
10404,5.956354262557813
10405,7.410604408077319
10406,2.1350202147756825
10407,9.077562491414955
10408,3.39014427018774
10409,2.0996022281020106
10410,3.2222575868906156
10411,9.98239735687137
10412,4.217181751016119
10413,7.922364839603899
10414,9.14827684406483
10415,6.13929762143661
10416,3.2691422918810944
10417,4.02262791775302
10418,8.435778373367222
10419,2.5503286450246865
10420,6.479745064625551
10421,7.120998909404051
10422,8.919633803416724
10423,6.546801032496151
10424,6.194370568843658
10425,7.215264400935462
10426,6.485975814106861
10427,8.61962948216429
10428,6.333438720713692
10429,8.028466689857066
10430,6.9071228433981116
10431,8.421829873022174
10432,7.837569532489897
10433,6.73160531179136
10434,6.24359372779576
10435,6.75848451907881
10436,4.843685997295921
10437,7.828713596521318
10438,5.211311365020789
10439,6.971726897324994
10440,4.441325344561209
10441,8.0474747475118
10442,7.303399883701646
10443,5.532489328661224
10444,6.427157772617138
10445,3.344285801344024
10446,5.786183819745025
10447,4.666986176107976
10448,4.616889509576719
10449,3.1583173613742543
10450,7.0881223785214775
10451,3.782700741082401
10452,8.19899142320577
10453,7.369449520915737
10454,7.968765255995704
10455,5.2573839026742775
10456,6.216813701595415
10457,6.380335220569852
10458,7.408000428756071
10459,6.834118279769598
10460,6.176086666738145
10461,6.021617202042918
10462,4.1814637569242965
10463,1.3346168915490133
10464,5.757097933710601
10465,1.9808825185848367
10466,9.264357828920522
10467,5.229898982059737
10468,8.91312356079229
10469,7.527089718066125
10470,4.048124886717096
10471,5.210379337036128
10472,7.181609653120004
10473,4.184288257612095
10474,8.446717090631896
10475,7.827804035081186
10476,8.081571945858744
10477,5.03920474598062
10478,9.405933584329318
10479,5.268676554297207
10480,6.529874929342581
10481,6.0370587053828
10482,3.976347973162042
10483,4.871156926002915
10484,4.7349128765731106
10485,4.10100826491216
10486,7.009245147699052
10487,2.5128217480940256
10488,6.1074434930784705
10489,2.4479004066425176
10490,4.145262446514664
10491,7.662160291237467
10492,5.973777036477695
10493,8.135045555999422
10494,3.0493950082842374
10495,9.550248679018981
10496,8.683653337921964
10497,7.091637166444462
10498,4.482625616139991
10499,5.839583294812262
10500,6.021107919191144
10501,7.947426516039305
10502,3.9873476836601993
10503,3.365620397411395
10504,8.187083861335296
10505,7.384946045002501
10506,5.5730383234794685
10507,9.382414255020631
10508,3.997645041780167
10509,3.088202263004775
10510,1.9918770732064637
10511,5.0523648933124505
10512,4.421850707926069
10513,1.6284491396704026
10514,5.954805775073205
10515,7.373117047970268
10516,6.5400951973722155
10517,6.3525796623810695
10518,5.053413017214845
10519,3.7846499898395782
10520,2.286829870447964
10521,7.9906105718843845
10522,9.998403858736243
10523,8.124471077935985
10524,8.723815835812664
10525,4.514622671715527
10526,6.830735563209639
10527,6.640296353951906
10528,9.991775065208484
10529,8.681379737386637
10530,3.6232709362941806
10531,4.729304889059077
10532,7.053373139967556
10533,7.120909320648908
10534,8.831695484393311
10535,4.578090926609329
10536,6.921063181071451
10537,5.845588470399244
10538,7.353316539712573
10539,8.083950615795027
10540,8.263093337991076
10541,5.592079171453572
10542,3.309888197578664
10543,3.605597375379645
10544,4.545779017750263
10545,6.751952475582978
10546,6.399067905768963
10547,8.081385459003155
10548,7.676556383163492
10549,6.808005070020047
10550,3.971231143443412
10551,4.627861591173507
10552,6.79140270017008
10553,4.654272080909114
10554,6.240575166511858
10555,2.6956884252018702
10556,7.872087004327502
10557,5.42387556482717
10558,5.929172592674744
10559,6.199901464131974
10560,7.456166571099436
10561,1.4355674699692555
10562,7.7111793582588835
10563,4.66067895613844
10564,3.8321772383697934
10565,6.088156886331296
10566,9.662059276380566
10567,5.423224047584926
10568,9.73852530075059
10569,1.6446480917349504
10570,5.566816574723174
10571,8.427282292974288
10572,5.413472802904894
10573,4.1015463473212215
10574,5.367284422386719
10575,6.0524536567675
10576,3.4697193642390696
10577,6.790261061815242
10578,5.728860324744316
10579,4.464821003028798
10580,7.634454434216283
10581,6.108535193003243
10582,9.2939243878909
10583,7.41586625351176
10584,3.9719555756604796
10585,2.340937863271715
10586,4.814111949734008
10587,5.846504571274986
10588,5.5095207704714415
10589,3.735743463943842
10590,7.121118061958185
10591,6.504258703770839
10592,3.338934924383666
10593,8.736266605883207
10594,6.892677512720357
10595,2.6677243693006316
10596,5.971189469806151
10597,7.8395910820519275
10598,5.299244633385689
10599,6.106804291060008
10600,3.1566109349898155
10601,4.585208257921057
10602,7.973044640947049
10603,7.591961771434643
10604,4.538573871385977
10605,8.544661609512263
10606,3.9663350902758205
10607,8.001078055817421
10608,4.430955414437251
10609,4.634090996418271
10610,5.632698411673553
10611,7.2114100122884235
10612,3.4732018374279283
10613,6.820747091302404
10614,5.744480579537305
10615,6.69447823524261
10616,3.2648181239962155
10617,5.720184302126369
10618,5.359340278126544
10619,7.3159347741123115
10620,4.444919101592842
10621,7.696066751178281
10622,3.9405587577775187
10623,6.7754399720864
10624,7.001140191811766
10625,5.836745800440303
10626,7.8936650870253064
10627,7.676209110391928
10628,5.253809062467701
10629,6.440468622992969
10630,6.140157259600359
10631,5.574142831924797
10632,8.7434049752458
10633,6.192921869501052
10634,5.6740838759114895
10635,6.800166722740116
10636,7.906353218046531
10637,5.664075731334425
10638,4.990206672512569
10639,3.902170905133056
10640,6.079085944196225
10641,2.0134021537120055
10642,8.802009200958414
10643,7.642799135771066
10644,8.939728095465114
10645,5.6600592867501325
10646,3.6052568777116663
10647,3.757177600658642
10648,4.267976247451356
10649,3.0034938157161353
10650,7.520621797849562
10651,7.509587672534951
10652,0.7949132600490766
10653,6.7726593920049964
10654,8.582871543950121
10655,1.8138020481567103
10656,7.806614919972503
10657,4.602506760723826
10658,7.177926512296208
10659,9.809230085528545
10660,5.326961694029385
10661,4.4549989731418655
10662,3.919575662003355
10663,2.0860307723206057
10664,5.916960346450019
10665,8.195126930150579
10666,9.482735660912613
10667,6.51979374579466
10668,5.47651011290933
10669,5.552662815530593
10670,6.617253426839035
10671,8.556551519112356
10672,3.681176879512035
10673,6.357813028536645
10674,4.587145650209692
10675,9.06730807989941
10676,5.5254552241355865
10677,5.783178705074498
10678,6.6742191181141575
10679,2.5688311455769397
10680,6.908748511497438
10681,4.986805344766436
10682,7.311777430738599
10683,9.10850637503938
10684,7.712181931951427
10685,5.841591992227996
10686,4.819110593677212
10687,4.541431455566882
10688,5.923361065966729
10689,3.9318165591836687
10690,5.947759210419065
10691,4.444578312373817
10692,8.71919695029494
10693,6.078508818064284
10694,2.258568067620697
10695,8.364082257610857
10696,4.538959695640757
10697,6.4573351286337894
10698,9.06134453623768
10699,6.824661039885726
10700,7.526583712918621
10701,8.89501349156359
10702,5.834458369547098
10703,8.243363696816829
10704,5.205204096580027
10705,6.356598271134175
10706,8.880444648512022
10707,6.641673312022631
10708,6.483278639347442
10709,3.829215263609398
10710,4.698400243276984
10711,8.308705391044759
10712,4.297451842168479
10713,4.021672401108601
10714,6.2878583816609295
10715,3.2918228276043626
10716,4.966616292579358
10717,7.551441902756814
10718,4.143110351134849
10719,5.748756579741844
10720,6.529790068267109
10721,6.73363516238035
10722,6.118662708945245
10723,4.674942985659465
10724,3.8768332842572777
10725,4.908201215977678
10726,5.092416681184176
10727,6.878092324826061
10728,5.457278785333685
10729,8.180483976869468
10730,6.645403287151943
10731,6.3221366950612605
10732,5.4590306027707225
10733,8.12064446333095
10734,8.069507775636845
10735,4.0005785424468785
10736,6.588618368199626
10737,2.969368023822552
10738,4.9390781266869155
10739,3.6299024408109397
10740,7.330502398763448
10741,6.817581370465339
10742,6.072410702064181
10743,3.756026501948895
10744,7.700716390520755
10745,7.905990063096991
10746,7.425101225505832
10747,7.343347172008636
10748,7.866332017753271
10749,2.7294712179665135
10750,4.8121426322394765
10751,1.1242611711843506
10752,9.158290600002715
10753,6.5253542856605735
10754,4.213253897249985
10755,4.256149115913696
10756,5.750201897315708
10757,8.630702634026761
10758,4.629767982183422
10759,4.701816127184742
10760,3.4771828621663055
10761,7.341580891245618
10762,5.110206767607509
10763,2.764326166909755
10764,0.5260696709251257
10765,3.3818093332037984
10766,6.430302761870979
10767,7.735769171182582
10768,7.628364245413638
10769,1.584608771196238
10770,5.053296751224458
10771,7.490049507144283
10772,3.9519628961789124
10773,6.735153916196569
10774,2.2746899505628
10775,4.35960552308868
10776,6.516858639943756
10777,4.949034980349472
10778,4.674982759445295
10779,4.932096852953007
10780,3.2946290756837504
10781,3.8573198266219797
10782,7.6078581877521385
10783,4.345205513551969
10784,7.6290868619765675
10785,3.4835501328097727
10786,5.890590366241602
10787,5.460562015517208
10788,6.710403972534071
10789,8.148591797912896
10790,3.4985418501677223
10791,4.390947650789897
10792,8.499969990796384
10793,7.824385304813086
10794,6.442127957522958
10795,6.948553352564458
10796,4.812917236798625
10797,6.066060358167482
10798,2.9923524498688967
10799,8.022816274423025
10800,4.660298075650875
10801,7.713975182333509
10802,5.300975714869277
10803,8.550485964981473
10804,6.966394819596824
10805,3.9323593209653582
10806,5.076660760598851
10807,7.539836931134275
10808,8.600172411352279
10809,7.806398591121022
10810,6.127289447219143
10811,7.202077306232527
10812,6.017965235729953
10813,6.323253376857819
10814,6.434452385549821
10815,7.502979611330448
10816,8.359287091747229
10817,7.747119758633545
10818,8.384690271670651
10819,2.849445514353626
10820,8.168658084904612
10821,6.145167037733533
10822,6.746865335523535
10823,1.579456392078417
10824,4.133306353878909
10825,6.090435341037271
10826,9.27004942821728
10827,4.919356011643918
10828,4.782346757168447
10829,6.652237464456436
10830,4.833097962175126
10831,8.064479072512768
10832,5.586192501550645
10833,7.767839562976485
10834,4.920169359435088
10835,6.31031601207945
10836,7.572152735549123
10837,4.018633005929248
10838,6.627441067698467
10839,4.991996498666549
10840,3.2164403555929875
10841,8.024861925570054
10842,2.324657051321494
10843,7.166281982296401
10844,7.569189382139745
10845,5.3085454411804935
10846,7.297118766181695
10847,5.853303392543035
10848,7.420719194729867
10849,5.790404754970481
10850,4.748355975465282
10851,4.398145864954651
10852,5.67734721514464
10853,3.66797345690386
10854,4.419767636546535
10855,6.084456827054861
10856,5.437807967899386
10857,4.851818156245516
10858,0.9902714704322684
10859,7.915817988147962
10860,7.4519649573037325
10861,6.091859416480208
10862,5.976815628030204
10863,6.493963048404322
10864,4.937656321476985
10865,4.0715059492818755
10866,5.898597275923406
10867,5.950637054350677
10868,5.605513547701882
10869,6.998092765605219
10870,4.595383025640172
10871,6.751748146813334
10872,2.507816939238213
10873,5.220184591640351
10874,7.162457030341014
10875,8.805054180844934
10876,7.07240901558787
10877,4.5555967136962785
10878,5.703956185899799
10879,6.629993161798788
10880,3.2365542092224295
10881,6.987849102416035
10882,6.16053361673997
10883,5.234478132301947
10884,4.100769600113733
10885,6.440687632627052
10886,4.373393224591155
10887,7.099278245953319
10888,6.1919494642827
10889,5.463550773370825
10890,5.933085198985797
10891,4.061275830752431
10892,7.404316627763886
10893,6.964073399338358
10894,5.0717380002363175
10895,7.336373664927303
10896,4.637241783370629
10897,7.164451873488366
10898,5.507926256556447
10899,2.1643630903681883
10900,7.9706762115820124
10901,6.243022633127766
10902,6.704522265289214
10903,4.344921008034871
10904,4.372057572123857
10905,1.891288242860903
10906,4.6661092322816256
10907,2.982699206891108
10908,5.969649069554111
10909,7.303615436319516
10910,4.925180863304653
10911,7.9976317645567105
10912,8.134842822195603
10913,5.6658082349290435
10914,5.981005608970628
10915,7.432303460795003
10916,1.7188970950370943
10917,4.408240690659954
10918,3.9560260843814286
10919,5.814773830695507
10920,6.1424678027696205
10921,7.20273578095712
10922,5.113884792582459
10923,5.042697835027407
10924,7.61469949891934
10925,9.070992490780638
10926,7.541079596130314
10927,6.050989819397309
10928,2.241633647556427
10929,8.067948114245961
10930,2.815710433975308
10931,7.592291013495611
10932,3.164184992048662
10933,6.773213784377198
10934,8.040822684637531
10935,5.680051397297759
10936,2.2470900602000032
10937,5.797870084695367
10938,5.906768946948264
10939,2.377598545484586
10940,2.949535148113005
10941,3.0236953660837775
10942,6.527499951444693
10943,5.600915379164258
10944,4.44804652892147
10945,8.704610072216603
10946,5.449908257976965
10947,5.4834095598001245
10948,7.416399432249349
10949,6.8229866184535695
10950,6.460930644370842
10951,8.998391321603389
10952,6.733296763592397
10953,6.673332773520253
10954,5.70811785175376
10955,7.095516310238027
10956,6.65298085810313
10957,6.547370751790325
10958,9.894764584834745
10959,6.272395975374003
10960,3.9215334536240776
10961,6.378772286565611
10962,2.4710951380260773
10963,4.803910206716188
10964,9.145937904476956
10965,6.5082933771514835
10966,4.630154145672548
10967,5.31215828553342
10968,7.757966663627047
10969,4.450782584319364
10970,5.291984076795367
10971,7.453786311434618
10972,9.090895821090584
10973,5.715272495341475
10974,3.684746243896542
10975,2.859021556486897
10976,4.930505719282972
10977,7.758128082562619
10978,5.019061287748434
10979,3.0128523561570533
10980,9.150431336347657
10981,6.695932439771639
10982,7.2131195868005324
10983,8.765640065666409
10984,6.630680983706301
10985,8.750246061868904
10986,8.502308003566718
10987,4.059547685670749
10988,6.798519546719019
10989,5.438697957896999
10990,2.8547942634470522
10991,4.778501395206774
10992,5.948739678210826
10993,6.25732424728486
10994,6.616429356414942
10995,6.823786619574103
10996,4.89056539044288
10997,5.7190105040287005
10998,5.364478969096536
10999,3.0428072596642255
11000,5.800092532333595
11001,9.060637025294374
11002,6.74090494050972
11003,7.392351594788619
11004,8.404053281459744
11005,8.11260702623703
11006,5.779500524342225
11007,7.194735470510013
11008,1.9709455158030926
11009,6.414146889736261
11010,5.679393922423833
11011,8.290820799676432
11012,6.02280070793238
11013,3.2959627185667886
11014,8.08141866136178
11015,6.636423409936467
11016,6.410051381834824
11017,7.394842304831734
11018,4.12706676527827
11019,7.028959085667954
11020,6.307244010987244
11021,7.6678830940800164
11022,4.458155677692051
11023,1.9809617655080896
11024,8.17836026847667
11025,1.635117690459147
11026,3.150669114874254
11027,8.186292856380856
11028,4.108271557445439
11029,8.322534569658231
11030,4.376554698636136
11031,9.390746967549154
11032,4.132490484297186
11033,5.3656136876454585
11034,6.13663612618797
11035,4.957828454758226
11036,6.509362212572979
11037,7.422445353555913
11038,1.4559699972318985
11039,6.892860345528092
11040,4.497814821240186
11041,9.765274261527647
11042,1.788360941126972
11043,6.526762936378707
11044,7.456932618740725
11045,7.024577668035232
11046,6.3956568618092335
11047,6.617827993760537
11048,5.92870954968838
11049,3.042046314114679
11050,2.667109424000425
11051,8.044303248129378
11052,7.991593068312777
11053,9.643953383658989
11054,8.01687979263188
11055,1.3355458763605854
11056,5.081787293212144
11057,6.02044306988577
11058,5.936185934927016
11059,6.138379387683001
11060,5.7915293558343155
11061,6.41611361204844
11062,6.072230140640387
11063,8.698895957650508
11064,7.108454460633749
11065,6.750631453987204
11066,6.176104419408769
11067,6.850226865012154
11068,4.53158041116207
11069,7.534819585819223
11070,3.731431346658315
11071,7.811409790746114
11072,4.955167240746005
11073,4.5863455751140965
11074,9.98962503326401
11075,6.396512726286338
11076,5.8542538199653995
11077,5.1112596866561795
11078,7.0239928117288075
11079,3.279402940316127
11080,7.119569228338153
11081,7.511020486965886
11082,5.458648009701457
11083,3.944453213158693
11084,3.5659313395838503
11085,5.705902079114596
11086,4.03959248159731
11087,3.736566382916476
11088,7.134158731960419
11089,6.41955864950886
11090,7.023084311039827
11091,3.014177837455213
11092,4.2739983170647164
11093,6.7678244847664075
11094,4.815318574920856
11095,4.335306368320491
11096,6.5536183813345215
11097,4.2979079422577255
11098,5.1025661587441915
11099,6.21034197213851
11100,4.52158166714465
11101,1.6157211579611999
11102,6.2862214153880265
11103,7.8680071404341065
11104,7.707523863016751
11105,3.039936584088517
11106,7.1477401706750925
11107,6.355334299058309
11108,5.456626007819068
11109,7.471610370988522
11110,4.247022111438463
11111,4.476463176639719
11112,7.6697238972273825
11113,3.318278664900199
11114,5.749994868395926
11115,9.97917284536612
11116,7.50587188085822
11117,6.796412924464737
11118,4.983428896724544
11119,6.83291411840663
11120,6.5591725433599875
11121,6.645852273730881
11122,6.497088009426122
11123,7.415049652443159
11124,6.015687451340167
11125,5.674376148840516
11126,6.723325482217594
11127,6.114973659824393
11128,8.489646607566858
11129,3.2660291954709626
11130,9.996470343245207
11131,7.638755091307109
11132,4.083127553588197
11133,2.7383122351650306
11134,6.410060146766561
11135,6.256051436020535
11136,5.776513983021582
11137,7.563102856330848
11138,6.654787540516779
11139,6.275520820968558
11140,5.052155770986067
11141,5.209056579304783
11142,4.818929637542491
11143,7.763354368208186
11144,4.719891474565708
11145,5.14405614056348
11146,7.071768078770151
11147,7.047554610148907
11148,7.629023173807975
11149,7.4965743975795105
11150,5.986863265704796
11151,9.243537973421223
11152,7.198855437937695
11153,6.911040237824865
11154,5.907828712994769
11155,5.049375765484726
11156,6.840844870797918
11157,5.708942872541766
11158,6.509679354308612
11159,6.6954495957451865
11160,2.511194136041481
11161,6.2262121896230935
11162,7.21914166228859
11163,6.2736579182759495
11164,7.556104344545855
11165,7.37986071575313
11166,7.244370190016143
11167,1.4432398896193843
11168,8.208762402711296
11169,5.480596524528415
11170,7.230508906414133
11171,8.01937272831196
11172,4.011513283596114
11173,8.180339065382949
11174,3.340880381295345
11175,3.051493550491556
11176,4.631378681625499
11177,9.073693382000641
11178,5.771541662018973
11179,3.1940230214817653
11180,6.985311282569666
11181,8.610486922207869
11182,6.126314888829746
11183,4.263247151658847
11184,8.860502842532659
11185,8.716106851031617
11186,4.7730269748146
11187,6.009497734114312
11188,4.064011544684319
11189,3.360023430608655
11190,2.590146331481144
11191,4.781197908104195
11192,4.091285281986909
11193,7.402690662536218
11194,6.000559475462751
11195,3.6704541146415934
11196,6.566958327970733
11197,2.4393310725106034
11198,7.86117815431294
11199,5.856452802111005
11200,7.7706694676791965
11201,7.5907513705752105
11202,5.366873138904306
11203,4.7256712180311755
11204,6.013995937711185
11205,9.188810794669996
11206,7.196561005845302
11207,4.755586129763637
11208,5.96630323768877
11209,2.44749259753182
11210,8.519508728298597
11211,6.991119800733577
11212,3.9887362289110784
11213,4.3588768673095775
11214,6.233483592770905
11215,5.4525838471908195
11216,6.892278971664814
11217,8.493193842604171
11218,7.808206996440193
11219,6.847381258478533
11220,5.42841081108991
11221,5.511021055368767
11222,1.0033669711323607
11223,5.314651155600178
11224,8.653895297472124
11225,6.735017651808403
11226,4.203482443050127
11227,4.611753899891929
11228,7.615484501206789
11229,4.911017121145937
11230,3.984360080192039
11231,3.4753940955357643
11232,5.528124203504292
11233,6.271047389179293
11234,2.3329018126037924
11235,5.1865883727510695
11236,6.225424248614438
11237,7.775127201465369
11238,8.946666380870719
11239,9.000688324169241
11240,2.909043766341086
11241,7.616441712454251
11242,7.860918964454314
11243,3.8964562184624603
11244,3.689927967594894
11245,7.191367710975108
11246,6.469674167184553
11247,4.42278247099097
11248,5.010976187282642
11249,7.341767073364454
11250,8.038068865144705
11251,5.920091115885317
11252,6.173289959927919
11253,1.8588612052850277
11254,7.6136313806097835
11255,4.921786468851737
11256,4.890837836512025
11257,6.969790631548932
11258,7.43376711986497
11259,7.918010942375726
11260,6.408569553001259
11261,4.27408408883075
11262,8.382415659365972
11263,1.9142547001569852
11264,6.895184172499121
11265,4.434935031319164
11266,6.866698480253781
11267,7.312438712129463
11268,6.747482737234881
11269,7.73231174538021
11270,5.686175159173024
11271,7.835503358376904
11272,5.356164261107049
11273,4.975441614726237
11274,6.520953969801394
11275,6.76906455285466
11276,6.417325755279978
11277,5.124498531523122
11278,6.862254929698476
11279,4.718338346164922
11280,5.636192699569006
11281,9.901209805467094
11282,3.47963805100747
11283,7.03643240592436
11284,6.598825290379111
11285,5.037864074649861
11286,7.140179667076339
11287,7.200368824211466
11288,6.566285527814607
11289,4.11131719393391
11290,7.500998767731964
11291,6.982826692379928
11292,5.919558299339234
11293,3.4654573855731514
11294,1.67600849664275
11295,6.753441851271281
11296,3.836163436339749
11297,7.641509514552675
11298,8.444919035811296
11299,4.909728474938527
11300,8.993074973596432
11301,8.386474715973057
11302,7.406222376802195
11303,6.976761340355418
11304,5.199404894375752
11305,6.961861385989984
11306,8.106113932203526
11307,5.962124796612376
11308,5.606007778319462
11309,7.262241176469911
11310,5.571218707445629
11311,3.148419977028479
11312,6.619560316261158
11313,6.620524087243912
11314,9.018104982468722
11315,4.8135019864686965
11316,4.412591285273093
11317,8.188409801454664
11318,6.026840149890747
11319,8.972176803981444
11320,5.432933132940731
11321,4.900115844885957
11322,2.1379570738294906
11323,5.081659534861637
11324,6.341266226064818
11325,4.245947912759251
11326,6.932738517556682
11327,7.393147581993304
11328,4.20540141407278
11329,6.853023456629126
11330,3.3672693574536425
11331,6.089869544488044
11332,9.077372049268993
11333,2.4015011676706948
11334,4.183074743064763
11335,6.264026052967054
11336,7.436803362377093
11337,8.077376108673686
11338,6.39953940074354
11339,6.534950128097935
11340,4.533054150891881
11341,3.3267215161051866
11342,7.165128856757455
11343,5.580085499726147
11344,5.197294305552338
11345,7.3139839216558755
11346,6.555310747980883
11347,4.832621180511195
11348,3.2959885122799975
11349,6.385834464316105
11350,3.4550104253868397
11351,5.6345465221124424
11352,9.168085415745304
11353,9.206524565712899
11354,9.255260454632603
11355,5.729399836690353
11356,7.873891338889973
11357,8.387903451367194
11358,4.646157399949372
11359,4.06217987613373
11360,6.382090745430625
11361,9.163160086595145
11362,5.834314190845068
11363,3.201157751471655
11364,8.6987742546509
11365,9.040620677422819
11366,3.460732944308378
11367,5.905981489068717
11368,6.45691766504235
11369,5.044928072629699
11370,6.969113086718927
11371,4.928675364491555
11372,9.257865107193156
11373,8.252724874403127
11374,9.148982398779262
11375,7.096151846098278
11376,6.0729401404137375
11377,5.961928901256237
11378,7.044611550186739
11379,8.140846681996404
11380,4.062251331176022
11381,4.135343198758958
11382,3.037878490793587
11383,6.572320880059235
11384,7.239878158845025
11385,8.154738435069701
11386,1.764456773112326
11387,5.316729178768417
11388,5.283187156647147
11389,5.796664794167652
11390,7.2956113583720406
11391,7.082175101748012
11392,4.448666421369308
11393,5.042780774347774
11394,5.744340880297989
11395,3.7765777624351684
11396,5.851805561061174
11397,6.584472766772002
11398,7.690571964815757
11399,1.945345379014889
11400,4.77075011731898
11401,7.019772452146614
11402,7.639333446115275
11403,4.946301003420523
11404,5.375173093917421
11405,7.211488901364669
11406,7.280624677324208
11407,4.263882988667992
11408,4.577870067143786
11409,3.8480077854548838
11410,7.706149187265444
11411,9.245787674364369
11412,3.534814301709941
11413,5.487341489092812
11414,6.017349585049865
11415,5.168273612777993
11416,6.659284161115702
11417,6.248216074886982
11418,8.295768926104452
11419,7.160387379203027
11420,5.360480495742044
11421,3.9167661505378844
11422,6.089967778510993
11423,3.4641998509486798
11424,7.72893401634568
11425,0.9820425139575214
11426,2.327716248026001
11427,7.519681034232002
11428,8.672200740620601
11429,8.098717750631343
11430,3.799655335889361
11431,2.6360831546672485
11432,4.318878989119371
11433,6.071001097804802
11434,6.005395117577919
11435,3.318471957388501
11436,7.174965510713538
11437,6.244585219972429
11438,7.6387698967071085
11439,7.764258878512804
11440,3.681482417455071
11441,4.796189322929558
11442,4.107431714752849
11443,4.9188149311656835
11444,4.428694095576907
11445,8.852631978030459
11446,8.010705165541353
11447,2.3098252922489335
11448,5.945215041584561
11449,6.78114292790679
11450,6.347751956503208
11451,6.633009344187107
11452,3.130689141330289
11453,7.932353775326936
11454,4.505370766032416
11455,5.774377018690717
11456,6.6051432010825195
11457,6.5670953161227015
11458,7.8080488306709555
11459,9.057878756893412
11460,6.4978536907797135
11461,6.020272326282958
11462,5.189778836200229
11463,4.902659032549288
11464,5.878040495967808
11465,6.399164229400904
11466,7.9880257338664675
11467,7.114416501097867
11468,4.976659889041886
11469,5.906153875612886
11470,5.0100037847144305
11471,8.106704077415987
11472,6.661754643111342
11473,4.088120351281677
11474,5.216959123293613
11475,6.930773425933256
11476,5.079286245001692
11477,4.124518145866767
11478,6.0062950825409045
11479,6.2512695608263815
11480,7.477768773135248
11481,6.0062648699225765
11482,6.9593033391009795
11483,8.153342759421673
11484,7.437446896013848
11485,7.741453007320172
11486,6.698529616614797
11487,2.3423207874516563
11488,6.044431209818393
11489,7.6999469714974325
11490,6.416612056295174
11491,2.9916090752030238
11492,7.353449240290956
11493,4.513572857683369
11494,4.5722298518878235
11495,4.90114537827568
11496,6.287192008141762
11497,5.796638299271416
11498,5.210865488945645
11499,6.1293176230239155
11500,2.0334461139435045
11501,4.441775685927572
11502,5.33211091897312
11503,3.5720008152801186
11504,4.747587471005027
11505,2.985211110143505
11506,8.551606328049008
11507,1.1448322816528944
11508,6.252433989421245
11509,7.223020282610548
11510,7.859480111874643
11511,6.358226044169325
11512,7.711412123197432
11513,9.822534632190294
11514,4.895350874468328
11515,6.185583102736213
11516,3.824359365542815
11517,2.3477553145224177
11518,6.284392404773293
11519,6.155583940330137
11520,8.498282631688179
11521,8.801970375664606
11522,4.709377107202791
11523,4.246333499001527
11524,6.950069179401365
11525,5.238759216298621
11526,6.300078098689315
11527,4.530326246253012
11528,6.429626866381341
11529,2.256232909753142
11530,7.006323130944276
11531,5.749464222123561
11532,7.051832589049613
11533,2.7151256667328214
11534,3.6490238125077923
11535,5.57569324575576
11536,4.417323758950891
11537,6.09569761996811
11538,7.44769731671048
11539,7.05334359939836
11540,6.4974330443715855
11541,5.130673488069026
11542,8.087775540285659
11543,5.701049477624466
11544,4.884270909905986
11545,2.0517654372029477
11546,6.573158414524251
11547,6.224319009417406
11548,7.580493377200563
11549,5.267050928108104
11550,5.485868142183579
11551,6.3768617903168305
11552,8.050428080980867
11553,6.4358414936837836
11554,4.417620292624675
11555,4.0684857120046924
11556,5.29514796449153
11557,6.269620680741277
11558,6.47094421852008
11559,6.590239867338364
11560,6.380623058773653
11561,2.4148382750557693
11562,2.9434182533527204
11563,2.2984398024598764
11564,5.6435949908460135
11565,5.54088151968111
11566,8.616316846407411
11567,5.418654129199481
11568,7.432689020096302
11569,3.7805224605204444
11570,7.350390279552732
11571,7.965451053023761
11572,6.419801299010243
11573,6.5681145782322545
11574,5.353325738386315
11575,7.715585724005957
11576,7.531720521028532
11577,6.101884170944873
11578,7.151936194458581
11579,6.202710382978969
11580,3.1160452961319494
11581,6.150554256304471
11582,6.090220261439851
11583,6.785337084838419
11584,6.335636726548968
11585,2.8381775972471566
11586,4.978873992637835
11587,4.323067348242625
11588,7.787285558230816
11589,8.857956810554647
11590,5.406186225706695
11591,6.7637215443774235
11592,2.336518012716453
11593,1.919195172848405
11594,6.145686487226134
11595,7.544795497647655
11596,3.7173826780184207
11597,4.9962292028233355
11598,7.0688337697101655
11599,5.099219338811535
11600,2.6828210270207498
11601,5.3640705973875535
11602,4.129655608844378
11603,6.300526436269324
11604,6.734855267433517
11605,7.509265052370265
11606,8.662376236009669
11607,4.573074639805766
11608,3.974303793005679
11609,6.624390038676642
11610,6.494071828329472
11611,4.407956857216994
11612,7.459046861162994
11613,8.837904616372494
11614,5.4163918856715165
11615,7.794038519912408
11616,8.09374923580388
11617,5.477635257453391
11618,7.047179711003817
11619,4.4460514269181575
11620,5.335640726321021
11621,7.73789203901057
11622,6.699599942008938
11623,5.124704733266116
11624,7.465168368341264
11625,6.385032951231894
11626,7.068301486715853
11627,1.2406505352339865
11628,5.956037787349933
11629,7.617592343015241
11630,6.9917590779414365
11631,6.691463511212481
11632,1.7716185807983678
11633,3.1824554272805505
11634,8.612381828869136
11635,5.6987641424378355
11636,4.570522342915768
11637,6.075261250766241
11638,5.782026183461143
11639,8.01322120556086
11640,6.123872161148071
11641,4.400450997342636
11642,9.998413309947383
11643,6.510345318560633
11644,5.670010779366736
11645,4.823751548822841
11646,3.821639129078398
11647,4.674825318739775
11648,2.880068108439578
11649,7.778914800978981
11650,5.954459024978999
11651,4.689830237090449
11652,5.42372270878509
11653,4.476748406497211
11654,6.740792345364066
11655,9.1457749270707
11656,6.941321431278647
11657,4.862024202814033
11658,7.257545043466733
11659,6.766603885659892
11660,7.522102805370953
11661,7.10793054244449
11662,6.064518020355324
11663,7.915482582201754
11664,7.381591557129916
11665,8.271137278540621
11666,6.7085582555011865
11667,7.784521099862593
11668,6.351097331736332
11669,8.197359256206779
11670,3.860787816662742
11671,5.025508479597328
11672,4.138185546537892
11673,8.314095321687848
11674,6.549089836755092
11675,4.555124478618068
11676,7.945290457079409
11677,3.6591341823587618
11678,3.228185673616595
11679,2.252323124785502
11680,3.8072006453967546
11681,5.417419678408228
11682,6.080493402813159
11683,9.103107244166148
11684,3.534929793747363
11685,4.029739728501243
11686,3.941725464208955
11687,4.319609090656146
11688,9.858675809048751
11689,7.928318590162879
11690,3.1550176301160016
11691,5.513582883862662
11692,3.4679143612189782
11693,9.46246130029084
11694,8.122629898627407
11695,4.773127487327984
11696,1.7542140517067701
11697,6.108814092502766
11698,9.435936014007291
11699,2.9126741745131133
11700,7.113551149577129
11701,1.2508338868256113
11702,2.6598924707471645
11703,7.230695417490887
11704,8.13845826345216
11705,3.1237069858618165
11706,5.422176571042307
11707,7.334766042260424
11708,7.020760014155641
11709,6.372968242746258
11710,6.765762835899875
11711,4.001294350643967
11712,7.833837002656617
11713,1.4901834940296035
11714,8.178319851900048
11715,5.8297934445450235
11716,5.613308659700635
11717,9.609452236838651
11718,2.952570268579699
11719,8.810344686597077
11720,7.706606837655391
11721,7.007993425096245
11722,1.2712821008331836
11723,7.302706868176367
11724,9.180705390851365
11725,5.490290203418822
11726,2.577402382760372
11727,8.543291015648133
11728,6.729062216547364
11729,6.447572073166249
11730,4.121805275944028
11731,5.7860825068732895
11732,5.1636867914652935
11733,7.510222716920493
11734,5.533735558147153
11735,4.849420516877709
11736,2.202681312721037
11737,7.401112699372526
11738,7.746046211216358
11739,5.911087623089633
11740,4.133480297381267
11741,3.7553836994574494
11742,5.156246311094247
11743,3.230643801727461
11744,6.720120036354913
11745,6.532444174501744
11746,2.2341993883971374
11747,8.09096972408843
11748,1.8660751185001945
11749,5.135283502411804
11750,8.55465636455908
11751,5.862803743936693
11752,7.465859533519364
11753,5.1020628785151745
11754,7.806930759839693
11755,8.620069328131102
11756,2.391010636432229
11757,5.463266332739081
11758,6.473103341359865
11759,5.977491776421963
11760,4.6073196680036155
11761,7.46336562083407
11762,3.8775609192772036
11763,6.589614889692913
11764,9.680331296262683
11765,5.318108773101056
11766,5.900753050786942
11767,7.086645579891657
11768,4.895579394955118
11769,7.279955191299725
11770,6.69218355666697
11771,1.7802738562383293
11772,6.4918884984989
11773,6.357921625049466
11774,5.723170986416337
11775,5.44063048065636
11776,6.53602658983355
11777,3.3347167532449005
11778,7.24280908789442
11779,7.752626754336859
11780,6.201816663723791
11781,8.052085364241393
11782,4.2966052953493215
11783,6.593892284082919
11784,6.660236055687605
11785,8.45740098835624
11786,8.682787962316452
11787,4.849153612044431
11788,7.006786087305819
11789,4.722548311938021
11790,6.400878768988645
11791,3.9927973344793863
11792,9.760680346871279
11793,5.903213086680362
11794,8.11222625086533
11795,8.511748725674389
11796,5.141608963345301
11797,8.674034590747615
11798,6.810245881582022
11799,3.4499695725260056
11800,3.803252443598096
11801,7.115285575467854
11802,3.4143850085212066
11803,7.848271985388218
11804,5.565502606458674
11805,6.755458374899019
11806,4.848789100013928
11807,8.058678957098493
11808,7.506603231867521
11809,4.5591292508579055
11810,8.300487905955231
11811,5.772072148879331
11812,4.840795416802827
11813,5.8474937798374205
11814,6.376548769882231
11815,6.052328581857386
11816,6.349433738322714
11817,4.214874182430181
11818,3.719907843931562
11819,5.156097053749441
11820,7.064733341715327
11821,2.9341032685403627
11822,4.471224737564727
11823,4.94263255831015
11824,7.945737410211434
11825,9.96729543657328
11826,7.072463777129569
11827,6.377728661904979
11828,3.735977176490985
11829,5.779318497511218
11830,2.7506899686103456
11831,3.0898410670193868
11832,3.879300326042101
11833,5.080406359504143
11834,2.908391507827325
11835,7.319041652960752
11836,5.197800094971909
11837,4.513583143477122
11838,5.537884739862715
11839,5.375357687847882
11840,6.886730910150997
11841,4.438504750971755
11842,2.872679539581177
11843,6.085269718699704
11844,6.918213899265131
11845,4.465111677757713
11846,9.12133703779843
11847,8.063616323554681
11848,8.005616806385177
11849,3.43600300491243
11850,3.88605511760924
11851,9.211289136856488
11852,6.877638295361185
11853,8.177283570615353
11854,5.359217807627683
11855,6.317093940250034
11856,7.230934199985411
11857,8.084988342343667
11858,7.31007598347153
11859,6.142081130706616
11860,7.6453791642959645
11861,3.3917384964537134
11862,6.942673803572136
11863,5.726574044177598
11864,6.286462824090602
11865,5.490766728589206
11866,2.744965246308239
11867,5.641321936827445
11868,5.419072554660316
11869,2.5478731579772034
11870,3.19129366715769
11871,7.017992555322252
11872,8.998125585344184
11873,5.263997162164975
11874,6.841097525410572
11875,4.691670666584541
11876,9.520241924684871
11877,4.598102111469474
11878,9.998768648570882
11879,8.582589845109933
11880,2.7957073324469617
11881,4.637257015466906
11882,3.2204004439597873
11883,3.23330875136955
11884,5.4635820411122635
11885,3.896659947099534
11886,6.159510235582526
11887,4.967068791963048
11888,2.0310222245577214
11889,7.239904097052201
11890,4.864617461407639
11891,8.23803185491804
11892,1.667737666921496
11893,6.324247876176365
11894,3.8430721904950227
11895,7.418692225723535
11896,6.5620966534625165
11897,5.943116640049723
11898,3.898475340781812
11899,6.95574337332846
11900,7.779229982153801
11901,7.11589339346078
11902,9.3559131951832
11903,5.1379612730226025
11904,6.953632530796684
11905,6.552263966679189
11906,5.859118381298885
11907,4.775349812179966
11908,9.120235102699416
11909,7.192074017808619
11910,8.549849465261188
11911,4.990452453576011
11912,5.895944408056365
11913,3.2010349684521686
11914,5.00221272389706
11915,7.140668895539702
11916,5.9315718428876965
11917,5.6434351930660664
11918,7.024210237230962
11919,5.325789561993519
11920,8.608821842564112
11921,8.307248341695768
11922,5.878577884174904
11923,6.097907166834302
11924,4.181147414189131
11925,4.422147670364888
11926,7.926184651377232
11927,3.8272724913023195
11928,6.092898678670875
11929,6.530026385338104
11930,6.122050866378262
11931,7.784441805055127
11932,6.957617930917353
11933,9.85296807709055
11934,4.726725463725005
11935,3.3352058877713
11936,4.158219595866342
11937,7.411789349594017
11938,6.139595596959768
11939,6.978355551089367
11940,2.5200841293730933
11941,5.543434421997725
11942,6.076806290778233
11943,5.460914113062417
11944,1.8230248033109937
11945,9.407532998214458
11946,7.884579799845362
11947,3.1740686858572453
11948,6.427968765794189
11949,3.67338003041072
11950,4.044439366018716
11951,6.465454269065876
11952,7.383754147274468
11953,6.202991854014008
11954,7.755063992555526
11955,9.971694975231909
11956,4.618679674624596
11957,5.409254386293625
11958,5.011811043240278
11959,7.097864799181605
11960,3.9700545589662055
11961,7.0862043181163585
11962,6.838993350628142
11963,9.911659208187489
11964,6.970594005183893
11965,5.337032807236878
11966,8.478697366692845
11967,5.88977010687739
11968,8.213614532923124
11969,6.451051751690784
11970,4.782080304780825
11971,3.5877566762873605
11972,4.344126036603123
11973,7.63013848057295
11974,6.579706449220109
11975,4.041674040654558
11976,7.777766480213151
11977,4.3972264311168585
11978,2.168783739346613
11979,5.873986386432359
11980,3.9973518286162175
11981,9.438048304366651
11982,7.415549515715632
11983,5.639826993860327
11984,6.92649620855737
11985,9.203391954605753
11986,5.0521991795447585
11987,6.844516669456778
11988,5.362657685400041
11989,6.56417449307903
11990,7.602459850963923
11991,6.22134861735781
11992,4.68625680498113
11993,3.961829154260512
11994,9.26623942268597
11995,6.85444893917582
11996,3.830853220939963
11997,6.5861236582676925
11998,4.638322564318079
11999,5.47076253104
12000,8.605281364363304
12001,7.818944877621169
12002,5.336135657731203
12003,1.6048306686935292
12004,6.591957096560138
12005,4.223100901941134
12006,5.274789104406477
12007,8.894634385341991
12008,8.351669087191272
12009,6.4331506585732345
12010,4.407805958619148
12011,4.280472389980533
12012,3.4305499702795155
12013,5.0525892714846385
12014,6.6333169277378214
12015,4.060290240277048
12016,8.109768718248938
12017,3.7134882817217068
12018,4.3454144288272705
12019,5.0579768157230784
12020,5.186630553000431
12021,2.800578396781096
12022,4.9965202955455315
12023,4.092787973734026
12024,5.378267675290736
12025,5.293548294221683
12026,4.14678524957004
12027,4.844974467649437
12028,6.470384579697443
12029,4.090757330101542
12030,9.348692252335358
12031,4.975660614875156
12032,5.3854712142080405
12033,8.253428657773537
12034,7.880681381268798
12035,9.775752034434275
12036,6.77720003768039
12037,7.546568662999055
12038,9.522625295478928
12039,2.960687463998342
12040,7.73363666941882
12041,6.888396312080777
12042,7.442662780957669
12043,2.631846294602137
12044,5.106651826781522
12045,6.353380832099131
12046,6.782343528688328
12047,4.200646514520271
12048,6.1650676038088585
12049,8.231127763595405
12050,6.7979035433191966
12051,7.652655493277907
12052,8.789242721471068
12053,6.914350062196486
12054,6.238821844090993
12055,7.666853686383817
12056,8.786963612944406
12057,8.981588541779761
12058,6.9417616057905205
12059,3.7714262371608633
12060,9.653793000199604
12061,8.037411410530805
12062,5.685875633187311
12063,6.667228120359309
12064,7.741051891530252
12065,7.816699796897939
12066,5.298099404459877
12067,9.72205942830848
12068,5.069764519065535
12069,5.942810011063458
12070,8.376677205054339
12071,7.181142281766678
12072,6.52812070678097
12073,3.415894796279276
12074,5.802909733688906
12075,8.559870194622176
12076,6.1985885679443
12077,3.1361001782954494
12078,3.943701404399851
12079,5.5020024482897725
12080,6.591835491460605
12081,4.436597726169718
12082,1.9663104709258168
12083,4.9585551515456645
12084,6.830198893257806
12085,6.410441386180783
12086,6.678048315399172
12087,7.9275480136558345
12088,7.096875205348873
12089,6.242042584954182
12090,5.34871447275971
12091,3.2628572114473497
12092,6.247344396521122
12093,5.825590298101514
12094,4.9328304251211215
12095,1.891698291196216
12096,6.366117908500954
12097,3.694558725664699
12098,6.275919384951988
12099,6.065373786376086
12100,4.407814955735352
12101,7.826459362978499
12102,8.752385894113804
12103,5.990841600312178
12104,6.01187697582232
12105,8.46058281384178
12106,5.376780540287923
12107,8.195102842809721
12108,5.7398466310169125
12109,6.812846245962726
12110,6.8475392783196485
12111,6.149014781024639
12112,6.175523138061815
12113,6.037650478007188
12114,7.62730242065367
12115,7.105108001789743
12116,7.258359997067444
12117,5.976513712925876
12118,5.535280957855602
12119,7.03675922420055
12120,5.807950729202376
12121,3.914818892629517
12122,5.16684510447762
12123,9.898360779661058
12124,5.726776775576093
12125,8.175749683978406
12126,9.010365372640965
12127,7.290859401658541
12128,7.776561424257572
12129,6.721469421326381
12130,5.679866971347994
12131,7.769699692653688
12132,4.699603346802682
12133,5.9885779119482505
12134,6.160664588023156
12135,4.80136378787647
12136,4.218461522062971
12137,1.1491234982646785
12138,2.7424326269506065
12139,3.2069445086997526
12140,3.734132902974209
12141,9.24486723162315
12142,8.753916934491425
12143,7.446985838728414
12144,4.581378063699126
12145,8.52135055898093
12146,9.031671175790724
12147,7.623689990557938
12148,8.082863580337428
12149,5.8106148292058775
12150,2.589725265046325
12151,8.071400605316644
12152,7.931320451375567
12153,8.930656520781962
12154,6.9493692875778965
12155,6.401308952435201
12156,9.327640350214665
12157,4.205559849542949
12158,7.12108272452673
12159,8.637262819988754
12160,9.065126642644103
12161,2.3578580190269642
12162,2.753233502779474
12163,7.592543352356702
12164,6.15774642685448
12165,7.938883500932829
12166,7.846933875931535
12167,6.155588743614048
12168,7.1454060613581545
12169,3.4515637572897893
12170,6.669949091970736
12171,5.969569391329013
12172,5.7230790889798495
12173,1.6277400087056653
12174,2.7168159247986985
12175,5.973823713897511
12176,7.496791744370718
12177,9.760058807705578
12178,4.928919221044863
12179,7.276285942528828
12180,9.40904568670416
12181,3.4819887309359823
12182,6.819058266364989
12183,2.742838348051039
12184,7.437221468280605
12185,6.5068462064714625
12186,4.0708164405846485
12187,7.628010766139556
12188,4.580795090725731
12189,5.0431411841533675
12190,1.7659472930373692
12191,7.265854541031311
12192,7.878333100767023
12193,8.410668511260452
12194,6.6425584166761835
12195,8.076060667899231
12196,6.5065620907741275
12197,6.966048208884986
12198,8.595912558131852
12199,2.8391573651185857
12200,5.336905530752707
12201,4.558771389207365
12202,2.191710344037729
12203,2.5920135241753277
12204,6.321892586200708
12205,4.388124425646061
12206,4.924489664061737
12207,6.090597707789543
12208,2.9824715638907757
12209,5.321547023970364
12210,5.194204817373947
12211,5.123033090150245
12212,8.238269198039967
12213,6.070654598922619
12214,4.292540195151394
12215,4.243123354926615
12216,7.505992340712813
12217,5.095992872866397
12218,5.983122923324943
12219,5.1599474260563465
12220,8.457082377592835
12221,4.994078491064314
12222,3.3383972531307364
12223,8.394404237824599
12224,4.58637851175438
12225,6.332720529271549
12226,7.664908910521302
12227,8.686704053083583
12228,4.4195461673166125
12229,8.157393747394988
12230,7.245606249272361
12231,7.901967584165016
12232,4.641762388660247
12233,8.25677230987989
12234,5.485532392674313
12235,6.033235874137042
12236,8.669570513360284
12237,6.745864272157185
12238,9.241133899043627
12239,4.123885842979056
12240,8.444658297398053
12241,2.998118302245465
12242,7.597633384914417
12243,6.179904960107536
12244,6.370765828773178
12245,3.4463567502501995
12246,3.482047653156948
12247,6.549328021626356
12248,3.471859062101688
12249,7.316751858838107
12250,5.711937734931956
12251,9.243469848028937
12252,4.1283284752951275
12253,9.042135367893858
12254,6.638718656467532
12255,7.788407976231463
12256,3.7316801978283856
12257,6.0795836170808615
12258,5.149075019359653
12259,3.4385805618411966
12260,2.6198408479590265
12261,4.1770131280105804
12262,8.036908011618442
12263,6.1586925340023395
12264,5.359520179675355
12265,6.418041555971021
12266,4.999112767559405
12267,5.91259549501365
12268,4.8383921408637125
12269,6.880031109298225
12270,6.560272624319106
12271,2.982960456372659
12272,3.97569215572319
12273,5.53759102777182
12274,5.303218117172892
12275,8.653693219453043
12276,6.020305561016299
12277,7.179613912744554
12278,4.094284723870293
12279,6.844082590253213
12280,6.402665799706544
12281,6.325254760621468
12282,9.100400985966974
12283,4.313167619636813
12284,5.591197273784799
12285,7.520197133849548
12286,8.103366253208955
12287,4.825451872152607
12288,7.751732056178011
12289,4.228447088282332
12290,4.172402651977391
12291,5.124302592786144
12292,5.345463629098949
12293,7.304158206075006
12294,5.881966532098906
12295,3.2079776381965295
12296,4.182506844539547
12297,3.7999495660307034
12298,8.225520551240514
12299,4.06140327463215
12300,3.862637160711762
12301,6.61056083798953
12302,2.4359862528768037
12303,2.261754539569676
12304,4.03224236751789
12305,3.7899004002883387
12306,6.3591970361476085
12307,9.219976637784418
12308,4.700859589979437
12309,5.2465881731450255
12310,7.365561602157861
12311,5.561092168568669
12312,5.074352829818663
12313,7.994816153250733
12314,6.677549335705781
12315,3.915614869750706
12316,7.810638152980454
12317,5.519486568221464
12318,4.165865840714131
12319,5.302813256935423
12320,5.933590688086102
12321,6.739673105980624
12322,5.683123832890958
12323,7.482728420316621
12324,4.4679804112198145
12325,8.039880964804158
12326,4.089997641494768
12327,9.210869641039286
12328,4.863906564112257
12329,6.614886975273587
12330,8.354757002922787
12331,4.124154721088228
12332,5.987007030745181
12333,6.8921529178591285
12334,7.8959728025200375
12335,6.438766693907131
12336,6.05041442412819
12337,2.9547761620130704
12338,5.787321771282379
12339,6.764089026968042
12340,6.461017432225982
12341,7.206887885684756
12342,7.217055823579855
12343,9.999339507348264
12344,3.1260773765317253
12345,2.000790474215449
12346,4.8607737504834425
12347,4.133145974862295
12348,7.591322578723387
12349,7.028957763384005
12350,9.026846927987014
12351,8.89654719713287
12352,6.527060119887951
12353,5.200738112935674
12354,6.872926554437728
12355,6.795197054519245
12356,8.91486029932897
12357,3.639737914333215
12358,6.433801405983177
12359,4.736990503358455
12360,4.716812481128046
12361,5.958728166329247
12362,4.648058004423696
12363,6.839030720039238
12364,4.428131599998617
12365,7.941751367805805
12366,8.101669401117853
12367,3.686189617154966
12368,4.468554141557176
12369,8.97533877218341
12370,4.938828257508431
12371,5.376210213334302
12372,5.667948928247204
12373,5.80310716618598
12374,6.742733419350827
12375,7.533750842039294
12376,8.904061285964543
12377,9.487427155413037
12378,8.870251379158944
12379,6.479960261030259
12380,8.173643638257735
12381,4.258808251327781
12382,4.800724683746629
12383,5.862107549332629
12384,1.06606167427969
12385,4.395485953287617
12386,5.376702441575664
12387,3.9333481738748923
12388,3.1297494811069884
12389,6.894827256982228
12390,4.55158985446448
12391,4.731564473003869
12392,7.438306058547161
12393,5.3180128884255335
12394,3.133109897134944
12395,6.039165900964955
12396,8.708007630324492
12397,7.240331132574087
12398,6.591661664747209
12399,4.672442779715402
12400,8.307977131646483
12401,3.56397558969352
12402,7.119032280590591
12403,6.187038696996782
12404,5.862328990793165
12405,3.9349987107261315
12406,6.154696334312163
12407,4.836152673089
12408,3.7741075088946774
12409,6.362842167834668
12410,4.413962035445622
12411,5.428753275455173
12412,8.812723360472601
12413,8.378525946262734
12414,5.975248947363144
12415,6.180501335081162
12416,4.267230189858981
12417,1.077318500472545
12418,6.257347275495733
12419,8.868352407296808
12420,4.833476057185052
12421,7.226342521974783
12422,4.863835737805581
12423,8.282462753794993
12424,3.0792905472298875
12425,6.605738309453619
12426,3.3510187392934596
12427,7.981841971937695
12428,7.567585734881351
12429,4.583361510388888
12430,7.786912772803961
12431,3.8174962284230096
12432,6.01521568333145
12433,6.4153841932832565
12434,8.904449704083977
12435,7.764896291549168
12436,5.090830754134077
12437,9.976434494391258
12438,5.582604280610733
12439,6.094350440959535
12440,9.43113207928613
12441,6.793848362777065
12442,4.3896479308513685
12443,8.289836979733582
12444,6.281016949376383
12445,6.502608135039454
12446,5.260180319908459
12447,6.761178460764954
12448,5.919721193018194
12449,6.704830092336603
12450,8.606043345514566
12451,9.257534540312857
12452,5.78723594812676
12453,7.496801636796526
12454,6.95020643386278
12455,5.173913641267528
12456,4.746426859989191
12457,8.468627677394972
12458,5.813027345195291
12459,0.14558509788791982
12460,6.204426017355556
12461,9.519519456025971
12462,6.082471635912816
12463,4.425220496683758
12464,7.045153601615212
12465,7.221806141556952
12466,5.34049566180409
12467,7.699004034073974
12468,7.6271672957506995
12469,8.204637730931747
12470,6.2829158843958215
12471,5.416815617317229
12472,5.217560105736908
12473,5.660724771228819
12474,7.749328006707533
12475,3.4600967725297345
12476,1.4621300478302384
12477,8.54330115611452
12478,9.126876599175617
12479,5.4897709518385085
12480,7.800109654209391
12481,4.66580328252624
12482,9.634181206223895
12483,6.504326198964233
12484,4.982710313648456
12485,5.097877009222961
12486,6.21559365126542
12487,6.640365476171664
12488,6.361471506258001
12489,5.256363981215791
12490,6.821532931971555
12491,4.809581705079902
12492,6.18771238210064
12493,5.697756946501773
12494,7.560379386759047
12495,5.9757856619802165
12496,8.508231477704495
12497,7.5395871282148175
12498,8.508094246429062
12499,1.5003795553473265
12500,3.183572956105965
12501,3.8993573503056482
12502,6.621842564055351
12503,5.74238481207689
12504,3.8921520897183823
12505,5.018579314440044
12506,0.8741964796383069
12507,7.29986952405716
12508,8.208704480756422
12509,5.181324936984176
12510,6.966286556586996
12511,5.466061006201818
12512,9.28373646932049
12513,6.159919635991019
12514,5.734956143972875
12515,5.720922132036986
12516,4.185919949191686
12517,4.371030519794118
12518,5.600262054849613
12519,6.008925895367208
12520,7.936981268625331
12521,4.734563857187472
12522,6.425526480965114
12523,4.06248209719856
12524,6.479151049652783
12525,2.2502085997164305
12526,3.7807170206277263
12527,6.946816522641865
12528,6.6458593221944495
12529,5.67044287632952
12530,8.685760668210225
12531,6.2111542940048
12532,4.575857956041951
12533,6.0423964062672635
12534,3.914436541184108
12535,7.000319896686672
12536,4.262839962715037
12537,4.5867795352591205
12538,3.3975749245207103
12539,5.228282704583872
12540,8.467008717999608
12541,6.891877893856856
12542,8.682272045106377
12543,5.340616004495415
12544,9.463260864510982
12545,6.288637418517426
12546,6.532640874572978
12547,7.248267520164241
12548,8.09551427957851
12549,5.983552911300593
12550,5.4796902347216845
12551,1.6114200434897898
12552,4.758616453882783
12553,7.383498094297314
12554,1.913514785613836
12555,9.981893007990575
12556,8.442279188923019
12557,8.319056940253692
12558,3.5674963498007783
12559,5.634676267912964
12560,5.187357325190177
12561,8.812629328669226
12562,6.547170673185443
12563,3.2508560529713657
12564,7.816120331409323
12565,6.7658060500229364
12566,6.192109958257087
12567,3.611835214043584
12568,6.1294191702876395
12569,6.194977368768102
12570,6.236586507548109
12571,8.466020246152762
12572,5.2404210587792965
12573,2.8501724687006087
12574,6.866103559760385
12575,5.768002463583255
12576,2.6860649341343277
12577,5.571041260271176
12578,6.0335282226555425
12579,6.382303968628962
12580,6.244341518231936
12581,5.59250734378699
12582,4.259211647232049
12583,5.735038243592443
12584,7.620497555404486
12585,3.9957958852515025
12586,7.225653482402988
12587,8.022574640015197
12588,2.2175182844683596
12589,3.350987745995159
12590,8.870881761427253
12591,7.256507699941099
12592,6.364732321469267
12593,6.706726474968349
12594,2.753601526091047
12595,7.15753232403637
12596,7.773339818406312
12597,7.3109802506377095
12598,4.873259062102774
12599,6.40863726190913
12600,4.329461250236191
12601,5.831131352829918
12602,5.654458433881994
12603,8.63630794995725
12604,9.37048811346441
12605,9.5652066113661
12606,6.167777408809647
12607,4.383795028300394
12608,7.072973636590509
12609,4.426925890037323
12610,4.892857645384405
12611,4.4955899948598645
12612,5.72679775306826
12613,8.406009624194024
12614,6.4653008344013205
12615,5.00771670813925
12616,8.433839748275751
12617,1.9435854859595119
12618,5.085551549346994
12619,6.573241102943416
12620,8.29232403429334
12621,7.863599111061314
12622,5.690587646352981
12623,6.5495962584474725
12624,6.710813646461176
12625,7.2056957141484705
12626,6.184171496411698
12627,5.577693485471391
12628,7.897666953043705
12629,8.167354278008817
12630,7.203426097714453
12631,6.094037711180978
12632,4.0012092184437
12633,6.8196202876389815
12634,4.863915197116514
12635,4.968143581756268
12636,8.165241636981591
12637,7.523161022774753
12638,4.329569123382877
12639,7.1399829425005
12640,4.427848416526121
12641,6.126112198296218
12642,5.608075567255492
12643,7.3393630539885635
12644,2.92693182675293
12645,6.118542999894319
12646,8.27716635996027
12647,6.908037056573265
12648,7.6518306656026756
12649,4.5096753827122695
12650,4.225949142376218
12651,4.886809675213529
12652,6.701142703208942
12653,5.9819601114605065
12654,3.890170947224558
12655,4.918975048657461
12656,4.874570029415087
12657,7.212229225586002
12658,8.203536232567084
12659,6.187687560678025
12660,6.2452906609144865
12661,3.7451203930001293
12662,6.212285206738625
12663,5.653953585237057
12664,4.231635878169295
12665,8.680680808262498
12666,4.772587560729334
12667,8.500755567674952
12668,5.4425847285616555
12669,6.500777485745205
12670,5.5482053441786645
12671,7.820774385522751
12672,6.819415428926009
12673,2.92944442542347
12674,8.689550870314244
12675,4.475016185462547
12676,7.964741246326129
12677,9.978256687691456
12678,8.925700819830883
12679,6.034812893511947
12680,6.67915630116409
12681,6.693456244109261
12682,7.434714998126159
12683,6.577563408689194
12684,6.895996085131507
12685,7.320611445156272
12686,7.300953987125982
12687,8.460800974583165
12688,6.187704834434387
12689,4.444937443881006
12690,8.874789593427662
12691,5.947341642933228
12692,8.24522094481412
12693,7.93240923793508
12694,5.422078270787509
12695,4.592759521176329
12696,4.590957493677665
12697,4.023511072029711
12698,8.091028793676486
12699,6.324442071159876
12700,8.184166145020008
12701,5.527906453735562
12702,5.375521263903164
12703,5.8726626254258
12704,1.447811862860736
12705,3.0587094915825404
12706,6.727620392204512
12707,2.7783695070014054
12708,5.823008682095093
12709,7.948751036358866
12710,6.655539852058285
12711,2.05599757508257
12712,5.2527464743366865
12713,5.610593008231422
12714,4.118196776166703
12715,4.801101176534901
12716,7.763742018449692
12717,6.0315682045251116
12718,5.203056613800649
12719,4.801751511252152
12720,6.263704900677597
12721,8.752230786488862
12722,4.594493717150025
12723,6.494940330830727
12724,8.311631907457771
12725,6.27662687211585
12726,7.128996745735054
12727,4.757066564339162
12728,8.28794960175273
12729,3.9005387042504083
12730,7.559183740079513
12731,9.080464765714853
12732,5.3911646979366825
12733,4.54924356033621
12734,6.774145196987088
12735,7.57304566219017
12736,5.986566347160844
12737,8.31250130199464
12738,8.115103123995699
12739,8.602870506194574
12740,5.110247448140724
12741,2.1000798477977503
12742,5.781605415955993
12743,8.718444298637394
12744,6.310583052587005
12745,8.827808187811746
12746,3.968827188278734
12747,5.715000250054124
12748,6.15631886280594
12749,4.081547186493331
12750,4.751918216012987
12751,3.6412230741023635
12752,7.076554155055776
12753,7.899321743726669
12754,3.056288992736613
12755,8.814158537117809
12756,7.122686219751609
12757,8.40739486505807
12758,5.3907966109654115
12759,6.767424850061009
12760,8.51408829422725
12761,3.6652775364276353
12762,8.861292907131078
12763,2.0573661660990377
12764,4.675334091661534
12765,6.927638137154136
12766,8.10953082886113
12767,5.319034647764058
12768,5.585201990793697
12769,4.006933680132759
12770,6.759505284040368
12771,6.6181354282022555
12772,2.58408154813102
12773,1.4817119255484068
12774,7.755936987182426
12775,4.917134330119839
12776,5.3169655369178175
12777,6.9570857075225945
12778,8.195104263590046
12779,8.11332564929504
12780,7.238735045563262
12781,3.480461620541688
12782,4.646664358259592
12783,7.047353773577041
12784,6.384515192095066
12785,4.436062876452939
12786,6.713653508798015
12787,7.784859569500024
12788,4.024905674261104
12789,4.383580790868476
12790,8.66300564558966
12791,6.280526599514318
12792,8.55644237797775
12793,7.166836720127227
12794,6.806543984825183
12795,7.186884072089258
12796,8.246230942485713
12797,4.482396792891644
12798,7.548653803640354
12799,6.301199371365226
12800,3.243571004889664
12801,5.963110327548209
12802,8.827941838136061
12803,3.8669425285662036
12804,5.377099992992443
12805,2.9154016803742144
12806,8.440758870354271
12807,4.4184597234011616
12808,4.654703883841462
12809,4.694569703796888
12810,5.8387695381413405
12811,7.658490170268614
12812,8.651473261462906
12813,7.564883652706493
12814,7.824030322746696
12815,7.378208863212042
12816,6.328995999804579
12817,4.903285354247527
12818,9.246325766678392
12819,4.696964715057325
12820,8.40903365526221
12821,3.280389640357769
12822,5.72532922635142
12823,4.980045283700911
12824,9.72998309917344
12825,9.408180934017167
12826,8.44740737050054
12827,6.311475892092863
12828,6.3908476992411805
12829,6.08469981236318
12830,9.126182580163157
12831,6.256551333561391
12832,5.3983015407474655
12833,7.662951772570284
12834,7.381005200045142
12835,6.36724887418479
12836,8.759874492483416
12837,5.035255539212321
12838,6.625341931564902
12839,4.2896053449146745
12840,8.610618416778838
12841,5.2840021985811045
12842,3.9893460003411265
12843,6.936823767095261
12844,5.439544557937711
12845,1.994299826405138
12846,7.655166901775298
12847,4.086997088285429
12848,4.963335641733147
12849,7.659448964157353
12850,6.9048333624597635
12851,4.725085874991563
12852,5.7570202315318575
12853,5.792798468059146
12854,2.8341020714343066
12855,5.783906719882758
12856,4.396954315631745
12857,4.512556828304246
12858,5.204312525025966
12859,4.837148886546227
12860,8.47296726767386
12861,7.179369583304121
12862,6.489980135218533
12863,8.890907843020708
12864,5.080852938527748
12865,6.3276905369245915
12866,7.420417893029511
12867,4.319573184131422
12868,6.18356209098811
12869,8.761216921338214
12870,5.037605462851692
12871,7.208625664384954
12872,4.370423037989862
12873,7.849050609472792
12874,5.097889018356922
12875,1.761713862268893
12876,8.08638178988906
12877,4.770249880940048
12878,4.935885855373624
12879,8.884600515400276
12880,7.3384966483076255
12881,9.403773427363884
12882,6.239604881144648
12883,7.912629677159453
12884,3.7957109705760503
12885,7.83789125028202
12886,8.557757675725684
12887,6.686506012808858
12888,5.085845810560009
12889,8.384864611639077
12890,4.3812177494384805
12891,8.3881126726229
12892,4.649670888413743
12893,6.746083708929476
12894,3.4169654561781
12895,5.611616010035685
12896,5.612385588298479
12897,3.4548480956558536
12898,6.621844088683434
12899,8.275500801683183
12900,1.7901391231173853
12901,7.404476650971716
12902,6.398364392236486
12903,7.227577014370732
12904,4.686016069488206
12905,9.316110621802066
12906,6.715203911041475
12907,2.0999245092499685
12908,6.493784576861804
12909,3.6842231208482503
12910,9.051977344261335
12911,5.732774422943187
12912,3.10092836338248
12913,6.795218188081527
12914,4.363427559163865
12915,5.241314767785459
12916,6.892219348252366
12917,7.800423313691894
12918,3.418332054163544
12919,7.240408898207913
12920,6.381764099740822
12921,4.639543622064505
12922,6.8608978395392795
12923,5.618682902614003
12924,6.774407735526547
12925,2.42614645311951
12926,5.363714584205839
12927,6.05456678802161
12928,6.656706500801903
12929,8.301902684394896
12930,3.925922624165447
12931,4.983030776995971
12932,8.402328255749659
12933,8.15991587404973
12934,4.535474938591928
12935,7.645995347943867
12936,4.642200745416406
12937,8.180967144525365
12938,8.265275162218208
12939,7.065693689772504
12940,9.678489323482358
12941,4.154994801079231
12942,3.826359375128059
12943,9.072330747960844
12944,6.582611923296551
12945,6.191016882435523
12946,7.000405504381971
12947,5.602192146459219
12948,4.8154464904912
12949,8.948129754719092
12950,6.515614076812812
12951,2.1637175389271928
12952,5.7998806199836945
12953,6.1718138659481765
12954,8.92269436975408
12955,2.2097507074196887
12956,5.282101640860521
12957,6.097640602448105
12958,8.768272541823212
12959,3.4588216902567575
12960,2.2711548578274794
12961,7.221656019321867
12962,5.3949139480313635
12963,4.825665150650764
12964,7.864499136981095
12965,4.619699388306174
12966,2.920820848886608
12967,5.401962111437642
12968,5.120044369681566
12969,4.807294398934798
12970,6.2129937464313825
12971,4.388836908280933
12972,5.514241961889299
12973,7.055956921437596
12974,2.9524055062587804
12975,5.728167217205998
12976,7.498995301932584
12977,3.0894645302198454
12978,8.360947721334878
12979,8.136383083075401
12980,4.834311059003374
12981,2.8792231817310303
12982,9.837408204733128
12983,6.576935320964007
12984,5.080892318540837
12985,2.9570248420093557
12986,7.873471074729497
12987,8.286132267935615
12988,7.652244459945197
12989,4.307033985499527
12990,5.966717861186102
12991,4.466055680637018
12992,5.33137205110033
12993,3.9716667784517474
12994,6.980057044121726
12995,6.49937555321368
12996,4.583387450020771
12997,7.143839682723623
12998,6.529759022179919
12999,6.0851002087991075
13000,4.346761669463419
13001,7.689193205215082
13002,9.549047674155322
13003,4.836562511171093
13004,8.983402406868631
13005,1.3741924949877564
13006,3.8139661857933347
13007,5.237614852212424
13008,4.323450684279188
13009,8.695495028656698
13010,5.05670819393337
13011,7.444419283672607
13012,8.195629162468823
13013,5.16641489349261
13014,5.42309775501267
13015,6.28079405251992
13016,6.770189346205211
13017,5.931749105179424
13018,2.6114269577496936
13019,4.463777149724114
13020,4.806077328941312
13021,7.152823446366513
13022,9.037837098718873
13023,5.902396845689351
13024,5.180402060055185
13025,5.83301423063247
13026,5.3499432765900945
13027,7.465587339521635
13028,7.84798002720525
13029,4.792868364087551
13030,4.936763147528585
13031,4.720846872427724
13032,3.07609419202936
13033,6.829779913911127
13034,4.3139341204184785
13035,7.5129067702622025
13036,7.154876271782419
13037,5.4079136634960205
13038,7.183756158758115
13039,6.411243511326295
13040,5.060230807474072
13041,3.1525445501042157
13042,3.6028671870462494
13043,1.5922416862535795
13044,5.470066393033278
13045,5.143755633891211
13046,5.091756435652317
13047,8.608841148721593
13048,7.54822874988093
13049,6.977183616970743
13050,8.314361838001698
13051,4.197084613522143
13052,6.640694097707964
13053,6.95064719796482
13054,8.972526247025849
13055,5.2479574855858555
13056,3.567720085585807
13057,2.1392069473019824
13058,6.694855337111681
13059,6.010475370377403
13060,5.922684000725032
13061,4.503354764405401
13062,7.167087329810128
13063,9.196631254827553
13064,1.7666228736714213
13065,4.366975854919881
13066,6.9302737108591455
13067,9.066532557111973
13068,7.420272771080017
13069,7.3340475663736315
13070,4.469076742824253
13071,4.964125817277308
13072,5.997158638380016
13073,6.412027622163295
13074,3.8254811596469396
13075,3.593809574217489
13076,4.664357214930793
13077,5.7596082568255715
13078,6.255253512772102
13079,4.13320155870661
13080,7.683716979913609
13081,5.8181781057252415
13082,4.234778712356984
13083,3.4544628254068677
13084,5.108866534087712
13085,4.424143508682036
13086,5.873985385511008
13087,3.088925609073528
13088,3.375697508724033
13089,9.283256274280868
13090,7.873562456698818
13091,7.939194380531092
13092,7.565992053854882
13093,5.934066848120036
13094,3.0096217413527304
13095,5.4818672631307805
13096,6.06316197380944
13097,4.077389956199488
13098,6.384444623644988
13099,8.561997400156093
13100,4.249129112859002
13101,5.668273393541106
13102,1.3677163952741087
13103,7.1315091629778165
13104,6.716803067770127
13105,6.852455831476311
13106,6.230859405762999
13107,3.680497209409944
13108,8.544687593243854
13109,5.76924693406226
13110,4.53567763024327
13111,5.55013450467405
13112,7.412859461412355
13113,5.890343891060837
13114,8.660288981466186
13115,6.539990562997005
13116,8.295734770444252
13117,1.6346844092697108
13118,9.741833302030136
13119,6.3763572735864775
13120,2.959738980444847
13121,5.461606293092859
13122,6.772364179780394
13123,5.707620703690535
13124,4.270912905202671
13125,5.245774672000019
13126,4.396755664073517
13127,1.957883184934581
13128,7.7173047809114195
13129,4.769660597993284
13130,7.378088858928971
13131,2.058009430407681
13132,6.053057309424226
13133,5.034684273700681
13134,7.3624922986754076
13135,5.057432100088287
13136,2.312917227621764
13137,7.0487601837054275
13138,6.741435253885574
13139,4.8460006615544335
13140,8.776574278122702
13141,6.555619037059408
13142,4.489519503139441
13143,8.175812356581309
13144,7.6771084770206865
13145,6.132184541431359
13146,7.309454237796579
13147,6.575575180000048
13148,6.474571867835739
13149,7.415374798382963
13150,3.738427899202705
13151,2.9202139507995173
13152,7.193218232287087
13153,3.7672559770519563
13154,4.497026602996459
13155,7.418593383191814
13156,4.742639176939411
13157,4.478408676270211
13158,4.924196533418408
13159,6.725485308803618
13160,5.76427093947442
13161,9.906667276527216
13162,8.162963501136153
13163,4.329299341479542
13164,7.618620315648525
13165,3.92013067096824
13166,2.844317838695587
13167,6.260111134977636
13168,4.00230978370958
13169,5.6386574694248965
13170,7.501441787146199
13171,7.057796370199275
13172,6.307390682722406
13173,9.493928024699846
13174,6.5246678907788205
13175,4.449278782311103
13176,5.668877124383608
13177,7.642612309784499
13178,3.4301558134651513
13179,8.594058201475809
13180,4.536646539463896
13181,3.4835427201158984
13182,8.150470004931758
13183,5.698335831108284
13184,6.756300568261878
13185,7.306452558237777
13186,7.717926816343629
13187,7.363062937185502
13188,4.537188044054666
13189,4.566907806244747
13190,5.865369443790571
13191,3.3346973353839835
13192,8.433803754500769
13193,7.676974276922908
13194,8.362053506992925
13195,6.200102345787176
13196,5.451727818627951
13197,6.185204776633849
13198,7.372319352153224
13199,6.315302983954281
13200,9.217198999479864
13201,2.5999624094708476
13202,5.219262111157313
13203,6.8771898165739715
13204,4.499986674333654
13205,6.179266768733572
13206,4.1061849360115605
13207,3.388614109804189
13208,4.189410719117963
13209,2.5187301404517295
13210,2.819958321713869
13211,2.6195181053304926
13212,6.879751703895207
13213,6.808980102995136
13214,5.020857413390905
13215,2.858408357595326
13216,6.135502959549469
13217,6.107886141988597
13218,7.99693439491138
13219,5.892145143531172
13220,6.495913012300802
13221,6.393624653663485
13222,9.490607025787671
13223,4.810810467191721
13224,4.323945892100651
13225,7.709535198463675
13226,5.869373489327444
13227,5.419578301601948
13228,8.44771278608044
13229,9.122666047004667
13230,6.204008881705976
13231,4.281629161093363
13232,7.672546153729624
13233,0.3256401132323633
13234,5.398974895678053
13235,6.665209796887709
13236,6.589499119274069
13237,7.558517135027969
13238,5.556443307959955
13239,5.179406796991203
13240,3.6202069404840116
13241,7.686087817390524
13242,5.0439753011672455
13243,6.851445291382215
13244,6.089469652226867
13245,4.955956384669163
13246,7.1594424777432595
13247,8.18460665369744
13248,4.805937094512525
13249,4.782268541618576
13250,7.83374281933653
13251,5.286159883179491
13252,7.8533913544243985
13253,5.6092861371461975
13254,3.2904214626080313
13255,5.564845855261614
13256,6.765578595514057
13257,7.1218995791118305
13258,8.392845598726307
13259,5.224368489675726
13260,8.518500037577555
13261,9.494023519017354
13262,4.64974258378472
13263,6.535076947761839
13264,3.3923982867188314
13265,5.518372356355007
13266,6.62181198769291
13267,4.207548685211084
13268,2.7667205229512972
13269,7.0166946835906385
13270,7.683140193132656
13271,5.066786028263387
13272,8.44224270228552
13273,7.9247373839940725
13274,8.341511039305711
13275,8.102576197571226
13276,6.347493986370385
13277,6.841089010963143
13278,1.133198902719709
13279,3.456990915695562
13280,5.29999830665992
13281,6.282056514375028
13282,5.7297223885312185
13283,5.36422907257688
13284,4.967738080824928
13285,7.261666767643715
13286,6.539562539151133
13287,6.960589586377488
13288,5.22370659979056
13289,6.91715732723937
13290,8.671490814305319
13291,2.726859973995157
13292,4.7746038380572555
13293,4.011136565092447
13294,6.941586220186274
13295,7.704195859441727
13296,5.607727659572018
13297,6.256405358496911
13298,8.212498831445508
13299,5.649569434032534
13300,6.2609037568052965
13301,6.264158194581236
13302,4.648315159281274
13303,7.067474550318875
13304,6.035983298787693
13305,4.435483584034536
13306,5.833415436936111
13307,6.871498855876636
13308,4.463784094103982
13309,2.932625557539319
13310,3.1682725231900486
13311,5.579704136909227
13312,1.0656373415260298
13313,5.407656534717924
13314,7.492258679266831
13315,9.116331771801855
13316,4.528733823933554
13317,3.1191805487962134
13318,5.207295185761661
13319,5.755629236072226
13320,4.663487660764995
13321,5.947515269919645
13322,7.221124370629193
13323,7.716610541277376
13324,6.924797423805583
13325,3.304168193999505
13326,7.848283812581779
13327,7.12033185606691
13328,6.403134405110093
13329,7.259481847757657
13330,6.829507142633918
13331,5.7926288036809686
13332,1.9767335818363094
13333,5.191395719679502
13334,2.7034425039015084
13335,9.996408876051152
13336,1.7873831786174077
13337,7.0364002028548125
13338,8.419579639019906
13339,8.707699959758726
13340,7.862986485291894
13341,9.192529134206287
13342,5.596536994677617
13343,6.250467604866065
13344,2.711238992841859
13345,3.3122230017997794
13346,3.648434265767429
13347,8.790137960034187
13348,3.9854641505938107
13349,2.7140153340471125
13350,3.377008764502792
13351,2.7597565974573315
13352,5.419639014050676
13353,8.099481767032945
13354,8.043470561554777
13355,3.013540791217826
13356,7.217433006176291
13357,3.9349053089967874
13358,8.028403435756552
13359,5.456139256578586
13360,8.157374430473311
13361,6.792441833686394
13362,4.0758849540638185
13363,6.885254802260574
13364,5.252699700535795
13365,8.501710703311527
13366,8.412119562813858
13367,5.011678717482637
13368,5.561728819697985
13369,6.641966669714317
13370,4.342977754847098
13371,3.378767229080411
13372,3.7877789396363575
13373,8.08233145675632
13374,6.785074453771219
13375,4.194855995382011
13376,4.855546782871884
13377,6.434321905307209
13378,8.699802613973452
13379,5.199018138617296
13380,2.502865858409329
13381,8.81899433301073
13382,4.016745434416351
13383,7.472724341845584
13384,3.5884097236087427
13385,7.611273289565529
13386,3.1478613243145825
13387,2.650209118919697
13388,6.181848027144258
13389,6.2562815091753645
13390,8.659556293191065
13391,6.479881055446613
13392,8.25055768468234
13393,5.214355324979741
13394,4.75976030765955
13395,8.94562309346596
13396,8.902465523966757
13397,8.046370828628955
13398,4.756261680260382
13399,6.992464633068262
13400,7.769923866095195
13401,6.288513966246824
13402,3.8903096063074734
13403,8.459889475567618
13404,5.929033225788591
13405,9.998413309947383
13406,4.13950024132388
13407,3.0359868707223057
13408,3.6652579935924843
13409,7.4328029476401785
13410,9.230038812703352
13411,5.455458626078478
13412,6.166117636617345
13413,8.61289689323124
13414,5.471821996839191
13415,7.159375487892466
13416,8.420277836406987
13417,5.8389061124575745
13418,6.671031778364029
13419,7.175268032757176
13420,7.009552311045565
13421,4.880542544286223
13422,5.003147053505843
13423,6.518989244291293
13424,8.438629731551341
13425,6.602657359998685
13426,5.630010064203947
13427,6.5212598319688695
13428,5.367898466677391
13429,4.075183284841425
13430,3.933129439620344
13431,7.990569697049496
13432,7.722317872124106
13433,4.982366988865438
13434,5.8323441854975
13435,6.194340451417313
13436,8.813112065407658
13437,1.7137653681144314
13438,2.94028132074065
13439,9.98977030981964
13440,8.322925812909201
13441,4.29149345081907
13442,6.863223957754732
13443,5.806344598622616
13444,6.0133516405702965
13445,6.65787305782762
13446,9.153560051949723
13447,2.326519626207829
13448,2.8079709614494988
13449,5.650485172913175
13450,7.651299959312347
13451,5.628931561538032
13452,7.2673557459018525
13453,4.829895524139763
13454,8.325969084426458
13455,4.9034010684258575
13456,2.6446098850490904
13457,8.13872969916849
13458,8.138440879429279
13459,7.230105632894356
13460,6.3391873405758785
13461,4.5747336878489095
13462,4.650567829119824
13463,2.787180437504676
13464,4.057374659396962
13465,1.2857917559413674
13466,7.963663783938538
13467,4.068106036312303
13468,6.809292900161097
13469,4.975125645521996
13470,6.487309122430948
13471,5.158317943379903
13472,3.813303134034966
13473,7.475968864425153
13474,4.989513656662606
13475,7.537000184937196
13476,6.650194959866374
13477,3.8686057713056767
13478,3.0560507999192086
13479,5.195667955036794
13480,6.325291073127617
13481,4.700540491946609
13482,7.485536145992938
13483,7.48625852685655
13484,6.026127156608977
13485,7.064566174618579
13486,5.585179774841995
13487,5.082559463548921
13488,3.23746166375595
13489,2.5501337525488053
13490,4.322695096451525
13491,5.9982651334819765
13492,6.270012170643087
13493,7.519605791474413
13494,4.057914102775374
13495,4.618784903511142
13496,4.85995869288177
13497,5.837306264561687
13498,6.339929724059683
13499,7.685755215622355
13500,4.673235148512239
13501,6.728027411959545
13502,4.864365154349111
13503,7.025919986417645
13504,8.338056618109608
13505,4.6085194626266155
13506,9.076963369334857
13507,3.5198685989039418
13508,3.456924800863116
13509,8.270154179767335
13510,7.909833660613228
13511,4.039578185915219
13512,7.132252318381646
13513,2.2757489947068925
13514,8.36272458823431
13515,7.700393164586947
13516,4.272652553481092
13517,5.787405558361815
13518,8.915982450301524
13519,8.537181049443442
13520,5.961631112508153
13521,5.4511210425683085
13522,4.371053965430385
13523,3.8310852004114957
13524,6.218276492658838
13525,6.141096401945845
13526,3.1536531222214235
13527,4.13047654726944
13528,9.34702061830709
13529,7.274815182272386
13530,2.251473752578827
13531,6.535224148943749
13532,7.02225359581237
13533,2.815850792841204
13534,6.019326990104604
13535,3.018467818655233
13536,5.041487586051207
13537,4.745255575023687
13538,6.19047618271577
13539,4.025525558411453
13540,5.025123790331487
13541,8.796327677465737
13542,3.3708517892851324
13543,5.2829448421299166
13544,5.4902759768290075
13545,7.801514506369455
13546,7.6183691978851815
13547,8.247337229307691
13548,4.154657571465181
13549,2.5353142575870358
13550,4.982109230627036
13551,7.537952443704728
13552,6.618395447010203
13553,6.7652463313115305
13554,4.342321503542482
13555,6.769756026002253
13556,6.313727282167235
13557,9.919751815105467
13558,6.908825094608877
13559,9.1165541092481
13560,5.700071505366916
13561,4.171235193816438
13562,5.110808858584187
13563,6.666959602926791
13564,6.76063875532046
13565,6.314430599361081
13566,4.385337060125504
13567,5.561963134611723
13568,5.447493457028786
13569,2.5219597602838526
13570,5.138954414466643
13571,6.382076420750139
13572,7.1618283512377685
13573,7.337693829425175
13574,9.281379854386973
13575,7.699964328976394
13576,6.036352488803942
13577,9.000783383228361
13578,2.5902443384486573
13579,4.32688845537148
13580,3.790394369408543
13581,6.12261838837096
13582,4.5582554274841245
13583,7.782744752797865
13584,7.112075117573079
13585,8.580967444255032
13586,3.1210957507939048
13587,8.194637277136344
13588,1.0956962550064617
13589,8.500897778809534
13590,5.420522051816418
13591,6.056812689485551
13592,8.691654804546966
13593,6.120189175808941
13594,5.7203188484836875
13595,5.530871605923836
13596,8.619492014399636
13597,5.0494343913224435
13598,6.79438220305683
13599,1.6038584503583038
13600,8.699009731623093
13601,4.951688099548398
13602,9.256224264464853
13603,3.3950165131321257
13604,7.666899828303454
13605,8.198584610665023
13606,5.921752302318351
13607,4.604642246015429
13608,1.2637718563074307
13609,3.6261888248590366
13610,6.224992111055782
13611,5.511432049191681
13612,9.595307453907209
13613,1.935671200887181
13614,4.898569975397011
13615,4.683078266990562
13616,4.412794847843167
13617,7.2197205701436555
13618,7.990023370631053
13619,5.779731551115132
13620,3.35928918743641
13621,1.7231514153169467
13622,6.0864910499387355
13623,6.439238174927692
13624,9.998602927160116
13625,5.4969618134977685
13626,6.134317557351921
13627,9.439450358034364
13628,5.10815715176132
13629,3.64150889133771
13630,3.9952940853264893
13631,8.233181629545351
13632,5.046691715679867
13633,4.793855235434174
13634,6.855419172926157
13635,3.9389834270207116
13636,6.3152414913518715
13637,7.296827602600915
13638,4.631868905006118
13639,5.095367946219335
13640,5.563149729036644
13641,7.488158622391924
13642,7.176176231251345
13643,7.108375455194704
13644,3.378973735022633
13645,3.9623628991745243
13646,9.287638604495111
13647,4.084286268144675
13648,9.109194275641398
13649,4.86396141321231
13650,5.453825136743612
13651,7.423639688290168
13652,6.55194700348582
13653,6.693197102057509
13654,5.630746149915376
13655,6.493587758116031
13656,4.35030313126965
13657,4.111362933414731
13658,2.9187214808452184
13659,4.957646390855793
13660,7.583220425294456
13661,7.546843346820599
13662,4.727840186170594
13663,4.920286985591645
13664,7.156200301716188
13665,7.093560410922189
13666,6.756537437730995
13667,6.885576210370377
13668,7.175352380542938
13669,2.778322263317766
13670,8.197076702310184
13671,6.394274937974059
13672,8.780035853748505
13673,7.119616917114939
13674,5.367200164857291
13675,5.962114954450856
13676,7.3183380299703105
13677,8.769715385329704
13678,6.6567977871105
13679,3.4317653381221427
13680,5.210694591021181
13681,5.461495549794824
13682,5.106681330271923
13683,7.600159345736957
13684,5.6779943767298375
13685,6.629150547196838
13686,5.719344356509078
13687,7.381192629728497
13688,6.756103165271023
13689,7.314356306372477
13690,7.573040376645393
13691,8.856207997013883
13692,4.4035538830765155
13693,7.229017378152713
13694,5.031633165153804
13695,6.215655843245041
13696,7.681054701896836
13697,7.982219126516401
13698,5.332026385019545
13699,6.296238658740016
13700,5.138201703911963
13701,3.683977451962986
13702,4.619696696033477
13703,5.8065406366414285
13704,3.266885329803631
13705,4.490576441317524
13706,8.301757850962877
13707,5.682049674408917
13708,7.657141948815689
13709,8.505971775527064
13710,5.511077620879876
13711,6.743513652434191
13712,4.976913520825757
13713,6.475289990065191
13714,4.99541182207229
13715,6.604412786588346
13716,6.093078766444653
13717,2.356946246601436
13718,4.336664654982109
13719,7.046279413228096
13720,7.850040721015004
13721,8.969142202514528
13722,5.036470193258532
13723,3.285429780279494
13724,6.828324341271158
13725,6.382193871217197
13726,1.7573071532894395
13727,6.558030250982095
13728,4.209839418104446
13729,7.002423279016719
13730,8.188742832796455
13731,6.611029520120946
13732,4.144634975581395
13733,8.800262136768758
13734,2.5291780666992203
13735,5.247289621872436
13736,8.25891231711852
13737,3.1609284641409365
13738,5.317343707804272
13739,5.109533580546947
13740,9.48401995054817
13741,5.615194478040184
13742,6.841673710286832
13743,7.776808655963175
13744,5.798553380642457
13745,8.320041179156542
13746,6.5905979616274
13747,9.235685358995298
13748,5.903557727191306
13749,5.267837984663514
13750,6.188529966515052
13751,7.606711673206118
13752,5.418275442052341
13753,8.547892079892707
13754,5.300558094091861
13755,5.979278372913718
13756,5.1555679053485735
13757,6.9797155149207075
13758,5.173922670791127
13759,7.273630911798561
13760,8.424627436471688
13761,9.219428982646003
13762,4.766594905424271
13763,6.885265242592711
13764,5.7257723774496885
13765,4.248751603913521
13766,7.832106631157293
13767,4.170029332415274
13768,5.339385663625476
13769,4.316110935991881
13770,6.44371834918896
13771,1.2029666603812674
13772,6.988893108865085
13773,8.369766288725453
13774,9.205092035082867
13775,4.777126774286116
13776,3.4160300978788065
13777,6.922597974362111
13778,7.713216124078031
13779,7.545854591431497
13780,7.471964377345283
13781,5.966839161515532
13782,7.513619895472838
13783,6.581558902084085
13784,9.314660089034527
13785,3.5817100054096853
13786,7.163755951234016
13787,6.865521666379982
13788,5.647945907556006
13789,6.317277572879613
13790,5.363511823795382
13791,4.842296919640221
13792,7.165427179427702
13793,5.454494979259309
13794,5.044549031480288
13795,4.9400704422501205
13796,5.136542042447643
13797,4.4999427964001155
13798,6.325347052735863
13799,7.192029673938974
13800,4.780300126048191
13801,3.667337996750433
13802,5.156161065470123
13803,2.3888363919181033
13804,4.124715186599287
13805,3.124412472071328
13806,8.188858047393675
13807,4.132216826654892
13808,5.446158302785403
13809,4.343518715810375
13810,6.78535405136125
13811,5.4728558360015445
13812,7.2124001681295535
13813,8.025458067875508
13814,8.379210871723458
13815,4.441449898417514
13816,8.448545120200837
13817,3.7443936912697433
13818,6.368486017235386
13819,4.904915158102671
13820,8.267073910933354
13821,9.111313202890097
13822,7.264037266275277
13823,6.658835941744667
13824,6.306390022063887
13825,6.652592885009651
13826,5.3457435063328385
13827,4.846465889083034
13828,6.015981777443395
13829,7.620326659010807
13830,3.618945081485106
13831,7.7271822577222835
13832,7.752130639563447
13833,8.311762771004743
13834,6.1700943275302
13835,2.487000349111965
13836,4.625895515184565
13837,5.561073319211728
13838,8.580732860234273
13839,5.895297866138131
13840,5.461674848599184
13841,7.882533611525664
13842,8.156232687255919
13843,8.29499332923902
13844,8.833383269971298
13845,9.620556911418227
13846,2.1055908682505664
13847,6.606449128705282
13848,6.521940423769502
13849,4.862318379458371
13850,4.428997011945286
13851,2.344846445353311
13852,4.869941019089453
13853,9.65356699432778
13854,5.294161400581697
13855,7.137917275772059
13856,3.4654029010406164
13857,7.396945391633992
13858,5.626959841165609
13859,7.4454530773760155
13860,8.985062221133196
13861,5.657851508979782
13862,4.723305418068646
13863,8.779135672006614
13864,6.97265380947668
13865,5.796537334785773
13866,6.832156646419482
13867,4.1045923231725325
13868,5.1171010303853155
13869,8.088306169017173
13870,8.63199196284053
13871,8.95459185895334
13872,5.845858665667416
13873,9.476662074474593
13874,7.351439510723435
13875,9.081084616228205
13876,6.85784606219823
13877,6.268016537358859
13878,6.190191184464598
13879,5.503697410302349
13880,7.9060519548376105
13881,5.923442953013508
13882,5.572532864401714
13883,7.738770360482964
13884,5.897652707766472
13885,3.407576888471348
13886,6.19497262525664
13887,7.3904738671902805
13888,8.233185749334831
13889,8.13311274330582
13890,3.284914277417627
13891,7.266612578568717
13892,6.237596963800577
13893,9.333860598365156
13894,7.109456213304169
13895,6.644373135389701
13896,5.712588161850337
13897,6.790764853116936
13898,5.061631757729339
13899,7.378244581037507
13900,7.077635763445225
13901,6.619014896201421
13902,2.3314556684839447
13903,7.129728827646664
13904,3.009013381407703
13905,5.59848374817025
13906,5.927148631943253
13907,5.491094432907604
13908,7.313871902768858
13909,7.844604061444713
13910,6.611636438303326
13911,8.021111604312088
13912,2.660492855257563
13913,7.248503716826766
13914,0.8212300168463524
13915,5.857843995917758
13916,7.461567933964086
13917,7.913117522311974
13918,8.095184613475633
13919,7.373126265366393
13920,6.372897834354217
13921,2.8240971310632164
13922,5.114704551388187
13923,8.59296239788343
13924,7.0924643891223
13925,5.426988445840637
13926,7.527379363773766
13927,8.286078902984736
13928,6.75125093006442
13929,6.695650129014029
13930,6.346748797532859
13931,6.959402233236318
13932,6.844979271859216
13933,6.310521835412369
13934,7.348037899548896
13935,3.123030946908315
13936,7.318227020532004
13937,4.128981852558718
13938,2.6112738030862053
13939,7.104587780728453
13940,6.62544241057617
13941,4.416047078289708
13942,3.823017785334853
13943,5.067996069603668
13944,6.758076206743089
13945,6.5929421661524525
13946,6.431272513344584
13947,4.55683171138328
13948,8.330409136077922
13949,1.9043961872186685
13950,7.418052480189544
13951,7.111001392034058
13952,4.585962700840939
13953,5.018842491176935
13954,8.036859836367984
13955,4.1617022658328
13956,1.9323426811573199
13957,1.7830581956884735
13958,8.17631938741447
13959,6.331276284326776
13960,5.459004310437554
13961,7.097129702282436
13962,5.743684158889065
13963,8.336213149483193
13964,5.25601095573252
13965,4.636211847213778
13966,5.338606901083771
13967,4.555394847181506
13968,6.120056371010331
13969,5.695495062218152
13970,9.350925337024018
13971,6.149061382246055
13972,8.802477246091602
13973,5.667104567421515
13974,1.5842710082204108
13975,6.450734398502408
13976,7.373679972606823
13977,6.209730370980132
13978,7.130937587087122
13979,6.712381795341739
13980,8.516752053620095
13981,6.727312924786423
13982,5.042605657245083
13983,4.872511620716783
13984,3.123650863507874
13985,7.540855149223399
13986,7.71417216052708
13987,7.291680544225909
13988,5.859560834826713
13989,6.5629963311381045
13990,2.0148511793431845
13991,5.2841462655311
13992,6.974262425001513
13993,6.816601262661109
13994,3.162583549153768
13995,8.159312825172007
13996,5.948918770648556
13997,6.753568019677343
13998,7.420669444497039
13999,4.3794734736259
14000,7.752301722012101
14001,9.386163617389105
14002,5.27863235891527
14003,8.85323385278998
14004,7.615167908112736
14005,7.0335625666060695
14006,3.0020860916676626
14007,7.82886588516754
14008,6.71085672813386
14009,3.43356242986644
14010,8.483950695562905
14011,3.3102740710114333
14012,3.303698266118824
14013,6.617965615184184
14014,4.131230126395255
14015,3.1885328439328555
14016,5.063006177291401
14017,6.20184293037317
14018,6.019580289030683
14019,8.484897333470737
14020,8.996603901980384
14021,8.415211618689968
14022,7.034435911167297
14023,7.191581736456838
14024,4.948474786226059
14025,1.464546665479934
14026,5.904890981206565
14027,8.515770014932627
14028,6.062017634405997
14029,5.857657001445384
14030,4.760793610879179
14031,1.8924449065919944
14032,4.649248991152748
14033,5.447162083016645
14034,7.97572411256534
14035,4.129646528099363
14036,8.449782128567165
14037,7.457131487670469
14038,5.780535449978009
14039,7.634627034086053
14040,8.350593742470528
14041,5.022882532884873
14042,5.273871078546845
14043,6.194519121969276
14044,3.1204191590290558
14045,4.152094194400755
14046,5.164467755278929
14047,4.2412833885800545
14048,8.367350731844613
14049,6.517005753262768
14050,5.215433424382523
14051,7.612319178025172
14052,5.993959195399822
14053,3.2794811192298363
14054,9.180143555374999
14055,7.131895963592568
14056,6.833432176031455
14057,5.253166859819906
14058,5.081961454492543
14059,4.460784479407446
14060,1.1927187893248348
14061,4.072152330345399
14062,4.579710721392175
14063,4.340687858815499
14064,2.4236753836910543
14065,1.0885954354337897
14066,9.176355195671935
14067,1.972586939670164
14068,4.591664809317363
14069,6.39014884702148
14070,6.770989009809243
14071,4.757632468814629
14072,4.966867078132459
14073,8.289418961630501
14074,5.486593777363228
14075,4.905327566223518
14076,7.054960790776114
14077,3.678637589289493
14078,7.368593728801246
14079,6.334897203867156
14080,3.8679634799203066
14081,7.596198524695947
14082,5.828522967884813
14083,5.14965857704119
14084,2.4474752102034834
14085,5.856571186178856
14086,5.5631176170750205
14087,8.280199875676741
14088,6.15589035013552
14089,6.202845485679168
14090,1.8985400604272733
14091,7.030181585829981
14092,5.682099430329668
14093,2.742589822463396
14094,4.303026783247834
14095,7.120419940716052
14096,7.669922649956488
14097,5.989839977952707
14098,7.323981494048931
14099,7.527391229795936
14100,7.40596924829382
14101,4.624031867062211
14102,4.108297509258005
14103,7.558915739010322
14104,6.411268028205342
14105,5.4576060393839345
14106,5.639103158829713
14107,5.747236420899034
14108,5.205044703148159
14109,7.286000352493471
14110,4.52081767895385
14111,2.0975275864691256
14112,5.766020576674132
14113,5.104127253407021
14114,9.996951810284985
14115,6.3208860894333325
14116,6.521314003578135
14117,8.39184883661498
14118,6.717473117655368
14119,6.22053751765589
14120,6.464824703373698
14121,3.673998873267805
14122,3.8299737280166575
14123,4.8302132323656535
14124,5.213129087866269
14125,8.055258888165582
14126,7.149174852041793
14127,8.094191055848153
14128,4.843355590267463
14129,3.276813991318434
14130,4.194916760102517
14131,5.63155482864594
14132,7.503839820346966
14133,9.920456476739066
14134,6.6755712682152835
14135,6.251580603136782
14136,6.537565358345857
14137,6.445151869370359
14138,4.309588120497425
14139,7.711050937951056
14140,8.78900051831591
14141,7.4234053306185075
14142,6.347724124917027
14143,6.315353435475208
14144,6.296116442179366
14145,7.868436104450272
14146,4.356063628427011
14147,4.776434037066525
14148,7.825943355880613
14149,9.655692400015841
14150,3.372322057348587
14151,5.231035999847296
14152,3.0789398955397322
14153,9.65903465784102
14154,6.4516576163719375
14155,7.372465368756823
14156,7.921647245324566
14157,5.910668847686291
14158,7.193216390397609
14159,5.305249440658521
14160,3.659244893936853
14161,6.9937322703765
14162,4.616913408074127
14163,4.994472964817025
14164,8.004259181603231
14165,6.235989193982144
14166,6.802373627323274
14167,8.84902668391808
14168,7.009983916070898
14169,9.311383338463907
14170,6.140981596574991
14171,2.1744601385220106
14172,4.130216159867027
14173,6.530659157874541
14174,6.554410849243617
14175,4.982469404091896
14176,7.578826094482329
14177,8.493561829349549
14178,8.070306614405284
14179,6.982808973208537
14180,4.749504708145479
14181,8.825173247131975
14182,5.415051544752476
14183,7.471661098006038
14184,8.530114986898193
14185,5.627816459441588
14186,6.464087611242617
14187,6.284957144246669
14188,7.065893318160247
14189,6.6801484669955
14190,6.149218694879982
14191,8.279226322475818
14192,7.375251445812981
14193,7.417170239005951
14194,7.01650629316309
14195,4.840006491761031
14196,6.9720872832415655
14197,5.902779102036481
14198,5.448764231820361
14199,5.304811504131796
14200,7.812153933508375
14201,4.139555433534605
14202,4.452800016682545
14203,5.897983633457665
14204,2.9185695033082246
14205,8.413142299983287
14206,4.691087571490096
14207,4.571156157484324
14208,6.5714521176947915
14209,8.796718249314225
14210,9.206548364748631
14211,6.286010890215816
14212,6.773778315749636
14213,8.363364957968608
14214,7.709550889896758
14215,2.2790657935820775
14216,6.681351585983047
14217,8.910937809755033
14218,9.248816476764166
14219,5.3787590171087505
14220,8.444042041247874
14221,2.61522922356862
14222,4.731063594480483
14223,5.211537048174695
14224,5.893901025532221
14225,7.4326898985929315
14226,2.1173490177967977
14227,6.188189695191872
14228,6.700409989500014
14229,6.092116388984438
14230,3.950493111322742
14231,5.012506151992591
14232,7.224177964516793
14233,5.170918074589255
14234,5.864668573383821
14235,3.8258350181662673
14236,3.700143455643965
14237,3.634325149186592
14238,7.086804395054306
14239,9.166461354860228
14240,4.328520805950658
14241,8.51494641574168
14242,5.30189302069753
14243,3.7189670335022305
14244,5.559573214555673
14245,5.598928887798274
14246,7.293473952244367
14247,5.155087638190393
14248,6.513890172868804
14249,5.172181413295872
14250,8.92637695390427
14251,3.2512947028961747
14252,3.4446466315243436
14253,9.951198677698594
14254,6.888054708864351
14255,8.196862948720135
14256,5.393588085594387
14257,4.3190611241091705
14258,7.900990152919685
14259,6.138357845408488
14260,1.8242769430580132
14261,7.537826397678465
14262,5.300837901376991
14263,1.7913485610221744
14264,9.679089871853035
14265,5.474645149355677
14266,5.527241078880324
14267,5.3939702373688165
14268,4.5587489919662705
14269,7.301055569357345
14270,2.717016869763465
14271,1.7509615149245932
14272,7.454247108551743
14273,7.176959967023349
14274,6.520699683948491
14275,1.9819799629796528
14276,7.7434845804150925
14277,8.233883379922743
14278,7.767902205455583
14279,7.177459109880848
14280,6.180361562127606
14281,5.052744579991719
14282,1.9551160421966478
14283,4.548219156550427
14284,6.720558512152867
14285,3.880756430820983
14286,4.687283318763127
14287,9.008776579105213
14288,5.185501161445263
14289,7.918199302912681
14290,6.819201742584636
14291,5.801297816657039
14292,5.945558765080735
14293,7.626729766397183
14294,6.393606418990272
14295,6.447422145667831
14296,5.997605317513773
14297,5.052257538194267
14298,4.6429953498249885
14299,6.268390700379877
14300,8.287729910039113
14301,5.236835412560596
14302,6.32235053320412
14303,6.759827214402643
14304,2.2245895500279538
14305,7.073214256264646
14306,3.2622802289747965
14307,8.273754288633796
14308,3.3668109517941405
14309,6.114912346455242
14310,3.6979294414003485
14311,7.710717136754226
14312,4.405116279841991
14313,7.549568326614905
14314,3.431543417789365
14315,4.369393817987012
14316,2.6653224190676257
14317,7.639606829681947
14318,6.439545060379153
14319,5.826780380089123
14320,6.374636387989042
14321,6.989726328946811
14322,6.099087230496652
14323,4.558343699400137
14324,3.789745117514227
14325,5.377023951199442
14326,9.634933842693128
14327,5.176136387939322
14328,5.496503120155401
14329,4.524903588319921
14330,6.6954631330172045
14331,7.937825898454376
14332,8.41059675476675
14333,9.180832457328219
14334,9.553155675633992
14335,6.469559962179865
14336,5.620150864645497
14337,4.248621868669835
14338,6.352397711423356
14339,7.615956610095907
14340,8.907431673798843
14341,7.0922179998812185
14342,9.237695645883317
14343,7.285168121484221
14344,6.045393742927818
14345,9.552106244711243
14346,5.611983275833086
14347,5.231746884773008
14348,6.565304538551624
14349,4.23020999298425
14350,6.98426924758603
14351,4.239484561436013
14352,8.255537656974969
14353,4.620989748668757
14354,8.379094452495119
14355,6.394878997446076
14356,7.702238692307459
14357,8.377715760184945
14358,2.68661553354145
14359,7.0282603906346
14360,7.758274222701532
14361,8.188510164235774
14362,6.353200957306019
14363,4.816169655409945
14364,8.546745473042037
14365,2.826862768180077
14366,5.759657967246664
14367,6.473876788054126
14368,5.085194652819882
14369,5.054305016590098
14370,7.524973354796155
14371,4.28551675551885
14372,7.5045635544830445
14373,7.5053537899491705
14374,6.68732930523405
14375,5.763634899126787
14376,2.188934396724136
14377,6.0209755196340975
14378,7.078912811775352
14379,3.769966768561667
14380,6.609340972473319
14381,8.69540695171818
14382,9.288922028126478
14383,7.520014963784123
14384,7.14143159252185
14385,9.493235944985702
14386,8.862992650279477
14387,7.185244166234872
14388,7.007671366133242
14389,3.6937265427737103
14390,6.16812522997345
14391,7.3957333522479045
14392,7.158267750775896
14393,2.5395431215467474
14394,7.919856313137636
14395,8.781677974122696
14396,5.338593416310358
14397,6.7741798705254315
14398,5.207728744619088
14399,5.577686029606551
14400,1.2428813453774414
14401,5.481338416039143
14402,5.916515277196572
14403,7.959690242815637
14404,5.761790526139319
14405,9.144914031701129
14406,6.451884506525005
14407,8.11436952889439
14408,7.5330886633630865
14409,6.439968428716983
14410,8.079447040857223
14411,7.7580024383571295
14412,6.587511783147559
14413,2.983862409190769
14414,7.472382564159089
14415,6.85593614673958
14416,5.739000763611477
14417,5.754867106716196
14418,3.4932390649135767
14419,6.302409489736471
14420,5.171350461816368
14421,8.159706082826863
14422,1.1851450935512104
14423,4.498663984290678
14424,3.1248989895661268
14425,7.167114231587758
14426,8.171996308510064
14427,5.451324860568409
14428,6.5231794764543425
14429,5.670023370363822
14430,7.377381927656654
14431,3.750232842573509
14432,3.225365818646895
14433,7.063294987431926
14434,5.321562509515377
14435,8.672583284436286
14436,8.01781412044456
14437,7.307093360632848
14438,6.743008661868674
14439,5.1444367514126546
14440,5.946170453940585
14441,3.616515854308711
14442,2.836742915434809
14443,7.802719254092028
14444,5.5695945889130005
14445,3.4712193299529686
14446,1.5679180661325245
14447,8.339289994966922
14448,8.192975220633564
14449,3.1680390169937893
14450,2.991893533899715
14451,6.492512311789378
14452,3.099612434840638
14453,5.166843921351132
14454,8.15498780596818
14455,4.070475913164293
14456,7.636630408227431
14457,7.010433653843921
14458,7.187751899120071
14459,3.6868893547672372
14460,4.004079982699951
14461,8.778620407223908
14462,4.193404990312493
14463,9.717849559087815
14464,5.408774631168815
14465,7.120218822550856
14466,2.3309005593871523
14467,3.824523861646038
14468,5.393745088470645
14469,6.837106437865877
14470,9.018468767119048
14471,5.0855108227305
14472,8.967583226122013
14473,4.695747615313471
14474,5.1768843893881265
14475,8.945621590427532
14476,4.002824179579913
14477,4.446482279652127
14478,6.089379180209789
14479,8.08636693013737
14480,4.90297503369048
14481,4.551707821784772
14482,0.5030051368168051
14483,3.393793524638917
14484,4.937214051996807
14485,9.18310812457678
14486,4.9109857445467116
14487,9.269101874488685
14488,7.4004763522830075
14489,3.928071935926186
14490,3.1685559308428415
14491,5.728283004660082
14492,5.73566347008543
14493,6.3428646754618345
14494,3.2120908925319718
14495,1.8254668801517844
14496,2.0956654438550877
14497,3.965277623596183
14498,3.890083436004903
14499,9.486375125678816
14500,8.16617104701899
14501,6.203041901232369
14502,6.047164586765547
14503,1.6453615786874962
14504,4.702697085585186
14505,7.446443973815347
14506,5.059744879387791
14507,7.493597953582887
14508,6.7454664503409845
14509,7.800596835500102
14510,4.649138121484943
14511,4.583421999875266
14512,6.094906667456975
14513,9.418968892341708
14514,6.007752568552794
14515,4.439236815420449
14516,6.878640925483074
14517,4.1740783937939145
14518,3.335383642498118
14519,6.200382508266867
14520,6.144037551924642
14521,8.233676562119921
14522,7.294620460454979
14523,2.443535887385751
14524,2.376130999282406
14525,3.138083099600096
14526,4.4999896649424045
14527,6.981061472713407
14528,3.583336850980081
14529,5.480131172898784
14530,6.983648239568541
14531,9.26153236703409
14532,6.459742983702478
14533,8.344966153666281
14534,8.807208169016622
14535,3.3424603137375017
14536,5.081195419694369
14537,8.357892164313727
14538,8.051051551908056
14539,7.041359966637565
14540,3.898798315458825
14541,8.177018541357375
14542,7.597936921714326
14543,7.360362788415452
14544,8.257701573731703
14545,6.45850136742678
14546,3.952991314312867
14547,4.52275648737142
14548,4.9096532084862705
14549,7.3120423472780605
14550,5.257197684447034
14551,6.1288724195589355
14552,2.3032794658271967
14553,7.161018864011689
14554,8.063414379274956
14555,7.387022502524329
14556,7.1444032015315555
14557,3.624078612097094
14558,5.982792200559439
14559,6.042724227396683
14560,8.266176579039223
14561,6.736666767755461
14562,2.03278699063696
14563,8.7659515652126
14564,6.312116570369234
14565,5.550945957626527
14566,6.643274174782613
14567,3.4601158683160707
14568,3.5001592347969988
14569,6.1415940570588266
14570,7.55665565463826
14571,4.112137197286261
14572,5.961612169445373
14573,8.127506693597592
14574,9.027813128758662
14575,5.420809949737519
14576,1.401201455394928
14577,4.4270967888476065
14578,5.860214235633402
14579,4.357046463401178
14580,7.413601306351336
14581,0.8672119572430137
14582,3.595472148768304
14583,4.873766533194343
14584,4.745083837034472
14585,6.965658185209233
14586,5.137110780409499
14587,7.388629783862015
14588,4.239212408736079
14589,5.717331591027245
14590,8.707434798685554
14591,4.474196243884293
14592,5.0929017106689685
14593,3.7203597795565315
14594,8.815190352896382
14595,2.162324178435017
14596,2.6302382844858854
14597,8.000983697675554
14598,3.4320054544334524
14599,9.012979365898094
14600,4.387250378220108
14601,5.699284968960943
14602,6.975656730091441
14603,6.745816518482765
14604,6.188001579936296
14605,6.43371222056025
14606,8.693875915280202
14607,8.365196697716645
14608,5.709680227907816
14609,7.489764548766476
14610,4.6047759240187895
14611,8.21117669300522
14612,7.517510006235247
14613,6.5476784791417
14614,4.324889672817855
14615,7.547002729592849
14616,3.940586478656807
14617,6.270140924069364
14618,6.647050523127358
14619,4.32566039221116
14620,4.54340657335896
14621,5.012638862295954
14622,7.544098139834119
14623,9.509816672123696
14624,6.198905256246298
14625,8.53774361114495
14626,2.0733390903664466
14627,7.678438451766958
14628,7.479089912918566
14629,6.258576584552724
14630,5.841768354947383
14631,8.023628812661759
14632,3.4530405769088413
14633,4.586468412990175
14634,4.781204468209287
14635,5.529794305931565
14636,5.954616603138623
14637,3.114372019447646
14638,6.098331896456688
14639,6.581420888680787
14640,5.0371519671212805
14641,5.6618981007332625
14642,4.8978555579933385
14643,5.543886848430123
14644,7.746068139460323
14645,0.8522206857837519
14646,5.449486107510258
14647,3.7423846762856465
14648,7.712048487898167
14649,1.6618729747699597
14650,7.51347013969138
14651,6.196547106085229
14652,5.834032130395061
14653,2.560867424425718
14654,4.2333438036717626
14655,4.7440212234437915
14656,6.275524156090555
14657,6.191480975293348
14658,5.368715802958958
14659,8.319789093288538
14660,9.290803763028318
14661,4.444039307917854
14662,3.623970292393063
14663,6.764343177578924
14664,8.853115166633746
14665,7.545073488034257
14666,7.797509303829649
14667,2.6466956711475325
14668,8.455520664995053
14669,7.865329759729417
14670,4.69657591856015
14671,8.441662190419331
14672,8.77329838836624
14673,6.855571692540215
14674,6.020091333118312
14675,6.866955196478476
14676,4.132756939407048
14677,7.3504885326049845
14678,1.2686400218806326
14679,6.802254733124299
14680,6.738644569223206
14681,6.135285917047117
14682,4.7986118962245286
14683,5.319801978828563
14684,3.682269427933023
14685,6.296180794928956
14686,5.391085698284
14687,8.287722404555549
14688,9.681763264171735
14689,4.878278580897806
14690,4.556979442814494
14691,4.249027768344541
14692,6.104827884034844
14693,5.259549508769193
14694,4.683846702671699
14695,8.451857053973317
14696,4.112141372456269
14697,2.9116375225587734
14698,8.607391137579759
14699,3.7659329390409204
14700,5.109454592271819
14701,5.817468190305657
14702,6.976224533996233
14703,3.817570423885757
14704,4.7729425444761775
14705,2.273948767854894
14706,3.0716661369400695
14707,2.325993611477588
14708,6.099776126598358
14709,3.7955362897161713
14710,4.57955331399443
14711,8.167267402051515
14712,5.323348312243314
14713,5.908833263351889
14714,6.187515209209756
14715,5.021036473841913
14716,7.330148653092104
14717,4.436604370545945
14718,3.3397775300606214
14719,5.919394351384612
14720,7.092999229087634
14721,6.318857361188693
14722,7.893303213954242
14723,4.3608599575065075
14724,9.412103650664571
14725,5.90758603566201
14726,7.9257225185585485
14727,8.565117901964275
14728,6.771985730938755
14729,2.5309223216894305
14730,4.645208552178224
14731,5.7427430868651665
14732,3.3861093734445022
14733,5.150993659527099
14734,3.677121416762182
14735,1.9618233431913885
14736,7.377396642615816
14737,8.057421234946927
14738,3.931981743332719
14739,6.249102052767272
14740,3.173517222092653
14741,6.805842470733613
14742,8.319080196904507
14743,0.524023775626943
14744,6.083514065581007
14745,7.011656634188499
14746,5.342115047891545
14747,9.145594112675932
14748,7.2191723574335755
14749,5.833896153516003
14750,8.508143802680253
14751,4.124706271996195
14752,8.665108780109014
14753,4.664521245542098
14754,6.906618055235194
14755,5.0817980324523635
14756,4.790050121544498
14757,5.539481225401112
14758,8.20660020199466
14759,4.592747350344547
14760,7.0529050492254495
14761,7.1097165270852845
14762,3.2314813746569704
14763,7.998460847401264
14764,7.434125676736521
14765,3.0259757992406238
14766,1.6869771057816814
14767,5.186855240424508
14768,5.485183710005603
14769,3.622456329551704
14770,7.431831800715598
14771,3.4775989684530315
14772,5.149078508156377
14773,5.806780926756612
14774,4.884083128871627
14775,6.063271125332598
14776,9.238544659984635
14777,5.796498313964092
14778,4.651115772911213
14779,7.5022008284194985
14780,4.7334299609357045
14781,6.587025813959931
14782,7.412380865599063
14783,6.85288277248267
14784,6.26116993715989
14785,7.63343487909884
14786,7.9395515882348775
14787,6.491521138341133
14788,3.9680109664791288
14789,6.219988333440946
14790,7.146851460066775
14791,7.466603742242713
14792,6.151945422445138
14793,2.06918777723415
14794,2.2931274981384293
14795,8.42213040712204
14796,8.057349963560654
14797,7.7226886378306165
14798,5.22319498975259
14799,4.869002866609705
14800,8.358944818967402
14801,3.136684279837678
14802,1.995056448184868
14803,8.595703647180063
14804,5.237696010592023
14805,8.37987248920893
14806,7.153477029624584
14807,3.9248135337325083
14808,8.464044238274848
14809,5.931738160197464
14810,6.984424238522824
14811,7.208875367195693
14812,7.767183596423763
14813,2.303873406911579
14814,4.8129624812108345
14815,6.616085111615115
14816,5.078911450711831
14817,2.138574891708057
14818,4.428380843838899
14819,4.9347378031633005
14820,7.7903103764550465
14821,4.488085903620148
14822,8.019524889982604
14823,5.447095011908639
14824,5.01513754518476
14825,5.027441661064216
14826,4.278459204914499
14827,5.691431698782728
14828,5.202861008669758
14829,7.564311877653118
14830,4.650245257237929
14831,7.831171501152065
14832,5.768248014042933
14833,8.196420740963008
14834,4.04011251583449
14835,7.519103080935812
14836,5.982312087219532
14837,6.0860623779907295
14838,5.201501601405592
14839,4.52939237998472
14840,4.452540871927488
14841,4.294667362912589
14842,7.835920952409173
14843,6.396282803619572
14844,2.226919397091323
14845,7.059677079037461
14846,8.392790077274574
14847,5.774343000103272
14848,5.688945802153032
14849,5.489889402050668
14850,6.0448956138083085
14851,8.716940310983654
14852,2.2297229604970106
14853,7.230798977485234
14854,8.249396583027877
14855,2.95308392097889
14856,5.743751604129737
14857,4.273639196557147
14858,4.872906474141482
14859,3.781128151746418
14860,2.262589008757983
14861,6.773796622999663
14862,1.2839367793616974
14863,7.593884783788278
14864,6.299297228752428
14865,7.302644752824731
14866,6.982501644516098
14867,4.263896492713288
14868,6.113128136410008
14869,3.3449299474944234
14870,4.059181726264333
14871,6.976613509557727
14872,5.271113870047462
14873,6.853993660566533
14874,6.823828893861915
14875,2.3477811616881463
14876,3.718142270937418
14877,6.004360926703394
14878,6.881470019317453
14879,8.742432945512663
14880,1.9414559993355378
14881,6.7008790588312035
14882,5.246161790129909
14883,7.248704641589617
14884,4.104376609514562
14885,4.695801209477475
14886,6.363727597857111
14887,4.987905880006781
14888,7.5800752399042635
14889,8.063503313545077
14890,2.790221508469587
14891,7.017388424858905
14892,4.77504962244663
14893,5.248782357159767
14894,4.932123179934747
14895,8.083902427633616
14896,3.3329001327620658
14897,5.636261113479451
14898,4.569772410126619
14899,4.481176418482022
14900,4.088676981299845
14901,9.5994452384864
14902,7.1325341211479225
14903,6.712079324906512
14904,6.662699558229056
14905,4.966615562742147
14906,8.393656944775767
14907,4.627116791962048
14908,6.066704585501663
14909,6.765605471157881
14910,5.25527663252539
14911,7.2394156560128895
14912,4.857981997201703
14913,8.53074147919467
14914,5.919110250224689
14915,7.6519044137752585
14916,5.483742834115971
14917,7.02883890840624
14918,1.8767418941740135
14919,4.786872940533552
14920,4.879237751332623
14921,1.1663450464949796
14922,6.19964297164794
14923,6.152902485112198
14924,6.330439174607845
14925,6.798706669570059
14926,3.234365221734169
14927,4.300855360196903
14928,6.603765721049544
14929,7.5029743182656095
14930,4.4362540159279575
14931,7.366550266903968
14932,5.579000915641134
14933,9.660365512591799
14934,8.49036871184976
14935,4.599921665769386
14936,7.95095291213538
14937,5.679710100176662
14938,4.963894541717425
14939,8.40774681365664
14940,8.126367505718019
14941,7.376794005115488
14942,7.699277998389347
14943,8.522359088502789
14944,2.683535035604792
14945,9.274953705270885
14946,8.191657855955743
14947,5.620315804841666
14948,5.568318749942035
14949,5.157353715066508
14950,9.46165230649159
14951,6.648392258402282
14952,7.108199572033984
14953,5.851627982062487
14954,4.422197215478066
14955,4.140769175911336
14956,7.255929647944219
14957,7.4666895514213065
14958,7.5559300763903305
14959,5.831579206322228
14960,3.527358383296902
14961,6.465612840305295
14962,5.0436634381193235
14963,6.8924263712135225
14964,6.366893194492915
14965,2.7907820711824796
14966,5.611480137998015
14967,6.07859070320392
14968,3.801871270508464
14969,8.631711710566217
14970,5.70863174932979
14971,9.568048064937829
14972,7.363462462613461
14973,4.764927237952241
14974,5.853286498152413
14975,9.50225179535442
14976,5.489930664608174
14977,6.192637699935746
14978,5.779850986851764
14979,8.027704767601916
14980,3.8293622877979607
14981,3.9108035916142008
14982,6.5631362590171465
14983,7.092858799322205
14984,6.941813997080753
14985,5.487963809110149
14986,4.713307335960424
14987,6.852661964060244
14988,1.995380097956558
14989,9.34507529901399
14990,4.284504288084101
14991,8.543994269013877
14992,4.538686139672204
14993,5.220313381386071
14994,3.7482799178854833
14995,7.7724401141182184
14996,9.124943085648889
14997,6.455616475773783
14998,7.299743247503649
14999,6.0625827235990775
15000,5.286275631501608
15001,4.487744147292143
15002,7.058503504910682
15003,4.629293546563205
15004,8.914454399208369
15005,7.885373304136825
15006,7.483485408073102
15007,3.394446551461749
15008,6.090783303364736
15009,5.217077988144796
15010,0.06128719229488901
15011,7.106974867294111
15012,6.044604195513289
15013,5.163509125972982
15014,8.530831723989214
15015,8.185745722321121
15016,6.2674618486060885
15017,2.488127016037592
15018,6.794351069504337
15019,3.4874283197234113
15020,3.7546087289048815
15021,8.648642208608774
15022,7.048890332850428
15023,4.366817978979062
15024,7.485322044733538
15025,6.606851878283902
15026,5.651674490677934
15027,7.67218400959171
15028,8.09506283116667
15029,5.3893490589642825
15030,8.793405127471726
15031,7.107261101538342
15032,7.308573245944499
15033,4.824568441327662
15034,5.561868777566889
15035,5.305171785424248
15036,5.984048828061275
15037,4.497752119890327
15038,8.775521189058912
15039,5.406050581587547
15040,7.170534550693016
15041,5.772025784177383
15042,7.450844818931081
15043,8.23969303493396
15044,4.864085551499061
15045,6.762311660115168
15046,5.2044882596059425
15047,5.584638845333137
15048,2.9308570143776316
15049,0.904312153903956
15050,8.6798053281792
15051,4.845258172314987
15052,6.2779761335382975
15053,5.34315272124867
15054,9.3963393741462
15055,9.351878861019333
15056,6.218124374325137
15057,5.475758208587557
15058,6.90058337292457
15059,5.714195815209284
15060,8.02880247786746
15061,3.9501305003882763
15062,6.473614992686281
15063,8.381002074628302
15064,5.589638107765154
15065,7.636275519509009
15066,5.886640572972434
15067,8.501482041143646
15068,6.5845637808308854
15069,6.456067953860568
15070,7.576928605078207
15071,6.137791779505701
15072,7.041434971043588
15073,6.8521959710706
15074,4.76436498221594
15075,6.1662196738125195
15076,7.851954184759235
15077,7.119474598375535
15078,7.04402688876136
15079,7.779442792554323
15080,5.8868045388340615
15081,6.728205932199549
15082,7.548073954352239
15083,6.351485438557816
15084,2.3663773100431547
15085,4.156787768019393
15086,5.597949918762187
15087,4.92391291567193
15088,8.04884750362103
15089,6.888034789948942
15090,7.470565860366504
15091,3.311811668729381
15092,6.590109882555812
15093,3.033309736734639
15094,4.048632990623426
15095,5.435715176003181
15096,7.465556393441983
15097,5.950520375156202
15098,7.092575139511449
15099,5.909345586038103
15100,6.100935796691017
15101,7.220652662680758
15102,8.272147095243822
15103,6.268001000792836
15104,4.987427557044382
15105,2.3927125279402843
15106,4.0747646433788525
15107,6.757832719363168
15108,7.542934038978855
15109,4.386311690136033
15110,4.695180878065335
15111,6.708190231050762
15112,3.387225555398704
15113,5.540726147829902
15114,6.407364056917426
15115,3.8885104055481867
15116,4.935334074183736
15117,6.220909844457103
15118,4.414172516581732
15119,8.655410840902523
15120,7.625327916325095
15121,5.6628149645027746
15122,8.936277200013992
15123,4.315995289723143
15124,6.1172904032087185
15125,9.580921724799277
15126,8.349009651105655
15127,6.943949237395335
15128,6.906428737575061
15129,8.095795664073776
15130,7.384649122334215
15131,9.759507086389295
15132,4.9667750962212
15133,4.190432183146447
15134,7.518817558093376
15135,6.526980460107401
15136,5.894312094653981
15137,6.854726398088795
15138,6.448692661301932
15139,4.614245584544696
15140,1.2916439574211915
15141,8.827581816030825
15142,6.358293726371698
15143,4.803824801728696
15144,6.9955772542272
15145,3.2965791471062973
15146,3.5685190816953196
15147,7.524816170238921
15148,8.052367275832214
15149,4.434961007099739
15150,4.020161804651401
15151,6.4611006782976546
15152,6.50872810668633
15153,3.9513974506475575
15154,6.303775327103219
15155,7.911849363685995
15156,5.36095878879356
15157,5.037301987449152
15158,6.423749669287789
15159,5.956843628547971
15160,3.933968591702677
15161,3.3397657516633616
15162,8.392747633229671
15163,2.0856486847027735
15164,3.296185242089026
15165,5.159857481434618
15166,4.063210436116329
15167,4.623736334552641
15168,8.23473736161402
15169,4.7404066366208
15170,3.737539302032995
15171,5.8727024255819265
15172,8.976348756370498
15173,5.513427014162444
15174,8.24261257567663
15175,6.9218995127336855
15176,4.876397085318291
15177,4.901063097261729
15178,8.490460329135677
15179,3.806237113498483
15180,8.606896995326782
15181,6.1797187763785475
15182,4.391165146794499
15183,8.880030280879962
15184,2.8294194440770006
15185,7.1831714885058116
15186,4.384956076451867
15187,5.589497175791453
15188,5.33881738371595
15189,6.063288384285698
15190,7.869916831026947
15191,8.761540790086078
15192,3.393825935284341
15193,5.072649311642204
15194,5.390935502245336
15195,7.185396459469432
15196,2.5903337413819076
15197,7.085515519747676
15198,5.461585918863205
15199,6.735952717117461
15200,9.662260691107326
15201,6.095002301609142
15202,2.4741530400054828
15203,3.8680974577013645
15204,4.960532610589358
15205,5.952361655985138
15206,4.7244775170496744
15207,7.571649637752882
15208,2.752218740743485
15209,6.678064743547095
15210,3.9381783011748555
15211,4.365916095775832
15212,7.06446119269212
15213,7.067581226621508
15214,8.499237368787943
15215,7.76831418591498
15216,4.407447734720095
15217,3.727923049266777
15218,4.641843899126642
15219,3.664725828117864
15220,6.005580271380909
15221,8.593679750848235
15222,6.823749642036113
15223,5.384017575001771
15224,6.123237257752063
15225,3.6116921485443596
15226,4.235884131862925
15227,7.563993451860183
15228,4.906215435190991
15229,9.116159463668847
15230,2.859169662917696
15231,9.133176934709187
15232,3.6368348485467576
15233,2.3700665078398613
15234,5.558394713107937
15235,7.106211982339209
15236,7.518880166984701
15237,7.169222192618645
15238,3.741449147785184
15239,7.089510081540837
15240,8.303704727343735
15241,3.0777902422695895
15242,3.8133903775868108
15243,3.3474326812684283
15244,5.002101572363315
15245,7.286883907383748
15246,7.984178163527574
15247,5.359616019470184
15248,4.8677209453572825
15249,5.731997379376837
15250,8.901506836146343
15251,8.620492699754744
15252,6.285637673302035
15253,8.822528652982225
15254,6.116066359889746
15255,3.467187274415884
15256,3.078046223778464
15257,3.1118933195906973
15258,5.303881875964703
15259,6.631792284014999
15260,6.474379042088833
15261,5.790200219972297
15262,6.171146945794509
15263,6.130490068541363
15264,6.978358882121785
15265,2.762584107751315
15266,5.491015008749347
15267,2.988168685284665
15268,5.783703457192464
15269,7.38118614638076
15270,7.013866316089309
15271,2.798454985747954
15272,7.641859935321962
15273,5.733835811720638
15274,2.116649412493484
15275,9.21689147417039
15276,3.88130564133875
15277,6.644927368237933
15278,6.182760893766855
15279,4.016726703961622
15280,6.749331239558046
15281,8.214335145162147
15282,8.027903440931246
15283,5.49521303915197
15284,7.4143384380664825
15285,6.614010208223847
15286,4.403848977311805
15287,5.309334090954766
15288,7.93205091693666
15289,6.435465887810503
15290,5.35426631102878
15291,4.03548785682771
15292,3.9757182053925364
15293,1.6250833074325866
15294,6.7753899699472555
15295,6.429299407618577
15296,4.97378565347889
15297,8.140442434567351
15298,2.2588211078118023
15299,6.8193595349876315
15300,6.17635244321677
15301,9.626404402133906
15302,5.775604505572811
15303,7.53374340679903
15304,6.920768343065868
15305,7.6648981752858045
15306,7.018209528852384
15307,9.493863516141431
15308,5.843271531101624
15309,3.110832037061509
15310,6.675006843056974
15311,4.9294793869015345
15312,7.209798097022661
15313,7.967450831692962
15314,7.070646807434869
15315,5.090779181137357
15316,7.123832486345131
15317,4.885307198678396
15318,3.858470625638791
15319,5.481816941234042
15320,6.113993964025335
15321,7.423691984230905
15322,4.915256680659003
15323,7.189094360510074
15324,9.112589467731521
15325,1.3243398919295533
15326,7.588261548728127
15327,6.659712322042265
15328,6.285650963548131
15329,8.54746963458717
15330,4.5251338035191955
15331,9.099983529156429
15332,4.915231033690092
15333,5.062260416730589
15334,4.675268716581919
15335,6.354276101530983
15336,6.510407770352624
15337,6.4973895892482485
15338,6.059836218762301
15339,5.952039188275623
15340,3.2849680132156878
15341,5.348589043449562
15342,4.777012591534768
15343,4.197767814446656
15344,5.27837216494697
15345,5.366266102454452
15346,6.4935898755789285
15347,5.182972044998064
15348,5.409109192332879
15349,6.7935728860277305
15350,7.146133027417044
15351,6.799073755929831
15352,3.331608655991232
15353,5.242781142430788
15354,2.1570711309502597
15355,8.577551156282562
15356,5.2579210262515215
15357,6.28566953059318
15358,8.098196756003308
15359,7.232021117809528
15360,6.526399763366645
15361,6.0018433694761155
15362,4.772271553397383
15363,1.2781182211282873
15364,5.523279530898949
15365,6.385971375427465
15366,4.739243582140661
15367,7.923168733529114
15368,5.220039468806812
15369,5.043854753065443
15370,2.2523970658874344
15371,4.445539529133716
15372,4.149303576374505
15373,3.076986100896798
15374,1.7504106860723336
15375,8.311462319214694
15376,8.10562515891684
15377,5.628048021723825
15378,4.604028876745039
15379,5.682720710018658
15380,7.8571109297719035
15381,7.025100052848781
15382,7.340882407082245
15383,3.8768774314359833
15384,3.3651168916801195
15385,5.783766194912014
15386,8.776882653620229
15387,0.5751685523448429
15388,6.555007274745964
15389,9.24974794066275
15390,4.377688795794809
15391,6.2523801559409495
15392,2.765944399568265
15393,4.68814478171897
15394,5.343383463744789
15395,6.508834676735448
15396,5.267293076479009
15397,6.834473725138757
15398,2.5999804968434352
15399,3.0655917486186857
15400,6.458814240599672
15401,3.089306959494125
15402,6.508067775611492
15403,7.088274164609506
15404,7.807924154452091
15405,9.48164941403857
15406,6.385656801900433
15407,5.874486218665778
15408,3.865354407605127
15409,4.823357539587403
15410,5.425544786971105
15411,7.444915676606371
15412,6.207529154752933
15413,7.775095128791082
15414,3.3291333046190026
15415,4.068918389151562
15416,5.831043742421376
15417,8.742909788551602
15418,5.584120962539801
15419,6.459516194678086
15420,5.191507526887635
15421,9.762643790428841
15422,2.2593696010663677
15423,4.040403520930889
15424,8.144503944505264
15425,0.9438704316056263
15426,7.009205122711395
15427,7.581207055461728
15428,7.587005486747513
15429,7.470683488764919
15430,6.233361238924739
15431,3.7578393685036433
15432,6.794723612975147
15433,5.409520006435783
15434,5.922759192322025
15435,3.528260688096959
15436,5.633292634689122
15437,4.62221665593964
15438,7.623986480521826
15439,7.628353264890405
15440,4.801603360950983
15441,7.951023175668881
15442,6.944193870301132
15443,7.004272355557136
15444,7.08993184246575
15445,5.846537298401328
15446,3.650722492470725
15447,5.552308265536658
15448,3.5912150718238514
15449,7.932624451167077
15450,4.426589668752834
15451,1.5243226980237987
15452,5.202685635390402
15453,6.032031612398238
15454,4.187652891330188
15455,7.669224341765651
15456,6.145367343083065
15457,9.293331105349626
15458,4.632157525622404
15459,6.596696480082805
15460,5.511248407682366
15461,8.97215274970505
15462,1.1202740943634875
15463,7.387194028333104
15464,6.213493546063781
15465,8.328881653624894
15466,6.079412465003985
15467,9.16518876968903
15468,5.633624665569188
15469,5.405423405588666
15470,4.025723085596776
15471,3.5959150131568665
15472,8.381279506787562
15473,6.720599416791083
15474,8.07141419613718
15475,3.971836751011343
15476,5.850147969052958
15477,4.292863465806183
15478,6.5213104969336655
15479,4.9570335882159595
15480,7.993094798537716
15481,7.685342754636222
15482,6.472611621958433
15483,1.3816308113964995
15484,9.71963369490454
15485,5.880296364729564
15486,6.626704950581264
15487,5.097182316920315
15488,9.347691995841913
15489,8.482729819859399
15490,2.5520008525632347
15491,4.4033454181958
15492,4.416070962976066
15493,4.341984665418207
15494,4.100506626949157
15495,5.008946652918577
15496,8.714126313636871
15497,4.355116756454224
15498,4.024224546069068
15499,6.659735119254679
15500,7.195990626873893
15501,5.120267440398598
15502,7.993962687094306
15503,6.884736189926949
15504,7.017564568127966
15505,5.223328056589634
15506,8.294199501126778
15507,3.890227317319419
15508,7.611246761053917
15509,4.366441424152468
15510,6.227680185857395
15511,5.651520824771377
15512,3.1188578394549524
15513,5.079440538759736
15514,7.212263910371517
15515,8.221476709337827
15516,4.22494132407871
15517,5.534631156404133
15518,6.881497549189653
15519,7.977395613655341
15520,2.7496423147903784
15521,3.8279606948375418
15522,4.198587335631556
15523,2.352293185544074
15524,4.0490447909924105
15525,8.063956156874083
15526,4.428026897487409
15527,6.909943334769926
15528,1.9131741770084383
15529,5.956092236629278
15530,3.25094551608857
15531,4.790777308634987
15532,2.599764931354983
15533,7.799796403005622
15534,8.396379141980336
15535,6.605969245507256
15536,4.678960867044596
15537,5.988046699332232
15538,6.169686968105995
15539,5.051289480425787
15540,8.594000418381293
15541,7.0202550072234855
15542,5.525595077639461
15543,6.898031704455893
15544,3.570155856471054
15545,4.262502677569498
15546,4.02235892636541
15547,5.13319483128289
15548,7.455234922747789
15549,4.012746738888753
15550,7.481926992797876
15551,8.040724765288383
15552,5.393702048084373
15553,4.191112031443039
15554,8.169580776351435
15555,5.748059293357982
15556,4.158797991810559
15557,3.761956403353446
15558,2.0208594045522554
15559,6.048979550209969
15560,9.490457709907119
15561,8.091913616488268
15562,7.490247369870858
15563,5.852623203163549
15564,7.813400072752238
15565,5.265156659734677
15566,6.223518727681933
15567,9.05412041368449
15568,6.069185078979791
15569,3.8276808538196243
15570,8.790858412722068
15571,5.812418361758486
15572,3.9639079215649553
15573,6.53263280904379
15574,6.025456754031881
15575,3.0777760993349714
15576,3.213778845407652
15577,8.723406734971684
15578,6.332631841007506
15579,5.83884152455944
15580,3.1583371690857867
15581,5.34316676588272
15582,3.5658869950579644
15583,3.7058551834966407
15584,2.702792694224529
15585,2.0695425927695323
15586,6.808059598958221
15587,4.133468741362998
15588,8.142421529929022
15589,7.112202673274761
15590,7.209367185873167
15591,2.112144802536835
15592,5.736638770684403
15593,3.606554153806274
15594,7.807527611874216
15595,7.618756818479914
15596,7.335266391533819
15597,7.727175679944506
15598,8.60321513249757
15599,7.3889122941217575
15600,5.771314270175978
15601,6.0178729995311055
15602,4.726889747230262
15603,7.20884706540207
15604,7.1830982998134605
15605,3.750549207865877
15606,7.5023983564841545
15607,0.9160422780081818
15608,8.351678149563568
15609,8.337043427637946
15610,5.433190568091848
15611,3.081735102475868
15612,5.610646320099862
15613,4.938656400605179
15614,4.829560407155912
15615,7.858289219227052
15616,5.6535568063886785
15617,3.9016653191034143
15618,5.059374839174383
15619,4.354775740919466
15620,5.366506614697488
15621,4.487248422706207
15622,8.182977844069573
15623,2.574334957878251
15624,5.037237490994186
15625,6.166273656822839
15626,2.3440849732289086
15627,4.689861999650903
15628,8.676382652952642
15629,5.654883359408398
15630,4.4602814865120495
15631,4.425739396027378
15632,2.9926001131253064
15633,2.714596664324194
15634,7.586779403009541
15635,4.297150456293299
15636,4.476450864295513
15637,1.3764515449090466
15638,5.415414986837421
15639,6.746600399159044
15640,6.626724785472531
15641,7.680231499639279
15642,6.317664361053527
15643,5.71766717115323
15644,7.042185810613316
15645,5.492263043222022
15646,3.056654288780719
15647,4.720760745848781
15648,4.101270267412607
15649,4.806792353292107
15650,7.87231246869017
15651,5.548546380150321
15652,4.55013410622581
15653,8.021424434918032
15654,3.0047750149272465
15655,7.394546118190382
15656,4.404169193950954
15657,6.281779189598554
15658,4.148983713059471
15659,7.0783703727606735
15660,6.15635552192805
15661,7.972184899869383
15662,4.078783641960842
15663,5.246284893690129
15664,8.545415466125787
15665,8.544839072677432
15666,2.775655935152037
15667,6.654838285455098
15668,6.2849138671984885
15669,7.11962492142779
15670,1.9069857332421805
15671,6.567910713631415
15672,6.427387119190233
15673,6.771049544310938
15674,5.721262128273766
15675,8.41003981043038
15676,8.625784117916655
15677,4.647365876449945
15678,7.625523474758758
15679,4.970974268445419
15680,6.3737618102228595
15681,6.333971746939972
15682,4.180020276106967
15683,8.808726447420206
15684,4.456277518741624
15685,3.2203761147346746
15686,8.035785081953815
15687,1.3371759998346875
15688,9.573801142566387
15689,6.749240222397003
15690,5.946424536633446
15691,5.8089407528229655
15692,7.420939863129457
15693,7.020214821972625
15694,4.723530235558335
15695,4.470020334823482
15696,4.082274811083964
15697,8.60556664371701
15698,3.5158078236990113
15699,6.760324729838922
15700,4.1878551502726475
15701,6.071613599879359
15702,9.271606999181756
15703,5.949885901719028
15704,4.042850449260512
15705,4.3221347375306625
15706,4.386280112591682
15707,5.970703266580417
15708,1.9281454564958689
15709,6.0303021225195526
15710,5.9686741680677455
15711,6.632906579273056
15712,5.331035553416283
15713,6.3712090937528165
15714,4.101559169474332
15715,2.251318856598447
15716,6.4453237213379095
15717,8.797799158166326
15718,4.225500724670662
15719,4.864374055028781
15720,6.632927445499379
15721,6.387353324042867
15722,7.08969794497992
15723,8.788485394463873
15724,2.8417090739727415
15725,5.016710911495864
15726,6.173587726491335
15727,4.600365699741317
15728,6.457561550303408
15729,9.67764685099343
15730,6.6537655158234035
15731,6.092236442337873
15732,4.368777527838427
15733,5.311668448497306
15734,2.3819089153844066
15735,2.892140088848158
15736,5.32173425268987
15737,5.045698655598235
15738,4.3115907053102855
15739,5.449095946696798
15740,3.2438871354866534
15741,1.385921467666916
15742,8.29831037626534
15743,4.5068032564453215
15744,6.4025470830993
15745,5.513238145864547
15746,2.400599488587643
15747,6.8645296678385295
15748,5.155417866867284
15749,7.162446307481503
15750,6.695291176548217
15751,3.67481972801066
15752,6.128622250534934
15753,8.025336091783629
15754,5.117524413537383
15755,4.5613886738778735
15756,3.3788955877780564
15757,4.340847003210376
15758,4.6700688253779825
15759,8.353883100464886
15760,4.041341332772752
15761,6.941926025277015
15762,3.397302182322055
15763,2.858895273912789
15764,3.747994029864197
15765,4.653716768636567
15766,5.190572584224691
15767,3.620212098916513
15768,9.172094456456467
15769,4.732993018275468
15770,5.141086956315911
15771,5.025890294323488
15772,5.360456001816866
15773,8.345763029662354
15774,3.603005578322596
15775,3.897086254342331
15776,7.815885472552578
15777,5.886500049547521
15778,6.629827556007482
15779,3.305499410444645
15780,6.392640957816412
15781,8.624245561239823
15782,3.8444920760447063
15783,7.321589395232256
15784,4.129041248370514
15785,8.507827533969206
15786,4.3453878690058465
15787,5.743689195526981
15788,7.053914993139824
15789,8.188001976892071
15790,3.8839555693753716
15791,5.1549086918809675
15792,4.436408037218915
15793,6.644908860306371
15794,6.469976418172855
15795,5.625900426508901
15796,5.786110556373503
15797,9.770933626913791
15798,7.070626096828748
15799,6.0749187671347675
15800,6.943624329699273
15801,5.040766083987777
15802,6.905427011332705
15803,2.8261742661613347
15804,7.455154919674529
15805,3.446716389310775
15806,5.134627763357003
15807,7.689122300427195
15808,5.971743464635119
15809,8.55613461120473
15810,1.4621608869056182
15811,2.514607855318777
15812,6.087317752530389
15813,7.773664251283482
15814,4.749963161811218
15815,4.842202517740551
15816,4.791526584953184
15817,6.36697634111115
15818,5.710119151548457
15819,5.07088309708025
15820,8.90454123174404
15821,5.454184367499987
15822,5.832176483781401
15823,5.017272059630132
15824,6.704871132695369
15825,7.608019979196456
15826,5.827829309761815
15827,5.350254675698627
15828,5.36656708689996
15829,7.074492666225353
15830,5.783896123898987
15831,8.61726344915743
15832,3.61138689821028
15833,5.664436512462804
15834,8.103386796446342
15835,6.48777794407876
15836,6.969240759153786
15837,5.322043646457736
15838,4.299648655246163
15839,6.9810353684929485
15840,7.214636414296952
15841,4.220581205115443
15842,5.613928368168084
15843,3.8275020140640392
15844,6.271273111695329
15845,6.6064897102196
15846,1.5215885908027378
15847,1.5648446662484428
15848,2.2303322630856686
15849,7.705145153515143
15850,9.521090011854298
15851,4.532017425951587
15852,6.822173481529039
15853,6.474890040648097
15854,6.48881313247859
15855,6.618571817555024
15856,7.735475868601588
15857,8.504260707068719
15858,8.893538037868328
15859,3.102553390035355
15860,4.67647079041391
15861,6.332111391869475
15862,8.304734066596017
15863,8.40321040169388
15864,8.69381529218079
15865,7.4239177723043905
15866,7.932311271249186
15867,7.151958577484446
15868,5.716650060196917
15869,4.544833591597394
15870,3.8738136464620325
15871,8.616136247690807
15872,4.629528345910889
15873,4.4851588839692615
15874,1.1239094631985487
15875,7.2794002128303195
15876,9.71802710563876
15877,3.0166626022836103
15878,6.55679810983891
15879,6.816873380355604
15880,7.163697227072606
15881,6.514061953980077
15882,7.011761747031154
15883,7.763085443549878
15884,6.8097831977822185
15885,5.446118215039501
15886,5.906407706130656
15887,9.630542099091057
15888,5.262840095319875
15889,3.5005879998695817
15890,5.83395333338426
15891,5.574797722225237
15892,7.552740950651325
15893,5.779552512808058
15894,3.4793295828820483
15895,9.410590946007312
15896,4.633194335684816
15897,3.5186432070804705
15898,5.775796631729976
15899,8.590120552185148
15900,3.0159118128546263
15901,7.3088418576985275
15902,6.36165604051369
15903,7.329772555197907
15904,4.873029768785218
15905,4.983637254812574
15906,9.361020244965514
15907,7.5887425969040905
15908,6.13814499054886
15909,9.08556477027049
15910,4.435352142441076
15911,7.407747500536098
15912,5.6528972490712945
15913,3.0602517016671724
15914,5.136676174371387
15915,5.466321514521228
15916,8.199192959403202
15917,7.499369826059888
15918,6.692697516519436
15919,7.461015304442242
15920,5.957042103918859
15921,6.4652091183298115
15922,6.464144870769386
15923,3.4197670898242167
15924,2.5457267298866872
15925,7.34543253167687
15926,4.62314185059733
15927,7.355716714577644
15928,3.5301289901591475
15929,3.7018912708042855
15930,6.994139470204566
15931,8.299735203030503
15932,3.4350609761586215
15933,6.845279864647367
15934,5.364181080390625
15935,5.572392448539947
15936,5.072532460410557
15937,6.059239462626554
15938,5.273803503266718
15939,8.776396777127898
15940,6.250560342461303
15941,7.332786204219619
15942,5.251844715916086
15943,4.424629248232354
15944,3.2546993867650933
15945,8.671679353641647
15946,3.5707860898833075
15947,4.866551578282479
15948,7.323488128855571
15949,5.814408877246433
15950,6.8179442593929735
15951,6.126291900576292
15952,3.822585023998055
15953,8.849317535350796
15954,7.520385078495106
15955,2.1090954354592397
15956,4.434175668666777
15957,7.701220778861557
15958,4.226564488071114
15959,2.66163020946036
15960,8.185911223771345
15961,6.608379751548824
15962,6.012050992589302
15963,5.392868636938517
15964,6.165274139133796
15965,3.6646904848510014
15966,2.105166692669326
15967,3.200957362550457
15968,6.207007155290341
15969,4.069814553072371
15970,8.497567647323676
15971,5.093572377119966
15972,8.88595167302227
15973,4.495480701428372
15974,9.17641318996878
15975,4.474986511603746
15976,3.425735141291194
15977,8.287246172438818
15978,4.940787547757314
15979,4.834092094182042
15980,6.275512797830828
15981,0.7457089932320505
15982,6.290018229365878
15983,4.055932413524112
15984,8.213850878279711
15985,5.7078496651029
15986,7.053004990506975
15987,4.773605372427324
15988,8.441719821249741
15989,5.574658885400767
15990,3.713315036662548
15991,8.618361849913665
15992,6.053662992820808
15993,5.178329519301738
15994,7.101850212075739
15995,3.531390568960068
15996,7.2685870390153395
15997,2.7842985672309046
15998,2.9245484029648896
15999,8.409249494367126
16000,5.606798369902426
16001,6.257292821996963
16002,5.234052031626211
16003,5.314659831405876
16004,6.217558671962941
16005,7.914646272924412
16006,5.7217758762017175
16007,3.31400564400914
16008,3.5865293556906876
16009,6.213727697656979
16010,7.393995470432438
16011,4.5682193786089424
16012,7.2904631724251745
16013,8.733518887001244
16014,2.7574956727459337
16015,8.025438166067735
16016,6.51420065912951
16017,8.011026423109016
16018,5.651082045988582
16019,5.781037878843014
16020,4.635639482860752
16021,6.177405658411265
16022,3.761933463750399
16023,6.071756521510407
16024,1.2192824482469835
16025,6.650352590055826
16026,5.6457937587504325
16027,3.1427752492907635
16028,8.5107739854074
16029,6.490554563578367
16030,8.764535816250898
16031,4.102705582089189
16032,9.492856664911681
16033,7.635284594907783
16034,6.8728431554154295
16035,5.08175412922618
16036,7.427447431268351
16037,6.096655862624165
16038,5.7834561649594125
16039,6.574914317948381
16040,3.8522748870384333
16041,5.66929397857994
16042,1.7252411084306978
16043,5.494429938729747
16044,2.914242981898901
16045,5.564809815348343
16046,6.772809590118031
16047,7.91025740124838
16048,6.774053638826904
16049,7.575623474105148
16050,4.053433732585878
16051,8.088319052084756
16052,5.512898304928565
16053,7.359468613701568
16054,7.756619512893837
16055,6.552890051796275
16056,9.273470867038839
16057,4.5023576468038975
16058,4.593370609962818
16059,5.732986279965067
16060,2.031699504302286
16061,5.79931941824371
16062,5.869645067609922
16063,5.252533569866378
16064,5.03948199658318
16065,7.272444445127235
16066,6.72577344794942
16067,6.447305770745116
16068,4.4578228475997665
16069,8.187709314221305
16070,4.68417125908662
16071,5.363208957333237
16072,5.796367675526716
16073,1.7523000005492413
16074,7.338407006103982
16075,5.875454601075947
16076,8.638325401602449
16077,5.122892203055899
16078,4.144788897220862
16079,8.61260055847853
16080,4.611223684914208
16081,2.703738904234754
16082,7.065526208154918
16083,5.235116652717403
16084,8.087485130269865
16085,5.653457393922075
16086,6.430865976131595
16087,7.481348041457309
16088,6.938782809215101
16089,7.053986474509109
16090,7.789434198737865
16091,6.191311509560858
16092,6.157310692814688
16093,2.1306682860654216
16094,3.6522801372285194
16095,6.61367005451653
16096,5.859128100525142
16097,7.530350687237916
16098,7.5843107511630405
16099,6.1141864389379785
16100,7.313484784750168
16101,4.640362229308332
16102,6.5971392730421545
16103,3.51248132330029
16104,4.958442463695614
16105,6.156451484948349
16106,4.923278149344441
16107,5.673096054234831
16108,4.724064941512226
16109,6.459940568532619
16110,6.028636103054416
16111,4.556884083774867
16112,3.4786731494434706
16113,5.672996459600297
16114,3.6713665226106036
16115,9.864745401740853
16116,5.08623138799314
16117,7.770183116865454
16118,5.434119319049679
16119,4.602157241146278
16120,5.207844591293123
16121,3.370635965163386
16122,8.725570735832903
16123,7.128724354859531
16124,6.29267006956336
16125,5.435545371132338
16126,4.445786565429069
16127,5.74513343264624
16128,7.705754707522752
16129,6.414311830594352
16130,5.843930738067416
16131,4.414607827361017
16132,6.245408952702457
16133,5.6865076860469115
16134,6.773532588131924
16135,7.897752890179339
16136,9.583648394832455
16137,7.3150104167188434
16138,4.276577947049952
16139,5.267614760234125
16140,2.861060123655513
16141,7.6031975205545255
16142,7.026306847308044
16143,7.520023611479665
16144,5.5721840458369805
16145,5.623891513212551
16146,8.155036534742425
16147,5.796588431291031
16148,3.7933189584599054
16149,6.509469873089517
16150,6.13688229639825
16151,5.417074234439797
16152,2.978942553039844
16153,5.1272479593816485
16154,6.787554895182107
16155,3.576546060860926
16156,4.367563128772332
16157,6.529685795744712
16158,4.589509947287566
16159,9.456069355187621
16160,8.630733920751714
16161,3.2995229050405093
16162,7.333126199445883
16163,4.536180389607144
16164,7.850413356277127
16165,2.1647871485071173
16166,7.670210278628756
16167,8.142751718288073
16168,6.376429989998566
16169,5.955826287724223
16170,5.196567272684785
16171,7.482121709240095
16172,8.784608949459846
16173,3.03996965568789
16174,8.782327526247988
16175,4.72724595578442
16176,8.05362680453957
16177,4.120832394210784
16178,7.8768172209788405
16179,6.132526079001934
16180,6.893214603036843
16181,4.980904350566025
16182,1.914582088918089
16183,8.68436926573203
16184,6.178083143787562
16185,2.7933125850454386
16186,4.246987949216175
16187,7.147802160885351
16188,4.060567900623258
16189,5.188892295655011
16190,4.0458995653510845
16191,4.469451258475808
16192,8.902863681830834
16193,5.67706466708792
16194,6.701545260454315
16195,9.275027057901656
16196,4.370231369256926
16197,4.329412367913003
16198,7.401454570145387
16199,2.8867465728588577
16200,7.528750681686759
16201,6.600931515173649
16202,8.969904934380414
16203,7.529001831867515
16204,7.919636601691003
16205,5.099001678991327
16206,9.321984820332192
16207,4.252404552104486
16208,6.995400461890897
16209,3.6318317862262646
16210,6.295794131213347
16211,5.73863555473563
16212,4.189616621889668
16213,4.534556576983507
16214,6.867732642562788
16215,6.784906217591917
16216,8.101616492116785
16217,2.414138131490108
16218,5.49376515864098
16219,5.804518338345362
16220,7.133441979174736
16221,7.879995987460575
16222,4.191120197470271
16223,8.722293484444087
16224,5.305824493305577
16225,9.014875124196518
16226,6.5433018316450315
16227,3.6727991263281674
16228,8.48081987957694
16229,7.852448066182754
16230,5.508909921985411
16231,6.08997565181081
16232,5.252842433908316
16233,5.668868800867916
16234,5.874780449612587
16235,2.8522450501682144
16236,6.543528762828704
16237,7.688768978491839
16238,2.2871424096976227
16239,6.781370227767103
16240,8.426733554611927
16241,9.330849820754402
16242,4.8209423309918105
16243,7.5058784373478655
16244,5.237733937425133
16245,7.6959151578754845
16246,5.952106970762036
16247,3.7913747988749718
16248,8.118719277724784
16249,7.738739679904805
16250,7.586922019726624
16251,6.459172558019129
16252,6.088802389563201
16253,6.935960664074898
16254,3.45039271573748
16255,9.613427312954354
16256,4.833903806658711
16257,5.080977097793719
16258,2.357937571561925
16259,4.8876851140137845
16260,5.793902678746162
16261,4.880970558116736
16262,6.328365887454488
16263,6.10279789818591
16264,5.148209333276979
16265,7.307579069753726
16266,4.141157881201815
16267,6.977748917946518
16268,6.371813352340217
16269,6.208738362230003
16270,9.279781832267904
16271,4.2087861785202305
16272,6.82492863221606
16273,5.563973869425749
16274,2.3625762647699196
16275,6.2370173278600545
16276,7.54933982474712
16277,8.896653359799542
16278,5.256516448346459
16279,7.464054868680367
16280,7.930354998545914
16281,8.55773183165537
16282,2.2656847481076796
16283,7.736811041120534
16284,6.674621491775324
16285,6.342545115284016
16286,6.87749026062729
16287,4.973543769193023
16288,4.916154246524266
16289,3.007468191624482
16290,6.415243344325708
16291,3.0653027799975563
16292,6.573685127189611
16293,7.450786797499761
16294,7.526141250219128
16295,6.93040189578412
16296,3.6860646533627124
16297,4.579800914079753
16298,4.922247961286754
16299,4.4254330684622465
16300,5.625224335684483
16301,5.271931255433451
16302,5.711729237642082
16303,6.842777109724767
16304,5.8279965768081965
16305,5.565121497647931
16306,9.193693671752003
16307,4.276286382783302
16308,6.6324554565675005
16309,5.753081204009854
16310,5.280841235417922
16311,4.6254810970446165
16312,7.35425704456088
16313,4.863036816261797
16314,2.954371249910159
16315,1.2714129326538741
16316,6.213399744557682
16317,4.868813122010314
16318,7.490633011230457
16319,9.446617736189253
16320,7.583852332753457
16321,6.175532203546774
16322,0.620455219528847
16323,7.812818003174217
16324,9.516540249203432
16325,7.1666738260932
16326,6.836439272978408
16327,8.358613580124553
16328,4.781112345158788
16329,7.817281909336541
16330,5.9697666307533215
16331,5.3632032876137705
16332,7.910530601203126
16333,8.297819878736263
16334,6.128504620195021
16335,3.523950934187802
16336,3.1495049342338333
16337,4.549425759682891
16338,7.079624139114221
16339,8.089598322155572
16340,4.142018963623764
16341,6.568833307538822
16342,7.749160013100699
16343,8.041342829644961
16344,7.096364222245361
16345,7.4177551337767085
16346,4.3922538043382096
16347,6.819275585130645
16348,6.060891401588203
16349,4.46536011765766
16350,7.583827576367938
16351,5.235197332157244
16352,5.235645383752484
16353,3.704828552841623
16354,0.6450967487670634
16355,6.725243087075036
16356,6.635910161341246
16357,8.419918186881334
16358,7.649437181054836
16359,5.411925080897644
16360,3.805899648089631
16361,5.1077252339404895
16362,7.042100293261257
16363,5.015681930103372
16364,8.349562894689763
16365,7.0149199161713724
16366,4.277136092909731
16367,4.682010643527373
16368,4.049441059000041
16369,6.422197617963303
16370,7.603811938708347
16371,6.981998669910732
16372,1.8608875980858404
16373,7.447702545644662
16374,6.124223738407098
16375,1.9991603661586002
16376,4.480822412265879
16377,4.637274648294575
16378,4.5171942487556755
16379,7.809608266957127
16380,4.530247633884473
16381,6.627104700863876
16382,4.660563294920806
16383,2.347432766749391
16384,5.877182847729325
16385,8.183331975583224
16386,3.2527936689918477
16387,8.138884743496579
16388,4.874843008665041
16389,1.8860585283652447
16390,6.33097950783972
16391,5.4074782765931975
16392,8.348342651087567
16393,2.8008938420256633
16394,4.447032846284602
16395,4.614023382482088
16396,6.637491798786156
16397,6.622666684177074
16398,6.9929152784891055
16399,7.7591501122210484
16400,8.092798894998525
16401,8.308645638454632
16402,8.683195520908022
16403,5.517263528472656
16404,8.187965678622541
16405,4.174608433032395
16406,5.702262057182029
16407,2.9464603666768308
16408,0.5638176061661715
16409,3.5916766423713162
16410,3.671082869352053
16411,2.7281569442875826
16412,6.128996610834002
16413,9.070135817520434
16414,4.3767818134872885
16415,4.388577228304056
16416,4.592639941528743
16417,7.385460835328021
16418,6.558157001379489
16419,8.360955753763536
16420,6.5347901879004855
16421,7.59253002081288
16422,2.0808641429558845
16423,3.5067143912043983
16424,7.412964977563924
16425,6.675079704656551
16426,5.848609111931458
16427,7.1443942522373405
16428,5.4516870163947075
16429,6.821094143032927
16430,6.300821887810996
16431,4.624701418407728
16432,8.13546749179449
16433,4.497940534914657
16434,6.829551087951008
16435,5.372752433522249
16436,6.67969225150639
16437,9.456551286484066
16438,7.611059172737063
16439,5.443776015502704
16440,7.16361679533374
16441,6.211732474502428
16442,7.613272788071109
16443,2.2918070895867215
16444,7.884321435788886
16445,3.334925405959305
16446,2.467510260983535
16447,6.146959422883892
16448,6.207214978034021
16449,7.955069205736066
16450,8.010830169383496
16451,4.735834091608862
16452,8.477542152695431
16453,9.027585163122794
16454,5.432340569868201
16455,5.3227460473899955
16456,2.335554107947882
16457,9.998513909027592
16458,1.9536519044069738
16459,7.388976335832666
16460,1.8215905074108558
16461,2.966801226690737
16462,2.514507398058566
16463,5.791718316079694
16464,8.73696766174958
16465,3.845653751259145
16466,8.426373754050498
16467,2.5367571691261945
16468,6.8638015453915955
16469,7.586953884549814
16470,6.96102435723422
16471,4.534296578713514
16472,3.225462797528124
16473,4.8239918759062155
16474,7.237220350374085
16475,3.7224462059271004
16476,4.643743646597163
16477,5.821034828565605
16478,4.836731966930687
16479,5.061043311057103
16480,2.8752332274420462
16481,2.682485279391126
16482,5.262343503128255
16483,3.1089902327338117
16484,5.830615654150013
16485,7.126201188333594
16486,7.925672344645841
16487,6.326568230025471
16488,3.081388785528577
16489,7.801079162093731
16490,5.090101065203425
16491,7.659646639648061
16492,9.085846678054375
16493,4.408457735360949
16494,7.528089471142422
16495,4.126537186327245
16496,6.877259059772934
16497,8.565045237768317
16498,3.9594686112355175
16499,8.578369976129142
16500,9.68053793284345
16501,5.985109951827157
16502,9.153234080731105
16503,8.96220619508274
16504,7.639771267010568
16505,2.834076203243836
16506,6.019673034558856
16507,5.444454124660632
16508,7.846577136542415
16509,9.1385980570976
16510,9.494981053328441
16511,5.553351505381676
16512,4.970355530406009
16513,9.06670448287662
16514,6.685373200109292
16515,5.614564017757322
16516,8.226381825368167
16517,9.337402722372948
16518,5.3963107120140545
16519,4.267838405685309
16520,5.945271410192349
16521,7.493693513975326
16522,5.197403814063409
16523,3.2164325046795357
16524,4.938706484733335
16525,7.651311041434073
16526,6.491274165743924
16527,3.826681625974795
16528,9.11572077607285
16529,5.1204538324263
16530,5.09009239618427
16531,8.588573143772834
16532,5.353304553217163
16533,4.375881066446519
16534,6.566158063711745
16535,4.301754066407763
16536,6.013066131501443
16537,7.803711949394024
16538,6.87994128203025
16539,9.015263560898173
16540,5.673424742787004
16541,4.424121716396377
16542,3.608713653590853
16543,8.933572991478178
16544,5.550276958902883
16545,4.25691646490384
16546,6.5996420888390075
16547,6.874986975159777
16548,6.145461935789955
16549,6.163273305488311
16550,6.384361904429236
16551,4.077975197578394
16552,5.960145297251891
16553,3.810555110147097
16554,7.220209908765594
16555,7.398337843412344
16556,5.554433133843728
16557,4.724107809219038
16558,8.555547397670846
16559,6.597541696637959
16560,9.263089429844168
16561,3.6842063110994703
16562,9.059835210870304
16563,7.337315047874981
16564,1.713446399343233
16565,6.383955987337237
16566,5.313250844735354
16567,7.878145245920914
16568,4.440364359788436
16569,8.117232986595855
16570,3.7581588480373767
16571,6.320562394818002
16572,7.348227194623488
16573,7.3438663800271495
16574,9.139829819965627
16575,4.225310676751639
16576,8.464908963162435
16577,7.399344484893783
16578,7.764828732505274
16579,7.75307000402948
16580,5.55315423463841
16581,7.148173193289368
16582,6.9775774856483626
16583,5.851467568773077
16584,7.286118002862127
16585,2.629153960405025
16586,7.051191936619956
16587,6.665456568796564
16588,5.009443051532619
16589,8.32134839123508
16590,7.842661389034861
16591,7.9465192518791214
16592,8.322596289929322
16593,8.488987948309747
16594,6.9525167874583715
16595,6.786545965927539
16596,7.443680078157859
16597,4.7935434810139
16598,3.3916012488554514
16599,3.46805006996147
16600,6.4127841141487965
16601,8.032446124515706
16602,6.048459286353321
16603,1.5862834303690811
16604,6.532169888003594
16605,2.18869693542215
16606,6.047267245099448
16607,5.01300214956512
16608,4.993610366253443
16609,5.463352441464569
16610,9.454994857139289
16611,6.214405973187768
16612,5.125665626100599
16613,5.245617176796467
16614,3.55747697024659
16615,7.7128118900154785
16616,6.395514919680769
16617,9.290108490342117
16618,6.527113538838964
16619,5.412052676747709
16620,3.905919652834471
16621,6.883617087315443
16622,6.687753840680061
16623,2.5149203977408736
16624,5.3477693280279155
16625,7.328372346069672
16626,4.654373215242254
16627,4.022267014414643
16628,8.991593341052145
16629,6.7538186762987475
16630,5.817432348404014
16631,5.157580044499012
16632,4.151785117362778
16633,8.239156358959164
16634,8.575930269360361
16635,6.439753546416085
16636,5.880736830544739
16637,5.810096814381093
16638,4.111865403833951
16639,5.690617454482397
16640,8.218147992791085
16641,5.405792945184727
16642,6.5004126416134485
16643,6.093826929250275
16644,4.847473021735801
16645,7.330092654937109
16646,7.742890257754057
16647,7.5406915259349745
16648,8.590883012891123
16649,7.832114259316761
16650,8.796098044486502
16651,8.220679581763843
16652,2.3070839531713214
16653,6.701267141963103
16654,7.544450003979885
16655,5.037215847098732
16656,6.326749499186393
16657,4.639119205888262
16658,6.829879083446701
16659,3.952228128728591
16660,6.8869065315702045
16661,9.82757337875326
16662,7.531288144377678
16663,7.117283420136762
16664,5.907244938852854
16665,2.185957968567395
16666,6.220646176544774
16667,6.162399736166266
16668,6.440860723907221
16669,6.997643952027872
16670,7.904170431419386
16671,8.550660182204371
16672,3.0063003825324945
16673,6.189162864578906
16674,6.6429824193405
16675,7.829371839019264
16676,9.75276626982782
16677,9.184383319937183
16678,4.836904966414453
16679,5.489036563364169
16680,9.177990823849054
16681,3.591058263227363
16682,6.8929773738213145
16683,6.5790010178163385
16684,5.9037683648089
16685,8.426559932014444
16686,6.949279131383496
16687,6.3630079055663895
16688,4.8443038287620865
16689,5.7341336674765895
16690,6.51279111158299
16691,6.650519543057198
16692,6.373679697359231
16693,5.274873739183903
16694,6.806654445388778
16695,7.327316603768334
16696,5.801718222787695
16697,2.9089190975340324
16698,5.22417942136247
16699,6.664606259623968
16700,4.8173864924763405
16701,3.667066034581535
16702,6.846088001100357
16703,7.107854241578485
16704,6.329774515894243
16705,7.213646374903812
16706,6.789744797133575
16707,6.2930972369981175
16708,7.1825057446316505
16709,2.8535620988538724
16710,5.614709915523221
16711,6.928075717783278
16712,6.489910532942227
16713,8.814083775051657
16714,7.441727251062763
16715,5.281809431180845
16716,7.502079471820262
16717,7.5816632549911604
16718,6.222620975714993
16719,8.701743713754775
16720,4.541851441851596
16721,1.740302455409595
16722,7.998031086780304
16723,3.142862660147619
16724,4.7788787010216005
16725,4.699233850920369
16726,4.402193997401016
16727,8.065256835126315
16728,2.1579952765378683
16729,5.904980965845992
16730,5.233856109809562
16731,7.490269171963616
16732,8.411519579860077
16733,6.264215882646512
16734,5.099143620968329
16735,2.057785208563907
16736,7.661462203559931
16737,3.8493902477586
16738,5.409170488820726
16739,7.984930847726096
16740,7.965579860246754
16741,8.28278132268089
16742,7.564647449818702
16743,4.259885536630437
16744,6.98140277041647
16745,8.002598321546483
16746,8.553038703998482
16747,4.169308832219895
16748,6.275455269847773
16749,6.825963341906336
16750,6.089320073435095
16751,6.347429079134562
16752,5.80525014162132
16753,7.482879431075101
16754,7.2901158116505105
16755,7.169483073230964
16756,7.075034474656181
16757,5.519770225930062
16758,5.458092914381668
16759,6.615167672182176
16760,3.498842711854364
16761,6.619172910678674
16762,4.908861387166574
16763,4.391372550442489
16764,1.7976621542374502
16765,6.367730834402307
16766,3.8989038683943007
16767,9.409121112600324
16768,4.605409104078695
16769,7.493015133908976
16770,2.75694101820789
16771,8.43472721297718
16772,4.222249709256769
16773,3.347547787492257
16774,2.8316666274010034
16775,5.544180891327767
16776,7.005145561638504
16777,3.5088664752275434
16778,7.332712881412922
16779,6.148625585701284
16780,6.072502681853909
16781,4.013691352045509
16782,8.274251675235224
16783,5.231248982380104
16784,7.641655508408019
16785,6.651623927598959
16786,7.738067246817515
16787,4.845064109064236
16788,5.429067753860808
16789,8.380235821196274
16790,8.3354884415407
16791,7.770151432295857
16792,8.881405779002488
16793,5.781568718936285
16794,3.295576894870268
16795,4.171761791121823
16796,2.3998410954716967
16797,6.304924170436026
16798,5.0599456488911025
16799,8.514292809307381
16800,8.617491798995177
16801,3.233784995004015
16802,6.119752892710844
16803,1.72620716293464
16804,7.036267931715779
16805,6.965421160377711
16806,7.3985549266113795
16807,7.379981067363767
16808,3.0664878765204002
16809,5.674056449132186
16810,5.806046178373001
16811,7.265452329283244
16812,5.784085360506965
16813,8.245125458197498
16814,7.138311489234209
16815,8.292815199176104
16816,8.327634211408142
16817,4.433188861113531
16818,4.109999184815271
16819,5.589301758240072
16820,4.930949198801369
16821,4.96867189217814
16822,5.535695467791986
16823,5.868258525780294
16824,6.188227940725419
16825,7.553378548000329
16826,4.323000961347402
16827,6.632031178568421
16828,5.812138710863433
16829,2.5943729010113055
16830,3.8324172593107497
16831,6.463762066154649
16832,7.11952861001445
16833,6.759805936646662
16834,3.0829894937479083
16835,8.076326595924058
16836,5.813868314779368
16837,5.063149149894167
16838,2.879637379864195
16839,8.730045409963306
16840,5.400065042455156
16841,2.1476174635791696
16842,5.853178583532499
16843,4.706524636620496
16844,7.220664622110769
16845,4.815834179591377
16846,7.862515137026437
16847,7.134970654378728
16848,6.233879405591265
16849,8.532113721690454
16850,5.7800142765818805
16851,4.118927520536497
16852,5.411055678895201
16853,3.6879972450662932
16854,9.445929107530308
16855,7.383748007056104
16856,8.026420521250895
16857,9.98758447981557
16858,4.857028935502782
16859,7.090297062241277
16860,9.46030699300426
16861,8.923385466447524
16862,5.266859172047394
16863,4.813117115426328
16864,6.304875000431929
16865,9.710480101001595
16866,2.6710861069879774
16867,8.494099801044857
16868,6.007184474087393
16869,7.057098870310473
16870,6.557674611731588
16871,6.237463257825081
16872,5.43090933717364
16873,8.075931968719013
16874,4.919996519178908
16875,5.361707253401492
16876,1.4629187817446432
16877,4.390711948884828
16878,5.786116859122463
16879,5.016057640786974
16880,6.59232690980506
16881,7.828776351329654
16882,9.131401907300187
16883,9.354883403885918
16884,6.513840754454857
16885,7.665747302895156
16886,1.8979998979430106
16887,5.386641215709543
16888,1.7588697268245794
16889,6.2620195629896305
16890,7.204291020062479
16891,3.7373338947667314
16892,7.292101442240833
16893,8.759181154971843
16894,4.208081846935482
16895,4.193680910716019
16896,6.98280488836556
16897,6.678268051261784
16898,4.841301982564548
16899,9.31205423485663
16900,6.8387540793237775
16901,6.469939153238985
16902,5.316454694271522
16903,8.502353178838415
16904,8.3457134723411
16905,7.618249590154247
16906,3.331946661295736
16907,9.236607096181515
16908,7.081775493324754
16909,3.466940609283296
16910,6.005003475041943
16911,6.559606418418349
16912,3.0420904779588653
16913,2.3279105371859528
16914,8.746937099012264
16915,8.123497740234452
16916,4.255722151106896
16917,7.304165239005393
16918,6.609350977375134
16919,4.050472390128443
16920,6.906934727346806
16921,3.279000882538893
16922,7.712961113839965
16923,7.155013533410658
16924,7.564477598206807
16925,9.290110742824687
16926,4.328725243907756
16927,1.7591154488954737
16928,3.851065253611144
16929,5.650278604865922
16930,6.319479024233232
16931,2.7632922213695155
16932,4.0745088794516615
16933,4.17576587666088
16934,9.210856692435756
16935,2.96320629974721
16936,6.640785244077827
16937,6.411786801838511
16938,8.147289361758071
16939,3.608611689242302
16940,4.059491299637886
16941,7.387148043979177
16942,4.845533411540496
16943,5.126665495403115
16944,6.765985981323769
16945,6.739974376617671
16946,5.417829942560192
16947,4.024915359478501
16948,5.666467453248141
16949,3.6249713336939307
16950,7.3582800164443825
16951,7.006065954196428
16952,7.794824777228973
16953,5.58314220774537
16954,7.690189566936633
16955,4.915377603860617
16956,6.670878317417754
16957,4.934094272405365
16958,0.7871605886955938
16959,3.45880677274869
16960,4.166637974747706
16961,8.0325045715913
16962,4.151401856995781
16963,6.002095627719482
16964,8.193456669826071
16965,2.9613810903726874
16966,3.048612736319307
16967,5.947665266505259
16968,6.827960735400531
16969,9.952120943906511
16970,3.4186347779185176
16971,7.506578479057535
16972,2.5083407974484038
16973,1.1526050172982587
16974,4.206694336200643
16975,9.447650805968602
16976,8.491084013804414
16977,8.659490586003988
16978,6.928075561160876
16979,5.08771285148863
16980,7.2323919342179535
16981,3.3552777410839587
16982,5.477512641984211
16983,6.883497897247141
16984,7.292138375842138
16985,5.095548978151742
16986,7.352822303523931
16987,3.811501433756169
16988,6.531469927421533
16989,4.083485018671292
16990,5.553451361218189
16991,7.458025375569609
16992,6.948841355238443
16993,5.123697409129588
16994,7.117255691347905
16995,4.67845495981682
16996,8.811003847181691
16997,3.8858306363816246
16998,5.234375920275297
16999,3.723988256371863
17000,7.440284208726375
17001,4.209659880022947
17002,6.734987112321823
17003,8.424120082536
17004,8.86377677223712
17005,8.70768310078407
17006,4.342625266456719
17007,3.755090304569067
17008,5.261793081898532
17009,5.440364352246133
17010,4.163340378230136
17011,6.666450264790406
17012,6.14628339744179
17013,7.484550619595784
17014,5.263736051331791
17015,3.208455207757236
17016,6.933221247067742
17017,7.1191539345371595
17018,5.250883116153175
17019,7.619830444496533
17020,7.334259485282847
17021,5.208233035984752
17022,6.156735861361584
17023,6.79035320598536
17024,3.565824081063785
17025,5.697468763292063
17026,5.1313163318425925
17027,9.292635129993672
17028,1.1583950498372968
17029,4.163927042429557
17030,6.583522533436671
17031,9.211283151385553
17032,3.6683342951785223
17033,6.146525306785199
17034,3.7166988043638804
17035,6.850454616721817
17036,9.12401271522171
17037,3.0787585870609737
17038,3.5032564171344673
17039,8.791989716423853
17040,6.591017558635177
17041,6.823910483919585
17042,4.204879655433014
17043,5.249556561622906
17044,5.715445235072417
17045,7.004202447944259
17046,5.431110069264451
17047,9.121788656082096
17048,4.640640880069604
17049,9.995036071248956
17050,6.861874901212319
17051,8.108477776717962
17052,6.318692283153103
17053,6.44209150839839
17054,3.878595940503441
17055,7.652028564160008
17056,3.755870140214597
17057,5.4540003424307
17058,6.6865187495678216
17059,7.395502347197675
17060,6.106172310801102
17061,5.809771766701547
17062,3.107503310886057
17063,7.3205199167363135
17064,6.948086790937336
17065,6.887840547039078
17066,4.3160714107636124
17067,4.824999321414192
17068,7.362450663310585
17069,8.506956016218442
17070,6.447036157620872
17071,6.041302833851236
17072,5.703656669174515
17073,6.490993520376968
17074,4.058753781330051
17075,4.720887140607748
17076,6.128729025374736
17077,8.386154316102791
17078,4.931584862326294
17079,6.334287191318621
17080,4.100831746142024
17081,6.11472022912908
17082,8.29994474265362
17083,5.1448551242913565
17084,7.963015856630468
17085,3.771653325530039
17086,1.0295975338371859
17087,2.373569580115732
17088,6.953568861847167
17089,7.840863825839304
17090,6.639053360751786
17091,8.255479489888646
17092,6.604748937498084
17093,8.459046612309592
17094,2.1904772208517507
17095,4.7552798521710775
17096,1.6420775242625492
17097,2.7606829423828656
17098,6.269858473522095
17099,2.173012692548496
17100,8.121981269307543
17101,6.1993024415868465
17102,7.6274267037463
17103,4.539186948820268
17104,6.840067155482243
17105,7.405009891515315
17106,5.774453944528259
17107,1.638989753359958
17108,4.1514211748268535
17109,8.604446945260772
17110,5.529831087020709
17111,4.8014051328460186
17112,4.823387920460258
17113,6.595475991056787
17114,7.1585229232583485
17115,6.8087749699655316
17116,4.936387789076305
17117,4.7062722488942175
17118,8.315314136513994
17119,3.5011770836043765
17120,5.574746004066765
17121,5.5650145048235
17122,8.465732095655024
17123,5.172125220367926
17124,7.684288930592663
17125,5.551073524428003
17126,5.109980990210252
17127,5.740711057617352
17128,7.905977526609179
17129,1.581672148740773
17130,9.700146578265821
17131,8.70213312908811
17132,5.70498695174725
17133,5.8455820075737766
17134,5.19927290286369
17135,6.338656486273739
17136,3.798430454989172
17137,7.872658257790889
17138,6.561818394824833
17139,9.969907528652598
17140,4.984831739597254
17141,5.939681172646288
17142,4.2054251769111035
17143,4.319961705317986
17144,5.0992576405350905
17145,2.708998183430301
17146,2.710672037030256
17147,7.71773079973061
17148,4.196006977169846
17149,6.52142621255295
17150,1.5701908874288057
17151,5.991457995222973
17152,3.111698038928086
17153,4.190907948098509
17154,3.4318305915457494
17155,3.437106518830312
17156,4.406203224538725
17157,7.451185031497538
17158,7.373953286053177
17159,8.122471451631466
17160,4.25586488865424
17161,6.658779745765047
17162,5.945228881667358
17163,8.027059560462295
17164,8.289663069702426
17165,5.9602513345651404
17166,9.02347265977021
17167,6.237289496640331
17168,6.8692239546827265
17169,6.1326649915544005
17170,6.958888829781304
17171,5.170932787615311
17172,7.047112024008584
17173,8.390773084120008
17174,4.751760108307585
17175,7.07966995753412
17176,6.301752296517307
17177,9.435607279101186
17178,6.323654321862766
17179,5.43896306197624
17180,8.077739728388504
17181,6.974211457964797
17182,3.974862122234758
17183,6.854030327535315
17184,2.90853777473112
17185,8.305886783686413
17186,5.1834375663626036
17187,3.380165826170283
17188,6.3951731880577665
17189,3.015694253562113
17190,4.541142465518126
17191,6.297659167121241
17192,4.091921436218554
17193,8.07162350053693
17194,2.7171539003381766
17195,4.057774594447182
17196,8.574282869520845
17197,7.5599918585128965
17198,7.65705905000564
17199,7.024683479999669
17200,4.872258054167903
17201,6.265813239302228
17202,6.857821559827872
17203,4.561462835424601
17204,7.080820508653358
17205,5.818366769227962
17206,3.678396487954545
17207,4.165340573879087
17208,8.007834379970424
17209,8.658901616900518
17210,7.257014739844413
17211,7.944345401125668
17212,3.1798045932972414
17213,7.000542703166779
17214,9.227211089627117
17215,5.819836824861847
17216,9.840105060256178
17217,5.2521144041342165
17218,7.1108457765209865
17219,8.366929644577606
17220,2.9211409393806815
17221,6.00623964870754
17222,1.9966823485058889
17223,7.309048749477083
17224,5.6497354587597375
17225,2.3788409904177783
17226,7.352187730966006
17227,5.930812463292704
17228,8.147441826808627
17229,5.39687469704552
17230,5.200096211770913
17231,3.9967786017300826
17232,4.722633092391774
17233,4.834524653400118
17234,8.61255785356683
17235,8.647091450536234
17236,5.445603912409096
17237,7.399430229201881
17238,4.045623303095324
17239,4.031857318016826
17240,4.013052273453019
17241,5.285761623888424
17242,4.108597462996926
17243,1.9714045670403304
17244,7.475175305261534
17245,5.820020526171469
17246,3.7272024884491715
17247,8.754385642152652
17248,4.5806009181393526
17249,5.411330952640229
17250,4.022754466621905
17251,6.198513869457415
17252,7.293482780642954
17253,8.680267468543047
17254,3.5220592191907634
17255,4.654465640267921
17256,3.565694456623387
17257,7.804246765582275
17258,8.483345834691713
17259,6.672612627234551
17260,1.9692419559172016
17261,8.386211347959454
17262,3.1676448187494928
17263,6.847357673783064
17264,4.80296747992891
17265,7.346576704163684
17266,5.455084195590439
17267,8.349536026101969
17268,2.9383826760995695
17269,4.721227461265668
17270,6.9540682063737025
17271,1.974944484596071
17272,7.196793155385221
17273,3.695107506518488
17274,8.474211022374735
17275,6.954163147383687
17276,2.9465645009237535
17277,4.372706186517403
17278,4.364308314226668
17279,8.992993562538622
17280,6.3146734803918445
17281,5.504639946334001
17282,7.320052885506199
17283,7.2374252586185435
17284,3.3640776275872675
17285,6.392967903747016
17286,7.165407602141815
17287,8.210335850754351
17288,1.5150293668848838
17289,4.619289577270408
17290,5.332534316302548
17291,4.410826758278545
17292,8.410882117800565
17293,3.838662728635007
17294,5.395241913164824
17295,2.961124851186414
17296,6.800830619409533
17297,4.901326300888099
17298,6.988829907077948
17299,6.385022004693154
17300,5.429961550432859
17301,3.7361098339342624
17302,8.697203547353004
17303,6.312807136722169
17304,5.17524620443589
17305,5.983996017129135
17306,3.3589766094375504
17307,7.701754115835764
17308,7.381174410734763
17309,2.119301380583985
17310,5.955763564118632
17311,7.075630177809325
17312,5.760025137860454
17313,7.9312693326338515
17314,8.381291953914495
17315,7.694296267695293
17316,9.197105959404254
17317,6.765513915865862
17318,8.057597910362267
17319,3.196076508957481
17320,7.150265080749056
17321,4.730675020519306
17322,3.829039562441733
17323,7.979909688754813
17324,4.79719200593712
17325,6.287530698944492
17326,6.512004981173197
17327,5.975794724695152
17328,4.7991876584537225
17329,6.580961308645422
17330,4.753899159423594
17331,8.1981844664268
17332,5.693668786662611
17333,8.752643874439446
17334,4.945430528492081
17335,7.243824788409346
17336,4.408321249280816
17337,3.4720832739600156
17338,9.115514586656172
17339,2.3563897446207296
17340,7.125398414577328
17341,5.5132207250096155
17342,3.5172030151442555
17343,5.725590638831347
17344,5.48746113339609
17345,8.556956029320155
17346,4.189072251402096
17347,6.537473942825929
17348,2.929083718998494
17349,4.487522302727736
17350,6.585525344414218
17351,6.778672706086728
17352,6.101697024058727
17353,5.959913330404729
17354,6.890171170031957
17355,5.759670652621198
17356,6.867591930957256
17357,4.103735913529143
17358,6.47829527290462
17359,2.5286571502928004
17360,2.4223346164416193
17361,5.573647098151543
17362,8.497843410314337
17363,5.538853433257866
17364,7.615605663689746
17365,4.768928159167757
17366,6.886140775266168
17367,8.358063534456804
17368,8.447299400596169
17369,5.025953891104704
17370,5.42450650514529
17371,8.072874076893818
17372,7.17266575915199
17373,7.487446511228292
17374,4.426163955365994
17375,6.091550444760153
17376,8.097747950531518
17377,8.17783662560502
17378,7.43399695490655
17379,5.748332380854761
17380,8.557346247422156
17381,4.110386942925193
17382,7.115979388764005
17383,4.022547519844254
17384,8.128061631788873
17385,6.592067342904265
17386,8.679383676185209
17387,8.943470167260918
17388,7.774412185815992
17389,7.700084521401537
17390,3.1928946369138584
17391,3.964299299526492
17392,5.562286511975067
17393,5.376313223902217
17394,7.4513345894712995
17395,5.377215769335595
17396,6.902070510843471
17397,7.343811350208488
17398,3.5800707827259686
17399,7.468953761884859
17400,6.372504074488029
17401,1.4530246191337746
17402,4.0895662945971365
17403,7.1150559194817
17404,6.067641288309126
17405,4.309798331407073
17406,4.011216474750587
17407,4.354593385039051
17408,6.198976446151197
17409,5.043938461509254
17410,8.430642162928848
17411,5.416320795597896
17412,2.42895651704208
17413,3.6493120134928128
17414,5.578361499389025
17415,6.001279236043407
17416,6.931184153751427
17417,5.4407788243571265
17418,4.575277946495577
17419,6.514718556075467
17420,5.155340940026234
17421,7.472819680165927
17422,5.8360894781081925
17423,6.476609982354752
17424,5.483340891655153
17425,6.704603223567821
17426,7.451763837583046
17427,4.586873667278763
17428,6.719113726127939
17429,6.345144494925522
17430,7.961785214654084
17431,4.085908519318271
17432,6.682761499782956
17433,7.8699808296055895
17434,4.841934923082162
17435,5.222885740658383
17436,6.928411657764402
17437,5.63955886022493
17438,6.816023745920231
17439,7.283071501474005
17440,6.315458576805878
17441,3.6125050662036045
17442,7.867548183833625
17443,4.755138459323094
17444,9.074969790021305
17445,5.600657986982413
17446,6.639818092432806
17447,5.519543231098935
17448,5.658247170855719
17449,4.141527092617047
17450,8.918811602737895
17451,7.573171892400351
17452,8.646509349688774
17453,6.257646669334308
17454,6.790919333608284
17455,3.348722862092019
17456,1.75941975754225
17457,8.311844954417023
17458,5.252649103274036
17459,4.3658647065841905
17460,6.987857613045034
17461,4.083160990843544
17462,5.429987447390917
17463,7.435554189054139
17464,1.488901749161075
17465,9.499846558201806
17466,3.3598414489898643
17467,5.848634264594754
17468,6.613280771032095
17469,3.7927174076963714
17470,4.234600848717408
17471,9.795426330280474
17472,7.923002657123682
17473,4.220607571783309
17474,3.9768699127951614
17475,6.682115122146094
17476,7.235697088241085
17477,8.45271467797339
17478,7.26243340304022
17479,6.913608728735211
17480,4.5868387304036675
17481,4.8783544235263605
17482,1.7595718721166942
17483,5.554358515834263
17484,6.0223127429044485
17485,5.10677084717243
17486,5.158527356935454
17487,9.17099131613735
17488,6.630269499073613
17489,5.473605540931948
17490,3.728933793485607
17491,6.994465142370447
17492,5.704863081742234
17493,8.04089326208938
17494,6.161457842393183
17495,2.5203308386850765
17496,8.324136984035128
17497,2.5562566637810216
17498,6.9791009808079085
17499,8.510727366351821
17500,7.6708961890429475
17501,3.333224851921384
17502,5.835115098389235
17503,7.317301928490264
17504,2.8610728845833844
17505,2.4235608826220263
17506,7.472567707851229
17507,6.2206595152420485
17508,7.549440790394359
17509,3.723298411397463
17510,5.654277042042667
17511,6.827940766448412
17512,3.3286265048332146
17513,4.867050133438054
17514,1.911041099510711
17515,6.441140482729655
17516,5.401370411641818
17517,9.390461047033043
17518,2.1793067255384813
17519,5.829643278997476
17520,7.610295488581153
17521,3.9079046890901536
17522,5.064561065583755
17523,7.607429482165662
17524,8.744535927263716
17525,4.980480062484847
17526,8.71765205504517
17527,5.325278981343595
17528,4.254416232435851
17529,4.824404457214278
17530,2.4936480966311234
17531,3.571264759691754
17532,6.578694022414925
17533,7.905023923719544
17534,3.0958969950016977
17535,8.487021403994024
17536,3.816242234690428
17537,5.401805867527603
17538,6.461978228197124
17539,1.3455805877030902
17540,7.49853909883672
17541,9.34314181633102
17542,4.531238521635322
17543,6.5203012423025495
17544,5.077180651760935
17545,3.679029659638064
17546,1.3006548556523339
17547,7.4625423982018
17548,4.992938388442336
17549,6.462717189689373
17550,7.810098198641216
17551,5.883831292079125
17552,8.247615833373908
17553,6.613894001076552
17554,3.726815498958267
17555,7.270789828047299
17556,4.426804684715354
17557,6.163175245624642
17558,2.8797258442640548
17559,5.742040460877593
17560,6.295962425085916
17561,7.740099405697402
17562,8.45554765590153
17563,8.565043571880647
17564,5.967781715649169
17565,3.2300982318510743
17566,6.267167830360454
17567,6.547053149357808
17568,7.352733482087039
17569,6.545141833932095
17570,7.73235825592715
17571,8.239513660814328
17572,5.527047849420318
17573,2.7627546899663207
17574,5.519973980221243
17575,5.503137676266106
17576,4.886267773728056
17577,5.892660611769092
17578,5.436375398462177
17579,7.4570340712986605
17580,8.182566562805771
17581,2.1594363086867236
17582,6.8096206849604455
17583,6.490898887439056
17584,5.7778988807312
17585,9.060029779419361
17586,5.510427037805345
17587,3.973290403772271
17588,5.485236139315158
17589,5.053773747316312
17590,4.463353026381339
17591,5.6689991554285415
17592,4.375533757489459
17593,6.6809124638050745
17594,7.52664095726807
17595,7.495924622793052
17596,9.821625663572899
17597,5.2410780728310495
17598,6.822859714237741
17599,3.759719581881323
17600,9.452439702231397
17601,9.038139315176466
17602,4.910746934538904
17603,7.203551214288654
17604,2.879889958139337
17605,3.776070089108299
17606,8.346110641318177
17607,4.858642417861146
17608,7.0940274358138655
17609,5.794562279588732
17610,3.8086233675520638
17611,2.214221044206208
17612,7.476816928270854
17613,3.596764244920556
17614,8.662138816280756
17615,7.62808188080726
17616,7.846779797642229
17617,6.7727656499043665
17618,6.823214691339814
17619,6.313609119176143
17620,8.68110917019357
17621,6.340527099264007
17622,4.2207685865235565
17623,7.888377859520693
17624,6.964638182330203
17625,4.010162149000822
17626,5.063287723881805
17627,6.663458546999801
17628,3.416204583311899
17629,4.832376424188887
17630,7.359135304212022
17631,4.937054633312298
17632,5.917653242658131
17633,6.149592805762993
17634,3.731592435381065
17635,6.270951750926323
17636,7.274041131747549
17637,3.450013287705107
17638,6.1703500199652215
17639,6.3748717637327115
17640,8.300924417909036
17641,8.051873194492446
17642,4.772898590643099
17643,6.051515902209196
17644,7.898347698482344
17645,5.5192298383512854
17646,6.539903714279694
17647,6.098683440557934
17648,5.849024317751232
17649,4.33481541588435
17650,5.7928965266564045
17651,6.992956348627956
17652,6.3185974904942
17653,4.86280140332764
17654,1.7283807591242009
17655,8.11778822554102
17656,4.080370706010113
17657,6.468450442657297
17658,3.534910081423637
17659,5.47790220328699
17660,5.916724804556289
17661,3.115474026569002
17662,2.374088970261904
17663,7.299900652873703
17664,6.613791736983441
17665,9.833502035334815
17666,4.555027983106754
17667,6.037076805956774
17668,8.693005484752566
17669,7.7196151249211
17670,2.7955044821821966
17671,6.131552863147853
17672,7.30229262615881
17673,9.060499060344677
17674,2.3947332777473216
17675,3.0001331613599755
17676,2.7578196764855725
17677,7.216483759164075
17678,5.064059601053926
17679,4.595482271172963
17680,8.945625631656679
17681,5.00487090014808
17682,6.9656019754277425
17683,5.446387089223814
17684,7.857253533391235
17685,3.848307276768346
17686,5.794578061179197
17687,6.67014129884937
17688,4.194327971144057
17689,5.985671513226429
17690,9.643919677173614
17691,6.390500080658571
17692,5.885556230090197
17693,7.129321737053528
17694,5.001948082827857
17695,5.346677174118763
17696,7.713825262468421
17697,7.932903852570183
17698,8.108850263364499
17699,1.777755792682654
17700,6.534718161648915
17701,6.551776161317937
17702,7.442767594406845
17703,8.049293001562726
17704,4.1624875050328844
17705,6.931612049511264
17706,5.43814535812215
17707,4.189038036405956
17708,4.310367505993872
17709,8.872938671570505
17710,3.7458196787735423
17711,7.736415148726126
17712,7.502512711322882
17713,4.0585290387249096
17714,6.628646202789864
17715,8.943260737705632
17716,6.05849605749193
17717,4.198309337937813
17718,5.758780201360563
17719,4.818485037328559
17720,6.5280950242901525
17721,6.348905624254349
17722,6.290725370373815
17723,6.009314405554593
17724,9.186036291370261
17725,6.187539680772383
17726,5.922649532122683
17727,8.050379318009266
17728,1.9692086362727168
17729,3.7333178619209675
17730,8.609148422878013
17731,9.782480638263515
17732,6.583049835568453
17733,7.363276697035685
17734,7.972577816855098
17735,8.012771183352916
17736,4.4385806728066886
17737,9.069846107259135
17738,5.474376458396753
17739,4.072871360021848
17740,8.00809977575056
17741,7.168930176776259
17742,9.169378318394854
17743,6.064458917204919
17744,7.3347511412046345
17745,8.57989236267195
17746,8.414188534019189
17747,4.458999787800513
17748,8.096421799380867
17749,6.2632360305717425
17750,4.738378904874314
17751,4.465677036912185
17752,5.820031569029767
17753,7.2798268444572
17754,9.982668545566279
17755,5.067467894679606
17756,4.396677167074495
17757,5.715841931482392
17758,4.392286911653198
17759,0.014050349779060478
17760,6.550121372032355
17761,6.028098753366634
17762,6.961849263486381
17763,8.862109794157288
17764,7.284569472021571
17765,3.49388004673539
17766,7.118947148808667
17767,4.792447864734019
17768,7.082497155187978
17769,7.053050797300543
17770,7.5593654035961775
17771,2.709726636436539
17772,5.9926909158842445
17773,7.905903669745572
17774,7.937149840483194
17775,6.02453148670667
17776,6.137948191934759
17777,4.949112711665615
17778,9.31569784729854
17779,9.074815660688948
17780,5.25631095730421
17781,4.494382537254424
17782,4.633251078094089
17783,3.9169753193971113
17784,3.5051894294979
17785,9.561233711773692
17786,8.13009763637206
17787,6.1734209146917065
17788,7.734820933485905
17789,5.695843737646954
17790,8.216966017956914
17791,5.556268865627346
17792,4.054940087723018
17793,6.3534037372389935
17794,5.565261296784057
17795,4.691676402536612
17796,3.8318731506659915
17797,7.252638044882656
17798,5.677525593871875
17799,6.368302218749467
17800,5.250451670162088
17801,6.13575597911187
17802,8.204646831780257
17803,5.753896891837228
17804,1.5324564094757052
17805,7.204677486107663
17806,7.246955679988284
17807,7.047936354785652
17808,5.842199986370314
17809,7.248228459716553
17810,5.0334467097522
17811,3.7309899331284924
17812,5.289025029683681
17813,7.408450182971402
17814,5.301926720464475
17815,2.189732338070336
17816,6.34727486004987
17817,5.179408336205516
17818,5.631112967141226
17819,7.19194602076592
17820,6.858404891478017
17821,4.006738607160316
17822,7.563471075213661
17823,8.476226683541995
17824,5.683869268196523
17825,3.1569563663267584
17826,6.839266284521062
17827,4.685497694941757
17828,4.593625304582456
17829,5.987791784212563
17830,3.4923216872735368
17831,4.287920366441194
17832,8.10865527819412
17833,7.554100548409916
17834,6.2137047054851715
17835,6.075663553430257
17836,6.697376906447774
17837,6.989780490965694
17838,5.189717910334496
17839,6.414683041422707
17840,8.30756879985071
17841,3.9734677156671716
17842,5.262157635309164
17843,7.724942015088066
17844,6.319002690478895
17845,7.678626168477382
17846,4.454463775053329
17847,5.148838325653458
17848,1.5668728974960229
17849,6.253819888677758
17850,5.226494856659167
17851,5.256334685136826
17852,5.1276934346883625
17853,3.1416559497655148
17854,3.8686485220993356
17855,8.848760448093591
17856,6.536178655827184
17857,8.33258033292525
17858,6.053221360946053
17859,8.495304629271766
17860,6.883403062401079
17861,4.572154132123177
17862,3.375523010783751
17863,6.7965553736314686
17864,4.883585276102939
17865,6.862286518278696
17866,5.7898727524892335
17867,8.424516759411313
17868,9.016921883241697
17869,4.8287450751183085
17870,7.277524876025751
17871,7.626478856782771
17872,8.417119524480489
17873,4.032735905382589
17874,9.478168294921122
17875,4.822430464646744
17876,7.462685432590506
17877,7.884728234874048
17878,6.2681671692816465
17879,5.154857775226958
17880,6.430451418283141
17881,5.55097160144034
17882,8.0593091198309
17883,6.065856317727787
17884,1.3754567137041434
17885,2.6838036667660026
17886,6.238093035197464
17887,1.657470711637038
17888,2.673820333124843
17889,8.043069277600466
17890,8.885692573851097
17891,7.256753918919327
17892,3.0780877858152267
17893,7.2401350735243195
17894,5.002109584097623
17895,5.577207693811646
17896,4.188333952302415
17897,3.396211923611829
17898,5.884792964333291
17899,5.22811640889315
17900,5.72439508157578
17901,6.0090521409612805
17902,7.814353199350163
17903,5.825287884122462
17904,4.677653144656611
17905,6.571172324213832
17906,5.780190637708808
17907,8.735697912798546
17908,4.980727571802748
17909,7.574953518805612
17910,7.571842738551614
17911,5.478358379844254
17912,6.952876740375686
17913,7.772962024436535
17914,6.822288448891024
17915,6.058713815986112
17916,5.700209653632045
17917,7.766272401129015
17918,4.874598504175361
17919,3.560963770963666
17920,7.020517496377735
17921,4.028692959924649
17922,8.98585606194116
17923,6.4515429755658555
17924,2.5537037012670574
17925,4.564047208960673
17926,4.7819952525220355
17927,4.243424977446635
17928,8.627742687066672
17929,8.67636080743257
17930,5.86226625847941
17931,4.06201698223474
17932,1.362093677509138
17933,7.0507054012954935
17934,6.347249806959235
17935,6.604850642254517
17936,6.827152482171014
17937,6.463625040305478
17938,4.51662201237408
17939,9.451505510675725
17940,8.72353786391645
17941,4.68321657545304
17942,5.1161204349732
17943,7.102028679430593
17944,5.610439743753139
17945,9.068441703047677
17946,6.475358573242971
17947,9.138829247160988
17948,2.530638985435072
17949,3.9713064817766233
17950,5.547954947642876
17951,7.7247272712015755
17952,7.136798027640509
17953,8.695040793949289
17954,3.871013557302701
17955,9.717947987222871
17956,9.484810164869023
17957,7.710917968807915
17958,7.626013876790081
17959,7.05799802587197
17960,4.138003188230475
17961,5.850111374536917
17962,6.204961384619857
17963,6.345143576771709
17964,4.9733230990398125
17965,7.85415488235991
17966,9.078026974645997
17967,6.327552555024835
17968,7.497484111560636
17969,5.981121721409624
17970,7.242170495638102
17971,3.9356260357107438
17972,7.584311086245546
17973,5.400421498514673
17974,7.960589293323795
17975,6.38465712194662
17976,7.875842730762034
17977,3.5585988666989734
17978,3.990628472400759
17979,5.3021723921988055
17980,6.328390035088613
17981,4.569658166917156
17982,7.17555029979579
17983,5.810689489247168
17984,3.749113636585624
17985,9.380162088189866
17986,8.632220599677071
17987,7.900743764352756
17988,5.729290684782045
17989,5.939971910154919
17990,4.689467623139058
17991,5.846991359785894
17992,8.601655826402816
17993,5.441982402411154
17994,4.349602160912553
17995,1.9344778377254055
17996,6.632768276551468
17997,7.049974491587814
17998,4.973793527046518
17999,5.02094576689864
18000,3.8520340170020213
18001,4.67388176093705
18002,5.393467038287826
18003,6.941383111377287
18004,4.58320763205997
18005,3.705262322710935
18006,5.0006508394104765
18007,4.057017772025146
18008,7.664582660135325
18009,1.7280426199293673
18010,5.80238542715893
18011,7.018848295640052
18012,4.020423150864984
18013,9.218913175787083
18014,5.270579862789731
18015,8.77488768620588
18016,8.84132027127138
18017,6.898302179280049
18018,7.774285596258592
18019,5.816406206357836
18020,7.417679308405799
18021,8.215727381769764
18022,5.47395714506829
18023,2.91895528020778
18024,4.177437950908763
18025,9.048335205410023
18026,5.386723500250149
18027,5.024411571035283
18028,5.2940250140173815
18029,8.722566179796967
18030,7.689723140297673
18031,7.2117884590710775
18032,7.989012350041847
18033,8.042208383124933
18034,4.71399890318161
18035,6.5165300841531515
18036,4.386765992855135
18037,7.49853430012063
18038,6.846675743349687
18039,7.277582645777549
18040,7.194396011293472
18041,2.262906137647332
18042,5.938583323848645
18043,6.654980569148404
18044,3.9966572406193954
18045,6.502427724427636
18046,3.9196974187438727
18047,3.4828234787386725
18048,5.686600323403677
18049,6.966975518393797
18050,8.66658593378585
18051,5.44033056712006
18052,4.939600133649357
18053,8.433712740862964
18054,5.940019028608882
18055,6.21569613428328
18056,5.8216257638160345
18057,7.1370006481413855
18058,6.97238024254284
18059,5.49276119665395
18060,5.613902185938134
18061,7.536242750195214
18062,7.524925498013486
18063,2.3894916257793057
18064,6.171043502701169
18065,7.592426211301148
18066,4.92081294863142
18067,9.135980369870127
18068,7.190440966879448
18069,7.346569182201435
18070,5.668285853643484
18071,7.0646876975106405
18072,8.359094068992363
18073,6.513477844120208
18074,4.311383990058014
18075,5.294886204483849
18076,7.043148023170778
18077,7.1773928872851
18078,5.798922490361816
18079,9.067881645002535
18080,2.0515238363356394
18081,8.489218736694244
18082,9.149783601522854
18083,7.363476506409358
18084,7.421936804476028
18085,1.0798906024048005
18086,5.67214710751342
18087,5.044786069284264
18088,5.683996057035337
18089,6.847748699746464
18090,7.321706411772572
18091,5.96497122074945
18092,3.3010946961311007
18093,8.369267017815613
18094,5.927059659117486
18095,7.749166888029999
18096,6.156457350986801
18097,7.4601423112662015
18098,4.7747397093029695
18099,6.0198658289769025
18100,6.99642989248215
18101,4.017161541699956
18102,8.907180539348197
18103,4.407777369022387
18104,2.862232693364228
18105,6.133143138913175
18106,5.5899101298380796
18107,3.8821784713501417
18108,7.318706074487257
18109,4.883360802869332
18110,6.740917582352014
18111,5.010505623893429
18112,9.071525769230226
18113,8.78929067252677
18114,6.785561716041161
18115,3.043876353826273
18116,2.9214200842604914
18117,4.640292534687873
18118,7.458243689784328
18119,4.938806016557934
18120,3.310499803293646
18121,4.9315671967872685
18122,5.24062181187932
18123,3.9840812041414777
18124,4.95810268223227
18125,9.161333849262302
18126,2.7278314986445005
18127,3.9182259556073022
18128,7.239685296983575
18129,2.0316005469491927
18130,2.382871491100622
18131,2.722272322007724
18132,6.627327814888588
18133,7.045253084958631
18134,7.53479126818238
18135,6.407434787486153
18136,8.643185330649477
18137,4.6828772812968875
18138,6.53579302294759
18139,7.020301950173533
18140,4.793513295388641
18141,3.4117736754400427
18142,9.252071864173447
18143,5.352398198488508
18144,5.174072765641623
18145,6.042001356996963
18146,5.14521790932024
18147,6.887163235434147
18148,7.942603636597452
18149,8.336065330459707
18150,9.012740884735575
18151,7.515780094576213
18152,5.763085718109008
18153,5.014111492881693
18154,7.646116670602451
18155,7.155947040247265
18156,4.875105129252668
18157,9.739676564512475
18158,6.44426838731844
18159,2.8383392040568873
18160,9.117660894445688
18161,4.245994508155592
18162,5.162434031023858
18163,4.516536558789109
18164,8.839955578290335
18165,3.299659112391976
18166,8.350362281631735
18167,3.1514836292939647
18168,9.199114268233876
18169,8.194838768942317
18170,4.625392888549684
18171,6.499921067654663
18172,4.829228232599265
18173,5.980497582426426
18174,5.231024037341251
18175,7.735553749135444
18176,6.797083174532415
18177,7.772838878632593
18178,0.9641663781099628
18179,6.4998577375796724
18180,5.266306977718406
18181,9.451636541381198
18182,4.273452657670786
18183,5.465984048600977
18184,6.597735745552383
18185,6.786415310403993
18186,6.702464571845789
18187,4.090898222468091
18188,7.094509335982652
18189,8.125864865857809
18190,8.464145815281157
18191,5.495415951466142
18192,5.843012029060885
18193,5.014034692604477
18194,3.474788767272307
18195,6.5000486848656935
18196,6.679751543043632
18197,8.274932202270492
18198,8.585335357903027
18199,4.467027155098306
18200,8.013751833815526
18201,5.893669149082596
18202,5.713661077430629
18203,9.001570841532772
18204,6.99225234779361
18205,6.978667167983107
18206,6.025479379318197
18207,9.51093175140195
18208,7.217440222259674
18209,2.752815280244197
18210,8.584931229072513
18211,8.59630195439705
18212,4.321906793042787
18213,8.833949496975732
18214,5.652632894397422
18215,6.905453094704879
18216,4.305213774036957
18217,5.41220972921864
18218,4.259499346174889
18219,5.04826119108459
18220,7.881678743184153
18221,1.591516449136001
18222,4.372229268137985
18223,4.7803395010317855
18224,4.864747925222964
18225,5.619255464443932
18226,6.767137640755271
18227,4.8173223857179455
18228,4.894385431653754
18229,6.618325380616779
18230,1.0780633414446616
18231,5.834673678949843
18232,3.5592441612009926
18233,7.529848624654873
18234,7.28215651676783
18235,9.822644705989799
18236,5.5132910882189226
18237,8.905617266427774
18238,5.299445569686565
18239,6.525089078396131
18240,8.033696082854343
18241,8.558556876727557
18242,6.6986470331822145
18243,6.759018523848402
18244,5.695756507783628
18245,7.749366217077052
18246,2.989362126412235
18247,5.024325555087041
18248,4.276367839465143
18249,6.852262788308236
18250,7.292834635217109
18251,6.22981081456239
18252,3.470609686341696
18253,7.937647297233272
18254,0.919190549045006
18255,7.70045010442666
18256,4.313789306163179
18257,8.30490523096501
18258,5.3548377388172055
18259,6.461818266764025
18260,8.980853049276732
18261,3.3695932703769493
18262,7.34351527332106
18263,4.995352869024311
18264,7.658956191492111
18265,4.022971550557806
18266,8.019186467398882
18267,5.451635451568611
18268,5.8545815552543194
18269,8.78524552106085
18270,6.8453889895699245
18271,5.821050460967202
18272,5.69712417865024
18273,5.6615765133104725
18274,3.03271959329407
18275,2.359101545182781
18276,4.218109719029468
18277,5.582197083846243
18278,3.5970565302991475
18279,8.168937796157419
18280,6.123307049075157
18281,7.496273045252435
18282,6.196716403485228
18283,2.825591484607894
18284,3.4040324709056096
18285,4.919050594247333
18286,4.084656664769238
18287,6.301045372705171
18288,7.183697177766229
18289,5.053887527583791
18290,6.155606445305649
18291,8.961388328272918
18292,4.4278185414047115
18293,7.8712057587360835
18294,6.60580252769739
18295,6.703160039945734
18296,7.949227313519894
18297,8.986667024823074
18298,0.5328722523429826
18299,2.0145416237791265
18300,6.2637177662124195
18301,5.413214302307815
18302,6.0155209619886865
18303,4.996002112069514
18304,6.809196195815174
18305,5.180702292220291
18306,6.668688613273585
18307,4.32777836889546
18308,5.718794000616683
18309,4.5353342691512735
18310,7.183588240560502
18311,4.64650885037191
18312,7.598645472879134
18313,5.2639138696737255
18314,6.25351314590794
18315,4.505237082666475
18316,9.946375706023854
18317,5.689448853897242
18318,5.658645555346826
18319,4.106928213577833
18320,4.43062980630376
18321,2.8947301201362534
18322,3.693427534873673
18323,4.422560628521705
18324,5.02708133780836
18325,7.214951253040999
18326,4.2329795231456275
18327,5.305773989810822
18328,4.229954026309682
18329,2.925921761709801
18330,5.757515728447067
18331,7.090911485550059
18332,6.0878097137031375
18333,4.557845332811894
18334,6.288953361938338
18335,6.75162920972056
18336,4.897991524117683
18337,5.6818258276502025
18338,7.598747846738901
18339,7.489449158830297
18340,3.8402857671867787
18341,9.502492168436891
18342,3.4945707307209197
18343,3.6468668447989705
18344,5.340627083462048
18345,5.315580641739497
18346,3.772216956990738
18347,4.229755844616325
18348,6.779964572838973
18349,5.075158506260442
18350,5.7273075467663865
18351,4.858170033668088
18352,2.057711748590979
18353,5.763079606221836
18354,4.12684457973073
18355,3.9196273294451887
18356,4.632952472707187
18357,3.9407275920885874
18358,8.502648761570299
18359,5.080537149106779
18360,8.522312283320497
18361,7.457210658131352
18362,7.810670080185256
18363,5.349588381059902
18364,8.207748433569
18365,6.924200600552818
18366,7.29862296730592
18367,6.916963416203322
18368,8.199430487672569
18369,4.327286855964627
18370,2.9923512384798348
18371,8.244692692308451
18372,7.09683792555211
18373,7.130509527887004
18374,6.131927347157014
18375,7.651393726352363
18376,3.955536498671408
18377,3.3046675521056366
18378,6.036261599716369
18379,5.599591982543015
18380,5.737698048107189
18381,4.073091465830395
18382,7.062207617065425
18383,3.8315747660937767
18384,7.139859826098856
18385,6.0328800079635085
18386,6.023320248588846
18387,5.908463534430929
18388,7.711498542847752
18389,2.9114036414497213
18390,7.774981422472164
18391,2.8950155711241905
18392,3.913742545996848
18393,8.111402879985993
18394,8.077460432723958
18395,6.975978199603404
18396,6.6078085033463765
18397,2.2374653482748106
18398,7.118817484960393
18399,7.904304824133552
18400,6.7886598073716495
18401,6.545767495053871
18402,4.509562295996248
18403,4.259357162953457
18404,3.792659447407332
18405,6.904511418548957
18406,8.000290704591903
18407,6.207515730050181
18408,5.841484254192839
18409,4.858665568650829
18410,9.631668604955678
18411,4.410186028700766
18412,5.211612023428627
18413,5.941516408404442
18414,3.4053909576339323
18415,5.2194807225131425
18416,6.804225902750123
18417,6.246384403201033
18418,6.391376472698347
18419,6.163832966237245
18420,4.78478687337835
18421,7.9865210116960865
18422,5.209170766449157
18423,5.23330540350893
18424,8.51010996496729
18425,4.050089444067725
18426,6.586301981549407
18427,7.718312906420688
18428,5.261267213944457
18429,7.747686719667088
18430,7.714256105708154
18431,2.2421141388827097
18432,4.660865521115127
18433,6.670057973100735
18434,6.35935784714934
18435,5.034251411481042
18436,4.041092719771349
18437,4.9610278215869155
18438,4.417965948576675
18439,8.954144344221248
18440,6.996005979229847
18441,7.438509335058489
18442,0.5999362215749032
18443,4.9351150914311
18444,4.755263678136293
18445,5.171649780248922
18446,8.10565390999238
18447,5.336013364597623
18448,5.797545259604928
18449,1.7717239514285255
18450,4.322009597560031
18451,4.82108980756901
18452,6.895654857718688
18453,2.548741261902235
18454,7.94168699803019
18455,8.100253711139084
18456,4.942896911744309
18457,5.972215776380252
18458,7.1142295605681
18459,3.1404601822604983
18460,5.080378344053473
18461,4.09007240612369
18462,7.398342806761872
18463,4.537396827233029
18464,6.155510802401784
18465,7.450400850512442
18466,6.299950701800425
18467,3.9553932021790494
18468,7.8315274743244725
18469,5.484882133341219
18470,6.511528225805788
18471,7.693802769237526
18472,8.107623546848183
18473,4.4821822996782
18474,2.127403594270245
18475,4.6794882945570055
18476,6.4985284536722645
18477,7.109924696450004
18478,7.75335029118551
18479,5.4542273353563
18480,7.133464126872059
18481,2.132872942054278
18482,5.082206973968714
18483,6.22806143045211
18484,9.243724550833758
18485,4.370553702650666
18486,5.383686357857245
18487,5.481421512774671
18488,5.747536788277683
18489,2.2338725769595116
18490,5.444465249797661
18491,4.967215907034506
18492,4.207512611758506
18493,3.7625269446294496
18494,3.7096796749714813
18495,5.707837794133268
18496,7.352910606710822
18497,6.3916948767839665
18498,7.633091708359302
18499,5.355336522888588
18500,4.091498321401199
18501,2.3111673325223494
18502,4.8074712241901905
18503,8.276298243044627
18504,2.8058308427346392
18505,5.555299692525267
18506,3.0912604453562516
18507,5.258198633062345
18508,2.1520688112613717
18509,5.355501754925581
18510,6.504331479290504
18511,5.165053467613282
18512,6.641614049875498
18513,5.57346667162412
18514,3.6973515112381143
18515,4.6912057056991605
18516,7.769084811197066
18517,6.110101723175641
18518,5.206829970215945
18519,6.287630514753316
18520,7.198202946836235
18521,8.432788377726217
18522,6.573336549229049
18523,6.7616834161542725
18524,0.00803406269964686
18525,5.487863191104523
18526,5.537836452886845
18527,5.011489025411825
18528,8.650074836447677
18529,8.477586166895632
18530,4.624484072245961
18531,2.731455961640107
18532,5.710469181410088
18533,5.13635381161812
18534,8.136516515612607
18535,8.294263425735712
18536,8.164387078072831
18537,3.4705091577220317
18538,6.210032535112775
18539,4.628839923669986
18540,8.32881447492269
18541,3.932393258464237
18542,5.461841509800667
18543,9.197352174074865
18544,5.805135763817629
18545,3.6564039436224043
18546,4.531429136065514
18547,7.854665596471477
18548,3.7529331385408904
18549,5.883539152475466
18550,1.165879320358503
18551,8.149388611210103
18552,3.5365370640802425
18553,6.11928362618479
18554,4.199177595489781
18555,8.439570452255921
18556,4.764571982513525
18557,7.446587979974629
18558,5.482649539750618
18559,2.1273440746783434
18560,5.082262135520673
18561,5.029593847484114
18562,6.881170299523362
18563,7.322987301762064
18564,6.9503166716915645
18565,3.586474884540153
18566,9.350806743785656
18567,6.701344930450061
18568,2.249822647752171
18569,9.682887060125703
18570,3.182486532277232
18571,7.66301893130521
18572,6.03074128476698
18573,5.361976498624676
18574,8.36504264393568
18575,5.760237661725411
18576,7.244610510390203
18577,6.374649020048726
18578,6.50569651058584
18579,7.8369295990056385
18580,4.351672928671161
18581,6.591396780116037
18582,6.11458099826933
18583,6.486475742158559
18584,5.964118738910908
18585,8.169131053738496
18586,8.094851701972114
18587,4.369557211116606
18588,8.025464854119269
18589,7.510315312961436
18590,7.683438347563941
18591,3.763728013173349
18592,7.341007143021774
18593,8.074911757511495
18594,7.873683860895238
18595,3.469165049304972
18596,5.545800995277418
18597,3.5427483738243373
18598,4.385074165565277
18599,3.9905812045181426
18600,7.267578314302151
18601,8.408407039175335
18602,4.858007885763594
18603,4.782966218678699
18604,4.988089912703946
18605,5.9898039056960055
18606,2.6708850123806642
18607,5.267473820121881
18608,8.760374411463626
18609,4.643077090888982
18610,8.198018204072147
18611,6.6522562513123535
18612,4.82592641881128
18613,7.298953094072436
18614,4.422918176058231
18615,6.555072185661214
18616,2.31863653101822
18617,3.1171417530795806
18618,7.5162172617111125
18619,7.110871763644871
18620,5.886743183647498
18621,3.984445175418356
18622,6.46130484437454
18623,4.546853886752375
18624,6.987624703416354
18625,7.471787150330795
18626,3.7580205200935723
18627,8.29823087500166
18628,7.882874325884584
18629,6.519921621475497
18630,5.215754280623951
18631,7.036268893574755
18632,3.11242068495609
18633,9.33939160756003
18634,2.559176816884185
18635,5.460891297914227
18636,6.612895716136886
18637,6.018092667234188
18638,8.904561833268327
18639,5.876884821765505
18640,7.784135588364235
18641,0.7650368310286445
18642,3.425773085501666
18643,4.866902137067656
18644,6.772198031998128
18645,7.419452963247371
18646,3.239048547271583
18647,4.024184911016004
18648,5.90697696629378
18649,3.479978548357495
18650,5.760203854587573
18651,6.0085518211491316
18652,4.602335164267931
18653,3.7819170272602327
18654,5.140558779744602
18655,3.0333200541708143
18656,9.451869046053016
18657,4.8755989128048425
18658,5.264251276210487
18659,5.232818487758719
18660,7.944730305779561
18661,7.283763823787737
18662,4.821563226091284
18663,8.043072902280823
18664,4.657500981075476
18665,8.928498389797237
18666,5.133876053175568
18667,8.708876196466138
18668,6.5418487637102505
18669,7.0504275088102215
18670,6.937243476852856
18671,6.775215056911238
18672,5.744102768332802
18673,7.455680804273459
18674,4.9805890627926965
18675,5.037373650806425
18676,6.3615611721775185
18677,4.829253797609478
18678,7.837803214440221
18679,6.5960570991231275
18680,5.001792023019701
18681,6.595447453137925
18682,7.283608271175869
18683,6.769151776461776
18684,3.124441210038792
18685,4.397637209318002
18686,4.7478830213461665
18687,6.163021443911492
18688,9.181552930602626
18689,7.367659294550731
18690,2.705975887634376
18691,6.344560996613722
18692,8.895538546575535
18693,7.930659063242506
18694,7.160599189075238
18695,3.343672574076978
18696,8.702931461576165
18697,3.1063977885640766
18698,3.923943031267659
18699,4.421510247948477
18700,7.643079591467486
18701,7.251224355505322
18702,7.858416297454589
18703,6.773775996607958
18704,3.984115310805925
18705,3.8798424619913163
18706,4.842383819884415
18707,8.384456853659099
18708,8.864055465113761
18709,5.791867941953907
18710,5.41906594402907
18711,7.679841166643968
18712,7.04112576426832
18713,5.508619211528005
18714,7.698193807720129
18715,4.822560774579371
18716,6.702772199709971
18717,5.453313763944064
18718,4.181069473655665
18719,5.460379659226954
18720,4.174715000037515
18721,4.963840376532368
18722,6.139044059967417
18723,9.19150542790862
18724,7.421749369805424
18725,5.579471657026231
18726,9.126754087273744
18727,6.885497685382984
18728,5.961087848655069
18729,8.316988792105297
18730,3.6790289003030168
18731,6.7417216870851675
18732,8.119374802963458
18733,4.6214086096695315
18734,7.486003064885116
18735,6.1549421245154665
18736,6.399841063018508
18737,7.9171633754632
18738,2.595961175515632
18739,4.078425197666327
18740,6.368646964447485
18741,6.257998312947228
18742,7.221937762033039
18743,5.238316164716495
18744,4.425737350760571
18745,7.861592181512708
18746,3.8949200300965545
18747,7.630984290817264
18748,8.370474926222272
18749,2.5599917469708124
18750,5.117059911614582
18751,8.377836414111176
18752,5.8208608001467494
18753,8.258729532527482
18754,4.466945501758518
18755,5.044315464712106
18756,4.636683068632713
18757,7.2335305778361505
18758,5.240931360761253
18759,3.9860323451522732
18760,6.5379110985925495
18761,6.763566276153884
18762,7.571490314699956
18763,5.323553970229191
18764,5.285457000771802
18765,8.33859480369006
18766,7.346088575528526
18767,4.644367619370767
18768,6.285323962084297
18769,0.905289296074711
18770,5.306384759627171
18771,1.6223062487462783
18772,4.30641560519562
18773,8.396858660847183
18774,7.789545801957613
18775,7.25249110120429
18776,7.59913760826722
18777,2.0405737902168206
18778,5.723585549592516
18779,8.378500973466888
18780,5.7551885025261305
18781,8.85133714085001
18782,2.227976463833744
18783,8.044888481390391
18784,7.0817569526254704
18785,5.815214638826834
18786,8.409879953022855
18787,7.197958434628954
18788,7.561729829307431
18789,6.226385392568988
18790,9.998413309947383
18791,5.701608645335761
18792,9.036139254230232
18793,7.1197223188988
18794,4.064118344044369
18795,8.547626905572345
18796,6.671205007659344
18797,6.166125812610053
18798,5.701601292926
18799,5.30635060584096
18800,5.967861678939708
18801,5.5615549844801775
18802,7.0599026716393665
18803,6.676375330582542
18804,6.834142160745797
18805,8.6440625019605
18806,5.377364493979085
18807,4.7253180879273655
18808,4.9753534975383715
18809,7.4643350751823005
18810,6.002905390033136
18811,5.147163651091756
18812,7.257716056377764
18813,7.967083663582055
18814,5.511499056348869
18815,5.639409234401883
18816,4.142481368409667
18817,6.281118307482805
18818,4.747301020358078
18819,5.304019544090568
18820,7.359503972259884
18821,5.001765295100242
18822,1.3487608262908897
18823,5.351718981176794
18824,4.557606403083649
18825,2.8565179162002963
18826,5.6958859080946445
18827,3.662389178477113
18828,3.1904559135414905
18829,7.545494923292191
18830,4.413561301494534
18831,9.331398384713491
18832,5.759729134783086
18833,8.279924018013158
18834,8.094121506708783
18835,7.286576592633668
18836,8.152972245838674
18837,5.015231611035717
18838,4.990620854773741
18839,7.994079355449324
18840,6.637283352344423
18841,6.3844002419213615
18842,8.595183067393625
18843,8.575661301864097
18844,6.602861215502853
18845,6.638226435769392
18846,5.953267860147826
18847,7.8329431801338245
18848,4.71105107925306
18849,2.7378265756393074
18850,8.684013564721127
18851,6.015677226999937
18852,6.668941657226689
18853,4.856461380095202
18854,4.799413874272033
18855,8.926293600775683
18856,5.440635457716875
18857,5.8073295324543075
18858,8.597399407878722
18859,4.876290695309892
18860,5.541922230174461
18861,2.824030408273556
18862,7.022423139403495
18863,6.599266551105062
18864,8.202096886010965
18865,8.93910100689175
18866,8.117339178924246
18867,6.896545112664031
18868,9.193091456590267
18869,8.504693260811033
18870,4.73956528479897
18871,8.086892334198572
18872,6.170574417186964
18873,4.0907611841483575
18874,5.670031409409712
18875,4.444282250956665
18876,1.6970229833743393
18877,5.73821237778008
18878,4.402719833648265
18879,7.099697864704443
18880,3.1637082733505606
18881,7.398486961337819
18882,7.747567468484236
18883,9.32613100230952
18884,4.571942961507562
18885,6.365272898928944
18886,7.796649644475285
18887,6.274201069793442
18888,4.415663765145803
18889,5.303966823322339
18890,3.5079598630055897
18891,8.862744583671944
18892,4.479910854916604
18893,9.683798144244859
18894,6.333808363687535
18895,7.79420439872397
18896,8.276923671407896
18897,5.808508876019849
18898,7.494525840113208
18899,5.152066913282379
18900,9.46854805110815
18901,4.492197924157821
18902,6.588666377805848
18903,6.325322022441194
18904,3.1597046542696674
18905,4.226629792236429
18906,6.3881627106958785
18907,4.870722960148699
18908,7.553926059299504
18909,4.76810837589763
18910,5.205272268494556
18911,5.887486730955355
18912,5.989749714860326
18913,6.72196107610104
18914,3.588823638719466
18915,4.148761539631035
18916,8.506715216190976
18917,5.527635966427326
18918,6.945158512762177
18919,5.977668002077181
18920,6.69463935516234
18921,6.397082934946422
18922,7.326963871735624
18923,6.27302098590345
18924,3.918254331817875
18925,4.064252963409588
18926,4.584941179865473
18927,6.411581598525262
18928,6.688723474930714
18929,6.418941178665456
18930,2.261896231620734
18931,6.952754977010736
18932,7.198894973972784
18933,3.268394976079675
18934,7.5431334174136495
18935,1.5928382338572615
18936,8.273998533092144
18937,7.832113850166702
18938,6.9934917169117465
18939,9.998758698605094
18940,4.183489993609975
18941,8.182229442662793
18942,8.488993826877488
18943,8.397729439487543
18944,3.3628716211198624
18945,6.055444815884561
18946,7.405299521146051
18947,2.1153091233455457
18948,6.700107771145136
18949,6.244994382499549
18950,5.278587990547559
18951,8.085290576297709
18952,8.574214457980577
18953,7.553380285500045
18954,6.585636993726676
18955,4.906910650638535
18956,6.213487928439463
18957,5.27522868701814
18958,7.300594676455009
18959,4.319343294684282
18960,8.064192707056074
18961,9.390164122097314
18962,6.889047205288149
18963,7.286698668074509
18964,4.57291699402371
18965,8.39878560311453
18966,4.834220801162039
18967,9.046756435201798
18968,6.257688057683469
18969,3.1299491868574125
18970,3.9705802384812663
18971,6.14465266464956
18972,6.113877192360175
18973,5.268828198801714
18974,5.950775120421921
18975,4.7306915006817984
18976,9.759463167801517
18977,7.208152785169031
18978,6.301410559091268
18979,4.851098479344702
18980,6.252739303634428
18981,2.3294037580576576
18982,5.373328679217831
18983,6.5870631361071705
18984,2.7693295168210375
18985,6.030350785097125
18986,2.528918345461741
18987,4.134365759978823
18988,5.500819321205984
18989,6.9860595786723305
18990,5.88505003315109
18991,6.584931285766951
18992,6.36736793948186
18993,9.080134552371417
18994,6.828315019124908
18995,3.7379888150763905
18996,7.780830880406958
18997,3.1430291095798077
18998,6.3037994860859445
18999,3.6908091775320586
19000,6.63198155060054
19001,3.103600708541094
19002,5.029761140313278
19003,3.900757320994001
19004,2.9239356294277927
19005,5.342931654247335
19006,2.643135820043884
19007,3.8145899189026395
19008,2.9425189534053913
19009,4.332845487071904
19010,7.358065412464431
19011,5.529218703633331
19012,9.681534561470736
19013,6.5754973370550385
19014,8.439170276692867
19015,2.6733315671224966
19016,2.257703415385135
19017,4.04353025852807
19018,7.511719556970649
19019,7.393229880589772
19020,6.534924857769352
19021,6.067658772269321
19022,5.779478672973068
19023,3.413971977966132
19024,7.957148763063896
19025,6.93932752719234
19026,6.340257791735618
19027,5.635420977016047
19028,8.683700173546033
19029,2.107877727881319
19030,6.055357896400048
19031,5.250644337349021
19032,4.024363746667435
19033,6.192880645929334
19034,6.587186833586789
19035,6.7958867980256965
19036,7.34949850163242
19037,3.6398007935541536
19038,7.031556108410342
19039,6.492046775966438
19040,4.832522970371647
19041,4.528964008079792
19042,6.990814176687998
19043,5.788000134656107
19044,4.758574697305606
19045,4.675545311663254
19046,5.500606943430336
19047,6.381859968586921
19048,7.423056113567116
19049,6.89890483129885
19050,4.625818078658725
19051,4.871189600507227
19052,5.836105858480236
19053,5.605560856430662
19054,6.805320111911117
19055,7.1794846149244425
19056,8.316081873894435
19057,5.28451591375565
19058,5.921248313137875
19059,7.529022088545416
19060,2.6473238392382386
19061,7.197902354381978
19062,6.638136851113673
19063,7.048436983742166
19064,9.996329296910119
19065,1.1102922371542463
19066,3.8589108189218244
19067,8.122455182036202
19068,7.78515589281663
19069,6.835614302850674
19070,6.001819057066998
19071,5.601043429795749
19072,9.626294549860754
19073,7.081198611363061
19074,7.552478309004206
19075,5.11866845416782
19076,5.673848940260158
19077,5.5620385154799745
19078,5.765006996853353
19079,6.501714647362275
19080,6.162291530943939
19081,4.1333627793546714
19082,4.608732661025039
19083,7.295789066217544
19084,5.910806053184929
19085,3.5771862301375053
19086,8.544360281413557
19087,6.226580148878161
19088,2.4460838290817906
19089,1.8335762809923224
19090,7.571103239824351
19091,8.219359952656408
19092,7.125231408115473
19093,2.0591108710755526
19094,1.8758522490376937
19095,7.251928622834586
19096,3.7747021173085527
19097,5.62495859621657
19098,7.504602056455603
19099,2.87421850500509
19100,3.05633198069198
19101,6.7200547449164745
19102,5.5431325817776615
19103,5.830719820041976
19104,9.043661960645258
19105,5.866626110587835
19106,3.958809425870244
19107,7.011472582097385
19108,6.625472134838252
19109,5.460967237750053
19110,1.7705321311858775
19111,7.499150423770535
19112,5.141689249845651
19113,2.768932184350616
19114,7.0825790468306
19115,7.262241829751661
19116,7.269490211133265
19117,8.372377375866208
19118,4.811658238081223
19119,9.116371625424277
19120,7.73030855413528
19121,9.134728649355738
19122,6.864510293213954
19123,5.280546262499575
19124,8.687348089820262
19125,5.018556107727746
19126,5.324018970558542
19127,7.007829052095424
19128,3.2708106276154494
19129,5.303878935832623
19130,7.264874306711432
19131,6.839728918879598
19132,6.037251375492619
19133,7.775339577953001
19134,3.500979183103701
19135,9.24687524510095
19136,3.7792245739811463
19137,7.657171374158234
19138,8.104945633248969
19139,6.236925142717171
19140,5.72693025574833
19141,9.488738468651173
19142,5.083614550662382
19143,8.931219703925885
19144,2.830915517779719
19145,4.803708727093223
19146,2.677031727228326
19147,7.072369850849998
19148,8.005539961807354
19149,4.528621425884761
19150,6.816582698648555
19151,8.934437876639212
19152,6.812669851551801
19153,4.86544161722958
19154,7.597988981913332
19155,3.808196141853176
19156,5.4835658465009285
19157,8.083354231310533
19158,7.09160598588212
19159,3.5283183244262815
19160,8.68905684567923
19161,3.805753764169316
19162,9.439399936140877
19163,4.938994969517332
19164,5.280913632015231
19165,6.640533275226583
19166,3.777978851861814
19167,6.376944831721067
19168,8.395004149315248
19169,8.015746307552181
19170,6.64609771466791
19171,6.370466860750435
19172,8.356973777760023
19173,3.8626337233739676
19174,7.769763691128747
19175,9.425599860844612
19176,6.355492120754525
19177,5.406526045997386
19178,4.697001504719294
19179,6.150779236187707
19180,7.180103951421732
19181,4.957310221001974
19182,9.181054117798615
19183,8.549722213091059
19184,4.825840499646577
19185,2.0356231546118844
19186,7.871842988286339
19187,7.6533414126725745
19188,3.808325012917069
19189,3.282091944692321
19190,7.929957601763199
19191,6.098298985392647
19192,7.1300523355096885
19193,7.871806539984938
19194,1.8188797226407982
19195,4.063750095635575
19196,5.343286587234713
19197,6.526004170421595
19198,9.007034627098282
19199,4.757757124061977
19200,4.306156772830457
19201,6.694682276541111
19202,3.2832117209972806
19203,5.235554611002033
19204,8.662673621406544
19205,6.902222630983742
19206,6.1922034455983574
19207,6.822027719974827
19208,3.587068311540108
19209,6.135033373909552
19210,6.775354301422915
19211,5.921063397107055
19212,4.749613012223693
19213,7.79604981868376
19214,6.455108655580993
19215,3.890210831771627
19216,5.931118689084929
19217,8.176147824695866
19218,4.369777368853376
19219,9.606815208603805
19220,6.961993979609363
19221,2.599525426630344
19222,8.164273946413216
19223,5.451485391014854
19224,5.046502828731169
19225,7.297494301417697
19226,2.6376149994683
19227,5.564286788026289
19228,3.1658131370670857
19229,3.6917879754537752
19230,4.134522256815894
19231,7.211667464872948
19232,6.952939088687806
19233,6.993547399551304
19234,9.177847423519172
19235,7.255988948444231
19236,4.700063555499588
19237,3.2315859638113573
19238,4.902058857373514
19239,3.7491346032312314
19240,6.412602254852556
19241,5.4199893707512725
19242,2.937463171469921
19243,7.653508337725495
19244,7.957168121965839
19245,5.616159168419523
19246,6.426621258034762
19247,6.641914573190792
19248,7.268896148098079
19249,8.886047952348978
19250,5.643516869762567
19251,6.784396019522532
19252,3.469693581702317
19253,6.133443962169473
19254,6.804366311722296
19255,6.1818199490202375
19256,6.228607606810637
19257,7.708342489710579
19258,3.3317822561524197
19259,4.769649313421391
19260,6.754102263366194
19261,2.339488738241318
19262,7.365680741991682
19263,8.355405704300555
19264,2.7568915667722282
19265,1.8986686152799348
19266,7.592516448582823
19267,7.966226339560737
19268,6.163545313965583
19269,4.573534938005632
19270,4.455826985244554
19271,2.81421026599605
19272,5.644158164251531
19273,8.157441720128087
19274,2.6220543152475946
19275,6.110788569264061
19276,6.661798158569209
19277,7.589847448704387
19278,5.4589272456920686
19279,5.554066838008193
19280,3.9719877947945954
19281,2.103267101591515
19282,7.313643786824801
19283,5.480961449424021
19284,2.1898367076224017
19285,3.7271746255059766
19286,3.9790665121869027
19287,5.641990971074451
19288,6.821181694855568
19289,2.2051322988266735
19290,5.461829519295265
19291,7.14532291694641
19292,5.843806087794045
19293,5.520518983455927
19294,8.49685113452899
19295,5.150096072737645
19296,5.035496701454335
19297,4.878809689105189
19298,6.508571761602026
19299,6.290051825975285
19300,5.984317374907645
19301,7.173155636140926
19302,5.032159520447809
19303,7.025950889927427
19304,2.9649835210844406
19305,4.761789486464879
19306,2.2362288888217003
19307,4.886203178119565
19308,7.856284337291113
19309,1.6010780677193903
19310,6.629803554264379
19311,5.7524785660000886
19312,3.8296359226244356
19313,7.099224509300704
19314,7.119980470071323
19315,3.1028637249637
19316,6.007304805784948
19317,6.163336389830088
19318,2.655496603439931
19319,4.295772668107222
19320,4.428322493929336
19321,7.91656090381296
19322,3.0717085054452844
19323,5.256414294548309
19324,6.562732230352907
19325,6.498497252325083
19326,5.709625854405565
19327,8.114730349019661
19328,4.933456217494575
19329,4.919538211728909
19330,7.363593102793831
19331,4.43724936776609
19332,7.459050442187847
19333,7.780968220369905
19334,7.877720714417331
19335,7.033915963330959
19336,7.9744969785450674
19337,6.747389983269554
19338,5.1686011617323215
19339,8.176482037821092
19340,6.034941656743537
19341,4.212621630149107
19342,3.5810200582351848
19343,6.032744517926285
19344,6.266849570793336
19345,2.884845407447166
19346,5.821026139100693
19347,4.752919837338083
19348,2.8462163071111473
19349,6.663986148739136
19350,5.5072214515570606
19351,3.236748203420686
19352,8.920619739241436
19353,2.1778625269976066
19354,6.489791770346173
19355,6.651197135102274
19356,8.031880058905163
19357,7.812172786014716
19358,6.589956180136456
19359,6.830578952320619
19360,7.743430070937064
19361,6.7048405115595955
19362,3.5967122169502104
19363,6.229513195265231
19364,6.05217860322746
19365,7.290961506934233
19366,4.687175146745697
19367,7.457937787491652
19368,7.953666725499166
19369,8.701213673362753
19370,5.116459966882755
19371,6.288218036752203
19372,6.047139397852879
19373,7.15940971714336
19374,8.132328416184183
19375,6.349059750806441
19376,4.870454006433152
19377,4.195777499701975
19378,7.053558363872715
19379,5.455198615044648
19380,6.485568336567326
19381,8.64095930623927
19382,7.85461791275508
19383,7.179767485394491
19384,5.809994439689179
19385,2.614575809265584
19386,5.976485933312077
19387,9.31174280481814
19388,5.8879833318954855
19389,8.58346716030496
19390,5.162472302774746
19391,6.726349361271947
19392,3.916713715523625
19393,4.232185837465336
19394,6.716220586626845
19395,4.659555692095946
19396,0.9800726368038065
19397,3.871167709000755
19398,7.8193585132316965
19399,4.579175845456679
19400,5.449934086528157
19401,5.821828712885746
19402,8.586276520936845
19403,5.143952268003824
19404,8.243564659579159
19405,4.565520411788985
19406,4.520943995987986
19407,6.567067292241187
19408,2.5211923109757315
19409,6.921678394149228
19410,5.776824954358943
19411,7.407145590130709
19412,6.429444220054249
19413,7.730808230276052
19414,3.4299793243177303
19415,7.568759747566931
19416,6.385520976467251
19417,5.275397141543879
19418,1.8633913347121098
19419,7.644665758306745
19420,6.200961105524704
19421,5.5868223984934815
19422,4.725209564420069
19423,7.521990337007769
19424,8.115994174340592
19425,6.848279708856933
19426,7.09309052688578
19427,6.18930072043292
19428,6.560741973405055
19429,6.708658714442618
19430,5.629052739934178
19431,5.893773335534194
19432,5.856512365828817
19433,4.596264993105851
19434,8.764544020868145
19435,5.20379732081152
19436,8.008369657764757
19437,5.29104546262911
19438,2.985747570299636
19439,4.470596392777228
19440,5.747471749842893
19441,6.37253773954446
19442,8.133755274135583
19443,5.69293971819995
19444,6.970042258096323
19445,5.7548280912742715
19446,8.630777579704539
19447,8.301915269693016
19448,6.6872099714192474
19449,9.305185977667819
19450,7.653097450782593
19451,7.980621930109604
19452,5.523549397400962
19453,6.29388654558363
19454,3.96355614771709
19455,5.40296191576755
19456,4.615698179387026
19457,4.046153723529193
19458,4.107026788446797
19459,6.100388492722097
19460,5.747474263132722
19461,4.613107556014624
19462,5.844553835928812
19463,0.5798866002101117
19464,6.582254918117664
19465,6.965946852277686
19466,6.785221155736101
19467,3.96447767110133
19468,5.394804022585517
19469,2.329232376863201
19470,4.84704546377464
19471,9.100705680234793
19472,3.8571739609822133
19473,7.061060841279655
19474,8.67499394588995
19475,4.552679973573477
19476,6.085332594034464
19477,8.16385255378956
19478,3.486505102867059
19479,6.73045298960147
19480,5.82999009823199
19481,5.880488244444524
19482,6.43113210108757
19483,0.1771804346297988
19484,7.51701626763658
19485,8.208101900081498
19486,6.290822018230341
19487,5.801060285091668
19488,8.04347931720923
19489,5.8213989413009095
19490,1.9447618174103591
19491,8.192440369200423
19492,7.744058307354389
19493,7.7081837562615885
19494,6.789264911102528
19495,8.904767467008368
19496,6.9870310070959665
19497,5.4797215868514275
19498,7.944959035907445
19499,5.994940131876698
19500,3.649776743566444
19501,6.229887049300603
19502,8.829239843044693
19503,7.017905031181551
19504,5.480508868813995
19505,7.192683191607406
19506,6.023902364220591
19507,6.779706146434398
19508,6.060583576876917
19509,4.149574357390487
19510,8.458690359051118
19511,3.7280227922117115
19512,7.664778944903789
19513,8.471354217414275
19514,8.545553819649498
19515,5.945167064272446
19516,3.1414907431919437
19517,8.5858160508929
19518,2.3698799808739346
19519,6.859087960214526
19520,6.718137114410152
19521,3.658580909432134
19522,7.77028661784235
19523,4.033240668135848
19524,6.374621645819235
19525,5.611233952884456
19526,8.025486696722188
19527,8.41615978284393
19528,8.497439129318327
19529,6.1148124173155
19530,3.2558546355368114
19531,5.288952887272751
19532,7.039292814179179
19533,6.945064981839477
19534,9.053757337271398
19535,7.335796603379772
19536,5.809427455855583
19537,8.473763216225759
19538,7.909136217734714
19539,7.124761519015048
19540,4.949662401953971
19541,7.2217408581685065
19542,4.9600318606193685
19543,2.0547021623444133
19544,9.97529928809946
19545,8.950702380266497
19546,3.761961396300827
19547,6.792688002525834
19548,5.5250035670604465
19549,4.981446323310634
19550,8.42241244384469
19551,6.890670456393492
19552,6.019198075221273
19553,6.1656184724982595
19554,6.35866125338825
19555,6.05644147635409
19556,5.2905212915828255
19557,3.949756028133824
19558,5.224195847273406
19559,9.535047346877006
19560,8.39007473661338
19561,8.302460168321934
19562,8.34477964409827
19563,8.079523890270028
19564,4.062039981197612
19565,7.744564862064597
19566,8.35707022343411
19567,8.054288064115934
19568,8.137648865340308
19569,3.31679494429205
19570,5.957218629184447
19571,6.145617363815914
19572,6.739033766992326
19573,7.141476938077251
19574,7.991337692521031
19575,4.660348679936421
19576,6.990980432827283
19577,3.6368708803409318
19578,7.972171634015257
19579,8.107491210562827
19580,7.908296597119791
19581,6.511171124711841
19582,3.5688829038593695
19583,5.3144993154074385
19584,3.3300472462548107
19585,8.764169461653259
19586,4.11714460442945
19587,9.518740570898439
19588,9.616616435225719
19589,1.6425771370674298
19590,1.7699438673881178
19591,6.264594307952624
19592,3.8070762264208193
19593,4.083989092665409
19594,6.164274654974725
19595,7.884762434567939
19596,5.283642252056557
19597,4.485721518721654
19598,8.283120199323298
19599,6.492905627423864
19600,4.735336390452804
19601,5.625806216103319
19602,3.823017963415252
19603,1.962406369789477
19604,7.558780509002783
19605,8.53735252071105
19606,9.998413309947383
19607,9.152048677092445
19608,7.906485466118534
19609,3.530424772782837
19610,7.384340655554192
19611,6.319272039828755
19612,6.958481426805574
19613,4.193560477703916
19614,3.666916926301437
19615,6.22250279461611
19616,5.487670360456156
19617,4.597153522766749
19618,5.950887054082737
19619,4.2327152748251855
19620,6.846755107404038
19621,6.117913677115368
19622,4.485967935215667
19623,7.988555425888187
19624,5.288190505235434
19625,5.930135917138608
19626,4.6584067865111916
19627,4.6638714703442385
19628,6.703847884632276
19629,4.974921515234905
19630,6.327246797568707
19631,6.222468516446242
19632,5.579389684918879
19633,3.7269621542263236
19634,6.406751775502769
19635,4.044507432692665
19636,6.289322758429154
19637,5.355151950813167
19638,4.952769710476544
19639,6.156197878183567
19640,9.269023520250922
19641,5.729449928253287
19642,6.94709131828432
19643,4.5289765490228895
19644,1.5744741605115318
19645,5.76271980127651
19646,7.406685624162911
19647,3.1602573052470277
19648,6.1236555228555725
19649,5.46591391095446
19650,7.165540700769194
19651,4.3358577300095344
19652,4.464538176039509
19653,5.583968724767702
19654,5.761561874020731
19655,4.838263320559484
19656,8.892738938326247
19657,8.396287962489216
19658,4.171500208159913
19659,6.907495320018664
19660,2.920291521863417
19661,5.298892857741137
19662,6.445950868200723
19663,4.781830986324303
19664,7.940458945851721
19665,6.803656951536934
19666,6.694182087392693
19667,5.5227479454737285
19668,7.747003283561895
19669,3.6222089813674727
19670,3.933839734265979
19671,6.842584376464133
19672,6.442061333533978
19673,4.542904359699312
19674,7.824092903887352
19675,8.942673341165657
19676,8.029546057496848
19677,9.249675315354496
19678,4.753168167727528
19679,7.03984613683235
19680,7.422229240557618
19681,9.432408103523628
19682,5.479753915883819
19683,2.678428317782012
19684,4.422027645219667
19685,6.846129977956882
19686,5.509002044809103
19687,7.11578645798931
19688,7.180806866033086
19689,8.780196894555873
19690,2.244845061864165
19691,4.786632641517724
19692,9.268861528268857
19693,8.551232053324672
19694,6.605483084287613
19695,1.5536663012239533
19696,6.769168498957725
19697,5.426644521515115
19698,5.471357984325867
19699,3.1928185776376283
19700,7.661656447992968
19701,8.622432673075673
19702,5.464805664468836
19703,8.479363310079338
19704,7.832489984950428
19705,6.645238481624396
19706,6.7711796490316605
19707,4.631069984018682
19708,4.542996305000348
19709,4.427280866168454
19710,9.587322228316385
19711,5.236390266734679
19712,9.051498499553196
19713,7.593545972724779
19714,4.545555037544348
19715,6.925384680607154
19716,8.189961897125547
19717,6.7750270950881255
19718,4.04968957044622
19719,3.6958387816208096
19720,4.751378042293698
19721,5.398981184176916
19722,8.014961297941106
19723,7.744221754881084
19724,5.132504847361568
19725,8.209299264342
19726,4.567143897160655
19727,4.2418794236752895
19728,0.44291637497922576
19729,5.741082108261473
19730,8.009617147164246
19731,5.4508052565848555
19732,5.178302227684478
19733,4.423285061953267
19734,7.222429919996064
19735,8.145986046281603
19736,3.547606354524391
19737,4.6322064902417495
19738,3.2025981692341774
19739,5.0267683093906195
19740,7.142719217675193
19741,5.7682125492388305
19742,4.366751016070991
19743,5.96423899646885
19744,6.0663762297058295
19745,1.004416782821783
19746,3.1496749020976464
19747,8.378168825714903
19748,1.8829701232371086
19749,4.781083200628802
19750,1.8195379635481879
19751,8.059253461858251
19752,4.365206133987618
19753,7.477332833396827
19754,5.722510564781489
19755,5.822595496105035
19756,7.45784540108644
19757,3.6736417843001083
19758,4.254164424811018
19759,6.203941429328044
19760,7.169389078168038
19761,6.491449235853386
19762,6.209449895927335
19763,5.980681390499046
19764,4.832670432610634
19765,7.069506010196903
19766,6.9607497897909925
19767,7.531163082946129
19768,6.532284054669506
19769,7.336991730533012
19770,5.754014005447376
19771,4.152422150106871
19772,3.5236033199354515
19773,5.633933243335107
19774,4.222941576033625
19775,3.2665042273690927
19776,8.917911752722366
19777,4.761640659235664
19778,5.752069212502741
19779,7.5154895029290145
19780,3.9277630461969166
19781,5.6819649778279295
19782,7.415770935290036
19783,4.117624415886989
19784,7.864889955453552
19785,4.6574531995220445
19786,5.503283044752294
19787,6.593124232860345
19788,6.6600917454992
19789,6.807228608402079
19790,7.218305561466093
19791,8.044465434763122
19792,5.910860186667977
19793,3.704907313828109
19794,7.391026523758339
19795,7.362245302057644
19796,2.7567309777668996
19797,4.797873335750009
19798,7.418117828796508
19799,3.2955866571234176
19800,4.51288942226209
19801,5.4814397460788395
19802,7.978667052705089
19803,7.192196514873733
19804,5.50869419970077
19805,7.083321706238593
19806,9.396742599674539
19807,8.327830321836576
19808,7.961760446893126
19809,6.063052470171345
19810,3.9424137489843125
19811,4.543288411895238
19812,5.149869078266112
19813,6.494750171519388
19814,4.090780851946448
19815,7.745937225116556
19816,3.3304388230751356
19817,7.468527057333747
19818,8.42135321692338
19819,6.172528553529082
19820,5.236659962953096
19821,5.478567328278713
19822,6.3138750225561235
19823,7.508596889577004
19824,9.228090336804893
19825,8.359171436152058
19826,8.468444912115203
19827,4.118441413073432
19828,8.38709510892332
19829,2.2297698169404323
19830,2.576520149443669
19831,5.590480657724475
19832,4.0280224843612515
19833,5.599256134928972
19834,3.801096251836922
19835,8.563869402192484
19836,6.99106651640597
19837,3.0926182390218555
19838,4.036529080932271
19839,9.023101913121911
19840,6.908543579352838
19841,3.856692837820219
19842,7.74959655968369
19843,6.174781081346055
19844,5.7053549041979315
19845,6.983543547365417
19846,8.20065230131586
19847,9.17615271113252
19848,7.763025715488536
19849,6.196851907743133
19850,4.165051336087075
19851,6.128234265320648
19852,5.001863751516
19853,8.090880454667642
19854,5.942262687103282
19855,8.33794705412151
19856,8.920546006428415
19857,2.8892125930920973
19858,5.488557470892266
19859,3.263826166024252
19860,7.837603384237293
19861,2.436105198133883
19862,5.806715561397692
19863,7.163818966064445
19864,6.468135675027466
19865,9.611237520539856
19866,7.843057638629406
19867,3.64183902273126
19868,4.27786313231238
19869,6.431912899834451
19870,7.797983499732048
19871,5.710110749950597
19872,5.877891834386765
19873,4.4193019178446
19874,3.4454746967374676
19875,4.925203549951629
19876,4.740550092676725
19877,8.257303409897258
19878,8.612753796682174
19879,5.195527890735345
19880,7.177095560176207
19881,7.438316567740607
19882,7.130104098882332
19883,6.240156481976503
19884,6.471297049877426
19885,6.101769763964851
19886,6.100595299688992
19887,6.007020720275319
19888,6.342493245787798
19889,4.291304914623612
19890,5.802326972449036
19891,3.944823165719704
19892,2.1009498437358154
19893,5.63356768602958
19894,7.810907823460336
19895,7.445557148606357
19896,5.1315162564956776
19897,3.5732338750633788
19898,5.418434085247531
19899,4.970413778861061
19900,6.510965219667179
19901,6.303352268630729
19902,7.990362220206199
19903,8.374972147027382
19904,4.409052156100041
19905,9.998413309947383
19906,7.180349871854252
19907,9.085348548839779
19908,5.275992877384868
19909,6.265790579358471
19910,6.115220544940299
19911,6.012962098274695
19912,6.339999738037392
19913,8.02672205917776
19914,4.26683157621586
19915,6.416745756630839
19916,6.674578212722002
19917,5.482596719482356
19918,4.4483524836575326
19919,8.205427805042076
19920,7.958192734181838
19921,7.685725071536818
19922,6.947169172852926
19923,7.274297782843606
19924,7.121234951480422
19925,6.529699328709311
19926,4.140027147700789
19927,6.964831269239815
19928,7.098722855611119
19929,5.470752412937754
19930,8.023877173651027
19931,4.590739410781024
19932,6.749943123782802
19933,8.35787811679388
19934,7.7490057637401435
19935,5.013250927761105
19936,8.412677034763137
19937,8.111426388312601
19938,2.7627975702545986
19939,8.189511545438174
19940,7.586387330014415
19941,8.86309670103389
19942,5.006412374826984
19943,6.844603892267972
19944,5.866792652127579
19945,3.691875559397057
19946,4.524567984414774
19947,1.7079453765759485
19948,3.2591549537626205
19949,5.558161991150188
19950,8.530373163108726
19951,3.8399335990486394
19952,4.13572934330204
19953,5.7276640819779985
19954,2.09546623735222
19955,6.0079974988480584
19956,6.943620634729887
19957,8.546326798017528
19958,8.06930292185714
19959,8.49257505248158
19960,6.034052830626307
19961,4.250128535033395
19962,4.649037793146741
19963,6.478851439763565
19964,3.435286338904869
19965,5.54544732765606
19966,2.3410370849020454
19967,8.648850754198149
19968,4.652937252938987
19969,7.014184748419538
19970,7.34498649534149
19971,5.291708300624629
19972,6.384942793994983
19973,5.556102197243549
19974,5.543295047550295
19975,2.1398145468201433
19976,6.016271505123802
19977,3.128316758446315
19978,3.8646439670834054
19979,6.977461061808354
19980,2.8985707319799383
19981,5.736266321370051
19982,7.272702584231948
19983,6.512177772843269
19984,3.94510304291965
19985,4.932066352434785
19986,7.668521023267023
19987,8.476623437962783
19988,4.950436712731837
19989,5.039424595784898
19990,8.577324675279312
19991,4.269223119940731
19992,6.623412125527271
19993,6.14540082844055
19994,5.946935525695314
19995,8.425008005365614
19996,6.924265118190682
19997,3.491978346359616
19998,3.8798197051692185
19999,5.285908662956473
20000,6.89712251226693
20001,8.732845627510901
20002,6.171643126525222
20003,3.4416370119738673
20004,3.412540549030298
20005,6.06830508975475
20006,4.341175549216137
20007,5.346779032101486
20008,8.469741734746945
20009,5.6506514377293104
20010,6.594706611686666
20011,5.622633563746435
20012,2.8842623662602387
20013,7.065221527756987
20014,1.629889318293652
20015,7.7433380640377365
20016,4.386687815879734
20017,3.6632128077057056
20018,9.97806289328146
20019,3.794622968830636
20020,5.491590397611254
20021,5.13127343192515
20022,5.753030978174704
20023,3.566121590214172
20024,6.335669425865094
20025,3.09977558029126
20026,3.894798767815523
20027,8.281801627636609
20028,8.398603223764454
20029,7.153414877294717
20030,3.0451871570719886
20031,6.7854743624703175
20032,5.382205544728962
20033,8.720484743608287
20034,7.892907219710767
20035,4.75764348331508
20036,8.030376603438393
20037,6.0709785747841885
20038,6.1114687718702205
20039,7.835716740255608
20040,7.1914413851168915
20041,9.527642137769728
20042,8.406822368376243
20043,4.835677380694005
20044,6.870407735787486
20045,2.6864611938783347
20046,5.892383266974685
20047,4.434638348862707
20048,7.340003816165449
20049,3.0962035026897565
20050,3.7246770869886006
20051,5.624259058646018
20052,6.760456027427471
20053,7.3499807452064445
20054,5.157871394673053
20055,4.104860113127998
20056,6.57044864813935
20057,5.4261153087727525
20058,5.734315122447809
20059,6.817025383679416
20060,6.216213136448221
20061,4.877771457552105
20062,5.348442525104544
20063,6.102224750073066
20064,2.0125069318242765
20065,5.397951300862801
20066,5.349167027269334
20067,8.699414347486963
20068,5.498241997870434
20069,4.999589672941631
20070,3.652994753431905
20071,6.863403612049036
20072,6.145348463486613
20073,7.503232377143332
20074,7.654663433051455
20075,6.7207356554571245
20076,3.0876741948238022
20077,3.781691115050427
20078,9.247043403114612
20079,6.256947852703051
20080,7.437838331455241
20081,8.743490089048553
20082,6.334822979336007
20083,4.4712542005685565
20084,5.601292638577538
20085,7.235067859709773
20086,6.932485740653337
20087,6.841159289817358
20088,5.947503111909709
20089,3.6884531881341203
20090,2.871321059564669
20091,6.294920841345738
20092,7.949581321434598
20093,7.270286410339831
20094,9.457117844651691
20095,7.708071507060818
20096,8.067584632294857
20097,4.892143992077402
20098,7.752103863256567
20099,4.008605855644294
20100,4.9992043585974395
20101,4.669965952610802
20102,4.027120144664421
20103,4.1645667054670685
20104,5.8378050785416224
20105,7.85820504451411
20106,3.78859937483721
20107,5.013373840173968
20108,5.767529543700054
20109,4.13993867247762
20110,3.5799297606569147
20111,8.261465466560441
20112,3.537935668936722
20113,9.652134049294329
20114,4.286372431184792
20115,4.877316166681934
20116,5.255253813121486
20117,5.076351299767028
20118,2.9553217840685715
20119,5.406174533921876
20120,6.9362483743929975
20121,6.493372689360008
20122,7.010243943348098
20123,3.4793256353596904
20124,2.650182966446851
20125,6.926497475716497
20126,7.491853220070274
20127,3.3941869716703623
20128,6.860601628080339
20129,7.748281870306623
20130,3.7139193961434516
20131,5.839772163257336
20132,6.775802381624432
20133,6.385337364962192
20134,5.5975140044906695
20135,8.865702312889136
20136,5.607052835131133
20137,5.286797583181623
20138,3.6114080368569064
20139,9.398222075908727
20140,2.225508111645135
20141,4.219480097284077
20142,6.011056534923912
20143,9.35073616643339
20144,5.60895091464366
20145,8.096769290412453
20146,8.551885478024886
20147,4.973661142904858
20148,4.787383642260135
20149,6.074016590417291
20150,6.299520145659952
20151,1.5952256171224344
20152,6.114585566555567
20153,5.247355185336981
20154,6.8681101416311305
20155,7.128120431382558
20156,3.139433077386069
20157,2.6372354177863775
20158,6.213046161570489
20159,6.216491083043562
20160,2.4833296962090925
20161,4.494382778723833
20162,6.465490487793952
20163,4.635016630056789
20164,8.351193397090796
20165,9.513333979723996
20166,2.1741696834701685
20167,3.5269420631642467
20168,6.872099705668674
20169,7.820893953296074
20170,5.641899434347372
20171,4.624989950182744
20172,4.488267965978048
20173,4.629629451758078
20174,3.529992979152353
20175,4.96445030454298
20176,7.804908625504504
20177,8.696059319971859
20178,1.9359984405993629
20179,7.993854999398108
20180,6.011250131353448
20181,8.612260341649854
20182,5.672310746760116
20183,8.650731747541863
20184,7.05665720008181
20185,6.366860913214697
20186,6.521456154192151
20187,6.435972802420409
20188,5.7873129880263505
20189,3.0341762427856147
20190,4.201751475534299
20191,5.7420848265986795
20192,8.425820816016724
20193,7.390832778430942
20194,6.370056350504365
20195,6.978836625184056
20196,5.492640543561363
20197,6.571848043868667
20198,7.544425387934368
20199,9.09832363221542
20200,4.738852850273384
20201,8.377325348830556
20202,3.1509691235336716
20203,6.6625707821029945
20204,4.76501131861351
20205,7.198438294718177
20206,5.147755167460813
20207,5.995952365870208
20208,3.295219437921321
20209,7.008770846908716
20210,8.518331647633941
20211,5.902693626809301
20212,4.27178700249239
20213,9.03293133544223
20214,4.4807765180174215
20215,2.694063398591209
20216,7.263106774671995
20217,6.620387310361252
20218,7.133342177332535
20219,6.290136510080144
20220,4.454891258458969
20221,5.749808712564773
20222,6.88374642340177
20223,6.2436885639720385
20224,5.7935970109701564
20225,5.356314180918007
20226,5.3110611463281945
20227,6.3736917634628245
20228,7.86454145732319
20229,7.72145544509265
20230,6.140195166078741
20231,8.046373119474922
20232,7.184866912321456
20233,7.193072588383009
20234,8.859313205634376
20235,5.179573877335011
20236,6.815921921572891
20237,3.80357455436028
20238,6.655823246095411
20239,4.748589315521784
20240,5.092116911824313
20241,2.117805674897608
20242,7.034725084476764
20243,3.731226473600633
20244,8.310273777466978
20245,6.575461581828739
20246,7.031398494174335
20247,6.246885236986733
20248,6.041832534184328
20249,2.3863013431489075
20250,5.782575824033849
20251,5.172593670060465
20252,6.745712974936572
20253,6.685710917199275
20254,3.131424495443354
20255,2.518883646591194
20256,6.000196540860177
20257,2.371606518764943
20258,1.682344459021777
20259,5.227631463424356
20260,7.940536822882244
20261,2.9024173773666933
20262,6.19518332146467
20263,6.447714447063687
20264,6.43691176423351
20265,9.290760323017627
20266,3.4033431287312013
20267,7.3811449145372565
20268,2.747913516190818
20269,5.024209104403277
20270,6.022753529032492
20271,6.601937518017806
20272,5.600975546813012
20273,3.8766931053846143
20274,1.4854176866431534
20275,9.998947421333353
20276,6.834947451440949
20277,5.8464694692184445
20278,4.500687669853955
20279,9.768124728894321
20280,5.41253891401687
20281,7.012188138022021
20282,6.870277496947944
20283,7.561447685062481
20284,4.147605742411106
20285,7.746893578200444
20286,5.918856740758015
20287,6.587123156448993
20288,3.726000269685629
20289,5.344270739382804
20290,6.179551034277541
20291,5.209860877358836
20292,6.306757120608792
20293,7.723588905661508
20294,4.522851102054404
20295,7.021775357583398
20296,7.155304691853992
20297,2.9545324343143524
20298,6.495089538951143
20299,4.701337886149848
20300,6.1235247139941915
20301,5.187272377679046
20302,6.733752716397996
20303,2.290560143738987
20304,5.57267223436337
20305,8.611163740408225
20306,4.794072235370482
20307,8.546857472396587
20308,4.377830328128792
20309,6.089756514465921
20310,5.861710774481662
20311,4.591491590829056
20312,7.106886001259783
20313,8.21342164011794
20314,6.1979548558692095
20315,6.718989603686488
20316,4.126776585839976
20317,7.411240672541533
20318,4.9471709622368
20319,6.9151140574952645
20320,5.855231484654833
20321,6.429056786135552
20322,8.032789682183525
20323,7.850427552240267
20324,5.177439505114409
20325,4.939543741578989
20326,4.69090324775766
20327,7.4451180515975395
20328,4.254085739689421
20329,6.712964947029533
20330,4.323329797671096
20331,5.780185067596548
20332,7.2774570756598465
20333,9.671900819950718
20334,6.88276165280219
20335,6.449073721550008
20336,7.537087501763635
20337,4.088868043562047
20338,3.365033386073293
20339,4.908341584363219
20340,4.65257770024968
20341,7.368911022471612
20342,5.9914857799994845
20343,8.021436075401564
20344,5.897582959771278
20345,7.459425818551385
20346,7.287765723744826
20347,4.505436727272286
20348,1.9925738835508988
20349,5.934392575685294
20350,7.10706882270829
20351,6.905055616031682
20352,8.190027198208714
20353,6.600156817872959
20354,5.417078865484818
20355,8.237878677291397
20356,6.399540150017005
20357,4.334756223624153
20358,6.460661304713627
20359,8.382609217451977
20360,6.466277425154091
20361,4.375016027095038
20362,3.500433735018092
20363,2.6753889859313658
20364,5.836740475139192
20365,7.577174124186717
20366,8.209972121544531
20367,5.730472890181206
20368,5.384422788475376
20369,9.28523410990304
20370,4.285537459404449
20371,6.01997292341633
20372,7.459895793693863
20373,7.18575631076318
20374,1.8633137515017602
20375,5.190238427571371
20376,3.692866613062416
20377,4.560041466108804
20378,8.118286100321871
20379,4.578395039919622
20380,1.5089656059140661
20381,6.743732273514121
20382,7.497646643038704
20383,8.913936247171396
20384,7.701967397453826
20385,5.340376459976315
20386,3.824614750716525
20387,4.81914226702776
20388,4.041678954158872
20389,4.1900088230295385
20390,4.734020765899763
20391,5.693900419754318
20392,6.926191487342845
20393,8.845223724985946
20394,7.982172110920461
20395,6.735348043338499
20396,8.259149085995821
20397,3.522932095379604
20398,3.6709936629478386
20399,7.8845506124262075
20400,5.448269102664324
20401,7.4029641300137685
20402,7.628419569816323
20403,6.374461244601239
20404,8.989132841399963
20405,3.167852087254994
20406,6.643119021609212
20407,7.073950649887452
20408,6.05670667924103
20409,6.063592229375806
20410,4.934058187794305
20411,5.480494435846299
20412,6.701683644031481
20413,4.505267452462459
20414,5.346518302578736
20415,6.530582720696546
20416,7.861119866010848
20417,7.147323723006123
20418,4.240518158935322
20419,6.356622605718033
20420,5.932647193624053
20421,3.6293842766177598
20422,8.34562908391491
20423,8.217073666549577
20424,7.345074822972019
20425,7.723392006242948
20426,5.307325328550709
20427,4.941588884465451
20428,8.736935138160186
20429,3.796111104981992
20430,4.591186411198486
20431,6.1452072117936085
20432,6.531913145052428
20433,7.28180566580645
20434,4.584732380244243
20435,4.767070103354764
20436,5.263071750405835
20437,4.731171293193524
20438,8.357370397523045
20439,9.291855412044967
20440,5.303893178690652
20441,6.875679356988203
20442,3.8312838735326684
20443,8.111007865122422
20444,6.165084111671577
20445,7.134600911738948
20446,7.393156042818498
20447,4.27557685026113
20448,3.3091719450884964
20449,6.697666911936116
20450,4.7890346755556354
20451,6.394811715251667
20452,7.600132676283328
20453,2.9542290615987854
20454,8.69823231921946
20455,4.516370285910904
20456,5.760936813594862
20457,3.1222284194986565
20458,9.19426337273107
20459,9.00735283194923
20460,4.645479517753401
20461,1.4493051602084834
20462,7.160467433504927
20463,6.439385724998812
20464,2.917235037985386
20465,2.82613671131926
20466,9.415412793489867
20467,6.049923221399912
20468,5.387334544518696
20469,6.234510995694621
20470,3.6686565628082506
20471,0.8416289687481925
20472,5.399578522075785
20473,4.887043201379261
20474,6.785553507305425
20475,3.8570459047663945
20476,6.342186880318761
20477,6.001647033135171
20478,2.440822377147853
20479,3.553965863024305
20480,4.10976866873644
20481,9.153910401455633
20482,6.591196193681005
20483,4.872415826208171
20484,2.0539205465626345
20485,7.520499092371274
20486,7.595209014213556
20487,4.7570770435301375
20488,3.1577662017667785
20489,6.828966996531051
20490,4.282131891710024
20491,3.8746325891774367
20492,3.7014098884656255
20493,9.822193927336018
20494,7.562601578773927
20495,3.1254558761336346
20496,3.6067317337314675
20497,7.850253319764865
20498,2.324710541764115
20499,8.475368462985106
20500,6.1799228697483155
20501,8.4217846317393
20502,3.8528009270515398
20503,5.91173912693836
20504,5.710417714856456
20505,5.713404764772951
20506,3.7673303970143848
20507,7.837534909064255
20508,8.436216877626078
20509,6.388602729536903
20510,7.79537986532255
20511,7.4216365977783
20512,2.921383431121046
20513,9.425692814187112
20514,1.5449101765517113
20515,4.402045491449782
20516,1.9947626203769162
20517,5.083391662636735
20518,3.7190567238311254
20519,5.705052450375044
20520,3.412636052338147
20521,6.767002933243785
20522,5.805776409313653
20523,4.220077154893618
20524,7.592904373640712
20525,6.474240449065734
20526,5.142097673778412
20527,5.496626281391018
20528,7.857377208175589
20529,5.268550812826791
20530,7.459984840839051
20531,6.19016614828134
20532,3.1187989913860372
20533,5.864379025592532
20534,9.263160437183378
20535,7.491338266497037
20536,5.710315915533529
20537,9.317129947687613
20538,7.1415196899861275
20539,5.352141287065939
20540,5.111397377392846
20541,6.076783105311118
20542,8.003704096752553
20543,6.356962144098705
20544,7.28651172980221
20545,4.893320802072643
20546,5.564785441912184
20547,4.329956751113909
20548,6.099211264283025
20549,7.083374650184228
20550,2.3860953296294083
20551,8.47213210538707
20552,8.323617831379478
20553,4.8816540249157505
20554,7.527705074146967
20555,9.374631388759294
20556,8.35608417763946
20557,7.3342624365711675
20558,8.589769171317892
20559,7.424786704882604
20560,9.9899434706442
20561,2.861385937491744
20562,8.207124424169754
20563,8.491461964588968
20564,4.230108191293089
20565,9.028420704716037
20566,8.12837830703064
20567,5.236082352341365
20568,5.153450944399896
20569,9.125610222116052
20570,2.5624382359194917
20571,6.005467160309896
20572,7.317243511239243
20573,8.052697309236413
20574,4.05358586316717
20575,6.749972121647564
20576,8.78411414893611
20577,9.34736034948729
20578,6.265829451664506
20579,6.903982467680146
20580,4.883290969304747
20581,6.334275850809971
20582,9.46987708191365
20583,6.729148924722854
20584,7.042694932777492
20585,8.072773270192256
20586,3.8799991308245305
20587,5.379217236292303
20588,7.474186179176764
20589,4.1181785464958285
20590,4.176140653464364
20591,4.819678424413885
20592,8.738449229526381
20593,5.915836403932888
20594,6.414229483907354
20595,7.7223123549426615
20596,5.238866104518749
20597,1.6814143113873066
20598,5.815687665471983
20599,6.547540424183914
20600,1.9777217956199962
20601,4.2049093134308375
20602,2.43726950767014
20603,5.401522171476712
20604,5.633288163048893
20605,6.909235597350774
20606,5.517883800782233
20607,4.310590182082862
20608,4.1497863652459674
20609,9.101703695268013
20610,6.518519650477056
20611,9.636585666872751
20612,5.8684271046492835
20613,2.8539649569254886
20614,8.742502233642005
20615,6.514319663286139
20616,2.096082238522484
20617,5.401797693650616
20618,9.662300669066738
20619,8.966594858610321
20620,6.485119386995505
20621,6.497154161279101
20622,3.548510296288105
20623,7.163304653071835
20624,7.331668605828133
20625,4.690216857500834
20626,7.160232743664548
20627,9.251293167350491
20628,7.336011928650694
20629,9.634923100988937
20630,8.32221370914085
20631,4.612293558072714
20632,4.553946182359068
20633,7.117834596499934
20634,6.708151429603907
20635,5.943981779204238
20636,5.750924367382273
20637,6.8288423256120385
20638,5.381019736253935
20639,3.655715401211231
20640,6.210331870022145
20641,6.819059714216675
20642,7.790714605586149
20643,4.045871545804962
20644,5.072149974555141
20645,4.281984620737413
20646,6.44992756772447
20647,2.7127006150850668
20648,3.69988734542403
20649,5.103899621651323
20650,6.093553839939952
20651,6.758838518984254
20652,7.381162490875406
20653,3.5045745403993736
20654,2.414582337056845
20655,5.924789821445783
20656,7.502840088531178
20657,9.492375469447158
20658,8.413083807924336
20659,3.7277551240636186
20660,8.092689021079257
20661,8.212279188444743
20662,2.4331276893321894
20663,8.972399020587918
20664,5.6125409423286365
20665,5.71298075478922
20666,5.197124711965608
20667,3.1262626343577726
20668,6.928552207548091
20669,6.6818132696207595
20670,8.039292606788702
20671,5.040072163238695
20672,6.897603212272318
20673,6.108768428419962
20674,7.9261772979978655
20675,4.306057351550211
20676,7.404728733162921
20677,8.018525301336599
20678,7.6890347178691325
20679,2.5637346971340302
20680,8.450300701691413
20681,3.549983077103876
20682,5.8234067279003785
20683,6.981837354907208
20684,4.1701650984717515
20685,7.049123967316428
20686,7.565878457622712
20687,5.873040273865944
20688,7.441032389884397
20689,2.2124353637484915
20690,7.409578099211535
20691,6.773481577498731
20692,7.260267031297256
20693,6.706968626226124
20694,6.9664686795641915
20695,6.07899248369188
20696,4.669225332985225
20697,5.3770540781602865
20698,5.209539513987237
20699,9.458205599760161
20700,2.493067570717501
20701,6.715089746078694
20702,7.975750448312273
20703,7.973704726463455
20704,7.026950403115751
20705,7.893213223226807
20706,6.3947558473605906
20707,1.4773071896368681
20708,3.5962615449568185
20709,6.752640420052589
20710,8.294405146727751
20711,5.019019158919629
20712,5.428159517753204
20713,8.963994704764552
20714,8.495459434390632
20715,7.465088400219038
20716,5.964784708336418
20717,3.765989107050043
20718,8.750614506992346
20719,5.546344288143993
20720,7.223808416161494
20721,8.913485475991425
20722,3.0891909116624268
20723,8.716373535899994
20724,5.690681754387755
20725,2.9782088331167005
20726,5.573907396308494
20727,3.2841082494823923
20728,5.640595217849922
20729,5.432838372958704
20730,5.331150573506596
20731,2.327607077797599
20732,3.4823554418385365
20733,8.241961901330843
20734,8.673093885345628
20735,5.330394016755482
20736,4.293351609332502
20737,6.384113639075445
20738,5.066494968456448
20739,4.310674144125004
20740,4.530270862795198
20741,6.733194877252586
20742,6.211727047295818
20743,8.22720828140374
20744,5.429971840215224
20745,7.3854771996513
20746,3.94891874593779
20747,4.462495918783841
20748,7.757092445030132
20749,2.1546573126514295
20750,7.176757542556541
20751,3.9466986356161384
20752,4.6181176754840845
20753,8.68597093575024
20754,2.474060902168266
20755,3.1154578334805225
20756,6.585865224188853
20757,8.221773424381748
20758,6.741974626667462
20759,6.567091417675448
20760,5.9317033396130965
20761,6.306764438701448
20762,4.059281295126544
20763,6.345087965988592
20764,4.757317436021988
20765,9.613319740293877
20766,5.39087943597597
20767,6.105589614691913
20768,2.89738172256516
20769,8.584396569503335
20770,4.509946346149659
20771,5.473691443129171
20772,5.418815812730303
20773,7.962016347739473
20774,7.737257038040292
20775,5.195428201353488
20776,8.87536819908386
20777,4.4044273944009
20778,9.427078198990595
20779,5.183704845431413
20780,7.490434314930456
20781,8.222068249087965
20782,6.83244010018291
20783,5.520211334092869
20784,7.56065517667416
20785,5.938978801823079
20786,5.006210030215204
20787,2.444130612010347
20788,6.699810407832691
20789,1.5780964356915823
20790,6.10076872099938
20791,6.602813708178208
20792,7.479783532917703
20793,8.05719603010156
20794,7.60096354476587
20795,5.012868912215618
20796,7.085256407054388
20797,5.694177818504881
20798,4.367916917999852
20799,7.453653965293595
20800,5.238186424258631
20801,6.411852005611136
20802,6.506390827622413
20803,4.204279199093171
20804,5.828169467204911
20805,5.630634734470165
20806,5.709073093131538
20807,4.990371713290232
20808,9.582227696209928
20809,5.471483196875089
20810,6.838869064185855
20811,7.381359341206695
20812,9.104880785702047
20813,3.192171349087109
20814,8.37530512439625
20815,6.921130148691441
20816,7.349689725221495
20817,5.761707863919975
20818,7.46843060413571
20819,7.413171474653927
20820,6.672428325789369
20821,7.889492869444275
20822,5.80830136319198
20823,3.738536973461553
20824,6.549482364777826
20825,6.975130275876258
20826,7.855779892545274
20827,8.56528271049704
20828,4.76275804673212
20829,7.785632837395179
20830,6.565877918185523
20831,4.472013370759198
20832,3.1467337241939366
20833,3.4054939367560473
20834,8.234948612827857
20835,7.3051106933151875
20836,8.259634381722007
20837,6.44446178316844
20838,4.573930693328196
20839,4.669830356995983
20840,8.562821216395808
20841,5.788678522448438
20842,8.520036132308764
20843,5.247909391682878
20844,2.4527027171596933
20845,5.694612910069816
20846,7.259485891273634
20847,6.454343805034624
20848,6.760906545851614
20849,5.016273498238974
20850,6.737538867370683
20851,5.32457921045126
20852,8.022105802938466
20853,6.131290682899314
20854,5.9616872075370315
20855,1.8000826395714629
20856,5.854646930559707
20857,5.879326140267809
20858,5.0017192582070304
20859,2.016894108308486
20860,3.101160781713846
20861,6.7746550217990915
20862,6.012350618985148
20863,5.940924955400346
20864,4.624811742172878
20865,7.249304955286256
20866,8.256354600169308
20867,8.24777571621161
20868,6.405159694097591
20869,6.85767587166526
20870,6.763311082162576
20871,6.198838701308912
20872,9.100351270375887
20873,6.774508034652915
20874,6.463062440088562
20875,4.453822475815622
20876,5.081867517484996
20877,8.278371400552153
20878,6.361116894645091
20879,5.816741172127357
20880,9.998000105817505
20881,6.470121246796252
20882,5.803183687893784
20883,1.5951930028847847
20884,5.619072012164402
20885,4.210670501889882
20886,6.399987586549373
20887,5.748128208857466
20888,3.9277287860043613
20889,7.758893503699319
20890,4.978934380090384
20891,7.91851789887391
20892,4.685634117568439
20893,2.6512864869911814
20894,8.151689434586572
20895,7.98519435174606
20896,5.816983212627649
20897,4.816233812943529
20898,5.098140421732135
20899,2.9004546726656564
20900,5.4815806730785726
20901,6.656980524322421
20902,9.526587574555425
20903,8.074615658638312
20904,5.4823674719384
20905,6.32043513729126
20906,8.619380391211186
20907,3.0825701918474397
20908,9.035228647915073
20909,5.215667126211341
20910,5.528066503642598
20911,4.104412525122974
20912,6.525286440679514
20913,2.9476490880837987
20914,5.473195069534932
20915,9.146550741041352
20916,2.9233004693504836
20917,2.5931710274938533
20918,6.637635578147032
20919,3.3758496637564477
20920,6.965902693604335
20921,7.1483407275793835
20922,3.417014605235353
20923,3.963070162665793
20924,7.787313413344732
20925,5.62674270122611
20926,4.751933479322498
20927,4.323652337954978
20928,5.984265485735735
20929,4.338957377517427
20930,7.064800750082876
20931,6.84491284811313
20932,5.0043918924127295
20933,6.102071902151254
20934,3.8811049108283973
20935,3.2589361369442464
20936,6.943804747494182
20937,8.05133635759901
20938,9.926649489853006
20939,9.262349293990567
20940,9.998413309947383
20941,8.408457987214529
20942,5.622387671252211
20943,7.268987751406709
20944,1.621944175703889
20945,6.717192570789588
20946,7.600333468477826
20947,4.374943645220464
20948,8.151272029291372
20949,7.045771895628993
20950,3.2982701981305786
20951,5.280231851337317
20952,8.538114958328382
20953,8.353387492128293
20954,1.289099583531601
20955,3.65614968395422
20956,5.000845098154628
20957,6.21856364927429
20958,7.713671027204353
20959,5.623967780227373
20960,5.167460332315164
20961,4.273966081237608
20962,6.319185916085447
20963,7.9080195476623745
20964,7.367144130484597
20965,2.6883807719275836
20966,5.141763079035549
20967,3.470688496336259
20968,2.7954047473199894
20969,5.320428097353469
20970,6.8948045908937114
20971,4.303702796558602
20972,6.89425013864066
20973,6.5322328375045515
20974,7.51758723595597
20975,7.760655368829636
20976,6.267374969210479
20977,3.9885728211206617
20978,4.730368934000955
20979,5.442328429260071
20980,5.86746683121468
20981,5.299477445651273
20982,5.624619537646702
20983,7.9089122053065
20984,5.847310879820518
20985,6.788038189498076
20986,7.729834369351852
20987,6.033491284287391
20988,7.081210721554856
20989,9.601149638560063
20990,8.921334258533406
20991,7.202468445075468
20992,5.269273533163868
20993,3.3185203543265844
20994,4.928328624827085
20995,4.723557952162663
20996,6.881308012384977
20997,6.762855931762985
20998,7.821556441250266
20999,4.541780659148518
21000,3.78257456945461
21001,6.9193639596781935
21002,1.9839797755251651
21003,7.028468479242543
21004,5.5882836946654875
21005,8.387856106380786
21006,5.353749250145034
21007,6.542949968284139
21008,4.6559188899574835
21009,5.996128869590164
21010,6.339533457518172
21011,8.150710406762963
21012,6.448030936675136
21013,6.577615355945895
21014,7.808507814318351
21015,5.520579399253242
21016,6.873957107711078
21017,5.205425271347986
21018,5.709730117756015
21019,6.0750802180489005
21020,5.936380121791499
21021,2.524140158932655
21022,6.85255914077064
21023,4.061946168939643
21024,7.540214341953764
21025,4.8345002890790765
21026,4.678287899954081
21027,5.37158977246686
21028,6.4691812826942625
21029,4.046779403707468
21030,2.5185554645496095
21031,3.8293835978846813
21032,8.203161848845433
21033,6.400556118183109
21034,3.755173275740181
21035,3.3997606688018296
21036,7.289177362908674
21037,4.328737365567568
21038,6.004795106019564
21039,7.436958264729967
21040,8.923865312557272
21041,6.810345612929368
21042,4.759670259750919
21043,4.651070593678833
21044,6.4814604216504375
21045,5.736285421306991
21046,7.899079766681693
21047,4.485717097685066
21048,4.417536203274306
21049,3.6977181696478723
21050,6.748262645751389
21051,4.680907244406666
21052,5.388185009450633
21053,6.7498439938971675
21054,5.081439892577563
21055,8.075011589855318
21056,4.751861547203028
21057,4.3061950668278755
21058,5.910701686147704
21059,5.142318416764622
21060,3.880267024003416
21061,9.249635567028054
21062,3.2096946599938527
21063,3.08689254712352
21064,3.070016097514324
21065,6.211131028560915
21066,6.056976835024875
21067,8.982387427421672
21068,2.708798288171736
21069,7.101604726768146
21070,2.2391720680886023
21071,2.3996731194512346
21072,4.254300748022262
21073,2.303717371464455
21074,9.360983684705083
21075,6.785637038629704
21076,9.534009683078503
21077,5.949827422407884
21078,2.0278523493817078
21079,9.021320238899815
21080,2.755603438486996
21081,5.947914939208873
21082,7.939355509314154
21083,6.67421745908761
21084,7.326343313676974
21085,8.756357881891386
21086,8.417657983453125
21087,5.504232109346434
21088,4.221727806944459
21089,1.8357734362955043
21090,3.0720796981403264
21091,5.3533437836638615
21092,5.003725040233358
21093,6.046102911981743
21094,7.683696555151679
21095,7.901085155211466
21096,3.91606155664331
21097,4.196066123994134
21098,4.782639891079049
21099,5.300340502286711
21100,5.358613547460264
21101,6.045693893899033
21102,4.852435678484862
21103,4.6441428219619425
21104,4.70299156150471
21105,2.284560578254807
21106,4.405802969351432
21107,5.700361478148189
21108,4.521117344571423
21109,4.656582898276691
21110,7.980871892363103
21111,4.975783393765701
21112,8.246538592744564
21113,7.040201564527225
21114,4.837694044332456
21115,5.462811433443822
21116,3.0799936198554168
21117,9.051673649226379
21118,6.728035330191824
21119,6.41726658926878
21120,3.1952937380602737
21121,4.218768343852125
21122,5.860475050189582
21123,4.936924899640525
21124,7.377958408495485
21125,5.92423538192139
21126,2.9252797472497467
21127,6.977284089872166
21128,7.943407792406124
21129,8.108983446127567
21130,7.698263809234561
21131,7.386836227766645
21132,5.989224289656286
21133,6.583855437705468
21134,6.2262789243362935
21135,3.5332966193120128
21136,8.072439644209094
21137,7.708710549454902
21138,7.06984274994858
21139,4.681628319786959
21140,8.372672983700307
21141,7.317548673879219
21142,3.0433140135989767
21143,3.509543537156501
21144,8.58261262426293
21145,5.627638402291567
21146,7.8053792288491035
21147,4.898871344800115
21148,4.994687272100163
21149,6.689749148247344
21150,6.038561269556301
21151,6.214684286062728
21152,5.307709972926074
21153,7.338045115438459
21154,8.297788158783117
21155,2.8188769551642943
21156,9.10107194050188
21157,6.536689742453278
21158,8.141213539174968
21159,7.849490736504795
21160,7.115714857018508
21161,5.809505814542723
21162,3.9636079134869098
21163,5.02351366297629
21164,7.6367969668515086
21165,3.311666260166914
21166,7.060233619111838
21167,7.519851996170277
21168,5.3757054010167495
21169,6.951667665188781
21170,5.050567316440361
21171,8.374750686603274
21172,3.5897386208681525
21173,5.504618814943236
21174,5.102261672022144
21175,8.060322184538007
21176,5.50143584656505
21177,7.096340192426939
21178,6.114947435882819
21179,6.625467073259259
21180,6.1911498899718085
21181,5.868915733668137
21182,4.21902356451443
21183,6.589408845413239
21184,4.965772252603591
21185,5.780704660285091
21186,5.992696602082439
21187,3.5524915908362247
21188,7.828227227746105
21189,2.8652807530465494
21190,7.547006953543814
21191,8.105401378101572
21192,5.760912528724125
21193,7.693857713623217
21194,5.614036612924498
21195,7.254525404466833
21196,7.340359300429857
21197,7.204680525637187
21198,8.587342845995247
21199,2.0445072258345447
21200,6.286700409591605
21201,6.756168780207709
21202,9.114036376420435
21203,7.739732254194597
21204,7.559099568175752
21205,7.582557515223049
21206,7.325172430670345
21207,9.110354409379525
21208,5.869786931030424
21209,6.931811315672197
21210,1.0997140634865321
21211,6.556061763072935
21212,8.858405775639676
21213,4.219341981323424
21214,2.8969286287771956
21215,6.996412172003462
21216,4.410783629681019
21217,7.131144872399572
21218,5.725159351019885
21219,7.044617103034466
21220,7.835071988020372
21221,9.231138251160797
21222,5.8415685558770525
21223,5.812506569567614
21224,3.1845647845628724
21225,8.021918994391495
21226,7.163366208466739
21227,9.110007905667555
21228,8.923661963554371
21229,6.291713663793859
21230,6.093111586730275
21231,6.177583928661532
21232,4.139778330612934
21233,6.405294532304493
21234,5.001898106613637
21235,8.185331923308086
21236,7.29602609742507
21237,3.4660537705572856
21238,5.981647739876126
21239,5.877648752667736
21240,4.996235042922616
21241,4.161429968249922
21242,9.90388128455518
21243,5.727724426325656
21244,3.1501171613778007
21245,6.1494021596399975
21246,4.689259226863806
21247,5.9178970031958915
21248,6.178436538067923
21249,4.21712990697455
21250,3.871602711358952
21251,6.827867233023848
21252,5.7735201974485575
21253,6.287861111726285
21254,7.829497644004341
21255,5.653547550644765
21256,8.20459628200463
21257,6.762518446420245
21258,6.236123608128374
21259,7.630511694600787
21260,4.689202711071254
21261,1.8230978151013044
21262,4.934393820699002
21263,7.127330965921109
21264,7.689278358712846
21265,5.460612037520884
21266,5.584978763456294
21267,3.1311422593963667
21268,5.376320630734837
21269,8.006324949467404
21270,5.969731055236548
21271,3.917985022255646
21272,4.094266819086665
21273,7.605626556923143
21274,8.236881213578403
21275,6.081533658794099
21276,5.273514595136726
21277,4.6107714917261635
21278,1.6380832336969273
21279,8.626844274925404
21280,5.909911723355021
21281,8.070962771353097
21282,4.2585184633870465
21283,8.096886718258983
21284,4.482050591933627
21285,6.2074951444470114
21286,8.695488370197713
21287,4.0551680986945
21288,6.3585078834606925
21289,6.959089349983127
21290,9.20770714217809
21291,4.760721338619063
21292,4.8630405827841905
21293,4.398520691629818
21294,7.042100885380006
21295,8.030306893487438
21296,8.121094792879534
21297,6.77361378261074
21298,1.1752185575288228
21299,4.730216701201163
21300,3.6866942632869715
21301,5.154174877627749
21302,5.963005985602476
21303,6.217712387478504
21304,3.5172758854268773
21305,8.357346290373817
21306,6.198539132529975
21307,3.779657314031249
21308,7.273379053730551
21309,6.509548944174748
21310,6.294002080051177
21311,5.775222415936146
21312,6.567179696748511
21313,7.16911235770242
21314,6.007149013247475
21315,4.510473577831371
21316,8.604168548425557
21317,3.4369416258685335
21318,3.138074252324967
21319,6.673387558517606
21320,4.040948292650052
21321,6.245853727901757
21322,4.352922610457946
21323,2.6740890104417865
21324,7.2627410297865325
21325,7.757300468904194
21326,7.967447184887904
21327,5.989430658998691
21328,8.083536199084719
21329,7.332670474164613
21330,6.5678942857136136
21331,7.8994232759887
21332,4.088150334865475
21333,4.051339439376106
21334,9.218826046397783
21335,7.739836956142598
21336,7.05497065922287
21337,7.446868646213053
21338,4.819414374659888
21339,2.778843442193483
21340,2.4589915026066533
21341,7.607642767084357
21342,4.415550178988494
21343,2.6801779387346016
21344,4.244047839452614
21345,4.626484168759262
21346,4.297411103581859
21347,4.124273272809449
21348,5.16993919254467
21349,5.309802825239362
21350,6.770181206097712
21351,6.18966047614424
21352,7.94321557449023
21353,6.5404074496526405
21354,5.488809409240701
21355,4.468667408781498
21356,6.722794265337188
21357,9.321398847784454
21358,6.7870781009253704
21359,7.589193547892935
21360,8.676633702278885
21361,6.204681836666869
21362,3.1173864269994467
21363,6.137916385148081
21364,0.5840731786465777
21365,7.030938191071033
21366,9.369407149922463
21367,6.5590752586794085
21368,5.697079001993034
21369,7.014497523510775
21370,5.375922811939382
21371,7.308594631039087
21372,4.954354767051079
21373,4.821647021165125
21374,3.758763042054226
21375,4.296046821498534
21376,6.778592420270766
21377,4.1925870703436585
21378,7.196319901329675
21379,7.915345858133963
21380,5.968572528404181
21381,6.998779859398654
21382,5.416431518809882
21383,4.947692826235633
21384,5.375699619349566
21385,7.358050436703064
21386,2.4218375268982766
21387,3.026335268415115
21388,5.098121061484873
21389,6.621528789677375
21390,6.340051287611425
21391,6.903591998974056
21392,4.726274664561491
21393,3.6346079783009406
21394,6.51419878573096
21395,8.015253306656007
21396,4.94696210132315
21397,7.896123330137752
21398,5.513265929606744
21399,6.656566673342303
21400,3.3044069819887705
21401,7.118283618610441
21402,6.240444654982225
21403,9.205170472781072
21404,2.8510263622146463
21405,7.748238149549385
21406,5.813190716026652
21407,6.164297083062912
21408,4.757986085615166
21409,2.3270298086961487
21410,5.902362801973334
21411,8.917563479572298
21412,6.451453458355353
21413,8.88861739575728
21414,6.685980985911942
21415,5.542369952899494
21416,2.7471796927084284
21417,8.226715232561872
21418,7.3479271155456445
21419,9.432719598795972
21420,4.269443973707046
21421,4.589090394090886
21422,4.181119290805134
21423,3.514100798628727
21424,6.946979301040791
21425,3.6374384106367295
21426,6.895590436640819
21427,5.3173085395587645
21428,5.925906579696165
21429,3.932795159586064
21430,7.491638671773579
21431,2.2016264880150342
21432,8.23935925474014
21433,7.972303403336694
21434,8.75778767963951
21435,6.31551844707266
21436,8.422446387513196
21437,9.373301798959453
21438,6.61006899515746
21439,6.389716953227047
21440,8.177677545585036
21441,6.334148533259543
21442,4.043588339804834
21443,4.029526957662495
21444,6.325242441955453
21445,5.842623070944231
21446,6.212743988550783
21447,4.656515932251189
21448,7.264203385119157
21449,5.31013635571354
21450,5.090212173639391
21451,6.158080460032333
21452,8.501451171481637
21453,8.635266425984732
21454,5.317548971440024
21455,6.665895628279783
21456,5.12604710020673
21457,9.382835939184643
21458,5.81939875497129
21459,3.6150793239177568
21460,3.9654390096095717
21461,7.139026579548755
21462,3.6155442883640587
21463,8.456161232472564
21464,6.593799599379663
21465,8.102115608299664
21466,4.91272715201666
21467,8.91299507441445
21468,5.62077288000007
21469,3.578164392506404
21470,6.388404002644904
21471,4.455008637218161
21472,6.708429929260356
21473,5.9973664984991695
21474,3.799390575154836
21475,3.27461065686216
21476,4.897967584354485
21477,4.21235252179838
21478,5.503242682019184
21479,6.516985098387269
21480,7.145993172537972
21481,4.227013100959618
21482,7.698267110408173
21483,7.80697020496058
21484,7.014138831113884
21485,6.138775821243509
21486,3.913360845954262
21487,7.734237717567856
21488,2.717469251509888
21489,5.950022984114544
21490,7.174301007889215
21491,8.472317692241024
21492,4.631272900391129
21493,5.839760066864596
21494,7.811445421615723
21495,6.74175971915709
21496,4.553956914721205
21497,5.664148945764583
21498,7.94228683345416
21499,5.368453578135151
21500,6.066986189789384
21501,5.104458346528126
21502,5.781235877770234
21503,5.377803805620024
21504,7.107167072760275
21505,5.082367106585104
21506,5.994182581870533
21507,4.723999294185799
21508,8.608833300022216
21509,6.762113695528451
21510,7.6842334710516145
21511,6.172185012351126
21512,6.466173329737282
21513,6.015718412641707
21514,8.976961000014118
21515,4.450609179847578
21516,7.019842423478728
21517,5.008395970395975
21518,9.033307134131508
21519,6.038740676831688
21520,5.187190675953711
21521,3.7747886978650107
21522,7.175589737685712
21523,9.808469681675819
21524,7.059622012001499
21525,6.788191463088393
21526,4.3487692487234195
21527,5.654649828609939
21528,7.8582224817311825
21529,4.913756285706588
21530,6.3589351701531225
21531,4.933381829920927
21532,9.839107025447134
21533,5.076358469793699
21534,4.199881377258148
21535,4.243275116727759
21536,6.370176390534349
21537,8.60725142821748
21538,1.8738431760293022
21539,4.104675781147345
21540,3.675476047359369
21541,6.297156446047408
21542,6.112994126730132
21543,6.494123846647732
21544,8.767920460528916
21545,4.536081807619611
21546,2.064548701281415
21547,7.067912922520952
21548,7.730790468066647
21549,5.057884513894733
21550,9.06943093564149
21551,6.634734785180504
21552,2.150349522574018
21553,6.45265223259902
21554,3.090192571803667
21555,5.530288342775757
21556,7.135190538067124
21557,7.004693461423417
21558,4.107185486149569
21559,3.2200676926734912
21560,8.818155692728805
21561,7.6876481064638735
21562,8.190575767781112
21563,5.039046367226227
21564,3.106233184394478
21565,6.0634592240306535
21566,2.893377995357724
21567,9.14958072475935
21568,8.236119455489703
21569,8.351043587859936
21570,6.186484593229951
21571,5.051579255671021
21572,8.52745384741517
21573,8.963801245151407
21574,4.13229214488351
21575,3.217410114487765
21576,8.19846332992455
21577,9.265822645288363
21578,6.936362731653557
21579,7.098585563506893
21580,5.954201981295503
21581,4.47301190773369
21582,5.015069623159562
21583,6.384296440446517
21584,6.17140505059101
21585,6.176631983832548
21586,7.105819433066425
21587,5.558182137591638
21588,3.5642420493694
21589,6.374615504806593
21590,4.57688608759663
21591,5.7561886911325875
21592,8.381324420060308
21593,8.430761431357835
21594,2.867228957492665
21595,7.379017818396013
21596,5.806003716703739
21597,5.206996138600781
21598,4.352951740153108
21599,3.6427044649500537
21600,7.74118149983925
21601,1.8028846698797136
21602,2.5290374173975274
21603,9.426658006352643
21604,5.114926105632525
21605,7.87420317680693
21606,3.4637697998883303
21607,4.825205302551739
21608,7.537092089128161
21609,3.977599663419059
21610,5.922909741744027
21611,5.382242878963809
21612,4.230729852175509
21613,8.307365660037792
21614,6.322117409197432
21615,4.53991196269113
21616,6.311823154225762
21617,5.524463018379555
21618,9.038267135896453
21619,9.281842291525827
21620,3.9122866242784857
21621,8.787127699332304
21622,5.655616391647271
21623,7.943645837240661
21624,9.137412061443133
21625,6.606202357062746
21626,4.996557281674926
21627,6.292879842098616
21628,9.950222094949382
21629,7.248666192689245
21630,9.254395029894763
21631,3.424348989104326
21632,5.351026948091942
21633,6.046516335243174
21634,2.6095823163673764
21635,5.805055798387962
21636,5.418762859383026
21637,5.217222888791286
21638,6.4528629684207655
21639,7.788688387923335
21640,9.561794775005794
21641,5.180234207349285
21642,7.999754312579586
21643,9.251588794548326
21644,4.586421283698954
21645,7.356371322275725
21646,4.422616297979362
21647,6.47572164743614
21648,5.719928307891308
21649,8.27301136631456
21650,2.90575009531322
21651,4.044756764864891
21652,3.903332990724908
21653,4.38752778876955
21654,2.941366641058637
21655,5.312840458144069
21656,7.845625578516132
21657,7.654771363795772
21658,7.445080371124573
21659,4.088163220642192
21660,7.457283461887431
21661,2.4846833023764057
21662,4.3649794771185295
21663,8.212525243996861
21664,3.4628417638774365
21665,4.830895490352046
21666,2.4051913821443507
21667,6.58286943078721
21668,6.070932815350923
21669,9.030299678609152
21670,1.5078176360836677
21671,6.714527331618866
21672,5.3924188119800025
21673,5.594584977660602
21674,4.042029292001374
21675,4.896478927514884
21676,8.052759865351558
21677,3.9135448719634938
21678,6.37772462647508
21679,6.446741745764925
21680,5.009678710982258
21681,1.7188028305502603
21682,7.227612195423613
21683,6.372780451266834
21684,6.004000787862387
21685,8.050270150018118
21686,5.513711655412001
21687,5.938805665604636
21688,6.75663838692041
21689,5.754789552129075
21690,8.865743185430272
21691,3.6844164606134777
21692,6.188938282200751
21693,3.8346357972655434
21694,7.367120739489408
21695,5.55443374035911
21696,9.847244748766766
21697,5.27958054448477
21698,2.589241647764048
21699,8.214681702945233
21700,5.858672398086659
21701,7.902150250637075
21702,3.6799648846777657
21703,6.121506222445817
21704,4.317775997189667
21705,8.795743122331945
21706,3.2841749035679633
21707,8.662585726099374
21708,5.727424774582523
21709,5.52416671056599
21710,9.2099020216592
21711,5.233963755754307
21712,4.0983071969158775
21713,5.795468913653763
21714,4.947660852448281
21715,4.864386205848376
21716,7.249638555031649
21717,6.784201261145401
21718,2.643329715477922
21719,7.97960526702109
21720,5.0206464537769575
21721,7.162945691339997
21722,9.439949488193491
21723,6.4150257733521645
21724,7.642587348355531
21725,5.797445518585129
21726,8.983109917914083
21727,7.04466087040907
21728,5.246748811639534
21729,5.619941332412425
21730,6.199179260754553
21731,6.932144013918043
21732,2.2801933145376765
21733,4.532114454408677
21734,3.584471140262908
21735,7.3573356345196945
21736,6.128328317065332
21737,7.486222672763326
21738,1.916980471792907
21739,8.285575871369316
21740,8.92498052570875
21741,7.0457938765286965
21742,4.032400161970988
21743,5.93277463104997
21744,4.445226772140034
21745,5.360809163827218
21746,5.876398032944769
21747,3.070591417225556
21748,9.81880607540427
21749,7.09688766634098
21750,6.686250157164816
21751,6.9505961557988645
21752,7.3812339210723605
21753,8.591460899258555
21754,7.69247696392933
21755,6.936354759830951
21756,4.300633775943959
21757,4.754008167205415
21758,6.516135442810855
21759,5.01426640168348
21760,7.972975837570404
21761,5.170520178619458
21762,6.178471248552325
21763,6.1112504653565
21764,6.0129957487368655
21765,6.035124592279274
21766,6.834534488324363
21767,2.7717991537824274
21768,6.74902797179651
21769,5.059014699583125
21770,4.451261437415534
21771,2.939169978572218
21772,5.952288460403592
21773,1.7875774581925772
21774,2.5789719498606622
21775,6.027151527784147
21776,5.12174027966579
21777,5.484954201452636
21778,5.976845879059493
21779,4.381184076747783
21780,8.13527325757246
21781,3.4076510882454194
21782,6.1879850175731645
21783,3.631959824389746
21784,7.371195200548509
21785,6.756231406369807
21786,5.597644759439625
21787,4.518781533501047
21788,9.141000282417334
21789,3.3846927269202474
21790,5.45071593758297
21791,5.550352615414
21792,7.4752834375809485
21793,6.477878409120723
21794,6.939000705839338
21795,9.713545113539535
21796,6.34110896911753
21797,5.454724597856575
21798,0.7662371957572536
21799,5.118638220926508
21800,7.337223199771695
21801,2.9697812444401697
21802,4.356994488524727
21803,2.349237857383022
21804,8.15350016854497
21805,5.420153739694273
21806,6.196336564255057
21807,8.242927007028264
21808,3.038089308913268
21809,5.265883319685626
21810,3.2378207532053187
21811,7.00600051110092
21812,8.199111621174906
21813,9.611811544286747
21814,7.372549529457605
21815,8.978801076751235
21816,6.37702376506936
21817,8.673156952069792
21818,6.461086484946215
21819,7.397005714186427
21820,5.692504812770477
21821,6.9146131419159245
21822,8.281122924846674
21823,7.525819590611645
21824,7.996112401277818
21825,5.855930996888017
21826,6.2918016404887815
21827,8.110782486280323
21828,6.224797687213725
21829,4.181726756083833
21830,4.304688838154451
21831,3.566304767338803
21832,2.5686522577917414
21833,5.232669671307843
21834,5.604650724855697
21835,5.8214428044689495
21836,6.184032498792812
21837,5.279921444286112
21838,8.77050615833268
21839,3.029384707871672
21840,8.091449676280863
21841,6.986409085765189
21842,0.9957191088836069
21843,9.613536957835148
21844,7.881084136920644
21845,7.279225684511813
21846,6.892531812363738
21847,6.036553233996936
21848,3.173197525469537
21849,5.437922559925129
21850,3.399986681330654
21851,3.8593596834699753
21852,6.210308969652521
21853,7.145343289195151
21854,4.9809289140238775
21855,5.880924866717657
21856,5.424523124573821
21857,8.037003104489804
21858,4.440901340186306
21859,7.558672695787436
21860,7.13251833160587
21861,1.8828042184280906
21862,7.993563174548501
21863,3.4750169987313475
21864,8.89704590269346
21865,7.032860462954328
21866,9.995702502873513
21867,4.180997012769517
21868,5.746207483117383
21869,7.660070102691992
21870,5.362452378489945
21871,6.421235029851135
21872,5.182960808981873
21873,7.200455492488189
21874,7.128113170526741
21875,9.072485816929992
21876,5.449732020752115
21877,5.426381024342092
21878,5.320308044855641
21879,6.218410340948004
21880,7.833508029377701
21881,5.056400799763708
21882,4.798801481053685
21883,5.3854793261586185
21884,6.760612527547886
21885,9.018814139012452
21886,3.6421323754450206
21887,3.656160242835596
21888,7.845039307330433
21889,6.007482795382653
21890,6.336884192242532
21891,5.715506792660719
21892,5.4991530002934494
21893,5.8155546037393275
21894,6.326428011946403
21895,8.537391170191546
21896,6.491694851932587
21897,4.978041822769638
21898,6.1678319162016235
21899,6.622751999296467
21900,3.7493834774926222
21901,4.659212927689127
21902,4.707319708016364
21903,7.955399460962707
21904,3.9247022720797546
21905,7.791289990769897
21906,6.263149572426694
21907,4.79778946327596
21908,8.31190601109505
21909,5.471769255380534
21910,3.9244910642159083
21911,4.321742986142536
21912,5.023583265849954
21913,7.913995148905144
21914,9.484323178817931
21915,5.790878140336341
21916,6.5293202390717
21917,5.079085968092811
21918,5.619454390563783
21919,8.633162084233286
21920,9.697573256763297
21921,7.880986573384007
21922,7.422170832230668
21923,6.592188369501853
21924,6.902767359152742
21925,7.253670640896658
21926,5.955151383343333
21927,5.875144248334986
21928,7.172713411208896
21929,8.602390190964934
21930,5.98332486650302
21931,9.154288822607455
21932,5.3243005934730885
21933,5.66655783527893
21934,3.044593335729647
21935,5.934306935105295
21936,7.249724663028376
21937,7.443808136658857
21938,8.733068233686812
21939,7.794593066122498
21940,4.51599508202495
21941,5.897755381943747
21942,9.056713286839264
21943,3.9329523587553643
21944,6.38049777370353
21945,5.90702277499914
21946,5.991855797740218
21947,8.629842429249308
21948,4.607181816069852
21949,8.603452971248405
21950,6.102131303215606
21951,8.091525652439334
21952,3.870569367268012
21953,6.3107979004662615
21954,2.8386777695747734
21955,7.915170399153316
21956,5.3726222544674815
21957,9.033257601985593
21958,7.663327918857957
21959,5.112608087109371
21960,5.010021781428124
21961,5.098562408596353
21962,7.52033722117636
21963,8.615699027362758
21964,8.556421980727098
21965,9.758898187778332
21966,4.846020525450529
21967,3.6548968760823053
21968,8.090875759882774
21969,9.091716733033806
21970,5.696951922479424
21971,3.450744368806808
21972,4.792057920855329
21973,5.852783040090665
21974,8.010410714442662
21975,2.9745142184132276
21976,7.269301294501116
21977,5.254353688363558
21978,8.793191170387926
21979,5.438752451251089
21980,6.668820187588523
21981,5.048995855570114
21982,5.797141068099635
21983,3.109036593784366
21984,5.770579329819777
21985,7.031699682586978
21986,9.04982240700979
21987,4.172569447060718
21988,7.024243843922337
21989,8.622987638912184
21990,8.157898420748914
21991,6.4433591922240225
21992,5.274191893622522
21993,5.940136858674738
21994,3.09869209494095
21995,3.4733081514576405
21996,5.693814952445829
21997,3.1714767540924407
21998,5.565266798084821
21999,5.083890778402745
22000,5.3592364233984595
22001,4.789465401167308
22002,4.801644894957174
22003,1.968401732021689
22004,5.618095110865047
22005,7.2041550397295655
22006,4.841501762387515
22007,9.614160820255918
22008,5.517515103712551
22009,6.839375981042086
22010,2.8058250088095202
22011,6.301755239547804
22012,6.416453200130194
22013,4.881894682338033
22014,6.679657919166132
22015,5.765234559307309
22016,5.73446220177663
22017,5.154675648686548
22018,3.8152702464856283
22019,3.425809291034058
22020,4.132160779111766
22021,7.742336976903628
22022,7.402909694524394
22023,4.325559318160747
22024,3.802970371439124
22025,5.561213900454651
22026,3.5925916650784044
22027,8.546588011413014
22028,8.396207144484404
22029,7.42431034191867
22030,7.760909429103985
22031,7.531874635852281
22032,4.330206355621736
22033,8.105108436456565
22034,5.264106998397354
22035,8.589115545660771
22036,5.553339738074905
22037,4.494474369303587
22038,5.589702033186096
22039,4.461996986809487
22040,8.356317705546262
22041,6.137324916251008
22042,2.908705732450901
22043,6.756187832326572
22044,8.858039308906998
22045,5.3591120277125945
22046,7.782775504142338
22047,5.361290945716763
22048,8.240173869084424
22049,3.3690095794956023
22050,5.2116215454676915
22051,3.3203977864742766
22052,6.7034605031417085
22053,8.93463054877685
22054,6.399940903838091
22055,8.286449978076153
22056,6.445201458002941
22057,7.905447770198374
22058,4.110394224375892
22059,5.427472078279933
22060,8.064142530288205
22061,6.302276706634909
22062,3.3637161097524335
22063,6.349338994861317
22064,7.576259339856977
22065,5.272381405974029
22066,4.159401755075132
22067,7.142672053379519
22068,6.294608327433377
22069,6.937302183878778
22070,5.132196753683354
22071,6.270544183169138
22072,5.333628566813251
22073,8.258693175862238
22074,4.885599558264297
22075,5.595049749498591
22076,5.807927644919724
22077,9.255374189742547
22078,7.28988889252669
22079,8.619891836409627
22080,5.121037635451443
22081,8.624719018657418
22082,3.1750634716357315
22083,9.368720900723194
22084,2.004884187902891
22085,3.7049142048838846
22086,6.459333417733857
22087,2.3749725094799534
22088,5.918797633895705
22089,4.582675804780068
22090,5.806720105346604
22091,6.859118549537685
22092,8.880847566527864
22093,7.369319296881888
22094,6.780951284504124
22095,4.920128356373736
22096,7.367518564704014
22097,5.668913691925144
22098,6.047574707214097
22099,8.22659600952257
22100,3.5723049623499974
22101,5.297378319599984
22102,8.202756522051704
22103,8.347134251602117
22104,1.668366792323106
22105,5.46549537475496
22106,5.028459087971285
22107,7.273417636201638
22108,6.0241205489757315
22109,3.664931025113674
22110,5.532152419297932
22111,4.151684691413761
22112,6.0369658840257845
22113,6.190207070474227
22114,7.93359505640249
22115,6.318690208953628
22116,4.06270092397799
22117,4.685689045915034
22118,7.698801227187078
22119,4.893582915442564
22120,4.700687821220022
22121,7.408498389392467
22122,5.955018072604735
22123,4.492643423713119
22124,7.339348200520431
22125,6.058646229094715
22126,6.2582181781769
22127,7.570745910865187
22128,4.094381340390785
22129,7.661772846273078
22130,7.051589489874589
22131,5.210575028141376
22132,4.973665431919706
22133,3.699494155257779
22134,5.345147480773716
22135,6.641141995660012
22136,4.8715536893008275
22137,4.4927405379784275
22138,4.067339348341176
22139,6.161922433779315
22140,7.347389955014751
22141,8.041326218146978
22142,5.230851820646542
22143,7.295711800471881
22144,7.960246859686876
22145,4.812194377770958
22146,2.9947315002434753
22147,3.8096025982100286
22148,1.2742586544330936
22149,6.431333721215329
22150,4.565098076439762
22151,2.6553939488994347
22152,7.71792503734371
22153,4.087831377339863
22154,3.9728237529245676
22155,5.984118072702958
22156,3.348408231658764
22157,5.683950370712809
22158,8.584216181128024
22159,6.631255392154832
22160,9.28311706166338
22161,5.991661337004317
22162,5.494558159720093
22163,4.16258931874665
22164,4.353716672856282
22165,6.821798694770125
22166,5.206731027179273
22167,7.914018516551562
22168,7.939314784051993
22169,3.8469925943025367
22170,4.145089039988581
22171,5.302079140747809
22172,3.5557372252835173
22173,4.84736101734737
22174,5.395832128539807
22175,5.401936266023688
22176,3.7772561010141765
22177,2.1355394143744455
22178,8.396907692050183
22179,6.70644375067923
22180,8.530047290546708
22181,5.238260369372978
22182,4.414688037673358
22183,6.407979996260987
22184,6.239292722677883
22185,6.892673527091508
22186,5.840947766359031
22187,7.833906272107493
22188,7.134237785141012
22189,2.7652479766766658
22190,5.891230811040176
22191,4.3858038250715765
22192,5.819155410882599
22193,7.189808923809009
22194,3.957651865336628
22195,4.453129386562358
22196,4.810196370356864
22197,6.3768023615679965
22198,6.839324573924631
22199,5.20334380870287
22200,5.082659554482165
22201,5.510675924689247
22202,3.9151106283729176
22203,8.941654265392383
22204,5.256291323378016
22205,5.387524534439826
22206,7.949899941601904
22207,2.225585104513051
22208,3.268531652223784
22209,7.141726368816097
22210,8.091949012323573
22211,9.214951866927205
22212,4.294989833433673
22213,6.000411245547107
22214,5.24499835064501
22215,7.156242796445488
22216,7.1923878670054595
22217,5.151023284201212
22218,5.790221621858638
22219,7.907082058045532
22220,1.5383813987792494
22221,7.5382682508053565
22222,4.6107699645398705
22223,6.896434764745078
22224,3.501103218370268
22225,4.568286857323413
22226,5.273784398913965
22227,2.901837867596192
22228,7.374630743731826
22229,5.558435056295979
22230,5.6763961764161275
22231,7.70134229250934
22232,6.370277118624775
22233,8.904002318136474
22234,5.158772269174852
22235,7.270005973006744
22236,0.916693393826533
22237,1.9299392493351544
22238,7.283646699059529
22239,3.734998651350881
22240,5.955913373293936
22241,7.379344137407105
22242,5.673903246833279
22243,5.140760552590001
22244,5.179680971042964
22245,7.390236887667664
22246,8.147986448165668
22247,6.084394088626347
22248,8.782405018510024
22249,4.8196382520186445
22250,6.074045806477154
22251,3.1858487551720693
22252,4.3850541321588485
22253,8.776070972711967
22254,8.95442430135448
22255,7.045271290536891
22256,6.621581357187175
22257,9.252753812954422
22258,6.730009470854823
22259,1.5772808756266137
22260,2.293684669630347
22261,4.390040173779687
22262,4.33085770014265
22263,7.12230077978699
22264,4.446942823647396
22265,6.814336857159236
22266,5.009799942542855
22267,3.7267404481115536
22268,3.2541705376652375
22269,3.976434327853693
22270,5.7966723125892266
22271,3.88685668506591
22272,7.253191957137197
22273,2.5433734502866128
22274,5.328514396331586
22275,6.757895305994547
22276,7.177598900556518
22277,8.735926505948381
22278,6.776255622758972
22279,2.33476367436804
22280,8.638541131984214
22281,4.517290846017806
22282,4.299591844381081
22283,5.693741319202549
22284,8.644862215870944
22285,6.253166272602768
22286,4.968287617576494
22287,6.280509436818372
22288,7.6955383591566955
22289,8.991678822748549
22290,4.016955012682705
22291,4.511476382798485
22292,9.576129543299666
22293,6.1163488482763535
22294,8.357209957902612
22295,9.980465527558147
22296,3.165185250930787
22297,4.022775724289824
22298,5.662594393110321
22299,6.084523283317945
22300,3.2245291293251115
22301,8.838930428857134
22302,6.005415867441434
22303,5.806334241862352
22304,5.374357647118469
22305,6.773368947504369
22306,7.649258837532601
22307,6.460800492107038
22308,9.390926180562158
22309,6.306846044126046
22310,9.485897237720746
22311,4.433980144563361
22312,5.8735579841131
22313,3.306293703797335
22314,6.4838957705604
22315,5.92976967766601
22316,4.44250002158771
22317,9.129732779583351
22318,2.6971889462567735
22319,5.022459909085131
22320,6.156299583458415
22321,4.519392703223138
22322,5.370440995366698
22323,6.2106682783054605
22324,7.321969918299729
22325,2.755637112181002
22326,3.32985371238832
22327,4.149582966521973
22328,5.7560372758298435
22329,6.252096306775551
22330,7.446736491810566
22331,5.127877949957394
22332,4.035407383877218
22333,7.8719887813454985
22334,9.360585146821094
22335,6.088537267516909
22336,6.177685385140061
22337,6.11457611376085
22338,4.647771767187882
22339,7.723103163346863
22340,9.439529212023377
22341,3.3482595607854364
22342,4.536681952393476
22343,6.733951369024206
22344,5.147731787892105
22345,7.6547767924942915
22346,3.5117829283563915
22347,7.894769887034878
22348,5.66672547467715
22349,6.530266208526522
22350,5.768673963620887
22351,3.162941519218724
22352,6.526947931570321
22353,6.8223027716632085
22354,5.620040162035698
22355,5.247636176786126
22356,7.104663309595193
22357,6.19561905101203
22358,5.682535009609704
22359,6.327354407315935
22360,5.957483970689572
22361,2.3410916426313775
22362,7.5606527212291095
22363,3.879863316369992
22364,8.759632394377409
22365,7.7336801321597095
22366,7.581124908897894
22367,5.012680803537437
22368,4.776743834732722
22369,8.930122728541974
22370,2.9532286806386026
22371,7.13734305892917
22372,8.0740350180596
22373,3.2628248710952414
22374,7.355647925007697
22375,4.5473440835449255
22376,9.063476391850752
22377,4.7116984949091165
22378,3.857324203883452
22379,8.055529054644763
22380,7.314580410627438
22381,3.395910595200269
22382,7.701950194229527
22383,8.91962409017638
22384,6.258492470121487
22385,4.616745223052021
22386,7.986902604116989
22387,4.183437208828184
22388,1.38631551857146
22389,7.150979082402786
22390,3.3327863118508225
22391,4.847771830263882
22392,7.172512083482748
22393,6.699046334717382
22394,9.597665740871028
22395,6.506558751469676
22396,8.591790188848368
22397,8.386456760852168
22398,7.0692668659914
22399,1.8124962845519643
22400,4.87160942795356
22401,6.750234662171913
22402,9.05188148129561
22403,7.045051046157594
22404,6.892264381329194
22405,6.493255011438026
22406,8.613074090354328
22407,3.2497956366516383
22408,7.83917923340957
22409,3.650802964753904
22410,4.988482414018819
22411,2.652365035235685
22412,8.31233474369298
22413,8.009867318293157
22414,7.2602395529111945
22415,2.4947775971513813
22416,4.803017882215238
22417,8.896706828195187
22418,6.416949706482056
22419,8.319082519558826
22420,5.938682574593711
22421,5.954454407955244
22422,4.621743403163868
22423,4.917486702954487
22424,8.192920880223202
22425,3.868806591418177
22426,6.725716799431962
22427,8.307977414168105
22428,8.497692940448449
22429,4.057802452610046
22430,7.303875763315206
22431,4.431353260254324
22432,4.631863680065113
22433,3.155142270108576
22434,6.045939069690422
22435,4.859670113236206
22436,7.052288316356969
22437,8.933595746935007
22438,5.39395210104234
22439,1.4664738801524428
22440,6.120968733985346
22441,6.657578063156535
22442,8.974319752582051
22443,8.557297827943357
22444,7.23414992046788
22445,6.181254007554656
22446,4.221169794391186
22447,2.743596137110031
22448,8.430072212212513
22449,5.691524211608024
22450,4.409491316661534
22451,7.310860265701699
22452,7.206965408191559
22453,5.266100595080289
22454,4.314618406008546
22455,3.095428358859921
22456,6.709528733773435
22457,6.303858992963816
22458,4.679141226118633
22459,3.646864742476579
22460,7.371063184906619
22461,7.201405369572735
22462,3.128476289561025
22463,6.648005283234814
22464,6.549361814381156
22465,4.9252768305768395
22466,8.632852586489292
22467,4.4101742167686755
22468,4.950560528710025
22469,7.831099396047182
22470,6.343913287420518
22471,8.10191406122528
22472,4.792884279332553
22473,5.093668535762316
22474,7.067944364474047
22475,2.2054955022865643
22476,8.751860439143222
22477,7.311842774391349
22478,7.807319696550868
22479,6.942051842246774
22480,4.245283695413336
22481,8.560946700534755
22482,4.427181036347216
22483,6.537124902545136
22484,5.625208308129854
22485,2.3959244789460152
22486,3.372711887598996
22487,7.329795695764842
22488,3.70915884339333
22489,5.0354317589260305
22490,6.265353069144344
22491,6.786225544042049
22492,8.155245251311547
22493,6.760450546523226
22494,5.6986234799654465
22495,7.718033878430745
22496,4.233889143349745
22497,8.658038192097262
22498,5.9128288504679745
22499,8.49972455383448
22500,6.273188262199283
22501,4.477416731693818
22502,2.771407612530922
22503,8.739950883390685
22504,3.3967145441956945
22505,5.019355515125441
22506,8.309175706885991
22507,2.868938256294588
22508,2.4824445584174413
22509,5.89311186867787
22510,6.359927230268111
22511,2.4057357348270036
22512,6.971943852925404
22513,4.326687164030562
22514,5.836874090041027
22515,8.89337519086694
22516,5.980721298453121
22517,4.7558430558362925
22518,6.772341596423814
22519,7.817326187326017
22520,7.2198850847261
22521,4.867698584701239
22522,5.869407986866005
22523,9.614199245375007
22524,4.527121541825794
22525,3.448819397331699
22526,7.998215420616086
22527,5.394786516690802
22528,2.098262060559123
22529,7.485191067881507
22530,4.812563617842938
22531,7.321507192393621
22532,4.550547719822
22533,5.2223796725046485
22534,7.197727209747656
22535,4.371277630946916
22536,4.777150212146074
22537,2.3074176836221962
22538,2.8569074292400067
22539,4.9826046551598795
22540,7.61138934482413
22541,8.389139392299786
22542,5.5205277632910015
22543,6.588104702621609
22544,7.03844250517975
22545,6.772660438156076
22546,7.2295596415987875
22547,5.925081888586872
22548,5.263832303741298
22549,6.009557623555192
22550,6.115236958537975
22551,6.92271170909481
22552,7.503749591359517
22553,4.181889844103507
22554,7.440726375621864
22555,3.9669595473562382
22556,4.997382386209361
22557,6.287578832219163
22558,7.901668897236002
22559,7.591748170465917
22560,6.257729924786394
22561,2.446003229306781
22562,6.7675033368401545
22563,3.783365421334397
22564,7.525062005230788
22565,7.3441095043410725
22566,4.589767875781149
22567,4.825804733944452
22568,7.685041420166263
22569,9.008763413546525
22570,2.6775003560542414
22571,7.171591513687462
22572,4.0402202905654505
22573,4.53665688006186
22574,6.075675479243604
22575,8.03849754700104
22576,5.567662439882074
22577,3.4723059880723652
22578,6.420142878244884
22579,5.554913007635781
22580,3.751639547774933
22581,6.055387608651369
22582,6.206980033049957
22583,2.7036150318151
22584,2.9061764907569074
22585,4.689263758592569
22586,3.694849395045671
22587,3.6204331977747986
22588,3.4262254707461346
22589,5.380317392601908
22590,6.150980744912607
22591,9.25738869876373
22592,3.3942548905295498
22593,5.671716540274446
22594,8.07147850894884
22595,7.410604603194765
22596,6.513571272482106
22597,2.228870864579654
22598,7.101350296899961
22599,8.100159567178626
22600,4.713278546468052
22601,2.6555002741365863
22602,5.128659376601588
22603,6.95279939683433
22604,8.017298784119484
22605,6.296304210788842
22606,4.709589745660134
22607,6.754345894655032
22608,2.332400468838307
22609,3.7376712136026504
22610,6.275708642292804
22611,9.165143033775305
22612,5.475279668156642
22613,4.347966564301692
22614,2.7372027029711234
22615,4.4517710831902075
22616,7.480627816939027
22617,4.743307770144122
22618,5.754038435419354
22619,8.14611470526269
22620,4.571354692821541
22621,7.160703894817821
22622,7.9608451836922285
22623,5.272375808780322
22624,4.6911517362378055
22625,6.313617378043105
22626,6.961737480219364
22627,6.074326351516998
22628,8.396668206492478
22629,7.935664640723923
22630,6.9690291049564195
22631,6.290227820464627
22632,3.174073548637287
22633,8.597254192349531
22634,9.21935185323056
22635,8.201381299861456
22636,8.07756230784583
22637,8.71413491583858
22638,6.789054525697364
22639,6.567546066460058
22640,3.8529928632209667
22641,6.920196280402867
22642,7.047138327234205
22643,0.8770803127108785
22644,7.949194347216453
22645,4.907405587126434
22646,6.804496012834146
22647,2.846115289829007
22648,5.245210043331293
22649,7.957475681517407
22650,8.057398122166822
22651,2.0911457704390943
22652,6.898270294935901
22653,5.190574750124016
22654,3.774943391811901
22655,6.525847676955434
22656,7.801924747517239
22657,3.3509454702665145
22658,5.139225783582562
22659,5.105464765686438
22660,3.6591465596101855
22661,7.065559894709027
22662,6.1330916823073185
22663,7.9752367298597475
22664,8.365849118269342
22665,7.543447193521411
22666,5.307520795508662
22667,4.758819139110164
22668,8.033257727651812
22669,4.981858709488722
22670,6.396491644887239
22671,7.350979750970138
22672,4.855980427805286
22673,6.223318625491848
22674,8.207866182795458
22675,4.297787801062691
22676,7.4536066557683585
22677,4.409585861519811
22678,5.376468753696196
22679,4.776254081786137
22680,7.065291359027289
22681,2.814228752915311
22682,4.763765137447269
22683,9.258975665742692
22684,7.52255523596928
22685,5.940791847181318
22686,3.4673636926461713
22687,4.974908589715382
22688,3.8719550039020367
22689,5.967908385719622
22690,7.282123025689626
22691,5.153315138123228
22692,4.652662862090499
22693,4.89456342353652
22694,7.416426000290274
22695,3.021436984193761
22696,5.209589155971285
22697,4.342190202666963
22698,2.3021837045668163
22699,4.477588998808324
22700,7.841367070335335
22701,5.114421973749226
22702,6.187630753501887
22703,6.104658573575555
22704,7.303271672498059
22705,4.636335504871115
22706,5.425520088245681
22707,4.722971106099925
22708,4.6194677079593465
22709,8.210659145906018
22710,7.949789616300936
22711,4.77865031217667
22712,5.89245918168827
22713,7.092580922543917
22714,4.751269753377839
22715,5.556234370772722
22716,8.012417739787796
22717,2.6236838106080773
22718,7.801224518126725
22719,3.4727898289251646
22720,7.923428541312515
22721,5.538428056851773
22722,6.957588855657289
22723,4.824403324682594
22724,9.434627551972008
22725,6.995854124147908
22726,6.016595386801653
22727,6.660418099020942
22728,8.55063186058258
22729,1.420755996194826
22730,6.076030457024535
22731,5.1669668883981075
22732,3.8003222850652207
22733,8.532436371203236
22734,8.305264659667412
22735,9.008411204261304
22736,7.179089040605136
22737,6.195498450455811
22738,7.2459995268422785
22739,3.8646570498955
22740,4.939091297310779
22741,5.785134669635338
22742,4.762656440376249
22743,7.544435555836668
22744,3.8128564712163238
22745,7.071955660672037
22746,2.0407817227160323
22747,6.206842906039486
22748,8.720767357683297
22749,6.410215374465753
22750,2.8439561224610594
22751,6.178199210373447
22752,4.326051108608626
22753,4.929688267597696
22754,4.771064876274778
22755,5.732611704059403
22756,4.387916675536274
22757,6.353071754992088
22758,5.230235013883794
22759,3.9260586595001867
22760,8.063409923827072
22761,8.204248211169482
22762,8.375489626294613
22763,8.12286750330312
22764,8.154398837000489
22765,6.362232459835352
22766,5.898031089504656
22767,6.2870395157421815
22768,6.085021759209502
22769,5.2646308514040125
22770,6.771260210815602
22771,4.161712111215728
22772,7.240428218415102
22773,5.41575897348528
22774,5.212262204075621
22775,6.770063180774161
22776,6.232918494842856
22777,5.3256822585608585
22778,7.6921547398150185
22779,9.401500117442227
22780,4.683706232327958
22781,5.396972514263318
22782,7.105471529250759
22783,7.471091939608722
22784,4.209723380161288
22785,3.438614674218544
22786,6.9012198061028105
22787,9.706547251711658
22788,4.615291289963242
22789,4.862719907821807
22790,7.060609937215328
22791,8.860586388503037
22792,4.557143018644263
22793,4.512380786462254
22794,6.238826353905181
22795,9.755910305792757
22796,7.253203028345361
22797,3.9017380469578526
22798,5.783525942742309
22799,6.455611994675493
22800,5.994612750623651
22801,7.6764574611422844
22802,6.501785068519022
22803,8.603814748154551
22804,6.0093691033974865
22805,9.359799134824982
22806,5.93165377048661
22807,7.037801412260921
22808,5.055655829502774
22809,6.014986838800975
22810,5.084433796157805
22811,4.6482095407673665
22812,5.352758064070598
22813,7.084743937004609
22814,7.207631267564162
22815,7.4896621535858205
22816,8.380041456994622
22817,2.915717263280947
22818,2.3898056531961087
22819,4.373960041240363
22820,6.219235805816756
22821,7.049067673804279
22822,5.592965932422042
22823,7.466135060831029
22824,7.531897296155802
22825,6.198646758760993
22826,8.807549217827525
22827,7.624213108526061
22828,3.3400057640898195
22829,5.59237824410097
22830,4.352931929161942
22831,3.9964773357220436
22832,6.036230762690567
22833,4.30471869173491
22834,8.16290092845397
22835,6.397194723039265
22836,7.662413853254949
22837,5.218055881036784
22838,6.6379191836673055
22839,6.350798790714409
22840,2.611090697456359
22841,2.474127061886093
22842,8.13842779517482
22843,8.50802624299608
22844,5.03703190205483
22845,7.474145130255637
22846,7.690215712422282
22847,7.130044340248328
22848,2.7608537094423387
22849,8.848750263213624
22850,3.203223875903139
22851,6.9043785530054915
22852,3.6420296804859023
22853,6.363443840101594
22854,4.869339885938629
22855,5.738489594328722
22856,6.08940299228613
22857,5.097289871524021
22858,5.235796827728983
22859,5.01507223276791
22860,9.479203019869988
22861,4.009960533416509
22862,6.474691068349816
22863,3.7737658129525107
22864,6.266919324945356
22865,8.49604957510454
22866,8.332663614941941
22867,5.392803289111976
22868,8.31038472138906
22869,3.9542014365127613
22870,8.178245619574065
22871,5.69183020515239
22872,5.67798863245
22873,6.99209551219761
22874,6.638495466893701
22875,4.763306824833823
22876,3.6957794853874
22877,8.28235692736977
22878,4.131432204716376
22879,6.090055560603072
22880,3.8472464304950242
22881,4.140493959910989
22882,3.764805672111843
22883,4.465535288875128
22884,5.314815316827602
22885,8.310502405229721
22886,8.950819241567183
22887,4.4223505644615315
22888,4.575814677283149
22889,6.097519360321833
22890,6.971564892862576
22891,4.889482409463597
22892,3.8418037653133426
22893,4.529132390809414
22894,5.928104649836361
22895,6.885832830560295
22896,9.270393078715061
22897,5.9091852185690374
22898,4.03837336088471
22899,2.760266064499879
22900,5.326715985756036
22901,2.6998906931202065
22902,8.419296764774177
22903,2.525585959411572
22904,3.959387998584706
22905,7.643736955030333
22906,8.696679397026946
22907,6.58158546822842
22908,7.485433346378184
22909,7.166550675013733
22910,8.717639182773402
22911,7.2770603343759905
22912,9.460107683535297
22913,3.4411788274404076
22914,2.187927917799295
22915,5.7361730214732285
22916,3.7474401604139445
22917,6.29902784542075
22918,4.604233789184506
22919,2.832750882757933
22920,8.534035327053768
22921,6.639659933100292
22922,3.4411139824989667
22923,6.921002504244969
22924,7.2225486762580315
22925,5.692111171077579
22926,2.9277714528050423
22927,5.442034733247452
22928,8.171619390806596
22929,6.932445253373584
22930,7.227410813659018
22931,2.6893760981557415
22932,5.287521489635871
22933,7.2192174317015345
22934,7.026707191475983
22935,8.357351779621968
22936,2.4281575526774395
22937,5.470092163813597
22938,5.31243639810118
22939,7.867786644705046
22940,5.27757924004735
22941,4.367365238686832
22942,8.48912853120402
22943,3.2898613041243485
22944,7.319066645587865
22945,5.051602138358232
22946,4.470952449691459
22947,6.124952594353691
22948,5.488924756560975
22949,5.068028803051657
22950,6.020218306954455
22951,6.698224661993092
22952,4.541937005879485
22953,5.376682149088948
22954,6.321384454918837
22955,5.062570471058148
22956,2.8747037607331216
22957,2.9980854156491668
22958,6.2547055620688194
22959,6.12330882293445
22960,6.892715595976282
22961,6.1629911130575525
22962,7.441415927346955
22963,3.2948861352178023
22964,4.316116977258529
22965,5.421568482360289
22966,4.375018740132104
22967,4.5678217989863565
22968,4.083219293342867
22969,2.505119870599425
22970,3.074562329699438
22971,9.680045439272789
22972,6.061174543923156
22973,4.6991692164951
22974,7.906306355438119
22975,5.297503814548933
22976,2.0626272442074187
22977,4.047148066069174
22978,6.161040490173742
22979,4.5529834863689675
22980,7.7753132953428805
22981,7.100572217218901
22982,6.950608885244812
22983,6.10967052248191
22984,6.701702932602989
22985,5.559024140797372
22986,6.343025578327717
22987,8.687666828015077
22988,9.459843683201816
22989,6.154888816961009
22990,5.392004435807808
22991,7.464378355475705
22992,3.626908438695813
22993,8.25014576390699
22994,3.3967304785503787
22995,4.637144361993379
22996,3.5496924498854825
22997,7.174613729976295
22998,2.819090503762473
22999,6.4896280897667395
23000,2.062389945088948
23001,7.014472293167586
23002,7.762883887044332
23003,6.068019152198566
23004,9.247610178880343
23005,6.502190869269934
23006,2.6033864796135524
23007,8.775068421829285
23008,5.173194331031716
23009,8.26116902213148
23010,5.581130301521739
23011,5.40894352814667
23012,5.035694798426093
23013,5.99586685611792
23014,7.7462011607401
23015,3.306107214191934
23016,6.781664202823755
23017,4.822106109532007
23018,3.6812121070142765
23019,8.560922600113349
23020,6.319089058978323
23021,5.657523496942862
23022,4.79047204599626
23023,5.9058114204443495
23024,4.843678215998462
23025,3.5758134749666945
23026,4.597072789012078
23027,4.160881728151817
23028,6.242079674379949
23029,5.238187828260413
23030,6.9549159696809255
23031,5.686415702914731
23032,5.644393657330462
23033,4.196149341035926
23034,8.501349969087462
23035,5.217433181493165
23036,5.610904176231581
23037,5.287298320527315
23038,7.769556011179125
23039,4.89421173453745
23040,5.934127925314506
23041,2.5548875818806733
23042,6.147638076190295
23043,5.510698571436168
23044,5.889845018445964
23045,2.604864957837866
23046,6.451364889260539
23047,8.114703939041714
23048,3.1912159136590317
23049,4.652327268354294
23050,6.462448878266511
23051,9.791112203868995
23052,4.044379819790663
23053,5.063275591616616
23054,6.506181479432891
23055,5.9548017478540265
23056,8.14261437194051
23057,5.825249172082818
23058,8.731425132276684
23059,7.420316773616261
23060,8.19947941594998
23061,5.483453296275865
23062,6.610217395275553
23063,4.234586802224247
23064,6.516702745499671
23065,6.842581125038484
23066,3.6822163115071573
23067,6.088854686919791
23068,3.7889796645376905
23069,7.021814873378608
23070,3.514459050083724
23071,5.607285110906195
23072,8.434475581934958
23073,5.477240633957669
23074,7.481748665126489
23075,5.64502403253273
23076,5.6513416407679795
23077,7.944485442257904
23078,7.095560047034835
23079,3.4941713403884904
23080,8.450088296099532
23081,7.639165000480219
23082,6.617078544719564
23083,6.505101457335911
23084,7.196605360597135
23085,5.6060528325972285
23086,5.544578191842457
23087,8.733823275213425
23088,7.396569920543051
23089,7.331671534805079
23090,5.370184402288731
23091,6.167283487426195
23092,4.757235489570691
23093,6.46628966581441
23094,7.217866582139846
23095,5.843916955908482
23096,8.644994846810189
23097,5.171642677424398
23098,5.20229179023001
23099,8.385101649546312
23100,6.424303759376741
23101,7.599208701919105
23102,1.303996916729766
23103,7.969352393938854
23104,5.385221299430176
23105,5.467710793160017
23106,5.312900553684181
23107,4.776547570680944
23108,8.836891927286844
23109,5.343559021631114
23110,2.864353098607535
23111,3.714063664915243
23112,7.087766961193841
23113,4.385544724233197
23114,7.055399408844276
23115,8.284543835937674
23116,1.0140807794976452
23117,6.806463783190982
23118,6.844461367192738
23119,7.688217797709039
23120,8.9367383538455
23121,6.748431501789708
23122,8.207265447909691
23123,7.864858568077747
23124,5.0936441453057615
23125,7.151715001107076
23126,7.859931384858319
23127,5.020109372210512
23128,7.75842742235165
23129,6.091269905186195
23130,3.614098282217591
23131,5.418903110861125
23132,7.6481041027827725
23133,5.149392981081135
23134,6.225516110749746
23135,5.604311473764728
23136,8.133483397856763
23137,5.196395346157387
23138,4.205878599267477
23139,8.37224151360791
23140,6.374155098402736
23141,5.752903532088418
23142,4.521050877061574
23143,4.058685062028489
23144,5.0911924399598165
23145,5.365543227235753
23146,7.3362434705873865
23147,6.693305276365433
23148,3.909610499646706
23149,7.127249136882893
23150,7.203294461526653
23151,6.951570083148813
23152,5.734931978561226
23153,4.536542516420868
23154,5.189527720541046
23155,3.5723651731783144
23156,0.6198529942274209
23157,5.859460877489797
23158,5.862943775203137
23159,4.257054429190098
23160,6.926200979394419
23161,6.169330295741566
23162,2.3136306214588824
23163,7.700124680377725
23164,3.748157467585846
23165,6.011949064235249
23166,8.553278334270162
23167,8.419665395510616
23168,7.300498385056265
23169,7.118092302966851
23170,6.559515299237309
23171,2.964794967389618
23172,8.106100687831319
23173,7.105988647574316
23174,1.0579290713026968
23175,5.671872006471909
23176,6.20629012920139
23177,7.625036160311515
23178,9.003524278132932
23179,7.02059536451697
23180,9.31667655450222
23181,5.6291504409460185
23182,4.428045577196933
23183,5.090204773036964
23184,8.524917900320684
23185,7.383499520202943
23186,6.983590485486511
23187,7.285292738220228
23188,3.418319226071877
23189,5.383077521689861
23190,7.458668885297472
23191,7.77750877380276
23192,5.7247562470555104
23193,8.438655109289293
23194,6.005487820086708
23195,6.197423559203623
23196,3.8748286785447448
23197,3.966983863211484
23198,6.85068535646609
23199,6.60896353772239
23200,5.459787663886227
23201,7.349083004603051
23202,4.3845268336953
23203,6.04857509849407
23204,7.259683911014486
23205,5.950805718432365
23206,5.3181392284528055
23207,5.854138462532656
23208,2.34332154755449
23209,5.176172878626206
23210,1.5085090780325043
23211,4.130303673053253
23212,6.866853692819764
23213,3.195087018949868
23214,7.726233317392546
23215,5.376500267525226
23216,6.960706817019451
23217,2.861657311453185
23218,6.951609994997895
23219,6.607954825693551
23220,4.711347109711329
23221,4.878518774929442
23222,3.9956725666454056
23223,3.9450639641299965
23224,5.139402691799125
23225,7.359496762993388
23226,7.597167527705766
23227,6.278510925967504
23228,7.850101595993005
23229,6.864520748532337
23230,5.828118693144517
23231,6.517547545545483
23232,7.117506613149409
23233,6.555836431587785
23234,4.683167735561112
23235,4.000901319220209
23236,6.564303691030247
23237,4.761983804985119
23238,6.899632754242785
23239,7.033719861495072
23240,2.070891659548835
23241,5.652721660318154
23242,5.033211198092972
23243,4.348107993825328
23244,5.848523518310545
23245,6.177784430366566
23246,5.8945340287654595
23247,5.831359989444307
23248,7.013582080466312
23249,3.9688240592167916
23250,4.6189332226164765
23251,6.284069983429455
23252,5.905403990301953
23253,5.338517895911895
23254,1.7335889137861364
23255,8.626853360207617
23256,8.152002375493714
23257,4.428724066924788
23258,3.2845096301042473
23259,8.993085399370734
23260,8.581035910179784
23261,6.142980491324723
23262,1.1464501857684586
23263,7.990936416249541
23264,7.4200728346224025
23265,5.3331392847999535
23266,7.088432204171141
23267,5.689027850103492
23268,5.99464948401478
23269,8.845632801160145
23270,7.080768113851529
23271,5.658359181075358
23272,6.032057473162249
23273,7.835916338553867
23274,6.9376363566756165
23275,8.06200585024274
23276,7.504949842657889
23277,3.4884533277192373
23278,3.7400472672851577
23279,4.906277243211088
23280,6.12177484718543
23281,4.6748259507590015
23282,6.51312929683534
23283,4.887155146875957
23284,4.5477669335945095
23285,6.09190066661143
23286,5.064920500045835
23287,5.437280314650849
23288,4.083562546664409
23289,7.218404680222146
23290,7.468123350648024
23291,6.807349755041683
23292,5.621037603471232
23293,5.802135934753828
23294,7.8677030188726205
23295,6.386370536386939
23296,9.663561883555982
23297,7.107970145028086
23298,7.774991103680411
23299,7.156350807645867
23300,5.446036568337766
23301,4.933267365174719
23302,7.609966176204344
23303,8.354729935372907
23304,5.550713423415973
23305,4.925364640882977
23306,6.284732413609236
23307,8.327994087657952
23308,8.65512014463501
23309,5.394210947454816
23310,6.322902739976302
23311,5.524195244406283
23312,7.7152572309489695
23313,4.1003751180194
23314,6.248369768275755
23315,5.383376315612703
23316,8.903983496506648
23317,4.818788429377032
23318,9.0258346510543
23319,6.708676508245579
23320,2.5423984173497054
23321,4.102359699286623
23322,8.047402004992659
23323,6.675715523075131
23324,7.635249888291628
23325,7.479253289785708
23326,6.987642321606579
23327,3.8742968927717314
23328,5.947803204730277
23329,4.775217047086542
23330,9.616348265153027
23331,5.683117749766577
23332,7.1251710303713125
23333,5.078503910431044
23334,5.27532671716364
23335,3.725647075082314
23336,3.192996834664295
23337,5.3171646344835475
23338,5.901064270246055
23339,8.047222845486544
23340,7.399864473396183
23341,8.767615807620205
23342,4.989740499781162
23343,5.96158682380901
23344,6.164094344652152
23345,7.87842734890548
23346,6.952918993523293
23347,3.1144859577627146
23348,3.848871696468634
23349,2.0587044782502812
23350,5.403108661710388
23351,5.892611749528859
23352,6.9152757056196545
23353,4.64358029971024
23354,3.970488172471957
23355,8.789909425119081
23356,6.150898769413687
23357,7.10815229921369
23358,9.557611477286873
23359,5.3944021244132685
23360,5.524574476931096
23361,7.416760106321152
23362,7.721998239444792
23363,3.3209967515158594
23364,4.379934740069478
23365,4.281517768531798
23366,7.198805514547087
23367,5.5071635067212705
23368,6.279759148255168
23369,4.735869906461814
23370,4.127731648354811
23371,3.6307131687152627
23372,6.142869349407393
23373,9.277675628653686
23374,4.240055150691233
23375,4.675456267036806
23376,8.785516346610498
23377,4.469860082213555
23378,3.2722994132822647
23379,6.515536184718937
23380,4.178310367587432
23381,6.880757558730245
23382,4.660411895299901
23383,5.490511309896605
23384,7.5998524650156964
23385,3.8542012564554695
23386,3.580308586315396
23387,4.3376859690512735
23388,3.445541185475598
23389,2.536751980715283
23390,4.757345518171146
23391,7.332044937962037
23392,2.2595978533059133
23393,7.811241475702763
23394,6.731099663249647
23395,3.83754122194408
23396,6.198991701588751
23397,6.197279117091246
23398,1.3369006163550086
23399,5.680940798589029
23400,9.130053664382618
23401,1.5851361610650354
23402,6.440190137958527
23403,5.233984811666206
23404,5.945416794133597
23405,4.603610342224134
23406,9.071766874901538
23407,9.054896887007578
23408,4.871451189931238
23409,2.7553011113822974
23410,8.94180725378541
23411,6.16257348706513
23412,4.9419169247809
23413,8.025482891362696
23414,1.98527445331965
23415,7.55418127324865
23416,6.000707990233483
23417,6.042223810080943
23418,6.438624403412552
23419,3.6861975157404303
23420,6.680650780853523
23421,3.785397725806188
23422,7.192044740994551
23423,7.4423744037448385
23424,7.822181898416112
23425,6.669114599587933
23426,7.885496996764951
23427,9.313643394338218
23428,2.361399312820382
23429,2.963783449683125
23430,7.351333129773617
23431,5.301683365374744
23432,7.7399767780170325
23433,2.9186268355767466
23434,5.378269295763376
23435,6.270079337913009
23436,7.979202144827243
23437,8.641743251890848
23438,4.282832355640854
23439,2.7673520700159555
23440,2.442152366998831
23441,4.459732904201622
23442,3.926603805358904
23443,5.706129197450874
23444,5.066586117318181
23445,7.78455084577507
23446,7.431805041787461
23447,6.748258122694564
23448,3.624247696909168
23449,6.326575299063594
23450,7.475389551174521
23451,4.07132670255127
23452,7.310821182795033
23453,4.330326085189863
23454,8.282534636877696
23455,3.764008035252189
23456,6.664092294463056
23457,6.848984785233631
23458,4.049289393939331
23459,2.323885114601675
23460,3.5251602741640715
23461,8.942847974244614
23462,7.6466897940207685
23463,6.553178579272536
23464,7.4699951883112
23465,5.862895094845085
23466,8.022971889187755
23467,9.305946377523833
23468,5.719897837971104
23469,4.803319347173914
23470,8.14928532952319
23471,5.234774878452211
23472,5.506655688007084
23473,8.392013522771505
23474,5.611343023654763
23475,4.29743544480161
23476,2.064168154786361
23477,6.622160902327023
23478,6.68003268154172
23479,3.87381423934431
23480,6.37633641795143
23481,3.941939186311455
23482,9.294664202902938
23483,5.663367526779882
23484,7.762657671155273
23485,7.609241083656722
23486,7.656614100398509
23487,6.526616307052836
23488,8.8727320488934
23489,4.6426023479945915
23490,4.030255558902547
23491,4.006446919073706
23492,4.720404098960223
23493,8.321936619341075
23494,3.6041322369889612
23495,4.922299663196825
23496,7.0067376046949175
23497,3.6144610972558247
23498,3.71563030127682
23499,5.57429985190309
23500,2.563755390556526
23501,7.397326493914198
23502,9.998413309947383
23503,7.057589725841256
23504,6.682783396346048
23505,8.365214196036998
23506,6.709965862850964
23507,6.208988240864953
23508,7.639532262285071
23509,9.99863290673012
23510,4.0416417713636745
23511,6.757565458265835
23512,4.589063317652463
23513,4.417622548147625
23514,6.541634732851124
23515,2.6153681109526468
23516,8.328109456079186
23517,6.628558778135795
23518,5.06811663312493
23519,4.907740748753755
23520,6.56298457278358
23521,8.239314299685308
23522,7.104685327867327
23523,6.396353904355884
23524,5.90158296149497
23525,3.844796671271568
23526,7.956588168638419
23527,1.503983665937592
23528,3.3603998235607335
23529,8.251769670419382
23530,9.177533174847891
23531,3.983959881529394
23532,4.863558624202216
23533,6.767275935840452
23534,6.3366114555998845
23535,5.632472481178162
23536,6.896791552215333
23537,2.011550640185525
23538,7.349987630147462
23539,2.025073499341819
23540,4.706832814084933
23541,4.254807024017636
23542,2.8825818886216
23543,5.062879556533841
23544,4.315829290409782
23545,6.157827652594956
23546,3.0816608643486862
23547,8.8181514118228
23548,6.2954101361216805
23549,6.476251739458606
23550,6.545979391383824
23551,5.487522892732348
23552,5.7496588675500035
23553,5.493674970893706
23554,2.849225228873184
23555,5.617894765779063
23556,7.094472236504179
23557,7.080619698952853
23558,4.151033268604918
23559,9.217077448393884
23560,6.814700860362246
23561,8.94623520797695
23562,5.576825660336924
23563,7.64300030529333
23564,4.578797337472438
23565,4.945982715114427
23566,5.964846041452299
23567,4.328980126694783
23568,5.476893796529728
23569,2.9330123594384854
23570,7.115660057248894
23571,5.6797462568484365
23572,4.772284956327364
23573,3.9803580160062504
23574,4.470492514677051
23575,4.753267596278421
23576,6.624629330980733
23577,6.84122117750578
23578,2.855786904685557
23579,7.067019917108697
23580,4.29369240955881
23581,4.548510856860185
23582,6.193867400356652
23583,5.90634844323982
23584,6.730453987257688
23585,4.589995467953147
23586,2.9658418046028965
23587,5.515383843793474
23588,3.763402012043369
23589,4.887417276883872
23590,9.414189272317277
23591,6.027842797428585
23592,4.407080029344281
23593,4.968823321290225
23594,3.3701597335799915
23595,7.173498954848297
23596,3.302440612999947
23597,2.2794618059771543
23598,7.754651831121505
23599,3.1536147862080997
23600,3.1962751244788037
23601,7.558881682118352
23602,6.490535334248811
23603,5.676605735206065
23604,1.8926876029286337
23605,9.977231793132024
23606,4.225057152250895
23607,5.156501957744629
23608,7.393743496501701
23609,8.617782641978824
23610,1.8615456465740912
23611,2.4606948586324164
23612,3.567293875416076
23613,7.52512399738643
23614,6.395606023185534
23615,2.7937751695940514
23616,6.6125158707456935
23617,6.708978461759609
23618,6.208371419800782
23619,2.522840507943748
23620,5.177565808745456
23621,5.251805739897394
23622,6.444870971947038
23623,7.102037474992079
23624,5.123472902163201
23625,9.086428612633386
23626,6.435623133321954
23627,7.1997908281294345
23628,0.9091708697922141
23629,9.073918244056433
23630,5.885352834835924
23631,7.068485747354333
23632,4.5756282582969785
23633,7.565865268039881
23634,6.315267696928834
23635,4.408326031638808
23636,5.432348668883434
23637,5.5879691061600285
23638,7.53027500708657
23639,9.399776983271126
23640,4.679090797885186
23641,8.62812232616098
23642,4.722408585937409
23643,4.613513433006579
23644,7.775226277868116
23645,7.269421982943181
23646,2.1025933736134235
23647,5.9492327409010075
23648,6.18741562028526
23649,5.31868537502898
23650,6.888682573326022
23651,7.4352723437499035
23652,7.051916539805977
23653,6.005952546712496
23654,4.721759484562112
23655,6.960214098481589
23656,6.763197296610356
23657,5.0278688152219635
23658,6.166191050080618
23659,5.481019655370347
23660,6.505233550904421
23661,6.807774047172228
23662,6.666751446004696
23663,5.32783791456838
23664,3.100311186883914
23665,7.286735138523549
23666,6.46986835651884
23667,8.740637051299604
23668,7.192126985063179
23669,6.853720603207124
23670,4.749137954558284
23671,5.984310777263981
23672,9.003812640949203
23673,6.952564120613855
23674,6.553569975980818
23675,4.881813497758627
23676,6.207485558242146
23677,7.928000759244064
23678,6.310390813425917
23679,9.998413309947383
23680,3.6236530271063634
23681,6.08384915831057
23682,7.046739266882658
23683,5.875845966078963
23684,4.4691236828016985
23685,4.7612115717077375
23686,8.355598932720433
23687,4.432351976610543
23688,6.477928631774068
23689,7.022641772253363
23690,2.39980684747855
23691,6.047720275439829
23692,4.069430021910638
23693,9.577957856576642
23694,6.125341420382005
23695,2.5655651607044803
23696,3.942715305073615
23697,8.407754734578765
23698,7.402988500682406
23699,3.7236665833821903
23700,6.7251291746511175
23701,4.810453808670961
23702,4.874572957574172
23703,7.909868736735801
23704,6.758324463604938
23705,7.286353736594909
23706,5.6737115500120705
23707,7.159985193316149
23708,6.2197274642231255
23709,7.008091951851931
23710,5.430514500961884
23711,1.4447814108622492
23712,6.93027844984551
23713,5.835570440853807
23714,8.03264881195837
23715,2.9485591009825285
23716,3.5324632480095532
23717,8.50669819905522
23718,5.0747495539203165
23719,7.690246372978898
23720,5.425587829975255
23721,3.0694844558024377
23722,1.3647425312043087
23723,5.21661380603551
23724,4.701021929268335
23725,4.715931759880184
23726,5.957875221572165
23727,5.414603935104804
23728,7.00259808746075
23729,9.043925441710314
23730,1.3738589261955068
23731,3.9301816107714354
23732,6.102497465424156
23733,6.306568463405408
23734,8.75467619087895
23735,6.452588962198773
23736,3.225382631684912
23737,7.593663001291287
23738,4.9775357355518794
23739,8.93255984321372
23740,9.098275098110065
23741,2.4026663253368374
23742,4.105993993366402
23743,4.834565937912427
23744,7.581751854893336
23745,7.772503972643955
23746,2.0058131332484472
23747,8.22982366782514
23748,7.789556575204135
23749,7.722433248661984
23750,5.0696083367232605
23751,4.478782544088601
23752,6.070972803211178
23753,7.940171300110532
23754,6.585198032712637
23755,7.485760954914532
23756,3.7517980020209523
23757,4.041939819629916
23758,4.6596974436085326
23759,5.574221583008537
23760,7.786784318771284
23761,3.058277538770339
23762,5.302336653453569
23763,4.668534033993027
23764,7.928601387197885
23765,4.878986525091868
23766,2.0533282750080986
23767,6.293291162948182
23768,4.162681194137112
23769,4.91667499269043
23770,2.855288039808634
23771,6.525347191286149
23772,4.198626058731096
23773,9.838743637337693
23774,7.562289262204418
23775,7.488188645447778
23776,5.643684484655823
23777,8.092426664982716
23778,5.869146088433554
23779,3.494746255570695
23780,3.044531583579341
23781,2.7526210908917963
23782,3.138616801263037
23783,6.827366192104516
23784,5.2020334820335
23785,7.127751375444495
23786,7.329746110724895
23787,7.857644247992634
23788,6.908507542183121
23789,6.690397261264785
23790,3.4694946772071162
23791,3.003728065921161
23792,7.184109589480746
23793,6.38149300297109
23794,6.537005102379967
23795,3.5833236498456515
23796,5.389206329333085
23797,7.137731892431705
23798,5.882256383229545
23799,7.4298355431804
23800,2.796840363752705
23801,6.9382878552499125
23802,6.281333892256928
23803,4.841403105399746
23804,4.992331279995895
23805,6.509831962912523
23806,6.072519729144883
23807,7.527776026308624
23808,3.076741570196703
23809,1.1672567600811061
23810,3.8169204465183513
23811,4.693115260385495
23812,2.7478628228358404
23813,2.152190313531888
23814,6.772364545177496
23815,5.814829339462578
23816,3.6533475995044427
23817,4.165928115230778
23818,5.878629611083268
23819,8.68644936345102
23820,8.991228559687691
23821,8.127710262981271
23822,5.775942809681949
23823,7.1223458124765076
23824,7.880273097588625
23825,6.384934144688718
23826,6.1488117464766265
23827,4.080530837528897
23828,7.486642015186999
23829,4.2213724580365515
23830,6.569613273123535
23831,0.2599406033145888
23832,3.5039010511239477
23833,1.700866595050249
23834,8.208991585297742
23835,2.38280630692281
23836,5.87217453882506
23837,5.581758223771426
23838,3.2449048881639704
23839,5.18179092475229
23840,2.503538218682656
23841,5.206008552256712
23842,6.30330057445518
23843,7.386974782707915
23844,2.2679343608603477
23845,3.9938454884297947
23846,3.717427733502525
23847,8.914922089291915
23848,3.6858321742210975
23849,7.696702122239785
23850,7.5134571263605
23851,4.97441378380355
23852,7.4522087925960445
23853,8.851549889427519
23854,3.897355264693991
23855,6.959826442783106
23856,7.445801753018722
23857,6.110596349370458
23858,3.0727673500960444
23859,9.266334433002232
23860,4.836402621362673
23861,8.3596520027244
23862,7.818239782298745
23863,8.194563088084612
23864,2.2431337351800265
23865,7.464478869325612
23866,4.201901322040338
23867,4.126945487577009
23868,3.847351877592309
23869,5.635129903663218
23870,4.588456316170019
23871,9.998413309947383
23872,6.1620746253925684
23873,4.60114865748983
23874,4.186903327177845
23875,6.734932092439692
23876,9.45195884882563
23877,6.769021506324004
23878,7.460451689392808
23879,5.079369187094086
23880,6.445893886413105
23881,1.2068518026991006
23882,7.749527571168661
23883,2.4101309930893065
23884,5.255605297128643
23885,3.9435231073164636
23886,7.467906172242545
23887,6.286727509877076
23888,5.822559888662971
23889,4.894410080929364
23890,8.780459463872678
23891,6.956945820534687
23892,5.8080703510245515
23893,6.039525364130401
23894,3.357296556088035
23895,4.257664003712181
23896,3.4774126526917812
23897,6.658119161352883
23898,7.432762491541321
23899,2.6577169567736028
23900,2.3143443245007314
23901,6.691002806349924
23902,5.289421844175677
23903,6.726192655356831
23904,6.480747685954076
23905,8.223511094461392
23906,7.5500017741533965
23907,6.945823014743868
23908,3.613727465479702
23909,7.200508183444346
23910,7.271269746212859
23911,6.307289440424784
23912,7.298141549446652
23913,6.122323310883475
23914,5.837395704539779
23915,8.440897396306612
23916,5.4180265140215855
23917,2.929010794197418
23918,4.999943750891522
23919,3.9219622917961585
23920,8.73307428627339
23921,7.3674547723158454
23922,1.1383484843060436
23923,5.2979129528795905
23924,6.626480433579191
23925,3.863124368667088
23926,7.023807509449744
23927,8.198848773181192
23928,1.1388668230520493
23929,5.1500815971108205
23930,4.0740574470435345
23931,3.380575866594588
23932,5.054876641067498
23933,5.9986347411894965
23934,6.073141560320721
23935,5.6117064555234695
23936,3.6825082298171288
23937,5.405923908916267
23938,4.68739915173566
23939,2.5589167200523257
23940,5.815719868429869
23941,5.444137178551806
23942,3.6649378358418994
23943,8.585617196851226
23944,7.4018746640309585
23945,5.604651678941823
23946,8.62093351243323
23947,5.007111902863365
23948,4.179482625278331
23949,4.783739493946096
23950,6.714920272119097
23951,5.126819523930507
23952,6.881080010209841
23953,5.618672661622273
23954,8.211116573289182
23955,1.9845598633593362
23956,2.6897108357163937
23957,3.95618757431843
23958,8.140389093600938
23959,9.99533020192072
23960,5.053343680694638
23961,6.263655856825244
23962,4.918669735957628
23963,4.279467491693325
23964,5.72982977360945
23965,4.430469679046466
23966,1.721346023076134
23967,6.2816218840457205
23968,6.816264537313439
23969,5.743793643458527
23970,4.727501916148498
23971,6.921147095858433
23972,2.907709657070046
23973,7.495696045560652
23974,7.4582050149438555
23975,8.597320416637457
23976,5.3261560442624925
23977,8.423605891091771
23978,7.488289848372952
23979,8.309942535318338
23980,3.7551466245292544
23981,8.791990964571955
23982,6.948827362938955
23983,5.269963232581047
23984,5.013659493773364
23985,7.984147142945256
23986,6.284986535758212
23987,7.031722536017041
23988,6.253075752376724
23989,4.821122677468573
23990,3.7247669776411856
23991,6.322307148172262
23992,4.187003598592281
23993,8.756909367473266
23994,5.263619137307827
23995,6.407499246874171
23996,3.3166241090073014
23997,3.6542077101826953
23998,5.357383369146399
23999,5.16845482460985
24000,3.0011382067070507
