id,bilissel_performans_skoru
1,5.853687464004452
2,6.450331986859721
3,2.8503603239228816
4,7.152587582519683
5,3.7785389741135735
6,5.292119736499405
7,3.318429997282264
8,7.4570223871804195
9,3.819792510385815
10,3.4790378677417717
11,8.71695218823453
12,4.115521496122945
13,6.41536996620325
14,6.94000239700784
15,6.067959600064473
16,4.360577380568009
17,7.234177022809352
18,8.241870543793144
19,7.044194498544183
20,4.904016563385628
21,4.394088175861416
22,7.276211409441027
23,2.775203387529815
24,5.458527634434912
25,7.253179016287329
26,6.50034582727239
27,7.157406362187629
28,8.104006366923425
29,3.881580590358439
30,7.767698838597145
31,7.078242820665757
32,6.698507632107152
33,5.428613794200285
34,5.477552896878151
35,4.366186156946424
36,5.398973142813313
37,4.896374467820966
38,6.092620972285127
39,7.348130744481432
40,8.056717169877542
41,6.536656606644108
42,5.690319705281231
43,7.038120394665215
44,5.446673233038139
45,8.794058591920457
46,1.7514061636296672
47,5.155392202512568
48,6.736454181822709
49,4.914686323134147
50,7.734400439143965
51,7.129585213277974
52,3.1847047617961075
53,6.9480945019503855
54,7.65385876901308
55,4.304007144433019
56,5.628754610506475
57,2.4029855863958822
58,3.6718595003981425
59,4.298850643275047
60,4.264999681598084
61,8.837755760508411
62,8.624575230760552
63,7.56586420321735
64,5.483696664018345
65,4.641778424679131
66,6.184724833621213
67,4.79084562451888
68,5.238375138974147
69,7.6766234662269195
70,3.0072354211453063
71,4.1365988707391725
72,8.481722434832378
73,8.518002595193078
74,5.942431250859572
75,2.7516081050895576
76,7.604561906446553
77,4.409186661047734
78,3.685891107040086
79,9.113670862795303
80,5.954290291659721
81,4.0523646072024055
82,4.5632031768341585
83,6.1640561613858935
84,7.281775032085168
85,5.674435348497957
86,7.00528070672107
87,7.558669065877755
88,7.809225639557084
89,2.862729534076988
90,8.432603144149617
91,4.147454602330363
92,2.817533805786397
93,5.807307011157923
94,7.877757577677734
95,5.7750112910822144
96,7.590974137444792
97,4.6685692160496295
98,4.094113622285235
99,6.096629842962404
100,8.834429649240889
101,5.094112331133731
102,6.009721620396815
103,5.459674208096042
104,3.7340162198876676
105,6.12895333560593
106,5.665980126902499
107,7.989726932184505
108,8.823333398667074
109,7.81126120580896
110,7.892420533163601
111,4.106056371806412
112,2.8344453480878316
113,6.902993054176989
114,5.74365603116466
115,6.895697077763817
116,8.328821384295473
117,7.863157900421134
118,7.742364968111106
119,8.62917086188657
120,3.494098066078049
121,1.4101701275743384
122,6.303376248374587
123,7.056597566957923
124,3.8470951581332336
125,3.507094987415373
126,8.30328284964509
127,4.334959203615011
128,7.031998271322073
129,4.661640507427992
130,8.327975086085026
131,5.705419596685435
132,5.715876687081059
133,4.851049341082776
134,6.765218870927928
135,7.219037122461666
136,7.456294232225424
137,7.4983679054794194
138,6.740200076387753
139,4.4374901501776725
140,6.551909299546063
141,7.3014076651983935
142,5.061028313746946
143,3.6330808021824286
144,4.5867906681092565
145,5.9080208997611505
146,8.255836915479309
147,6.113150363859827
148,8.033535738269652
149,3.503757218274446
150,6.9122945961879765
151,7.942137315172323
152,2.4097813177261993
153,4.993018949339238
154,8.017955270448162
155,5.925560081903306
156,8.583401976845726
157,4.356844520161608
158,4.960398509721561
159,4.731941831067452
160,4.333445062257318
161,4.519029946342439
162,6.4983554667467205
163,4.75595959451519
164,4.0483860463047066
165,8.66013345461787
166,5.839004496140728
167,8.449955393166794
168,4.166592485261855
169,7.87063083846525
170,7.738039238630474
171,6.829439147305797
172,7.786860373496922
173,3.239564364061288
174,4.723383804055683
175,8.025646537831397
176,6.039356626805805
177,6.229942967347142
178,5.824058050684505
179,1.275600444964844
180,6.211217354145533
181,3.5621634452758517
182,3.291089075766201
183,3.9589440988909366
184,4.010829423412862
185,9.33203911559556
186,6.065665047927354
187,4.695191577563319
188,9.211527283144326
189,5.8719558974169015
190,6.183229023644724
191,4.161357990989259
192,2.8924098350017586
193,5.415162923491595
194,3.47200007487434
195,8.96240964364825
196,8.17157316959715
197,6.672099795860223
198,7.585984113794548
199,6.826673626458491
200,2.89615794185148
201,8.837879807400855
202,6.822687837879942
203,5.538782257416264
204,4.508610697000076
205,8.611035539604426
206,6.073927690021073
207,6.403987853539368
208,3.8739483515423854
209,6.267672986804634
210,6.549584160770131
211,4.6323189171067565
212,8.272788732858551
213,2.8252559195369025
214,5.337872049862655
215,6.465066379801346
216,9.23750390290606
217,8.330920985809243
218,4.4348445616738195
219,5.527426521156121
220,5.085490017013045
221,0.8227582376947306
222,5.305437054683126
223,2.545564089326909
224,8.29480332863433
225,6.040625497258791
226,8.225913162271237
227,7.654657862580689
228,5.4045222148406715
229,3.8131321952131723
230,2.705396749722595
231,7.552590261361034
232,7.3019848066555575
233,3.9563162691392284
234,1.407349669443428
235,6.661282851774853
236,5.487865771880649
237,6.997943153178877
238,5.775818121062553
239,7.659050807293606
240,3.9773770691637047
241,9.046115398846945
242,6.64230869063424
243,4.5834836431663355
244,4.535404636065329
245,4.436058690486057
246,1.7170512262692168
247,7.558296209441937
248,6.323409756738023
249,7.031061424075532
250,8.46259060782403
251,6.465520499547725
252,6.795480627016476
253,7.142637150316014
254,5.606951334205028
255,2.058961226018674
256,8.78491445768514
257,4.43349136255603
258,4.894346067244815
259,6.579167784378624
260,6.4717029946899585
261,2.0222354594325918
262,5.539905609252989
263,6.114970718070316
264,4.727613482513994
265,4.540784068409005
266,6.4217553808037895
267,4.04950318937648
268,8.857234338261657
269,7.369573932677158
270,2.0202030041603343
271,4.820902226497038
272,9.6278198361439
273,3.7299970242053524
274,5.806736824687563
275,9.063130517065588
276,6.225770803573736
277,9.353013383302253
278,5.319188753994048
279,4.090668814054542
280,2.2729539275039663
281,5.122648984993574
282,8.775158943179655
283,6.236215057520519
284,6.0707170304411875
285,7.689548445755393
286,3.258419120138438
287,3.304057965706167
288,8.227864846304444
289,3.663064340405736
290,4.273330569418409
291,3.1208654991135747
292,4.115953427394701
293,5.636076293099544
294,8.861289575486904
295,7.118047321192503
296,4.844445491457284
297,6.299611244819827
298,7.745174174518856
299,4.744609553378192
300,4.363890058649378
301,8.793781419933708
302,3.3355148715604503
303,7.370378914950886
304,3.756202761816266
305,8.833119532977284
306,8.044573797624388
307,7.050343761360537
308,4.731795512773083
309,4.986508550088153
310,4.427450557236399
311,5.669823621850755
312,5.075077841278171
313,9.324562502004976
314,7.2186000352237425
315,5.762982374611797
316,5.946994375674935
317,2.418185595465407
318,5.4275692368443345
319,5.006621823601366
320,4.20798965624348
321,5.519428243818719
322,5.393793991979574
323,3.756218959901595
324,4.944281075726414
325,7.660894391723732
326,7.448243891925779
327,6.60293439642742
328,7.044128487094531
329,3.538153974414547
330,9.022918942308717
331,9.395623210967644
332,6.845313881232975
333,4.884625315727625
334,8.791334872988738
335,6.888105020012829
336,5.875739599975642
337,5.461105179776154
338,7.638323270629829
339,5.0293568208576085
340,6.881071281367657
341,3.8748531672397313
342,2.407016931565258
343,6.752476508177008
344,4.443788033506353
345,5.7351875145680165
346,6.001168624308311
347,5.758001686815146
348,6.268713905796506
349,4.390667228742376
350,4.150109661612156
351,6.417462523951237
352,4.353838670259158
353,7.277553802340006
354,6.307426758335653
355,3.330421749498397
356,5.351696072929224
357,6.656622080743258
358,5.546976948758024
359,2.961930461877008
360,8.482518391106943
361,6.851790004978776
362,5.613854803954422
363,1.6255246096640164
364,2.9885013550858117
365,6.692621539441251
366,5.479920609675263
367,3.5664025923510136
368,6.940393116974936
369,6.58241730683862
370,3.877021484284937
371,8.417248720568239
372,6.3738490406218595
373,6.781579469449756
374,3.926238635118724
375,6.2163321053056055
376,7.639096020081253
377,6.102119349160668
378,8.248725379459932
379,6.590161960720389
380,8.715038215071107
381,8.762607753249
382,3.2974980084272296
383,3.806751022271705
384,6.750857912538126
385,7.955011779255049
386,6.730518968991255
387,9.166595018523743
388,7.950165024535535
389,9.734881211723922
390,6.196396200192307
391,5.346895534764555
392,3.8076467676029506
393,3.9866365849544363
394,8.701398167738782
395,5.235912403227659
396,5.537063317317425
397,5.729500062458966
398,0.6538344396356095
399,8.588384910955073
400,7.015326431745588
401,7.5733037103892435
402,3.2182087782536737
403,4.286957011855453
404,6.966854327404086
405,7.846467806769093
406,4.068477259386244
407,5.657982305089714
408,5.651203071025056
409,6.151476414718908
410,5.2067981058181925
411,4.654995432509458
412,6.961705735083507
413,5.3956481104654035
414,6.361040689384117
415,4.894121459629032
416,4.753156403869322
417,5.129377664988063
418,6.135700641239156
419,5.942491062794115
420,3.1636852371625412
421,4.082074494944772
422,6.624609313625751
423,4.5754664943269505
424,2.784006461847226
425,6.305399820236379
426,4.9593997887468095
427,3.317522643691091
428,3.9966424660274407
429,6.376991037331603
430,5.964708484301276
431,7.575456543333509
432,6.744167020053062
433,7.691099169316765
434,4.236081467322465
435,4.856489953261617
436,4.2513441665786065
437,6.316224923393099
438,7.339860522299267
439,3.909593105617703
440,7.895694151537303
441,7.824885422435959
442,2.758519719228006
443,6.343252875670494
444,5.088604294466833
445,2.0168900532554543
446,3.53813680170746
447,8.059634698717746
448,2.440401470002086
449,8.758864229243864
450,6.210937477101627
451,7.895389325977305
452,6.812421784274736
453,8.661815085990362
454,5.042452783880578
455,4.515220668094603
456,7.550774296080123
457,5.084291469264737
458,4.885464146098572
459,6.449952681759632
460,6.713441913967583
461,4.0276218759861795
462,7.480890835142066
463,8.965333652274108
464,5.113163370037554
465,5.770952910311368
466,8.297990537672314
467,6.693521621691428
468,5.197280556969363
469,5.271563669285351
470,6.491217611630697
471,5.740450963644163
472,7.034059430558454
473,8.664689176683789
474,3.8837604591130277
475,4.407642293830552
476,4.919714730371981
477,7.339897044106594
478,6.546545321105151
479,8.221146087642818
480,4.591634915708089
481,6.309014581496795
482,8.411837840606115
483,4.390418860934092
484,5.860502673561369
485,7.851206230842029
486,7.387659592669676
487,2.479715447543406
488,6.544870323075581
489,6.543046930966662
490,5.71795313565987
491,9.91964537740675
492,2.8431375743131904
493,6.17968232992977
494,0.8736380882597068
495,6.383586721149463
496,7.051719810299259
497,6.864411037938964
498,7.560995494922933
499,3.807820421871387
500,6.5655149979355665
501,4.912181393243763
502,4.678691994029581
503,8.60164222365538
504,5.325439037528827
505,3.3410992654468363
506,5.1666737133137755
507,7.455780530872087
508,6.557444143895934
509,8.295438769476927
510,2.4897178144955068
511,8.446368730668505
512,6.753933544839272
513,4.337057724550851
514,7.296192089931768
515,5.115243640847302
516,9.032186023511178
517,4.720767800550352
518,6.262516127461593
519,4.0083947224697365
520,3.3871448172471776
521,7.849606853831392
522,5.69163220317649
523,1.242275862325301
524,9.336889774256854
525,7.368739018724973
526,4.4365752532517835
527,4.608483607129517
528,3.5104381124057804
529,7.736030194332049
530,7.482969294680726
531,6.254738434613662
532,2.08617759514831
533,9.006647588681021
534,8.686044315014286
535,6.67559667565579
536,6.180687779628521
537,6.821268148567123
538,8.706133179986484
539,2.685679331764117
540,4.110579681521634
541,5.510377037948165
542,7.03298653858792
543,8.329624693860737
544,6.853573449437824
545,9.50087802489342
546,4.851525305491338
547,4.488754042309716
548,7.302163332323202
549,6.322339496720275
550,7.2867969443798515
551,4.466786031926613
552,7.358557257677241
553,8.950178095393774
554,6.595732407001919
555,6.50940860513316
556,8.111194371130658
557,5.648687731536572
558,5.4992584402476545
559,4.493994846078242
560,3.042042878258891
561,8.918579762769166
562,7.964042290673454
563,6.067030583927335
564,6.164269806087272
565,4.883113089035454
566,2.823507002797073
567,7.48351301524206
568,6.610873790447077
569,4.398501203126549
570,8.490098615214432
571,6.200171606455944
572,8.667383780669752
573,4.659612624708814
574,8.594564144647416
575,5.671672267524595
576,5.173577434497213
577,7.8300655519719
578,4.450821462181397
579,6.6966054219482665
580,6.215835860599899
581,7.11535889589261
582,3.850405196682985
583,5.1229449188372715
584,4.434770492914801
585,6.598377235778521
586,5.965594477179183
587,4.77408559195774
588,5.483049416216154
589,5.684004903682183
590,7.268655246499274
591,3.7674936468066447
592,3.282428923998932
593,7.258186559237623
594,5.969245376041734
595,6.34394603806092
596,9.72384137653237
597,5.697053753583014
598,3.033590519496235
599,6.592421637766574
600,8.26924781507811
601,7.90201235363367
602,4.397607908288759
603,5.38185927457355
604,2.077532042266194
605,1.7559488973178157
606,8.347954027183189
607,6.38325583621266
608,5.507392932028607
609,5.665032792034212
610,5.934544266935528
611,5.235608292813238
612,4.93961745440948
613,6.760155612832923
614,3.9692427214903017
615,6.507514235978867
616,8.33425409624461
617,7.288009565526087
618,8.344445925297372
619,1.7284564835926828
620,5.8107236716628545
621,4.570542307372715
622,4.891781686670883
623,2.110756005599134
624,7.780543209820411
625,5.573078036780485
626,4.898130905636004
627,6.326117942296361
628,4.809794045891746
629,5.4228130586562
630,5.174743090041005
631,6.383151680703806
632,4.110735275679083
633,8.532447186560765
634,5.931547658265799
635,2.6852384099910895
636,4.773435067018333
637,7.963014586248044
638,5.284546272604222
639,4.414090218642283
640,5.892726429470493
641,3.270459265349729
642,8.809075946152536
643,3.559507305061747
644,6.229726943108579
645,4.996605912440405
646,4.228600246884627
647,9.631330304342692
648,6.580896282511878
649,7.422568110876278
650,3.0844734208355242
651,9.737297613258647
652,5.784224344307592
653,4.468177251189326
654,5.045044464685079
655,6.769060414464839
656,5.480975824898758
657,7.578009593526572
658,7.955358894575054
659,6.904482343785411
660,3.5721430693675638
661,3.528241262548182
662,7.093413061711841
663,7.6130347447751525
664,7.546559672395486
665,4.887349540592317
666,9.108062801240203
667,4.468920263503877
668,6.46999594811538
669,6.569257251526274
670,8.395945792876844
671,5.206566440618347
672,7.173802995988306
673,5.371779420325721
674,8.255723919212237
675,7.002976922737593
676,8.277343923434895
677,5.772751918234001
678,8.104626914132716
679,3.9401178478316727
680,8.009274682492277
681,2.7011863889204193
682,5.622274392722269
683,3.665300099985571
684,8.566853104800227
685,3.648741972859338
686,6.649103635632322
687,5.5268124789133255
688,6.427376353325347
689,8.772122513683406
690,6.6375885255789004
691,6.7068338711283175
692,5.551801185510575
693,5.170129434103712
694,4.991878313381814
695,8.378545313830877
696,5.807734156686701
697,6.938078013079389
698,6.466118223109578
699,2.415590197284947
700,3.5766318161998263
701,8.434353798111363
702,4.39270836489799
703,4.18114630659715
704,2.290717799403075
705,6.7790875820133625
706,7.880060683094802
707,3.256682341820646
708,7.2923403172382955
709,7.612330664333527
710,3.72312783273281
711,7.910955808049012
712,8.017129060015463
713,9.251162007977936
714,6.596989027589609
715,4.20059721022743
716,2.378293579533139
717,3.902693109829599
718,6.744635449404365
719,4.970276765731747
720,6.102558380657918
721,6.1798750194712895
722,5.659506018514116
723,8.078549103481087
724,9.617987848732966
725,3.4161427820019794
726,6.243950675479321
727,6.914274803796662
728,6.5883219144313845
729,6.278864587153082
730,4.655363834310151
731,8.338456632860138
732,9.385666427533799
733,3.895425646558364
734,2.35237366594299
735,7.759505528698902
736,7.650033665077461
737,5.556037961207532
738,5.008385226580559
739,4.754731626784768
740,4.713657742694084
741,5.554395161553175
742,7.881623996521859
743,7.328750139208605
744,7.621474414761862
745,4.828577797265213
746,2.766364613329269
747,8.73115068059552
748,5.467488497275034
749,8.13057304664181
750,6.308002349920256
751,3.9534312987250146
752,7.680838312597466
753,7.43306706165305
754,4.679784560598707
755,6.444163230140578
756,8.103409921887344
757,4.138149236019253
758,2.902021375520868
759,4.299266196212157
760,8.047063315926517
761,5.254439325492683
762,6.40806568022854
763,5.303904322049151
764,7.230209871380082
765,9.256593598635531
766,8.393628338133723
767,8.184975846657919
768,3.457988680893466
769,0.7870044454586661
770,7.299502576922594
771,6.445215367078723
772,4.944339020741277
773,6.623917087854332
774,7.069982766667524
775,5.002788963294262
776,7.081452322719172
777,5.4276514869447166
778,4.552355351343946
779,5.777159223248979
780,4.32359489595552
781,7.273956209505855
782,7.608409072946882
783,8.685771738337833
784,4.1417834625477
785,7.395545857929578
786,6.1997835135024495
787,5.250931425381655
788,7.056000122819766
789,4.2367014232720255
790,7.158756211743235
791,5.732818493419609
792,5.92010843589194
793,8.06001701552679
794,8.479668362711996
795,5.858744767443149
796,4.921248186275849
797,5.0829415116676735
798,2.533604307742767
799,7.254646907435241
800,5.963710239464399
801,4.997566570266804
802,6.70325355586576
803,6.66330344817514
804,6.191252798135877
805,5.9004585398722424
806,4.762355157039325
807,8.050367661491062
808,3.280648230430532
809,6.552273143815512
810,5.437871813170861
811,8.716654622422668
812,9.10837689624259
813,5.674609756792792
814,7.067829404444304
815,3.2754891968709687
816,5.747984385118773
817,4.256524058748019
818,2.2844936149871584
819,5.2245966494955685
820,5.080294999573248
821,7.1359403951361315
822,5.945538238321831
823,5.852292911168307
824,5.472115326414183
825,2.682896767268559
826,5.549414059576069
827,4.7522669615791395
828,7.264015862407034
829,5.781971641246839
830,4.288819020612459
831,5.305748368691624
832,7.832543325575171
833,5.142148825643391
834,5.722592784319256
835,9.068993284872644
836,3.5494618455887097
837,6.856157241986343
838,4.58690713444795
839,6.809218137582526
840,6.6715140294301225
841,8.34463620856292
842,8.103550475011422
843,7.264755176294
844,7.334746108007039
845,4.1799378037038055
846,5.320324556699122
847,5.455752510395891
848,7.416634467772503
849,3.318457064563904
850,3.29416925949253
851,8.31433523733363
852,7.333848886612752
853,6.176643892660408
854,7.543417885777255
855,9.907795592852239
856,3.711643561855189
857,2.435082056781717
858,3.4329139965431184
859,5.360223031875673
860,8.06792372183299
861,7.067543357514456
862,6.265767729734627
863,6.007014975105028
864,6.633896723624546
865,5.070460187728575
866,8.875039803847733
867,4.300330706186482
868,4.13985953310811
869,2.843291574406674
870,6.607137673925735
871,6.778556646460238
872,6.8575179986528045
873,7.366514138540728
874,4.0996095880098125
875,9.481815761900496
876,3.9349066521261498
877,7.356453953439405
878,4.668382247564333
879,7.8462188990708
880,7.205364770935981
881,6.6571703781248
882,7.864467586212563
883,4.9746799586271715
884,7.993954871098192
885,3.5492522295556164
886,2.4929966991154275
887,2.8916853557340536
888,3.8699802353326196
889,5.180776533398365
890,7.991898755259866
891,6.559067312944327
892,7.105832667175169
893,5.576647092569525
894,6.587287304086174
895,6.390587593256945
896,3.885023236152008
897,4.813484404600834
898,5.01013582705099
899,8.42927886894592
900,8.780273682118523
901,7.018211609543698
902,4.479727292730697
903,9.384723405860356
904,1.2582137988128936
905,4.8635299721148755
906,7.723216944346671
907,7.783008419897692
908,3.761111617476285
909,3.9196916597362765
910,6.942766704090152
911,2.872398854863219
912,9.625324819478417
913,7.247768388045133
914,5.721316323596961
915,5.4424036265822995
916,3.496961240729225
917,5.812752031108452
918,7.032651300669429
919,4.736402005585231
920,6.384751954608932
921,7.204416813020867
922,7.084206770987197
923,6.894806389421571
924,5.009164397983373
925,8.445235446404952
926,8.21969899848304
927,7.76631473708602
928,6.020836255800031
929,8.438896903708748
930,5.533323077566768
931,9.298696336078303
932,7.415000395512751
933,4.069832181769522
934,3.4097255021717663
935,2.9880385545869363
936,2.754753326338877
937,8.164237121891414
938,6.910308234572078
939,7.0287926731165795
940,3.8452618473693034
941,6.803385258689121
942,2.0476335753701056
943,9.329953955889039
944,6.242108023143611
945,8.086310547658782
946,7.556776583141283
947,7.847453592482179
948,9.604837338183899
949,6.1561653505771545
950,7.249585757985652
951,4.891561496468126
952,4.729895645170778
953,5.672040133551866
954,4.100183801577117
955,6.128686532566942
956,6.6861944664698605
957,4.274236765274313
958,2.7985021135036225
959,3.9396113598661815
960,4.379100351531636
961,7.686013027379055
962,8.331913846812139
963,4.319363745320576
964,7.724314388711493
965,2.947038483154051
966,6.688412585198217
967,3.8214756696513454
968,5.07664542553629
969,5.433188526379206
970,4.343607824645051
971,5.426932135120566
972,6.314939680004359
973,7.252065253609548
974,4.28132258004749
975,6.785881256602438
976,5.102237337452872
977,4.821133025407309
978,8.51809602513385
979,5.663392631286068
980,5.379032145167329
981,7.8076367538970874
982,9.025921674013603
983,9.374220796379596
984,6.239188922364544
985,1.7385791238734571
986,8.11431646230746
987,8.619887986576835
988,1.5843675027682504
989,4.367098209346573
990,4.965747476889349
991,5.33682438034119
992,4.279514617891863
993,6.535250366662761
994,4.453831284400325
995,6.951759994436465
996,4.4498810502711645
997,8.103141061762987
998,3.864112873844528
999,4.657365063151982
1000,6.081497752336258
1001,5.131515593676216
1002,7.555490089126744
1003,6.922932195055718
1004,7.838618215262685
1005,4.859026984687285
1006,4.318141137074367
1007,5.705930062713193
1008,7.361082777705189
1009,5.126049707898897
1010,6.358621880984753
1011,5.529087437675107
1012,7.457318754282874
1013,5.854237339797596
1014,6.643616353525918
1015,7.615000448289214
1016,8.48433207493595
1017,8.229173214878397
1018,9.537996654292508
1019,6.409308263983899
1020,4.983096808751595
1021,3.7460916968217957
1022,4.443430003260324
1023,6.723905459643962
1024,5.00975482503628
1025,6.356461932139519
1026,7.880081468022375
1027,6.892024543370782
1028,5.486081777262753
1029,2.945517718833736
1030,5.607526380756956
1031,8.162403638852904
1032,7.725844438543031
1033,8.447829410581303
1034,8.25804890766054
1035,6.6765834750063915
1036,4.869102910437484
1037,8.091015794784706
1038,5.193555428004446
1039,8.136211973704853
1040,7.626846207866034
1041,6.035399282455718
1042,5.687128808627408
1043,6.543123783525317
1044,8.478996829358806
1045,5.818818139509974
1046,5.268500054597098
1047,6.452896097153083
1048,3.659445602581446
1049,4.505603569719161
1050,6.9074372150892245
1051,8.613557722715898
1052,6.296262085270311
1053,3.4336244138704224
1054,5.99914218932941
1055,3.0660860269356274
1056,4.303345294109634
1057,2.9176567601229997
1058,7.641175878861948
1059,6.614799744873774
1060,5.009662326848356
1061,9.251383172897771
1062,7.17855849838086
1063,4.828225957641416
1064,6.083519500494253
1065,5.102261805385235
1066,5.7466928628185485
1067,8.259437300493339
1068,7.6625268622292095
1069,8.695408805955099
1070,6.240765476835132
1071,9.646561099436969
1072,7.447603177973989
1073,5.917887881657471
1074,9.269034574564321
1075,7.779049214808906
1076,4.352488238933999
1077,5.711867114560739
1078,7.454067770372106
1079,3.6122626480675235
1080,4.064746094885724
1081,9.936379396333379
1082,6.760528370940376
1083,5.012607625014386
1084,3.284086386485911
1085,5.034520953270372
1086,4.15483077588469
1087,4.025038045433699
1088,2.7695224747229563
1089,2.7042069428467084
1090,7.749046068046368
1091,3.698647563059816
1092,5.392202841650974
1093,6.607019243784768
1094,6.619476419683956
1095,6.054263400043713
1096,9.229637471253453
1097,5.688009904940509
1098,5.081378748578285
1099,5.869849944135321
1100,5.178022037013289
1101,5.749896900259559
1102,7.223804779784928
1103,3.892863261786828
1104,5.130594673087888
1105,5.785617585447398
1106,5.41498892480821
1107,8.386318480732143
1108,5.658792498949294
1109,8.165485863770149
1110,4.67053529428859
1111,3.6363294922310776
1112,4.2910058475945565
1113,6.827177580538928
1114,2.8365252055614754
1115,4.8637423765252565
1116,1.9486006654664392
1117,6.180499510859604
1118,5.932321271770596
1119,9.556332878353242
1120,8.369394817371308
1121,8.521959270007876
1122,6.62167373010775
1123,6.832631968654399
1124,5.520887572840628
1125,3.5524797577714695
1126,5.620219574684886
1127,2.6830977952434774
1128,8.034881591296585
1129,3.154301568948207
1130,5.946473663079891
1131,3.2382221815242254
1132,6.8130599101321705
1133,6.462655415433364
1134,2.986890372067978
1135,5.615947874291377
1136,7.538568970858664
1137,3.9580823606294335
1138,4.182275431927502
1139,6.752424910717334
1140,7.308502288749604
1141,5.002437708704319
1142,2.717285625886758
1143,7.692555627032874
1144,4.359462615080861
1145,2.108000446696859
1146,8.432160105628242
1147,1.8734043584447186
1148,3.292167590383979
1149,5.320754303902192
1150,6.071052919555635
1151,7.702940582275701
1152,6.335325268726569
1153,5.1630817351066876
1154,3.9844009022666755
1155,4.934798101379341
1156,5.087779218858185
1157,4.617761289742952
1158,3.552068800626937
1159,3.6407542205711767
1160,6.5099048590400965
1161,6.5784603843004135
1162,7.536686242633365
1163,7.331062580257412
1164,4.838674097555283
1165,7.540745996066925
1166,6.824758782203244
1167,6.78260152126624
1168,6.318536523566362
1169,5.816092396135309
1170,5.768964548904664
1171,5.285284794939928
1172,6.646127456547478
1173,3.8413001254090875
1174,6.887551440598339
1175,3.791538949000077
1176,4.143541902740889
1177,4.733266493835014
1178,6.076821817673962
1179,6.666067665386176
1180,3.285399485979341
1181,5.544626891912266
1182,9.614024017259167
1183,3.2384896592718686
1184,4.066295555232315
1185,6.949133494560659
1186,5.265709136226553
1187,4.478229623296804
1188,7.6784944311119725
1189,4.783660131892736
1190,6.928671546196699
1191,3.4455960811591977
1192,4.912217534164485
1193,4.006218237649076
1194,7.517846365719925
1195,3.9345143455661318
1196,2.3111627171588247
1197,7.933903025711943
1198,4.74049843107609
1199,6.498417524513646
1200,3.0936829632298917
1201,6.212743078916777
1202,8.51018803204208
1203,5.209126127994455
1204,7.4693228270554926
1205,4.891294168253119
1206,5.647629730807826
1207,4.256352068753322
1208,5.956978910758833
1209,8.034313718851628
1210,6.507934674987268
1211,7.557570573606547
1212,6.033470603374681
1213,8.828619772740437
1214,7.201268228228285
1215,5.5123481361111
1216,3.9907846113470624
1217,7.28418568018745
1218,3.569257501927926
1219,4.561755960714496
1220,7.699095062589324
1221,5.945532322951559
1222,6.963709672108715
1223,5.013570847189548
1224,5.187632961197613
1225,7.393116472293981
1226,8.639867509524972
1227,7.0437988645805305
1228,3.6622125804580525
1229,6.99508799456441
1230,6.972889078470577
1231,9.869711109383346
1232,6.516355849475427
1233,8.109292207987366
1234,6.572238292606272
1235,6.572071560944032
1236,8.326487768608674
1237,3.2576142086492865
1238,7.839183696676849
1239,3.5461809677737004
1240,7.640173447169277
1241,5.721218945468583
1242,5.8286105036012845
1243,2.6384478320945193
1244,6.655204032126042
1245,4.589984007224928
1246,5.5655703972897665
1247,5.307289854397032
1248,4.6370598207184885
1249,6.613556099370253
1250,4.72995036301427
1251,8.354085410831768
1252,5.683113129943955
1253,9.093167293352263
1254,3.689901672226025
1255,5.373241306815803
1256,6.6512806525696
1257,5.450061659210014
1258,4.401314287287461
1259,6.4261423347924
1260,5.93886379123162
1261,8.932317531198258
1262,8.18071133478568
1263,5.916319911364415
1264,8.199584820747216
1265,6.841202596510787
1266,7.356917397208862
1267,9.101170383931386
1268,8.041589919015507
1269,7.311131651514282
1270,9.587699197631029
1271,6.210394445611211
1272,4.75158450766534
1273,5.182813334538018
1274,7.453141615631911
1275,7.879132793578146
1276,5.447968107318946
1277,1.3458351342929071
1278,5.659823641720652
1279,4.052345744690343
1280,5.658936413659425
1281,4.602459402825229
1282,5.837391805127627
1283,3.5042224704599887
1284,6.259324815575084
1285,6.097997123134698
1286,2.498573955075729
1287,4.806647880596639
1288,6.212650856960793
1289,7.903464108531155
1290,2.9939853238395218
1291,8.23763087174396
1292,5.514609531256577
1293,5.02487313163337
1294,3.24657582091743
1295,7.082913115738393
1296,8.224625268467962
1297,4.516602443445637
1298,2.7959106260814393
1299,2.843735039492221
1300,7.629884448765955
1301,7.27623378226297
1302,5.957343046141491
1303,6.702040058897003
1304,4.178662958029696
1305,6.911587788376583
1306,3.9342951517096423
1307,5.11057900188494
1308,5.999560438423522
1309,5.718485403344131
1310,5.004142436925885
1311,1.6607693911423462
1312,6.799560381558708
1313,5.323911572862292
1314,7.630652879814263
1315,2.473203535387642
1316,8.76888268727315
1317,2.0161450375073757
1318,2.671705226821087
1319,1.806094480745568
1320,7.770137317631827
1321,4.004834616142601
1322,5.100353095171717
1323,6.101278333804785
1324,6.079833423383405
1325,8.456151812882974
1326,8.649996278150457
1327,5.45353663328763
1328,2.6323244443124167
1329,6.8346743516061075
1330,5.472465188743284
1331,7.381935406058183
1332,8.158148591580638
1333,7.583383115445441
1334,6.021765596554528
1335,4.817666204924704
1336,5.8195164131050365
1337,3.170100226036425
1338,4.893545225628731
1339,6.454204329260476
1340,6.374732165884211
1341,6.030263953532136
1342,7.334023205526698
1343,4.454315855809975
1344,6.146177574354322
1345,3.385081727138469
1346,5.278427265667061
1347,6.909683252815764
1348,3.914857351381791
1349,7.171980675485844
1350,7.006760309252061
1351,4.100105707852559
1352,6.7268078373417595
1353,4.690853428385814
1354,6.804473594114722
1355,7.336847964203894
1356,4.51668469029007
1357,5.80766546139143
1358,7.716740808589332
1359,5.716727355246098
1360,4.991390695591669
1361,8.512124412579091
1362,8.481033949429579
1363,3.839549795048896
1364,6.992744769215022
1365,4.144706965129851
1366,5.529002372682644
1367,9.672494815132048
1368,5.719465647956313
1369,7.746227497219971
1370,4.906782831628878
1371,7.4707313506463064
1372,4.91352563545246
1373,7.378735482559252
1374,4.559957364961669
1375,7.116498316995463
1376,7.067183179766613
1377,5.443346892382951
1378,5.809112518608783
1379,5.9427969496514805
1380,5.350218241078068
1381,2.0838943469790863
1382,9.186206296771067
1383,3.3864194050440326
1384,7.5324047437026795
1385,7.94858503495433
1386,5.314998337516043
1387,5.330222423301369
1388,6.58778193003044
1389,6.358624356847535
1390,4.6926455860791965
1391,4.7595085938627815
1392,3.850891959416116
1393,6.398832523819129
1394,5.022336176210497
1395,5.0006101401739045
1396,7.2282443366159335
1397,7.333496711008728
1398,7.563363037420882
1399,4.96811712757884
1400,3.6933723844723585
1401,4.83480693440324
1402,7.92331299679757
1403,7.715843205328841
1404,4.93663639426217
1405,6.268502666967204
1406,5.05894855499832
1407,2.9814251183595015
1408,5.148553686505409
1409,6.404761952131031
1410,5.662190399801398
1411,8.430199316874877
1412,5.276892520240946
1413,6.5814323651014774
1414,8.232672477463348
1415,9.167605293445172
1416,4.356394542311541
1417,1.676303673647602
1418,6.0810804124896825
1419,6.226287182915051
1420,2.703370888224125
1421,7.827537876404409
1422,8.887453871083343
1423,7.128281054450145
1424,7.506077021308325
1425,9.241583465558906
1426,8.049580588103412
1427,1.8105362795035507
1428,2.68789188454832
1429,5.049678968322098
1430,3.240473279724983
1431,7.091598222018895
1432,4.639599653141462
1433,7.955688244407689
1434,5.383660878941594
1435,7.722900353408749
1436,8.526491559474358
1437,7.520730857712108
1438,8.00457878488065
1439,7.195095138837377
1440,7.889491178775842
1441,4.905772264171619
1442,7.179769485425778
1443,7.233115123130625
1444,1.6191489121698566
1445,8.81362876180075
1446,6.7444600377046084
1447,6.824713802198067
1448,9.066269494970605
1449,5.730216586781627
1450,8.07876038153228
1451,7.471856233209489
1452,7.317491699274802
1453,6.022962541182841
1454,7.297555577530919
1455,7.187513879100188
1456,7.857790282341173
1457,6.512401873925427
1458,4.379986953028776
1459,8.360572200796963
1460,2.62262797182802
1461,6.267276320152736
1462,4.18287843047862
1463,3.45431529460706
1464,4.62906969357066
1465,3.6533764127289805
1466,7.131475740327469
1467,6.489267552769573
1468,7.015660026439166
1469,8.941288769545682
1470,2.3965359582006878
1471,6.180003701117972
1472,3.843323482892091
1473,7.937362656390755
1474,5.198628640510158
1475,4.643112127329383
1476,7.7906970098889365
1477,6.5704398982656
1478,7.0068476284315455
1479,3.9482006498350586
1480,6.96177414802399
1481,7.0855587642290025
1482,6.930360173413277
1483,4.90335901955227
1484,4.8825084743760785
1485,8.155575216383916
1486,1.7131645963245778
1487,2.9916490181746638
1488,2.230825666002045
1489,4.281215420400136
1490,4.414729744823175
1491,6.885723019703787
1492,6.420066372015479
1493,8.897736017863153
1494,3.893324104011697
1495,7.946752307671033
1496,4.974784845687496
1497,5.220212127709894
1498,6.468091157232676
1499,4.667902961054345
1500,8.41037655572664
1501,5.893857460263035
1502,7.0039081415903155
1503,5.536039591819893
1504,5.209477864291087
1505,3.9046165968539253
1506,7.4130646219130085
1507,6.899851969846557
1508,6.301705405972166
1509,3.276154247214607
1510,4.6926574570873525
1511,8.125320758383218
1512,2.5482945208024854
1513,3.3154559712939724
1514,8.60561255506765
1515,5.609089305947375
1516,5.223167310467713
1517,7.458460163707568
1518,8.16058534696009
1519,6.285816548429287
1520,5.196356584823435
1521,5.017079580852476
1522,8.04283537243545
1523,5.853668075948029
1524,2.932084854336275
1525,3.8092675874845887
1526,9.152154357310659
1527,3.7373739916603217
1528,5.984702114617496
1529,7.353986375036346
1530,8.14764013565049
1531,4.930386390699861
1532,4.1736224720345865
1533,6.183215805351155
1534,4.353812389409003
1535,5.135766653820176
1536,8.760646767590107
1537,5.276428935762381
1538,6.710510309504715
1539,4.758171828820564
1540,6.667742606237543
1541,6.488965618304568
1542,6.809961957249678
1543,8.798928626215492
1544,6.528653594474116
1545,3.529191629725623
1546,7.647071663969005
1547,4.716324227732317
1548,7.648563843934696
1549,5.716774123949381
1550,6.3113468058774025
1551,3.144416932375818
1552,5.668877155311549
1553,4.249543848871906
1554,5.861590488230411
1555,5.7256583384730035
1556,7.84461119949426
1557,7.470613292788961
1558,4.331938444897266
1559,5.647901048751298
1560,7.918774742457836
1561,5.298683600000252
1562,8.273614963144876
1563,5.372822684607034
1564,4.538350727776996
1565,5.0573939776303085
1566,7.931899446513398
1567,6.430057505682374
1568,5.015674789938717
1569,3.317447363406835
1570,5.3145145003424
1571,5.265494166916935
1572,8.966274617820702
1573,2.5515310216307125
1574,6.375680563963895
1575,4.033008595464848
1576,7.29077969419567
1577,5.247726387572338
1578,7.481347711161037
1579,4.1522444078101675
1580,7.2566494878602015
1581,6.52668621653136
1582,2.5421013074470995
1583,3.2476279321262354
1584,4.988039362229259
1585,7.2360684628862
1586,5.044480216039052
1587,6.814230868233419
1588,7.819050887426858
1589,5.685600820338452
1590,5.03596850246308
1591,8.186945620224229
1592,7.646916087626961
1593,3.56833589297396
1594,4.522068876835738
1595,1.2968789574566824
1596,2.4623047013343973
1597,5.5075766871445735
1598,7.134124857293262
1599,6.316745872692778
1600,2.625716659799362
1601,6.54362070878293
1602,7.620984709461609
1603,5.663686227261621
1604,7.670371589016381
1605,5.818007911892072
1606,9.589838090759553
1607,9.316519375944653
1608,5.174093958010637
1609,5.368127155807117
1610,8.708055937494874
1611,7.6406276185710045
1612,7.644967236271649
1613,6.805098750012751
1614,5.311444178640889
1615,2.9197122231093786
1616,5.951811878810594
1617,5.881074426111553
1618,5.7879243358913
1619,7.529768203825967
1620,5.887111286066697
1621,4.4175832220766065
1622,5.148674330311573
1623,7.431511767391065
1624,6.457054638624089
1625,7.357060718462442
1626,7.6817265941467685
1627,7.794637367720647
1628,5.423803785382098
1629,6.663504900227373
1630,4.256302643249139
1631,9.805828026410165
1632,8.296852161483859
1633,8.888813426604294
1634,7.45795279005989
1635,8.574121328235602
1636,6.11033065685897
1637,7.821140298458047
1638,7.702425116309167
1639,8.285543341051225
1640,5.1133757053434445
1641,5.549839637553713
1642,4.620596008137171
1643,4.8844267094651945
1644,7.225794446233562
1645,7.862433828073584
1646,5.92430368632679
1647,6.459851988913508
1648,9.093846018566564
1649,4.672542729395706
1650,4.379000132842952
1651,4.396215820141677
1652,8.017868669262302
1653,2.675378156793583
1654,5.786669476379155
1655,6.975029397114463
1656,3.4959477313215754
1657,7.369790676941077
1658,3.69920407442122
1659,6.64409616280899
1660,8.770659703185377
1661,7.4715022329783345
1662,7.400525751362466
1663,4.677139079638884
1664,6.4281073082168465
1665,6.230127662031982
1666,4.759029133905624
1667,4.136790411044009
1668,6.6748592797643695
1669,7.066364808006837
1670,6.71436274174274
1671,3.700762425072402
1672,3.9539818730125136
1673,9.550305466452588
1674,6.472881780334271
1675,2.510478052868931
1676,7.9218214564099645
1677,6.17312220259746
1678,2.9150125638475943
1679,6.138241887118726
1680,3.5447994374204166
1681,5.721092733028905
1682,1.7936120270270015
1683,7.529929069449443
1684,7.00696650303262
1685,7.468348676059481
1686,4.4746150805133595
1687,2.567487540398088
1688,7.173620485998506
1689,7.205229937716922
1690,3.3940484035171403
1691,7.45547503205627
1692,9.316384423360395
1693,6.88904739812364
1694,3.029798656473777
1695,3.16186164770445
1696,6.270262526983087
1697,6.081675180329849
1698,6.709782173917549
1699,4.76107524579842
1700,5.306344947973879
1701,4.54052738578182
1702,4.072675504033711
1703,7.4441591789292865
1704,6.883242417955168
1705,5.563950556776895
1706,5.513006177765606
1707,5.108689025561848
1708,7.5485759070006875
1709,8.283556088878601
1710,6.415588534874619
1711,7.201308847296888
1712,5.778199437404226
1713,5.365026861022784
1714,7.966902867817784
1715,8.627721936972518
1716,6.145518694521702
1717,3.465005031658666
1718,4.802797681264821
1719,7.120715944810334
1720,8.407970602121217
1721,6.671105922095665
1722,2.2318598199749786
1723,7.337330061950234
1724,3.293274546800431
1725,7.69877610014561
1726,6.094715624751497
1727,3.380661285399184
1728,6.259998407300147
1729,3.8108791973038643
1730,4.444040834061319
1731,7.108674816565725
1732,7.998008737418016
1733,6.245553001752974
1734,5.321428613732149
1735,2.549796785330879
1736,8.370137813758397
1737,7.568936651310757
1738,8.732265874325151
1739,6.741298985331754
1740,7.236912064909038
1741,3.262177342680618
1742,6.9585252626592995
1743,6.778373905965719
1744,6.583487900180366
1745,6.584073760356971
1746,6.49691393059067
1747,5.69208678471839
1748,7.801206318561254
1749,2.0369305774007964
1750,6.355168662604097
1751,7.034961220015716
1752,7.860096855476457
1753,7.365185361998938
1754,6.847234884009298
1755,5.650923705645463
1756,6.423014412636342
1757,9.591016922592424
1758,5.128636936203223
1759,5.140216016422626
1760,5.212404445478903
1761,3.219761955375697
1762,5.052908988948083
1763,3.5667543795494416
1764,4.303499642135475
1765,5.540034316321082
1766,6.481138268074972
1767,4.055472708379809
1768,8.070047286558125
1769,6.5242627728692355
1770,5.806246597636624
1771,4.615108343278838
1772,5.20221598302401
1773,4.27157734843094
1774,6.964036286569394
1775,6.936049905826309
1776,5.105577836134071
1777,8.413746795641282
1778,6.51626607000709
1779,8.055487155731958
1780,8.248334852889702
1781,7.30686685585185
1782,7.005654726492469
1783,6.2795980033247325
1784,7.0029098828895995
1785,3.8419833231287446
1786,4.4947474654592625
1787,2.688625419183289
1788,5.8806110393976985
1789,8.399927582016215
1790,9.032064739951696
1791,8.21093359324772
1792,5.606637530349449
1793,5.3401094298960725
1794,6.362465667601451
1795,5.289712524394226
1796,6.765650139302604
1797,7.894234907221756
1798,5.010640208468832
1799,3.5706789556122094
1800,6.341364840900575
1801,3.2388276074615314
1802,5.252230690358676
1803,9.243391875196714
1804,7.047247904377494
1805,8.993369558032299
1806,4.449829046511288
1807,1.3203478501438526
1808,5.371684056125455
1809,6.26211598855031
1810,9.36038960215178
1811,5.058224727162295
1812,7.1239177809272665
1813,5.822306044081485
1814,4.631471318431694
1815,6.743235827807968
1816,6.502421401865885
1817,2.0982480827318364
1818,6.745373138436285
1819,7.448022494012717
1820,7.2367837800684285
1821,8.342249224946656
1822,7.153377632282083
1823,4.75669029104497
1824,8.103861705631408
1825,5.82342149770686
1826,5.988901337240376
1827,9.512671240830548
1828,5.294610748414668
1829,3.389979223772754
1830,4.148222550778323
1831,5.835191812189345
1832,5.460559719756136
1833,5.52205501810986
1834,3.986936036973074
1835,6.527449761165913
1836,7.1284002195829546
1837,3.1923511087898593
1838,5.1767040137458995
1839,7.395477351844431
1840,7.327729131051136
1841,4.462161200793071
1842,6.239913748067555
1843,7.654381471656093
1844,3.6153071727718613
1845,7.418841725516039
1846,6.533847680849757
1847,7.862559934645422
1848,8.494521953181904
1849,5.409859235526594
1850,5.33890094143324
1851,5.4499598410443895
1852,2.033054210934959
1853,4.7465525662831105
1854,5.094266421952585
1855,6.281653953594603
1856,2.947309592762663
1857,3.957959422058533
1858,2.8930890096352173
1859,4.703623593366804
1860,4.9961523704455635
1861,3.864855909367261
1862,8.12448960560842
1863,5.411122808781261
1864,5.597743103174732
1865,6.595299740486564
1866,8.753525884999071
1867,7.390537127525833
1868,7.584812888825845
1869,6.747770434908282
1870,5.0535486942788115
1871,3.8007541195367898
1872,5.888388084552975
1873,7.0780012280476665
1874,1.00933675216235
1875,5.837280017190434
1876,5.652235978819595
1877,6.87795971304874
1878,5.380096972268305
1879,3.065430499180353
1880,5.507254960894655
1881,3.3254307876494527
1882,7.589836925576469
1883,5.351414712689516
1884,9.518792726487359
1885,7.585291765889461
1886,3.7343656440097743
1887,6.664075024741608
1888,4.197110381573523
1889,8.222079149448833
1890,4.9307869647108244
1891,6.631486176396926
1892,8.538053873049908
1893,7.794543898005085
1894,6.979008464543998
1895,7.413311855358599
1896,6.678274458434833
1897,6.575143168675126
1898,6.141675412960532
1899,8.784413954716566
1900,7.4468859437994235
1901,6.352947647374927
1902,5.644075810730663
1903,4.282426280873343
1904,5.787296674785473
1905,3.4683032122351283
1906,5.35134660832051
1907,4.88153147845374
1908,7.3689809563914785
1909,6.095246434330129
1910,5.884063693936917
1911,6.422681408450394
1912,7.074894244165508
1913,6.882994155621573
1914,7.433818752136144
1915,2.482368196339251
1916,3.5014368265391833
1917,4.069878331031511
1918,7.062591551489985
1919,4.209146678562431
1920,7.591052316776143
1921,5.589685829821136
1922,5.976221934192792
1923,4.911498504017885
1924,8.102920858122495
1925,8.162956227042688
1926,6.55495269063498
1927,5.179731882034553
1928,6.492972430595795
1929,5.447436262995927
1930,7.59005934165415
1931,3.1080044701883325
1932,8.043497657734058
1933,3.702793000721542
1934,6.37643341956833
1935,6.082068357789044
1936,2.7156813946559586
1937,7.5389889018135925
1938,2.027327173706096
1939,5.249285006302417
1940,3.738358509081155
1941,4.659849158255247
1942,4.142769550845147
1943,8.416075731119701
1944,2.2132494347976577
1945,4.501040098708609
1946,8.11173627142944
1947,8.50449560938105
1948,8.272865201288528
1949,6.864097248714699
1950,1.4788571811576299
1951,6.892833732602324
1952,8.457948521503027
1953,4.528482929620537
1954,3.8095211521528176
1955,4.968111581232765
1956,6.75960156462931
1957,3.5997806094370888
1958,8.017638191890782
1959,2.4628987140341607
1960,8.65746797370553
1961,5.957528299158357
1962,4.219836396774928
1963,8.36581987192113
1964,5.35938411183346
1965,5.091808238400344
1966,7.918236935258569
1967,4.099746258454019
1968,6.732858479085888
1969,6.680584752037637
1970,5.420334624236299
1971,5.766932855581041
1972,8.355190010575804
1973,7.044897542276533
1974,4.839387667852219
1975,6.435327698129127
1976,5.4810702487549445
1977,5.900950402102344
1978,7.778615520378263
1979,7.0343822294643985
1980,5.6825841250655005
1981,2.14559090439995
1982,6.472202629483584
1983,7.164315668913238
1984,9.108360210320566
1985,4.067580958577087
1986,3.631019566311904
1987,4.470327041563602
1988,7.534043718334378
1989,4.189596080778081
1990,7.555108795756135
1991,5.753569105580708
1992,9.083853177517367
1993,4.102046032021932
1994,5.821611375851898
1995,6.306098650922969
1996,6.54915477051108
1997,8.753822516575013
1998,4.668328178972504
1999,3.8481165910491444
2000,8.768777092980148
2001,3.881191020103016
2002,8.561719499858429
2003,5.249108478794929
2004,6.250775180335277
2005,7.539732560967993
2006,7.07223725366941
2007,4.983518882424445
2008,3.674157591266576
2009,3.087497681571845
2010,6.708804684462512
2011,5.929619887233342
2012,6.329987837657322
2013,8.38014836721039
2014,5.705688239086768
2015,4.172615895013803
2016,4.0721646592132394
2017,4.60571892986218
2018,6.708667404776562
2019,7.004072649357971
2020,6.9458791138387905
2021,3.41995436133087
2022,6.749300323100455
2023,5.492491451125302
2024,6.2814811499899275
2025,7.810024036093976
2026,8.119450157530817
2027,7.672824079254047
2028,2.9821913312322974
2029,2.072354413304397
2030,7.959723213651736
2031,3.797479562884755
2032,8.82847272129436
2033,6.64172787173286
2034,4.0227606198123755
2035,4.568533382691442
2036,7.7091136960866375
2037,5.5254049035957395
2038,3.9502339490727993
2039,7.527344436346208
2040,7.540213450768929
2041,4.530518799746883
2042,5.048053421373946
2043,5.581104001026309
2044,5.887927853627773
2045,5.723422241983435
2046,6.682408563239883
2047,6.72925323739296
2048,2.8085743619735264
2049,5.491832530459019
2050,2.217104699384724
2051,5.343678061966078
2052,0.8429504378562236
2053,5.087511820961784
2054,6.895463329511266
2055,6.356960011197392
2056,3.6359588404278775
2057,7.081819466676407
2058,5.350217743239077
2059,7.165603160983227
2060,4.806956657091268
2061,2.866849615076175
2062,4.504419449205252
2063,6.663884952288729
2064,4.931956749502041
2065,4.55296169484836
2066,8.9760226562207
2067,9.80428246811677
2068,8.364394469197412
2069,5.221110180094269
2070,6.0414976283823965
2071,6.605863267302849
2072,4.240867372631113
2073,4.499047736613084
2074,4.116165412838124
2075,3.792267896033498
2076,3.529604385189546
2077,5.381918096187551
2078,4.867795298584213
2079,6.884324099129062
2080,7.596092489750394
2081,8.82382559580861
2082,6.150249544510011
2083,6.10386154460301
2084,6.812424448309757
2085,8.240169285613078
2086,8.020132950495142
2087,4.529437294839806
2088,8.105137402697332
2089,8.954958900840952
2090,8.891800726756545
2091,5.5444488101488485
2092,2.617197791893082
2093,6.614242892403165
2094,5.3489279000470065
2095,4.0046190867639595
2096,4.12896745743107
2097,6.343275514985874
2098,7.2325686278252
2099,1.885276859825919
2100,7.299751063608498
2101,3.5255353975601755
2102,7.214987373660475
2103,8.665068144270652
2104,5.901328272787134
2105,5.007379291837866
2106,7.933818881679677
2107,3.0722877266439843
2108,2.9549858180946136
2109,4.253819378556273
2110,6.593712439890141
2111,5.290733119475712
2112,3.9674536233765467
2113,6.022838531058038
2114,7.280555724486058
2115,3.7134740938864486
2116,5.328404135553103
2117,8.796176259496644
2118,5.640847231881578
2119,6.503770401431822
2120,7.951845209891793
2121,5.133407102039536
2122,3.4003729114937005
2123,3.097260155999161
2124,6.735721892703906
2125,6.835268834543903
2126,5.127039746389626
2127,6.39207435075415
2128,7.744261769619097
2129,4.464664580568679
2130,5.4692769357470645
2131,5.380821550691024
2132,6.33303793806469
2133,5.5038189141790035
2134,5.596772553506145
2135,3.2576816461603166
2136,2.4491113551676613
2137,6.9929691053979885
2138,3.102269560620074
2139,5.9731838953820215
2140,3.421222197835466
2141,7.202616349628702
2142,3.006135000982289
2143,6.585109128720866
2144,6.6564583646719875
2145,9.603018670116668
2146,7.397212032725253
2147,7.322942395829017
2148,5.574601530912245
2149,8.35617251413119
2150,6.712800683739419
2151,4.986840104715238
2152,4.800097910052411
2153,6.4977842937073
2154,6.582814882856923
2155,6.358517697859811
2156,7.025523110150523
2157,5.756463579276966
2158,7.950162564800701
2159,8.612189780199262
2160,4.674813220979208
2161,2.562764610931051
2162,8.056731823172909
2163,5.785702402229089
2164,5.306885859749455
2165,5.874364699781086
2166,6.802822905986329
2167,7.5186436008742055
2168,6.227805912078029
2169,7.317639548853927
2170,7.067686220167391
2171,6.375136379483672
2172,8.452225836639546
2173,2.2383199305830668
2174,3.920506369228266
2175,5.192797579561197
2176,8.525090014483855
2177,6.341070234269053
2178,7.1295753551838885
2179,4.515550806049655
2180,5.370416264982559
2181,2.6647738224908997
2182,5.116626964670391
2183,5.377651082408537
2184,9.121985820381349
2185,8.53104678620258
2186,7.545765270016361
2187,3.5925766430385604
2188,5.185172389258883
2189,6.214365201335228
2190,3.6871105067822976
2191,5.917124215739112
2192,8.754802547101725
2193,4.27375426951324
2194,6.328505453098709
2195,7.68875002626379
2196,9.068826470073637
2197,7.592067536812957
2198,4.028783934130075
2199,5.839476732300242
2200,7.661988450347989
2201,8.089239991511214
2202,7.768098816582354
2203,4.59988200633616
2204,8.436727767625456
2205,8.785749833671606
2206,5.087427013288405
2207,7.747305157514163
2208,7.226068099534085
2209,8.263734450292063
2210,1.651889550382897
2211,6.179233643327057
2212,9.089605038339684
2213,6.891009744390093
2214,7.524837614295968
2215,8.156128907752773
2216,3.231710457340392
2217,7.450292906390375
2218,3.8912346726442584
2219,3.160194144549287
2220,8.487338325659369
2221,8.13953833477559
2222,6.841180437620162
2223,4.352222912218242
2224,5.622427900271106
2225,7.249743175302704
2226,6.725008931859154
2227,6.77566681481353
2228,4.948545852631213
2229,8.198912763150048
2230,7.347654987637981
2231,6.364008786781194
2232,6.3815810521832
2233,5.855678443133526
2234,7.8692815225773
2235,7.079019144662297
2236,4.759028747254504
2237,4.825995356078111
2238,4.521693913821183
2239,7.156981548409059
2240,5.603937972621839
2241,4.448785671002853
2242,5.10301046953168
2243,9.232535225832116
2244,6.576312585923178
2245,7.205147234499952
2246,7.2543100240930976
2247,9.486605051604595
2248,7.930813458029849
2249,4.6346004479242175
2250,5.325531322747645
2251,7.234241567284951
2252,7.677632675419994
2253,5.497937010487287
2254,8.52026526827241
2255,3.5908084556760627
2256,6.78634662840848
2257,5.274945939599233
2258,6.316179016036627
2259,4.064785403479478
2260,4.63480079120319
2261,7.995735065108201
2262,7.586441708223521
2263,3.497462600591462
2264,8.845087370375818
2265,5.908760812436017
2266,6.8026345025244215
2267,5.257956089855349
2268,1.7214895880665235
2269,8.113584153139605
2270,7.141418969911924
2271,6.582657732263784
2272,3.032272498372546
2273,4.840143539825622
2274,5.383248120638791
2275,8.650666223218066
2276,9.640971285471856
2277,6.183894993604962
2278,5.0936899887537725
2279,9.589220030304178
2280,3.6382804689358124
2281,5.564452844820691
2282,4.209732559410851
2283,5.722141099766924
2284,6.2281012704689
2285,4.132830610187987
2286,5.447181075306263
2287,3.804520455229637
2288,4.142021096335811
2289,5.755283802276528
2290,7.5125797028953585
2291,8.296310213026015
2292,8.405368340814753
2293,8.23239897754916
2294,2.871404354321567
2295,7.493482729074763
2296,7.943387953716906
2297,5.524481265909485
2298,8.151278238579794
2299,7.992372670275759
2300,4.522019324008328
2301,5.582399487812252
2302,7.905979198722764
2303,6.377379083098832
2304,5.523667901087322
2305,4.781291553891972
2306,6.326573539082354
2307,5.766900312246966
2308,7.974681884169448
2309,4.3974337046840315
2310,3.288816417545613
2311,6.60172590949376
2312,5.171889570382197
2313,8.641964300827718
2314,6.928259113741484
2315,3.0176301034837136
2316,8.866144080674111
2317,6.660101503788836
2318,6.563596796838482
2319,7.316373987034654
2320,6.294091078375763
2321,6.45883992141113
2322,3.18214627964639
2323,7.457594544548161
2324,7.160336408202703
2325,7.592595876417489
2326,4.9123909954598375
2327,5.91408989208974
2328,4.736235848367144
2329,4.9551225045496725
2330,4.886516642198307
2331,2.906775512643172
2332,5.403267860236408
2333,6.911391879166581
2334,5.999813787153858
2335,7.198107849560841
2336,5.247512289085628
2337,4.342432106370813
2338,9.167576834634067
2339,4.59962418979821
2340,2.978748087630891
2341,2.105942672718418
2342,3.8193867121920455
2343,4.496267383579719
2344,7.350528756679607
2345,5.584585679981619
2346,3.037129165952897
2347,9.417214284729859
2348,7.572233239983712
2349,4.003434996376061
2350,4.077096689970601
2351,5.583500103485594
2352,3.769794621341317
2353,6.175684249265319
2354,6.244764946352924
2355,8.51831595859083
2356,6.834235309113842
2357,5.140066376984439
2358,5.425372617146086
2359,7.665460186676812
2360,6.647337826591046
2361,4.7927593600281675
2362,3.3915598582471267
2363,8.44731741531314
2364,7.490261147216518
2365,4.692706441755143
2366,8.144259336752098
2367,6.907024288019407
2368,6.2401666003970355
2369,1.89173007714217
2370,2.9152738244733687
2371,6.458697731384674
2372,6.139297561398978
2373,7.245701552183633
2374,3.3771452609545083
2375,3.421952534970436
2376,7.025989286951017
2377,6.428292096370177
2378,8.65804898080907
2379,4.399908373579278
2380,5.4935371804886515
2381,9.019505212059787
2382,8.087783720175024
2383,3.2425462218399472
2384,8.032424710628355
2385,6.263244610286668
2386,5.3393933315771305
2387,5.982739403961411
2388,4.31130238449897
2389,5.788274581288523
2390,7.341138891267476
2391,8.756053909101382
2392,6.084440623531735
2393,7.7358479464365635
2394,5.665296982988055
2395,3.2529325950747436
2396,8.38513199124996
2397,7.322612459083029
2398,4.243140134141925
2399,8.62168489408769
2400,9.185757520198232
2401,4.4667840473905365
2402,8.990173867782246
2403,2.723384161360657
2404,7.144465715065918
2405,8.02276588074158
2406,7.429626407218201
2407,2.0890597178635426
2408,7.964048054180873
2409,5.221169513096028
2410,5.41041976630931
2411,8.168135277454288
2412,4.379808506307844
2413,6.058990019039615
2414,4.265061395906562
2415,5.9737643437281545
2416,6.5071420166647975
2417,8.200351710834536
2418,6.652062852773673
2419,4.73776369344578
2420,6.0639490297935765
2421,5.166378530063794
2422,8.153020115634185
2423,2.5500646897335133
2424,5.201201898735612
2425,1.2842138837488473
2426,8.45782529790436
2427,4.932786152719853
2428,1.2904675253594435
2429,7.174416001292184
2430,4.512796038795198
2431,4.366346190938304
2432,7.673162424808537
2433,4.509295702456615
2434,6.554526815173371
2435,6.267802342670576
2436,5.594653239330675
2437,6.559453938816328
2438,6.854197058076223
2439,5.995495534680034
2440,8.179488053547956
2441,4.609726228737288
2442,4.988586589565467
2443,6.512409412576695
2444,8.668657939864184
2445,8.40163255022903
2446,6.47860328848771
2447,7.129589407160567
2448,9.450013090749783
2449,4.682879062501222
2450,5.2171278471725815
2451,6.468931151464492
2452,7.543424269391715
2453,4.833896069616489
2454,6.0987507078960626
2455,6.308736067307381
2456,3.398367968006128
2457,8.561691469035708
2458,8.199165039864587
2459,6.962215699365659
2460,4.305391439137284
2461,6.286865786358861
2462,3.32634604641378
2463,5.221622891174941
2464,7.455127320628021
2465,8.679544025935002
2466,5.290153520778355
2467,7.5528477811668315
2468,7.470343943046268
2469,8.347238489255439
2470,5.033817087876592
2471,4.325547740944615
2472,5.381148620285513
2473,4.942558911532336
2474,5.8529704513868
2475,5.236591042689178
2476,5.475698662685867
2477,6.175950641046085
2478,8.045696132537728
2479,6.198045047029913
2480,8.365898283796897
2481,5.011513588807583
2482,7.648721023416954
2483,3.490361794360267
2484,7.857751359665538
2485,3.2076509092995735
2486,6.777728503683026
2487,5.099222909508471
2488,4.393308740266638
2489,3.4364023819161154
2490,4.3241503191432304
2491,3.506506594462032
2492,3.8785511857124444
2493,7.141038350990479
2494,8.49548081997332
2495,5.961231893987338
2496,5.848961469374374
2497,7.506300294358901
2498,5.423689440880575
2499,4.28694671212361
2500,4.485397132921351
2501,6.757202765301096
2502,6.576564940034335
2503,6.521099593999116
2504,3.867390792322246
2505,6.958665204309583
2506,7.24170102464536
2507,4.243438824980346
2508,4.75667536173106
2509,3.8974637504645515
2510,7.131243638805597
2511,9.380888911674129
2512,4.597857090511386
2513,4.4202421603669535
2514,6.667677580489045
2515,6.0156569747056325
2516,2.2768855564446335
2517,7.403287026766764
2518,5.751512645531494
2519,5.0255771315432405
2520,3.116076123817002
2521,5.933189872982639
2522,9.545737133876182
2523,6.312818876224479
2524,4.052919774163279
2525,9.584344269799592
2526,7.297132119843855
2527,8.180054526245865
2528,5.363645879449927
2529,2.4077663335080235
2530,8.795261684444679
2531,8.6865168264072
2532,8.685258755485524
2533,4.533932838561262
2534,6.747518105894729
2535,5.708803083209213
2536,6.82711030509171
2537,7.299403954943436
2538,6.919493538794438
2539,7.603542184982094
2540,9.212379056074095
2541,5.696492769598318
2542,8.168693373172099
2543,9.072191590943863
2544,3.390177943832705
2545,5.779121285684987
2546,5.335080411634715
2547,5.346533001360968
2548,5.346575913311765
2549,7.2691035118761675
2550,8.293411656172884
2551,3.327782387855743
2552,5.356590066635689
2553,7.923740499163797
2554,4.906864094795298
2555,5.385966181665925
2556,3.5061509919775444
2557,7.20704682412257
2558,8.119318406318426
2559,7.888994350343932
2560,6.693774619166951
2561,6.191176073569897
2562,4.138656375848232
2563,5.548360020126546
2564,5.527176894368315
2565,4.700343379859067
2566,6.627068913584764
2567,8.542661693646911
2568,4.309607602160607
2569,2.8878391356458057
2570,5.62805937698716
2571,8.925573951599016
2572,5.659486120040033
2573,4.418497720996626
2574,9.193810436296706
2575,9.147006397453197
2576,6.586728551575756
2577,4.876630112398305
2578,5.1724937459645846
2579,3.747290052887812
2580,5.533745188503337
2581,9.802136450312611
2582,6.462058951702353
2583,7.479654412666928
2584,4.7690380248549165
2585,6.381625565130651
2586,4.185305190298399
2587,2.736214276405575
2588,7.46297311583406
2589,6.004233785420147
2590,7.8193416889487475
2591,8.658788481484656
2592,7.983302829042883
2593,3.645620052811405
2594,7.499740983324145
2595,3.616902522943526
2596,3.5702173251056983
2597,8.066868039069544
2598,8.664916659502008
2599,3.2569689336088468
2600,4.327130639191991
2601,4.118319729402379
2602,7.778461466758717
2603,5.621585633350626
2604,4.748518330114546
2605,3.754195188597072
2606,4.57847656801309
2607,7.1563521595747535
2608,7.969671574228551
2609,7.408295928752658
2610,5.768970659176695
2611,6.45504852455073
2612,4.764557218505517
2613,8.955210343087563
2614,2.0287525693595763
2615,2.8640492681849548
2616,7.390007411793073
2617,5.146064326699799
2618,7.36723002760093
2619,9.062757500923665
2620,1.1177994479192015
2621,3.815424640818291
2622,8.313721066949363
2623,7.112364730387211
2624,8.49399080407138
2625,7.331724043055564
2626,8.491933615112071
2627,5.798281150068383
2628,2.0446425530241177
2629,8.52427555209874
2630,5.7420529130862645
2631,3.518147699118715
2632,8.558331233080352
2633,7.744776646170845
2634,7.471451417312009
2635,2.9956136986743696
2636,4.818656480344147
2637,7.1456236419657575
2638,5.883325783833674
2639,6.243572681098929
2640,6.790853421211745
2641,6.0540252149817855
2642,5.490621874164097
2643,8.241191027857866
2644,6.920060069212203
2645,8.029419539688265
2646,4.981434136947335
2647,5.650021008818633
2648,9.047295463544824
2649,7.910770590113345
2650,4.531753159576089
2651,7.481398219935038
2652,6.874167068499199
2653,5.652931594853644
2654,6.03947281478044
2655,7.02713815832047
2656,9.282126873259323
2657,6.59726416182679
2658,5.52594313793598
2659,3.9497905300648752
2660,5.73854081418235
2661,6.927713360596648
2662,5.294529279794946
2663,6.786070845195419
2664,8.077489064112335
2665,5.644319627812992
2666,2.8763955571255946
2667,8.150848609767694
2668,5.840363689828801
2669,5.230128134293362
2670,5.759562399657252
2671,6.8533696453605
2672,2.4232412244737906
2673,6.76182906687579
2674,5.681733325826514
2675,7.914609081734741
2676,8.067399653199297
2677,4.771591917809539
2678,7.472953901646838
2679,7.032912600706357
2680,3.686210859398617
2681,3.102138995370412
2682,7.990223298537304
2683,5.725590001595241
2684,5.065721179098524
2685,4.27422538769766
2686,4.5016415451547065
2687,7.234213302185195
2688,2.5205416533117573
2689,7.413659507754037
2690,2.589738288340685
2691,5.876533114667391
2692,9.411702700707108
2693,3.354430656196896
2694,4.992648889878463
2695,5.702004520053724
2696,2.371039156933908
2697,4.063434916318683
2698,4.57221134871309
2699,8.694686897195396
2700,1.2844212552802197
2701,4.688113069895079
2702,5.496138484342291
2703,7.837236430728182
2704,8.55700840391437
2705,5.37975546205681
2706,6.6075560151311326
2707,5.531364632751917
2708,4.44978729068141
2709,1.4926471855668297
2710,6.717128927276776
2711,6.719316156309987
2712,4.472747442579862
2713,9.3256759221065
2714,3.369140998107388
2715,3.6736292991746184
2716,3.6381704263940935
2717,2.0534445687359346
2718,4.430033060398207
2719,4.759129182956714
2720,5.330562622739424
2721,6.135690171218684
2722,7.5663758912332275
2723,6.723562912670379
2724,3.585212586000397
2725,7.310210758011929
2726,8.232142036105454
2727,8.025746469358007
2728,7.814519028938393
2729,2.4174745145829366
2730,7.219118421851918
2731,7.013182455531331
2732,5.8993827280097335
2733,5.556730840549022
2734,8.158300468947246
2735,8.989833038458634
2736,4.899735931023164
2737,5.184250433305422
2738,5.188248169321415
2739,7.1596571913220055
2740,5.384138266446888
2741,5.598728362231721
2742,5.6617101669016945
2743,2.9798536176675983
2744,2.3417613721040427
2745,9.124582294027778
2746,6.506406197047351
2747,2.1234433358908857
2748,6.584028323878074
2749,6.503577092031729
2750,6.4078370270992755
2751,6.621049025691517
2752,7.412321171288287
2753,7.400458216992025
2754,6.393409883992481
2755,7.021752515279816
2756,4.42402800448763
2757,5.729213132387139
2758,6.253380310338849
2759,3.7331431461528854
2760,6.872496515766441
2761,6.893011307494904
2762,3.160363385880034
2763,6.183185264203359
2764,6.094665755623126
2765,7.012820053026741
2766,5.781059797400484
2767,8.294009709515947
2768,4.1350976032646685
2769,4.5363907246142565
2770,2.5216932754101755
2771,4.3111265326846375
2772,4.698203612435968
2773,7.776831226065301
2774,7.837338493610919
2775,8.674719063613818
2776,8.6688656703822
2777,6.772822111271367
2778,6.5779667628071685
2779,7.645614700213486
2780,6.255591294160277
2781,4.235192762890998
2782,9.221156146219332
2783,7.1318750010083845
2784,7.640991333142086
2785,4.950597707461145
2786,5.317031383218412
2787,6.948338952315979
2788,6.5816410464986
2789,6.0806223263381325
2790,2.959855551455271
2791,9.002798645010586
2792,2.5418750883489416
2793,2.273762753009046
2794,2.8606061432884258
2795,2.8152912691050718
2796,8.030692036984567
2797,6.90935992331951
2798,6.876911547582756
2799,3.83372920628767
2800,3.4244393783118405
2801,3.489866621890515
2802,8.283990575368055
2803,5.665089411442869
2804,3.880828773789185
2805,6.867304302345119
2806,4.8399699263446125
2807,7.799307724763123
2808,7.997011003580351
2809,6.601733872634211
2810,7.521099328787125
2811,2.9797912536362468
2812,6.979826883904714
2813,2.7876639680651722
2814,5.327484455320144
2815,8.873180699136167
2816,6.6501062850001205
2817,6.10746216044919
2818,2.3312770089166865
2819,7.102344588074664
2820,7.7154967926973015
2821,6.998606774411969
2822,3.111909831869682
2823,4.664289250266135
2824,5.879263797268491
2825,4.20066822024738
2826,9.76501150928918
2827,7.343462805842642
2828,6.479055660718829
2829,7.500142748304921
2830,5.373534328069818
2831,6.15194030145779
2832,7.984320122517883
2833,1.7243833078811708
2834,5.454163023627359
2835,6.453045249524075
2836,4.444647923679309
2837,5.644234645059713
2838,8.613172651818296
2839,5.369623120304721
2840,5.730924356288391
2841,2.56335152594166
2842,8.18319101218825
2843,6.086722990769519
2844,6.989452859454344
2845,4.28789360874035
2846,7.7605880541594106
2847,6.5921253463827
2848,6.243926980545384
2849,5.396961379459682
2850,3.8692005021014464
2851,1.8595595721114906
2852,7.191607472071263
2853,5.087954491905387
2854,5.3111462777888105
2855,8.82364275257978
2856,3.4005083318763356
2857,9.292787046896308
2858,7.314287480782488
2859,6.439086923962703
2860,7.060273536575428
2861,7.445179422124413
2862,8.716418578003942
2863,7.285272427057655
2864,7.60510905463428
2865,4.791843545093072
2866,8.190262882358788
2867,6.590029648308494
2868,8.644583014088116
2869,9.472701708895189
2870,6.048333366073672
2871,6.713199861305465
2872,6.206899111783158
2873,7.762901564005007
2874,5.111322061401569
2875,6.81227913323214
2876,4.188564054893668
2877,3.769036159257848
2878,5.832949598931178
2879,5.62940016048759
2880,3.873402979494847
2881,9.677118647619308
2882,5.1365250585172975
2883,5.4327415808129205
2884,6.564827506509389
2885,6.44753983224512
2886,0.7957321633561993
2887,6.5371528160244425
2888,8.545524246935688
2889,7.017051779283694
2890,7.628824569968383
2891,7.976547601940995
2892,8.448870381754002
2893,5.251984210952727
2894,9.373553392245764
2895,3.044330378260785
2896,8.278307487644627
2897,4.887037131661662
2898,3.281453226969255
2899,3.0911446127116537
2900,5.474435487659377
2901,3.5097295123560217
2902,9.243754839247865
2903,8.006962031820512
2904,4.492736020106798
2905,7.763075650584048
2906,8.123316200607048
2907,6.782484351099001
2908,6.041815552474644
2909,1.694576334175665
2910,5.872476199897684
2911,8.963577123164137
2912,4.109908748565841
2913,6.880540496689507
2914,3.4793235320114304
2915,5.812246966785926
2916,8.548220554642741
2917,3.3471668950948787
2918,8.221227681423727
2919,4.321245477002223
2920,6.803526819218208
2921,7.903721266359647
2922,3.3984439755847755
2923,7.41591833429938
2924,7.385185031038583
2925,6.536856452476324
2926,7.464330280133579
2927,1.8273775554210494
2928,3.9081398612218123
2929,7.782354382941362
2930,5.414120334004599
2931,3.968904550051929
2932,6.222913313068622
2933,3.453055394983063
2934,2.6700939890880333
2935,6.232008477230938
2936,9.656473555252676
2937,4.6321818773511065
2938,4.223239095174277
2939,5.984182854251584
2940,5.598937520285174
2941,8.984398705286804
2942,5.096256492030598
2943,5.927844459923824
2944,4.657662450403187
2945,7.468447641025041
2946,7.936696728041573
2947,6.889680537950948
2948,1.8361827547398537
2949,6.190634952693824
2950,7.525625869241672
2951,5.131738927942184
2952,5.3558447370029585
2953,5.50583314595539
2954,6.063321575650901
2955,3.52549834816167
2956,5.124271232847455
2957,6.542796950236676
2958,7.605685051490493
2959,5.812454278512737
2960,6.197097577284671
2961,3.536385186364403
2962,8.429999809492596
2963,7.747863939342562
2964,2.3194474500614337
2965,3.0896020557298107
2966,4.845671607078541
2967,5.922252170394698
2968,6.200718818488564
2969,5.32564913451437
2970,3.2953777941396236
2971,8.791729194688038
2972,9.93265470809018
2973,6.193282710323089
2974,4.99908529674849
2975,5.547443096579538
2976,7.024264372125078
2977,4.8640279486339635
2978,7.86990801437278
2979,6.772951777929443
2980,3.751729612482997
2981,9.558954183816624
2982,4.768603878933378
2983,4.615167302967987
2984,8.531408449407298
2985,6.592177347202184
2986,6.308093723896603
2987,8.906699876595582
2988,6.7627907175948785
2989,9.46127313966073
2990,6.486672253796863
2991,4.998965089373035
2992,6.470123438095243
2993,6.393617800146068
2994,5.955116777240534
2995,6.127869129718715
2996,7.31971590884752
2997,9.331791836485555
2998,6.296571636036259
2999,4.848762208078823
3000,9.06437468626228
3001,8.35226150824003
3002,6.916329100884313
3003,5.142262778049983
3004,7.786223541522322
3005,6.161439146053183
3006,6.658289546398949
3007,6.588682476330684
3008,9.251872591735772
3009,7.255245534387206
3010,4.500769200657524
3011,4.332553412500985
3012,8.16012828060808
3013,6.931479382518672
3014,4.897514098847138
3015,1.5310766964017215
3016,8.35320909087364
3017,5.609474188564219
3018,8.41801821107766
3019,3.990787373244176
3020,4.040049275637861
3021,6.408402511443166
3022,4.697021751033997
3023,6.253422295079103
3024,7.7777866246043885
3025,2.674658159231595
3026,3.5919263347005606
3027,6.0710426522632455
3028,7.599575296470996
3029,4.657915634914693
3030,6.971850897276417
3031,4.370112400218835
3032,7.1803696897239035
3033,5.091349967856072
3034,7.227091117802671
3035,7.776615082935008
3036,6.946807169908029
3037,6.355073848620574
3038,6.134653871587618
3039,8.808978597589569
3040,6.405828757536612
3041,6.738173890533432
3042,2.3689159569751053
3043,4.871801931833317
3044,5.525008801729472
3045,7.935120763662532
3046,9.279167361048335
3047,6.331520361164536
3048,4.762817283456995
3049,7.960722375490638
3050,6.142834649359322
3051,8.671267117504357
3052,3.0047085599713443
3053,6.624892241263006
3054,7.450355958455852
3055,6.668693463955988
3056,6.687905685454422
3057,7.50848019979727
3058,8.954511545240482
3059,8.35186953492703
3060,4.085454004850055
3061,5.499263046030489
3062,3.714874420208938
3063,4.655969436336472
3064,4.201802514203859
3065,4.207759266627493
3066,7.434662515474582
3067,7.230423577621952
3068,3.095456145007629
3069,3.2160868765821724
3070,5.801554290961138
3071,7.203419502054553
3072,5.0811948263055875
3073,6.9126055043800765
3074,4.737363984562817
3075,7.26006003299411
3076,3.39248637073153
3077,6.542966086538035
3078,8.32564592406948
3079,8.16746364697935
3080,8.768024617078664
3081,6.004606392916342
3082,7.730949819232701
3083,7.050174906299116
3084,6.559359092996003
3085,8.637795194299347
3086,5.882620022819195
3087,5.999924174484407
3088,3.757309024451122
3089,5.267439898828924
3090,9.37125062613353
3091,4.706679693715502
3092,2.8101063891194733
3093,4.206136119597267
3094,3.810643623429097
3095,3.633506272757666
3096,3.869665612989465
3097,5.631649755390992
3098,8.043216614845079
3099,3.71380122454745
3100,3.136387114118043
3101,3.5822595580021694
3102,8.205710644093207
3103,8.18115717413724
3104,5.164438244372119
3105,5.419213950152275
3106,7.230997608260943
3107,6.549080699813132
3108,6.599560168487398
3109,8.454211088623078
3110,6.760170852544174
3111,4.609547892827252
3112,7.025549762616993
3113,5.261165423456406
3114,5.211619256916936
3115,6.132399332999154
3116,6.0972842227999
3117,7.064424296925672
3118,4.058194165129191
3119,8.394628909362716
3120,6.0898963554304615
3121,6.0904857342795715
3122,6.6831217000803
3123,5.990597366010341
3124,3.9588809696123484
3125,5.921957094729562
3126,7.027809930058642
3127,4.450385449106966
3128,2.651700668235533
3129,5.378316847171084
3130,5.325723173728565
3131,4.5929725734853815
3132,4.648804463565423
3133,6.5046256841740515
3134,7.380796721760907
3135,5.4998186023039
3136,3.802296507377516
3137,2.220737948438841
3138,3.9181247254873943
3139,6.716260510956895
3140,9.756798256531477
3141,7.032234598593674
3142,5.41417756906325
3143,6.210282112080616
3144,6.104342356752191
3145,3.0056721234574137
3146,5.433406571171153
3147,6.13312642637381
3148,2.9368591066432614
3149,7.988209129673242
3150,6.745595678324207
3151,4.50914361701059
3152,5.67117016263252
3153,3.9822242042885785
3154,3.9747536598032776
3155,2.9392584453493225
3156,7.360628819780161
3157,7.748744476775887
3158,6.415722289279734
3159,6.279472072748456
3160,2.890467227996593
3161,8.20130551409741
3162,6.689649810403237
3163,7.30203584928535
3164,8.511680155443011
3165,6.7120030350510245
3166,4.554678977089253
3167,3.6216057649350524
3168,9.032884592319304
3169,4.367517279758879
3170,6.775641972040551
3171,5.280079074576205
3172,6.552834804036626
3173,3.6097306746992976
3174,6.960798290276815
3175,1.5665964648383879
3176,5.491654775719166
3177,7.017065702388384
3178,5.079312700820932
3179,3.0215764554169007
3180,7.064782286115187
3181,5.087028230221033
3182,5.851409305178665
3183,7.058889767659666
3184,8.067531236921416
3185,5.045344692263873
3186,4.7208134569631115
3187,5.15749686559755
3188,5.297778368017994
3189,3.1800319297853528
3190,2.180365174799617
3191,8.303339348309231
3192,5.38801574097315
3193,5.6907837052860675
3194,7.506962553513875
3195,3.0173250951737582
3196,8.463331560194518
3197,6.749638982928298
3198,7.470080053288407
3199,4.016141960654801
3200,5.84726343749699
3201,8.64725876683303
3202,7.242059788969131
3203,6.021693609189864
3204,7.93338403969941
3205,6.688254487967317
3206,5.603643142345163
3207,7.572617967475908
3208,5.455568607705187
3209,3.372022663629947
3210,6.038479582437051
3211,3.6232161437911286
3212,1.5081089292059855
3213,8.721562958911141
3214,5.189533440908559
3215,5.016546896111125
3216,5.434583298827576
3217,4.925340756506859
3218,2.496061959449334
3219,6.214384549069239
3220,7.390596803320702
3221,7.387537626035767
3222,6.979083430041001
3223,7.520006454312423
3224,3.744793202196846
3225,3.676249677561098
3226,4.975989996444177
3227,8.926790500887238
3228,3.851559369824039
3229,8.361570488810802
3230,8.815747105215557
3231,7.619630231390035
3232,5.712386165114768
3233,4.8400495320691
3234,4.9975036507641155
3235,8.117788339033623
3236,5.651412088173781
3237,7.138888821103724
3238,3.651598491129746
3239,6.663766403903884
3240,5.268396432691807
3241,8.082632680571157
3242,5.122948800554546
3243,4.008699936820046
3244,7.5690418547755165
3245,6.379418922016787
3246,2.2812675778070752
3247,6.779783377673236
3248,9.019353718754326
3249,2.13630904585892
3250,5.407992023204762
3251,5.717291292160343
3252,6.189390857350119
3253,5.8173917621820905
3254,4.627508292107865
3255,4.759829839984016
3256,8.010203550407299
3257,6.547750830747814
3258,8.370445703967553
3259,6.8379705303789855
3260,7.07054127022275
3261,8.341542765185583
3262,8.158899811768716
3263,9.402486966704197
3264,5.760803095526979
3265,8.086018239804492
3266,7.192742787525912
3267,8.390139754418259
3268,7.149072946941758
3269,5.537163044692306
3270,6.242039277472944
3271,5.308156016691459
3272,6.696142786321577
3273,7.921026693840039
3274,1.53779548582719
3275,6.7093833157371385
3276,6.284082718578652
3277,1.8807430337764945
3278,4.441477660742873
3279,9.37116278451237
3280,6.56684436734825
3281,4.987489227715457
3282,6.97927469367649
3283,7.600859911905032
3284,7.074788050622387
3285,7.247664153775261
3286,4.25735622183174
3287,9.176944560566337
3288,5.6480320625728275
3289,6.560546204109331
3290,5.718501675205626
3291,4.660652974746531
3292,3.5345655432875667
3293,5.690369962693114
3294,6.375963033802277
3295,4.879450135169135
3296,6.812273929754636
3297,7.199347703187495
3298,6.523081518671851
3299,5.0452217240911255
3300,5.3123726664888915
3301,5.466793102807093
3302,5.705795432343864
3303,4.971494839119248
3304,5.401270268714267
3305,6.041262243839196
3306,5.906797555740974
3307,6.490445632648889
3308,2.5445770697637724
3309,7.394996793333269
3310,6.5526198289187185
3311,8.193678490387864
3312,5.117886489039313
3313,6.2080152219690214
3314,6.302354764740613
3315,4.7407542779028065
3316,6.792624363427432
3317,7.668416557186512
3318,1.4803921779677829
3319,8.414530683696622
3320,6.753450686331799
3321,4.4772984843480454
3322,1.8408387825404908
3323,8.292784102591908
3324,6.906389742637858
3325,6.382543917287883
3326,9.94542910985262
3327,7.337535847692028
3328,6.637171760703364
3329,4.620814771382159
3330,6.977544032710785
3331,7.273569783233484
3332,5.620832084373024
3333,5.656146531045216
3334,4.931877396663278
3335,6.565584444993936
3336,4.192081790409368
3337,2.8163687229402026
3338,6.441540032092746
3339,4.505147034834976
3340,8.215985634868472
3341,8.228217549468452
3342,7.259984084667605
3343,6.154010649145204
3344,5.099203546324443
3345,6.7388385958606545
3346,6.728828792885245
3347,9.361007033585917
3348,8.321592403264201
3349,7.798305140498182
3350,8.395315222260894
3351,5.055897520133622
3352,5.597109496290319
3353,7.1058872165340246
3354,7.324730492855582
3355,6.468390096438342
3356,7.287694827892103
3357,7.985993719044798
3358,8.757740088611488
3359,6.1567308359848605
3360,6.461128049786239
3361,8.045021292972319
3362,7.443872208921046
3363,6.1533664123793965
3364,7.351994364400295
3365,2.038114390028973
3366,5.016511255530961
3367,5.482360607077315
3368,7.363774842674947
3369,5.982229609490206
3370,4.3895588456052055
3371,6.613308906231628
3372,7.011028645633801
3373,7.498752336847424
3374,6.232996035135491
3375,5.470287539251205
3376,8.69284798489343
3377,4.126810029352876
3378,7.2202921653797905
3379,5.596918310154332
3380,6.603894942870092
3381,8.170351075089691
3382,3.3640767246734207
3383,6.4476410292554664
3384,6.678520814758018
3385,7.79574170745377
3386,4.476390042094398
3387,8.187097310418268
3388,8.711391634874095
3389,7.463603471607863
3390,7.913665655600038
3391,7.826224305334751
3392,3.6285681085243304
3393,7.320697752932798
3394,6.665826862897667
3395,5.556340091182876
3396,4.335051991750246
3397,9.483744881230045
3398,9.80831055544688
3399,2.53162064039852
3400,9.489080772798616
3401,6.1425217063777104
3402,6.317773285055443
3403,5.600473462955577
3404,6.066268341373561
3405,6.215982373350571
3406,7.73169241034439
3407,7.591423697304542
3408,6.229245596908674
3409,4.744406549545955
3410,4.814431896589602
3411,4.875326428223896
3412,3.9298595612693665
3413,6.481132957955345
3414,5.914720219339774
3415,6.448258418052286
3416,5.691486033511008
3417,5.861250082636904
3418,4.620007011581299
3419,6.454801122620271
3420,4.762113087419545
3421,5.82389025454096
3422,7.191690075208998
3423,4.660614080733229
3424,7.479678876741706
3425,5.190770138850133
3426,9.227469032326422
3427,4.420454678509222
3428,5.583705735434588
3429,7.172287205901407
3430,6.480532781647723
3431,5.774417792559087
3432,2.1231883884303544
3433,7.160570246839272
3434,6.46767707397801
3435,6.379729384567221
3436,4.960521644576877
3437,4.4964291350710806
3438,8.788209301396865
3439,5.290198538217091
3440,5.971168212507765
3441,3.1503214825429424
3442,7.480825456457224
3443,2.7434809156213413
3444,5.901709205027132
3445,6.915697274469103
3446,8.870679400631332
3447,8.024759839390372
3448,5.282262358013764
3449,5.166775849846751
3450,5.126536419771642
3451,9.154021692114812
3452,9.526239279078768
3453,8.672180402932948
3454,2.0926827737481353
3455,4.014825453385373
3456,4.897899552185708
3457,6.4178019619700155
3458,4.261087313979136
3459,8.348983144359696
3460,1.9255150741547138
3461,5.824205552882432
3462,6.051840121098838
3463,4.0482657856708055
3464,7.45853943657387
3465,5.56031879807197
3466,7.015918910907361
3467,4.812686330173195
3468,4.966206475743666
3469,4.298566517926819
3470,5.772927972840751
3471,4.817743348947256
3472,3.8351158571193644
3473,5.280504556852279
3474,9.102565460469279
3475,4.411166433284218
3476,2.3204876554539493
3477,3.879214258049761
3478,5.204704921948473
3479,7.109255725266859
3480,6.43740434788334
3481,3.6620528937567483
3482,6.578567720929531
3483,9.012129687400199
3484,5.234006420990151
3485,5.88465595206184
3486,5.994823553273987
3487,5.168407983794505
3488,5.7400070604725775
3489,3.9690176905131453
3490,3.9698557171004607
3491,8.136220665916387
3492,8.385742273524402
3493,7.485400584855633
3494,9.110206476338574
3495,6.158683132125867
3496,7.9791651418400145
3497,2.19335370557609
3498,5.997877438312539
3499,6.371646478296864
3500,8.422827308097265
3501,4.3860974558291765
3502,2.6555917580359814
3503,4.4338767079979515
3504,3.9370461444781824
3505,1.5718921173827614
3506,6.072358836922835
3507,7.627695308201131
3508,7.104386981813408
3509,7.082377037084006
3510,4.854408445109373
3511,6.4310563071123195
3512,6.110753033198093
3513,6.480750607117279
3514,6.634830298825102
3515,5.455946373038575
3516,5.169909634028671
3517,9.376427674900732
3518,1.2253597392327098
3519,6.948933411669183
3520,5.58100335007134
3521,6.267227448777245
3522,8.729817036775316
3523,5.375990381581806
3524,7.339708936040962
3525,8.77745129914323
3526,3.2185685270864024
3527,5.747594056282533
3528,7.7568213662743455
3529,9.58875748076878
3530,8.276800931834797
3531,4.215895397552245
3532,6.282187936622758
3533,7.4298580798220675
3534,6.808077645401797
3535,9.252626905088245
3536,6.254639242363487
3537,4.042200806444306
3538,7.432345109782771
3539,7.475504149875154
3540,5.485604990009712
3541,6.834000469864849
3542,7.51227113118868
3543,6.198834059759407
3544,8.420994149709479
3545,7.659915252755052
3546,7.580136263913116
3547,6.650671438196354
3548,6.103555767574388
3549,4.850663393784105
3550,6.405368015251383
3551,8.423904113451373
3552,8.073208608499668
3553,8.018824205565647
3554,5.374132471844591
3555,7.773632545345086
3556,5.730596150661767
3557,2.8441563096269573
3558,3.3816518142294454
3559,5.305724876448968
3560,4.183411582593507
3561,5.997831824624716
3562,5.320608420358759
3563,7.591778169617722
3564,8.356133347200124
3565,5.579101907220566
3566,5.2363141059581135
3567,4.711864610676827
3568,6.7771964203159705
3569,7.088131334644674
3570,5.901262279348701
3571,6.057599633527953
3572,1.9669450570834845
3573,8.46375103189035
3574,5.141844085630065
3575,5.060517678981748
3576,7.882188937323816
3577,4.167051408716873
3578,8.806765689984077
3579,5.3831888426719505
3580,4.892795824401542
3581,1.7797199211848231
3582,6.372721587745165
3583,5.817555207373446
3584,3.2234529235804184
3585,8.262203041754098
3586,6.393512082199712
3587,5.589265563931043
3588,4.920381929353143
3589,5.033330986190336
3590,2.744839726088841
3591,7.49805883103795
3592,5.597737597494512
3593,8.013325954857654
3594,6.505112425092567
3595,4.872614872318534
3596,7.892653973442601
3597,6.193443823164461
3598,5.381042800384117
3599,6.592330055355919
3600,4.987700736757194
3601,6.951484788365374
3602,3.2567669677996385
3603,8.59871415130958
3604,5.430591602023939
3605,5.635943546984421
3606,1.246109659673066
3607,4.588007925583547
3608,6.239563054194073
3609,5.440543930241413
3610,5.621487736286525
3611,8.962906828994218
3612,6.155128956945393
3613,4.839149703014316
3614,3.3958375097549096
3615,1.3425759066787295
3616,7.8887261360319165
3617,5.975755806149118
3618,7.367555140489515
3619,6.376990984945833
3620,5.437306061672958
3621,4.31194641608082
3622,6.333676888910743
3623,4.611886315618705
3624,8.677595878343917
3625,6.508058641707665
3626,8.89968277176562
3627,6.7748807070048604
3628,6.553500856135274
3629,4.011478014172177
3630,5.937470158741269
3631,1.7397223634384436
3632,9.508898800167028
3633,6.226936521206753
3634,5.989449443707151
3635,6.049840081364129
3636,6.290329110242071
3637,2.230572401504231
3638,5.499055361762682
3639,3.4997851548897803
3640,4.013227923509719
3641,3.6477228213502024
3642,3.5152436505013926
3643,7.735094932387485
3644,7.277692833385963
3645,7.263906635598824
3646,3.36384506544305
3647,6.422370367078843
3648,7.5115119581279215
3649,9.622208421511417
3650,8.174136911065272
3651,7.512755083912157
3652,8.746019437670597
3653,6.478823248989633
3654,5.5274471406568795
3655,8.771791912580008
3656,3.193286690971318
3657,8.614543755626162
3658,5.6215920111719715
3659,4.277607138747791
3660,7.595059812597925
3661,7.092981031419194
3662,5.961307233821326
3663,5.443415879666968
3664,8.37590030711638
3665,4.272498540613876
3666,7.968058431454516
3667,6.834393158355985
3668,7.69541283805037
3669,4.7973630781806404
3670,3.361589567624293
3671,6.923177245277155
3672,3.251707705404156
3673,6.414645918872403
3674,2.5153304195294943
3675,2.205173560264596
3676,5.635011064064516
3677,5.378557500030615
3678,5.70062531206242
3679,6.334773268083521
3680,9.913763564751914
3681,5.511850117184494
3682,8.853898994639195
3683,8.891356245118278
3684,1.6183658190648966
3685,5.290507736066346
3686,7.129385930837506
3687,6.509914307157699
3688,3.026911798566534
3689,7.022214256514845
3690,5.660958211894714
3691,7.235412455474485
3692,7.86300751672449
3693,8.997312324978296
3694,6.294194031281156
3695,7.504591632631056
3696,6.3945376993679774
3697,8.332449782104113
3698,4.778315099734904
3699,5.066092942684007
3700,2.7828627733994002
3701,4.1273702452405825
3702,9.395647038680153
3703,3.8357333263672277
3704,7.2637171834017344
3705,7.061229261293596
3706,3.7205375088810566
3707,4.663254771937998
3708,2.5300031746295395
3709,6.083521719431471
3710,6.182217622827935
3711,8.54301939144621
3712,5.544537318519085
3713,3.737117966286009
3714,5.031598019279421
3715,7.744486465903832
3716,5.54842270916181
3717,6.328644287738259
3718,6.809521162462405
3719,6.9632078503792405
3720,7.590547150093987
3721,8.139068389997703
3722,7.119695974280459
3723,4.037679898925786
3724,8.187720957026258
3725,6.210764149157987
3726,2.9664622984253213
3727,6.732969246175925
3728,7.081391307434359
3729,6.6378162424848135
3730,0.35028948646632707
3731,6.67073853004779
3732,5.008745468776135
3733,7.309801014944041
3734,6.8206572189936665
3735,2.0762502359907367
3736,6.406491145416597
3737,7.617168993222446
3738,5.686936550797076
3739,8.535528240656468
3740,6.810200771639721
3741,3.6537548175218504
3742,8.833218909312091
3743,4.654180659389297
3744,5.724892314496332
3745,4.872071521655954
3746,9.516283372663535
3747,7.838067492621181
3748,6.863256642530324
3749,7.526294308186406
3750,2.778693641746849
3751,3.822246529359822
3752,6.489038930918806
3753,3.711098797512333
3754,4.160992180361427
3755,6.0720379123071435
3756,3.562190686180377
3757,7.657610582831238
3758,7.780728334910089
3759,6.938382358361801
3760,8.791403017891383
3761,7.043492134064675
3762,4.336266880714724
3763,8.3678587191889
3764,4.543877727312829
3765,8.951589904868161
3766,3.597498146193872
3767,5.865604606133784
3768,6.07559054524916
3769,6.105237965179221
3770,3.703131081862261
3771,5.878623260130555
3772,3.102551959330725
3773,4.727551764720173
3774,6.178656542317974
3775,6.614232220395641
3776,7.641472402120913
3777,1.0772197411864637
3778,6.17748718281407
3779,3.8240051147261043
3780,2.996995541028836
3781,4.137198445868165
3782,5.5074463584941515
3783,3.8742805020966227
3784,4.217386013416458
3785,8.108243708039915
3786,2.264382482214213
3787,8.46210024087308
3788,4.866837309142994
3789,7.552352077815152
3790,7.681078347496525
3791,5.0808400011508015
3792,8.492001489397959
3793,4.3501125442898
3794,4.787879163038912
3795,4.552709557907197
3796,4.144767487822406
3797,6.646151205699337
3798,3.654353353686524
3799,6.139135922906454
3800,5.1966457818377565
3801,8.863067981086488
3802,3.875790848545895
3803,1.5414742259744394
3804,8.919310200805489
3805,2.015799093204986
3806,8.20363255690519
3807,3.440128988908736
3808,4.073975271393596
3809,9.162034373929764
3810,4.862795065169562
3811,7.268388053415931
3812,6.374831838587682
3813,6.980634129624489
3814,5.009726084065424
3815,6.587749405668999
3816,5.446494126622201
3817,6.173427882655149
3818,4.449379787880422
3819,6.062770936701137
3820,8.517462376572386
3821,4.373245697140365
3822,7.986100930210526
3823,7.048180646388189
3824,8.563256681211882
3825,7.881341906123941
3826,4.516914200815258
3827,9.3979959992591
3828,6.385139412892432
3829,5.82030604194646
3830,6.436355711794915
3831,9.056007478518861
3832,7.580848311098972
3833,5.080499170904705
3834,5.833227509101427
3835,8.56681982060012
3836,5.5810242262246295
3837,3.4705321516998646
3838,6.752123982571473
3839,3.81766681886611
3840,8.709715106318999
3841,7.262047314578092
3842,5.533530770118506
3843,5.741615156217321
3844,4.525903164689739
3845,8.805130281092184
3846,2.8171251054086435
3847,6.038454085335264
3848,6.559462838959963
3849,3.7381632784898655
3850,9.079159575859872
3851,3.320622518004222
3852,4.732753273415904
3853,5.97582074483508
3854,3.189655224905735
3855,3.9668137797784992
3856,5.3912215280939835
3857,7.239477983353762
3858,9.377218572118442
3859,3.8164553943608506
3860,5.622941164765822
3861,6.844888033872428
3862,2.559555830593167
3863,4.794639952432929
3864,8.048189692958692
3865,6.1851741252273325
3866,5.4628926935470865
3867,6.247466111188378
3868,4.287372686627377
3869,6.410768673796975
3870,6.985966266005953
3871,6.153479520542637
3872,6.156601567672618
3873,5.367513607926684
3874,6.908674410440552
3875,6.148384738922851
3876,7.773985198769639
3877,6.978157656585832
3878,7.122152872194782
3879,1.6802934642446452
3880,7.08041230534196
3881,5.156850840506834
3882,7.203415782629298
3883,8.316439295882171
3884,7.830963611545951
3885,4.138545376952652
3886,2.1978608150209804
3887,2.1680767560098997
3888,7.89114286638185
3889,6.548860261654612
3890,9.20850804664909
3891,6.96942153987715
3892,3.0730832622708926
3893,3.107473329846389
3894,7.427881519526617
3895,5.740556937492348
3896,5.50615717527409
3897,3.518667198387518
3898,6.498820111631135
3899,2.1220943055194414
3900,5.0424714295145705
3901,6.95385860272634
3902,8.391867395883411
3903,8.68983511391758
3904,5.8880869934933235
3905,7.28854125858221
3906,1.3666617365391527
3907,8.750185114376706
3908,3.5863467559178157
3909,1.2204513326813689
3910,7.622764488541949
3911,6.9782047124641755
3912,3.9717044236654577
3913,4.948629479734187
3914,5.099652807054184
3915,6.172936187821783
3916,9.095329752125776
3917,1.864189901769292
3918,6.294577433808943
3919,6.305591190168061
3920,0.4695420664606321
3921,6.257631798029483
3922,3.203179116754434
3923,6.703887793724523
3924,5.808934202594447
3925,8.014787125328406
3926,6.347630335382572
3927,2.943211057881581
3928,6.88239294599787
3929,2.226031865385474
3930,6.361848885234907
3931,4.232169090840422
3932,3.4108539621935785
3933,5.674135621010922
3934,1.3432279877657742
3935,4.647531326784329
3936,7.491285272162761
3937,5.128223910824977
3938,4.359135480809188
3939,4.34714326756513
3940,7.598376150862174
3941,3.5092274879207257
3942,3.5758280794399906
3943,6.5134036275472456
3944,4.752139687870013
3945,4.232704542141127
3946,5.6799313827149875
3947,8.113076138731751
3948,8.499452728159657
3949,4.143785495429216
3950,2.134890025987341
3951,6.056792533383841
3952,3.7326721016433972
3953,7.033161010796144
3954,6.098105273759677
3955,7.282733771578396
3956,5.7459767345079555
3957,5.607921008468688
3958,4.741418436434866
3959,8.186614140346043
3960,7.441216538775414
3961,3.677794012414301
3962,7.497804296489531
3963,4.3270986848668125
3964,3.9311914490756417
3965,6.639886002625072
3966,5.653229900596468
3967,4.803858133585476
3968,6.8304877489844245
3969,1.6562036652352572
3970,9.232482960493664
3971,8.2935655632484
3972,6.360097943037442
3973,3.8152342072674674
3974,9.145476285781012
3975,4.877431989366835
3976,8.720068258159417
3977,6.631102392568039
3978,3.0025132365922564
3979,7.15427484123204
3980,5.532863945259607
3981,7.731521575469438
3982,9.713655653648214
3983,6.801867613181551
3984,3.448470047194372
3985,9.521134105452093
3986,5.450351212447612
3987,5.3670529062211525
3988,6.888520806612407
3989,7.410923033783513
3990,5.989700352257493
3991,2.140373989098692
3992,5.764462098950389
3993,7.888114586580393
3994,4.027372630671582
3995,4.055384997662971
3996,8.67369286833709
3997,7.762469093036522
3998,5.522104625139214
3999,5.442262539314959
4000,4.6680930607596025
4001,6.059743065459305
4002,3.90613105658179
4003,4.3797558698691414
4004,5.247547714317364
4005,5.3348711728085725
4006,7.061743916551059
4007,4.9495125729297165
4008,8.643263058909017
4009,7.046773617691672
4010,5.846716179660136
4011,6.7349772171588285
4012,2.282118538008195
4013,3.1132530666325877
4014,3.3910595966337556
4015,5.06325405684619
4016,4.225852977164966
4017,3.2367249178702493
4018,6.755643754602888
4019,5.772794428946291
4020,9.186011630697282
4021,2.2414633853466976
4022,8.298695056202963
4023,5.519701562449495
4024,6.72026197347755
4025,1.9651754885284367
4026,7.533448024992993
4027,8.215571204430274
4028,5.413673746033229
4029,7.393032062409697
4030,5.983670565138656
4031,7.815083639173506
4032,4.988204543697354
4033,8.881185958897042
4034,6.650003320556243
4035,6.256363248006326
4036,9.706314162823801
4037,6.669397570811644
4038,5.401307124794538
4039,4.862455245872713
4040,3.2523799990307714
4041,8.159001791083593
4042,7.153172517864118
4043,8.09889627091933
4044,6.375814359746118
4045,7.931125438177254
4046,4.960454397601353
4047,3.259094713390911
4048,7.078899956479683
4049,4.111309297189783
4050,4.945812850692886
4051,2.307368031628605
4052,4.200111020561488
4053,6.160087472629042
4054,7.981772953123352
4055,4.11873810045661
4056,6.558981728603226
4057,7.734118983615704
4058,8.68891648218478
4059,6.800344251891353
4060,7.944800636200863
4061,6.92281236714798
4062,3.296903368148289
4063,7.532886399176948
4064,6.463942679257017
4065,2.52586953500267
4066,6.544339409413099
4067,5.5136881175481145
4068,4.907449022844014
4069,7.621207078883511
4070,7.342143454197613
4071,3.20375482511374
4072,7.488004911489233
4073,8.104070561190152
4074,6.048530000285794
4075,6.676763213877292
4076,4.099553752319491
4077,5.7630244295231945
4078,6.783004059920887
4079,6.667383962187667
4080,2.0979858311857713
4081,5.515566370883623
4082,5.185509031985323
4083,2.084423067501249
4084,7.147949666510474
4085,5.872038834285229
4086,7.964266420766732
4087,5.27733954562016
4088,5.8806981126011415
4089,4.328915204898285
4090,5.173956356716722
4091,7.726442254538024
4092,7.699490909031402
4093,4.785913715853345
4094,8.516248084622577
4095,7.222696848846199
4096,7.221394244828524
4097,4.250110551108992
4098,7.460993627810093
4099,5.223080348263257
4100,1.1359228399973829
4101,7.3138156200265065
4102,6.936565383357389
4103,5.48378509013147
4104,3.6131687794528253
4105,6.072672297669003
4106,7.428498337189862
4107,5.013858744313908
4108,5.8312643345614
4109,5.888881773667599
4110,5.496945080622424
4111,5.349880922815476
4112,9.22889164090644
4113,4.273698995448303
4114,6.491066699385729
4115,5.798924094265229
4116,8.971441074793747
4117,6.160516493188577
4118,1.5182902059214864
4119,6.335638014177201
4120,5.535137600693906
4121,4.79302083554469
4122,7.920930448959451
4123,5.213853098367685
4124,8.397296683039654
4125,4.782317690776833
4126,5.372797775194285
4127,4.1820280248498785
4128,3.9174344097988203
4129,4.549953870835505
4130,3.568742460635513
4131,6.2301447245397625
4132,7.6466222776828685
4133,4.896703036713036
4134,2.3674147408751005
4135,6.01850623575906
4136,6.210550319641504
4137,4.882520550318093
4138,2.087937541445001
4139,7.186699266375902
4140,4.064772102978875
4141,7.8663669365865
4142,3.7825722228276377
4143,7.9805773345166875
4144,4.5781431400776
4145,5.388933600696253
4146,5.944010210526148
4147,4.520226158364649
4148,5.7591605349326755
4149,7.1616306153850875
4150,3.3686309835651453
4151,8.511042850970354
4152,2.4562696890843583
4153,7.445774208550273
4154,7.438681013798208
4155,8.133629118999021
4156,2.9431288251956733
4157,6.248625022892483
4158,4.452905056592387
4159,3.9109196562084088
4160,5.735296616352874
4161,6.723325343599398
4162,4.9440074187237
4163,5.483185207442905
4164,6.281280252568442
4165,2.920202814440038
4166,1.4214118300962064
4167,6.425883688931188
4168,5.017365568170364
4169,5.145699587750957
4170,3.014404636478672
4171,2.7312837120186875
4172,5.116093874662135
4173,8.034350154889983
4174,6.665371476805262
4175,7.404268161860126
4176,5.06000114422183
4177,6.64324984525843
4178,3.250603313766938
4179,7.567215723862758
4180,6.925093211816965
4181,3.659321377875872
4182,7.798032433713589
4183,4.785849059035453
4184,5.130391103110459
4185,5.292375820254815
4186,6.417884323804022
4187,8.573148683532793
4188,6.843124890908174
4189,7.881321614627145
4190,4.510398107699979
4191,7.0456386655541925
4192,7.10657649767496
4193,5.482276226279322
4194,3.093946554769172
4195,8.734825867176355
4196,7.164517666121579
4197,3.107258114852344
4198,3.766094857691705
4199,9.519910850767246
4200,5.747760410074257
4201,8.527059473074338
4202,7.145192664551961
4203,5.9112216209522686
4204,7.575340735621349
4205,3.505073207069278
4206,5.450282014366478
4207,7.475207345126881
4208,2.7249304735472557
4209,5.583770034971208
4210,5.01271356271884
4211,4.887497314709164
4212,7.314479694694853
4213,4.862624658509684
4214,6.262456746860477
4215,5.731937730203455
4216,6.401726370534748
4217,6.663165956927481
4218,5.287464253166884
4219,6.025451223711835
4220,5.85787630321047
4221,6.678819890177117
4222,4.951025957142129
4223,7.227269037368561
4224,3.7825235072969976
4225,4.462456955025206
4226,7.19363182427254
4227,4.291513778239505
4228,1.4638805534114014
4229,3.3266347999050327
4230,5.416908277041125
4231,5.033390759463804
4232,6.236095301213169
4233,3.4273819732522974
4234,7.0315762913647495
4235,6.189923213106977
4236,7.463757462008632
4237,7.1999550852503384
4238,6.109039769587331
4239,7.89654866609266
4240,8.355790912886707
4241,7.364576056641803
4242,7.6644873624013785
4243,6.4290034367732245
4244,6.445203877412687
4245,6.7770213524405065
4246,5.634279719398904
4247,8.12008632696567
4248,3.67488834596158
4249,7.938934568308834
4250,3.530158022785611
4251,2.1786400422122876
4252,7.5982327986720195
4253,3.890717944636852
4254,5.330409211372131
4255,4.592791954322615
4256,5.982531725360749
4257,5.057332897093529
4258,8.693941421733157
4259,9.207439588762021
4260,7.257283400468689
4261,1.995509867072607
4262,5.11281442531038
4263,5.579387479248799
4264,3.4459027483069615
4265,4.642719930833163
4266,7.00904990026519
4267,4.6865584216805125
4268,7.067770290750428
4269,4.772892684356526
4270,3.5372048955373403
4271,8.629376997387798
4272,6.855575357560262
4273,4.429162434260174
4274,4.007581235280984
4275,6.422485811333757
4276,5.657878358233172
4277,7.069274576896163
4278,6.775671743835907
4279,2.4814730849282522
4280,8.409968671309406
4281,8.512428878409445
4282,5.263464086067397
4283,4.816949739651844
4284,7.013957584360447
4285,6.404667989029381
4286,5.122862133263872
4287,4.465708452157574
4288,5.921644260332332
4289,6.387892941751422
4290,9.210849059185719
4291,5.788205527529387
4292,9.166154782621291
4293,5.64716348924596
4294,7.4123691877422715
4295,4.642808958922085
4296,5.389507519612529
4297,2.6317176169642384
4298,2.2726564978397437
4299,3.8447137580044597
4300,7.581773080284788
4301,5.408887164998276
4302,8.101993747886794
4303,6.217013406157314
4304,4.116699785877148
4305,7.555389364581879
4306,8.36394232544279
4307,6.9380907268976575
4308,6.344535259991677
4309,4.905868085503293
4310,8.381974418245594
4311,6.9791905717463
4312,7.991532981799494
4313,6.339249859277059
4314,7.822897234799956
4315,4.591003169531499
4316,6.346701032379801
4317,6.900300987231544
4318,5.993606775824308
4319,4.538903380141165
4320,6.20703218155014
4321,3.61498267103604
4322,8.231097835042451
4323,6.452547478558546
4324,4.129896792476652
4325,8.490238787458068
4326,4.645634820068654
4327,5.893572882361764
4328,6.442960565900528
4329,5.193718584458241
4330,4.803432047840525
4331,2.3309911546706705
4332,3.5999411258753624
4333,4.098030262220671
4334,7.103524835854744
4335,5.298798477032561
4336,5.472226339301814
4337,4.900739714617352
4338,6.848555414176821
4339,3.9834650214590024
4340,6.31418316668195
4341,3.3282914112888373
4342,2.808786095489583
4343,3.5868184763085615
4344,4.950603314754199
4345,3.5588909345920205
4346,3.9964229030346665
4347,5.840893599864574
4348,6.61777976002749
4349,6.913012607335287
4350,8.811273076317976
4351,8.678448656725074
4352,7.481223842954786
4353,5.66707787239049
4354,4.520615173924096
4355,5.870460789227261
4356,5.670382930961617
4357,6.583673416033382
4358,6.271951838698238
4359,6.452527285652197
4360,6.339488875380574
4361,6.468633057712683
4362,8.552039927903923
4363,3.143527658263759
4364,7.522094477555099
4365,8.727809930106211
4366,8.216069423509586
4367,4.241649241779886
4368,9.837859929026854
4369,3.352273074806713
4370,4.975104710916234
4371,3.4792502243647396
4372,2.5206750396665507
4373,8.954602150031807
4374,4.767901163717291
4375,6.443033859729393
4376,3.3416130393387142
4377,6.998286264257009
4378,6.580937048791938
4379,6.138680227771205
4380,5.372729253104566
4381,6.370710413646172
4382,5.988726558863544
4383,5.187362999843913
4384,7.9342741154580345
4385,6.6961420087882955
4386,9.710707862082979
4387,6.018215541691467
4388,7.181980116310903
4389,9.08552924910367
4390,4.2867240885094855
4391,5.325364900068981
4392,9.373406218548594
4393,5.685871882912355
4394,9.365127196450835
4395,7.224058991929088
4396,4.783888870827037
4397,2.3481649169252035
4398,9.40949790636841
4399,6.668741991842655
4400,5.6650683616151545
4401,3.6735413456659485
4402,7.135952307930246
4403,4.406023033543848
4404,8.997037351124188
4405,8.256371571942712
4406,2.223652875660628
4407,8.131451571825572
4408,3.5535592406565804
4409,6.823297781914285
4410,4.946257728227229
4411,3.277904923302563
4412,4.494102254302522
4413,1.463598818565965
4414,5.128595963291177
4415,3.9030471130383515
4416,5.2660078944298725
4417,5.584253709113478
4418,5.150208933809561
4419,4.325869226188873
4420,4.446767400807122
4421,7.412629775108593
4422,6.539819985137434
4423,6.97823724016675
4424,4.5727790320881425
4425,5.240754292161894
4426,8.746360582663353
4427,4.140414894210669
4428,5.050928448026397
4429,6.408789473116742
4430,5.444882936760031
4431,4.13264501737024
4432,3.2673811601919907
4433,8.312935263251935
4434,4.616994974712495
4435,6.44318852627067
4436,5.766845841804129
4437,2.304479614770023
4438,6.495224959931388
4439,6.358464063731274
4440,8.294148487464971
4441,9.176001020486634
4442,6.1371991720786925
4443,8.801870555309726
4444,7.0147227682979345
4445,4.129545212234245
4446,4.767977951021894
4447,5.890404605362014
4448,5.936121570248455
4449,4.988982079952763
4450,3.8559238970485223
4451,7.223081768232495
4452,5.378736746212152
4453,6.196354558967839
4454,4.152990952306521
4455,6.340539450714504
4456,8.10969848205145
4457,7.152104733527963
4458,4.507965140828735
4459,9.206814284956787
4460,7.968324318769373
4461,7.063171242458774
4462,3.6132250569186644
4463,2.880067302838002
4464,5.723750298963138
4465,4.500550690310321
4466,8.138210188292817
4467,4.20608790944526
4468,6.89736229606858
4469,8.619006411642633
4470,6.149379656798774
4471,8.009996887301156
4472,3.7081824713594838
4473,1.61027058565961
4474,4.8703810356878225
4475,4.679283518563457
4476,5.727386107599207
4477,4.317392602282441
4478,3.989748588933784
4479,7.3472545415285895
4480,4.475709784001299
4481,6.4457466931995215
4482,5.656866115223465
4483,5.192604851132032
4484,7.4479247610779336
4485,6.809524464424175
4486,4.494774755073195
4487,9.731544009520036
4488,5.351426836926067
4489,6.302637981204936
4490,5.455363001275786
4491,5.405224806001242
4492,9.470200173974309
4493,5.233986191631552
4494,8.543737234783432
4495,2.5622335641871405
4496,4.843287328668891
4497,4.729631900473462
4498,3.2501579933533926
4499,3.8145658954394674
4500,6.085587907672287
4501,5.979349614034188
4502,2.1444695349443283
4503,1.9042427232220847
4504,4.637650949042308
4505,7.3063763368873555
4506,3.2710755727999716
4507,8.613521003700031
4508,9.137988054003582
4509,6.226552247092613
4510,4.509735795015809
4511,7.345800429525985
4512,7.362655203450112
4513,7.157165714199616
4514,8.90711885660571
4515,8.210026659660846
4516,4.230244848845812
4517,6.740252602043253
4518,6.68490154793992
4519,1.1805692821170883
4520,6.886525805660301
4521,5.2923412969472725
4522,4.726190121644296
4523,6.689497067335735
4524,4.37665401745949
4525,6.916944710370261
4526,6.799880274315028
4527,7.971708527622561
4528,7.3435376935325865
4529,7.102002220264567
4530,7.418873754629113
4531,5.028351931909779
4532,2.806525153353552
4533,9.681052707410807
4534,9.571512344808696
4535,5.760018161810245
4536,7.660894353748666
4537,8.27340070704088
4538,5.738006056048494
4539,7.061130014233033
4540,3.15850695167966
4541,4.498418756837802
4542,4.173908868184907
4543,3.981292568593978
4544,6.2989442613822275
4545,6.212004247541029
4546,5.590611773673237
4547,5.27099908705724
4548,3.5798172918265587
4549,8.799250387217828
4550,6.94296254939716
4551,4.9511430188899315
4552,4.620308604553917
4553,7.9622699048668215
4554,4.292731182758475
4555,9.778808306904757
4556,5.510469357378171
4557,8.194340098245142
4558,3.1355268301327297
4559,8.025417866761739
4560,6.530137442397636
4561,7.454249622883289
4562,3.4947455553997187
4563,4.188065259501092
4564,7.649315483020348
4565,2.0053517112601846
4566,7.91499618684016
4567,5.358535759073772
4568,5.130912554864587
4569,6.168531916373624
4570,6.099844503620453
4571,3.8227666340648785
4572,6.626811689035185
4573,7.275307613562228
4574,6.091167283327257
4575,4.074567531009814
4576,6.026310382002914
4577,4.554534051157686
4578,6.25310962959067
4579,7.426497037946014
4580,8.669727424619138
4581,8.540234924560462
4582,7.88416999780129
4583,8.598828932487333
4584,3.623544981855863
4585,7.37165332478217
4586,7.62569570533027
4587,7.556550413469324
4588,8.145060843267037
4589,8.273277767956111
4590,5.993448220904902
4591,8.084681725065987
4592,7.42287487568137
4593,6.655353388620663
4594,6.218943311718761
4595,2.6393901986686155
4596,3.7534632677903854
4597,7.171740102332112
4598,7.543486479827359
4599,3.5319536689661386
4600,6.936809479141273
4601,6.207848194237451
4602,5.355462670823161
4603,8.34479971855666
4604,5.507658738851603
4605,9.211384037951603
4606,6.662564327326721
4607,8.148716584207225
4608,6.902971198921216
4609,7.222784634604268
4610,4.2829269512941845
4611,5.4878481323030215
4612,3.4732069686916356
4613,4.24237248614494
4614,7.486362982152655
4615,6.726508246421328
4616,7.399578787038655
4617,7.925580250777738
4618,5.809927108921622
4619,6.281593650645403
4620,9.210459361683801
4621,7.008931532196282
4622,6.598418770845104
4623,4.095211517815963
4624,6.158927816318674
4625,2.4100292300492563
4626,7.117399313934264
4627,8.934750309166992
4628,4.69398556292134
4629,4.3535694700000365
4630,6.3421530857400805
4631,4.88275815180276
4632,5.424631361024682
4633,8.542021845990817
4634,7.112129629254135
4635,5.37606478920978
4636,5.864405951616705
4637,6.340187759760456
4638,7.426339731186964
4639,5.245679194461509
4640,8.806367501067024
4641,6.364812436856219
4642,5.720222443719947
4643,7.286635527057706
4644,4.820650934673675
4645,8.391834716672939
4646,6.577427044437177
4647,3.604784760925668
4648,5.826643188054194
4649,7.367889383108535
4650,5.473302039030097
4651,9.17818941378482
4652,5.885163190488205
4653,9.413996099352065
4654,6.504736832990407
4655,7.600513784649521
4656,6.888198926949816
4657,5.327532574953446
4658,3.9422868834186904
4659,8.275677409690717
4660,6.725821959084372
4661,5.72234166615875
4662,1.602431239265143
4663,8.478522993130369
4664,6.232024044874883
4665,4.021992509944324
4666,7.31142177414292
4667,4.667261453638294
4668,8.281299820601902
4669,5.465578171382591
4670,4.8546725065386935
4671,8.22989120917605
4672,4.3220701914740705
4673,8.497615355184115
4674,8.886311315162704
4675,3.461129308027376
4676,7.968184717937459
4677,3.391900982841547
4678,6.386674489744284
4679,6.308202060390188
4680,6.309331593517271
4681,6.963519775491158
4682,2.1543176684656182
4683,7.985777344422914
4684,8.579028384644136
4685,5.691178995016719
4686,8.034142359384742
4687,4.144051887305267
4688,6.651678922419519
4689,9.859382508986169
4690,4.152471205011379
4691,7.230769525040493
4692,7.243012485112326
4693,8.037096258226986
4694,5.419952014987569
4695,5.446523706665056
4696,7.719549168844581
4697,4.412823439889592
4698,7.70588516567032
4699,6.904290062723292
4700,4.002844186742353
4701,4.7600208986295
4702,7.34828109998721
4703,5.0251516602227575
4704,5.031660851031331
4705,3.426439440985443
4706,3.2519179490162626
4707,5.0975556200443
4708,6.127861826184825
4709,4.1377626286438
4710,7.429397737184072
4711,5.108658047933094
4712,6.449309488155121
4713,5.124793070656365
4714,5.286791141069731
4715,3.8309050103869096
4716,5.800376452505998
4717,4.192839070606322
4718,5.854435312977962
4719,3.9832523196244374
4720,7.445296093866106
4721,1.9260598623823628
4722,4.89608370701526
4723,7.792955082012666
4724,5.724381907398507
4725,4.4818057739993264
4726,5.186426575214721
4727,4.16438449876353
4728,8.404740711313208
4729,2.491506339995552
4730,6.846987095822653
4731,5.511412666866634
4732,5.733853845599723
4733,8.493409642311793
4734,7.196466006116477
4735,8.178344719796115
4736,6.7142248936153015
4737,5.548357270482015
4738,9.243354591657083
4739,8.548802453295973
4740,5.683745358634625
4741,7.0406063604147455
4742,5.6285292039939865
4743,6.10074482552875
4744,6.081489015337121
4745,5.626012498890866
4746,3.7085893698227137
4747,8.972481671852133
4748,5.004020450770311
4749,4.684644251706636
4750,7.814498802971187
4751,6.416714965799546
4752,7.167064353501313
4753,0.7730072966896107
4754,7.097431078835432
4755,6.640041252139153
4756,5.649670821795597
4757,7.900185455769022
4758,8.538639969906118
4759,4.396157517879917
4760,3.5150402799665685
4761,5.591541916170231
4762,6.652446911641862
4763,6.510411636892959
4764,5.166474349700594
4765,6.723534480179798
4766,6.790795929001645
4767,5.553865937123868
4768,4.835879215380519
4769,2.8122121896843764
4770,3.159475417642093
4771,5.362485067383027
4772,6.929356599857961
4773,5.935687264453199
4774,4.6404178261661055
4775,7.038279649281805
4776,6.354757921207179
4777,6.751372796786
4778,5.878319050090579
4779,9.236404725918772
4780,6.074443098896576
4781,4.586832034656632
4782,7.244384415405298
4783,1.987832819787911
4784,4.9379509272445885
4785,5.424159118700932
4786,7.691990767767252
4787,6.233033254634263
4788,8.959978006622412
4789,6.143884126229778
4790,6.237552242586823
4791,7.9726035203010595
4792,4.975286272870543
4793,6.321561277339212
4794,6.139933310070988
4795,6.484644993167434
4796,6.122563650246766
4797,2.921700089647316
4798,3.5018683315886223
4799,5.982161078913206
4800,4.963492733684557
4801,9.196602914943988
4802,7.38554403096923
4803,4.7401928724732665
4804,6.338851590929271
4805,6.268807347837123
4806,6.151500274258177
4807,4.655781775121025
4808,6.161264403480704
4809,6.357614771120719
4810,7.16192452787187
4811,2.6052901022391293
4812,3.6276897973846727
4813,7.056472749832916
4814,2.675502943525115
4815,6.407785339339763
4816,5.395184839256707
4817,6.602204325072819
4818,5.717310118028425
4819,4.6651143102420125
4820,7.616544540084339
4821,5.628220240726071
4822,4.640532154448137
4823,6.5235350872774545
4824,3.509877988017511
4825,8.121370036866399
4826,7.368290496460456
4827,4.677763173412756
4828,7.880599671047061
4829,7.049441055224544
4830,4.886477141582653
4831,4.879788804170047
4832,6.8743954787801655
4833,6.0028404923363805
4834,3.6430348118684197
4835,4.6072806906222645
4836,8.504427626294087
4837,4.9836558832141
4838,5.624036825010236
4839,7.705325198219605
4840,5.692753639358557
4841,1.6975080669302705
4842,6.7090291343713915
4843,7.738008122531444
4844,7.324848749765252
4845,7.659827942790322
4846,6.691607270810222
4847,5.315597930829091
4848,5.5768227767900616
4849,3.337315675751082
4850,1.531876958261679
4851,7.627116711188229
4852,5.856686004423308
4853,4.208494603332099
4854,6.928096491896623
4855,5.4679692730988085
4856,2.7825024310362116
4857,6.479287446095576
4858,5.960721025949825
4859,6.528140385750804
4860,8.781457889346262
4861,5.763429288715327
4862,5.606052535953929
4863,4.58126224178326
4864,6.559385672237516
4865,6.95482355142731
4866,2.210398469985698
4867,3.434244598467293
4868,5.85309356664734
4869,5.362869567841104
4870,7.20181788425764
4871,6.895522976706564
4872,5.338893335707441
4873,4.859431402682332
4874,5.3271321053509535
4875,6.720543412597754
4876,8.910014461186632
4877,5.576123275570049
4878,4.764815024285633
4879,5.724877511709672
4880,6.820598404662912
4881,8.783875786671357
4882,2.6087635415313284
4883,5.075918664106657
4884,5.892931285574608
4885,6.840467155752437
4886,4.498245914391898
4887,9.5492396818369
4888,8.431808294161158
4889,3.7075603156020938
4890,3.780970126415389
4891,5.585269972679267
4892,5.48752479385985
4893,4.919036403855591
4894,5.045880388258983
4895,3.771415138474124
4896,5.561695320199501
4897,8.071548798077057
4898,7.807364181751655
4899,7.419850565256331
4900,6.642611221065334
4901,5.248509526854091
4902,6.292641642819113
4903,5.326013361892556
4904,5.4461761236922435
4905,6.0997042128068
4906,5.209593319578335
4907,8.450157776936535
4908,2.1856420543458492
4909,7.997586792533107
4910,8.313230698764098
4911,6.12148185163236
4912,5.759591503889909
4913,6.781469939150463
4914,7.5954648135227725
4915,5.166212327601826
4916,3.777204510504628
4917,5.647816734469526
4918,4.016602394910296
4919,7.610550788333155
4920,5.924592148265299
4921,6.888743143593469
4922,5.07792419604429
4923,5.68284543968627
4924,7.755899831145008
4925,2.940920594037644
4926,3.0247475003378894
4927,6.017727443318908
4928,5.653848018965055
4929,4.358812674380515
4930,8.688220064098026
4931,5.370292470711751
4932,6.4630402948661745
4933,8.309941503437292
4934,4.5527991141624184
4935,7.902184141381275
4936,5.056095743793894
4937,6.881348746554757
4938,2.3031088035840517
4939,2.2444912352879967
4940,6.058464327118909
4941,5.483805937026407
4942,4.729905196819068
4943,6.239143479618521
4944,9.043488821876375
4945,6.430057047081251
4946,5.573045812722521
4947,7.846543531820144
4948,1.2367254783954462
4949,5.531129200642132
4950,2.494336930296655
4951,7.7963343772957785
4952,5.580723744208215
4953,6.461253233144437
4954,4.893909809032209
4955,5.217775654286555
4956,6.477265705106873
4957,7.535658859481666
4958,7.175675866265331
4959,3.280667178781179
4960,5.956962657238534
4961,2.751262576464502
4962,7.739960287892964
4963,6.146936867617161
4964,4.315348588048831
4965,7.338748625314131
4966,7.449888728314197
4967,7.70671042526444
4968,2.483556781189604
4969,6.316820678719633
4970,7.308058419594712
4971,5.197910911468804
4972,4.87412026624456
4973,1.0919038580166172
4974,3.1449189666903163
4975,8.290312172696353
4976,3.1976169261416096
4977,8.010379708351527
4978,5.865251137584263
4979,3.1016829566560586
4980,6.119701857703372
4981,6.038787918315876
4982,6.928486120411074
4983,3.9496542443895835
4984,7.8317700288109116
4985,5.275044602661573
4986,7.297268618130003
4987,3.8034114339836913
4988,3.276589005400397
4989,7.132742818037499
4990,8.367133128079201
4991,6.080677471688768
4992,5.542167397957279
4993,8.268635659966346
4994,6.28748398402559
4995,6.8001646666940765
4996,7.520655912036609
4997,4.546724284274095
4998,6.119697605139713
4999,7.328725036005249
5000,5.002066764193248
5001,3.4962358879959003
5002,5.286171637592447
5003,5.318113271274536
5004,6.107581250183803
5005,6.586043969508305
5006,4.685789577451723
5007,8.08281994025241
5008,3.555957624574212
5009,6.341171538219304
5010,4.304818869731671
5011,7.081288586912271
5012,8.062786378254657
5013,3.6286902892554584
5014,4.5675151303449315
5015,6.13802228197261
5016,6.556316334853707
5017,4.710656747431323
5018,6.424679686622037
5019,7.688864078952851
5020,7.761432729935427
5021,8.536204767240115
5022,5.704448893318565
5023,4.926240674759887
5024,6.919381903239165
5025,3.519076960577017
5026,7.609447130115793
5027,5.955994234290935
5028,5.138698446725949
5029,4.416379360118169
5030,4.1172652841252155
5031,7.256002498843663
5032,8.837155716297348
5033,6.4494970476264495
5034,8.893298923628034
5035,3.053413239277844
5036,5.648999514127203
5037,7.353604677102744
5038,9.897982056747663
5039,6.347630426182752
5040,6.020758384031905
5041,4.609102577566129
5042,7.804262345436941
5043,8.447348218486797
5044,5.623900743345421
5045,6.30923545475939
5046,4.055433878260507
5047,4.133055975410706
5048,4.540363894603825
5049,8.494612637193839
5050,4.326794053334639
5051,3.8704102463451475
5052,4.8854617333579595
5053,7.410613697247271
5054,3.055813116800206
5055,1.9822456396306065
5056,7.257287507774203
5057,5.797644002508569
5058,5.648221663192384
5059,4.748912867145441
5060,5.787177888705898
5061,6.29056284185007
5062,7.118601094419115
5063,2.205413477050755
5064,8.99604603558109
5065,7.930492699182821
5066,5.742726009941862
5067,6.070416489337393
5068,8.718851984007634
5069,4.364773729182418
5070,8.651033384040346
5071,7.4108526658328255
5072,7.092828381601108
5073,7.562052540268809
5074,5.0801570041133886
5075,4.846450946506721
5076,5.833607280115903
5077,4.104236126444842
5078,6.148881625523607
5079,4.225154545743768
5080,7.274722769500364
5081,7.47137535020398
5082,3.8708512372483153
5083,6.725116829433477
5084,3.8741252935502404
5085,2.0193002805984186
5086,5.591072564512498
5087,3.6828473559090202
5088,8.025151369844695
5089,5.8801038340420195
5090,5.85112883411269
5091,5.9484296798329055
5092,3.831084069051436
5093,8.229980741844768
5094,4.915953166091769
5095,4.770967938293593
5096,0.5163539211590373
5097,4.692999233762608
5098,5.51706149022849
5099,8.59630651773595
5100,4.813988156230408
5101,5.9210731237478145
5102,8.034955066992833
5103,5.793848971849161
5104,9.083166461016836
5105,2.969550081738183
5106,6.2881986793561095
5107,5.871867941336149
5108,4.894863694426736
5109,5.39719093741173
5110,6.667980023543685
5111,4.882740052115267
5112,6.860905190728288
5113,6.4528088344165315
5114,4.3222893635064805
5115,1.7471674451286272
5116,8.979400775163619
5117,6.034553024059086
5118,4.57292459708174
5119,4.068753261948256
5120,6.4591893435699275
5121,5.815021705396118
5122,7.583546094083792
5123,8.094225743980704
5124,6.772062195559025
5125,4.167414896136576
5126,4.140612150028602
5127,5.351046979635537
5128,5.660710395472841
5129,7.676949131952323
5130,6.303611947379762
5131,8.860066595219074
5132,4.350474348827526
5133,7.723027400259502
5134,4.366317604334759
5135,2.6117895016679418
5136,7.3669051189688926
5137,6.224572500504718
5138,9.050565095439675
5139,6.3273837365138474
5140,5.173851082371225
5141,0.024816840155328996
5142,6.030513392976449
5143,3.8504813686509256
5144,4.878447313483875
5145,7.041088971497851
5146,5.380699870094091
5147,5.180317188945448
5148,5.903218749044557
5149,3.522427251742207
5150,4.950588706268364
5151,6.957072828481313
5152,8.513199075646849
5153,7.110738024692187
5154,5.984508530198779
5155,5.837218196481815
5156,5.177627921342534
5157,6.952964750047904
5158,4.34164475815223
5159,5.200337737678128
5160,3.7846486724849395
5161,3.9288568112853177
5162,7.763363663206129
5163,4.009554083022649
5164,7.464541484115508
5165,8.240620590864545
5166,7.427712868496064
5167,3.11051940731923
5168,9.704677917228098
5169,1.038100902971001
5170,6.143862723911589
5171,4.837753144041436
5172,5.834980937100481
5173,5.35031220950407
5174,6.0300758722898
5175,4.74805687293197
5176,9.43820052524716
5177,8.622243032242189
5178,8.046628603754044
5179,1.332144396798924
5180,5.790579930176225
5181,1.3187573311332017
5182,6.296813213232839
5183,6.409808040379038
5184,7.265199198419317
5185,5.416813936887452
5186,5.034400410629946
5187,5.77076578937484
5188,4.766707851754756
5189,2.8532304042413794
5190,6.315758032801673
5191,5.7318153888524
5192,6.315622703591407
5193,7.680816113218421
5194,5.304736809171397
5195,3.5600320862951156
5196,4.513515891981619
5197,4.301350078888664
5198,3.604225747517741
5199,5.3525390046115895
5200,5.405934466818405
5201,5.700092090203694
5202,7.489579161241031
5203,3.1418170947645776
5204,5.5548570937311785
5205,8.953694032478055
5206,2.6907508137176146
5207,6.747959320624565
5208,4.23833837042379
5209,3.5403472126030304
5210,7.277170755831998
5211,4.885229286448863
5212,7.561234515788427
5213,4.34455254274479
5214,7.0722989478329055
5215,9.277832620884007
5216,8.395268030689838
5217,3.2103764265705736
5218,7.159076035365185
5219,6.439835317670664
5220,5.8225791061049
5221,6.454784625630152
5222,3.0714602205407595
5223,6.3300808749262
5224,7.593821470105745
5225,7.077811658887356
5226,3.816575810981199
5227,4.885568742177462
5228,6.879126318225723
5229,6.259802578711389
5230,6.170748872459214
5231,6.300456863551638
5232,6.745228836452375
5233,3.93340053694589
5234,3.6474225893032974
5235,7.629669382202993
5236,5.294322949445241
5237,7.164051056841846
5238,6.870998417801075
5239,6.709312724502654
5240,4.900704598602722
5241,7.419485652070902
5242,8.801450290736195
5243,3.771448205236288
5244,6.094966575167934
5245,5.3563829621860695
5246,8.159903853886933
5247,7.912946024898528
5248,4.172385605402875
5249,8.560342409933819
5250,7.009329711840064
5251,6.436279341782371
5252,6.358440936862098
5253,6.821167900939396
5254,3.49164415876536
5255,5.560596547163348
5256,7.520152444552498
5257,3.096361372192943
5258,7.479755373533401
5259,4.215924311184503
5260,4.069737033526237
5261,7.97556724444191
5262,3.56865914548003
5263,6.32782395241862
5264,6.716586439677716
5265,7.300300705900023
5266,6.25859697592821
5267,6.8333550212655005
5268,6.4013402828858705
5269,6.082421113130472
5270,10.0
5271,6.28779044689969
5272,6.7081605858702895
5273,4.770268386829819
5274,4.562331292976593
5275,2.9337651512729037
5276,5.069396779103469
5277,5.888510460565158
5278,7.62986504887461
5279,7.735421899449817
5280,4.939191871500688
5281,5.857492309965062
5282,7.940247042506229
5283,2.4165433234852376
5284,4.6966808938691225
5285,6.22371714689425
5286,9.184966946374978
5287,8.586836505893295
5288,5.821918758520302
5289,5.507759186013457
5290,6.375855876376622
5291,5.254698602484545
5292,7.079838914624872
5293,5.64928061217099
5294,5.391056231201899
5295,5.167110744449686
5296,5.765056036359539
5297,5.839129175481284
5298,6.340889089627034
5299,9.171027438483266
5300,2.3397540661310314
5301,7.541966723544677
5302,4.22541418847632
5303,3.3249638328255067
5304,3.686051267216344
5305,7.8345154453491945
5306,4.196161048071993
5307,1.9622568858536698
5308,7.888436200505226
5309,6.181654347828256
5310,5.060997212948265
5311,6.551264914555912
5312,6.536644023864931
5313,2.296634462873445
5314,7.123257542905275
5315,5.0529468874074865
5316,5.865748092539541
5317,4.133071136371244
5318,5.043552007538338
5319,3.9971184772742974
5320,8.321605321545022
5321,3.116088882855205
5322,6.259327263523979
5323,4.8319636480221515
5324,6.4741875477306134
5325,5.483104543682829
5326,6.484459885351196
5327,6.146782631751749
5328,5.428871755611844
5329,7.287654043709739
5330,1.8405473786861013
5331,7.801714709218567
5332,1.9660648781401784
5333,4.467414467237115
5334,4.741573262998682
5335,3.093897861832822
5336,5.899702147655578
5337,4.447521546416628
5338,6.480331559462966
5339,6.424151308327515
5340,7.624985059861628
5341,7.675858188423156
5342,2.8626573225820984
5343,7.728725175068762
5344,5.397159811081517
5345,5.4926865220514065
5346,5.223979451028364
5347,3.5000710293087134
5348,6.456620293414463
5349,6.875582147834425
5350,3.700788077847542
5351,3.9543105228064004
5352,6.410691225957849
5353,6.835073229404541
5354,6.89026572994078
5355,5.922252013118909
5356,4.715235843866981
5357,2.4307242573939467
5358,9.08347517479869
5359,6.60692935439149
5360,6.87309218058661
5361,6.358338301522268
5362,7.400457143860528
5363,6.991774658236695
5364,8.631308321017059
5365,1.2905587368447926
5366,7.034856747347814
5367,6.113660940525579
5368,5.505428653103979
5369,1.8471330988084644
5370,7.724379335367432
5371,8.35408095065728
5372,8.450260607139548
5373,2.134198060005602
5374,4.849885365656941
5375,6.476542491940048
5376,8.060425930226307
5377,4.361653785468566
5378,6.22952368501498
5379,7.320135079759764
5380,5.078197627828064
5381,5.479871168972092
5382,5.358659267828301
5383,6.850799432676322
5384,4.470939655972547
5385,7.662451622731988
5386,4.378892453397461
5387,8.180267170707246
5388,3.7307838892902874
5389,7.560034107476104
5390,7.181849646050686
5391,7.580101366273508
5392,6.04218079550134
5393,8.89742919750024
5394,6.305100880976679
5395,8.926763646694097
5396,3.25068648234114
5397,1.3891523333825337
5398,7.131046843587507
5399,4.223525933202958
5400,3.714269429378231
5401,6.555874420791449
5402,8.209460580498941
5403,3.130276513714977
5404,4.265878115587254
5405,7.765298420570344
5406,6.641361873570945
5407,5.864112282862637
5408,5.487696233702246
5409,6.842661710523654
5410,3.9194313292082548
5411,9.862160196227384
5412,3.6633006630566904
5413,7.364881713597449
5414,8.5969091766273
5415,6.4321961854527006
5416,6.622381185260244
5417,7.89630433194392
5418,4.290310429261785
5419,5.002627492588967
5420,7.532438467767818
5421,6.9623310762953
5422,3.9710740498474926
5423,5.092980454582242
5424,5.016264443246962
5425,4.483756335137258
5426,5.493527651177125
5427,2.656969651116728
5428,5.931238409503178
5429,8.683285723094109
5430,2.826584350362216
5431,6.086015104334502
5432,9.110645576711814
5433,2.891131788849799
5434,6.07562205037942
5435,6.710510238006281
5436,4.173538599406177
5437,4.609551685117813
5438,4.022146998501678
5439,6.111412745085127
5440,4.079784603006169
5441,9.261809650275957
5442,7.77442325968026
5443,7.6842477844440875
5444,8.338418875368632
5445,6.015946964365997
5446,8.125137075338602
5447,3.9068819219854842
5448,7.461849446099224
5449,6.925396265928374
5450,3.1876945879217558
5451,6.6825399227507845
5452,9.802499965725634
5453,4.187587436682285
5454,4.882924906990473
5455,2.9615897733216348
5456,4.217995129256467
5457,5.322359707643793
5458,6.790985421745377
5459,5.534332925553519
5460,4.150248789961566
5461,4.528488164412643
5462,7.152647157949195
5463,6.348828253268691
5464,6.652353331137127
5465,5.711078331710382
5466,5.112505663342471
5467,2.4318477724631644
5468,4.491653832248
5469,6.27440400003262
5470,2.9330650121569803
5471,8.960589288155127
5472,3.0442135033711706
5473,7.613901203105639
5474,5.68460542197097
5475,4.975012504362272
5476,6.114658963772019
5477,7.811666690410934
5478,6.02881977266604
5479,3.45273855327508
5480,5.119493051177233
5481,8.808326957400059
5482,6.280415262369317
5483,4.740094350068178
5484,7.344201734904436
5485,7.243937271707179
5486,6.023445120752173
5487,7.456770062939888
5488,4.461998788539497
5489,5.274335401996822
5490,2.353869581755089
5491,8.632046217639859
5492,2.6537269648484085
5493,3.6012322143465822
5494,8.167403677898967
5495,4.3184798438799605
5496,4.571109636624072
5497,8.412685710614273
5498,7.112989077059593
5499,7.467734686809566
5500,4.946281343109585
5501,6.471028040006803
5502,3.7745674284667214
5503,7.831078168430974
5504,4.430844015314511
5505,7.209172780528285
5506,5.3925823999144376
5507,6.294554338599321
5508,6.578562161274358
5509,4.265545156755001
5510,9.029685302220628
5511,7.440002284337354
5512,7.0178635093352515
5513,8.878052724221806
5514,5.5843740905032275
5515,8.511454955558193
5516,4.603699595723036
5517,6.799172728537087
5518,4.29036749968223
5519,8.505397635608677
5520,4.368300059254058
5521,7.775879591936834
5522,4.06927356945244
5523,7.095970389780931
5524,3.022842432887715
5525,5.985020757590629
5526,6.45764960705921
5527,6.432462760228154
5528,6.205836502479098
5529,6.802478193424075
5530,3.814309632596948
5531,6.172653245281948
5532,5.251029998705125
5533,6.615418577367194
5534,6.63396464921473
5535,7.334183459667288
5536,8.898095079046396
5537,7.093474905961967
5538,3.5557123274162437
5539,4.062176935238041
5540,2.9350006770151507
5541,5.101022157180097
5542,5.1853398543380855
5543,7.101071730741392
5544,5.54908353693782
5545,7.599933877883795
5546,3.991133473297408
5547,5.895618268004919
5548,5.5225333716027265
5549,7.942993230313034
5550,5.5473414193829385
5551,6.189103275714926
5552,8.370671329596902
5553,3.533108486266974
5554,6.215318292357035
5555,9.321421336981398
5556,5.766920689880289
5557,6.611120891144713
5558,3.4749632894949785
5559,5.471212604687821
5560,3.8577629893091885
5561,4.29279718060682
5562,4.628402867959458
5563,6.8180519827302115
5564,5.768557796927231
5565,4.4752808213476385
5566,5.873742231281723
5567,3.727855859127396
5568,8.025329121753812
5569,7.461125955715184
5570,3.5412025412828076
5571,3.8350827583952065
5572,5.739094861458343
5573,5.935955772580233
5574,2.6320831022927127
5575,9.473726930743524
5576,6.6608020920365885
5577,1.532347060125102
5578,6.170807529801825
5579,9.398317095193274
5580,6.425016085103926
5581,5.871329717569674
5582,7.331753554211891
5583,8.478530414231404
5584,8.238225705700462
5585,5.826441610808345
5586,4.301555422459459
5587,2.589246543587177
5588,9.968334835579869
5589,7.09040927963184
5590,6.967399839417493
5591,4.926658874995558
5592,3.798702738368914
5593,5.907412531070229
5594,6.420158742317549
5595,5.666772693016141
5596,4.197662553626189
5597,7.503333588554352
5598,8.207570313715888
5599,5.544212610000436
5600,4.751255131675452
5601,4.9446190207942555
5602,3.526788381150765
5603,5.148514582011655
5604,4.867900409399003
5605,7.403594928721234
5606,4.973219655265327
5607,3.6617918083547405
5608,8.52164435818811
5609,4.369583133494289
5610,7.417626650448163
5611,4.882888249763498
5612,6.775826624514549
5613,5.922798696730645
5614,3.3473099006809424
5615,5.935702511561089
5616,6.934242533592636
5617,3.96335194255946
5618,4.359278333846415
5619,7.186051765745459
5620,7.831592884206271
5621,3.6157250237994516
5622,6.735568090828224
5623,2.830673268950792
5624,4.816183149742747
5625,5.595557864036541
5626,6.315249210119588
5627,3.405492975774056
5628,7.780176052540246
5629,7.899728418850907
5630,5.210644071859198
5631,3.232619987391498
5632,5.237630731762918
5633,5.883795387668852
5634,6.837192231151054
5635,5.576658104899364
5636,7.115536805084339
5637,9.275998364624769
5638,6.860075362094548
5639,5.381907791167213
5640,3.5557797324937006
5641,4.2599195804168986
5642,7.767711389026292
5643,4.7695295582346215
5644,6.161145237461097
5645,1.417825620567991
5646,3.6820855216462487
5647,4.757470859622737
5648,5.118512429421946
5649,2.739539826184326
5650,6.049792338869941
5651,3.463115702626468
5652,1.8070987852537634
5653,6.601019124476224
5654,7.101148830741711
5655,6.1525204750905
5656,8.513282097048672
5657,1.2612308963899004
5658,1.8124874578871306
5659,5.352980641406718
5660,8.23447866842467
5661,3.676265718217169
5662,7.942419257496801
5663,5.866745060662379
5664,6.016157378897287
5665,6.702139005398619
5666,1.3593685985068715
5667,7.09949938173367
5668,2.0976512411776254
5669,8.915793227353127
5670,4.2470203388424475
5671,8.352993518912296
5672,5.076971947329616
5673,6.720616298373526
5674,3.444557219205091
5675,6.3670799374817495
5676,7.257274397743761
5677,6.813860460051865
5678,6.984151764579339
5679,8.903157317391145
5680,6.777662165767601
5681,3.614642315137146
5682,2.148782143079849
5683,8.281188233405555
5684,7.37273480796592
5685,5.575170463361461
5686,7.608775298679312
5687,4.309338238947502
5688,6.607772378552678
5689,6.067976905944419
5690,6.697319268413507
5691,6.628508585293859
5692,8.126455119371451
5693,7.227569053482302
5694,6.559348859286936
5695,4.193616012446448
5696,7.093132190825948
5697,3.738026142222922
5698,7.167601841249767
5699,4.69322147313318
5700,7.003631375441438
5701,1.797587418614837
5702,4.973523046866808
5703,4.756783660943052
5704,5.607684114039408
5705,6.168815887632526
5706,2.180547444613564
5707,6.7708617452008495
5708,8.172199639249765
5709,6.994490539749257
5710,7.551163365184708
5711,6.345552759761962
5712,8.511214664579981
5713,6.508833465268774
5714,6.29386831969718
5715,6.901618276014943
5716,1.316186038304696
5717,6.11958364301548
5718,2.6198868884877413
5719,6.277491310987406
5720,5.23375222392138
5721,3.945423211214645
5722,8.634475207643904
5723,4.8494717491693535
5724,4.164728698015732
5725,8.446997403346392
5726,4.9347654890958275
5727,7.625736314008013
5728,5.33888078618503
5729,6.65381080637396
5730,2.6026695546257477
5731,4.281825207173248
5732,6.64814926811291
5733,6.803824710117699
5734,7.677272233032563
5735,4.756337771311447
5736,6.695399625694202
5737,5.461446709857754
5738,4.937304641867914
5739,4.322928832942791
5740,7.470707504532145
5741,2.965974229521751
5742,9.514555134388363
5743,5.73856805624653
5744,4.8790824639178965
5745,6.971882358085877
5746,6.376974814591843
5747,3.2640426843861543
5748,6.762041372475518
5749,4.989041041763414
5750,6.073590133963423
5751,5.452455470918403
5752,2.886055827455816
5753,7.5312887343663615
5754,6.0270954321806425
5755,6.813665883120965
5756,1.721067213307701
5757,4.798077715572292
5758,6.703718196117283
5759,9.370130613086145
5760,5.115510033684037
5761,6.176819220818833
5762,3.766992472781226
5763,3.4339320776124076
5764,6.6261491712551415
5765,6.715507954195088
5766,4.075822851873518
5767,8.01076308149377
5768,3.2945965375536064
5769,6.825595372946207
5770,0.5545344449985756
5771,4.985286164605286
5772,8.00963924027683
5773,4.694873035072535
5774,6.599633542390539
5775,5.314530923730816
5776,2.7234791173124613
5777,5.831054359738036
5778,4.5624391933922235
5779,8.13007926327786
5780,5.565611025780935
5781,6.271830466840974
5782,2.470702512986435
5783,2.8226829033325656
5784,4.795628876222969
5785,3.168108261429089
5786,7.511367177915335
5787,7.617988755018853
5788,7.724185027325243
5789,5.90519667672908
5790,8.550005220864591
5791,4.270700396402433
5792,5.276922155959349
5793,7.079873009076027
5794,3.781939726901138
5795,8.991310343507891
5796,6.005644821869156
5797,9.493584716716287
5798,8.730162125902236
5799,3.9460085926081816
5800,6.6329186088742995
5801,5.182867608553077
5802,6.041345594716788
5803,8.255701786188881
5804,4.279896535335982
5805,7.6668621044706375
5806,5.869194369419723
5807,9.473393757553588
5808,7.394167134843125
5809,5.755236687367348
5810,7.122502087498378
5811,5.3846686970567665
5812,6.422920840461449
5813,8.615812667753755
5814,5.475930633940973
5815,4.786156898681017
5816,6.599354098515559
5817,7.057939925725698
5818,5.207145235302914
5819,7.766634245834883
5820,7.951286792253028
5821,9.106804366819738
5822,5.911035899604439
5823,6.905745138115292
5824,7.143190585049034
5825,7.7160179313058155
5826,9.299241794569713
5827,4.92028654660681
5828,8.407464730034794
5829,5.260498726291485
5830,3.137664062183047
5831,5.389193460748601
5832,4.010774915529385
5833,4.585851156058957
5834,5.9641031961014
5835,3.38543831371756
5836,4.644861564121545
5837,6.432585032669662
5838,6.331389520049935
5839,7.8775776006563545
5840,4.864224456736389
5841,4.946197019904868
5842,7.546377982799739
5843,8.570190994493856
5844,8.520301024248306
5845,9.2449753565149
5846,3.5526362106925937
5847,4.790401460821286
5848,7.632746454834912
5849,5.699828422403182
5850,4.641007843593379
5851,5.799400303694125
5852,5.727449284777631
5853,6.966850441483485
5854,7.171618447101542
5855,4.434165017522656
5856,7.084243634077616
5857,6.460040830916065
5858,8.782441190053035
5859,8.302022815175642
5860,6.5035540950169155
5861,5.471849340901837
5862,5.404292037862341
5863,5.396309104683114
5864,8.906598223072688
5865,6.5955965917804775
5866,2.7572701247188
5867,3.21291411884242
5868,3.3995577513059807
5869,6.424908224391234
5870,2.260544093927055
5871,5.548718452269698
5872,5.487725557369469
5873,7.27537437714398
5874,7.065775097315927
5875,6.226857760631172
5876,3.6120987485289886
5877,6.542756186329012
5878,5.789721900876213
5879,3.450361582921704
5880,6.301511846235217
5881,5.525494712959015
5882,2.693991292752688
5883,4.516633770422262
5884,7.050491607716892
5885,4.497225408522236
5886,5.452746263786381
5887,7.736474825967006
5888,9.439680674717373
5889,6.134986191062001
5890,7.014180622237636
5891,4.994270961612945
5892,6.601846376806757
5893,8.694767787846015
5894,5.761749567807721
5895,7.78939598495699
5896,5.9077487614367765
5897,3.8975456939640285
5898,7.2251516344889986
5899,5.715643268593302
5900,6.539933896347138
5901,5.72222532800973
5902,4.33895458267548
5903,6.688699029121576
5904,8.643432883503666
5905,7.164252023924635
5906,1.5045311173065317
5907,5.64021726831335
5908,6.6687313945287805
5909,4.285987727063462
5910,2.251092833943323
5911,6.144969167943605
5912,5.6512939116334255
5913,6.740881798858853
5914,4.327565733722775
5915,6.839566129522429
5916,7.622135285486029
5917,8.607541047514164
5918,6.503515841410482
5919,4.345619033279208
5920,7.405010673888748
5921,6.457823133354992
5922,5.701667257915284
5923,5.007594780775214
5924,9.841784306973672
5925,8.886885927741837
5926,6.424665101939985
5927,7.456043563174797
5928,3.9822241626769013
5929,6.475023033515074
5930,6.863719272316463
5931,7.31688878443469
5932,8.078839117449313
5933,4.67085345055416
5934,8.038829405782066
5935,3.669797981308402
5936,5.589154516629569
5937,7.137357024695227
5938,4.957800207699295
5939,6.557775563995583
5940,7.75851319695979
5941,7.602156705303577
5942,3.6901096295273947
5943,6.003832343599804
5944,7.749643071646421
5945,8.747665488653663
5946,9.66040114956322
5947,4.856488951003164
5948,5.226082028313332
5949,4.66260655384364
5950,0.14687319540941796
5951,5.88894997237565
5952,4.098072537557588
5953,4.882752478850995
5954,7.65076182871521
5955,7.489576342894499
5956,8.707178939644237
5957,8.032225510606073
5958,5.697450071423125
5959,5.699720455017145
5960,4.8119669190122965
5961,8.264837788615894
5962,5.044641052200301
5963,4.024152768405077
5964,4.2882338095396495
5965,5.7395705246729065
5966,6.6369630637544
5967,8.302240673093307
5968,3.0943289965237843
5969,4.962830193266237
5970,4.899721943466099
5971,5.232630474017496
5972,8.793562872896079
5973,6.329236751115909
5974,5.868985793287971
5975,8.192518752143998
5976,7.569198275054619
5977,8.880089218649234
5978,6.355782829968511
5979,9.577398818583436
5980,4.804775556222279
5981,7.358617349124099
5982,6.438269028381607
5983,7.256845412342036
5984,6.524840751556645
5985,7.7435037013923855
5986,6.810545656823704
5987,4.86199992910727
5988,5.327367622490058
5989,5.067772842029589
5990,6.034353255373469
5991,8.960855002436999
5992,5.735449454408608
5993,7.647114007697769
5994,4.1508832975561205
5995,3.053992108884608
5996,5.479223152964752
5997,5.840163552695921
5998,5.928297186388074
5999,5.385380499412742
6000,6.115208197430292
6001,7.411028272045635
6002,5.7630517675248125
6003,4.623791370527514
6004,5.008555034981134
6005,6.05826477067454
6006,8.877267421843388
6007,8.638156093738754
6008,9.319284769721893
6009,5.177607384706839
6010,7.008078825760776
6011,6.072712705208339
6012,0.8654179681245314
6013,4.332734371897797
6014,5.627789211876026
6015,6.387956295040318
6016,8.39653395336239
6017,5.5156514444288405
6018,8.59896643805819
6019,8.09165720185128
6020,3.92220926716527
6021,9.000177250630692
6022,6.732358751459913
6023,3.7382280661233214
6024,4.525979627608789
6025,6.169600986464104
6026,8.341464462811892
6027,8.387967192733008
6028,3.692215938189797
6029,7.62936487790904
6030,6.458459432039103
6031,7.837464683883263
6032,9.838032285182639
6033,6.620217910662661
6034,4.936784040257419
6035,5.936182002827296
6036,8.940902911521706
6037,7.743707862770088
6038,6.463750311357778
6039,8.399689210685283
6040,3.8280083336607182
6041,7.452471019579953
6042,7.273853430410283
6043,9.022394738267582
6044,8.243890663088223
6045,6.216588416370711
6046,6.51212044462707
6047,1.6176745360170608
6048,3.6657229407698706
6049,6.731807763057892
6050,8.23405778775491
6051,3.7939621544657762
6052,4.922230912170106
6053,3.1665830304374367
6054,7.28090502812282
6055,4.954079866859802
6056,4.119697878631038
6057,5.168139278284569
6058,8.772929172405664
6059,4.642277466976056
6060,1.6248199660820197
6061,6.8067242121311855
6062,7.598844255309379
6063,6.426641139488514
6064,5.6619114289515755
6065,5.162893817920214
6066,7.139022837739349
6067,3.887141961616491
6068,6.910707276812231
6069,2.069690944369234
6070,4.020653397694058
6071,6.528449201062532
6072,5.338524838119282
6073,4.455885254860238
6074,5.880051710978916
6075,3.0449576146251784
6076,6.040770970557383
6077,4.771819118959902
6078,6.725590811566037
6079,2.8437700545243056
6080,3.497060972698817
6081,8.579537840322647
6082,3.3361837371292635
6083,6.684950262037857
6084,6.404261014099823
6085,5.374692213142259
6086,7.889245799629538
6087,5.2924148650263305
6088,4.7274564662444885
6089,5.833444399504067
6090,5.630609908661868
6091,5.199474750483378
6092,6.6663558046414995
6093,6.37921642722156
6094,7.517966072602872
6095,6.503385042122733
6096,7.819906380310744
6097,4.028471876434038
6098,7.639645882974685
6099,8.52678961569286
6100,4.847415519806524
6101,6.3812249634574805
6102,5.7261931398579655
6103,4.061605211597491
6104,7.304844420669337
6105,8.046016920044057
6106,6.558219699380578
6107,6.937316546330239
6108,5.524271568912318
6109,9.015371789912166
6110,3.0182282180158193
6111,5.931685152521018
6112,5.186690175524545
6113,6.079371497872437
6114,5.0536638977365005
6115,7.293131574364948
6116,5.072133732699848
6117,8.298661537530846
6118,7.788852852215714
6119,5.117712470434828
6120,4.45969888523271
6121,8.708272121056497
6122,3.8512096674914167
6123,2.813820682463012
6124,7.007354687324467
6125,9.687136391302507
6126,8.187417945853072
6127,8.793680856888592
6128,4.600691875866084
6129,3.5133431455199178
6130,4.785386827840388
6131,6.549077142434996
6132,4.906629360627693
6133,6.419499092222341
6134,7.754384523360708
6135,2.9827733383839705
6136,4.216907710435323
6137,4.603986068898769
6138,4.453884995861419
6139,4.960267741587991
6140,6.24612326298243
6141,4.6266000143661055
6142,5.639029143773225
6143,8.000882531338132
6144,5.820688606347092
6145,5.262814159965256
6146,6.73403018675709
6147,6.597798812649188
6148,7.560368823338306
6149,4.831882685829796
6150,8.001297419738265
6151,2.849514211169815
6152,6.9619744372967585
6153,5.780009010554878
6154,6.081688709958065
6155,9.356056860087563
6156,3.063152194110526
6157,6.24698600495924
6158,5.501521968340002
6159,6.163993495231433
6160,4.973793961059392
6161,5.297899047245428
6162,7.342511141533492
6163,6.323633563944972
6164,5.29539823180419
6165,3.613199266013161
6166,6.651088176531931
6167,7.153950105365219
6168,5.959492556521761
6169,3.5867888492177893
6170,6.449412940473454
6171,4.233996064093402
6172,4.706884694784858
6173,5.43033378780631
6174,3.7455900731928424
6175,5.705501324910127
6176,7.858646180487295
6177,6.809900353307555
6178,7.672459097229347
6179,9.253147348213556
6180,7.470332776532672
6181,3.2923942398355637
6182,5.177200512904379
6183,2.3410234752045156
6184,4.357906271199594
6185,4.153789266613183
6186,7.62648856915031
6187,4.346382538508628
6188,4.395993959540766
6189,9.563172823710236
6190,7.023487757651823
6191,6.495522337038199
6192,6.210638806661327
6193,6.793084583447911
6194,7.341562267708217
6195,2.3562045334930395
6196,4.903649224555835
6197,4.726310870375151
6198,4.49424956859358
6199,7.55278218688479
6200,7.734139731621965
6201,5.527492574368111
6202,3.9152540195686845
6203,4.7744092630210755
6204,3.2691325765079995
6205,7.616186341048142
6206,7.2097967432090275
6207,3.936361048474211
6208,7.9523003986148515
6209,4.371282692385877
6210,5.055485359295247
6211,4.223027512934964
6212,6.182647489666002
6213,7.19666422254004
6214,5.788408829358864
6215,4.3043806026613565
6216,7.694160006147744
6217,8.62911665159788
6218,4.210838802812288
6219,6.4123199653236025
6220,3.62279754771738
6221,5.54418651234878
6222,4.626789928406279
6223,5.928514960159624
6224,4.654760506878333
6225,6.359745629488165
6226,7.463838509263056
6227,4.765401090225722
6228,7.1270147642376696
6229,5.6186032820349
6230,7.380927474047337
6231,5.572457502976156
6232,6.03059721061305
6233,9.599543943193428
6234,8.102395684875372
6235,7.359467925967753
6236,5.122449053516255
6237,6.677508010588666
6238,8.947107939006905
6239,5.097937559211195
6240,7.145711436557557
6241,5.089397542855448
6242,5.808606174331157
6243,4.558981960008584
6244,6.236376161519685
6245,5.044041537226592
6246,8.188676560300058
6247,5.9110123560415815
6248,9.175325074820687
6249,5.179608280068623
6250,3.010751692848963
6251,9.99887830438687
6252,3.6475922743851825
6253,6.719788411445214
6254,5.495711828188902
6255,6.885704821452221
6256,5.636833564394738
6257,5.643822202173778
6258,4.009370702512932
6259,3.432147138933625
6260,3.1629862418817587
6261,5.981108594898699
6262,8.63710058412739
6263,8.658242370578307
6264,5.872038756633142
6265,6.725646931731552
6266,2.394899696720489
6267,4.5849673756440446
6268,5.489990285871814
6269,6.489165265798333
6270,5.613052414775781
6271,4.082495900848282
6272,1.5815229470716856
6273,7.662658848669381
6274,4.287918892229593
6275,4.4069379328458576
6276,5.49256199393752
6277,4.969438423103217
6278,7.277014518433367
6279,7.0406843666124175
6280,6.447237966074493
6281,2.4734385067785523
6282,4.668966277880315
6283,5.851023348392478
6284,7.2278817406722435
6285,8.163709565944592
6286,4.062627197705995
6287,5.301059123343082
6288,9.153638940950367
6289,3.680655694782464
6290,6.016050539696785
6291,3.685425140780827
6292,2.1958344321841703
6293,6.287114117337666
6294,5.998787366510139
6295,5.9929713422086355
6296,7.737938350027294
6297,6.673991785013937
6298,6.773299497649443
6299,4.273061378126166
6300,5.093543293209287
6301,4.6988673413727415
6302,5.863304434572503
6303,3.79676012156026
6304,3.5658376832633287
6305,7.02633569454161
6306,6.2610343197717775
6307,6.770763731963919
6308,4.853292299118417
6309,5.627627984566061
6310,5.123522498301714
6311,8.743827218250248
6312,7.299950943937732
6313,3.087486810383142
6314,7.234814679704298
6315,5.075223923513116
6316,7.939261838497508
6317,9.439627849766982
6318,3.2504514146866645
6319,3.8999428044042315
6320,5.592194231207214
6321,5.136849098551584
6322,7.858088141790495
6323,2.779086061042398
6324,4.316174614036369
6325,6.9122842454202535
6326,6.37102514930479
6327,4.387179087800018
6328,5.003426368044501
6329,9.245486190547528
6330,5.081648167526182
6331,7.1252433746142785
6332,6.266581189027866
6333,7.876783985053848
6334,6.782376896828707
6335,6.149723047244607
6336,7.297067936387158
6337,3.42348303982562
6338,7.7182785891755525
6339,2.6527203460884974
6340,5.369036733435273
6341,4.689682378828508
6342,4.973811991989024
6343,6.9393580373506865
6344,1.8641906797984622
6345,3.081453964976524
6346,6.733432003967277
6347,6.596777438265067
6348,5.350243639297928
6349,7.174128882933978
6350,6.569877160295581
6351,7.68606320195335
6352,2.4508588941331935
6353,7.111642025285222
6354,9.161343706887987
6355,7.060631833598992
6356,5.5257038721846214
6357,4.029285268748124
6358,6.295745483693211
6359,6.800487467058926
6360,7.5516795603165265
6361,6.115901715610578
6362,9.446604757160499
6363,6.567656053709705
6364,5.46664961050434
6365,6.7187487070661644
6366,8.14687737974483
6367,6.610027842841982
6368,7.637888667932914
6369,7.994732481101748
6370,4.32942946094791
6371,8.283951675333137
6372,3.884032248088865
6373,5.748453486388414
6374,9.118274408429471
6375,8.914909238085212
6376,4.588904754549866
6377,4.325842766397924
6378,3.4945486133504926
6379,9.049411293420384
6380,4.269505882023688
6381,1.7321458357496167
6382,2.201208757142591
6383,7.26648785097809
6384,7.310840400461656
6385,7.980257725145812
6386,7.952823884691987
6387,5.301223681384689
6388,6.096461502850659
6389,5.923783887600703
6390,8.729842813988059
6391,7.29105798506508
6392,4.413197734651527
6393,4.2637494479181015
6394,3.029309144416392
6395,6.142710737306118
6396,4.328315672786259
6397,4.925985057471521
6398,5.921837153152359
6399,5.2110039559589865
6400,7.433419907340742
6401,7.135430578016184
6402,7.662373354801853
6403,8.305466134680096
6404,1.1062228579094255
6405,8.488392965594596
6406,7.148224334612835
6407,5.059916370520014
6408,7.618004565299991
6409,6.481585760156005
6410,5.7625547028270985
6411,9.337266980197576
6412,4.354684315226232
6413,4.218344331893221
6414,2.305921991322614
6415,4.2943430779585245
6416,1.9476322946901043
6417,4.225136753206804
6418,6.346394964002835
6419,8.982788746009398
6420,6.019297038792835
6421,9.799944330567541
6422,7.725241652987107
6423,6.426736711010549
6424,9.493541434070021
6425,8.379347202625631
6426,4.818122903589398
6427,4.7015329068530765
6428,6.49951102853828
6429,3.5619884727150177
6430,6.431761248005518
6431,3.457485015211658
6432,8.014501790148067
6433,2.8040800017863834
6434,7.39727691670142
6435,8.561734039483483
6436,4.593576289801879
6437,6.937198039534849
6438,7.6776050463763434
6439,6.173113064275989
6440,6.142842926556911
6441,6.40017629260273
6442,2.4929766014476282
6443,3.8568434424562503
6444,7.54483651285994
6445,8.036621359308779
6446,9.735677798349768
6447,5.9962716668749
6448,4.897481400665763
6449,4.7487286210344415
6450,5.857890292790289
6451,9.038944153005986
6452,9.817703967618534
6453,3.75522094132254
6454,6.962749221758519
6455,7.960004202691599
6456,5.577085399026353
6457,8.340275279664574
6458,4.5211841151546786
6459,3.0453777422355426
6460,6.00037235946122
6461,8.291269076092986
6462,7.87037475628361
6463,6.5878176636029435
6464,8.026986325277676
6465,8.55710491297068
6466,5.0966879761673685
6467,7.37650851614358
6468,4.336253614224734
6469,7.257554874665867
6470,8.630156894360482
6471,6.988241174954867
6472,4.813700924296847
6473,3.7904914025966017
6474,7.6129319080564315
6475,5.0806040691641545
6476,4.9576581390045575
6477,8.553015321268417
6478,7.254909769203368
6479,8.305397833928428
6480,7.842641635059633
6481,6.374120292692904
6482,5.102366914637645
6483,5.7763277907262145
6484,6.067807269772492
6485,7.712194439437044
6486,5.177666024289625
6487,4.138330823500083
6488,9.960352746214387
6489,5.612595433866748
6490,2.617075967906124
6491,4.6762645540276715
6492,5.77365191773923
6493,2.944372728674575
6494,4.55255437966494
6495,5.045701808249717
6496,8.016508610178096
6497,5.81927578889842
6498,5.819302612939543
6499,5.622325400164437
6500,8.73165881702757
6501,2.815536850950037
6502,2.4318249036326645
6503,8.014968317775406
6504,9.255921414072507
6505,4.6785308203963085
6506,4.0776186092918145
6507,6.589463938656323
6508,5.789876670337776
6509,6.361145378892982
6510,6.956287773304766
6511,7.457604460397014
6512,6.448548527403396
6513,6.513172166492682
6514,4.393743193960676
6515,4.229492637730765
6516,9.448817031419493
6517,6.20446933460534
6518,4.724746152061968
6519,6.187378454366813
6520,7.6975330595058296
6521,3.1358427212821933
6522,3.743707272048882
6523,3.455751764443533
6524,8.263106463804966
6525,7.93820074123248
6526,8.80142436898241
6527,4.2353581972409895
6528,6.2737120947181415
6529,4.08216660227313
6530,6.377618649886179
6531,7.426703906275035
6532,2.769802614615158
6533,8.743194511656448
6534,5.53318677158008
6535,6.000219846640477
6536,6.795655080952505
6537,6.618648621831512
6538,5.067087755233064
6539,6.929624923832222
6540,6.108319946939715
6541,6.791747266344889
6542,4.33827750330101
6543,7.238157884810794
6544,6.82384712375014
6545,5.966728653323009
6546,8.074036652087717
6547,3.7522299475035874
6548,5.909621996280026
6549,3.5835825663456946
6550,6.7061117794389835
6551,3.1838889400192065
6552,5.237052322594737
6553,6.860046511260751
6554,5.631329294808895
6555,2.3054029073328124
6556,7.325884002838003
6557,2.7022784187760687
6558,7.2251630837477405
6559,6.737097816282501
6560,4.209478128591158
6561,6.1964361546121385
6562,5.101359532792419
6563,5.585606466785758
6564,3.167167178957868
6565,4.434399905762039
6566,9.388339296172031
6567,7.823198523322139
6568,7.342306817769791
6569,2.7886317226429793
6570,7.695161424550191
6571,7.388902900474022
6572,2.904862390496181
6573,3.697143324100247
6574,8.332327447642285
6575,5.9493492365764595
6576,4.503848444679285
6577,6.77692365446554
6578,7.797392070450812
6579,4.577291899753151
6580,3.479145124355445
6581,4.141208976554411
6582,8.794741897912004
6583,8.680932575115882
6584,8.403976121623163
6585,8.661608354843843
6586,7.732082554125242
6587,6.615494566879814
6588,2.2493412892819316
6589,5.732088391626763
6590,5.749719025593272
6591,9.30586799557374
6592,7.924378531137094
6593,6.274796616396973
6594,6.006842911405346
6595,6.738362279423497
6596,6.24565701638979
6597,5.979562521977387
6598,7.082350224728902
6599,5.814263390335546
6600,8.281358013075497
6601,7.686843394991174
6602,4.086503532316143
6603,7.5713045093916
6604,6.798203595728014
6605,6.561148916498202
6606,7.5511749730431195
6607,4.834885481253222
6608,6.999084115408578
6609,2.661088401208708
6610,0.5478215190590583
6611,7.282967052535154
6612,6.442715063252489
6613,3.9191130978155093
6614,2.7840174374004185
6615,6.492594142391795
6616,4.622006024959152
6617,3.6932137227429207
6618,7.701008226349371
6619,2.8888891061908497
6620,2.012300139823749
6621,5.138367256360279
6622,8.001486419087481
6623,6.6496112609063625
6624,4.23056193751971
6625,6.962259148948444
6626,3.6336444977015385
6627,7.963172434526979
6628,4.541886978692762
6629,7.622478035935747
6630,5.892414442555576
6631,6.671913684583204
6632,5.716919396408553
6633,7.948811667208293
6634,7.332114147406416
6635,7.595793915656488
6636,5.3051611061311785
6637,1.7771945382292127
6638,4.476724904015997
6639,5.515252514599716
6640,5.810847678404937
6641,6.6203300723402645
6642,6.544592504293989
6643,4.0834507322688784
6644,5.753946477034994
6645,7.785994823765117
6646,9.211302644486679
6647,2.3564988509294613
6648,3.7401659320825438
6649,5.6549123079717525
6650,4.420411107540306
6651,5.3534201889727075
6652,8.623191130489003
6653,5.970747365268018
6654,9.271706916834894
6655,6.152218982634556
6656,7.131431166195992
6657,7.615461866848934
6658,8.351643242150857
6659,3.2232299480351374
6660,3.83445413949739
6661,7.294073268249596
6662,9.279048670557694
6663,8.007752329779926
6664,6.529142672473122
6665,5.998758591490127
6666,8.693598962131224
6667,5.9764797642713345
6668,6.543698468103186
6669,9.49398655770749
6670,6.130052455911577
6671,5.792001357834698
6672,5.064175281519247
6673,6.103523471842822
6674,7.396592025440016
6675,6.2324670034521095
6676,7.095103849713647
6677,8.995208820612856
6678,7.400192071497845
6679,7.049288086352408
6680,7.020330718914698
6681,5.126077698663082
6682,7.027968647574561
6683,7.173553255027293
6684,5.589903702106513
6685,5.888857657170377
6686,6.445221368472623
6687,7.425082770917393
6688,6.20627169849616
6689,7.124947692022593
6690,6.764984481332543
6691,6.223876383011363
6692,9.211450135971104
6693,4.035636088426033
6694,7.480214682975829
6695,6.822759854455906
6696,4.278398030594836
6697,5.873235937438793
6698,5.839103667423655
6699,4.578409490059164
6700,3.6590786661296395
6701,4.325234314533665
6702,9.069784198588438
6703,7.789297103668957
6704,6.784283812926665
6705,7.444545628587514
6706,9.38158236913192
6707,4.191110814458888
6708,7.923736867811417
6709,3.352396474167
6710,6.968156187523762
6711,8.20505537920429
6712,7.727814464453686
6713,4.829074072070214
6714,5.787949224184681
6715,4.589434913798596
6716,6.991006187951806
6717,5.754157242076633
6718,3.4868660615065274
6719,6.578023255010556
6720,6.094066927805738
6721,3.726054653020398
6722,4.500883429508581
6723,8.749217445263433
6724,8.27641385409235
6725,6.440305113516054
6726,2.3639659047268005
6727,7.642937729198836
6728,3.0251337221853802
6729,5.464837287383993
6730,9.104772793168756
6731,3.897642790294547
6732,4.631906527582638
6733,7.21692505961638
6734,7.928400405441707
6735,3.553185462711019
6736,7.571935160792313
6737,4.891372537046456
6738,5.912224349623637
6739,6.029465690185696
6740,7.1447730649567855
6741,7.2187216829015295
6742,9.019369853549165
6743,5.635785290462469
6744,9.047271894815635
6745,1.4656073273449568
6746,6.364533295750359
6747,8.026134609788247
6748,4.117147874327694
6749,9.038123654243064
6750,5.15478881048471
6751,5.639161656983094
6752,9.022099183157504
6753,6.944023726776061
6754,7.274678258886731
6755,7.27076434238232
6756,5.396276221888727
6757,4.977034627056552
6758,5.419345969655469
6759,2.1848069036371958
6760,7.34061982258984
6761,5.441391701289014
6762,5.863152868806659
6763,7.282681963649843
6764,3.8156419310870873
6765,4.4832665700188095
6766,2.5911702775493346
6767,8.306386677904964
6768,6.603279451018659
6769,5.498113669028291
6770,6.172629591980273
6771,4.09155133707313
6772,8.124610773579423
6773,1.170409588533205
6774,4.907363504689389
6775,6.956806595249034
6776,2.890960072325229
6777,6.460735499020616
6778,7.126671231673747
6779,5.823687966298162
6780,6.7014129331587
6781,5.46325653260199
6782,7.256886068309456
6783,6.327540847110523
6784,4.7589404997174425
6785,6.306042159717673
6786,6.24613912246944
6787,6.739660022981565
6788,5.954213734844281
6789,2.4697579932411693
6790,5.02081688731591
6791,3.8358744094551573
6792,7.092716251194568
6793,5.863118591546423
6794,6.438358527774855
6795,4.6900156420327
6796,8.359184116182693
6797,5.477671641827142
6798,4.022351867387414
6799,9.027204684429584
6800,8.391825306803035
6801,5.892926145230091
6802,6.2321774449779035
6803,8.356294557041515
6804,5.621377038678715
6805,4.829088798618257
6806,2.624119167833402
6807,3.1857969259703074
6808,5.1253038082719256
6809,7.013898709963251
6810,4.702074389849929
6811,4.935555859294876
6812,5.963347865353884
6813,8.75166571333202
6814,6.4505887084953555
6815,2.8302947750336878
6816,9.43063528197566
6817,3.734574839937771
6818,7.188362697792964
6819,6.407868127502943
6820,6.360034277131461
6821,3.2316736501573344
6822,1.9773451838185712
6823,6.919888922967106
6824,3.4055162408930206
6825,6.352059237521166
6826,7.238986568328073
6827,9.45916830768505
6828,5.49708801947687
6829,4.208348004361525
6830,6.160631890110141
6831,8.160620921899081
6832,2.3893083932651265
6833,7.728842592119412
6834,4.680248431331417
6835,7.20624757770586
6836,7.432247090679659
6837,9.832098725808343
6838,4.106411116527257
6839,7.750400498413836
6840,4.851201416828476
6841,5.77687526047362
6842,7.612524317309316
6843,1.845312634134047
6844,5.506643938412496
6845,7.83717202155116
6846,6.2984309525351865
6847,5.201207474882443
6848,6.759332232450315
6849,4.330943747232713
6850,5.222918041916006
6851,3.232227318247503
6852,5.304202807366117
6853,5.154589499934361
6854,8.998474111252756
6855,5.3402167983834055
6856,2.364114439090333
6857,8.691253252508742
6858,6.952742875432366
6859,7.75594257687033
6860,4.086061543955874
6861,4.406096369308716
6862,7.822422013096833
6863,4.52686824300868
6864,3.7892527200795274
6865,6.5627731404928475
6866,3.2784414097673222
6867,8.738053041593773
6868,4.991085696371805
6869,7.66286653886263
6870,5.275878299496009
6871,6.462125066452928
6872,5.328587705377711
6873,3.39833142495674
6874,8.45535876688037
6875,4.4916333685203025
6876,6.743192513201572
6877,6.787090928983089
6878,4.249357890446236
6879,4.403468216381842
6880,7.755756560425553
6881,5.664920763293365
6882,5.870962770206998
6883,5.767881844263799
6884,8.553415192840266
6885,7.955748367571545
6886,3.672122969446647
6887,5.147080978605667
6888,4.863954677675558
6889,8.084281279202692
6890,3.586626494651673
6891,6.532330826096589
6892,7.646389025832004
6893,5.34281330452795
6894,8.686271150559694
6895,7.5654071991761
6896,5.501889666049915
6897,4.131752193651901
6898,8.42850075770691
6899,7.172287331735207
6900,4.37716958983962
6901,9.729295806712217
6902,8.331578573896653
6903,6.6536120941082455
6904,5.2037605256494
6905,5.72991594581317
6906,5.737829191597832
6907,4.451623205376969
6908,7.660753519041103
6909,8.202957498732905
6910,4.291225384537612
6911,4.832629068113549
6912,2.9025320083158017
6913,7.472997000739317
6914,6.52185378407232
6915,7.252761578697322
6916,5.625448978933059
6917,5.871281239915982
6918,7.333238030498098
6919,6.053658989144156
6920,1.8144297342153626
6921,5.2404667804515
6922,8.657922483075563
6923,7.564611809898837
6924,7.355921108669195
6925,6.459910783203454
6926,2.7760182170737346
6927,6.282357058992185
6928,7.59579947171132
6929,7.5304982292368
6930,9.242091975383296
6931,5.5611463344447465
6932,7.448899713943708
6933,6.092788480020017
6934,6.292973445522973
6935,9.576404506997282
6936,2.716810081515263
6937,9.038066659557813
6938,7.7834418476861575
6939,8.2195395632004
6940,2.505210937716815
6941,6.518232223682041
6942,4.136689515696759
6943,3.7900950690385145
6944,5.187427596798832
6945,4.502799034880783
6946,7.157548086018874
6947,4.818228236084929
6948,4.7505675140768275
6949,3.300946990417458
6950,5.011801443704448
6951,4.336770000342289
6952,6.246119442166032
6953,2.6583736574940007
6954,3.629382054741918
6955,6.91636547585125
6956,6.511277182747314
6957,7.436114220549384
6958,5.677640009415226
6959,4.173687923894672
6960,4.294317315697652
6961,5.5802234761449645
6962,7.997769414569306
6963,7.444471591872037
6964,3.849063388529203
6965,9.982437142740949
6966,5.134661716974394
6967,5.550050809124989
6968,2.7516692827081473
6969,5.739213590106816
6970,7.222556312666549
6971,7.302015802712813
6972,3.9924115663186224
6973,3.4835609434017387
6974,4.299107275621998
6975,6.149215091227804
6976,5.940998508720398
6977,6.147559936955874
6978,7.564747872972557
6979,8.258012862242436
6980,4.164037912061609
6981,3.126679836592557
6982,4.563097737470835
6983,5.10985380813452
6984,6.651021597248276
6985,7.955668058265972
6986,3.905900420588777
6987,2.8867236415956725
6988,9.061869821673197
6989,5.452536697655271
6990,3.6723080971464097
6991,3.337677532640219
6992,6.931351618840796
6993,3.998599022147293
6994,5.8617198816835465
6995,5.269347526949019
6996,3.218614353172827
6997,3.772765465569959
6998,7.122990920105245
6999,8.158312969796327
7000,4.34491191563766
7001,7.998469121012725
7002,6.878777354540923
7003,4.225343266214804
7004,7.778946447300686
7005,6.4304450127001775
7006,7.550949042443054
7007,6.485634854220905
7008,8.373054220714074
7009,6.7952379282998905
7010,6.669928385514762
7011,2.45486606629421
7012,7.4407542666107505
7013,9.436022008479233
7014,3.3787083296851077
7015,4.427285617520848
7016,6.385670039393663
7017,2.6620743904974384
7018,7.465323641894406
7019,5.734746911844471
7020,9.166421229071185
7021,4.254764993077838
7022,3.041889495036476
7023,6.237366454434844
7024,5.008647488540742
7025,2.988351959699579
7026,5.257665027537691
7027,8.380267240995561
7028,4.26876445870642
7029,7.868224531456771
7030,7.494802530885497
7031,8.579272512355418
7032,4.065977378668816
7033,6.6216804253213
7034,7.070905007939633
7035,5.912840046686423
7036,7.583615549974741
7037,7.334591536653187
7038,8.41920754016617
7039,6.143131263347214
7040,8.965327369438388
7041,8.678311942277585
7042,4.966660620817363
7043,2.7126193469558224
7044,6.11975062292823
7045,4.62646415276613
7046,9.252135479302614
7047,3.1503234389457653
7048,5.164247055586744
7049,7.856011935698527
7050,8.891514454119086
7051,5.781272064586459
7052,7.198085778531736
7053,4.571419524011056
7054,4.885540736136301
7055,6.535997356707695
7056,4.458228822343601
7057,5.018477622890507
7058,6.924797659762538
7059,7.760539997068791
7060,5.652801446786666
7061,3.5181463016031356
7062,6.047117738342605
7063,7.765892132872327
7064,4.3990155166798495
7065,7.145606278435809
7066,1.3683959392672622
7067,4.29946743209519
7068,7.190161188832269
7069,3.602994957991922
7070,2.8401909609252414
7071,8.297625860139984
7072,7.585595352670716
7073,4.76165533039757
7074,4.962515511338885
7075,8.912336463077537
7076,9.281171254521826
7077,8.361313510439643
7078,6.213531081689396
7079,8.118918329567434
7080,5.04148212859198
7081,6.662103041639216
7082,7.500425840893363
7083,4.137227621026855
7084,7.047256766741589
7085,3.519277123426538
7086,7.992211239257473
7087,6.335698949489404
7088,3.891738174744692
7089,6.7688955206630315
7090,9.62472213965977
7091,6.363416771771047
7092,4.777786393715404
7093,5.020733998153774
7094,9.07907827367753
7095,4.5089563904758645
7096,4.939497042803393
7097,8.308451760070918
7098,4.343144149272547
7099,7.673631846798119
7100,6.932151863131023
7101,6.150619813731279
7102,8.005363765814046
7103,6.883760439918995
7104,7.76087759232173
7105,6.4449763340696915
7106,3.2471372622812997
7107,4.991423211530078
7108,7.36366490489836
7109,6.5325118795829615
7110,4.57741475990124
7111,5.696602044247434
7112,4.163266443957711
7113,6.585032586796986
7114,5.979792946136557
7115,8.329972284462315
7116,8.904824291356618
7117,4.8906588186310955
7118,6.35752746352806
7119,7.645915005426565
7120,4.827398345155279
7121,5.2234210680824225
7122,4.860216610376635
7123,4.5697208783225145
7124,3.7756253551950554
7125,5.254773183760111
7126,7.598472852573259
7127,5.153495765507536
7128,7.2742089003028925
7129,6.648705873858718
7130,7.261471338243552
7131,7.192004056502029
7132,6.835346174273573
7133,7.478201183378873
7134,7.386869363571229
7135,6.6889966486261905
7136,4.598014172767408
7137,6.300418491133857
7138,4.925273633003888
7139,4.7097428038096
7140,4.086027162052125
7141,9.735133391938819
7142,5.761771225083682
7143,5.202759969008751
7144,3.3196753083396007
7145,5.300730225117859
7146,4.6033229634265185
7147,7.981730821058136
7148,5.548031834310109
7149,7.253303388421417
7150,5.63436377945667
7151,7.8360468343137555
7152,6.137337316088799
7153,1.8306969931980037
7154,9.245425549592714
7155,6.83052335375746
7156,1.8336729762481458
7157,4.6510821680356385
7158,4.138528853841118
7159,5.659783028700721
7160,5.2405311515456
7161,6.680908631824539
7162,6.120133866826476
7163,6.59471218445422
7164,8.736123469889712
7165,8.657877583310164
7166,3.5843145421110716
7167,6.39553760023074
7168,4.514239291049359
7169,5.604858950189228
7170,6.7202884685279045
7171,4.548397057649069
7172,6.406529881046426
7173,8.098138182252256
7174,9.13570853803665
7175,4.243786937001968
7176,7.630647595816798
7177,3.5514894615321233
7178,8.736174208819751
7179,6.3906606461166815
7180,4.804323516264182
7181,6.582588183855463
7182,5.929394153083836
7183,7.4716231122892935
7184,2.2978054984496294
7185,6.146461316730599
7186,7.237923609045242
7187,5.245535340906372
7188,2.4226309711690117
7189,5.809974110760329
7190,5.3952590866586565
7191,3.032491261487098
7192,8.65603524261255
7193,8.24788347250329
7194,3.218549607075855
7195,7.633292168316735
7196,5.744818847173147
7197,6.730436536875751
7198,5.793212815957613
7199,7.987786234334298
7200,7.352354788391894
7201,5.759567243527752
7202,6.557065034755693
7203,6.192756393982027
7204,6.061431126846555
7205,3.0813959993688
7206,6.883415557916694
7207,5.980529971088169
7208,6.091584985165047
7209,5.9912168887910955
7210,7.060538324731662
7211,5.839685902426839
7212,5.242303001994321
7213,5.697279913014097
7214,5.846430051338807
7215,5.228285823057877
7216,4.21099912543081
7217,7.286813550755628
7218,5.787312243973054
7219,7.864872816111189
7220,3.9641989360613814
7221,7.614491694550281
7222,4.8372273273857935
7223,6.788928821818031
7224,6.036670789892037
7225,7.391638545433944
7226,6.8718094880741045
7227,6.034404013278493
7228,3.7271017023200614
7229,8.517500774556531
7230,6.1454636320741525
7231,3.189733954615348
7232,7.5834045137377455
7233,8.314798510722348
7234,2.703921242645027
7235,5.26850759347604
7236,8.053104928218165
7237,5.910483305319807
7238,8.397702230667964
7239,5.849228942770743
7240,3.1957406476680283
7241,3.95036034846644
7242,8.530344127542298
7243,8.865466599943085
7244,3.130581303003959
7245,4.087272350293831
7246,3.4303570447696634
7247,4.259215606519015
7248,3.923325042095767
7249,5.747785358475396
7250,7.735770861034067
7251,6.307472790479574
7252,5.234846920624099
7253,7.8435833353249595
7254,8.000970883061093
7255,4.065586148772638
7256,6.784289021125865
7257,3.9686661623138018
7258,2.8578306425398607
7259,5.692138117261515
7260,9.377691415348977
7261,5.836560849693564
7262,5.733539167339321
7263,4.693522578040398
7264,3.024423776271641
7265,8.042699258891748
7266,4.110741071931846
7267,3.0663257489250153
7268,6.170854252417305
7269,4.940637672156242
7270,6.93247407028907
7271,4.04368133514396
7272,7.240340274829993
7273,6.686069803913526
7274,4.9851120752700115
7275,6.784907763584642
7276,6.159001985762433
7277,5.350507798056735
7278,5.894616958339144
7279,6.516170713549209
7280,6.453253558134697
7281,8.810229125206574
7282,6.113685631702147
7283,5.493006494547965
7284,8.776662657160925
7285,7.5409729969891135
7286,2.9119671392410864
7287,4.561052152575524
7288,6.019752922475908
7289,5.234730174236237
7290,6.892995761728363
7291,3.7894846553031214
7292,5.6426589655323625
7293,4.783587194502215
7294,5.085503596273925
7295,9.466218377532389
7296,7.975585808681402
7297,6.758104454776438
7298,5.260883035045101
7299,7.3879712840854115
7300,4.631633769122727
7301,6.660929044707062
7302,5.2197787490568
7303,4.924619872549442
7304,8.1989383090419
7305,5.808411050995931
7306,5.1993710193681215
7307,6.911963410935722
7308,4.715723855629747
7309,7.9284563749050285
7310,1.8380458595911056
7311,7.17061948308389
7312,7.621307257274989
7313,6.331381002032859
7314,5.672825633587141
7315,5.809864944142628
7316,4.309279268917249
7317,7.495465761623557
7318,2.6735462142899737
7319,7.465714262318308
7320,3.7414129005115697
7321,4.590721760351493
7322,5.72202980014964
7323,5.7834415825570025
7324,4.51699891487171
7325,6.520175497228816
7326,5.842692087616628
7327,3.9632855020015825
7328,7.032413463203156
7329,3.462090508330636
7330,7.752923208769577
7331,3.9933628541270245
7332,7.380212490184299
7333,7.867397210361931
7334,5.967502987413277
7335,5.969426635434783
7336,5.868554212178334
7337,4.164283537340177
7338,4.637193034397542
7339,4.81477520921416
7340,5.518975241771381
7341,4.283808490952913
7342,4.617548198089941
7343,7.924210346268748
7344,6.053922055886208
7345,3.5239133101535822
7346,7.7850981868940226
7347,8.070083851652056
7348,7.366249953890902
7349,6.2504364506513195
7350,4.799855779317774
7351,5.236936899967809
7352,6.102269175666385
7353,5.167813509216881
7354,6.961176541567681
7355,7.714669950032487
7356,5.3423062360114315
7357,8.588982803384337
7358,6.823249648480793
7359,6.217645857205854
7360,8.189849263336074
7361,9.142651406067994
7362,7.570694042084867
7363,3.566514650610123
7364,6.491814257681357
7365,6.455125151459908
7366,6.031105942452345
7367,6.041647579791567
7368,3.646063477152878
7369,8.433042249973909
7370,6.217238278805135
7371,8.884740863183742
7372,6.352551055791923
7373,8.467611174324041
7374,6.617631057213193
7375,4.151027904750426
7376,5.625744438965286
7377,5.819695507026874
7378,2.704304681615869
7379,9.222704499904626
7380,6.843297697871829
7381,5.947284413446738
7382,8.095798199937288
7383,3.3231969283215106
7384,8.278941191730631
7385,4.663797379061657
7386,5.954329870890785
7387,6.522126086736549
7388,5.503740748115029
7389,5.081273940851575
7390,6.287849876870982
7391,7.194674888222583
7392,5.830375606301708
7393,9.380795137105304
7394,7.506256849483582
7395,3.5542102411372616
7396,5.653767005831724
7397,8.115612159308341
7398,2.1711006152091876
7399,4.336217419861381
7400,7.908882344584996
7401,4.334775611658531
7402,3.134277931703496
7403,9.303018105940417
7404,6.307898213295134
7405,5.208172985859614
7406,7.456736191294561
7407,7.65355416260358
7408,7.552388037243961
7409,8.276164123098253
7410,7.448186241933486
7411,8.24318301485981
7412,2.8916743459160976
7413,4.797461744443607
7414,4.94123924949214
7415,5.889736732056391
7416,5.794608230269796
7417,7.081414789533485
7418,4.087663490971972
7419,6.127069431649756
7420,5.100027691290286
7421,3.3619991834882916
7422,5.840912671557729
7423,8.420148771763008
7424,9.502668853174214
7425,3.078494435514278
7426,5.153979335169203
7427,5.568981004434841
7428,4.096321744729924
7429,3.6292066429247
7430,2.2225921578921417
7431,6.08533134752784
7432,6.416516862102497
7433,5.071337239724261
7434,4.321929438093685
7435,4.590089009826272
7436,7.58010808303544
7437,8.835118663416296
7438,4.692196210981145
7439,6.170315190606713
7440,8.698664582767849
7441,6.354521981547811
7442,3.838519330707314
7443,8.758612717994195
7444,6.22842599964645
7445,7.757452211122687
7446,4.148934348051174
7447,8.1779388325863
7448,5.091646644395718
7449,5.403476035272519
7450,8.511708962612737
7451,6.2096493597536755
7452,6.141811615915073
7453,4.136951066218673
7454,6.835799708527295
7455,3.9254438553034987
7456,6.8054188598103345
7457,7.192328708521688
7458,5.448758010149984
7459,3.8456775199589766
7460,7.222575061104676
7461,8.2681875596282
7462,3.340013408453977
7463,7.81570764010908
7464,6.060514291944525
7465,8.665732566330608
7466,6.811099462569028
7467,8.937418136989596
7468,6.670584140605566
7469,4.0315365253717665
7470,6.45079898197849
7471,6.365799072771211
7472,3.3388615330928584
7473,6.012407960684536
7474,5.4395997527607385
7475,3.17909317571868
7476,4.918994806140834
7477,2.1727513064107282
7478,6.522557851143922
7479,4.705024839316193
7480,8.722386929605065
7481,7.037949862822314
7482,4.386913432455835
7483,7.7272103105254395
7484,8.218878977790798
7485,4.9700284771242575
7486,8.885960828694294
7487,4.724575887021902
7488,5.265577258220802
7489,5.221626437927963
7490,5.34302011092249
7491,4.010055801148792
7492,4.769313202662308
7493,8.44877902784597
7494,6.107062800204222
7495,6.846552657162735
7496,7.201156361039845
7497,6.260437328923919
7498,6.453666077292013
7499,9.328567187332386
7500,5.850906082468944
7501,6.221977517764643
7502,8.03461820836472
7503,4.527682214404254
7504,7.288658981091611
7505,6.220644493272336
7506,6.425510784038099
7507,8.629727309313143
7508,5.35754791516905
7509,0.9628539159169929
7510,8.95933176382884
7511,5.154332054794498
7512,5.469446333992826
7513,5.4453990539274155
7514,8.152933445567115
7515,4.736532283256901
7516,7.278875785542439
7517,2.957603839396789
7518,5.477581724285306
7519,2.6444960611132653
7520,4.428261381482924
7521,8.945104941808228
7522,5.936616491500175
7523,3.6666604583524647
7524,8.18654271804806
7525,6.403497131145539
7526,7.484149807044035
7527,6.016208741469937
7528,3.767991451070464
7529,7.253352379196933
7530,5.563358919676618
7531,5.477945946621179
7532,9.450311728142196
7533,6.911866190915125
7534,6.871708994604158
7535,5.342205264247854
7536,7.667802455896885
7537,7.772590427909974
7538,6.52681287279591
7539,5.846956067628392
7540,6.127654388642107
7541,3.905767277394137
7542,7.728516534588582
7543,5.387827842052801
7544,2.4040464025624377
7545,5.1147098391098735
7546,5.337107627183245
7547,4.188504607168266
7548,7.201129235302734
7549,7.883274984383054
7550,4.7058290042039435
7551,7.87988097317894
7552,6.052409046225691
7553,6.7594238953460595
7554,9.151254915673347
7555,6.639138889242952
7556,5.934900170293966
7557,8.23888932339891
7558,4.278561886401937
7559,2.8591736543560664
7560,2.165004483044294
7561,5.85120296021751
7562,4.721593818308575
7563,7.574622396326484
7564,6.620048974027085
7565,8.646543891665909
7566,5.531025480161669
7567,7.068996758760712
7568,7.682216161418267
7569,6.092503696689257
7570,3.1773394995042
7571,6.793899308093974
7572,7.158359421804818
7573,9.611858213751525
7574,5.971045340196076
7575,7.586836614105701
7576,4.899802745644406
7577,7.136978047942717
7578,6.099266251429149
7579,7.860967737471827
7580,3.922974777712148
7581,6.951055469988886
7582,1.9393357406936191
7583,5.9420672202836755
7584,4.104952884055132
7585,6.3805645028271725
7586,4.009322175247332
7587,6.537996836475504
7588,4.61739751498698
7589,8.293730130484978
7590,1.8097068053925343
7591,3.42049462910149
7592,6.41124271230075
7593,6.2707388072749435
7594,3.6012910234258384
7595,6.559706250438057
7596,3.3762331317514374
7597,6.522431027431627
7598,6.160959036460288
7599,4.1029719029361855
7600,7.523476266588692
7601,8.984963427987337
7602,1.0051606479979922
7603,3.962810253747209
7604,3.436411020978678
7605,5.5038094628764735
7606,6.383796855876183
7607,8.299593016331524
7608,8.881498028905156
7609,7.604935137942516
7610,4.872041498841849
7611,5.106798727880513
7612,6.640440086283549
7613,7.96288065344083
7614,7.172353069680658
7615,8.069422016672249
7616,6.303076285420746
7617,7.313797542881325
7618,5.756481129657075
7619,3.686200626432336
7620,3.977891517422239
7621,8.0807576944681
7622,3.8650438517183003
7623,7.5772148841650235
7624,6.723707035954078
7625,5.465475635562954
7626,1.0604451614398565
7627,5.38433951191449
7628,5.632980422035499
7629,4.163918105991633
7630,3.102293476647112
7631,6.394180572706654
7632,8.439930087020944
7633,7.099968816412537
7634,1.55146793927232
7635,5.019067070157708
7636,7.5639725220145735
7637,2.4539862646085395
7638,6.642802941521939
7639,7.833503377524071
7640,8.465917480710628
7641,6.64896720711897
7642,8.860384827950183
7643,5.837823740137263
7644,5.6484699910969525
7645,6.784058396359517
7646,5.266676091105329
7647,4.826202081291614
7648,3.4137759040169366
7649,3.9800463912029977
7650,6.664939638462301
7651,5.53553612822507
7652,6.131286169711739
7653,3.16270936083114
7654,6.0973047812253345
7655,7.393498575331412
7656,9.453155275907111
7657,7.271604394574242
7658,4.3964898518222215
7659,1.6266662090283512
7660,4.37579663810237
7661,4.101373839989018
7662,6.874742762848632
7663,2.5096092803033585
7664,7.704729189616019
7665,6.285380108931113
7666,6.060142772016682
7667,5.174526024827594
7668,4.8237167565684524
7669,6.852314969967803
7670,8.477532091872458
7671,5.908005248937482
7672,6.2550728809428335
7673,4.713489562355818
7674,4.946668172844978
7675,8.916975868650052
7676,2.990335195077071
7677,5.195344422259085
7678,8.994465557790225
7679,8.193080053310055
7680,7.751858116507607
7681,5.612071797657572
7682,4.0101904288525425
7683,5.551982475770407
7684,4.903770849804369
7685,9.712608637481878
7686,6.481937301169195
7687,8.781881583744914
7688,4.063612996170182
7689,2.9133884247305364
7690,6.406206454639473
7691,3.5314793994456837
7692,8.307586930055532
7693,8.078682189163734
7694,5.0999547204280535
7695,4.664228839996853
7696,8.906050733728264
7697,3.8555310320980074
7698,4.902109878214985
7699,6.8245478151125205
7700,7.128440022493204
7701,4.895405916787218
7702,3.3537807239193373
7703,5.354070243771709
7704,4.945573318707424
7705,4.069976835471281
7706,1.859031311690021
7707,7.172098814147354
7708,6.431510113652491
7709,7.816019591069405
7710,6.975621424449276
7711,7.968178433031744
7712,8.07366671477705
7713,5.225804259052457
7714,9.73301239064261
7715,5.472610667260824
7716,6.6923010658992474
7717,7.477526952330878
7718,8.212403535756707
7719,6.51832169175174
7720,8.884129284062618
7721,3.458784880269298
7722,3.558892708164207
7723,3.7167347935276185
7724,6.358978726668204
7725,5.55791034136111
7726,4.880551102635009
7727,7.23978761323079
7728,5.71272335053121
7729,3.1418103571422753
7730,6.327886310247768
7731,3.3449929711562003
7732,7.633642677892995
7733,5.60108622918006
7734,5.902162619163246
7735,8.461025825205187
7736,6.767618753277473
7737,5.503548010622756
7738,6.421543821699454
7739,4.368757110790436
7740,6.522830868677987
7741,5.631330026077011
7742,4.857803425033293
7743,5.1590256143537445
7744,3.6469206453863245
7745,9.289472357786831
7746,6.09408326241986
7747,6.130705657064273
7748,5.9381470436668495
7749,6.684574391886657
7750,3.8438628568661724
7751,6.561600743266903
7752,8.1641391231959
7753,5.603492960283013
7754,4.868432881751261
7755,8.598755434654217
7756,8.167856909259319
7757,7.824224358050318
7758,6.478336441724729
7759,8.836182969420914
7760,6.8633105016891465
7761,7.765014349977063
7762,5.266746839986535
7763,6.449500748361554
7764,7.110213806989759
7765,4.958549892732197
7766,6.793687229878618
7767,4.375093170947563
7768,4.966437503720224
7769,3.410753877308586
7770,9.02963230529646
7771,2.7587921772566917
7772,5.297016082998297
7773,4.655551829946912
7774,5.0828769202879975
7775,7.459821750982668
7776,6.3672813538182185
7777,7.019409908505368
7778,8.053686562379422
7779,4.563303415337551
7780,6.795527548079692
7781,5.49485574167563
7782,2.8059544110957266
7783,6.219360359361296
7784,8.175025731592457
7785,2.4384775811586503
7786,1.9680157325565106
7787,3.055073962777795
7788,8.715629479963557
7789,1.5555463313408506
7790,6.4955886440606125
7791,3.7111876808667823
7792,7.773237095557517
7793,8.446211583963654
7794,6.512288132092674
7795,6.750228059157209
7796,6.925288066787614
7797,5.904243186886549
7798,7.9987493465732475
7799,4.984436645774371
7800,3.7821752837396576
7801,2.712249986929319
7802,3.2229462174103443
7803,4.643710434188002
7804,5.264847504123649
7805,7.645113999889707
7806,7.574119901562805
7807,4.698070314863735
7808,6.239647149252579
7809,7.922815839992787
7810,5.725543808153962
7811,4.652106953109762
7812,4.989468939635424
7813,6.428731874168309
7814,3.877595061823601
7815,4.2271115646650745
7816,6.81680786950204
7817,3.5141258003068216
7818,3.5628121669830883
7819,6.210495607738153
7820,5.367838245927919
7821,6.840330133483439
7822,6.645011708444513
7823,7.441398886844579
7824,6.622635916606219
7825,5.957811650754698
7826,5.827793128615116
7827,4.4263409403517695
7828,7.896911483315922
7829,7.351007144269033
7830,7.187959005376884
7831,7.321991621797501
7832,2.7651515422347153
7833,7.643032919085594
7834,7.964432953779286
7835,3.7495534041893412
7836,7.52636738967556
7837,5.94841474711224
7838,5.025872375651616
7839,5.122801493513964
7840,8.744079231819624
7841,8.31201077293238
7842,7.79824301393888
7843,7.110462136715037
7844,5.1648091464459664
7845,5.7624049354652636
7846,5.848089191792701
7847,8.979239558674216
7848,4.499084274198289
7849,2.6975195080483143
7850,4.157085364971701
7851,4.303142149883095
7852,7.922732626397405
7853,5.458211726008008
7854,4.5249131573692
7855,8.163724145391921
7856,6.543101772860835
7857,9.362474620004908
7858,7.134004953445758
7859,9.76073891419616
7860,6.747332346279465
7861,9.809726418904697
7862,5.249848568765433
7863,5.317354909834286
7864,7.81463610581725
7865,9.237704479777125
7866,6.600545538630083
7867,9.70631501720361
7868,4.878721140112961
7869,7.366014214029084
7870,8.646622573824558
7871,1.947464695310035
7872,6.4806560485115785
7873,8.310558190873822
7874,6.7564525508069995
7875,3.8676001639782682
7876,3.9393112866823223
7877,5.527039149530594
7878,4.6436070503362235
7879,2.0173018656519957
7880,3.798555604082465
7881,5.872870813282471
7882,7.85976501477045
7883,4.794920707437089
7884,3.5037752737190746
7885,6.908266734817851
7886,4.780494179739086
7887,6.247548607441855
7888,7.553776989260767
7889,8.602031118020061
7890,3.963756621070901
7891,6.124304816612023
7892,6.396382278127542
7893,2.5701701138597333
7894,7.500375084816855
7895,3.8186421331939533
7896,3.7288620376078017
7897,8.753207058553835
7898,3.0998376354099166
7899,7.719001272083291
7900,3.913156497744904
7901,7.6225771117315135
7902,4.388350340629495
7903,4.167297861462641
7904,6.071260539736725
7905,4.891272726386023
7906,7.898557156912679
7907,4.2092910132645205
7908,7.813971310678049
7909,7.838082348217856
7910,7.1834560088036765
7911,7.107807655048485
7912,6.146248430641097
7913,4.243682593261415
7914,3.096636791087862
7915,5.415088898196449
7916,6.528390304104638
7917,7.001746242320799
7918,4.3305778914521245
7919,7.382256866885864
7920,9.340539812211178
7921,6.362497729839112
7922,5.051813118850782
7923,6.417039009551552
7924,8.454002905125265
7925,4.4345103581850545
7926,6.36631047285581
7927,5.522974546352943
7928,4.740057239567805
7929,8.57950792727704
7930,8.02417370809031
7931,7.660207013283387
7932,5.5944815268072965
7933,5.516553177002133
7934,8.145366273510673
7935,8.162505701008502
7936,5.29340483585978
7937,3.4391281142476346
7938,5.978746624015929
7939,8.149919966635185
7940,3.7302878496666363
7941,4.0875256508194715
7942,4.105616876412044
7943,6.298242189536284
7944,6.212035467543011
7945,5.6366799297508745
7946,4.6985171625889395
7947,5.2562670626262324
7948,7.456372373209916
7949,5.747881342339203
7950,6.759163805936453
7951,6.947734763898949
7952,7.711578464106543
7953,5.9150560775199335
7954,3.6397495873709964
7955,5.091489340560056
7956,6.743868402619215
7957,3.051770905316624
7958,3.311604638020994
7959,4.854939651517908
7960,5.983374322209558
7961,5.613810892131204
7962,6.718202003681188
7963,7.276303236676715
7964,6.221987457173029
7965,6.239334577000276
7966,7.181540099762607
7967,4.385821713270957
7968,6.212825540213697
7969,7.432224990048636
7970,7.530475427491211
7971,6.5333472634289
7972,5.626771871781647
7973,7.7619903739392555
7974,5.875593905263103
7975,7.211470757125591
7976,6.394862913667689
7977,7.940694002328644
7978,0.9702920246713687
7979,5.492539583557907
7980,7.777748422516218
7981,6.350453646285614
7982,3.3479263269157813
7983,5.584776345670268
7984,6.009260476426122
7985,5.61992966672419
7986,6.9835575101751335
7987,4.228192939245696
7988,9.846638799955299
7989,7.382767656088215
7990,8.04051668795513
7991,0.6412074111310079
7992,2.769314231486396
7993,6.68983462347806
7994,4.145399770019861
7995,2.95547367650866
7996,5.968407574212035
7997,7.93910222591605
7998,1.9090006769431276
7999,6.5425133711863355
8000,5.599900466579252
8001,7.1252306075161345
8002,3.299331288902029
8003,8.20452693220414
8004,4.710431522040755
8005,7.80967269496368
8006,6.324326673357184
8007,8.908648764281956
8008,5.366795370377197
8009,5.618252879457529
8010,6.544776314148438
8011,4.793719678602994
8012,6.598587213542958
8013,2.3462358856869687
8014,5.232259733567055
8015,5.1390237354523505
8016,6.288260506233444
8017,3.916516460223983
8018,4.296522320795265
8019,5.878400264197303
8020,4.666612553064994
8021,2.7546472471968344
8022,5.294394316110111
8023,2.5624442148615705
8024,5.807571856719134
8025,6.7225655782686875
8026,8.5998677164047
8027,8.775889503897142
8028,5.528835844093283
8029,6.677962046873782
8030,3.1671464529261404
8031,4.694362936951523
8032,4.437217281935313
8033,8.55817115254008
8034,4.228800655351848
8035,5.086283013623728
8036,2.318121545327384
8037,5.216511556831907
8038,7.218115670011888
8039,7.583589273396203
8040,6.320258894248086
8041,5.946206891487073
8042,8.186832909121712
8043,3.249935738078885
8044,5.90991785521048
8045,6.146009353958542
8046,7.858117937688483
8047,3.6559901119174896
8048,7.203240996617887
8049,3.2844571617096046
8050,7.045632252423549
8051,7.145757712647532
8052,9.116689082754887
8053,9.976552195057174
8054,6.955140582869859
8055,7.837596792949105
8056,5.492075073262544
8057,6.816324921550635
8058,2.806598095554004
8059,8.225537952176726
8060,5.350002179352921
8061,8.911422253398072
8062,4.529091719772641
8063,8.554819264551263
8064,9.062779324375894
8065,6.547026787691346
8066,5.950030044158042
8067,4.324460575705143
8068,3.0045689782038254
8069,4.939644711088819
8070,5.103477921880765
8071,8.132472792524915
8072,5.379203676088861
8073,9.47041338650564
8074,8.000456885903308
8075,7.387951205114843
8076,4.751322110622288
8077,3.9957568764601437
8078,5.576060303330052
8079,9.611584262092222
8080,8.834673483432905
8081,8.342830912129442
8082,2.4992010653980645
8083,6.176753499432093
8084,7.809034552383452
8085,8.648158826831217
8086,5.926880545067185
8087,5.086233289418847
8088,7.27931948873233
8089,5.612591328209337
8090,5.2946701287243565
8091,5.852560892544303
8092,4.666498021269535
8093,3.6453730568867835
8094,5.4473707118465535
8095,6.845902535179514
8096,2.8761009365501424
8097,9.061824496957147
8098,6.163576396199873
8099,7.0175072685489495
8100,5.409881637597314
8101,8.074129125430701
8102,6.667958492410441
8103,8.997908011029413
8104,4.180966865678432
8105,4.714608456063425
8106,1.255715421286718
8107,4.627788159533759
8108,5.3860913764901275
8109,4.658421581679348
8110,4.999235288904327
8111,5.282765430567844
8112,8.34254742084212
8113,5.963989464437708
8114,2.9227831726631344
8115,5.590558060388961
8116,8.22451046175547
8117,6.47350405820179
8118,6.622075273571543
8119,5.6945923854600595
8120,5.370686544094038
8121,2.506490469340913
8122,5.757217075978951
8123,5.648528427729225
8124,5.789733966429611
8125,7.4924149595077125
8126,7.829599293089211
8127,2.9673821424807967
8128,9.091878344724531
8129,8.955945546908351
8130,4.354505090168151
8131,7.674679932752465
8132,8.98788901679931
8133,6.384067866959675
8134,7.218337659133167
8135,4.400654425772781
8136,6.054220194862056
8137,4.888965729196949
8138,8.270384853139847
8139,7.661018928452801
8140,2.7719628388938693
8141,2.630327386736454
8142,8.754592452837585
8143,2.723520849596847
8144,5.763411478416804
8145,7.18357676376799
8146,4.515990438837866
8147,9.39533114745285
8148,4.99133295355807
8149,4.843032053640829
8150,8.640090173078725
8151,4.563096700253783
8152,4.289289461760928
8153,4.455402449420562
8154,4.614046328821555
8155,8.64878407105652
8156,4.766999005871587
8157,4.167407753408071
8158,4.973976807408306
8159,8.66630229702483
8160,1.7735406012538455
8161,6.435081965896125
8162,9.357196833278119
8163,6.285888591759768
8164,7.518938145175046
8165,4.781132475762155
8166,4.643957273007658
8167,5.904583337101181
8168,4.311018792852831
8169,3.2471616578856333
8170,6.63914712788685
8171,6.270948912738902
8172,8.074956736058155
8173,4.631492652411511
8174,6.708327746127706
8175,5.631942065773679
8176,7.084178702649595
8177,5.636963091394548
8178,1.934443304924913
8179,5.934362589445814
8180,5.127392157016674
8181,4.702284921805283
8182,6.969822338444155
8183,3.8299109788015446
8184,7.920590847979501
8185,6.828021486561873
8186,7.651613698174332
8187,5.81199155271329
8188,8.33409132701241
8189,6.948296429558832
8190,8.821966165238965
8191,8.061093212825607
8192,8.912607830943639
8193,4.405105711715254
8194,6.864681924581934
8195,7.181031046593976
8196,4.248048927968572
8197,3.3222381289510077
8198,7.069861813805204
8199,0.4223308374307193
8200,5.428194565736736
8201,7.055543473460259
8202,3.9266954955386444
8203,4.444859927732767
8204,5.262514575321001
8205,8.79831992129543
8206,4.272326738786001
8207,8.109460760731293
8208,3.9643450981677653
8209,4.96868914090507
8210,5.160035693084401
8211,6.8693010614609555
8212,4.160876253984826
8213,5.591088088212171
8214,6.272622836850642
8215,6.220445969307116
8216,2.7885590915578673
8217,5.838246273730849
8218,2.622167400233768
8219,6.946242450053411
8220,8.949896381303411
8221,4.260073727689422
8222,4.23663209120657
8223,7.836880403409181
8224,3.90065847004651
8225,7.103783579531682
8226,7.060258023193196
8227,5.465290952949965
8228,5.033768130021633
8229,3.9144212380980474
8230,9.005064405429755
8231,7.662256341909701
8232,2.3938664730206276
8233,5.380698754434806
8234,8.356814882445047
8235,5.253746767507549
8236,9.189160369166729
8237,6.86569144975385
8238,4.137439722908105
8239,9.740291072270853
8240,6.4288845930047245
8241,4.875298103068134
8242,3.045861504190051
8243,6.817449861244818
8244,3.3773748797147625
8245,5.4658302240618735
8246,3.4546158676344954
8247,7.393821762787489
8248,3.658212049991888
8249,4.864313562143865
8250,6.793674606912307
8251,6.1960889799137355
8252,6.501145543642289
8253,6.7938578660215825
8254,4.936812973459706
8255,5.7505825450325005
8256,5.104353887088145
8257,1.9380111125804866
8258,4.587246836765227
8259,4.066480340996753
8260,4.563806052572244
8261,3.5784804429703456
8262,7.099179083692752
8263,3.488630439543364
8264,7.616544470675533
8265,4.865069868165715
8266,6.459689156638772
8267,7.582387262022546
8268,6.23727915438712
8269,3.242294966471594
8270,4.681603772877423
8271,6.558549608639038
8272,3.941745997604706
8273,8.144078957290915
8274,7.312183726669818
8275,9.923851512661317
8276,4.894621919206138
8277,5.478515741077814
8278,4.098427933310103
8279,4.0784425230282135
8280,7.437787688894232
8281,8.60076060179485
8282,6.652482207685216
8283,4.48375726005327
8284,3.947100023523938
8285,8.432742372620725
8286,7.890890278137158
8287,4.82739499969475
8288,7.887286150019676
8289,4.903474518602362
8290,6.171569203783939
8291,5.0737981933833645
8292,8.762519066595608
8293,7.2862768569839
8294,6.113898071374433
8295,5.568897349889852
8296,2.6114509324559885
8297,7.092401902146424
8298,4.18404336336392
8299,9.46520677160947
8300,1.337900907525047
8301,8.279137510669912
8302,4.212570016450265
8303,2.9020761475910994
8304,5.668738921818905
8305,4.348438274432863
8306,2.4082839993623715
8307,7.520126762719068
8308,7.022083975973361
8309,5.990588539822005
8310,6.316171527106045
8311,7.127691533349318
8312,7.610675153575746
8313,5.466229911453899
8314,6.65961862908598
8315,2.7460347932433478
8316,7.081946880153158
8317,6.9969690874789645
8318,8.436377499832187
8319,3.9262716565293
8320,4.970473822947845
8321,5.371964289811306
8322,7.410632595545071
8323,6.109656543433397
8324,4.256098494983509
8325,4.5936593227252605
8326,5.354426815337776
8327,7.923698315378678
8328,7.810146249247363
8329,8.02987446569135
8330,7.763097188777593
8331,5.810213832190147
8332,3.204243753388801
8333,6.320344763539562
8334,4.366901384735057
8335,5.8779216925493145
8336,7.229204413907291
8337,4.373285439748091
8338,2.4458128587787016
8339,7.892857105052747
8340,4.828466610932481
8341,8.79333977027198
8342,1.8645040663531214
8343,8.49462162845121
8344,6.3127950204577505
8345,7.514087246108876
8346,6.994465524670087
8347,6.905077105939675
8348,7.798888576573147
8349,5.1648016432645
8350,5.268843676819133
8351,6.456913777563344
8352,8.183909885738661
8353,1.4371941171738296
8354,9.686684207891162
8355,5.801662104481322
8356,6.804202617001328
8357,1.9841418404312732
8358,6.7584351883349
8359,9.268191652061555
8360,4.232341637140263
8361,6.425323540820562
8362,9.667462287479928
8363,6.94576233048389
8364,4.770341650847864
8365,8.015653365187486
8366,8.891810603470255
8367,3.3278606347091295
8368,7.069843324859063
8369,5.619363322565583
8370,3.200389666295024
8371,5.575098529552983
8372,6.00687753304875
8373,5.180679792330887
8374,2.6712738142617933
8375,7.3952707084324985
8376,7.90228070029109
8377,8.269872393347665
8378,4.119956013300381
8379,6.6052098469857885
8380,2.5855811726342557
8381,1.8772549754760575
8382,5.506631191442372
8383,7.4815135779218345
8384,8.218633566151427
8385,3.7988055095015034
8386,8.311372243230863
8387,5.2324978048261315
8388,7.9529071893207925
8389,7.341809779254585
8390,9.261936831917097
8391,9.212240038833647
8392,6.447859550104791
8393,3.74989762813255
8394,7.735968572861405
8395,5.779269410469189
8396,6.102183559044281
8397,6.032358204800232
8398,6.35240287104464
8399,6.01686592451692
8400,6.471028373332339
8401,8.629526912860392
8402,6.1789607733507825
8403,7.146896782210446
8404,6.79805828916964
8405,3.9134311549822716
8406,4.998849073659004
8407,5.707127874762218
8408,7.826476659989838
8409,7.833598429839898
8410,5.487266698242841
8411,6.404708601402861
8412,6.965384441175196
8413,6.020051246580957
8414,4.324533511862881
8415,8.478211028129499
8416,7.657873514993089
8417,4.117195184666309
8418,5.416152147173747
8419,6.436766142343783
8420,2.6667055539444497
8421,1.5192720977391379
8422,6.216720272418932
8423,6.253109552764612
8424,4.427609091125943
8425,4.421321630810242
8426,7.216015461894302
8427,5.312777161937655
8428,8.797243578737092
8429,1.6117451173904471
8430,5.958065802919973
8431,3.8197817234252467
8432,6.578572056890848
8433,8.018903690950168
8434,8.30024082349324
8435,5.183879674018327
8436,5.0245611643539
8437,3.8322695677227814
8438,8.137401042429758
8439,7.2188763659151896
8440,3.3377969230405493
8441,3.3800958329728927
8442,8.651233978221143
8443,9.796768269144597
8444,8.06655174816607
8445,8.412891755170564
8446,7.991053211402014
8447,7.333964029997745
8448,2.635136280942895
8449,3.8583377988051257
8450,3.1970430389460005
8451,6.344958337621923
8452,6.6519818861602715
8453,2.827415408625696
8454,2.883503954512975
8455,8.408120798465966
8456,6.301958062792338
8457,8.862435418607003
8458,2.5539521949908206
8459,7.717610595018696
8460,8.714621862526336
8461,5.814031036936519
8462,6.019893165869662
8463,7.712748594311996
8464,2.792332719114287
8465,7.167687858456452
8466,4.154714316522442
8467,3.117286478338149
8468,7.639801710651545
8469,5.768808101243714
8470,4.730015339873418
8471,8.650925528657208
8472,4.179018568567872
8473,4.996378045330621
8474,4.55966181760462
8475,6.2987010551204445
8476,6.570402504298314
8477,8.052702343042089
8478,6.900543238365347
8479,5.915681469526286
8480,4.259598975039203
8481,6.730319037875831
8482,6.5961389655588665
8483,6.22629048733069
8484,6.180293201691519
8485,6.152420980510508
8486,9.114398329192413
8487,4.170120744098506
8488,4.129773783224797
8489,6.618286633713849
8490,4.929659916421635
8491,4.679579922162043
8492,6.383273139465146
8493,6.21276932504018
8494,6.908092040210825
8495,6.6502773733073095
8496,3.272808746642448
8497,6.88658339636375
8498,7.412652816488293
8499,6.313505465857726
8500,6.302502261965577
8501,1.459377021097776
8502,4.631574556125472
8503,2.693030689169256
8504,7.228153848095048
8505,6.821271420451591
8506,5.546101486303764
8507,7.171612034052194
8508,6.953581747281923
8509,9.206487225763272
8510,8.4023681357374
8511,6.918988865165749
8512,4.6749387598771515
8513,7.048022648286626
8514,7.281733200229622
8515,6.997321170169215
8516,6.942148861320786
8517,6.515553123902474
8518,4.953896770129974
8519,6.039952126528817
8520,3.3983022148154087
8521,9.592147543908485
8522,3.8845918019497443
8523,8.057696252120149
8524,4.629577779729138
8525,7.756395373530961
8526,7.689816325152847
8527,7.4309419174803555
8528,5.917408513037806
8529,5.09220563170633
8530,5.804247562038424
8531,3.2777723252011994
8532,7.506612664926144
8533,8.753080649651805
8534,3.947221658263849
8535,6.170413060757593
8536,2.650851939256187
8537,7.924025126918085
8538,9.646242223473937
8539,6.650978008053235
8540,7.035158862072055
8541,5.302625632864057
8542,1.3695096116609133
8543,3.606609399177679
8544,8.27490676423047
8545,7.330000335271506
8546,4.255776122332638
8547,7.168637667123982
8548,5.585887076749476
8549,7.55532332257543
8550,6.928909158417158
8551,7.851313128997065
8552,6.967792537092471
8553,5.89181985315279
8554,2.552490510879231
8555,7.934856406840337
8556,7.050634602357965
8557,6.285692010784718
8558,4.899022411017791
8559,5.979949793552402
8560,3.885949682891518
8561,6.010754843994791
8562,7.571271789621051
8563,8.977035801855166
8564,7.126939517369527
8565,4.9375872279479704
8566,6.691836815595712
8567,7.617486791735807
8568,7.189125200470636
8569,8.207724904160635
8570,9.926203804844654
8571,3.193786419580339
8572,5.168604380090957
8573,7.437095758250145
8574,5.317054682350147
8575,1.9343393079183917
8576,6.049489314130695
8577,7.262757617892841
8578,8.238044443503416
8579,5.840874078525722
8580,5.253427175932174
8581,5.222602980134421
8582,6.945757292039842
8583,6.1599532195226665
8584,5.6739649608514835
8585,7.840925194551842
8586,3.356345409961328
8587,7.749702667729242
8588,6.131281470830296
8589,4.794446047217862
8590,9.42041046071679
8591,7.131333758681744
8592,3.1236901441258174
8593,7.13088531329946
8594,7.462131048110949
8595,3.9744072068805094
8596,8.134746323581426
8597,7.3921062295268385
8598,6.353482585782842
8599,3.260084813695077
8600,2.3276619646026946
8601,7.677769193856629
8602,2.4397666358263064
8603,1.2903104120568365
8604,5.06960736907253
8605,6.222128134306491
8606,6.863203828275939
8607,3.082079556541279
8608,7.7955471447177835
8609,5.897545972942358
8610,6.296137925279897
8611,7.979793323425688
8612,4.297383269736988
8613,4.919692052744419
8614,4.847343426686287
8615,7.706095327478937
8616,4.999521131872047
8617,8.38177343896408
8618,5.433623978754417
8619,7.063575444220092
8620,7.861256564179326
8621,8.620413322662696
8622,7.803193980598669
8623,6.442985263716965
8624,6.568543986527224
8625,7.131457689594926
8626,4.939365262288527
8627,5.744892750457431
8628,6.592004780926441
8629,2.23280403774055
8630,6.5117953879630495
8631,6.851545838259191
8632,6.6519217889233655
8633,6.926743531248279
8634,5.622601679358036
8635,7.625651685096198
8636,6.5787157107975975
8637,6.367682770836844
8638,8.752812547925027
8639,4.692070121910036
8640,9.217542771350747
8641,5.417429413809651
8642,1.1730833375542815
8643,3.864972830487788
8644,6.559194421009471
8645,7.772011181217305
8646,6.6432108214390375
8647,7.481215563304508
8648,5.412935063847363
8649,9.128164725622874
8650,6.6305821680753905
8651,5.718422172827206
8652,4.949042148987089
8653,7.95284320241029
8654,4.606351359661505
8655,7.668131220263311
8656,5.4466774695417595
8657,3.915347254093097
8658,7.233586592323366
8659,4.750714062396764
8660,2.6425972129629445
8661,5.068440946480981
8662,6.807427640172117
8663,4.988190414114918
8664,5.759891039812691
8665,5.878920516850944
8666,4.245108344084152
8667,6.747791224353399
8668,4.88532905344251
8669,5.957990562415751
8670,7.073195772290404
8671,8.896281123355605
8672,4.818242563435481
8673,5.5131574580151455
8674,7.084267520498451
8675,4.401576065950437
8676,6.959373608710073
8677,6.3578326216226335
8678,6.567539563856043
8679,7.362567902611244
8680,8.336523564962292
8681,8.158337421868367
8682,4.288074893545286
8683,3.7268503435167966
8684,9.675374799516446
8685,4.27561654691819
8686,6.106755462530256
8687,6.850138713414893
8688,8.088866150376239
8689,7.214801744851452
8690,5.842705911149473
8691,4.539644675774685
8692,8.27417234558374
8693,9.905692604599725
8694,3.8245457110263823
8695,6.458304286575074
8696,6.740939175354074
8697,3.0177309727727946
8698,6.073087394593547
8699,4.585816781558433
8700,8.755919733200404
8701,3.5731903334405817
8702,6.493567906064915
8703,9.915591939372641
8704,7.818621637092691
8705,5.786585933857498
8706,4.732732630935356
8707,7.885860258442678
8708,3.5418257506359385
8709,4.906030282588816
8710,3.683097229866627
8711,7.181853630072732
8712,3.311973995789373
8713,5.060358094819701
8714,9.376323000340003
8715,3.617083517616706
8716,4.417193662845294
8717,6.03292450299153
8718,6.896840149415048
8719,6.120982455491324
8720,5.557667265780994
8721,4.025005295256343
8722,4.257655478230358
8723,2.380457743956879
8724,4.873399908712262
8725,3.2572261704831558
8726,3.259166689329526
8727,8.227945835417916
8728,8.757420129873562
8729,3.941661096520656
8730,4.690108304675692
8731,7.918805357974325
8732,9.692408342475495
8733,8.23078623545171
8734,5.664727735780286
8735,7.2999864376462735
8736,8.163537277992887
8737,8.042529375635935
8738,8.09814386879389
8739,8.159260639664382
8740,3.5819236927006157
8741,5.721039324295872
8742,6.1844269571763455
8743,5.267428959753265
8744,8.52649659195234
8745,6.403028995518921
8746,6.982320029567042
8747,9.282409911690706
8748,3.230167419780634
8749,4.178768257633365
8750,3.3078496987084955
8751,5.110028192299354
8752,5.673802933121692
8753,7.68786741509439
8754,5.16484526013891
8755,6.820330901533321
8756,6.725292488867646
8757,0.2490393249101292
8758,4.786787170482572
8759,3.123624243626469
8760,5.166116244019257
8761,5.745951657792725
8762,6.1469353952481045
8763,7.858258510729131
8764,3.5679823709511718
8765,9.119399038156704
8766,6.980585772436454
8767,9.144728850471061
8768,3.8227439005350266
8769,7.498726876720172
8770,9.034358080373536
8771,7.621584941234195
8772,8.530195509214774
8773,5.600893720724206
8774,5.710047625465542
8775,5.030756196045668
8776,6.743400060459617
8777,6.780920195432747
8778,6.524911678703916
8779,5.945448048398306
8780,6.898483232698222
8781,4.635647093583888
8782,6.1310785748107275
8783,6.89352917821144
8784,7.938510451481553
8785,3.4004064465001056
8786,3.555655216335742
8787,2.5636789726560645
8788,5.468488378756352
8789,6.876396308810541
8790,8.630068269710264
8791,6.717100616146633
8792,8.312073592120477
8793,5.363655822163279
8794,5.170175964390697
8795,5.1817351827287546
8796,3.215166244619047
8797,4.346366229785212
8798,7.544888028978089
8799,5.447578407603157
8800,5.141027394384193
8801,2.871269300090384
8802,5.358338194769165
8803,6.683254808255875
8804,8.055991409865381
8805,7.097300093319874
8806,7.290794506842417
8807,4.372884341761675
8808,7.346996894643951
8809,5.69384483035778
8810,4.626215795640801
8811,4.990589043355921
8812,5.983609539981595
8813,6.74590193298991
8814,7.153579728553408
8815,9.232568391970856
8816,6.55696351447626
8817,6.4261357310253935
8818,5.964599500209276
8819,4.923482373630549
8820,3.1209203567047816
8821,9.390472078762404
8822,5.3763614567918685
8823,7.837859574061376
8824,5.942113852433289
8825,8.389129011189114
8826,9.351296505198295
8827,5.773310628363452
8828,6.432512204351125
8829,5.999609119973098
8830,4.929996134038029
8831,6.798365071389978
8832,9.094257187281261
8833,5.601711931645649
8834,3.0354327777203594
8835,7.939791965009805
8836,7.5939856439327595
8837,8.262128435916008
8838,5.651588555876046
8839,6.612083639979965
8840,6.145946275168469
8841,5.7539143759992655
8842,4.675791128175188
8843,5.881468008777299
8844,8.504401887706507
8845,3.975325527429563
8846,6.370956601594785
8847,4.966776352135823
8848,6.195480103998955
8849,7.8239355053620745
8850,7.101705650960154
8851,5.956075687274926
8852,4.68819268241825
8853,4.761232096679069
8854,6.4396629417485745
8855,9.08273525712658
8856,4.6532101363720475
8857,4.368858775285623
8858,8.657738347314849
8859,5.914296909514476
8860,3.7368515335148453
8861,5.915014865006856
8862,4.20461040731961
8863,6.58784305691172
8864,6.2015645684906575
8865,6.196643469782227
8866,6.790556483435958
8867,5.242248964485394
8868,6.688679267801168
8869,6.58932018257014
8870,6.724952897271924
8871,8.398944339176094
8872,6.793392121671289
8873,3.871398554778969
8874,3.246919702378473
8875,7.093061863036638
8876,2.3020952442361606
8877,9.11945294393091
8878,2.9762573939273484
8879,7.355749077203355
8880,8.891046010964084
8881,7.855185122015421
8882,4.726416927906198
8883,7.1884456406652175
8884,4.021365198211766
8885,4.9193600530141595
8886,5.119001246851799
8887,4.925175744222551
8888,5.156997614950853
8889,5.397375959201909
8890,7.86996290349287
8891,3.7326398384268833
8892,6.142099144170125
8893,5.962560412965033
8894,7.481757593718755
8895,2.3783867196174437
8896,8.11527223457582
8897,5.3805229266979895
8898,7.762537659662253
8899,5.135751319585748
8900,3.7674528619635432
8901,7.689729263513391
8902,4.498374119160146
8903,6.277090822842106
8904,2.8490119031502035
8905,7.234415946335365
8906,6.570256059981321
8907,6.1262681045322225
8908,6.826055730718164
8909,3.9615793696635206
8910,7.946820711114187
8911,5.938443279901101
8912,5.323774679857741
8913,5.397038821764658
8914,5.501587574224917
8915,6.3489513374185425
8916,3.2070874030802865
8917,5.22287465386239
8918,3.6866313049041013
8919,6.643594269655177
8920,5.170316896655324
8921,6.605203890266884
8922,6.451718457040436
8923,6.457934649724583
8924,6.0177617428845815
8925,6.091883457392251
8926,3.523318957924251
8927,6.620398558923002
8928,5.777368323474916
8929,5.489087290801837
8930,6.846061510407223
8931,6.839136458591373
8932,7.707946545545272
8933,8.065429918509677
8934,6.463685585393569
8935,8.624649906048443
8936,7.584083156036346
8937,7.8172329190187275
8938,5.521245604637129
8939,3.3792839043827056
8940,6.928343291781855
8941,5.66035519649109
8942,2.1294912391256844
8943,7.075151611765293
8944,8.537893065941551
8945,5.012186320679193
8946,5.794806222608681
8947,6.543350293367329
8948,7.9635587612835
8949,6.116741218910618
8950,6.327850078697942
8951,4.771864364910631
8952,3.3538780186716988
8953,5.848469787785387
8954,7.363848283327915
8955,4.292813252920997
8956,5.186127412616395
8957,4.938184830664124
8958,5.654871860086512
8959,6.958436695654232
8960,9.069107813885221
8961,6.006111266943099
8962,3.7305512782494006
8963,6.632438676394437
8964,6.042060898373891
8965,5.092574219015292
8966,5.303302232900564
8967,9.281991507035071
8968,4.858891459787799
8969,7.967012486104698
8970,6.014438132552048
8971,4.307058170940627
8972,8.276268114787753
8973,8.119080631969439
8974,6.324722296064266
8975,5.063892806374425
8976,8.466484102007366
8977,6.110741082746458
8978,9.127963709056052
8979,6.64132927928361
8980,4.359756818874227
8981,6.662945487284938
8982,7.605636949121371
8983,8.681139662583739
8984,5.841487677443718
8985,3.8061455406933895
8986,3.9295235680721996
8987,5.104066430331937
8988,3.7812829484593538
8989,3.9306754663151278
8990,6.996608415898088
8991,5.118971783513931
8992,4.082619176904473
8993,5.958724294325425
8994,4.1959225709000325
8995,8.536361146134551
8996,5.4982435646661045
8997,6.951174064615719
8998,7.126553650758572
8999,8.178031811313833
9000,6.856522387973942
9001,7.229423144089969
9002,8.193403490050454
9003,6.395837769244209
9004,7.750667430977527
9005,3.1592566321636246
9006,6.644841272515343
9007,8.661861532116308
9008,5.876528090484874
9009,6.261808437866796
9010,7.940810265853164
9011,4.908597437924242
9012,2.3976048570245667
9013,6.793603120179919
9014,7.802229069869376
9015,3.7468938918360104
9016,4.581961793317641
9017,6.79896030964052
9018,5.8309402651725595
9019,3.5933239151960787
9020,6.30816278367751
9021,4.4987385650336424
9022,7.7213850795894725
9023,6.207783051946867
9024,7.067239093123632
9025,6.1922355725903655
9026,5.618387423162606
9027,6.773490043372069
9028,5.503775475912165
9029,4.450447751878767
9030,5.343163078576937
9031,6.326030743619151
9032,5.369236170437072
9033,4.674924870748921
9034,7.50007836920493
9035,6.137543270657073
9036,1.65371525706079
9037,5.83431155557486
9038,6.70317286170441
9039,5.472362708730186
9040,6.888597554165802
9041,4.622477366628305
9042,4.16053421976104
9043,6.102553291105091
9044,4.551108282437086
9045,2.206545351832205
9046,6.577194856570448
9047,9.632880641420524
9048,8.091051036703808
9049,9.91983496931087
9050,4.161569067465255
9051,4.73122349195427
9052,7.34828814215144
9053,3.673202810679847
9054,4.111569826531653
9055,8.082388427107151
9056,8.037488168689892
9057,8.429363225162426
9058,9.488117367961728
9059,5.814182362208991
9060,7.4866499102243935
9061,2.5944897860803104
9062,5.4754323167491545
9063,5.007663595567854
9064,6.394145188173376
9065,6.731333796336299
9066,5.147281247319803
9067,3.5852306464698405
9068,6.2456315137135725
9069,6.416882349302734
9070,6.806183209945095
9071,5.868185213372369
9072,8.700117930845074
9073,4.436586553388034
9074,2.756460276970733
9075,6.135372127592033
9076,4.835759845620741
9077,4.899242380448918
9078,6.037719180824064
9079,5.367213396947208
9080,3.5206827422717506
9081,3.52303661299383
9082,7.194648438462753
9083,9.998377592932243
9084,7.1406371938739355
9085,8.361802030894
9086,4.636668785556729
9087,8.123428535708161
9088,4.043387888739398
9089,7.1295126205939345
9090,6.590967331336515
9091,1.9072383590966548
9092,4.374705770823588
9093,8.224943287444432
9094,4.341884431444807
9095,7.477844928667874
9096,9.295429851327718
9097,7.4895955278187705
9098,4.543839385776315
9099,4.964108187389257
9100,9.740539276187583
9101,7.1992696353599275
9102,5.4627876232394055
9103,6.3726270047746425
9104,4.664102916388394
9105,7.702929391295357
9106,3.9218777854197073
9107,4.822027847575016
9108,3.9399976141404465
9109,6.652353325148683
9110,7.26089588034095
9111,5.636863117893947
9112,2.2880475998343535
9113,6.338852420808996
9114,4.665165535127241
9115,6.358168317049274
9116,3.368471722285056
9117,6.555195655573388
9118,7.960024086561564
9119,6.698676392500752
9120,5.3680545869354
9121,9.485227535126116
9122,4.150996530764198
9123,8.00517784466468
9124,9.537262994916738
9125,6.3628540067943025
9126,4.75936693949611
9127,3.7938770447470027
9128,5.767950993360264
9129,4.5717466566275
9130,6.132866168337584
9131,5.0636477686647225
9132,7.15078056930798
9133,2.191989132441559
9134,4.807320350053951
9135,4.727628805420675
9136,6.689827892582736
9137,7.658029640562947
9138,4.886939181224953
9139,5.468409100529629
9140,6.113055383158225
9141,5.845034870613085
9142,8.134462767354307
9143,5.774327830519188
9144,1.9093766101708785
9145,4.008108752924164
9146,6.187876686963383
9147,6.452111591270294
9148,6.757197483071275
9149,5.780775675755721
9150,5.7680282428535445
9151,5.4197212392163046
9152,6.805130625565653
9153,4.956509855861292
9154,5.946390072556796
9155,5.827324440541577
9156,9.048406526898834
9157,5.3118700779743895
9158,5.2982190145091295
9159,5.413929843300206
9160,4.60374658849382
9161,7.914378300781518
9162,6.510140419469606
9163,4.930127928437429
9164,6.713993726346105
9165,8.191500061608924
9166,6.428740988312516
9167,4.071810568112614
9168,6.480295994248755
9169,7.405104808794486
9170,5.598618450712591
9171,5.168680684158482
9172,8.202558497210662
9173,6.020732771191463
9174,5.312959213143177
9175,5.3404992746980415
9176,4.0434848346003545
9177,5.0033895677763365
9178,4.435907483465101
9179,4.399475012877252
9180,7.396372290946747
9181,3.955977446059224
9182,6.630639392284107
9183,9.900403749830664
9184,6.909373701838939
9185,5.743771981995035
9186,3.939268528753321
9187,8.332226583621416
9188,5.049183578493686
9189,4.5256902546780555
9190,5.75160795444415
9191,9.586563308062074
9192,5.73834024810339
9193,5.179743740430189
9194,7.457974162698986
9195,8.424897210014734
9196,8.890055135102735
9197,5.537613178384822
9198,4.02163159721024
9199,7.672030329945657
9200,4.841504782023487
9201,7.059785585841106
9202,4.110368641603092
9203,3.783217550188454
9204,1.953257861813963
9205,7.918055081772302
9206,7.259639864051361
9207,4.454066008554959
9208,3.651493337206568
9209,4.463329219460457
9210,8.795508906121048
9211,5.736862238220645
9212,5.378360820785443
9213,3.8035868977078175
9214,5.729194137292368
9215,6.67425077252606
9216,4.210750091216912
9217,6.6763066289199315
9218,5.653015186787746
9219,3.938913782380949
9220,6.563542211666374
9221,5.001377146055549
9222,2.1021842331010188
9223,4.631856654500934
9224,5.961957587654503
9225,3.4330286051529546
9226,5.169623109494301
9227,5.79708487902757
9228,5.169651021596033
9229,9.625512005713569
9230,8.854026217612471
9231,1.259647648215227
9232,8.74053025094096
9233,5.581547607524821
9234,3.9152756746353683
9235,3.1936640820513396
9236,4.562162660189445
9237,3.754196327737252
9238,6.659175391620879
9239,4.190120807564236
9240,2.8149325266061833
9241,6.8178177688084745
9242,3.0359509484992486
9243,5.822408997843781
9244,5.789772660365735
9245,9.232745829026157
9246,8.333183319791639
9247,4.369337852859632
9248,5.704676938464507
9249,3.663467836415395
9250,6.508432647563882
9251,5.885141122821386
9252,5.038553424045114
9253,6.059047866229022
9254,5.880647069270594
9255,3.2113505017603297
9256,2.967093965665958
9257,4.603893545294685
9258,7.225286815634387
9259,3.8967517127634776
9260,6.7013002227886656
9261,4.967690691296502
9262,5.6560944856026065
9263,8.48715123588232
9264,2.6716932809670526
9265,5.267756368703461
9266,6.409446215057438
9267,7.908068235327619
9268,8.576316412345456
9269,7.3005813603900735
9270,6.040309273627033
9271,5.661090583029896
9272,7.146655471644216
9273,8.125709667505525
9274,9.325523029297006
9275,4.539734080532991
9276,9.564101223189216
9277,4.403768719868082
9278,6.228122601960896
9279,8.573002564122103
9280,6.295769203001181
9281,5.452132557070575
9282,3.5101903644779946
9283,3.9210731086780197
9284,6.921370326258627
9285,4.426161566473983
9286,6.026020857191416
9287,2.122602498428515
9288,2.1183672073278554
9289,7.55216522574184
9290,8.6266954861875
9291,1.8972227194422029
9292,7.650448197705594
9293,5.356843616381487
9294,2.4479881201466336
9295,4.893714799560835
9296,5.462739449542784
9297,7.591424972919296
9298,4.963859477148919
9299,6.216029570053031
9300,7.425390309256804
9301,3.7639273170290855
9302,4.97106251275224
9303,1.8897817961365342
9304,2.7883539464259304
9305,5.766045362446648
9306,3.2114131762716047
9307,1.872468199078291
9308,4.997029144304671
9309,6.071562850274967
9310,8.133719581432121
9311,8.955796970666148
9312,2.1825589389592377
9313,7.124592310827923
9314,9.279435487305152
9315,6.9016645844218605
9316,4.182386092036224
9317,2.330121107637666
9318,5.487606516124092
9319,6.482236039263613
9320,6.760186196812818
9321,8.293442830142759
9322,7.89001365761251
9323,1.6248125516426029
9324,2.4762498313732806
9325,6.128716549371378
9326,7.865483004129209
9327,6.964269774120874
9328,3.8905239792777087
9329,3.455741826598664
9330,1.5955541962288073
9331,4.73231235864235
9332,2.6091514630824184
9333,4.2890100332191565
9334,7.331312947377213
9335,6.859899709424886
9336,4.6482066665629365
9337,8.909268604547659
9338,7.322383406675408
9339,8.965021262941052
9340,7.41497751051711
9341,5.68975343558593
9342,6.372570320805036
9343,6.458211458746893
9344,7.200759910781958
9345,5.587348465844359
9346,5.074266710765596
9347,9.297186651377979
9348,4.893482269921989
9349,6.395959602075762
9350,4.821187917365403
9351,4.9480768961893835
9352,6.971184022768818
9353,4.7175450616500765
9354,5.218309244012173
9355,8.51603661393813
9356,5.688342515423871
9357,5.290584685269891
9358,4.5716118585500265
9359,7.848840540450448
9360,6.096029947109608
9361,4.693678794334495
9362,5.891879025345835
9363,4.594696547205847
9364,6.881337833513837
9365,3.2727611593513273
9366,7.172449335196381
9367,8.537189039827872
9368,7.640611752748935
9369,7.778586351152876
9370,9.325959543766231
9371,6.3866909960426845
9372,6.206044150701295
9373,4.627147166254849
9374,4.204230704668321
9375,4.613133536673828
9376,6.946112723898957
9377,7.401748398834611
9378,3.512598873399862
9379,6.234929950499509
9380,3.890176841828
9381,6.480352159979403
9382,3.2868768948083957
9383,4.932648532959014
9384,8.524189018290045
9385,5.674833616709469
9386,4.41386373133659
9387,5.062107073767619
9388,4.69701993294733
9389,7.5027657391118305
9390,6.3222218149725204
9391,7.134607684844847
9392,6.26795599333117
9393,6.80656397857261
9394,5.019245673099149
9395,6.991445373469809
9396,5.35663823124063
9397,5.290610283412631
9398,5.114139136835275
9399,2.5921690624720273
9400,3.710168907844667
9401,5.106077292049116
9402,0.8614042127454653
9403,8.449805558749933
9404,6.306193499692551
9405,5.487845911292705
9406,4.83771932842729
9407,7.026914630254358
9408,5.281087270085239
9409,6.455542501340293
9410,4.758626922191711
9411,3.6472995317445034
9412,5.7428772965244415
9413,7.030117588470681
9414,6.518315175292531
9415,2.8226816391766194
9416,9.580953824761124
9417,5.406637069144797
9418,7.5584382711068105
9419,5.149506187852745
9420,2.9302353634895364
9421,4.440794535935085
9422,5.522977830546056
9423,4.0499946109978175
9424,8.279219342612224
9425,5.621958761045248
9426,7.290333574745782
9427,8.774541886903627
9428,1.8780328871008556
9429,9.032851857407953
9430,5.085716353360832
9431,6.93278780472398
9432,2.5766645493280143
9433,7.7323605097376475
9434,4.609068581818868
9435,8.371734859872761
9436,5.57187999396656
9437,7.353699843547965
9438,7.280956125535561
9439,5.925642670598117
9440,0.6039384437491798
9441,1.201995425493743
9442,4.089304893823302
9443,3.7776654084467336
9444,5.010280284670637
9445,8.294015313464445
9446,8.122152691590838
9447,7.836328951056787
9448,7.68907408123381
9449,5.452593509107996
9450,4.8464177992306965
9451,7.599653137103419
9452,8.618205289750977
9453,3.40127827810834
9454,8.772583388535807
9455,7.47866649161835
9456,7.627013519187672
9457,5.822651108331043
9458,8.030126550718057
9459,4.54493803610475
9460,7.028002868426363
9461,6.074661377995456
9462,7.959117082118057
9463,5.1471940200197785
9464,3.3815812843547657
9465,4.124912962269061
9466,8.110869684298391
9467,4.080844692867995
9468,6.161924882542608
9469,2.842881783877506
9470,6.062307931275882
9471,6.676429122515702
9472,6.194907566341617
9473,4.815923581332366
9474,0.7833898229245635
9475,6.533954230023416
9476,3.6145696906352467
9477,5.727111387010181
9478,6.936219484269502
9479,7.361415236439287
9480,6.386461380892466
9481,6.022860236189369
9482,4.422310163850947
9483,6.926995176566738
9484,3.028827056556517
9485,8.909855705568505
9486,6.10207295608056
9487,7.629642905807708
9488,7.86054218425911
9489,5.494188320638422
9490,1.887677053509747
9491,6.25958593216973
9492,6.614466001311309
9493,6.45499117654463
9494,6.919598271147385
9495,3.5593123817234784
9496,2.7988584584675893
9497,7.095821710719102
9498,6.201557663626465
9499,6.0330173871046995
9500,6.37328493770638
9501,3.159821845441681
9502,9.338137065880618
9503,2.7262206857685114
9504,9.025044688179696
9505,4.572236767387604
9506,6.821803293255364
9507,8.965893683141926
9508,7.211457703520116
9509,3.2628808588571108
9510,8.51124531842267
9511,4.629537187540061
9512,4.777860843707767
9513,3.9368916388104056
9514,5.413211671674873
9515,8.975994162103538
9516,6.281770566604303
9517,6.429837076720519
9518,4.95793202411111
9519,5.679130189905984
9520,8.593741545485432
9521,5.932993020033562
9522,2.633702123151971
9523,5.233048025172441
9524,6.04091330529123
9525,7.185834268314473
9526,9.112737826097382
9527,7.746470035082716
9528,5.462084315395931
9529,3.370676018530148
9530,4.662215548569389
9531,4.553402554505851
9532,6.650962333917091
9533,5.136191191682196
9534,5.158607931890659
9535,5.404358565612177
9536,5.2839063769109185
9537,6.512406554153303
9538,6.018270265638838
9539,5.850780129119969
9540,3.856362591417143
9541,2.838201869649578
9542,5.228849379980263
9543,4.907084572794291
9544,4.355762503461307
9545,5.928865177989042
9546,3.130701358204197
9547,7.50924221198162
9548,4.768837573547854
9549,9.111275897335643
9550,2.206906603575044
9551,6.649680753452358
9552,5.345036278254057
9553,2.1927891626284093
9554,6.204644261858181
9555,5.022104736845939
9556,5.598743770324566
9557,6.797276475849456
9558,5.343939372175648
9559,4.782909963066226
9560,3.7822507695572507
9561,7.195772276767009
9562,9.066435521058194
9563,2.2468555038865503
9564,5.597692432206305
9565,7.848568693391789
9566,5.874100701660164
9567,3.6498404558837922
9568,5.473239619726464
9569,4.449615547364303
9570,3.4001360855879526
9571,4.398547306100564
9572,4.29462518549618
9573,7.102057947686659
9574,7.835223727683699
9575,7.094621339844185
9576,7.83758652913548
9577,5.262745188115146
9578,5.909356752420608
9579,5.9832447810011455
9580,6.571443302826701
9581,7.865385500269347
9582,4.44519366370109
9583,8.764686622390084
9584,2.782243186775754
9585,6.667420332357603
9586,5.613150179414353
9587,7.84350249139294
9588,4.087496364617695
9589,6.126682068196207
9590,6.005892247265814
9591,5.621707245943089
9592,7.4573787870005805
9593,5.6084740039820975
9594,5.668091009447862
9595,6.387328599862548
9596,9.06094641386176
9597,6.539272457757864
9598,5.70208966175225
9599,6.413268809574535
9600,6.1790106982214965
9601,4.264504296832445
9602,5.824520579079866
9603,6.245172354836889
9604,8.835914269962231
9605,5.234746698152269
9606,6.647844916608326
9607,4.735135808658243
9608,6.521475569244157
9609,2.646062668697293
9610,5.8719203408952625
9611,8.471599157893975
9612,3.8247535890898057
9613,7.273288551009848
9614,3.8074563168633144
9615,7.803641526521498
9616,6.888808649127201
9617,6.0132744411948424
9618,6.945417615571516
9619,6.114767508795167
9620,4.609531669601466
9621,5.352372534067306
9622,5.404771560315652
9623,7.519246915991063
9624,6.147915379016666
9625,6.182685010863147
9626,7.381640967556283
9627,5.1731775270208304
9628,7.4139883536076585
9629,4.220477135193098
9630,7.469775987931756
9631,3.219554709569909
9632,2.095266254068642
9633,4.058491903399052
9634,7.310689065228259
9635,4.4525307580331415
9636,3.6151560683217374
9637,4.149766466840427
9638,7.89707504982205
9639,5.648913971482008
9640,7.367042165428524
9641,3.5657892285187236
9642,3.8688855031383826
9643,4.751968983878377
9644,6.349913483330002
9645,5.634006378645337
9646,8.154544557619104
9647,7.9502049076801615
9648,2.8164127562228374
9649,8.565859771105321
9650,5.810598085765103
9651,8.045016814519688
9652,9.269365038672387
9653,6.095889688034534
9654,8.230271584492272
9655,4.356057000644961
9656,9.944750029608162
9657,7.913737632942758
9658,3.2982804062631716
9659,6.857196645991778
9660,5.078053466035508
9661,7.781859714731572
9662,1.3163354039270478
9663,2.1041398970494805
9664,3.368885434683305
9665,7.716140266902858
9666,7.885621624201289
9667,8.055870766049837
9668,3.0491588024353082
9669,6.56568114260149
9670,4.3690914935196625
9671,2.688738041631524
9672,5.485039578295195
9673,7.583448787571946
9674,4.386740509007154
9675,6.093922069546828
9676,6.446952809253427
9677,8.53680564657948
9678,4.944586857917692
9679,5.279408866214811
9680,4.83516382780482
9681,7.5622508898416925
9682,4.32769715306065
9683,5.8995044150659925
9684,5.813725855263041
9685,6.120499859369293
9686,5.640073732407905
9687,8.093299953280969
9688,6.09506930615766
9689,9.231087598006626
9690,5.986413354947474
9691,7.557993781212141
9692,7.1083116579113845
9693,5.4392471435260195
9694,3.3932628407390046
9695,5.973333897191418
9696,8.74732726609545
9697,7.955433690904005
9698,6.613261957595024
9699,4.059372677588778
9700,5.929473569279362
9701,6.3332303919795345
9702,5.156010507891633
9703,5.014543936872414
9704,9.97495965842225
9705,8.535757984046032
9706,7.109309280985485
9707,5.72702925514615
9708,7.021067714973865
9709,5.436104581229419
9710,2.68146194534424
9711,5.7739968421153725
9712,9.010513311754234
9713,8.116133074541962
9714,6.899139235989351
9715,7.09141572449209
9716,4.323377474019537
9717,1.2581760457077538
9718,6.935822061540756
9719,4.677622213177883
9720,8.599247833420751
9721,3.126366377206185
9722,5.965010248194146
9723,4.537502924420876
9724,6.640248912319409
9725,8.417073293756566
9726,7.036474524437878
9727,6.579962940177545
9728,6.859951686965051
9729,5.136424426761995
9730,4.8880703279204365
9731,3.387920692075479
9732,6.68805352703318
9733,8.729447059019051
9734,6.851387768958763
9735,7.850500443240126
9736,3.4227885330507455
9737,8.189216330675999
9738,3.4640495307793646
9739,7.768272465825474
9740,5.74067600675364
9741,6.835896756269386
9742,3.2492843287055244
9743,6.908134960254034
9744,5.192298411574778
9745,5.818726833687934
9746,6.877053794910231
9747,4.7423389758739845
9748,6.128052868769599
9749,5.481642995790855
9750,2.2800725035781975
9751,5.586101338694977
9752,3.8371982263342024
9753,8.940204573647087
9754,8.73746818501851
9755,6.603544740434234
9756,6.495723189644885
9757,7.12308682866759
9758,7.458861081501727
9759,5.848293298583119
9760,6.6296411509743045
9761,6.50685436426993
9762,7.1812626370137504
9763,3.5417406316680813
9764,9.197197444948522
9765,5.8765418679448285
9766,5.588124858300986
9767,5.926852643338647
9768,2.545165855671967
9769,4.061383434318912
9770,3.6201503878498453
9771,5.495045069119362
9772,5.174422954408296
9773,5.766684432754704
9774,9.162879641490647
9775,3.180046621041915
9776,4.930677478254442
9777,6.513583703508745
9778,7.987707150993789
9779,8.223090779773894
9780,5.486316004811535
9781,8.871270447265125
9782,6.929590866769495
9783,7.442567111961743
9784,5.652081837406007
9785,5.804034932422586
9786,8.557237965180576
9787,3.3917011940123887
9788,4.228591150968567
9789,8.239567645273478
9790,4.685897527035683
9791,2.639569619685484
9792,3.6662094268959153
9793,9.616664590881072
9794,6.483383664506798
9795,7.297417493596024
9796,4.3125333769936836
9797,5.865594291041744
9798,6.992391339172238
9799,4.702946367457201
9800,6.113323713684151
9801,6.941147486060056
9802,8.514166597734892
9803,4.001413875249653
9804,3.4927902917664184
9805,4.700888026124097
9806,5.802315934977696
9807,5.515127528262188
9808,6.385021004141848
9809,7.499243202539345
9810,2.3376505069498754
9811,8.023020118526938
9812,3.286077995174618
9813,4.490993584452318
9814,6.027137645337833
9815,5.159893477225584
9816,2.491584706110605
9817,4.804854583392811
9818,8.207839484900017
9819,3.2188953103040276
9820,6.92833115443408
9821,5.404299550533983
9822,5.272594881451959
9823,6.497508049219618
9824,6.5318194397991824
9825,8.369872529205626
9826,7.854207938586557
9827,5.291065264446022
9828,6.925728027411034
9829,7.1836880936194385
9830,3.968896547541382
9831,7.061260134874849
9832,6.892403238608338
9833,4.768159561903669
9834,8.13508813429939
9835,5.56950115803651
9836,5.62910082689983
9837,4.5227849363896695
9838,4.359708678359123
9839,5.118002886970886
9840,7.675274046525625
9841,8.939932514626499
9842,4.909858019647588
9843,6.309907020624559
9844,9.79683555589059
9845,5.413188546696058
9846,8.297179513465837
9847,4.279757011175774
9848,8.692913792745285
9849,3.4233745863840115
9850,6.581340651552651
9851,5.818037960941969
9852,7.849179583903384
9853,6.655843587998876
9854,6.332174313083897
9855,5.892627162271981
9856,5.728480752554447
9857,3.335724907857629
9858,7.362678154645819
9859,8.338284416350087
9860,6.253528461710793
9861,5.658204386488867
9862,7.078984277570703
9863,5.650070915804075
9864,4.826542634805229
9865,4.91122424309512
9866,5.844477853156198
9867,8.38270598133809
9868,8.844789774852998
9869,2.6025566048993976
9870,6.496420284552865
9871,2.7589718901977864
9872,9.229335076321037
9873,5.684620307671036
9874,6.7106556082360145
9875,5.450048238750473
9876,5.378031134137702
9877,7.787361635324947
9878,5.1646593952525075
9879,4.260519839062164
9880,5.7005231907797445
9881,4.940298942829505
9882,4.695320330955752
9883,7.093322566283593
9884,5.453222741900394
9885,6.677650730278886
9886,3.9203691337998983
9887,3.8343636739343374
9888,3.564981988983859
9889,7.536224029213521
9890,3.5571919199890054
9891,7.997862054362173
9892,7.795849446856751
9893,7.530433251031631
9894,5.342986347321667
9895,6.938350174686136
9896,4.714438910771276
9897,6.7936286535170325
9898,8.449822162911259
9899,6.6848240099048155
9900,6.829562171051057
9901,6.821047541349454
9902,2.8162729063812106
9903,6.897592158709125
9904,7.4111464944670455
9905,2.1482405606360913
9906,7.993670937574146
9907,5.221628196949494
9908,4.58608163861999
9909,3.761488961071139
9910,8.537363466817371
9911,8.355637650001668
9912,8.001485344294741
9913,4.151881508300609
9914,9.14548569042541
9915,3.9581036062009787
9916,5.232611480872926
9917,6.937293320262711
9918,5.029140120181297
9919,5.069176417257448
9920,5.837326007530393
9921,8.154892778361077
9922,5.1755422273677425
9923,7.546073222131455
9924,6.6645632701862905
9925,6.635910315682154
9926,3.2273438916190234
9927,3.8064020243225283
9928,6.466813772203782
9929,2.6109212263793995
9930,6.5362000189570635
9931,7.112009431224924
9932,2.9174154380852513
9933,7.780937195700617
9934,7.253498139124368
9935,6.6331327053761076
9936,6.386093659802079
9937,3.25434950899129
9938,5.97282531996118
9939,7.173542820829244
9940,5.028898229591931
9941,9.133804150628967
9942,4.951833981271293
9943,2.855579189106075
9944,7.257097120349006
9945,4.979767901341779
9946,2.3651801030734463
9947,6.472554876778656
9948,5.394192993219956
9949,6.32851364050363
9950,6.619648537659976
9951,7.9422622380251875
9952,7.0067524434678035
9953,4.758836202216929
9954,4.688437416947868
9955,6.16827904062292
9956,4.185127716196054
9957,5.62894093024223
9958,5.088912626487881
9959,4.569908865892282
9960,5.54327388319024
9961,5.542686229183895
9962,5.575948880090687
9963,5.701172332187976
9964,4.5111006587089255
9965,7.599192900291396
9966,4.800086686216844
9967,4.5311796146631895
9968,7.6130220949599625
9969,7.03543663681177
9970,4.696591507133425
9971,0.7283349573598923
9972,9.879030806305632
9973,4.282056995858314
9974,6.126770762418087
9975,5.25100842553983
9976,3.8349579687798316
9977,6.141203691232578
9978,2.037754986423093
9979,7.134623253872212
9980,4.171490429578163
9981,5.967943996676944
9982,8.326763826631744
9983,4.784387668150853
9984,7.741172758203217
9985,6.757768605851859
9986,8.778416818029282
9987,6.700524900531899
9988,8.265819973860076
9989,3.1349396138500607
9990,6.315755502717405
9991,6.3009600307812725
9992,2.8811594390034156
9993,2.8138688885010215
9994,4.431861173324438
9995,6.0915939343062115
9996,6.688870803986408
9997,7.639758680966644
9998,5.580961477077716
9999,2.7291168777550245
10000,6.822708457629146
10001,5.007344806069591
10002,3.7188247689613094
10003,6.644953590942881
10004,5.488848598226508
10005,2.000688331326865
10006,8.273516372405624
10007,8.809171636328141
10008,8.174545194448406
10009,4.831669282508597
10010,3.132300415966151
10011,5.8983741873968505
10012,4.426305461370685
10013,5.9477050350092515
10014,8.090681700066664
10015,7.433548256690319
10016,6.765840953827991
10017,8.100417700262291
10018,3.9553452355044225
10019,5.21138396300096
10020,9.239098929387179
10021,4.500642352853249
10022,5.123433461551054
10023,5.401615654210189
10024,3.4401688546517213
10025,4.192629601696922
10026,5.885009008316209
10027,6.058092843058079
10028,6.896855134117241
10029,4.607189517984118
10030,5.6468342362450645
10031,7.34574954302094
10032,8.053408069815127
10033,6.096300348856714
10034,6.07108915203146
10035,3.0491962391470113
10036,3.859633546981609
10037,6.567096506806546
10038,5.404045874604669
10039,3.7333186291044007
10040,7.020521295869935
10041,1.1976379833482822
10042,6.861938007801096
10043,2.0223086215840214
10044,5.117744905152112
10045,7.286771901113317
10046,5.861032263413222
10047,4.057982994534178
10048,4.861176366150204
10049,8.099479389185666
10050,5.741088209033237
10051,5.126120586970421
10052,5.576754315307902
10053,5.168372160215524
10054,3.353940548423565
10055,5.152054702662859
10056,9.422991761004694
10057,6.306459214234758
10058,5.205735575252671
10059,5.941201112223819
10060,8.405502942057632
10061,7.46290652918074
10062,3.2644913242329134
10063,4.871523474397387
10064,5.966679451012013
10065,2.926854727785196
10066,8.700807034583653
10067,5.609674822964527
10068,9.466589330754399
10069,5.8009835242945655
10070,4.653563520643581
10071,6.730396474282562
10072,3.4861814602581873
10073,4.300682342760428
10074,8.675360752462531
10075,8.179111764935616
10076,4.25408303630959
10077,9.163118309003881
10078,4.232857394992202
10079,5.039554377822242
10080,7.807231142108991
10081,4.136773238263957
10082,3.93084124139963
10083,7.320188042776345
10084,5.574889022142081
10085,3.4426475646162764
10086,8.358582505308144
10087,2.3838971739475356
10088,5.116614158184873
10089,3.5643902244984487
10090,7.131779658255505
10091,1.4842596929220115
10092,5.653300316903935
10093,7.6790064435383645
10094,6.766632538507046
10095,7.93220135769908
10096,2.379157129454329
10097,6.690715043575703
10098,5.117509076628808
10099,7.531956732871027
10100,5.243626726679599
10101,7.3317255873724125
10102,3.627940821837854
10103,5.122022372234929
10104,7.60407869656637
10105,6.892754509112491
10106,7.21995895849252
10107,6.706819664912084
10108,7.681528486454036
10109,3.336426721954428
10110,2.6211775189643944
10111,8.19135284835254
10112,7.158238595055041
10113,8.569270708725584
10114,7.6384454611108
10115,6.3966503994503245
10116,6.549384495292934
10117,7.076068952465588
10118,5.359398137246962
10119,6.748952893212687
10120,5.80742997358278
10121,6.628106182445697
10122,5.4347629010324905
10123,7.2950470608812354
10124,8.069464029989469
10125,5.67714159140904
10126,4.906565351065754
10127,9.0624477970815
10128,7.002202307714792
10129,7.745035427032787
10130,5.093815759865783
10131,8.251863060641899
10132,5.414498855898698
10133,4.116567385645057
10134,3.3364651664765725
10135,5.856203343675622
10136,3.3476424114815075
10137,4.327963815888568
10138,4.275162168239723
10139,6.67828835655414
10140,7.680892195387194
10141,7.859236481631802
10142,3.668759259101822
10143,6.6830898912017584
10144,8.958220498300783
10145,9.949082367662026
10146,2.3343043422557166
10147,4.195256953660305
10148,7.941725495061754
10149,9.302848759177625
10150,7.2964985867046845
10151,2.309611783041942
10152,7.73568494878565
10153,3.0276514667549215
10154,6.29484608225088
10155,6.051644478235307
10156,4.868163422905655
10157,7.771598534229733
10158,5.240602497511597
10159,6.7347867250331435
10160,5.886839872818136
10161,2.4042486244396626
10162,7.61609645134153
10163,7.143337419525938
10164,8.1982301155968
10165,6.877576409822829
10166,3.4432411494865076
10167,8.397792105936864
10168,4.982031790107936
10169,9.041203010010125
10170,6.304681868141834
10171,6.075374249199907
10172,6.917122428819614
10173,2.142437784834115
10174,6.548153212366104
10175,7.645979731160852
10176,5.335761962443623
10177,4.701952995940671
10178,2.980250352846484
10179,7.222583331224781
10180,6.941413583010444
10181,3.780680622744386
10182,6.324962424601089
10183,2.833887967094866
10184,6.276322781079788
10185,6.502530393668911
10186,5.040180520304409
10187,4.399207890007393
10188,2.1070071220640254
10189,8.661865086908719
10190,5.360301167355083
10191,9.554285551480522
10192,5.453612615068364
10193,7.18856157816902
10194,6.611579133400296
10195,5.628661824747619
10196,7.368973623025459
10197,5.010937799085722
10198,5.952139738119206
10199,5.062338346903799
10200,7.520035329665998
10201,3.8343597150158084
10202,1.5851323737284437
10203,8.252040629062892
10204,7.828350864876361
10205,7.466708169135123
10206,5.729842401100196
10207,8.338992818897594
10208,5.199788178239513
10209,3.5387364537884554
10210,7.433299383346894
10211,6.666716023001138
10212,5.356203678122581
10213,5.849571765106667
10214,4.72947944040846
10215,5.2724068972031635
10216,7.198065110714328
10217,8.504972591906933
10218,6.377367298444512
10219,6.461709908692361
10220,7.089750223011227
10221,4.756412854491739
10222,7.720048059198994
10223,2.7755498969796784
10224,4.606316071187625
10225,7.809549958766627
10226,5.678353686868409
10227,2.164696568237172
10228,2.867895241962676
10229,3.962483069329794
10230,6.993213417668334
10231,5.966137090269191
10232,5.088441432584027
10233,3.9954634587081714
10234,8.061499670741343
10235,6.1640512147455855
10236,5.633726071411608
10237,6.157025676971639
10238,4.386241272230371
10239,3.7745939843057514
10240,6.230954394183884
10241,5.6126129655902375
10242,3.329878324382453
10243,5.527794797543538
10244,3.4268658967285233
10245,4.508205850061378
10246,3.1900798353144793
10247,7.692510915828917
10248,4.023328025776564
10249,7.713200224158591
10250,7.965975450361142
10251,8.676985976511695
10252,5.8996655484047675
10253,3.932032456084951
10254,5.004976411026235
10255,4.340056570336646
10256,6.841969975857164
10257,4.731011988045183
10258,4.021196854399415
10259,6.169357082993153
10260,6.015959505125867
10261,6.402590439748978
10262,5.12094372031555
10263,7.727054088536245
10264,6.039996320275551
10265,3.075573776060383
10266,6.3749501858762025
10267,4.562369122260532
10268,7.217764492922644
10269,7.840659409019449
10270,7.195394178756217
10271,4.3834407845089665
10272,5.08614345904924
10273,8.570942388017542
10274,5.743530174462358
10275,6.007901215328659
10276,5.16956088707278
10277,5.672550801647272
10278,7.482845703576574
10279,5.27262638352147
10280,8.703720283668833
10281,6.728490411599581
10282,5.905617376256101
10283,4.383471411733641
10284,8.730836799694586
10285,5.4766359004432195
10286,9.061361889466108
10287,6.484185573687235
10288,7.154131538867704
10289,5.613111283668677
10290,4.735502470650251
10291,7.684425513523296
10292,8.149759518421758
10293,3.701967480289504
10294,5.935307565522978
10295,5.613059011670808
10296,9.077667162875105
10297,3.295595926737038
10298,8.857657398093608
10299,6.508000208865429
10300,7.224988003230715
10301,9.479076922925941
10302,6.974471304258618
10303,7.186231063811916
10304,7.871462057632809
10305,4.250783796863993
10306,4.164890716747992
10307,7.095101035088008
10308,5.277705792226035
10309,5.87019362507727
10310,6.744743465315176
10311,2.987444888008927
10312,4.596500578852353
10313,5.110935657488644
10314,5.653629423158877
10315,5.304219750741402
10316,9.470843264402404
10317,3.3006164983698367
10318,3.191757201191953
10319,3.618000099154128
10320,5.791518788804131
10321,4.294121512022773
10322,6.873123955053641
10323,7.979659856495106
10324,2.310834655686611
10325,6.143679238363328
10326,4.16825434764169
10327,7.412870897187646
10328,4.392376252120251
10329,0.7923079348013375
10330,8.743494561578423
10331,2.6259664197051196
10332,8.82852850629089
10333,4.212537658035151
10334,5.578171253417752
10335,8.367608302142568
10336,7.542603679318136
10337,9.321872812922727
10338,3.864443389235129
10339,4.097756270821566
10340,7.98292640340795
10341,9.635997717397393
10342,5.89182259160528
10343,5.252043855742575
10344,8.574787868232676
10345,5.716140070547789
10346,6.443498972238512
10347,2.03400682424831
10348,7.0416793302406795
10349,6.269424607604173
10350,4.022302693680111
10351,3.226797433966484
10352,8.373451282429599
10353,3.909958411377942
10354,5.778815750057145
10355,6.262897209361453
10356,4.789289594544659
10357,7.351755311804066
10358,4.1545914224081875
10359,4.584681539389155
10360,6.244021860481867
10361,8.558320105302926
10362,3.552351118700385
10363,6.325533037500966
10364,3.7548879192457343
10365,4.589690910499645
10366,3.3145652580224394
10367,2.809839042724906
10368,6.895701144795549
10369,5.433160578611224
10370,8.988286046970277
10371,6.895306401145943
10372,7.478143333488663
10373,3.4955622804177393
10374,4.475678284609451
10375,3.5177043575950453
10376,4.026721769803501
10377,5.100978371225858
10378,3.7241587199192914
10379,5.444844823095801
10380,7.755659113547589
10381,4.264681272290572
10382,7.714710612010215
10383,8.397381450181996
10384,4.0711377343392945
10385,2.187786321847898
10386,5.489941024678927
10387,4.149919671159966
10388,6.460294487092315
10389,8.205244210022755
10390,8.336920222810196
10391,9.369752725705386
10392,6.166494347797451
10393,5.1251231280091485
10394,5.063621103406856
10395,3.8108088863815315
10396,2.238161435063689
10397,4.081228267323291
10398,6.65804296743365
10399,2.480669060683044
10400,2.0739491272331114
10401,5.463764897800658
10402,8.160898404821308
10403,3.104114336736398
10404,5.904879067767154
10405,7.395623515181658
10406,2.284507364404356
10407,8.729036902227806
10408,3.445216239049966
10409,2.2775881069202235
10410,3.382433094455876
10411,9.611593913596366
10412,4.30379931896579
10413,7.797722165125479
10414,9.184171324623485
10415,6.198777178631981
10416,3.226743323164974
10417,4.167132911648506
10418,8.429536067150035
10419,2.4751318953694392
10420,6.404249935999946
10421,7.101820688661973
10422,9.002601970151826
10423,6.461010936670574
10424,6.294772251572319
10425,7.091112767701865
10426,6.362839445083191
10427,8.70760892557053
10428,6.299248764664527
10429,8.146328199024406
10430,6.8935696396770405
10431,8.433781324158414
10432,7.779190674051087
10433,6.551256199429888
10434,6.335269974142369
10435,6.743596691010656
10436,4.6827014292782785
10437,7.621931448337495
10438,5.375257007943005
10439,6.861178983696967
10440,4.351309176954235
10441,7.874285891757822
10442,7.07435403739105
10443,5.452200033007406
10444,6.322275057776816
10445,3.3995829311637857
10446,6.165476796109921
10447,4.625543692925964
10448,4.661143813084628
10449,3.2285623028820307
10450,7.089087361846035
10451,4.032979527142716
10452,8.31112199305361
10453,7.500386289145169
10454,7.803721102982671
10455,5.19320111332427
10456,6.05758308001902
10457,6.340782758708964
10458,7.289843494528107
10459,6.842422124840448
10460,6.2337727742954945
10461,5.9748498736589175
10462,4.145642198755818
10463,1.4133309092852215
10464,5.6684189857771035
10465,2.081273562080737
10466,9.276212467604413
10467,5.206500990222593
10468,8.793659603211868
10469,7.3077945951673415
10470,4.133195472780197
10471,5.230620749594369
10472,7.2815702201310595
10473,4.185522718577875
10474,8.247920172592998
10475,7.961303622042893
10476,8.249127237009173
10477,4.928730353309648
10478,9.478131105033716
10479,5.319005035371612
10480,6.777186756008067
10481,6.062222996301955
10482,3.968618339755675
10483,4.810069649833833
10484,4.873597043590534
10485,3.7189130730428275
10486,7.17812652399998
10487,2.443400037028756
10488,6.092192343374641
10489,2.6914355852522323
10490,3.998025764233973
10491,7.711506198692845
10492,5.983415619647005
10493,8.206472601685824
10494,2.969645641761309
10495,9.528932012547106
10496,8.841462653656789
10497,7.163706759716191
10498,4.380122149973342
10499,5.75184156631888
10500,6.0857973352222805
10501,7.828731961765053
10502,4.0258255454574865
10503,3.1269595775811965
10504,8.182195686121219
10505,7.387921216540383
10506,5.683127645392941
10507,9.204886329171378
10508,3.7888536271452833
10509,3.0794402988159404
10510,1.9770449180350673
10511,5.116383752790361
10512,4.484185711972557
10513,1.7420223341962495
10514,5.946827686224766
10515,7.22013193203975
10516,6.551019045225463
10517,6.474348420999217
10518,5.026179451509105
10519,3.8598513163269725
10520,2.1855836087955316
10521,8.092042372107501
10522,9.91331629726895
10523,8.149665123696671
10524,8.532710457850344
10525,4.566367684830286
10526,6.910294017625694
10527,6.617071576555428
10528,9.829179859006413
10529,8.518559224192963
10530,3.4880139721232157
10531,4.647484191859394
10532,7.0865588144526335
10533,7.255819972340776
10534,8.807340878910173
10535,4.690916393754321
10536,6.88372483161586
10537,5.880931734911742
10538,7.137826455827479
10539,8.036872192257196
10540,8.09505825694092
10541,5.612621778562705
10542,3.3552737084162
10543,3.5130456336142077
10544,4.4774892621830436
10545,6.82726662916692
10546,6.332059406645478
10547,8.201134855247613
10548,7.756587634625043
10549,6.841426583713613
10550,4.076023259563871
10551,4.65113955091187
10552,7.233705687603079
10553,4.318421432554777
10554,6.2584573909655745
10555,2.450043968767475
10556,7.858141993551703
10557,5.4740238588135695
10558,5.733966808110781
10559,6.055824705181733
10560,7.435333627859158
10561,1.6043085071928334
10562,7.6733031703345524
10563,4.71696679186764
10564,3.7697980816445096
10565,5.940943689927057
10566,9.636856706359449
10567,5.540544327110913
10568,9.750425338616484
10569,1.6203686060232865
10570,5.70469742198882
10571,8.459417480689506
10572,5.442081322985732
10573,4.077756449347624
10574,5.114008565150176
10575,6.070960529284923
10576,3.4378743923513544
10577,6.919859444735779
10578,5.6636477494644595
10579,4.481586710124242
10580,7.446642865212328
10581,6.239456948660845
10582,9.170279116150489
10583,7.516774765155296
10584,3.786813187390524
10585,2.557986852020495
10586,4.761907958714174
10587,5.856437635200484
10588,5.528594111792218
10589,3.8004387288371975
10590,7.082209714589723
10591,6.587308205545325
10592,3.2371121431141563
10593,8.888654613963766
10594,6.851736962040967
10595,2.6735952062239448
10596,6.032956895821341
10597,7.642225845786323
10598,5.39921916921149
10599,5.96069243103152
10600,3.065890955116848
10601,4.437343732188466
10602,7.848430361208128
10603,7.5615915671645855
10604,4.457565218101996
10605,8.520370054762417
10606,3.711196699200847
10607,7.95434939857534
10608,4.504243182750536
10609,5.142763705234178
10610,5.767892680788493
10611,7.481526984907653
10612,3.542091944360696
10613,6.718419451365958
10614,5.694780185771575
10615,6.870298933013583
10616,3.3456283787466643
10617,5.667436160982263
10618,5.446725764823366
10619,7.317216522553371
10620,4.209470766057969
10621,7.62343582528096
10622,4.075617177502124
10623,6.739753657780156
10624,7.02192018331
10625,5.906428538561739
10626,7.82139310982651
10627,7.687981076386642
10628,5.234633850606068
10629,6.511860923985267
10630,6.087972566449698
10631,5.743374019176832
10632,8.731706066542714
10633,5.977062764840725
10634,5.648106408996268
10635,6.788445557176577
10636,7.762110702362924
10637,5.66016987120048
10638,4.910056689277234
10639,3.750037212169279
10640,6.126350775581965
10641,1.8669537820541697
10642,8.715557304956878
10643,7.788365525190236
10644,8.960785636155668
10645,5.688951488508585
10646,3.5226154330625796
10647,3.7455926917788647
10648,4.418828362968972
10649,3.022675548702093
10650,7.567155825965315
10651,7.589351638301389
10652,0.9628104818204405
10653,6.423057377072294
10654,8.641150097546817
10655,1.5256177180915291
10656,7.7021472750771185
10657,4.564053877193101
10658,7.082560712646482
10659,9.760133960456908
10660,5.171476146001121
10661,4.567979941757768
10662,3.9322525583930443
10663,1.9999626931353844
10664,5.881610218028321
10665,8.46881375008288
10666,9.224585467357695
10667,6.5320357718936535
10668,5.54214934871302
10669,5.496055738471
10670,6.5251156903275795
10671,8.547322823726224
10672,3.776847956152653
10673,6.457027631362997
10674,4.738664577505728
10675,9.204221759229174
10676,5.43040155141792
10677,5.975151016681046
10678,6.715443031063526
10679,2.449978027500367
10680,6.799001513634433
10681,4.872767539969945
10682,7.317963984761828
10683,9.106681816821094
10684,7.916677248377588
10685,5.778887131835559
10686,4.870457841788542
10687,4.47930971161553
10688,5.915657394314587
10689,4.019769624578395
10690,5.970624288832849
10691,4.666300464321914
10692,8.610898784424839
10693,5.867131791927584
10694,2.2268614730146523
10695,8.445144013405999
10696,4.4995723325078325
10697,6.499070557860816
10698,9.112885131009385
10699,6.8358800539585065
10700,7.732564286038106
10701,8.912893358766471
10702,5.759280401930071
10703,8.163015480706788
10704,5.201277167262965
10705,6.5741868431411365
10706,9.149737445727773
10707,6.589384948371563
10708,6.472531903804434
10709,3.790533569102525
10710,4.548491392039049
10711,8.35531239345737
10712,4.394002529551858
10713,4.194808506103443
10714,6.249185138189843
10715,3.245181185721239
10716,5.049649582049016
10717,7.588062467190614
10718,4.146093399197969
10719,5.724951199155643
10720,6.502814726572041
10721,6.618733825169507
10722,6.205561326697884
10723,4.58347733883303
10724,3.876767867718275
10725,4.834759130376332
10726,5.063518549516554
10727,6.925715969596657
10728,5.649655953687439
10729,8.39378002895213
10730,6.736628075444991
10731,6.240168829688724
10732,5.337594158258483
10733,8.114669129302884
10734,8.048229019090591
10735,4.096136799885329
10736,6.745487636864816
10737,2.9914769404199317
10738,4.964609449047968
10739,3.805688194321894
10740,7.312922190511903
10741,6.788969701557325
10742,5.8893450514954475
10743,3.758414018884993
10744,7.695337831795769
10745,7.789591185041681
10746,7.50832078217992
10747,7.280064799661891
10748,8.272746464470345
10749,2.7662943845896857
10750,4.685312603822446
10751,1.12875361049436
10752,9.251260397425181
10753,6.549885446778303
10754,4.306446287152809
10755,4.259599902922776
10756,5.695160197615682
10757,8.579619355384779
10758,4.640674547166123
10759,4.699367738045079
10760,3.491986433063874
10761,7.213702309545235
10762,4.816759298567129
10763,2.909901885048267
10764,0.7545858861157948
10765,3.592638306628874
10766,6.528021041973899
10767,7.746221061835881
10768,7.376350523858388
10769,1.6556953649194894
10770,5.029671050541728
10771,7.563384727037951
10772,3.7765610529710223
10773,6.70139084845212
10774,2.1891582175389117
10775,4.0499521608334925
10776,6.419916340455551
10777,4.918524780563327
10778,4.824094692291004
10779,4.9697053007442085
10780,3.1144769954017084
10781,3.822246920135312
10782,7.637325153825041
10783,4.29332327559557
10784,7.671924343993575
10785,3.3344558037646768
10786,5.802512449303405
10787,5.242126108578024
10788,6.606504124876714
10789,8.10485051051062
10790,3.4062976880422147
10791,4.380015418705051
10792,8.365512325028526
10793,7.856588673525232
10794,6.371475821511881
10795,7.154311632484629
10796,4.978025665756918
10797,6.113853724319479
10798,3.0280907162135318
10799,8.107093205971157
10800,4.358308175332585
10801,7.898670227633811
10802,5.031025716465354
10803,8.56659427310712
10804,7.037928589555827
10805,4.113431240531041
10806,5.062466383789867
10807,7.666802466569404
10808,8.65235817548222
10809,7.782498641327401
10810,6.104431819406625
10811,7.313999489529308
10812,5.797448361834795
10813,6.342987298741845
10814,6.712377462351035
10815,7.524606506350929
10816,8.348041000410664
10817,7.620143317214612
10818,8.31900408092462
10819,3.0548704692431947
10820,8.040184594341358
10821,6.1141637783777165
10822,6.65525186469625
10823,1.3922022839672885
10824,3.9202841189136524
10825,5.99991348054326
10826,9.323102498204701
10827,4.687473152412603
10828,4.70873037142273
10829,6.751438557299125
10830,4.738065756910955
10831,7.955711734139804
10832,5.670298078733056
10833,7.8340068630571675
10834,5.162175594378866
10835,6.542928099375545
10836,7.4930795780870945
10837,4.242536391193622
10838,6.578110819061609
10839,5.053384954271727
10840,3.356872685077944
10841,8.11440577065729
10842,2.2468451245937855
10843,7.493727580462089
10844,7.805996361999462
10845,5.5901151062545775
10846,7.043930689725796
10847,5.810529890435308
10848,7.297791782367259
10849,5.746658607626204
10850,4.868026297986656
10851,4.543099775025194
10852,5.669756982402335
10853,3.854260124988179
10854,4.515786930140662
10855,6.202914892950849
10856,5.444476310997088
10857,4.708544959451131
10858,1.0148015214189854
10859,7.812506914462288
10860,7.369126213533967
10861,6.138750843548657
10862,5.866532388111647
10863,6.430604473569324
10864,5.017312580959965
10865,3.9270335210883864
10866,5.990615681916026
10867,5.69366344611446
10868,5.606932192611332
10869,7.061814888869397
10870,4.573578009490559
10871,6.814673882436608
10872,2.4925414821465033
10873,5.328525071964963
10874,7.240906674321119
10875,9.002684046567472
10876,7.151854969998025
10877,4.361401104135963
10878,5.665765174351498
10879,6.79397608790136
10880,3.1945356163606267
10881,6.988505982433509
10882,6.101364580775062
10883,5.176327891823209
10884,4.188640102825131
10885,6.351766057840757
10886,4.48131634165517
10887,7.020998250202576
10888,6.199651518901038
10889,5.366411286681675
10890,5.875628373161881
10891,3.8743852522072264
10892,7.238785435109313
10893,6.83260895964601
10894,5.067822237387708
10895,7.138832656121255
10896,4.271734272430861
10897,7.065531219404334
10898,5.3859427327717535
10899,1.8846903865495677
10900,7.934126891288708
10901,6.342328249279482
10902,6.844188369888553
10903,4.163075301585717
10904,4.357148323203512
10905,1.587918765840287
10906,4.487134645845828
10907,3.0913985876199988
10908,5.980600409408395
10909,7.3062273931407695
10910,4.911692190968366
10911,8.18428432316695
10912,8.124604116018993
10913,5.818755685399069
10914,5.880946455906697
10915,7.232307875968023
10916,1.618886914858099
10917,4.192122543779783
10918,4.0454914978169425
10919,5.7948299867485105
10920,6.2199391645879665
10921,7.31490725016958
10922,5.0734773517943985
10923,4.888932426598414
10924,7.619439023281325
10925,8.954283411788083
10926,7.1953200390277345
10927,5.958922996299767
10928,2.3305500140144115
10929,8.139932202919626
10930,2.620678086489124
10931,7.713169073805642
10932,3.126980804882984
10933,6.859026187245597
10934,8.04478525327821
10935,5.712761606037683
10936,2.2933286028791433
10937,5.7968787679184715
10938,5.988765133140605
10939,2.34472538238661
10940,2.9189243145884314
10941,2.9102794747025826
10942,6.453327227629398
10943,5.562425454038538
10944,4.4270033739101216
10945,8.7474388323151
10946,5.425074224690042
10947,5.221229891366786
10948,7.363007961752261
10949,6.845489893042625
10950,6.571320829611177
10951,9.038895790200707
10952,6.753348187758192
10953,6.331867011912857
10954,5.805230514271853
10955,7.18836418224949
10956,6.753054585117143
10957,6.519394949839491
10958,9.878106266635527
10959,6.421409675904046
10960,4.042203855191825
10961,6.506381400317739
10962,2.5524510423030007
10963,4.880448626637268
10964,8.998116064904917
10965,6.5308392817798975
10966,4.425020026352273
10967,5.372579470506536
10968,7.842116091060685
10969,4.590174700038951
10970,5.081504067271855
10971,7.4882282958007815
10972,9.22796679446616
10973,5.617180923261656
10974,3.5370650069961838
10975,2.8427653783624747
10976,4.7851515217560765
10977,7.89743813961339
10978,4.986462118080918
10979,2.987365041422546
10980,8.739491202133781
10981,6.53103784776795
10982,7.536617213416645
10983,8.777413520230848
10984,6.631793814349809
10985,8.755388751959845
10986,8.709644149158095
10987,4.096445977322803
10988,6.56688191550752
10989,5.318164241069312
10990,2.7024768835718103
10991,4.590491926425301
10992,5.893002205632672
10993,6.31783880876168
10994,6.566266729988223
10995,6.80351101402703
10996,4.776736917439528
10997,5.642856217127351
10998,5.436333722364772
10999,3.189912188478137
11000,5.627786972903021
11001,9.07393009864267
11002,6.6987978268682316
11003,7.495207150027185
11004,8.285798660589851
11005,8.08925441198066
11006,5.7201577692128645
11007,7.225311839757233
11008,1.9731458175103627
11009,6.352172126320267
11010,5.681219717230236
11011,8.522178796538828
11012,5.883918989191536
11013,3.5238972509611317
11014,8.178913712314955
11015,6.8007377034316026
11016,6.492479189017118
11017,7.309334450371942
11018,4.223918020757444
11019,7.093622834391173
11020,6.370147802690324
11021,7.75062552117365
11022,4.470516273060076
11023,2.2546612085957807
11024,8.247049423520362
11025,1.3763465646703712
11026,2.9920914054811005
11027,8.262658631872778
11028,4.110392949672672
11029,8.376788299510743
11030,4.469458723056616
11031,9.342921438672832
11032,4.118503545447763
11033,5.384051390856543
11034,6.284060940406887
11035,4.880638443212746
11036,6.405708299934479
11037,7.220138969332723
11038,1.4018850659780941
11039,6.723369495566785
11040,4.584241744817172
11041,9.867183496076052
11042,1.995605072345196
11043,6.575989147304577
11044,7.445599736273065
11045,7.095039514429546
11046,6.287738221521472
11047,6.6886834073927846
11048,5.651262160985746
11049,2.9701098796283443
11050,2.6425637424416593
11051,7.926430119473594
11052,7.973191847207284
11053,9.726924289281303
11054,7.940177812141485
11055,1.3620971483162152
11056,5.20783446485445
11057,5.831541290246283
11058,6.08142720995197
11059,6.072564741134666
11060,5.800446160174913
11061,6.470291058890792
11062,6.093624106621272
11063,8.837803924847158
11064,7.16729215013802
11065,6.7255989381738
11066,6.270426297918556
11067,6.881953956329118
11068,4.586709406329499
11069,7.672045394505137
11070,3.7620396552953155
11071,7.659608062881375
11072,5.039554422129949
11073,4.695625185810361
11074,9.948167149710454
11075,6.443087103629162
11076,5.931805357405111
11077,4.910039075440556
11078,7.193143914488144
11079,3.143568881159851
11080,7.069322700861027
11081,7.141231094778256
11082,5.426702448025678
11083,3.940346205128938
11084,3.608633739958796
11085,5.590531071443671
11086,3.8408712496855584
11087,3.7860346048661775
11088,7.214114482946296
11089,6.485873839681621
11090,7.110837741889199
11091,2.961721704223196
11092,4.318490447132046
11093,6.763122360433848
11094,5.014564146210708
11095,4.3727185722352315
11096,6.6924019911955845
11097,4.164259964459077
11098,5.371165212813832
11099,6.183105567240926
11100,4.523076374516286
11101,1.6907475428325947
11102,6.098977685616814
11103,7.856414339461697
11104,7.7103492914025455
11105,3.087649654754579
11106,7.194029928584078
11107,6.2919964896869685
11108,5.338572700455726
11109,7.461044513272457
11110,4.268786887404722
11111,4.346636711997817
11112,7.729697034578805
11113,3.0113556670354806
11114,5.945313870571685
11115,9.845513799053775
11116,7.522364795023905
11117,6.535358688388807
11118,4.743391220139361
11119,6.696566441640082
11120,6.5930522849983175
11121,6.536928526727915
11122,6.655902365223418
11123,7.414535830460559
11124,6.175482390113116
11125,5.527987947999549
11126,6.688808471434944
11127,6.101389506445017
11128,8.56160539387684
11129,3.251674971654633
11130,9.94916578321612
11131,7.555776214750553
11132,4.273624025139982
11133,2.879340395125311
11134,6.47152645834837
11135,6.12658545299501
11136,5.659890056467738
11137,7.383179630150019
11138,6.712121805137312
11139,6.3929566813970995
11140,4.952587708610399
11141,5.362540255298144
11142,4.875352933626003
11143,7.8667122218366945
11144,4.716720242572388
11145,5.127501347574343
11146,7.150830300432649
11147,6.977983023587752
11148,7.492083848286565
11149,7.4933709780909705
11150,6.0358514312643985
11151,9.265004430901364
11152,7.2441209593923865
11153,6.945492960341355
11154,5.799373660253064
11155,5.22734081178732
11156,6.841641552651124
11157,5.5417098063128805
11158,6.5808700084184455
11159,6.561389886410599
11160,2.7067195564366133
11161,6.346507474237294
11162,6.857562385750235
11163,6.071145344580852
11164,7.76834046112949
11165,7.467880534487679
11166,7.369873257115141
11167,1.3594215842605828
11168,7.993814143382495
11169,5.563920784525253
11170,7.319530778519403
11171,7.981731853829914
11172,4.022775043525795
11173,8.259203776505352
11174,3.531449801665254
11175,2.9577731999834636
11176,4.720305725240323
11177,9.244267619046465
11178,5.6501660066419905
11179,3.248295708430273
11180,7.097534989318739
11181,8.467223956242607
11182,5.861697629494974
11183,4.220060548574594
11184,8.874689334764433
11185,8.64477844219947
11186,4.4976163106118765
11187,5.984490541867609
11188,4.264831305583617
11189,3.2827379115966333
11190,2.3920688015122273
11191,4.836729331370339
11192,4.041113729171479
11193,7.2196983997241855
11194,6.017644629742687
11195,3.7236414459328477
11196,6.447428023426437
11197,2.4315536222957865
11198,7.843117606232579
11199,5.963257012637591
11200,7.72740607327295
11201,7.651452158604476
11202,5.34026550949793
11203,4.722162808616563
11204,6.081373989959863
11205,8.877608920257057
11206,7.149318033168772
11207,4.725021605283574
11208,5.951405873331983
11209,2.508701005023159
11210,8.727752083583145
11211,6.90478380595609
11212,3.89782410385696
11213,4.446173222050845
11214,6.223699556405487
11215,5.472101379190687
11216,6.867463833900143
11217,8.579061907548013
11218,7.751680615263053
11219,6.738196702132109
11220,5.512407681012991
11221,5.5765972687903425
11222,1.0013160713357112
11223,5.56461328735766
11224,8.704738648677573
11225,6.767562369742173
11226,4.093218905714119
11227,4.519594178288445
11228,7.228369866351508
11229,4.911037817644656
11230,3.7363619694742374
11231,3.440620555117637
11232,5.6056792650214
11233,6.416055243520142
11234,2.2822446764183
11235,5.289913387008963
11236,6.088984874721
11237,7.762548176148128
11238,8.999203171431532
11239,8.845397891354931
11240,3.1833352610127945
11241,7.6185005297909605
11242,7.9900776723379385
11243,3.8571766568514576
11244,3.689544724264385
11245,7.0825433192871134
11246,6.809754837837842
11247,4.414460622309691
11248,4.968136696757165
11249,7.4239892212495855
11250,8.0285745884068
11251,5.961282214398336
11252,6.094824134341486
11253,1.9602916786458877
11254,7.552915545675179
11255,4.9294317730043815
11256,4.845760018135853
11257,7.077744275638549
11258,7.394408621266701
11259,8.073804322128655
11260,6.38422757653637
11261,4.301944457620283
11262,8.43499877680566
11263,1.5879514154946848
11264,7.084867020417867
11265,4.675990753006601
11266,6.940745687201135
11267,7.379814747477756
11268,6.761076881929015
11269,7.664149425667492
11270,5.542287257900558
11271,7.639860700408947
11272,5.336954015968221
11273,5.13575732357353
11274,6.399402422808791
11275,6.702399474914918
11276,6.362034161050082
11277,5.122504549031367
11278,6.978737548537749
11279,4.834956784201326
11280,5.82676515188644
11281,9.5682210156392
11282,3.5140152744741298
11283,7.3116523947464085
11284,6.551984783157403
11285,4.942992689767876
11286,7.156352810529582
11287,7.2033603408509705
11288,6.855412895733016
11289,4.129174357154167
11290,7.620075503716533
11291,6.820636154233578
11292,6.024177117157418
11293,3.4148406366567126
11294,1.6093275258331552
11295,6.747733438047198
11296,3.8896780119620513
11297,7.50857384438706
11298,8.165099296870805
11299,5.028488029802919
11300,8.802826026516474
11301,8.472323673508482
11302,7.62646939397064
11303,6.87041164777766
11304,5.269115808850062
11305,6.945543008813481
11306,8.012084758274792
11307,5.821896976829223
11308,5.556117313474003
11309,7.116433312099296
11310,5.27338799787304
11311,3.0178181594629336
11312,6.708571032834268
11313,6.772005825527714
11314,8.84496057522902
11315,4.695326948592602
11316,4.252806745424363
11317,8.29180263638669
11318,6.159351759722476
11319,8.756706725453627
11320,5.428768265662597
11321,4.840393546045598
11322,2.1443801317577904
11323,5.034136996207848
11324,6.393057255041626
11325,4.403617015123682
11326,7.188636161314747
11327,7.505575242308118
11328,4.279632913716334
11329,7.075765853659855
11330,3.4505391504493144
11331,6.311411261400163
11332,9.023710333705147
11333,2.3643723815446283
11334,4.18746070513218
11335,6.573185000189651
11336,7.349752771366461
11337,8.031383034132961
11338,6.554320803674313
11339,6.4672078629402705
11340,4.775265166604999
11341,3.2636547332029906
11342,7.028755097828945
11343,5.510607511246511
11344,5.159672942885084
11345,7.25460346063716
11346,6.593964745330837
11347,5.058344450438819
11348,3.2743100500945412
11349,6.21601518275713
11350,3.7209889560682097
11351,5.5934762284478765
11352,9.165880336725468
11353,9.190011862294508
11354,9.19250401156777
11355,5.791784962595754
11356,7.771568328464662
11357,8.49284730118115
11358,4.536778659776777
11359,3.9971684530390323
11360,6.310025140880584
11361,9.079067984333008
11362,5.933862719546859
11363,3.1228309887498176
11364,8.926772455699506
11365,9.021895548620648
11366,3.4380584777704053
11367,5.85855882511575
11368,6.448687862622302
11369,5.105123886483804
11370,7.2511561445145105
11371,4.937769191506948
11372,9.065343195685806
11373,8.239710393157965
11374,9.132441759699793
11375,7.102864834518385
11376,5.9921921155763
11377,6.001775652218139
11378,7.13902300072059
11379,8.338174976755873
11380,4.111136937839907
11381,4.1833795888099665
11382,2.9531680181120303
11383,6.899699720124955
11384,7.295221232454436
11385,8.191676173341914
11386,1.5829763614360817
11387,5.27366563360682
11388,5.462009121906673
11389,5.799349343605538
11390,7.495472428647542
11391,7.119549883062325
11392,4.379938802148048
11393,4.981694971779974
11394,5.961045504218477
11395,3.7190157800164627
11396,5.6597394873064495
11397,6.560423551916715
11398,7.671327899811244
11399,1.5213981156188128
11400,4.961309379872233
11401,6.9274256625707755
11402,7.727915656095613
11403,5.021973619744992
11404,5.3265082322207675
11405,7.277907874476635
11406,7.192435665661691
11407,4.183910995569105
11408,4.4359827909050225
11409,3.9521100032888645
11410,7.778334614908668
11411,8.862666280674834
11412,3.4272902186198095
11413,5.605569683983787
11414,5.8702769416168445
11415,5.314481659347479
11416,6.573646665142052
11417,6.309546059432474
11418,8.199509377584203
11419,7.1211993932164415
11420,5.425325138837579
11421,4.029500674649032
11422,5.99525463343267
11423,3.346255385727003
11424,7.78609554649817
11425,1.024350806975264
11426,2.357134683061547
11427,7.713796947489364
11428,8.744185397087245
11429,7.920295908762549
11430,3.6314157092267547
11431,2.804572216996496
11432,4.370880961074807
11433,6.203413484246539
11434,6.0354203473400485
11435,3.561714930497172
11436,7.094702783485355
11437,6.0982815534289285
11438,7.373726465387538
11439,7.732108098838926
11440,3.6495017305157167
11441,4.843981785672412
11442,4.068478197364494
11443,4.938166941000653
11444,4.539125377020072
11445,8.90433212145653
11446,7.997272259389349
11447,2.250753687012449
11448,6.174282595213489
11449,6.763800064375455
11450,6.352466169384355
11451,6.66437979525697
11452,3.2234021056032347
11453,7.847178420755654
11454,4.553464302961754
11455,5.593173384625503
11456,6.547434642064024
11457,6.700057543639325
11458,7.812561250920113
11459,8.959005778988008
11460,6.404372761621506
11461,5.821724092115334
11462,5.147410946482759
11463,4.821367947160441
11464,5.92399959773544
11465,6.623693614337678
11466,7.790896087865195
11467,7.14597877340203
11468,4.986606269091081
11469,5.929426943246421
11470,5.1298243681477755
11471,7.989973483236175
11472,6.569368752662514
11473,4.1554341523579295
11474,5.055441183964566
11475,6.906193150687975
11476,5.016692699431036
11477,4.127097932658181
11478,6.186429203718059
11479,6.2917031087957955
11480,7.583888500117886
11481,5.889847628314186
11482,6.929188300312495
11483,8.403180775306973
11484,7.387127175641539
11485,7.6069273786175655
11486,6.779891446148272
11487,2.39498337388601
11488,6.004690541633327
11489,7.633838987255373
11490,6.333626066227628
11491,2.862600814387603
11492,7.375036537384854
11493,4.558249298472246
11494,4.698868799516713
11495,5.0942098263287985
11496,6.149139790543524
11497,5.9752194723815
11498,5.154704530577324
11499,6.261401325110329
11500,2.0174696759095796
11501,4.690615112496434
11502,5.540757332861452
11503,3.3568223221669315
11504,4.846717606854536
11505,2.9478948545540566
11506,8.725585261127742
11507,0.9930998885853827
11508,6.094726721358953
11509,7.0617948122577445
11510,7.911584004072547
11511,6.321413637567238
11512,7.8382612227151025
11513,9.935398946676955
11514,4.767593818451266
11515,6.327412209056576
11516,3.9277173482769068
11517,2.3912145769128
11518,6.317175865821837
11519,6.304023176377052
11520,8.509053599440895
11521,8.659071248043679
11522,4.713083889411228
11523,4.252581697528492
11524,6.945889100527161
11525,5.3512178662083985
11526,6.281256068060282
11527,4.530700293372351
11528,6.441721147551488
11529,2.3065233084953687
11530,6.972983832306046
11531,5.730097073514704
11532,7.170685425863485
11533,2.623725955702984
11534,3.2967118487750513
11535,5.708160609350038
11536,4.66113000434303
11537,5.962316347009155
11538,7.564725531565762
11539,7.18356502962926
11540,6.54297712844903
11541,5.154224895480484
11542,8.04143904604998
11543,5.80000665657653
11544,5.022902557222119
11545,1.8990114318735825
11546,6.4933526759351565
11547,6.01911456173615
11548,7.6069155552709224
11549,5.23998128664482
11550,5.428366681489618
11551,6.436428752778397
11552,8.07103779311998
11553,6.545509711404177
11554,4.269169791345645
11555,4.166826772483445
11556,5.093803504628992
11557,6.056535428959505
11558,6.108910906558969
11559,6.584437530846973
11560,6.676462809609435
11561,2.5121335831273526
11562,2.830924936981127
11563,2.1924261883998724
11564,5.487591261137099
11565,5.505067606592293
11566,8.770896540012519
11567,5.624302107829952
11568,7.507275777496847
11569,3.9791086058448037
11570,7.266976095908586
11571,8.115563182178011
11572,6.3029010375562855
11573,6.574314304340882
11574,5.289007145327631
11575,8.010336105221485
11576,7.570906297549568
11577,6.061968245858719
11578,7.118333104991205
11579,6.266690749093256
11580,3.312696448985004
11581,6.030437750066689
11582,6.264182890831234
11583,6.783383758387105
11584,6.498284004848576
11585,2.6550501358222203
11586,4.980747260190748
11587,4.3400183704182105
11588,7.910325508174337
11589,8.828688677619319
11590,5.356571864499299
11591,6.835268456668804
11592,2.4361544991452386
11593,1.8532149100763986
11594,6.219193153583106
11595,7.640543157334516
11596,3.6807279528498444
11597,5.058428397482477
11598,7.148028421576358
11599,5.031499298890708
11600,2.774386057017617
11601,5.34226380514855
11602,4.074522751863658
11603,6.475318874270033
11604,6.8108270175128
11605,7.572664136694231
11606,8.95710310612908
11607,4.446142205688735
11608,3.9584424911213576
11609,6.62687880928435
11610,6.46858248071004
11611,4.2551345125374
11612,7.418400350302402
11613,8.736426345374433
11614,5.350444959340832
11615,7.822385500992779
11616,8.183188714106173
11617,5.632439691726428
11618,6.7513558864025445
11619,4.37275932922586
11620,5.162990475146723
11621,7.85539178251341
11622,6.7079607017913565
11623,5.179238084402444
11624,7.5340577988569954
11625,6.524790246977658
11626,7.089433775116301
11627,1.1771129401432598
11628,6.142122664787447
11629,7.634065554187737
11630,7.189202751320122
11631,6.695194673089604
11632,1.7466672707696076
11633,3.282592253017338
11634,8.531563642690815
11635,5.834196259501487
11636,4.8767250878895
11637,6.132788516770198
11638,5.868951238626912
11639,7.971437780882052
11640,6.0927450615419145
11641,4.326343081318017
11642,9.969318037608723
11643,6.572760789813213
11644,5.469048198542452
11645,4.8252622784036365
11646,3.7115212538016835
11647,4.805685611367988
11648,2.9918242015636753
11649,7.742072562809732
11650,5.91289758222021
11651,4.525573265894084
11652,5.28729151335058
11653,4.382362133646109
11654,6.826454348805122
11655,8.872925754847842
11656,6.9599196059383805
11657,5.030929219514112
11658,7.24210687631197
11659,6.7555175673703305
11660,7.447798001667129
11661,7.192113280672908
11662,6.048521987191439
11663,7.9286616703036605
11664,7.256674634974815
11665,8.2469948601018
11666,6.822389475346828
11667,7.894835943733643
11668,6.220479420107906
11669,8.051291767587136
11670,3.825812163486793
11671,5.001879431280662
11672,4.255812238594826
11673,8.326795956731685
11674,6.754248328190621
11675,4.63831051798072
11676,7.85535780516641
11677,3.7656115487245874
11678,3.118901538155856
11679,2.200176857606889
11680,4.016026909626772
11681,5.281524559863209
11682,6.188080284175819
11683,8.906597111000998
11684,3.5272594151312413
11685,3.987549714288817
11686,3.8872517450359974
11687,4.590909171940069
11688,9.794051240105729
11689,7.832565754604468
11690,3.13422544700409
11691,5.613803673280168
11692,3.2488398632561104
11693,9.532560499103697
11694,7.994506143879239
11695,4.764073152140144
11696,1.8027133262609993
11697,6.140804372520131
11698,9.272994272966683
11699,3.1364448962652633
11700,7.0704459026185305
11701,1.2912438146760457
11702,2.551155151290188
11703,6.895665742083318
11704,8.14949462250012
11705,3.2223395810641273
11706,5.400962713569754
11707,7.485477102043376
11708,7.099866027140598
11709,6.307355485434834
11710,6.869899789811433
11711,3.8936956828776204
11712,7.669814411932881
11713,1.2652040242949225
11714,8.21328125599187
11715,5.799031294193961
11716,5.683161704108384
11717,9.430136856870963
11718,2.8925216943167884
11719,8.906582639458822
11720,7.707528593380385
11721,7.119542408663577
11722,1.3192052785530648
11723,7.591490538405056
11724,9.090386979745247
11725,5.3990235764029055
11726,2.5707844968946914
11727,8.58504793816709
11728,6.670300095051919
11729,6.338369427192346
11730,4.0028601648964415
11731,5.714303300817826
11732,5.2678890388555715
11733,7.63938964523013
11734,5.585026788966496
11735,4.846839306047158
11736,2.2435278848629543
11737,7.497614420846035
11738,7.808657774666312
11739,6.039250610457259
11740,3.749617574955014
11741,3.619449586580619
11742,4.987839717799588
11743,3.3424562055449933
11744,6.808543221868646
11745,6.457795902564398
11746,2.127080453105235
11747,8.084818454407511
11748,2.03905989669535
11749,5.102155039121529
11750,8.694867927766435
11751,5.708163040392865
11752,7.499420220902521
11753,5.172697000478709
11754,7.663633230390742
11755,8.51478709238684
11756,2.4478785175211693
11757,5.277416192403763
11758,6.8236631016185045
11759,5.904833404819688
11760,4.4181889001290635
11761,7.430430774523008
11762,3.8166352900229867
11763,6.586388275240226
11764,9.677679104644895
11765,5.3560488371858295
11766,5.806176391619356
11767,7.057021110749776
11768,4.949196329808638
11769,7.512438676342364
11770,6.589643330918065
11771,1.8219709292846606
11772,6.359495679870842
11773,6.372568570528586
11774,5.678209412335835
11775,5.278203844887041
11776,6.448493008067662
11777,3.423735530282751
11778,7.217175897927789
11779,7.812991090883126
11780,6.1187117752633355
11781,7.944585320082877
11782,4.296897103307037
11783,6.75021579730401
11784,6.753415973082226
11785,8.26216038615176
11786,8.866439321337138
11787,4.761068517950946
11788,7.149941779406213
11789,4.57274187126011
11790,6.390383372110669
11791,4.14713246158202
11792,9.637134336542864
11793,6.027499102220689
11794,8.081936453364523
11795,8.516618674041487
11796,5.167673135081961
11797,8.760811686349044
11798,6.8556710820491995
11799,3.5651799920939746
11800,3.6396133121608987
11801,7.166868442876574
11802,3.524367353048042
11803,7.939261343841675
11804,5.526823343273646
11805,6.832105557701951
11806,4.774834642268074
11807,7.99665265193107
11808,7.617582322678346
11809,4.311188208456083
11810,8.35883297760293
11811,6.047389179799458
11812,5.044738094382911
11813,5.845397503498525
11814,6.62681455516463
11815,6.077111410770214
11816,6.274069939987189
11817,4.240021519288069
11818,3.469549205115774
11819,5.290358272139342
11820,6.948953791284003
11821,2.8177961357987282
11822,4.480521856919021
11823,4.732067719713078
11824,7.986087313879246
11825,9.851456888710967
11826,7.040544824167264
11827,6.427514381678202
11828,3.966599699217493
11829,6.036191157319418
11830,2.671512355728207
11831,2.979379472869801
11832,3.83422959681758
11833,5.158540037032203
11834,2.928904360440824
11835,7.38068358541794
11836,5.178075553479512
11837,4.616995029859169
11838,5.468176531377498
11839,5.2295131354588325
11840,7.018114139290228
11841,4.4213386076836105
11842,2.8840739400263713
11843,6.15904502252719
11844,6.78554875722746
11845,4.276777324004383
11846,8.976675215176606
11847,8.244520018552716
11848,8.140887706501953
11849,3.524260087508919
11850,3.851887820327726
11851,9.234654275721958
11852,6.744918037879448
11853,8.358807443033305
11854,5.576920651668791
11855,6.451769894625578
11856,7.176821732513005
11857,8.211813068041966
11858,7.421146758256858
11859,5.953170591016014
11860,7.3066203030019246
11861,3.2083375304692012
11862,6.836783059771445
11863,5.661709038863485
11864,6.302040186611169
11865,5.433159320112111
11866,2.5901139224503966
11867,5.713897786740398
11868,5.334784960710402
11869,2.748168603401666
11870,3.177729799097384
11871,7.196909956575707
11872,8.95837008850716
11873,5.3039885127487345
11874,6.869915867839709
11875,4.870738420064746
11876,9.49966214902284
11877,4.66533936349636
11878,9.934942379333883
11879,8.582145229269795
11880,2.869811473894363
11881,4.785307182083929
11882,3.140930894122678
11883,3.042687532159049
11884,5.363369195035421
11885,3.8184243162827216
11886,6.295035753882808
11887,4.99617415069649
11888,1.9561970344217254
11889,7.3736596572565185
11890,4.8837812752751795
11891,8.304763788076722
11892,1.5225189216794157
11893,6.570452892207042
11894,3.984769332125508
11895,7.486697509901578
11896,6.684291780739707
11897,6.175258482522752
11898,3.7199524884821202
11899,6.774040379953215
11900,7.763197728087258
11901,7.230891124593397
11902,9.355383418916704
11903,5.040369789331989
11904,7.200120586491787
11905,6.507774468815415
11906,5.972862467715945
11907,4.728657639620296
11908,9.145598331160578
11909,7.304929757084393
11910,8.544637771695976
11911,4.867890338889438
11912,5.977323925927902
11913,3.222080846374491
11914,5.03911200555193
11915,6.923019428550336
11916,5.76466026180267
11917,5.773949602395096
11918,7.060943577744288
11919,5.282287414291525
11920,8.701911513408021
11921,7.979899610913007
11922,5.769711215086009
11923,6.055920173936489
11924,4.063855702729
11925,4.365679210903199
11926,7.802822104236377
11927,4.0640472073664204
11928,6.142464354767418
11929,6.37564515339561
11930,6.126927227735843
11931,7.727940986382723
11932,7.008489605512022
11933,9.822284144969867
11934,4.909323186074209
11935,3.240565326019127
11936,4.3447613241723015
11937,7.282849015961265
11938,6.317607994554001
11939,7.084457922984499
11940,2.5093417709857437
11941,5.568285766362569
11942,6.180603408785728
11943,5.421094081660552
11944,2.0200940850792493
11945,9.108141946630074
11946,7.899330109708087
11947,3.073038638195049
11948,6.631867601217963
11949,3.961748247403704
11950,4.02829121662807
11951,6.738857389489917
11952,7.118382029716761
11953,6.314413743093813
11954,7.745751535809345
11955,9.852956247182423
11956,4.6717232698446045
11957,5.36123377169937
11958,4.931782044803738
11959,7.067725055069637
11960,4.104194993997146
11961,7.127243304939615
11962,6.8834850101777905
11963,9.870311379639318
11964,7.073629367493862
11965,5.452498587362552
11966,8.719522828781843
11967,6.031037581291417
11968,8.251570067895612
11969,6.5454278484351605
11970,4.950224969252588
11971,3.479453202834677
11972,4.5327567226874805
11973,7.427301646796247
11974,6.638954505501312
11975,3.9302888435529244
11976,7.709116270915958
11977,4.442947574553655
11978,2.0401859892911234
11979,5.917255293722702
11980,4.01463534627256
11981,9.400906036138723
11982,7.49449925091678
11983,5.6280203322393945
11984,6.931322036504051
11985,9.080450865098152
11986,4.896337978022617
11987,7.013515962633502
11988,5.401752795263816
11989,6.62867546264026
11990,7.664469108548471
11991,6.075734668313457
11992,4.642235256019592
11993,3.9588170288300293
11994,9.29217171918754
11995,6.944740887884108
11996,3.7275028375585544
11997,6.3393072478523855
11998,4.593018238719544
11999,5.385900185755157
12000,8.734828924004457
12001,7.834901023502918
12002,5.332994934976067
12003,1.7690552166578233
12004,6.589414034828499
12005,3.9671295879096578
12006,5.206688161291055
12007,8.821103655707754
12008,8.489427809091717
12009,6.431996158751303
12010,4.2916677258407745
12011,4.263985660891105
12012,3.3054714541431176
12013,5.232302162834586
12014,6.465884666359992
12015,3.8445169327246105
12016,8.186682268453957
12017,3.7534489619592533
12018,4.311398952720165
12019,5.097642134998853
12020,5.210860223308783
12021,2.751395420747893
12022,4.956130896735177
12023,4.153834108336137
12024,5.017619925824214
12025,5.233123288627825
12026,4.380771971273525
12027,4.805328712221122
12028,6.6131800655868505
12029,4.030336298117021
12030,9.468224595241605
12031,4.91911458990046
12032,5.482603386222365
12033,8.358986258113383
12034,7.926472980911828
12035,9.737693279138018
12036,6.667889942232105
12037,7.471538837692836
12038,9.42326572551451
12039,2.9975123423860035
12040,7.604130889596465
12041,6.866365696375675
12042,7.421863877957452
12043,2.615933712859214
12044,5.137962333003152
12045,6.42594598498941
12046,6.893892432721195
12047,4.16435286606583
12048,6.159841044726968
12049,8.11749576202635
12050,6.579160337426051
12051,7.659146936589532
12052,8.841656855660144
12053,6.8670585327426945
12054,6.382898310912259
12055,7.714249310718534
12056,8.911877825080822
12057,8.977258546639742
12058,6.993348204994199
12059,3.7792868798573833
12060,9.65020659621853
12061,8.078132647548232
12062,5.403534118582526
12063,6.528975883601354
12064,7.837766421096469
12065,7.933105670314772
12066,5.250988734934734
12067,9.84990733637789
12068,5.2875773407845195
12069,6.018215911810416
12070,8.342244894063999
12071,7.254553815061871
12072,6.543347394290616
12073,3.4588101397222997
12074,5.798708822060006
12075,8.592888090318354
12076,6.341573102587422
12077,3.22951375259555
12078,4.0459261534369375
12079,5.432068640990268
12080,6.5088120155687585
12081,4.360352922827506
12082,2.119371064980572
12083,5.0201268088664985
12084,6.746206814557548
12085,6.173834620308716
12086,6.817092026758692
12087,8.096487335859424
12088,7.194068909297593
12089,6.245892597382368
12090,5.261197490334647
12091,3.116180834171166
12092,6.339569529648679
12093,5.93896249877279
12094,4.800397880222433
12095,1.893807625873705
12096,6.293656733471922
12097,3.7867368278640097
12098,6.352467908374823
12099,5.939572839612188
12100,4.4820626861118935
12101,7.893987561844831
12102,8.64654015384276
12103,5.824696276373323
12104,5.972789315164748
12105,8.566334461852026
12106,5.3893123038234405
12107,8.287470715007096
12108,5.528108487595965
12109,6.69626186365582
12110,6.792483965378683
12111,6.185794525818812
12112,6.289921898838052
12113,5.843672565118258
12114,7.417067761020137
12115,7.176664983369026
12116,7.223895414423799
12117,5.811950845415752
12118,5.708527753063506
12119,7.0830056320631645
12120,5.710296447263253
12121,3.953348009256909
12122,5.437168497933569
12123,9.852422738438424
12124,5.614274533677869
12125,8.031989987995741
12126,9.091328014159917
12127,7.217998109992564
12128,7.778921326207763
12129,6.798429151177397
12130,5.6089947895744015
12131,7.831290943221994
12132,4.84051127476323
12133,5.993612611260305
12134,6.19070404617354
12135,4.558444798908436
12136,4.125090094772815
12137,1.280403441121268
12138,2.726779946246174
12139,3.171466005928372
12140,3.6957013536946928
12141,9.137394807601755
12142,8.789030316049779
12143,7.570584391718682
12144,4.7498029840888245
12145,8.450540280794133
12146,9.130661805841713
12147,7.674924113847347
12148,7.927532850404742
12149,5.619074410788706
12150,2.5528613048412265
12151,8.00073892974092
12152,8.19978795948494
12153,8.9797230416088
12154,6.996288749637541
12155,6.189870047043967
12156,9.508591342646735
12157,4.186122747768799
12158,7.17022319735029
12159,8.419374410028016
12160,9.141257334085678
12161,2.541565731740948
12162,2.7536222264416943
12163,7.5875384251631335
12164,6.132794658045227
12165,7.823784810561179
12166,7.90083677170475
12167,6.291284240262577
12168,7.190217056769953
12169,3.4158762282715722
12170,6.460872880021153
12171,5.679849665963727
12172,5.665781677996055
12173,1.9206224411530544
12174,2.7273109151938657
12175,5.650171762317401
12176,7.530673183047084
12177,9.747524414111332
12178,4.64259119136943
12179,7.327944571087844
12180,9.472429575125403
12181,3.4743916059497573
12182,6.970702822048673
12183,2.6816583482777694
12184,7.4849703700840475
12185,6.588060600488779
12186,4.017218241757128
12187,7.417126949002302
12188,4.675390710761427
12189,5.165914474888722
12190,1.5160816394364094
12191,7.257171437906119
12192,7.92299229305566
12193,8.440703060359306
12194,6.719078294229476
12195,8.11750293002419
12196,6.479472737791917
12197,6.817093473276723
12198,8.544919728427946
12199,2.7665555621976585
12200,5.497092673592951
12201,4.498384224027582
12202,2.1055828314730753
12203,2.8141874578527344
12204,6.280268898343322
12205,4.514582090594839
12206,4.984835034778183
12207,6.155135152872506
12208,3.016000076589308
12209,5.319791001759802
12210,5.291391099367932
12211,5.212372623563096
12212,8.157032528284384
12213,5.916076596338339
12214,4.432722451088183
12215,4.212388420349611
12216,7.635042751030312
12217,4.9635560145607
12218,5.8996280395235186
12219,5.069590928186484
12220,8.484272647691114
12221,4.795180785925561
12222,3.4555173347527326
12223,8.349713006301345
12224,4.467886954326223
12225,6.38642017049097
12226,7.777908335695761
12227,8.545597490349572
12228,4.7535702213018505
12229,8.080576442197287
12230,7.2820631525941835
12231,7.9598812917911665
12232,4.580750091173647
12233,8.356660737120439
12234,5.454588313953499
12235,5.890423258447108
12236,8.691474128074999
12237,6.873041137951151
12238,9.147308402708749
12239,4.28922374756261
12240,8.523664478156538
12241,3.1215279259121607
12242,7.521834052296258
12243,6.096045096468044
12244,6.151904447897591
12245,3.306022014131483
12246,3.4229755592482762
12247,6.534042844088243
12248,3.7378964555043677
12249,7.295721582790739
12250,5.7345649625487045
12251,8.957545378546483
12252,3.813126953115625
12253,8.988680424289877
12254,6.513418842249256
12255,7.711760020365649
12256,3.8505655985789793
12257,6.231330909674358
12258,5.0569874360066915
12259,3.5586680554756835
12260,2.7724664294391967
12261,3.885244538890154
12262,8.107251253771455
12263,6.119206877619959
12264,5.235625895024391
12265,6.291052896685416
12266,5.027395974331577
12267,5.891097037606144
12268,4.605475330210654
12269,6.924303575287888
12270,6.7103352033016135
12271,2.777051829540588
12272,3.8467149347870064
12273,5.559606479622905
12274,5.059218517025297
12275,8.495823870768522
12276,6.109702398882529
12277,7.299091324423875
12278,4.0257659231235
12279,6.947468225155484
12280,6.442868171827504
12281,6.268632238737649
12282,9.14835547394723
12283,4.303968017701676
12284,5.628472029609319
12285,7.642710286249911
12286,7.911696282271993
12287,4.692015291849476
12288,7.828565751708234
12289,4.136579038536166
12290,4.092286759665299
12291,5.108216143769379
12292,5.315998782747406
12293,7.284974504764299
12294,5.701492331320788
12295,3.3491646443255996
12296,4.174987583414891
12297,3.8916962451948542
12298,8.259972223132554
12299,3.9947318338590287
12300,3.899631130438377
12301,6.529471818912114
12302,2.5389569796040554
12303,2.2482403102187574
12304,3.8582951475969165
12305,3.8278897167632326
12306,6.2673816490792085
12307,9.385728341412186
12308,4.8217472667142145
12309,5.348004788122119
12310,7.277657331409818
12311,5.4027688170579244
12312,5.2635261929470945
12313,7.9222928375768396
12314,6.581763494162026
12315,3.948372882130105
12316,7.852403635982123
12317,5.498114816983221
12318,4.342046158226379
12319,5.2821257282375695
12320,5.892835008995781
12321,6.870293329183578
12322,5.599172632642866
12323,7.437585303080984
12324,4.608173319314904
12325,8.177705571583445
12326,4.1177555563763
12327,9.035962073238515
12328,4.943924608508828
12329,6.45783922873213
12330,8.369683350654729
12331,4.012094279230376
12332,6.144664996552835
12333,6.778889086301551
12334,7.819168412979544
12335,6.636446830583777
12336,5.987850620955461
12337,3.1542469400245015
12338,5.941456125969461
12339,6.798726812649689
12340,6.436907882547416
12341,7.291731073248311
12342,7.258094670581466
12343,9.925485534104512
12344,3.1477539643658003
12345,1.8915383195600914
12346,4.714348623598253
12347,4.1243323913555905
12348,7.721262998091609
12349,6.903359660778575
12350,8.871922995221805
12351,8.916024104239284
12352,6.539969331238705
12353,5.13971194827066
12354,6.73718226732498
12355,6.783883709617515
12356,8.866723702095815
12357,3.7711539539758765
12358,6.612116101984779
12359,4.844918544944029
12360,4.757218490684354
12361,6.282041751285728
12362,4.719479937653692
12363,6.8454073612856146
12364,4.825558490987316
12365,7.846657457581051
12366,8.182468794108939
12367,3.5309246847501847
12368,4.320238464783959
12369,8.757765299022678
12370,5.099695603428771
12371,5.4244106428628776
12372,5.823796792135617
12373,5.894707314682141
12374,6.647793488405881
12375,7.636057926072907
12376,9.079771852601972
12377,9.478325578301682
12378,8.7919134875303
12379,6.4277348423448615
12380,8.161588097381275
12381,4.394140382545576
12382,4.811525728995464
12383,5.881936332344067
12384,1.1596251463638043
12385,4.427428121657936
12386,5.428152610630184
12387,3.9724687769927143
12388,3.002810836413696
12389,7.0039776031434595
12390,4.229228967694637
12391,4.938988627703183
12392,7.270624440228824
12393,5.372330574268661
12394,3.237140876697188
12395,5.968623368799358
12396,8.6935484193823
12397,7.215257825263626
12398,6.599801066165527
12399,4.563860034989994
12400,8.183343215448774
12401,3.526529518115704
12402,7.14536524938704
12403,6.338753663809802
12404,5.7914730637639
12405,3.9238483673435987
12406,6.010977991092364
12407,4.7305178803855625
12408,3.804535600630825
12409,6.195404329387066
12410,4.23441317137334
12411,5.267782056013925
12412,8.92251430738493
12413,8.288193323933601
12414,5.77962356843939
12415,6.2772044874371336
12416,4.126001902422918
12417,1.034572208719284
12418,6.090702540994862
12419,8.98664111309514
12420,4.7897853527969225
12421,7.388444129789517
12422,4.885841968418051
12423,8.27128239397083
12424,2.9446068185675234
12425,6.405542151403179
12426,3.3067630436306468
12427,8.044902447331662
12428,7.720514078474776
12429,4.549015863824282
12430,7.679248348035065
12431,3.755072252174925
12432,6.073952210605011
12433,6.397236593511503
12434,9.0447216802953
12435,7.789476541142696
12436,5.032165874205331
12437,9.780173172440008
12438,5.59437974902675
12439,6.118278047232564
12440,9.302498744085456
12441,6.84249227806626
12442,4.615232760039876
12443,8.213318456881597
12444,6.299737899547093
12445,6.3621048724582625
12446,5.405413225772103
12447,6.540324034361095
12448,5.802040557021823
12449,6.423613437971109
12450,8.784246030279695
12451,9.199920013044338
12452,5.793554363894604
12453,7.54010272379668
12454,6.868925540126823
12455,5.261695898908616
12456,4.582938416124738
12457,8.334426728429836
12458,5.815809971093699
12459,0.296708580245537
12460,6.294424783162377
12461,9.398821225822942
12462,6.061621433857996
12463,4.328731210237857
12464,7.02030581652055
12465,7.293333122954858
12466,5.21147324750844
12467,7.858989431162818
12468,7.661715180961243
12469,8.125329416090057
12470,6.294110029666994
12471,5.526134890695072
12472,5.2566047164182175
12473,5.670358615207757
12474,7.701101339704529
12475,3.4344754429186835
12476,1.555685173975455
12477,8.522427602125292
12478,9.337797323122027
12479,5.446205532185269
12480,7.686375332167151
12481,4.4586030179312175
12482,9.605937152845826
12483,6.182603691849438
12484,4.909697030731617
12485,5.070568828093637
12486,6.068791235165008
12487,6.76769816839561
12488,6.33437461651615
12489,5.267902560565902
12490,7.002764224172706
12491,4.699249301927273
12492,6.159218705380701
12493,5.651886227169095
12494,7.6271221445627475
12495,6.065818494724464
12496,8.456415827306913
12497,7.640703326776
12498,8.539784163606905
12499,1.5881569639714164
12500,3.340597558252075
12501,3.999990554084948
12502,6.5533532500585245
12503,5.6662218428627025
12504,3.7438416941512394
12505,5.004607653698606
12506,0.9093239736072539
12507,7.340637330448443
12508,8.228158139477417
12509,5.45086236746717
12510,7.004924877364839
12511,5.247408835511237
12512,9.362826508225995
12513,6.112384104911749
12514,5.807623036822422
12515,5.989282797535363
12516,4.225468026073898
12517,4.503199211038797
12518,5.514277342044251
12519,6.018764209530562
12520,7.93561629670209
12521,4.759471572989975
12522,6.311682284077068
12523,4.366443531831974
12524,6.5962273141639525
12525,2.190332006716715
12526,3.5283124360035067
12527,7.053513573817828
12528,6.557333510271217
12529,5.7618535189851645
12530,8.567327466139718
12531,6.048014123468771
12532,4.675688586969673
12533,5.881392276912295
12534,4.18787791379215
12535,7.176299592818095
12536,4.265854742280221
12537,4.771816625520622
12538,3.6624508286218402
12539,5.267308867577135
12540,8.580878821755064
12541,7.031759574308399
12542,8.580946025956429
12543,5.093436166775604
12544,9.438894583771441
12545,6.188613122159793
12546,6.538768377509145
12547,7.324914037413418
12548,8.072889781535652
12549,6.173100374778853
12550,5.579862189563865
12551,1.5870320821070063
12552,4.670742323736386
12553,7.466005801405581
12554,2.161025049210351
12555,9.911553772419772
12556,8.394118809803057
12557,8.231913263404314
12558,3.4622878600690052
12559,5.742933070912992
12560,5.060582289210025
12561,8.646830206375357
12562,6.497052214802186
12563,3.034839681027089
12564,7.949429110604573
12565,6.884487994583554
12566,6.107832056514896
12567,3.634052302510077
12568,6.175609291386007
12569,6.208548763456308
12570,6.166242924096313
12571,8.436626355065595
12572,5.35492174629138
12573,2.65945970439608
12574,6.8725152574015596
12575,5.793468522215384
12576,2.9280418417542546
12577,5.498994095457663
12578,6.052184810767959
12579,6.25579180741644
12580,6.336263159057893
12581,5.472507610476405
12582,4.45000617987744
12583,5.71405130499726
12584,7.537717382510701
12585,4.012860024654206
12586,7.382780206858789
12587,7.904598130895437
12588,2.109184185179892
12589,3.406562015489589
12590,8.985910330471437
12591,7.211559023702793
12592,6.408529660381909
12593,6.775994427137746
12594,2.7815549028747877
12595,7.201843798440388
12596,7.794282630560338
12597,7.144563197692867
12598,4.898760169920305
12599,6.4144948853153005
12600,4.23305665317876
12601,6.0518239608205775
12602,5.562314647744472
12603,8.699418968595822
12604,9.384913119750317
12605,9.464151890112714
12606,6.28682262774764
12607,4.422528004147592
12608,7.128146720388955
12609,4.492201713874275
12610,4.855238351831695
12611,4.397748745144712
12612,5.575840608112241
12613,8.254479682049372
12614,6.326680202632791
12615,5.060098026711393
12616,8.340232198557278
12617,2.177189030820152
12618,5.28231967225339
12619,6.621311083131722
12620,8.44582038148872
12621,7.69415651578092
12622,5.749888342747603
12623,6.691018226377898
12624,6.856317979103785
12625,7.277078166849063
12626,6.253172967709411
12627,5.690446269621019
12628,7.642489192994338
12629,8.107602992956775
12630,7.199945831559361
12631,6.065260728318696
12632,4.497814518174804
12633,6.80323970421282
12634,4.940147308897643
12635,5.009330034741003
12636,8.202219132736342
12637,7.5002752654892495
12638,4.344914631466366
12639,7.08317200633379
12640,4.248339607691117
12641,5.967567028163687
12642,5.465749171959372
12643,7.272527234306871
12644,2.8625907912897928
12645,6.260890595240458
12646,8.362001043287261
12647,6.927010122731019
12648,7.660704750736143
12649,4.6264582700950525
12650,4.455678189608225
12651,4.87867228248267
12652,6.6275373482640925
12653,6.087238876052108
12654,3.987120927450303
12655,4.805469237992774
12656,4.872486048882946
12657,7.334108718992096
12658,8.15189142387888
12659,6.171808034117443
12660,5.891263990770414
12661,3.6540978041233725
12662,6.273349159314932
12663,5.981706108389721
12664,4.303460230782724
12665,8.629597936322565
12666,4.650437973005097
12667,8.477135626775379
12668,5.696061982508803
12669,6.545603729653167
12670,5.480969253743986
12671,7.917713609821565
12672,6.834086402398537
12673,3.0937118274698343
12674,8.624004772493207
12675,4.454564417847189
12676,8.035939500998353
12677,9.900054701693072
12678,8.868468848576915
12679,6.168094149504636
12680,6.582634784818637
12681,6.587895893409757
12682,7.455172964712276
12683,6.679233706030942
12684,6.808965595205899
12685,7.471950645832113
12686,7.376884031908799
12687,8.494307897588511
12688,6.1782527798851445
12689,4.404043829340472
12690,9.078591738378298
12691,6.003949671817832
12692,8.213701651549982
12693,8.057684088199741
12694,5.387038554966122
12695,4.664383040395821
12696,4.607866327882236
12697,4.08883074056048
12698,8.05825196250862
12699,6.3549401738882665
12700,8.161859309954263
12701,5.556093309626956
12702,5.383926340675951
12703,5.655303796734041
12704,1.465813325978462
12705,2.91927515770575
12706,6.749440424955227
12707,2.881441833151627
12708,5.983580274700106
12709,8.111937906709432
12710,6.628099752038594
12711,2.1807820477055997
12712,5.438530546561212
12713,5.530677742032845
12714,4.125589389492443
12715,4.6857731070623005
12716,7.687606566445582
12717,6.0636291482245035
12718,5.229382721564632
12719,5.06778292843141
12720,5.914600336473638
12721,8.71388564736929
12722,4.446177547203375
12723,6.4538374219069095
12724,8.18279661103944
12725,6.148924993671
12726,7.2128339902727605
12727,4.634331054405401
12728,8.261060814608873
12729,3.840307684454251
12730,7.421387491712057
12731,9.111426751449908
12732,5.2915668493193575
12733,4.277603456847817
12734,6.804541929845502
12735,7.774915523767373
12736,5.883261303714066
12737,8.308782054317778
12738,8.08766590987335
12739,8.695161078360725
12740,4.936554384988918
12741,2.042592346426635
12742,5.936661656971098
12743,8.561368826559434
12744,6.329816810087138
12745,8.76359613689161
12746,3.671663525165009
12747,5.679667991582805
12748,6.206819007201775
12749,4.148504970284781
12750,4.7364845822788695
12751,3.6516275776028593
12752,6.92047552384114
12753,7.745621866576255
12754,2.9563110982972276
12755,8.961825137284205
12756,7.358677072348705
12757,8.31644555412561
12758,5.236360206140711
12759,6.474562981947051
12760,8.40890076050689
12761,3.740084311421226
12762,8.834834049851679
12763,2.110886560534609
12764,4.5728144666247506
12765,7.144702420609369
12766,8.166697549362073
12767,5.3176396712523175
12768,5.48406179731184
12769,3.97887802698566
12770,6.8580872386388885
12771,6.736137241338991
12772,2.4417946795065046
12773,1.6398711123265486
12774,7.770858937290827
12775,4.946700470574835
12776,5.282411342591215
12777,6.894220986156846
12778,8.216794199355508
12779,8.081342279392821
12780,7.374098028826745
12781,3.34456371262205
12782,4.345748562260474
12783,7.109437258308175
12784,6.235853187394247
12785,4.162704880813415
12786,6.688750770898
12787,7.570078714096342
12788,3.882628146971168
12789,4.256665011537341
12790,8.917946354765135
12791,6.498532381304466
12792,8.748089941037165
12793,7.15051980901376
12794,7.096670475189729
12795,7.254018506248623
12796,8.248898263137063
12797,4.81661908703112
12798,7.527084439069367
12799,6.1811026175712875
12800,3.102216003927097
12801,6.099085354351168
12802,8.762868491053066
12803,3.951096888462732
12804,5.393340396437998
12805,2.8887002588373534
12806,8.432476701236215
12807,4.634345127077089
12808,4.740589941904356
12809,4.57814543784908
12810,5.8246452624937195
12811,7.43417742211283
12812,8.48882075925977
12813,7.341908764140055
12814,7.91608092935728
12815,7.410087936064306
12816,6.356887224095486
12817,4.902078707394073
12818,9.311295605724807
12819,4.464281078553396
12820,8.262190073139422
12821,3.3443279483674226
12822,5.784197311363822
12823,4.908207408158793
12824,9.515471429374553
12825,9.312247788321642
12826,8.509835781769036
12827,6.135537920250449
12828,6.530113589300125
12829,6.159520766189554
12830,9.134641539777595
12831,6.19510751606888
12832,5.4360646325260955
12833,7.720835341997484
12834,7.235408528738644
12835,6.2212367614370505
12836,8.421269583337128
12837,4.987044430103339
12838,6.400924414737336
12839,4.294023291872736
12840,8.616753959253016
12841,5.343875421710843
12842,4.27253643444204
12843,7.069893532017998
12844,5.397589528315372
12845,2.039694670867621
12846,7.729659397144951
12847,4.205272499499056
12848,4.887813970482128
12849,7.517613751980215
12850,7.0763343505713365
12851,4.536527174424439
12852,5.844388061920625
12853,5.766690525070953
12854,3.0478963429494037
12855,5.7319413262595
12856,4.444596156213496
12857,4.553168580379085
12858,5.429896371472177
12859,4.813372444000637
12860,8.41858805321161
12861,7.13110603740989
12862,6.35144480445633
12863,8.859291110264895
12864,5.089353613892598
12865,6.307959145106205
12866,7.314624935930245
12867,4.502005241909206
12868,6.2025434717827235
12869,8.833454879752582
12870,4.931610208350444
12871,7.028520841431113
12872,4.308968635207368
12873,7.884398523871933
12874,5.0263590338413655
12875,1.8525956863574855
12876,8.038220038803086
12877,4.860036549460695
12878,4.987007472861109
12879,8.885812630199727
12880,7.178839660684792
12881,9.477789945870583
12882,6.285681070223985
12883,7.906966521893642
12884,3.945344154934711
12885,7.702594804259617
12886,8.631690986823184
12887,6.734565139526896
12888,5.095494718260687
12889,8.416408087448385
12890,4.325762806561367
12891,8.477257375522452
12892,4.588766040655161
12893,6.747057607187408
12894,3.2582611026084853
12895,5.670621088214656
12896,5.471942311276036
12897,3.308755085463196
12898,6.823793702528244
12899,8.030093987495672
12900,1.8771253359335187
12901,7.274014308051342
12902,6.6073018914585155
12903,7.19752176761499
12904,4.797395199682055
12905,9.223337422604695
12906,6.57821712086844
12907,2.1332437138229903
12908,6.465088419363223
12909,3.719592669543335
12910,8.833243040978111
12911,5.803462387416468
12912,3.0443488944308172
12913,6.768732528573889
12914,4.4976586878473706
12915,5.327847624197426
12916,6.900260907713739
12917,7.800806380843258
12918,3.463880397479656
12919,7.1133466157485525
12920,6.604742442831684
12921,4.752744729854713
12922,6.965965918154377
12923,5.628896549990387
12924,6.687576887220288
12925,2.5532642932805754
12926,5.606633734712179
12927,5.864713155367291
12928,6.723458428952565
12929,8.347713375337428
12930,3.849263297461418
12931,5.111835180457629
12932,8.392494494001479
12933,8.354275185276256
12934,4.870524411047837
12935,7.636634572389887
12936,4.646793063327696
12937,8.012588822907926
12938,8.414198500707414
12939,7.103861921666545
12940,9.49154273279704
12941,4.0077033297529105
12942,3.632998159346593
12943,9.191820225628462
12944,6.632675596596036
12945,6.258280046342265
12946,6.981305992269591
12947,5.53341492374252
12948,4.978623766438295
12949,8.954437087969277
12950,6.435676131380518
12951,2.0232002411649086
12952,5.71941866224144
12953,6.025700994656885
12954,9.02133639136165
12955,2.208188089043583
12956,5.3035653581211655
12957,6.128230547411437
12958,8.745511318249608
12959,3.496277728499332
12960,2.0433514043041816
12961,7.460384329552829
12962,5.29120904647103
12963,4.851180809576885
12964,7.780958389789491
12965,4.876516561390373
12966,2.896356723328803
12967,5.12105328711785
12968,5.110892432733468
12969,4.575730919648868
12970,6.268850483160598
12971,4.365833418967713
12972,5.613421062519699
12973,7.044239287365199
12974,3.0603160805573575
12975,5.608860166177359
12976,7.428391397439986
12977,2.8295766983316994
12978,8.46890425373431
12979,8.14497845597478
12980,4.935700809634316
12981,2.9046362413722653
12982,9.75320074555758
12983,6.574910302617061
12984,5.394009756084294
12985,2.910102701643063
12986,7.963724756613299
12987,8.259397468065355
12988,7.743694097150225
12989,4.6000400459222135
12990,6.056855842635337
12991,4.480905239838709
12992,5.062471939711285
12993,3.863788645027939
12994,7.1158139043446145
12995,6.3364940637976
12996,4.586842050598725
12997,7.328591565470188
12998,6.428943138637342
12999,6.122867459097482
13000,4.410069974673155
13001,7.643244765082763
13002,9.455617952429215
13003,4.89792917499616
13004,8.839699354674451
13005,1.4159395078732706
13006,3.754077277385373
13007,5.442773619055056
13008,4.463876448402383
13009,8.726792227012247
13010,5.042121834660707
13011,7.364220766911886
13012,8.145187378367373
13013,5.299931332817538
13014,5.2807761507127235
13015,6.285325622860617
13016,6.670421273214136
13017,6.034306739416385
13018,2.682091568599118
13019,4.442641696943165
13020,4.494003775911533
13021,7.16296562241884
13022,9.014846549021918
13023,5.929680749783541
13024,5.060342400886743
13025,5.857875969177524
13026,5.403352950475339
13027,7.6359049617321375
13028,7.784655992450924
13029,4.848366256439202
13030,4.777699980273531
13031,4.9242103547428595
13032,3.11593068183885
13033,6.781928907008601
13034,4.3047169437935855
13035,7.5017828953229575
13036,7.5186090654748945
13037,5.387851562365172
13038,7.080476745669598
13039,6.373487267245885
13040,5.063077207014091
13041,3.117532616465558
13042,3.6284916878545665
13043,1.721743943437949
13044,5.511519374352718
13045,5.4357022482951045
13046,4.961586313980386
13047,8.609426096469415
13048,7.678186298177942
13049,7.084514671187739
13050,8.429345303288724
13051,4.368802540444095
13052,6.815222912192134
13053,6.734408572778691
13054,8.707239072473708
13055,5.236292573979899
13056,3.843867616904208
13057,2.2022453372340483
13058,6.766961247138742
13059,6.172146366098071
13060,6.078270550151478
13061,4.552953898419158
13062,7.18263078629963
13063,9.29784539877111
13064,1.8306467880831807
13065,4.412196306173652
13066,6.790292408542886
13067,9.092000614182147
13068,7.355060856333777
13069,7.420605124884277
13070,4.668655117833746
13071,4.784713876858516
13072,6.007465612158695
13073,6.537751746824126
13074,3.842155713450821
13075,3.560973398879594
13076,4.79900599977017
13077,5.77083647026528
13078,6.509145206324586
13079,4.257881838196287
13080,7.789450065154872
13081,6.053324037516949
13082,4.127746868927271
13083,3.781809727499531
13084,5.161776587344398
13085,4.344424522622287
13086,5.815447853140994
13087,2.9698051991048633
13088,3.4268645625778653
13089,9.385918505367401
13090,7.849733971773108
13091,7.883092336748062
13092,7.546970349163239
13093,5.68422242084288
13094,3.126760763621585
13095,5.284052531491509
13096,5.975220686491115
13097,4.187082673023648
13098,6.52839344764869
13099,8.493444544011046
13100,4.088254513497499
13101,5.683124072468604
13102,1.587532173301773
13103,7.063212096275893
13104,6.631623559630938
13105,6.880676639649339
13106,6.345718526731224
13107,3.674017586556954
13108,8.80059565902745
13109,5.893139753263509
13110,4.588540534988052
13111,5.5815900495030295
13112,7.4352564014752
13113,5.924675637138802
13114,8.677998360222741
13115,6.675185253807493
13116,8.028009883948167
13117,2.240372541117803
13118,9.674198900277574
13119,6.392714799445636
13120,2.9431911012543837
13121,5.508634068002606
13122,6.731691217545726
13123,5.688767209166332
13124,4.602130133939695
13125,4.959019815680294
13126,4.3054813443250275
13127,1.8870966156083897
13128,7.710403607825249
13129,4.681664359873521
13130,7.087511110681931
13131,2.1019242528394857
13132,6.099204473186564
13133,5.023627209508854
13134,7.358505786355109
13135,4.993376295863907
13136,2.5051164577759217
13137,7.3039350383529165
13138,6.871434197456881
13139,4.716941435499303
13140,8.705096819860607
13141,6.679368145919836
13142,4.390297604675712
13143,8.356751649130631
13144,7.620391809969777
13145,6.082500899319649
13146,7.192009261647322
13147,6.717206480648778
13148,6.42510574462312
13149,7.439394048480736
13150,3.5210468725893587
13151,2.9724435493378514
13152,7.031370183033699
13153,3.934333270634987
13154,4.304608267321941
13155,7.365369869746146
13156,4.691225322971016
13157,4.417996693396273
13158,5.099868461237486
13159,6.84725765897694
13160,5.743138145975085
13161,9.867000144596506
13162,8.022478930293794
13163,4.321100759564499
13164,7.751003653056442
13165,3.9590432952802193
13166,2.98659469402471
13167,6.16912859158386
13168,3.742762795899665
13169,5.730063296700699
13170,7.317889334674487
13171,7.208337594801655
13172,6.294358632385276
13173,9.200313348365446
13174,6.425364990263624
13175,4.49229047842332
13176,5.584170782389771
13177,7.681947205256591
13178,3.1488227519681957
13179,8.582099559090143
13180,4.687418522353833
13181,3.420699543702851
13182,8.215000471291365
13183,5.646132826065725
13184,6.6947875732516335
13185,7.304175498519307
13186,7.953632624092717
13187,7.337048767344798
13188,4.481837603120292
13189,4.532746408055606
13190,5.896872986793685
13191,3.422730187904492
13192,8.561068184681291
13193,7.571906540336837
13194,8.324074359816514
13195,6.049845565119146
13196,5.506620378724131
13197,6.058978574612087
13198,7.215789078788349
13199,6.3466352331527744
13200,8.906193929262542
13201,2.455535519198227
13202,5.195829118494347
13203,6.803544255204857
13204,4.560537200416114
13205,6.137783318156108
13206,4.187093384464779
13207,3.2978610195056453
13208,3.9333331389831696
13209,2.67782674694835
13210,2.490463035035604
13211,2.192254318748864
13212,6.840137041827109
13213,6.729392529800314
13214,5.090465964792773
13215,2.77263354636601
13216,6.081105796643938
13217,6.0627772949237935
13218,7.836239370773185
13219,5.761380620208154
13220,6.584120647619409
13221,6.453193361676898
13222,9.376542133004069
13223,4.7092590838106005
13224,4.224185988286914
13225,7.770507435377951
13226,5.882199904237197
13227,5.225333630849863
13228,8.445457641259207
13229,9.035560124718508
13230,6.049432573040852
13231,4.086577252500601
13232,7.768774753455572
13233,0.5739320047892154
13234,5.477361019401065
13235,6.74421238415149
13236,6.543630210855815
13237,7.448961750244891
13238,5.3903328181125545
13239,5.162024588904153
13240,3.687874046925513
13241,7.626987081943227
13242,5.103161672388314
13243,6.756424019769459
13244,5.9396941836427555
13245,5.096169890856741
13246,7.379814156123826
13247,8.283286865386742
13248,4.819844878764683
13249,4.758805103592486
13250,7.640311605068274
13251,5.2310134677891575
13252,7.960586638140625
13253,5.565722708683255
13254,3.4039383695313994
13255,5.68591736894146
13256,6.880415407657564
13257,7.095714874391724
13258,8.558026558163288
13259,5.180592195280023
13260,8.426267366913518
13261,9.540929515235856
13262,4.571769008617262
13263,6.565310955326765
13264,3.4641075899206295
13265,5.500353428871718
13266,6.236165115924427
13267,4.16556246256694
13268,2.797750631460609
13269,7.030567052135244
13270,7.473256961512372
13271,5.229601975148295
13272,8.302390910457495
13273,7.8358077269444735
13274,8.329737811087377
13275,8.179651491759387
13276,6.437708957365005
13277,6.839717750058273
13278,1.062068180784274
13279,3.6534668030170474
13280,5.356980469491756
13281,6.288558387780188
13282,5.675294631824751
13283,5.4032432050659205
13284,5.0044908856744605
13285,7.3017125093007476
13286,6.560226924985464
13287,7.149012774269976
13288,5.168830257823847
13289,6.774570063037331
13290,8.764288694255137
13291,2.7820840228816124
13292,4.786673440181261
13293,3.9310175760047286
13294,6.827591730493878
13295,7.69259957117308
13296,5.6743854447481
13297,6.202052976182955
13298,8.076249967619098
13299,5.862714219753077
13300,6.124821016607721
13301,6.282270617720655
13302,4.579831167032912
13303,7.1641432307152275
13304,6.135856480569352
13305,4.351010593636648
13306,5.863996921722067
13307,7.0008221337276995
13308,4.496959507592872
13309,2.8812172454983904
13310,3.1749093792000624
13311,5.731322524870124
13312,0.839241356935124
13313,5.280567909388392
13314,7.501171748665526
13315,9.022692754771796
13316,4.526121679527318
13317,3.032768536402672
13318,5.310229844210249
13319,5.978106588713239
13320,4.579183010519828
13321,6.062423855241484
13322,7.410691092319258
13323,7.59965253835583
13324,6.985040944126167
13325,3.504429833007764
13326,7.935304447497927
13327,6.906736453077336
13328,6.30648130425834
13329,7.000833330793734
13330,6.775937349545523
13331,5.937945565560382
13332,1.7980169622742246
13333,5.154492710574696
13334,2.708398098097335
13335,9.961875501592061
13336,1.670130305655062
13337,7.148532897118235
13338,8.541171451558693
13339,8.775172554753663
13340,7.956940925375767
13341,9.306761922659959
13342,5.6731333495805565
13343,6.309746540060942
13344,2.588148549574788
13345,3.4860872857646927
13346,3.5141729793339405
13347,8.855861172012919
13348,4.069114718089043
13349,2.6709551522814334
13350,3.3898352246395307
13351,2.744133659318325
13352,5.35305938812998
13353,8.019394186333447
13354,8.218385239068468
13355,3.422835482896848
13356,7.259859681750131
13357,3.788568420135047
13358,8.111899719467221
13359,5.430117097335845
13360,8.504696499090965
13361,6.819893824109443
13362,4.243761619814929
13363,6.758891575998572
13364,5.05261100936651
13365,8.958029337955336
13366,8.418182802196323
13367,4.976068884914715
13368,5.474063530733743
13369,6.900184447354329
13370,4.321922266356147
13371,3.431938190791392
13372,3.7162382650310146
13373,8.020154186251956
13374,6.7413208582508695
13375,3.937362004533354
13376,5.084349929788996
13377,6.653646050701585
13378,8.686042747908624
13379,5.0632565917986785
13380,2.569331666219661
13381,8.85721356709574
13382,3.9667394725747256
13383,7.407938003947801
13384,3.4821846943446717
13385,7.626000881414086
13386,3.029872220626191
13387,2.527039460834086
13388,6.0632605044400565
13389,6.437864069997224
13390,8.463571002442395
13391,6.85653165598096
13392,8.327170537781312
13393,5.334879836219374
13394,4.8088349809781725
13395,8.795255716851113
13396,8.82141023083117
13397,8.118606650589394
13398,4.8310927136700705
13399,7.142556219533843
13400,7.663891020145093
13401,6.384865322746512
13402,3.961670521508052
13403,8.43449415671641
13404,5.809393389786392
13405,10.0
13406,4.034814759103369
13407,3.1868520432169265
13408,3.4323117052560392
13409,7.510169746654666
13410,9.242848155409245
13411,5.610405192504032
13412,6.096255435569154
13413,8.44832712796331
13414,5.4612335021169205
13415,7.168525686606964
13416,8.43209344916498
13417,5.96455265521351
13418,6.611834715998595
13419,7.409233445549239
13420,7.147657202799086
13421,4.89724506981205
13422,5.124063994085038
13423,6.583051298130757
13424,8.455683313941934
13425,6.736731303944647
13426,5.770466948526728
13427,6.573876147940608
13428,5.229702163880919
13429,4.007694130290778
13430,4.105921890680138
13431,7.805212775989569
13432,7.657261801895881
13433,5.034705452206117
13434,5.640379429886306
13435,6.0413711318833
13436,8.841605888398993
13437,1.9823353118693587
13438,2.6767804073285735
13439,9.88971978053376
13440,8.224629525365732
13441,4.329342922396126
13442,6.866895238772905
13443,5.920288640592665
13444,5.990136824890292
13445,6.73224539134736
13446,9.122390215100644
13447,2.4131068747354187
13448,2.8735298059832965
13449,5.702266687319403
13450,7.692024205756881
13451,5.683780644283685
13452,7.202428361458228
13453,4.825531842100121
13454,8.35717497133598
13455,5.024050130889406
13456,2.491664239914815
13457,8.225955096115722
13458,8.180019303712294
13459,7.272096691554672
13460,6.400295988254102
13461,4.47784688960836
13462,4.656608350353727
13463,2.910928433487501
13464,4.300761786167342
13465,1.4376712574319
13466,8.006491337885295
13467,4.02988969307189
13468,6.873413908707755
13469,4.7008511457862125
13470,6.565261002394342
13471,5.060546871261618
13472,3.5792787717078944
13473,7.557814255806492
13474,5.088564595104458
13475,7.420487024668846
13476,6.776112577751816
13477,3.9123139225825456
13478,2.9226624520180904
13479,5.103758759007577
13480,6.405769152827402
13481,4.598501118310093
13482,7.486337723141277
13483,7.674197318110739
13484,6.126148673900963
13485,6.989208070481897
13486,5.6333118319955435
13487,5.24590519371962
13488,3.3892827939671593
13489,2.4702943701019535
13490,4.466656095707208
13491,5.978045522550206
13492,6.1353735429572085
13493,7.605737887002833
13494,4.251807141130081
13495,4.317948817648986
13496,4.919103185741585
13497,5.679828186427722
13498,6.257067853555653
13499,7.62473303369085
13500,4.695118114924322
13501,6.714248655226868
13502,4.842232570114449
13503,7.119373988813364
13504,8.188387882224411
13505,4.545714841150142
13506,9.057950810911425
13507,3.284704827811307
13508,3.6213054753617033
13509,8.270403989611532
13510,8.096867664020408
13511,4.28987017619247
13512,6.95282836836288
13513,2.3297518572569094
13514,8.318028982645867
13515,7.821285545084441
13516,4.2548665669155605
13517,5.804611255839545
13518,8.880533501161134
13519,8.607020273774111
13520,6.013965869537492
13521,5.322092995520485
13522,4.23463487196493
13523,3.791147440419728
13524,6.247043939078343
13525,6.058900965251512
13526,3.1145989413580204
13527,4.188760582561423
13528,9.380021297261212
13529,7.089144780846606
13530,2.060654934311007
13531,6.261795662298397
13532,6.9256335173052825
13533,2.9388560888111535
13534,6.109717204522148
13535,3.0571400529034864
13536,5.042303521976638
13537,4.767187288060371
13538,6.187063232137012
13539,3.982491934645539
13540,4.763621656847723
13541,8.864803485840374
13542,3.5043456452234474
13543,5.304724216440514
13544,5.4389382875671135
13545,7.886320253622559
13546,7.686346855453478
13547,8.25432541595967
13548,3.9754392222688337
13549,2.600576389007445
13550,4.993724142558836
13551,7.673162915117508
13552,6.684105108227161
13553,6.79816723182269
13554,4.314638782584733
13555,6.618055927346063
13556,6.385699241399571
13557,9.700504763323481
13558,6.776566380493563
13559,8.967930766335375
13560,5.709968023703006
13561,4.452777625244769
13562,5.089033600503962
13563,6.7301255387611025
13564,6.609986138701501
13565,6.370346462140179
13566,4.392612950238125
13567,5.611542290182038
13568,5.580167884108015
13569,2.187139189540102
13570,5.120215683108502
13571,6.3873529175672195
13572,7.050549289383568
13573,7.323570144727529
13574,9.102283597492983
13575,7.838430143533299
13576,6.062705511664356
13577,8.954293038713104
13578,2.7192694537286233
13579,4.488970020089807
13580,3.8182703304836005
13581,6.229799299959146
13582,4.804797189809961
13583,7.945117358394196
13584,7.1313152074573996
13585,8.392776924063844
13586,3.248211661747838
13587,8.131341843288592
13588,0.9445894998092419
13589,8.645083419071213
13590,5.245900874760974
13591,6.025509140662297
13592,8.717126116738028
13593,6.156953215412249
13594,5.515601459894795
13595,5.517015380198433
13596,8.594979878287926
13597,5.150700968218227
13598,6.772815736387482
13599,1.5075597695243284
13600,8.966917982041187
13601,4.707809276299196
13602,9.159984166928293
13603,3.2844553006393022
13604,7.630785358149605
13605,7.897372993505105
13606,5.856507214314676
13607,4.349968536558478
13608,1.2962818498723643
13609,3.525857983030288
13610,6.413302947222126
13611,5.502484039804671
13612,9.530001931176313
13613,1.9733508586906612
13614,5.021382749697589
13615,4.613078912078186
13616,4.450595851293974
13617,7.037919891279917
13618,7.630433620723622
13619,5.759848512386824
13620,3.549400619811787
13621,1.52878520631224
13622,6.157934691492267
13623,6.404985118828758
13624,9.943880646291875
13625,5.410872400838328
13626,6.201231267002938
13627,9.504783768509514
13628,5.136160168194302
13629,3.7652506088097364
13630,4.08024517653614
13631,8.377945920030662
13632,5.07252603647405
13633,4.783660136562058
13634,6.9298012675666225
13635,3.998722729714162
13636,6.340701268887584
13637,7.3236171655452535
13638,4.797037763061539
13639,5.058031348542697
13640,5.564023955657401
13641,7.478950175511304
13642,7.290566753186644
13643,7.317456210188582
13644,3.2390199849401977
13645,4.122324089520514
13646,9.358995463657585
13647,3.9519723996396694
13648,9.285780207268079
13649,4.768072887433281
13650,5.682584333975961
13651,7.373999239416852
13652,6.581899205242123
13653,6.550986161808942
13654,5.679395984902307
13655,6.484262991697193
13656,4.319111723897547
13657,4.155576050701425
13658,2.71620938791191
13659,5.0137084178866544
13660,7.6888482770842685
13661,7.453019803479954
13662,4.968837124028819
13663,4.9487572473404615
13664,7.237199165825762
13665,7.265728778022075
13666,6.8153015431490465
13667,6.790931993021896
13668,7.176846571662223
13669,2.7764425850795735
13670,8.38796878361062
13671,6.33305157822244
13672,8.910448010783366
13673,7.163044824581816
13674,5.201222413586581
13675,6.086489464648989
13676,7.238522648853525
13677,8.746130683089085
13678,6.729080754925736
13679,3.4581247212201456
13680,5.213227595403894
13681,5.663205910484732
13682,5.020176272061855
13683,7.358497879412362
13684,5.6781991028478345
13685,6.423289743913924
13686,5.70607817257265
13687,7.231825269755699
13688,6.665581624774925
13689,7.334043542422959
13690,7.607033701899953
13691,8.709951572148231
13692,4.385549281267155
13693,7.213431745769242
13694,5.319130941585961
13695,6.176198016970825
13696,7.723686347341064
13697,8.106832438402737
13698,5.369548203385758
13699,6.543839153951575
13700,5.133702808059917
13701,3.8183268722612693
13702,4.8693748211435235
13703,5.694558243215964
13704,3.36969998196932
13705,4.451942659625176
13706,8.288067350194702
13707,5.6260705267417155
13708,7.786613973283875
13709,8.570475322909552
13710,5.583465208716905
13711,7.080038401241284
13712,5.189300655817741
13713,6.524814516656271
13714,4.883529358157476
13715,6.422565670393996
13716,6.0533191734292116
13717,2.3480790175082067
13718,4.431846679115445
13719,7.133032746504168
13720,8.01212923940667
13721,8.985172556528966
13722,4.9874934181752195
13723,3.7214009928871024
13724,6.872113750211151
13725,6.529403681696921
13726,1.7963229805676448
13727,6.5760390232470884
13728,4.316592533301973
13729,6.748871442807898
13730,8.078061677889483
13731,6.685324391528585
13732,4.142008415196605
13733,8.927196764131368
13734,2.266406542522637
13735,5.106813443937066
13736,8.336520646664738
13737,3.1227759252982863
13738,5.168189782396447
13739,5.236864479959058
13740,9.399364030292407
13741,5.8267771232192525
13742,7.048194535188949
13743,7.740695787150987
13744,5.6920486332468245
13745,8.503113450764534
13746,6.7808106818195375
13747,9.299088815083667
13748,6.242366256850927
13749,5.1522099862729345
13750,6.1266097271199165
13751,7.452899353604761
13752,5.405353238995167
13753,8.348544900805848
13754,5.399356194180022
13755,5.841440058270401
13756,4.897619108224853
13757,7.044268605479374
13758,5.083209683416981
13759,7.274935875473892
13760,8.41635621739703
13761,9.228495237544328
13762,4.7215959635428435
13763,6.8694718714407985
13764,6.068753729492631
13765,4.200101191744144
13766,7.8054219571173284
13767,4.206813932049709
13768,5.2890503307767105
13769,4.384368611254299
13770,6.431751838127697
13771,1.391096551197788
13772,6.99182861719604
13773,8.472361660117764
13774,8.859057336590109
13775,4.814300025388395
13776,3.5408544713826835
13777,6.810986468701346
13778,7.646943010942313
13779,7.604263792409163
13780,7.248046685486986
13781,6.056156265164834
13782,7.474113788438059
13783,6.793517197182068
13784,9.114365911669887
13785,3.5362914709740343
13786,7.242791650508329
13787,7.030405966357591
13788,5.346244616545859
13789,6.158370734136027
13790,5.483256850921779
13791,4.919612990505087
13792,7.089253951065796
13793,5.615464897409618
13794,4.9877806428912255
13795,4.9996161643078825
13796,5.127967997244465
13797,4.463059437796108
13798,6.359442236079829
13799,7.411698346297278
13800,4.9380421496476385
13801,3.7375429204538944
13802,4.634763248232042
13803,2.357845030934412
13804,4.011776290362491
13805,3.1967001736661405
13806,8.080920539227826
13807,4.316500468147969
13808,5.251568423985393
13809,4.497168230339295
13810,7.067875818442314
13811,5.855937759983639
13812,7.252865890085495
13813,7.982931584823822
13814,8.3692036142481
13815,4.444189639595674
13816,8.438741294656138
13817,3.7170399947083155
13818,6.319848950218506
13819,4.706869776962173
13820,8.301691574193683
13821,9.121438781471776
13822,7.068551166178455
13823,6.672993022952013
13824,6.300311867690743
13825,6.745413852276561
13826,5.3339047407724625
13827,4.864299291841341
13828,6.176670499541022
13829,7.806258022119103
13830,3.5436523853896915
13831,7.831671520002854
13832,7.57988165781289
13833,8.378935146760856
13834,6.141129721029834
13835,2.5425446544102446
13836,4.597547394470689
13837,5.67286621778487
13838,8.67337375845489
13839,5.912699039055541
13840,5.393660118783924
13841,7.802722106586772
13842,8.131460585022479
13843,8.321135584967
13844,8.6038877374014
13845,9.54046258870894
13846,1.6950285808161882
13847,6.608646875048196
13848,6.556536924913437
13849,4.69276359384655
13850,4.369933557280541
13851,2.506211374622322
13852,4.760246577715537
13853,9.570636721483762
13854,5.280007215872093
13855,7.244374463149143
13856,3.508976571019712
13857,7.185259058037075
13858,5.693248963508638
13859,7.357367796342584
13860,8.893479815541674
13861,5.550726448507088
13862,4.613330189648433
13863,8.741785818400231
13864,7.143698537864163
13865,5.823024169882146
13866,6.9622775129081775
13867,4.263748916622566
13868,5.299928015631896
13869,8.11061991732922
13870,8.508805206417284
13871,8.684428549268702
13872,5.756339075446682
13873,9.469249467096235
13874,7.304883461169601
13875,9.073362342178621
13876,6.960376376722366
13877,6.468681332269232
13878,6.2889202026699405
13879,5.636641477572228
13880,8.059461585866629
13881,6.095042931274897
13882,5.465396496554481
13883,7.841692314541248
13884,6.1999958216569295
13885,3.4965841446518495
13886,6.316964678702077
13887,7.525427818152613
13888,8.229298521701004
13889,7.974494838867216
13890,3.234196356003101
13891,7.31453255232526
13892,6.201104781627414
13893,9.38868248554132
13894,7.206680246555062
13895,6.811274923111316
13896,5.668395926780238
13897,6.904064958035992
13898,4.724744931886107
13899,7.2857428254836645
13900,7.083902033082854
13901,6.614917572456203
13902,2.1985451028154293
13903,7.245130659541211
13904,2.887427529359493
13905,5.418421350764383
13906,6.0029668112582115
13907,5.400397320943153
13908,7.492300338068094
13909,7.7495596877396125
13910,6.595005192600665
13911,8.132115559401205
13912,2.599663417018169
13913,7.52334640942282
13914,0.956267497598998
13915,5.464140971800612
13916,7.606490091613707
13917,7.847300335254413
13918,8.100008506330472
13919,7.69688507688822
13920,6.330653657688202
13921,2.882615709139525
13922,5.1213868013550075
13923,8.678442494624491
13924,7.061838953465293
13925,5.54709438285397
13926,7.612365517221278
13927,8.39522423102837
13928,6.809022127039192
13929,6.482070942885437
13930,6.525936962905728
13931,6.904914247761869
13932,6.782689941699481
13933,6.343149904044054
13934,7.246215045576798
13935,3.0792156155539425
13936,7.23137134782297
13937,4.113082635519647
13938,2.581567081482023
13939,7.175193088468555
13940,6.508631877879504
13941,4.247064490545521
13942,3.9214584742275433
13943,5.02604851508557
13944,6.796065236801318
13945,6.597894760534867
13946,6.511278676445756
13947,4.61938297999364
13948,8.25306488335767
13949,1.8578777947523726
13950,7.465888324023755
13951,7.329993847898603
13952,4.276163796162763
13953,5.200886589295779
13954,8.07223957546675
13955,4.147990073665763
13956,2.0543158914140136
13957,1.4671796275744882
13958,8.22692475749542
13959,6.11381966938049
13960,5.407442254881543
13961,7.2091132381651795
13962,5.606494141906205
13963,8.218918303830023
13964,5.289895090795741
13965,4.4840350668736635
13966,5.256351106919285
13967,4.448425367533032
13968,6.024807236396547
13969,5.5619423660430485
13970,9.205822112906564
13971,6.112007007947391
13972,8.78889469528747
13973,5.391431164172786
13974,1.6415057483969533
13975,6.393148252788312
13976,7.17365693308852
13977,6.224427962729908
13978,6.985563462225131
13979,6.8209830547197114
13980,8.49492071218599
13981,6.714549624433104
13982,5.079602221639588
13983,4.844112610029551
13984,2.9419884648951804
13985,7.510726266665387
13986,7.977593336763157
13987,7.306098407123788
13988,5.791535072291628
13989,6.683577383412135
13990,1.8060339974055035
13991,4.977594857635347
13992,7.108272641362068
13993,7.104416909309101
13994,3.1651294614061567
13995,8.220129040262474
13996,5.902767510281469
13997,6.6625858120376185
13998,7.339960392015472
13999,4.221276568747745
14000,7.641899432525046
14001,9.331655922472086
14002,5.226966319921706
14003,8.981546414111467
14004,7.665630507621486
14005,7.107558526772788
14006,2.972692882507473
14007,7.977534632213356
14008,6.801318946461775
14009,3.4063894707990348
14010,8.548517117874354
14011,3.390436096638644
14012,3.419631406037623
14013,6.626667847973005
14014,4.023876503064759
14015,3.3997723507368818
14016,5.0164860508600455
14017,6.301359714564068
14018,6.006392794494458
14019,8.476154486103525
14020,9.12550242704934
14021,8.235268594147682
14022,7.1566582360901325
14023,7.168345717426863
14024,5.017092130932966
14025,1.4680568279226782
14026,5.718255244699839
14027,8.506053579319078
14028,6.045776461502912
14029,5.968672370936481
14030,4.98009783037765
14031,1.8386962842799772
14032,4.781174953511471
14033,5.509681326284868
14034,7.9933063579631405
14035,4.185936001487784
14036,8.387832587959323
14037,7.461449443687806
14038,5.502149802664657
14039,7.705627625947539
14040,8.40754717050279
14041,4.9605428017551
14042,5.278393827229564
14043,6.200039521598408
14044,2.883708675579391
14045,4.262598017936248
14046,5.234224610952028
14047,4.306324491619735
14048,8.411382514951303
14049,6.447809568838227
14050,5.173947185569586
14051,7.468733455484361
14052,6.159555024437136
14053,3.384225622869266
14054,9.478750391141173
14055,7.090218717695462
14056,6.742751330235479
14057,5.3050698739421325
14058,5.047764616420658
14059,4.371913209510264
14060,1.3294101119786257
14061,4.124686253604719
14062,4.342667844379061
14063,4.260970035236054
14064,2.647613125449041
14065,1.2722347262087406
14066,9.112627895136058
14067,1.7945644162610854
14068,4.676004124515261
14069,6.006869404621495
14070,6.804027277673505
14071,4.7283082859877315
14072,4.599692775059096
14073,8.255427927538852
14074,5.6874659252588575
14075,4.793450983005227
14076,6.968857132100299
14077,3.732408803540011
14078,7.194410551746266
14079,6.339055545190813
14080,3.809021404461962
14081,7.594951345090446
14082,5.804567831247298
14083,5.135503874051405
14084,2.249888740367251
14085,5.7636200101371164
14086,5.615313801561692
14087,8.106210068167783
14088,5.994666811101284
14089,6.151524865509694
14090,2.433370125613239
14091,7.02381877736601
14092,5.760940079105751
14093,2.7043609867709106
14094,4.342208342436258
14095,7.216360536837511
14096,7.676405129845435
14097,5.916399709723732
14098,7.39720031549148
14099,7.497044967361398
14100,7.317497837132119
14101,4.512338652359466
14102,4.0372448455739995
14103,7.712255359808903
14104,6.57359496398084
14105,5.47829613645127
14106,5.601660669744521
14107,5.583578952795023
14108,5.075555120861597
14109,7.390056013984628
14110,4.678826895668877
14111,2.1447746529157903
14112,5.8177925883028365
14113,5.054667890557981
14114,9.972769731785242
14115,6.048284083825948
14116,6.383035564990986
14117,8.33239125250199
14118,6.528974132191442
14119,6.336457204129435
14120,6.422825483030094
14121,3.918815726417016
14122,3.7432128380293404
14123,4.999096132403793
14124,5.4060629143103975
14125,8.039227936615994
14126,7.325550323281131
14127,7.9508212647503065
14128,4.987211099973635
14129,3.3122540430131124
14130,4.185830743013228
14131,5.6274107927637065
14132,7.285886830477948
14133,9.83716400516407
14134,6.661913017549205
14135,6.131320487339078
14136,6.532651468382598
14137,6.372972080754457
14138,4.48982531795877
14139,7.787303450976235
14140,8.75326009899598
14141,7.5815540339774135
14142,6.213768568460675
14143,6.322955819698495
14144,6.360697908627104
14145,7.863872165249853
14146,4.3749848075375946
14147,4.726246252267283
14148,7.8895477393871545
14149,9.649012587170297
14150,3.4336950909330004
14151,4.9740672937214505
14152,2.9422870129690475
14153,9.591614259637174
14154,6.936542585385222
14155,7.391801054963557
14156,8.106570195979355
14157,6.093181194671905
14158,7.460268390736389
14159,5.015921153026291
14160,3.801096504856976
14161,6.987515487924932
14162,4.890292469427605
14163,4.888925637961767
14164,8.204587562093
14165,6.533465611167788
14166,6.767322478372809
14167,8.71097996079373
14168,6.902325627058935
14169,9.326927786470517
14170,6.243953217261833
14171,2.2424367932932565
14172,4.271462351748393
14173,6.553403339842798
14174,6.51810713897088
14175,4.911976891546183
14176,7.3352943815116625
14177,8.508133778288927
14178,8.235131513001239
14179,6.886089561939505
14180,4.7999065756737025
14181,8.590307094335845
14182,5.446098740480078
14183,7.324817588542222
14184,8.396916894423683
14185,5.766893048360414
14186,6.742572250848774
14187,6.078307221680372
14188,7.025825516203858
14189,6.795244335093962
14190,5.941803909392405
14191,8.262403152079198
14192,7.586229071348884
14193,7.321965071116555
14194,7.1426283570239075
14195,4.973974247569052
14196,7.009678660186155
14197,6.061332751714674
14198,5.421653671416573
14199,5.199596969897717
14200,7.644340586010385
14201,3.977333203931229
14202,4.132044621960187
14203,6.036210858055089
14204,2.779150742536917
14205,8.305912039581425
14206,4.794920774744174
14207,4.445112810326952
14208,6.631818058600037
14209,8.722449700322198
14210,9.083662290557474
14211,6.5010468271561255
14212,6.7714069157412276
14213,8.494080666034503
14214,7.585794464747689
14215,2.356820050191688
14216,6.393537425415486
14217,8.89944404140656
14218,9.193519317295795
14219,5.26239636050391
14220,8.459538897904096
14221,2.7311464816587803
14222,4.59764575407738
14223,5.065920143290216
14224,5.700483275166674
14225,7.667131307158279
14226,2.1638890493536262
14227,6.286458036585195
14228,6.6994227499705366
14229,6.135666389318766
14230,3.8591500210988015
14231,5.0789200497707405
14232,7.043267278478587
14233,5.231965258208085
14234,5.927139865919379
14235,3.909517189694607
14236,3.6583196094207584
14237,3.737879017968926
14238,6.945638824899848
14239,9.361308884088277
14240,4.208208311328422
14241,8.66378975845277
14242,5.360462205814548
14243,3.842098809163585
14244,5.658473069044015
14245,5.551201733913928
14246,7.25816079604699
14247,5.401124343020243
14248,6.394060541496138
14249,5.117636467864807
14250,8.703911118039244
14251,3.2314920301104197
14252,3.0627756613665125
14253,9.863194998037265
14254,6.805660585201494
14255,8.163695348807654
14256,5.372941826079483
14257,4.635079019472149
14258,7.872866414197439
14259,6.10663793137244
14260,1.6315153643601576
14261,7.66620853734607
14262,4.989611193022974
14263,1.4641085699758158
14264,9.5138740767401
14265,5.260678222243901
14266,5.552088846925017
14267,5.3823961190547225
14268,4.703390677147862
14269,7.331095037783603
14270,2.8970432460822
14271,1.9330894368164873
14272,7.581608031962238
14273,7.1220026153862195
14274,6.445838518790723
14275,2.0168321969416327
14276,7.47769905904195
14277,8.350569645807544
14278,7.759250093444791
14279,7.2218879262439355
14280,6.162899947952965
14281,5.073931870379829
14282,1.9650352194923228
14283,4.721328778485754
14284,6.621658506638958
14285,3.6882047068137425
14286,4.679336740797761
14287,9.137807863148769
14288,5.201079680192811
14289,7.9881160869746095
14290,6.9138378962346
14291,5.882590021951103
14292,5.972944016184563
14293,7.887469140364349
14294,6.353896446703853
14295,6.573439289091524
14296,6.074552625734699
14297,5.114906136568643
14298,4.850989878327438
14299,6.153612631695644
14300,8.282001014527971
14301,5.428152019111622
14302,6.447644842478444
14303,6.675176536306626
14304,2.2078389840036943
14305,7.002203677148342
14306,3.2536058362873486
14307,8.237103091583117
14308,3.2391151067835646
14309,6.036454111910798
14310,3.316986628134987
14311,7.621376961644918
14312,4.484779584759792
14313,7.502125015753823
14314,3.4024911179061093
14315,4.453679315511277
14316,2.752489280770017
14317,7.3757178628671465
14318,6.579889191212361
14319,5.7336309996167305
14320,6.417181917888002
14321,7.026350400567691
14322,6.135996142015344
14323,4.6282043286308285
14324,3.8020075888526232
14325,5.321852192504975
14326,9.454569404697759
14327,5.425241763990047
14328,5.542859351120059
14329,4.609448555507036
14330,6.744286189821554
14331,7.868903702031446
14332,8.413653127791935
14333,9.09029830570693
14334,9.612657159981314
14335,6.513961420529725
14336,5.513862291889112
14337,4.310285019549073
14338,6.220208625423298
14339,7.526480816235447
14340,8.735964639865571
14341,7.006247519300324
14342,9.260869814043616
14343,7.257340770766734
14344,5.845062890143964
14345,9.549853128866284
14346,5.514554050052855
14347,5.103546545654442
14348,6.781570747820469
14349,4.081447819320044
14350,7.058705195617312
14351,4.191997681940627
14352,8.33726095810995
14353,4.529368401830623
14354,8.310999203534426
14355,6.3277018786759065
14356,7.6315741208022105
14357,8.575383454362854
14358,2.719714986148809
14359,6.86809252399592
14360,7.923881912420405
14361,8.428143675998088
14362,6.559001535116367
14363,4.834657620601883
14364,8.566943468232104
14365,2.645214081538585
14366,5.773145470224091
14367,6.621042900290543
14368,5.145219475509667
14369,5.085149872274829
14370,7.5996768664403085
14371,4.356907138879954
14372,7.625860517965336
14373,7.476158809124474
14374,6.768957188037655
14375,5.897355000822998
14376,2.2724710850509444
14377,5.92690339709087
14378,7.285291359069246
14379,3.7139648746189144
14380,6.3824967870141425
14381,8.745500946691816
14382,9.385110293268887
14383,7.5696855548687
14384,7.308310013419671
14385,9.480997544708844
14386,9.01805093694095
14387,7.440159063903595
14388,7.097143391675557
14389,3.5502133584888766
14390,6.292960806430518
14391,7.26157144213953
14392,7.046200673722634
14393,2.415592780626409
14394,7.963684495985598
14395,8.703294899346844
14396,5.3215199876130885
14397,6.889600365746037
14398,5.275916421689431
14399,5.376819618648153
14400,1.1410363133875956
14401,5.475141676953765
14402,5.808706385259861
14403,7.93761218533912
14404,5.838670698337767
14405,9.226102447954514
14406,6.430545699751219
14407,8.06885968467583
14408,7.5845164987192515
14409,6.432494928739722
14410,7.896057199496554
14411,7.831886810873778
14412,6.8423551186014855
14413,2.994564453393688
14414,7.297811545209306
14415,6.9086879172298055
14416,5.7983363272106825
14417,5.784827554169699
14418,3.3123150087375777
14419,6.2792813175303
14420,5.3101242622871645
14421,8.131497360019768
14422,1.3474621903736446
14423,4.571331827637216
14424,3.2579889596591656
14425,7.215425703992596
14426,8.166412998413893
14427,5.590993042548049
14428,6.68069017890056
14429,5.791501744585591
14430,7.32523114350625
14431,3.7852693313589705
14432,3.605808926360035
14433,7.1099057194032955
14434,5.219678602826358
14435,8.874422276706365
14436,8.07009678249826
14437,7.265667081864783
14438,6.8283329395357555
14439,5.093407766407188
14440,5.839026950104526
14441,3.664668618382998
14442,2.786159686181551
14443,7.770456560427155
14444,5.597238205995909
14445,3.5208017444793005
14446,1.603820763269448
14447,8.419410816998095
14448,8.232225038509444
14449,3.172356646715987
14450,2.9510730374059073
14451,6.435117314905479
14452,3.234284892614232
14453,5.178121544741417
14454,8.254221431695573
14455,4.251201218107404
14456,7.365051023778715
14457,6.849198418947848
14458,7.1402453516998605
14459,3.6075152145437106
14460,3.94630770807054
14461,8.682897567895766
14462,4.3858633028388745
14463,9.72260238545482
14464,5.339688740858902
14465,7.131878301131164
14466,2.2063816655128843
14467,3.8877593763920317
14468,5.328480083832194
14469,6.8941737063641675
14470,9.08501625544456
14471,5.04785143668866
14472,9.045208865406032
14473,4.870051492205905
14474,5.092044930964208
14475,8.868259724629189
14476,4.129277145373271
14477,4.337545067165337
14478,6.001788171213036
14479,8.020573229836037
14480,4.66265157099803
14481,4.487702967975498
14482,0.6327436311030736
14483,3.2378104466668054
14484,5.040552218499313
14485,9.022825794949895
14486,4.875917793068069
14487,9.348903250330757
14488,7.546712243666871
14489,4.137639994627915
14490,2.7707885507002916
14491,5.580717543881436
14492,5.795125600516741
14493,6.371255389120883
14494,3.0093638493463932
14495,1.6522429602602586
14496,2.1712928045650277
14497,4.195130886219373
14498,3.866039626594735
14499,9.515961209064926
14500,8.132673804917268
14501,6.109212277948916
14502,5.985893669431089
14503,1.8032713950134143
14504,4.361323623349879
14505,7.348888534459652
14506,5.0833555125034255
14507,7.725048442584795
14508,6.83711358319877
14509,7.751272065820963
14510,4.748578640271478
14511,4.667218123871397
14512,6.181640722315534
14513,9.39888365881403
14514,5.888903864037037
14515,4.417979401991508
14516,6.645966436236763
14517,4.321349014846718
14518,3.311134513154281
14519,5.930146447180786
14520,6.295495306983438
14521,8.209867634571172
14522,7.158528499102764
14523,2.3490460468140784
14524,2.203855535339929
14525,3.166423940899683
14526,4.444618349108792
14527,7.23880850195853
14528,3.627821589937601
14529,5.309604258742068
14530,6.952736399201607
14531,9.292016237490573
14532,6.384827432747732
14533,8.397933989400224
14534,8.914040643100202
14535,3.5743919320731004
14536,5.097217613935645
14537,8.474362104520605
14538,7.917947045913678
14539,7.050720266839045
14540,3.8741907734523506
14541,8.180583222001289
14542,7.687858774081322
14543,7.316591685648712
14544,8.306438324850982
14545,6.431265573147318
14546,4.041899416605226
14547,4.12814157330123
14548,4.911749857873077
14549,7.11932509808827
14550,5.217015063586109
14551,6.075834422869264
14552,2.336670279450856
14553,7.007307164843212
14554,7.8976339074768225
14555,7.468605518613424
14556,7.2149686896705045
14557,3.6147390412900426
14558,6.173596941294935
14559,5.9987419938897055
14560,8.291309508764112
14561,6.827059820398449
14562,1.9991561253341388
14563,8.741179703782402
14564,6.246089420008278
14565,5.51266051979661
14566,6.756522811688447
14567,3.454569855602209
14568,3.534506944101456
14569,6.078832695949896
14570,7.46697384969921
14571,4.067662205525977
14572,5.950824443170978
14573,8.070320065355716
14574,9.034529993772797
14575,5.4040699603721105
14576,1.1130789035863315
14577,4.403765380068549
14578,5.682163627875314
14579,4.371513586567122
14580,7.5046412297340215
14581,1.0139326521511887
14582,3.386637787745802
14583,4.733398297451812
14584,4.620119526977028
14585,7.193213161467412
14586,5.042581062763536
14587,7.355407994711556
14588,4.159113290421594
14589,5.579515352393053
14590,8.662173257452249
14591,4.454714459348047
14592,4.969031845398257
14593,3.7167176526013987
14594,8.83185157094223
14595,2.1277168778002196
14596,2.595422660818302
14597,7.794424298320936
14598,3.3785109208605775
14599,9.009171349957471
14600,4.591285304583216
14601,5.769576775240931
14602,7.0305253509736465
14603,6.745519588906433
14604,6.200686245735155
14605,6.38524177819831
14606,8.537843372440062
14607,8.193895601722293
14608,5.716465441338769
14609,7.555640122985373
14610,4.438740941293474
14611,8.258981337661677
14612,7.312932116815547
14613,6.477298110813924
14614,4.3544010282425525
14615,7.5830881956800145
14616,3.841373845762407
14617,6.289735174627055
14618,6.561050836406019
14619,4.199943229027688
14620,4.634721792467245
14621,5.179840709283843
14622,7.563541952453582
14623,9.351893850655756
14624,6.2301650748382995
14625,8.298674220517725
14626,2.033247001638717
14627,7.690809695109376
14628,7.260681905990482
14629,6.4731027379252595
14630,5.693289010651442
14631,8.093372863242157
14632,3.474096137578299
14633,4.5012920835804415
14634,4.847307479073617
14635,5.603616218131666
14636,5.590459705796917
14637,3.1259019075460692
14638,6.130319432639986
14639,6.78537362709843
14640,5.150786123125188
14641,5.520927497877447
14642,4.929605380643953
14643,5.633871741895304
14644,7.750466844048659
14645,0.986986060699699
14646,5.477621050299806
14647,3.5676590745952295
14648,7.815792177923378
14649,1.6459606995544607
14650,7.448469022331886
14651,6.194574692178925
14652,5.894143143342929
14653,2.4877755461130233
14654,4.297580773634234
14655,4.696281074648702
14656,6.294512596174239
14657,6.053087694895964
14658,5.239711482084326
14659,8.277438776483145
14660,9.213956447984199
14661,4.373986310762582
14662,3.49319943188672
14663,6.991313427936362
14664,8.671969720843562
14665,7.468968084657055
14666,7.927853043735212
14667,2.7854880445601573
14668,8.426310357032396
14669,7.6992418903999305
14670,4.5344312146441155
14671,8.200547594786407
14672,8.82917464596181
14673,6.91543903274959
14674,6.164821904427667
14675,7.005319408979888
14676,4.1744085924080165
14677,7.4428788437224735
14678,1.3014472014998528
14679,6.908770087777462
14680,6.931464813276155
14681,6.210941263663284
14682,4.517768090394243
14683,5.383536966818243
14684,3.809640823617491
14685,6.159791611878511
14686,5.22275275830964
14687,8.315095374181752
14688,9.560591071433365
14689,4.942471869573672
14690,4.65409391253968
14691,4.117301687851152
14692,6.099669624351181
14693,5.088187915104646
14694,4.5238070768630205
14695,8.42468432601261
14696,4.0118104607646226
14697,2.981240266733132
14698,8.62130389049246
14699,3.941532045529242
14700,5.033076304454706
14701,5.954469014536329
14702,6.829262634059251
14703,3.7133774025233026
14704,4.830105283984023
14705,2.2291455773583264
14706,2.985158954003797
14707,2.1482371090952483
14708,6.00665822762427
14709,3.7564159773941945
14710,4.529112160917652
14711,8.034315355535494
14712,5.455170404199961
14713,5.959593963963536
14714,6.267966910453799
14715,4.9124285063493485
14716,7.31365701193359
14717,4.51565401521759
14718,3.3976234983938367
14719,5.9436153384793595
14720,7.093794900741169
14721,6.490691128024179
14722,7.841855213252455
14723,4.403683321525567
14724,9.471360110636507
14725,5.9630795148886175
14726,7.836796169477367
14727,8.461273570191713
14728,6.79588073737575
14729,2.7247344423393027
14730,4.613674500151175
14731,5.803777587711669
14732,3.162312041219459
14733,5.165914756333519
14734,3.329063544760481
14735,1.996555975546992
14736,7.513321518982474
14737,8.14725833805927
14738,3.880370880439636
14739,6.167765801827093
14740,3.338601915938152
14741,6.5573889923214175
14742,8.442966185622899
14743,0.36602532005782296
14744,5.868005569111857
14745,7.092676964926655
14746,5.273213246760926
14747,9.139686068231486
14748,7.278089275649036
14749,5.474650146327482
14750,8.4756589249133
14751,4.2008282020072
14752,8.663827883707178
14753,4.70798039822922
14754,6.933530457461185
14755,5.162112710128481
14756,4.931523664706466
14757,5.530939559203077
14758,8.17794797621119
14759,4.481636517868976
14760,7.271184643016884
14761,7.037399745085222
14762,3.2937116556143406
14763,8.027748136936413
14764,7.3944363857622175
14765,3.027596943236084
14766,1.7582343581364477
14767,5.164725129401768
14768,5.7729077987204755
14769,3.514659773547123
14770,7.513738144402492
14771,3.4819278542405927
14772,5.199770079228109
14773,5.886532765254006
14774,4.88268189294201
14775,6.012046221613174
14776,9.091689483796596
14777,5.831617999985602
14778,4.365252351477249
14779,7.568223143216065
14780,4.889955119368974
14781,6.658566326338817
14782,7.624564127323769
14783,7.043663321883072
14784,6.197575667013197
14785,7.57000423895459
14786,7.772311601182466
14787,6.3880309169788445
14788,4.100485736848504
14789,6.23935654111784
14790,7.210579532336581
14791,7.618461252051105
14792,6.0500824642049595
14793,2.1713961769971455
14794,2.393561619983286
14795,8.469376624778972
14796,7.946843660089828
14797,7.608015878109705
14798,5.102856090961048
14799,4.9235042924833925
14800,8.347057635499668
14801,3.1838956330308417
14802,1.9632756868371266
14803,8.524772035543812
14804,5.216304736182099
14805,8.366252662447728
14806,7.087771987016426
14807,3.945131997412254
14808,8.562582234891632
14809,5.730257410571518
14810,7.0461220121685075
14811,7.258162686575462
14812,7.511791260211687
14813,2.367944231552143
14814,4.840712467650745
14815,6.614373791951093
14816,4.981418144171799
14817,2.067755154016398
14818,4.4248014324208125
14819,4.993581910747093
14820,7.784710697472487
14821,4.485982501469697
14822,8.109381320928534
14823,5.479210817363663
14824,5.049923484308081
14825,4.887421522106239
14826,4.332275103431509
14827,5.620112756061096
14828,5.267949180959555
14829,7.5682305010379505
14830,4.670133149911991
14831,7.704133232243725
14832,5.717042981977023
14833,8.20985305622268
14834,4.161323148512512
14835,7.575142688040992
14836,5.979611258240332
14837,6.069837686678846
14838,5.109126810137152
14839,4.550041721947621
14840,4.645080544281949
14841,4.4782576717406135
14842,7.680496618794854
14843,6.484499926374236
14844,2.177002194457711
14845,6.994536121986633
14846,8.373140541235482
14847,5.727766572503567
14848,5.619746998672146
14849,5.783724052148776
14850,5.986215180001327
14851,8.733518690775362
14852,2.168221427241492
14853,7.140308813441349
14854,8.252890946199388
14855,2.6291847011502414
14856,5.927271310316887
14857,4.165335886949716
14858,4.827392892275942
14859,3.789499467450573
14860,2.125182560526144
14861,6.7622046306584345
14862,1.335932991124422
14863,7.577765924814134
14864,6.320452846528863
14865,7.287636138964769
14866,6.911365834810359
14867,4.236202497592982
14868,6.255549241526033
14869,3.156043768196928
14870,4.167027910461229
14871,6.851063154540084
14872,5.376968969461372
14873,6.817557603239181
14874,6.712054055202387
14875,2.6355636985408797
14876,3.8950035104407768
14877,6.0548149434489025
14878,6.98924160561391
14879,8.784757481885764
14880,1.9490106390010513
14881,6.656863099600523
14882,5.238345527946702
14883,7.169859089336084
14884,3.927747433620543
14885,4.909012443223575
14886,6.242473530359838
14887,4.872110749568421
14888,7.606664381816807
14889,8.33499356939045
14890,2.8649190065642323
14891,6.966078722625038
14892,4.8058077043161855
14893,5.296833560645735
14894,4.784424047495095
14895,7.99917598747255
14896,3.250854711206694
14897,5.570530312347451
14898,4.70905413310289
14899,4.464659086176896
14900,4.143855644005441
14901,9.503591442889839
14902,7.038936611055145
14903,6.745013719726969
14904,6.859481847918621
14905,5.0754738711995735
14906,8.683091362016972
14907,4.686836953175919
14908,6.0220979135348
14909,6.938861779461836
14910,5.127799252275821
14911,7.397681980078353
14912,5.001712917269785
14913,8.59288175977086
14914,5.827640707901972
14915,7.583841176514435
14916,5.328485373678699
14917,6.803553369160997
14918,1.918914330342887
14919,4.709058393436405
14920,4.788851654466714
14921,1.0887021924918183
14922,6.1956505523329355
14923,6.230556020503634
14924,6.19531404444597
14925,6.690194482738191
14926,3.375855884666497
14927,4.287774826420495
14928,6.545071162715633
14929,7.549868368582698
14930,4.341987047484109
14931,7.43423146602138
14932,5.692717574886471
14933,9.706950933156406
14934,8.427043837289851
14935,4.544910620708763
14936,7.820733187004648
14937,5.831818423884472
14938,4.864689163595061
14939,8.44850894789867
14940,8.157682217543261
14941,7.474472793381177
14942,7.902351621638923
14943,8.409115425458902
14944,2.750171660991912
14945,9.355509570801498
14946,8.146428007333451
14947,5.522170884658056
14948,5.424575385772415
14949,5.100213380773411
14950,9.522627333937855
14951,6.763428620791698
14952,7.229098217098715
14953,5.675956871123133
14954,4.453632519796339
14955,4.246006293894481
14956,7.320676996908058
14957,7.8707668496122185
14958,7.628178698101189
14959,5.865074076659285
14960,3.35605079761761
14961,6.233714735620743
14962,4.900134653564104
14963,7.063896369542529
14964,6.308137143152468
14965,2.677187752278887
14966,5.754013619945468
14967,5.958068334842773
14968,3.8106104718856253
14969,8.596771178722188
14970,5.759811086811135
14971,9.490253427670682
14972,7.285947739713892
14973,4.679431381159112
14974,5.88273262384096
14975,9.48333673657266
14976,5.307681779566833
14977,6.231585556736577
14978,5.8163132281958925
14979,8.201364949690037
14980,3.633282695223857
14981,4.2176384267769835
14982,6.6704133629933455
14983,6.945000420582836
14984,7.133863889972335
14985,5.552129850175057
14986,4.82254054113609
14987,6.938245523421054
14988,2.214725398231659
14989,9.381784876309187
14990,4.294710667526294
14991,8.766597320459116
14992,4.671902196432999
14993,5.045003519629464
14994,3.5746190243421196
14995,7.714186394004496
14996,8.900286901030558
14997,6.288498104798911
14998,7.39893453612291
14999,5.882269706249732
15000,5.35186394556392
15001,4.653506688008356
15002,7.296385957980899
15003,4.472958576161193
15004,8.992750355221979
15005,7.946992985122496
15006,7.624859115590855
15007,3.492948366375679
15008,6.196485453498941
15009,5.044183836761512
15010,0.17983270658103567
15011,7.159201923703241
15012,6.2286061260040615
15013,5.105441593470991
15014,8.458339348653324
15015,8.160554460153694
15016,6.476625659991793
15017,2.512033751973838
15018,6.970107765775274
15019,3.4742471015392313
15020,3.653163633303099
15021,8.664353254643533
15022,6.8039190788452775
15023,4.211725902300704
15024,7.735481092199416
15025,6.702121662551537
15026,5.836973770415864
15027,7.592869775667559
15028,8.050322393837018
15029,5.3205041324478834
15030,8.840163882628117
15031,7.072766115873013
15032,7.289331982404208
15033,4.605471423669428
15034,5.563091778452392
15035,5.089434830994842
15036,5.84629541950302
15037,4.407943840991933
15038,8.785879817037419
15039,5.480592312401898
15040,7.343640613177692
15041,5.6579700194032005
15042,7.532754360940281
15043,8.564152181934464
15044,4.717992181799006
15045,6.890082852062024
15046,5.110222059175294
15047,5.698648544072192
15048,3.1230935494871646
15049,0.7722086158847459
15050,8.443985335758736
15051,4.925001711395156
15052,6.223639426657412
15053,5.277584842615518
15054,9.365449980716612
15055,9.152015707009749
15056,6.15075753410205
15057,5.50800847266572
15058,6.893762837416276
15059,5.507394302462362
15060,7.9732485028961495
15061,3.8909220479633086
15062,6.409304295945633
15063,8.313967500836915
15064,5.626534254081426
15065,7.5868961359890115
15066,5.847097676874689
15067,8.565085097710899
15068,6.490813693281281
15069,6.539854144468562
15070,7.43664691650531
15071,5.952739239964782
15072,6.920609004669695
15073,7.120979937463831
15074,4.499487186447853
15075,6.392235347190744
15076,7.803592762502225
15077,6.982318591386274
15078,7.01246521088879
15079,7.793165364714488
15080,5.81618879980953
15081,6.6145031792595
15082,7.467054982035107
15083,6.281095989948335
15084,2.3774165647962815
15085,4.173305523076756
15086,5.438818820419023
15087,5.062128738029167
15088,7.9094046253325825
15089,6.533571492933057
15090,7.4905843803065375
15091,3.2370059523051147
15092,6.665870051049044
15093,3.0175814973170105
15094,4.070066961510175
15095,5.451679679326513
15096,7.390011677843695
15097,6.123300554401248
15098,7.138509286461357
15099,5.919525233567783
15100,6.450706195661755
15101,7.289613336078862
15102,8.27555963751902
15103,6.215750443420172
15104,4.8148550622968145
15105,2.3110509928086422
15106,3.817006272791124
15107,6.848024811231311
15108,7.525837457745247
15109,4.332404451711783
15110,4.653723944235734
15111,6.481529753030293
15112,3.4360995575628333
15113,5.433581356023048
15114,6.270923691019834
15115,3.8113554775495704
15116,5.122105066695934
15117,6.122266498512783
15118,4.447816942379438
15119,8.638567095211368
15120,7.746661969662919
15121,5.737228106002847
15122,8.990506313988142
15123,3.9622632420350814
15124,6.411126980461109
15125,9.55336739047197
15126,8.621328417511982
15127,6.954085250858092
15128,6.84253462166712
15129,8.123938023036047
15130,7.238929945009543
15131,9.613025598212605
15132,4.997482775146736
15133,4.152502620619445
15134,7.723672033970378
15135,6.436800244327346
15136,5.775710404493973
15137,6.8246013979647
15138,6.40450915016025
15139,4.434937452116964
15140,1.275650612483421
15141,8.912209740442233
15142,6.310186090808803
15143,4.867957760634434
15144,7.040290865849824
15145,3.3901419621405298
15146,3.4597741926865826
15147,7.539684260062331
15148,7.957524740882312
15149,4.241501707814249
15150,3.9293397784622996
15151,6.311220414607139
15152,6.7207881403454905
15153,4.091418361756185
15154,6.238358198990595
15155,7.88151417142414
15156,5.29951203471561
15157,4.939029827685283
15158,6.5956104900676245
15159,6.101559349289021
15160,4.018437528252942
15161,3.2587759694634704
15162,8.37531060597287
15163,2.1470280711161207
15164,3.416102948122983
15165,5.26810939015645
15166,4.255715923726527
15167,4.386333994448458
15168,8.322324502487985
15169,4.422515678368001
15170,3.720970849611982
15171,5.574844509367125
15172,9.108193497048044
15173,5.65994938121043
15174,8.14778601507511
15175,6.615876837271069
15176,4.859565569228953
15177,4.748708748188613
15178,8.628887460582565
15179,3.7887513387845657
15180,8.594159034810911
15181,6.071549381312705
15182,4.569228435976784
15183,8.810512881433297
15184,2.889718039904368
15185,7.203762691228748
15186,4.375303435221763
15187,5.578392558457637
15188,5.348562855982594
15189,6.326915041757659
15190,7.960590924253704
15191,8.818314316924667
15192,3.511891019603028
15193,5.072557093760145
15194,5.218723145660963
15195,7.282140951792359
15196,2.5548246959370493
15197,7.199174240630114
15198,5.320923019037334
15199,6.810689544446071
15200,9.543445256982384
15201,5.9681200305734965
15202,2.591323256465131
15203,4.043709181026298
15204,4.7326335868737335
15205,5.889539593914108
15206,4.786355727285939
15207,7.62184368385261
15208,2.5861133409501593
15209,6.327290471029066
15210,4.0054825152323605
15211,4.372330563877387
15212,7.011127987899231
15213,7.0060694078763
15214,8.310105540879027
15215,8.068021693157469
15216,4.273011186625467
15217,3.7946432922278106
15218,4.69055579083217
15219,3.7523642798270203
15220,6.325829238064564
15221,8.653373544482253
15222,6.977199653652623
15223,5.48977290429826
15224,6.1479397540656
15225,3.615792756873006
15226,4.0035072846259325
15227,7.261526411337425
15228,4.85317443077534
15229,9.178595128320147
15230,3.0910320140592367
15231,8.920985928033229
15232,3.5120421817487024
15233,2.3027300343066672
15234,5.592690751339054
15235,7.070298058448281
15236,7.651664510150131
15237,7.287097516720717
15238,3.8632790936956423
15239,6.89854838578251
15240,8.269908840683636
15241,2.8341538126567047
15242,3.9222705381380387
15243,3.309695980304223
15244,5.081677827972942
15245,7.267023370706617
15246,7.925899635599607
15247,5.240711987970705
15248,5.175060980017835
15249,5.691483560205438
15250,8.77799886409746
15251,8.519720338489694
15252,6.117328280001658
15253,8.823575966862421
15254,6.129792304181785
15255,3.5086599201608113
15256,2.8521107910363432
15257,2.917782601976038
15258,5.24102663189129
15259,6.7270259400283114
15260,6.445216336017394
15261,5.574937416415753
15262,6.223370390162584
15263,6.09713365978577
15264,6.8029660924520625
15265,2.6596779419974617
15266,5.482673370909037
15267,2.9184047857649076
15268,5.807607492876386
15269,7.372314889899434
15270,7.201649322937498
15271,2.8554463805840737
15272,7.672786965787029
15273,5.647302400985888
15274,2.155666218434261
15275,9.213637473708776
15276,3.7850913730422695
15277,6.670711489458038
15278,6.078055048925572
15279,3.854074916822805
15280,6.787246684775604
15281,8.325611481450062
15282,7.903442988860944
15283,5.40750056849991
15284,7.156505237036627
15285,6.632936782590965
15286,4.651615463194458
15287,5.480446775884859
15288,8.088746040017345
15289,6.2750738540105875
15290,5.375106728722162
15291,3.9510815053012727
15292,3.803715313514845
15293,1.7540015002417193
15294,6.908743183053831
15295,6.53317029761101
15296,5.023937362877849
15297,8.223195123977305
15298,2.3140878480939637
15299,6.7274059546538245
15300,6.270442840389018
15301,9.615445386353475
15302,5.880351907559914
15303,7.488200538790938
15304,6.931085796987298
15305,7.647940740665042
15306,6.932689663092133
15307,9.374342680960055
15308,5.824104536924741
15309,3.0668896478872996
15310,6.587200239987368
15311,4.938874275161235
15312,7.01005685891824
15313,7.982257792377299
15314,7.02293112865274
15315,4.9825879606710135
15316,7.123030910212151
15317,4.96545086832736
15318,3.8645583704531603
15319,5.454031366300182
15320,6.257557203714283
15321,7.382761715449509
15322,4.977749390901318
15323,7.168174101345267
15324,9.066868878941126
15325,1.413356136662332
15326,7.696578304488485
15327,6.80782214513016
15328,6.374772249814246
15329,8.44803835488419
15330,4.515551060754481
15331,9.112497155550006
15332,4.924126064028112
15333,5.218879995859164
15334,4.45580511485477
15335,6.365841986544269
15336,6.611967586174642
15337,6.4349956415678005
15338,6.08623348065324
15339,5.887780406678982
15340,3.3297743812458327
15341,5.320233901509218
15342,4.625682748510665
15343,4.035812488528721
15344,5.326053822539465
15345,5.376613462334311
15346,6.528139603788359
15347,5.045790504004881
15348,5.4853422028552
15349,6.735737851232633
15350,7.238485418426075
15351,6.708486306817318
15352,3.408870978577402
15353,5.247456256743652
15354,2.3756670098087134
15355,8.553203450949587
15356,5.244819972095035
15357,6.240259293351249
15358,8.153844755712099
15359,7.464918868120531
15360,6.56700337722186
15361,5.887062867628687
15362,4.861532327237055
15363,1.3533744565480361
15364,5.5251933447313295
15365,6.554915244209566
15366,4.697759901153218
15367,7.952645323592364
15368,5.179560924594461
15369,5.155327996505312
15370,2.4571499020451384
15371,4.368231265851598
15372,4.020061920174339
15373,3.231306026113714
15374,1.6512123395872513
15375,8.350039160627535
15376,8.071894148947402
15377,5.483127949477648
15378,4.631975883472606
15379,5.618200308367049
15380,8.029601969328814
15381,7.152082345954906
15382,7.5470147470517865
15383,3.892577896589037
15384,3.3327978333486574
15385,5.622559421494467
15386,8.88276163701632
15387,0.6807561094456072
15388,6.617600567754481
15389,9.160599686634026
15390,4.46115019329713
15391,6.397250047748401
15392,2.699258712376622
15393,4.804210204731573
15394,5.4914698178532175
15395,6.740281776810085
15396,5.427917797711535
15397,6.59539395858368
15398,2.5991220672849527
15399,2.9263835392808986
15400,6.366166914969065
15401,3.472069821249147
15402,6.383918932598136
15403,7.083284366232937
15404,7.854971193571588
15405,9.378080253872394
15406,6.405692287533254
15407,5.917062825579392
15408,4.079201683757498
15409,4.956067164832551
15410,5.546223060141094
15411,7.550953955780509
15412,6.1348230681476075
15413,7.653200171585354
15414,3.494965516410906
15415,3.8393319863309694
15416,5.741674937320495
15417,8.786672637458555
15418,5.558944239977898
15419,6.5030191991518596
15420,5.256345530138287
15421,9.685514618950702
15422,2.2064231121496545
15423,4.004132508863985
15424,8.282651154035833
15425,1.246876084130459
15426,7.036526375296383
15427,7.487237820771749
15428,7.654960383847524
15429,7.612257652217883
15430,6.090926274710641
15431,3.723883827183305
15432,6.9058375749662915
15433,5.322314120066599
15434,5.985200916635771
15435,3.722670245538692
15436,5.7266875955699055
15437,4.678734386152394
15438,7.506285132061649
15439,7.52689520894919
15440,4.754053038691152
15441,8.074634574187638
15442,6.94924822760849
15443,7.109722579046331
15444,6.996998685607617
15445,5.832323104370679
15446,3.7939410659573407
15447,5.288355932653711
15448,3.6587170231423602
15449,7.985810518275152
15450,4.2359966056920335
15451,1.6486780517689743
15452,5.2107041129516904
15453,6.0522888804963
15454,4.244994735794374
15455,7.535704363319235
15456,6.048807481631449
15457,9.205932674084501
15458,4.474972425813487
15459,6.561389643525644
15460,5.3205591857856005
15461,9.073363786045299
15462,0.8174594710776575
15463,7.414678773556666
15464,6.21862007014823
15465,8.374799239194425
15466,6.018711168804394
15467,9.173870727102736
15468,5.593655005831898
15469,5.299431215510378
15470,4.027870893292274
15471,3.6475795921531375
15472,8.554258007436506
15473,6.888739509910852
15474,8.3483169849369
15475,3.8579308053146124
15476,5.8164108542727915
15477,4.112937181859964
15478,6.6378974971313225
15479,5.237319791952088
15480,8.085152399927512
15481,7.7581957439837135
15482,6.394800704464373
15483,1.4010207113840822
15484,9.687958450932507
15485,5.844779796542138
15486,6.564859216094389
15487,5.1558161570687115
15488,9.384964687428134
15489,8.566033739986244
15490,2.5644836759065806
15491,4.536461350448783
15492,4.27722910259171
15493,4.420789114079043
15494,4.13389740247298
15495,5.085852892899069
15496,8.659612932008361
15497,4.304370978530529
15498,4.067913395333153
15499,6.747359157702667
15500,7.292219392215961
15501,5.15922792505952
15502,8.119495255980912
15503,7.0254485771369515
15504,6.847240736611849
15505,5.1019698083667535
15506,8.110571596747425
15507,3.538799783863674
15508,7.573134771022462
15509,4.287051513787569
15510,6.123995809061194
15511,5.58653066242124
15512,3.017100158231793
15513,5.072646252363872
15514,7.086832628990005
15515,8.378291675804238
15516,3.931804192553733
15517,5.5236362022143775
15518,6.951028088764996
15519,7.827432349815393
15520,2.7700090764260152
15521,3.813738019318513
15522,4.280106733374479
15523,2.4993437129361187
15524,3.944814921004692
15525,8.20883476848047
15526,4.436501666798554
15527,6.955716070486451
15528,2.2012437461118948
15529,5.937851905626106
15530,3.3785553023863812
15531,4.812388099863411
15532,2.684061108286632
15533,7.855293479202331
15534,8.466904779456842
15535,6.542282953689824
15536,4.554484776070027
15537,6.102005159842363
15538,6.3572873541662
15539,5.268930475172318
15540,8.349517974638289
15541,7.10338605607018
15542,5.527479132219451
15543,6.849680544488175
15544,3.5799138300993856
15545,4.096764805995701
15546,3.9480654778244073
15547,5.273987122723803
15548,7.314876478008347
15549,4.054934553039728
15550,7.503049891864545
15551,8.06520978671157
15552,5.421232523738095
15553,4.25696678316914
15554,8.209166876163918
15555,5.466622751363053
15556,4.222348939534454
15557,3.7657206385688817
15558,1.7109433334938693
15559,5.968046043617663
15560,9.368041664787937
15561,7.96444640180231
15562,7.2859188884855515
15563,5.932545830414715
15564,7.7489015086052975
15565,5.1885793719050755
15566,6.327681452344093
15567,8.896619500835019
15568,5.903899747835874
15569,3.733354541124223
15570,8.771024304479575
15571,5.844214775359512
15572,3.8654339486626434
15573,6.4668735130398085
15574,6.094839392175399
15575,3.093179066086735
15576,3.101679682976513
15577,8.777239367631104
15578,6.451577692584258
15579,5.803159056908967
15580,3.2875664179223247
15581,5.184117005848579
15582,3.7923985394341875
15583,3.427730480630242
15584,2.688158348109494
15585,2.033395811525546
15586,7.023609110032483
15587,4.089139041345622
15588,8.02580582209631
15589,6.958782561711256
15590,7.340926641930392
15591,1.8597516156465745
15592,5.6722439716123905
15593,3.6125252705823523
15594,7.774747194164489
15595,7.8833883911471965
15596,7.459373085464
15597,7.8922459365365265
15598,8.421282086831196
15599,7.345704048825143
15600,5.8108040044969815
15601,5.9000901367987995
15602,4.69068330360163
15603,7.15715958185607
15604,6.991894405426153
15605,3.742960250361965
15606,7.691779331912199
15607,1.2981576218546271
15608,8.423628939074007
15609,8.328334001650724
15610,5.462868686882784
15611,3.2619173169656888
15612,5.565602193685947
15613,4.805137546973664
15614,4.970414796457451
15615,7.673723932891271
15616,5.756684616782812
15617,3.340719560083483
15618,5.0979297112657145
15619,4.392123102718205
15620,5.380799048342232
15621,4.350468126550997
15622,8.104492287731029
15623,2.538784536935436
15624,5.0175110697496415
15625,6.096367667134036
15626,2.2511557927125185
15627,4.817352645737384
15628,8.591636702873824
15629,5.781785832308575
15630,4.494979639812796
15631,4.214358649162838
15632,3.184514785343845
15633,2.842998847095021
15634,7.462767602340113
15635,4.5630396097362045
15636,4.581331628229587
15637,1.36144340352725
15638,5.572571154381666
15639,6.51102163736384
15640,6.884480407042305
15641,7.754107042207254
15642,6.501385296751274
15643,5.665043096459838
15644,7.089050209246468
15645,5.55999925081554
15646,3.2486417682219026
15647,4.78459845923418
15648,4.1086041445183925
15649,4.853283779417757
15650,7.989221250234373
15651,5.598542736124394
15652,4.51078864687394
15653,8.048321153712038
15654,3.018324834288272
15655,7.283022320606191
15656,4.238490153748015
15657,6.27330762688492
15658,3.9925942397116585
15659,6.962099892818224
15660,6.196821734882099
15661,8.028219690433112
15662,3.921358910732435
15663,5.4165664166827625
15664,8.592124549998266
15665,8.505003775113465
15666,2.5065901119660685
15667,6.8701853181261106
15668,6.399606197747869
15669,7.241171089803949
15670,1.8637238459804724
15671,6.475820682656494
15672,6.291018083700545
15673,6.8563746424828445
15674,5.768257563236037
15675,8.485251587266124
15676,8.732164915683466
15677,4.6095704087377865
15678,7.7023769822458235
15679,5.341074737609065
15680,6.601781515769362
15681,6.342250857875025
15682,4.168305178138041
15683,8.980156628285838
15684,4.368125055730616
15685,3.3213925991858417
15686,7.955462913270765
15687,1.2078146914216812
15688,9.656212446146435
15689,6.799606343985152
15690,5.992512447882746
15691,5.791326313330988
15692,7.466048348341463
15693,7.129751315293185
15694,4.712345269537415
15695,4.615309474506136
15696,3.8221666604627194
15697,8.553986240444644
15698,3.5902008930277236
15699,6.963853194088978
15700,4.1660636615377555
15701,6.196621000343171
15702,9.283196628047948
15703,6.156848816611825
15704,3.9601156979781824
15705,4.169657484069567
15706,4.4799742248063765
15707,5.953710329062178
15708,1.8324045994456828
15709,5.800447946615938
15710,6.040595117094195
15711,6.474709595541174
15712,5.2339202460445575
15713,6.489192417765763
15714,4.070644009878829
15715,1.9229253176289558
15716,6.248478273802579
15717,8.709562392013567
15718,4.318619792334028
15719,4.9678479943108265
15720,6.675245529108899
15721,6.350254131552827
15722,7.25420407107486
15723,8.722175720102161
15724,2.9260064419456664
15725,4.858487228199514
15726,6.338430879230773
15727,4.715200053492028
15728,6.463251007560104
15729,9.81027733718512
15730,6.519709072155331
15731,6.017372515064829
15732,4.284552169208948
15733,5.190109790996421
15734,2.3815322349673864
15735,2.871824941980531
15736,5.245820525027424
15737,4.865788912646297
15738,4.442877856037998
15739,5.405746258819354
15740,3.307767406795734
15741,1.4184214260049317
15742,8.273934625928092
15743,4.363269766722618
15744,6.48107636444796
15745,5.451718095947865
15746,1.9426958435673094
15747,6.925823009358108
15748,5.035751765957046
15749,6.955723285094626
15750,6.629554172488838
15751,3.5278849698126216
15752,5.861588727272029
15753,8.128614276531877
15754,5.139139997900107
15755,4.474456818268208
15756,3.5790783466293155
15757,4.547511042556568
15758,4.646533006171456
15759,8.29466979268459
15760,4.019096220258811
15761,6.954895460481025
15762,3.4497299309674405
15763,2.7201744954983944
15764,3.4064973371944536
15765,4.770231387150503
15766,5.186202092413052
15767,3.6228848481049116
15768,9.137123828183721
15769,4.68802226468215
15770,5.580134093602754
15771,4.8385440468934116
15772,5.291088653817777
15773,8.375857901131806
15774,3.643202270337796
15775,4.267092010077527
15776,7.850465531085963
15777,5.598550845163354
15778,6.7659244022678955
15779,3.440038735990066
15780,6.5388580460612715
15781,8.676574179006494
15782,3.7800773128002336
15783,7.411740292984952
15784,4.272107648465079
15785,8.522880820275962
15786,4.756226982428618
15787,5.663141396118805
15788,7.076550025374956
15789,8.183645637315273
15790,3.970138566192004
15791,5.015752385042015
15792,4.368892216876657
15793,6.409194355804997
15794,6.421368464819495
15795,5.866252936891396
15796,5.340068978582
15797,9.708980150752662
15798,7.010063563854324
15799,6.11973502070714
15800,6.829609699477535
15801,4.890725147248858
15802,6.799077487729338
15803,2.8212831243988177
15804,7.465023223866096
15805,3.486318296373961
15806,5.21781577744506
15807,7.731884107341985
15808,5.9353126907160485
15809,8.311913091182301
15810,1.5185132330982598
15811,2.68404109388827
15812,6.057380011627028
15813,7.70374957870381
15814,4.64242256878812
15815,5.0178844799548195
15816,4.5634327943551245
15817,6.388134000426036
15818,5.8806206413703395
15819,5.0841949941888185
15820,8.881750730088303
15821,5.437747403077826
15822,5.735855374964897
15823,4.634386445189312
15824,6.688128055449904
15825,7.440087663073198
15826,5.482089531975398
15827,5.628224791250529
15828,5.15193049030483
15829,7.004719612638397
15830,5.666564408303179
15831,8.500492784463333
15832,3.695433308486889
15833,5.730142423786683
15834,8.075662405327087
15835,6.485617962936008
15836,7.016909790269847
15837,5.6720381658953585
15838,4.273058246351267
15839,7.072982519949542
15840,7.176137350426428
15841,4.254572215975117
15842,5.8687003988768245
15843,3.7265248494915957
15844,6.171146768463483
15845,6.726090293164479
15846,1.765555740289873
15847,1.5729635323394493
15848,2.050247537159006
15849,7.690425445854752
15850,9.479160853147334
15851,4.701932361630796
15852,6.664912012149902
15853,6.559489719352118
15854,6.560779454670471
15855,6.702030641372469
15856,7.815012427044611
15857,8.55171042142694
15858,8.987470188999675
15859,3.075621485713781
15860,4.866093835784364
15861,6.483410067371983
15862,8.527599830440279
15863,8.488742033626266
15864,8.65099766184706
15865,7.27680070301531
15866,7.905668185528922
15867,7.0542569625550176
15868,5.636622535457446
15869,4.504529190224915
15870,3.8647055869835283
15871,8.841710467385239
15872,4.666031566782381
15873,4.5029008610021934
15874,1.3114930753015699
15875,7.0431112857458675
15876,9.706914642262992
15877,3.0081977852516224
15878,6.3773983626721495
15879,6.798874001309649
15880,7.140470163825145
15881,6.269205461841244
15882,7.073573859470268
15883,7.878326836246114
15884,6.825978060339216
15885,5.6237560329510385
15886,5.774131909536692
15887,9.768147601523891
15888,5.085911537039383
15889,3.5206076853219823
15890,5.88474333088875
15891,5.6385379852612285
15892,7.640934870047756
15893,5.795773846106975
15894,3.5341215916599547
15895,9.426646622949189
15896,4.777367523683438
15897,3.3415290163081
15898,5.81385617845245
15899,8.557670046586901
15900,2.840042328672807
15901,7.520528683737175
15902,6.463469592743177
15903,7.172064986376734
15904,4.977776126296898
15905,5.15187239143604
15906,9.275627897629489
15907,7.610285270090439
15908,6.140046786410689
15909,9.024589251357934
15910,4.6114085001261165
15911,7.404210525136293
15912,5.548626630472337
15913,3.0631378465038415
15914,5.227745346726197
15915,5.521147873797618
15916,8.226234282725272
15917,7.633616180367718
15918,6.742422035966335
15919,7.666572740436624
15920,5.946425309279224
15921,6.583164647310458
15922,6.484675327245327
15923,3.584138007270822
15924,2.579099531220609
15925,7.317414276176884
15926,4.15145305569733
15927,7.13203257597848
15928,3.6770850982121903
15929,3.559951846364589
15930,7.031571909744706
15931,8.278365695459303
15932,3.5048111799611688
15933,6.902109200337852
15934,5.5602331345403275
15935,5.604856758338373
15936,4.944247081144319
15937,6.272430472303243
15938,5.316289164736606
15939,8.93288410755613
15940,6.122874792143918
15941,7.3045241415274464
15942,5.180392683689224
15943,4.478053080686566
15944,3.1750748799587916
15945,8.565927057776221
15946,3.529023340465037
15947,5.05743921725921
15948,7.418701082912654
15949,5.895134445934404
15950,6.854432010279984
15951,6.023913850160651
15952,3.7546471673435
15953,8.727216065496432
15954,7.601680430037655
15955,2.376465520590016
15956,4.354965064649556
15957,7.569275023284828
15958,4.400186432993192
15959,2.486738894821426
15960,8.172046650372753
15961,6.4176700734255885
15962,6.106526186031464
15963,5.532911577136145
15964,6.067994757136006
15965,3.850790966172091
15966,2.014450285002461
15967,3.1689605802489313
15968,6.237740825705453
15969,4.014064708228371
15970,8.530451337079489
15971,5.409847354683874
15972,9.01752615116062
15973,4.594586227826681
15974,8.751827989794155
15975,4.548656796499577
15976,3.3654889767372396
15977,8.178207757774462
15978,4.923658198859868
15979,4.856019778488614
15980,6.12177553112851
15981,0.8912736835400927
15982,6.29935297850777
15983,4.289784517268262
15984,8.373325341506494
15985,5.453704303418711
15986,6.975829322181445
15987,4.74119677600883
15988,8.250926445559916
15989,5.271547590777677
15990,3.6383411593658286
15991,8.69805612038098
15992,6.082956712990283
15993,5.070888143655727
15994,7.114941106524327
15995,3.6898757590921947
15996,7.227189395559541
15997,3.001216394434063
15998,3.0477667921833604
15999,8.390118590867928
16000,5.488058346020399
16001,6.122730161170889
16002,5.195051787434317
16003,5.119815731581399
16004,6.539505349929986
16005,7.994710303304524
16006,5.749627897233415
16007,3.2276486224120875
16008,3.4549758378759057
16009,6.091463890735111
16010,7.299649895159789
16011,4.7587056337024585
16012,7.2691184577862575
16013,8.622123549324428
16014,2.87425650077638
16015,7.856349288505241
16016,6.629177969355249
16017,8.000652576679762
16018,5.69443824797726
16019,6.034596760825484
16020,4.465896870636112
16021,6.167117021791574
16022,3.4734346352347174
16023,6.074902339322518
16024,1.2641242610754824
16025,6.600233744268684
16026,5.513568364304556
16027,3.064815444826178
16028,8.628532347915598
16029,6.532325118737363
16030,8.725335515915214
16031,3.9697402875909376
16032,9.438139905062878
16033,7.776072520347426
16034,6.824110079036824
16035,5.157542839995898
16036,7.514179656818405
16037,6.107826113925814
16038,5.768545551770551
16039,6.528916732774911
16040,3.901280371918308
16041,5.775144812743923
16042,1.49807155138159
16043,5.265806750683709
16044,2.9399199372828155
16045,5.62932542978276
16046,6.742740125102604
16047,7.996321660444049
16048,6.831302128133606
16049,7.7361314504172665
16050,4.077224498466007
16051,8.09313219746738
16052,5.504622810863758
16053,7.67974282507595
16054,7.727577142611061
16055,6.543993513848633
16056,9.138602221725138
16057,4.515679823665744
16058,4.507911211927273
16059,5.814987610019767
16060,2.0742295802132698
16061,5.616136248611105
16062,6.075996672408038
16063,5.2146917674124245
16064,4.90641758209682
16065,7.161282097106059
16066,6.997500032933868
16067,6.436095015765769
16068,4.330505650404367
16069,8.125694269333726
16070,4.441099577745249
16071,5.203718021182719
16072,5.833557511586201
16073,1.5995407264043742
16074,7.2345893740146145
16075,5.878017792851916
16076,8.638797945484754
16077,5.038506489081461
16078,4.1763901394413345
16079,8.69811144581638
16080,4.476883204054104
16081,2.6741521832397055
16082,6.943396034092673
16083,5.155690869634699
16084,8.00105994177831
16085,5.775857139064283
16086,6.56060285103143
16087,7.442552518667457
16088,7.072689250307606
16089,7.078348200233675
16090,8.001352502839454
16091,6.179230406277768
16092,5.833312007496068
16093,2.0152060321095706
16094,3.8847859307642083
16095,6.461516351955732
16096,5.985837451691417
16097,7.488573110904727
16098,7.505389797413817
16099,6.227330915521868
16100,7.500103965620582
16101,4.554837646889761
16102,6.620568037003885
16103,3.6048414170118255
16104,5.090262847913097
16105,6.057284123813546
16106,4.46660228313104
16107,5.434770392573148
16108,4.817085955480834
16109,6.292348524831823
16110,6.240267481385616
16111,4.6686228897476525
16112,3.3854865135322454
16113,5.696341501953137
16114,3.4183669973942443
16115,9.68352737207068
16116,5.1633130274521815
16117,7.411885057681413
16118,5.309855646342385
16119,4.784658911871574
16120,5.170544312387771
16121,3.6264095956286546
16122,8.727179177622805
16123,6.7880432414431064
16124,6.373450602550229
16125,5.710071125581777
16126,4.4800491181494575
16127,5.656199728585837
16128,7.803782926810887
16129,6.421540875528395
16130,5.759776083868154
16131,4.293470266750582
16132,6.351705337818929
16133,5.879511094712513
16134,6.969378845693222
16135,7.853058212985773
16136,9.66789304798689
16137,7.312486646982814
16138,4.448258467248772
16139,5.18314363768801
16140,2.757564241557505
16141,7.671999015820237
16142,6.774384341931722
16143,7.613916099893009
16144,5.729637649138553
16145,5.740823350847392
16146,8.161272092953487
16147,5.823297606688028
16148,3.7895936975449467
16149,6.407404166298895
16150,5.948712285961058
16151,5.354544762379206
16152,3.323480602835154
16153,5.149747891553929
16154,6.91438598519413
16155,3.5824217072142774
16156,4.383629384652423
16157,6.5457818750067
16158,4.588011983699899
16159,9.317202979182827
16160,8.602331295713075
16161,3.514131075071974
16162,7.123931430700779
16163,4.648177282939251
16164,8.019265774434242
16165,2.0244821714072843
16166,7.5944856401826515
16167,8.049096977270034
16168,6.476226262188125
16169,5.8502486293467975
16170,5.1511035139039
16171,7.5406531194345785
16172,8.776046723641404
16173,2.821504678566958
16174,8.745533354508797
16175,4.5254785171526155
16176,7.987515874530427
16177,4.123335038177499
16178,7.865813071050056
16179,6.20876248789915
16180,6.881698671556
16181,4.966983750835333
16182,2.187695493095898
16183,8.696673835702871
16184,6.334965849203411
16185,2.8320215047102804
16186,4.276230239265322
16187,7.337057374958427
16188,4.4421540916671445
16189,5.256887590206066
16190,4.004768170315408
16191,4.532263634127359
16192,8.87592472009003
16193,5.4590325286979855
16194,6.6267120307515075
16195,9.194932631226912
16196,4.245250449723773
16197,4.3469416031298875
16198,7.192621769056064
16199,2.937367473110137
16200,7.496587688366581
16201,6.576581660886329
16202,8.998864503273381
16203,7.486960958673031
16204,7.903722003889726
16205,5.276380171243099
16206,9.250768714309803
16207,4.215537554469003
16208,7.02468909836845
16209,3.6032492874048208
16210,6.195971131161924
16211,5.5130696303965605
16212,4.173578483610028
16213,4.422532193441285
16214,6.956725960413002
16215,7.019083036938229
16216,8.08272411726874
16217,2.3967142966894106
16218,5.709484824513847
16219,5.494102793065542
16220,7.339953562036224
16221,7.941256617479856
16222,4.108485539700418
16223,8.669893055299612
16224,5.38626881228762
16225,8.948336432576163
16226,6.585662286334693
16227,3.6177340913254463
16228,8.385273380901259
16229,7.70360216003446
16230,5.390413945389141
16231,6.443319845051286
16232,5.206493127308805
16233,5.699629636432221
16234,5.967852746772217
16235,2.8390152886193976
16236,6.505006015541008
16237,7.676431582111073
16238,2.382338155642737
16239,6.619904124548006
16240,8.23695377683963
16241,9.246258433858017
16242,4.766439066679192
16243,7.279884688083064
16244,5.187018438658462
16245,7.626088384868321
16246,5.990206352329138
16247,3.863066938092807
16248,8.040548243071816
16249,7.761752377509567
16250,7.82138610777571
16251,6.282150769107555
16252,6.257343715999335
16253,7.146559426911918
16254,3.4957582349858285
16255,9.684881102744406
16256,4.733827652732717
16257,5.228253935693471
16258,2.471325322117101
16259,4.886996140876019
16260,5.602551792536834
16261,4.613675385616485
16262,6.286365505939932
16263,5.969126087527853
16264,5.282004477722664
16265,7.37321698668349
16266,4.048869464804466
16267,7.002226679511301
16268,6.486460743612613
16269,6.1380976720086355
16270,9.232388616587603
16271,4.268283809684836
16272,6.8369063215515
16273,5.721680019245502
16274,2.315577745035076
16275,6.272657771592761
16276,7.602909498952126
16277,8.930916865325218
16278,5.213838494924223
16279,7.554653984408167
16280,8.010094249937833
16281,8.642023028506454
16282,2.1784224602081257
16283,7.566602077492442
16284,6.585991923697725
16285,6.45634058927209
16286,6.8331483387597896
16287,4.776861168688991
16288,4.901984652622408
16289,3.1346213485729386
16290,6.271599908569108
16291,2.755289217619514
16292,6.705960230718496
16293,7.4245368275058325
16294,7.476340551215048
16295,7.039440457934228
16296,3.7914208814921238
16297,4.669449101817122
16298,5.003277815687801
16299,4.703620708908188
16300,5.74848076238378
16301,5.04745126209628
16302,5.735650208813595
16303,6.855297023394533
16304,6.077614015788022
16305,5.616979358593027
16306,9.090544651731141
16307,4.611317298546824
16308,6.552640913676499
16309,5.598080473415288
16310,5.060710591948115
16311,4.549586525856032
16312,7.3272929029176685
16313,5.178205839196442
16314,2.9031086983976557
16315,1.445598110204497
16316,6.269417369445449
16317,4.857618988901224
16318,7.685461013660891
16319,9.856581507673702
16320,7.573692181655218
16321,6.108063755637833
16322,0.9378370441203859
16323,7.883661678755169
16324,9.561056205373355
16325,7.174764689217453
16326,6.780050394998877
16327,8.255942683228163
16328,4.8035618618021045
16329,7.8542093065549174
16330,5.983324490082623
16331,5.414629636569382
16332,7.8376186699086805
16333,8.291835447551863
16334,6.01482312627329
16335,3.5309161011720223
16336,3.0932061152845356
16337,4.506839778525291
16338,7.177978253292053
16339,8.107515569923503
16340,4.258314920062959
16341,6.73345977027485
16342,7.777683643211708
16343,8.232318180710276
16344,7.177582875090351
16345,7.286502306527836
16346,4.441235363460271
16347,6.9475742344918245
16348,5.900141892661332
16349,4.248483605379139
16350,7.537921202034883
16351,5.183743874165293
16352,5.35186065077122
16353,3.8023008145477797
16354,0.7949949130468934
16355,6.852660992931476
16356,6.328057812602813
16357,8.477288559263389
16358,7.656012080440952
16359,5.394815254782347
16360,3.7101805233555853
16361,5.065717587568307
16362,7.054314312422329
16363,5.18721101984031
16364,8.61853430526068
16365,7.095074179489763
16366,4.408826133649625
16367,4.488132423387386
16368,4.11535678480723
16369,6.581430738882917
16370,7.685447656129526
16371,6.896372483266699
16372,1.786717958247642
16373,7.312794785784418
16374,5.999937215994031
16375,1.9908498539118102
16376,4.545667764099191
16377,4.598441080243086
16378,4.496855494332001
16379,7.6718270898794225
16380,4.401317558886733
16381,6.73689707607159
16382,4.711310341706416
16383,2.432612832978429
16384,5.551166527628407
16385,8.279545760282868
16386,3.182598521722041
16387,8.258192273837945
16388,4.789409210665257
16389,2.1994891526519966
16390,6.4269514585698255
16391,5.218828392911281
16392,8.046080861794678
16393,2.676530783517648
16394,4.43322640169357
16395,4.75936220518462
16396,6.742469949188316
16397,6.725299802302846
16398,6.942697342555926
16399,7.695674468991702
16400,8.133727002312726
16401,8.43402969943965
16402,8.630747476808939
16403,5.3742856262361025
16404,8.402784734553041
16405,4.24612445993253
16406,5.825724684860974
16407,2.950348058832811
16408,0.9585947779982755
16409,3.7225784567365445
16410,3.6264257575437977
16411,2.872298836039801
16412,6.1603207559041415
16413,9.048910115523757
16414,4.323303906135893
16415,4.375332328239137
16416,4.632607959599245
16417,7.184707786467136
16418,6.654494498393991
16419,8.282392382740415
16420,6.513644276956713
16421,7.662273208264242
16422,1.963731883226884
16423,3.455202118942705
16424,7.375303506932192
16425,6.6960952463090235
16426,5.805192777812683
16427,7.328295821964252
16428,5.299679565584105
16429,7.156565719304361
16430,6.512911890951935
16431,4.473436756388823
16432,7.971755178201188
16433,4.606015560554859
16434,6.866762043133796
16435,5.429648884882289
16436,6.7121094065135525
16437,9.151094756688135
16438,7.380233547630934
16439,5.311989798116048
16440,7.112495224354387
16441,6.450291828673356
16442,7.619359243986265
16443,2.578925648620613
16444,7.701038800875651
16445,3.6369610369664205
16446,2.6983517165912256
16447,6.027543211056189
16448,6.154827733701637
16449,7.911081553746596
16450,8.018244485488239
16451,4.695130590378909
16452,8.182024908396228
16453,8.93670946067419
16454,5.322741027851796
16455,5.2790270070831635
16456,2.340532372082955
16457,9.865392403605561
16458,2.211349858591295
16459,7.62192448343269
16460,1.5134603215380444
16461,3.0800149384365545
16462,2.551834594260859
16463,5.981448044400077
16464,8.920705262813716
16465,3.6776709084674755
16466,8.449085945379807
16467,2.458520810861926
16468,6.918784810108132
16469,7.576000793860488
16470,6.859951705599379
16471,4.608103024019032
16472,3.072544678802519
16473,4.72876836307941
16474,7.211704102715952
16475,3.575514734630076
16476,4.663566511986948
16477,5.744273756828272
16478,4.926719225059787
16479,4.998201610030914
16480,2.7050175218008548
16481,2.678107283587231
16482,5.137068936432579
16483,3.0333229244282873
16484,5.913689204993138
16485,7.087461808754194
16486,7.987986178987277
16487,6.267213056858977
16488,3.069591299835343
16489,7.867424623519948
16490,4.975120466084334
16491,7.960236769482808
16492,9.172125522676977
16493,4.4317888109426375
16494,7.37083640716828
16495,4.059296671525647
16496,6.909239346573436
16497,8.577019405021229
16498,3.876566708908051
16499,8.599487623290539
16500,9.646098752702265
16501,5.971688769271572
16502,9.133639169286399
16503,9.012179780296718
16504,7.221005439302134
16505,2.7527609365703514
16506,5.9768363701194165
16507,5.4521399606802845
16508,7.8276671207294
16509,9.233087732308576
16510,9.372092556605292
16511,5.446272948624668
16512,4.6758294502746125
16513,9.033747934239088
16514,6.669706646380243
16515,5.60845090432097
16516,8.245010894089845
16517,9.35146661466829
16518,5.385868271808381
16519,4.2498497662844565
16520,6.171747275834639
16521,7.40389200628996
16522,5.045495663710036
16523,3.1205610036405713
16524,4.900000981141956
16525,7.540927935659342
16526,6.434469001996169
16527,3.8530445918201597
16528,8.94091204945963
16529,5.089690663241827
16530,5.193079665829845
16531,8.454221202876903
16532,5.291729637457449
16533,4.537781843743209
16534,6.550244357206875
16535,4.387349133704621
16536,5.836725545304414
16537,7.740001318118264
16538,6.734703105655185
16539,9.017980049660071
16540,5.703544120031792
16541,4.3529927071037084
16542,3.6193730515997613
16543,8.961086797170761
16544,5.372165966261637
16545,4.410999466489086
16546,6.632015413816772
16547,7.027886183796142
16548,6.096492360141639
16549,6.122717995160958
16550,6.347247695494929
16551,4.140112258405695
16552,5.9577364661696866
16553,3.7648978351373854
16554,7.203163056090893
16555,7.395450221103184
16556,5.6102986883741055
16557,5.000793314810417
16558,8.654685576934686
16559,6.618874226773248
16560,9.46177099144078
16561,4.02449311640301
16562,9.148631078219289
16563,7.229009786738319
16564,1.5491853170051981
16565,6.419127230830713
16566,5.395567002465647
16567,7.894991857065801
16568,4.337534243986236
16569,8.080080346859924
16570,3.923637242627347
16571,6.293081532897794
16572,7.263614370940083
16573,7.282599562374142
16574,9.094475243734879
16575,4.085807572040375
16576,8.528378589337796
16577,7.581524361076701
16578,7.704087708350746
16579,7.644382389916166
16580,5.650627520993544
16581,7.0908423679438775
16582,7.034039410333841
16583,5.726671163263864
16584,7.362240466913763
16585,2.586118560833714
16586,6.996323240882286
16587,6.52415714033966
16588,4.860486402562962
16589,8.32786758520777
16590,7.839285164347337
16591,8.22093241512619
16592,8.365944752113382
16593,8.35823487286386
16594,6.814115586034757
16595,6.732067756704419
16596,7.566328689947353
16597,4.784537405034848
16598,3.4816136199720438
16599,3.3145353081539817
16600,6.377348893630966
16601,8.3661598522899
16602,6.124242256216438
16603,1.5833747444752153
16604,6.4657159123155195
16605,2.191934116664207
16606,6.185575485234206
16607,4.976800595274922
16608,4.900136380598502
16609,5.404545055617846
16610,9.44144978863275
16611,6.276074553894187
16612,5.075501959404267
16613,5.332527041823137
16614,3.6232435641077045
16615,7.761451408925638
16616,6.41726114337851
16617,9.15693374524656
16618,6.596593688331306
16619,5.325676175908506
16620,4.087188276035368
16621,7.083504216570329
16622,6.854773868852227
16623,2.32641102626309
16624,5.294967299164641
16625,7.436558507796006
16626,4.674770330616637
16627,4.055197020299247
16628,8.731014769967544
16629,6.798193350147844
16630,5.796593557800621
16631,5.2501921946122705
16632,4.053828987642205
16633,8.218904955990048
16634,8.498359857860406
16635,6.394028664381231
16636,6.074960222255242
16637,5.569695593988479
16638,4.048418623942477
16639,5.739406618228855
16640,8.215665636207287
16641,5.367844583556687
16642,6.427609837469509
16643,5.959188452134603
16644,4.797246074147504
16645,7.366887811972671
16646,7.732634887350914
16647,7.6088630474590095
16648,8.557580708724274
16649,7.67131616848318
16650,8.904974909923997
16651,8.299867636856114
16652,2.5303611027637265
16653,6.678885122346748
16654,7.282095521581771
16655,4.9717231047069195
16656,6.329884817481242
16657,4.827128266159194
16658,6.878387125457787
16659,3.900049878570921
16660,6.9415476357809816
16661,9.809029591971349
16662,7.6915946918061415
16663,7.170884129968091
16664,5.955563303158714
16665,2.0491822310898495
16666,6.003366483402965
16667,6.385505754514501
16668,6.505909469461747
16669,7.244477501139068
16670,7.9049305348983445
16671,8.581719014949968
16672,3.023151106987287
16673,6.370118768490485
16674,6.999193332032426
16675,7.76034325779813
16676,9.505290265755615
16677,9.232994410474074
16678,4.846505329416466
16679,5.339082427199856
16680,9.243256296914915
16681,3.635693066079713
16682,6.944173336573709
16683,6.705380260775102
16684,5.842864438543958
16685,8.403203910487825
16686,7.047191316989526
16687,6.341651723381008
16688,4.983496048650794
16689,5.850830584674237
16690,6.3718328487838285
16691,6.397853798419208
16692,6.27709883336267
16693,5.117059390893962
16694,6.76115224508078
16695,7.167343576025317
16696,5.932193697620031
16697,2.9716029323713906
16698,5.261429113950131
16699,6.6550664903906
16700,4.669882712060577
16701,3.5540088492168147
16702,6.907995722978285
16703,7.143679188022803
16704,6.347254504177441
16705,6.931173103840045
16706,6.98069955946428
16707,6.172679781044999
16708,7.055039532785992
16709,2.7414321588530997
16710,5.70268951317844
16711,7.161207960209148
16712,6.530094591348923
16713,8.723499643589328
16714,7.33553147691398
16715,5.2095816609120575
16716,7.520679458618124
16717,7.60783489930178
16718,6.111341954052996
16719,8.667075424424432
16720,4.524618176024198
16721,1.5994160981905563
16722,7.786573681527814
16723,3.236434333960357
16724,4.642343800142381
16725,4.720792758560758
16726,4.570408621612652
16727,8.150431890857432
16728,2.264820496843761
16729,6.058803216327575
16730,5.165974379246355
16731,7.395441509354016
16732,8.477884827483393
16733,6.139689287961703
16734,4.99036445443692
16735,2.1204355443123517
16736,7.573138400717201
16737,3.7869392974462137
16738,5.45849654134134
16739,8.096343505545562
16740,8.008732078298781
16741,8.310394990307959
16742,7.4817705747089125
16743,4.225428581570311
16744,6.994984655924563
16745,7.719338818916382
16746,8.606144591524185
16747,4.16502563064855
16748,6.171108913148531
16749,6.747443999925611
16750,6.131460506191104
16751,6.35956589905243
16752,5.773977955211202
16753,7.416237698259801
16754,7.4398190966378905
16755,7.342761403770224
16756,7.282667173223496
16757,5.719072019911891
16758,5.507523850966755
16759,6.557406483624083
16760,3.3085140927261767
16761,6.5850264173935145
16762,4.88936141885813
16763,4.401386077536689
16764,2.068439691955338
16765,6.369516343379857
16766,4.013567201501845
16767,9.130953061449677
16768,4.497844019695043
16769,7.615171240819722
16770,2.61210801877177
16771,8.226014848470786
16772,4.179804005482717
16773,3.5386390053232715
16774,2.6296946441556353
16775,5.895452928059321
16776,7.067317321741706
16777,3.3788703644041114
16778,7.42614275303821
16779,6.330563990673488
16780,6.209004775919299
16781,4.05143677135626
16782,8.40023771098804
16783,5.146346471761289
16784,7.76156176143474
16785,6.572626365869109
16786,7.71554432594126
16787,4.932332133206232
16788,5.382051829463938
16789,8.532471672977808
16790,8.58532017549773
16791,7.891606665745568
16792,8.79702729146284
16793,5.874692359037208
16794,3.1355991956794473
16795,4.223540202110701
16796,2.442819579150629
16797,6.252229400342352
16798,5.2297083407398866
16799,8.483143088688681
16800,8.74316930055765
16801,3.4292880573090754
16802,5.860880503117569
16803,1.6621192952394557
16804,6.703652383658667
16805,6.968483040460436
16806,7.0920454854400505
16807,7.330735395061169
16808,3.11038362609263
16809,5.751720584243848
16810,5.7325741928885146
16811,7.191270703537276
16812,5.779871691374587
16813,8.39613206020286
16814,6.951460468705552
16815,8.369443596014401
16816,8.497759274052498
16817,4.451013585191305
16818,4.170792653068097
16819,5.3524798149470065
16820,4.958589740583764
16821,5.212324630898602
16822,5.700003186786322
16823,5.907901410519263
16824,6.216597292624394
16825,7.4235832234208985
16826,4.437828891090758
16827,6.729453558268449
16828,5.93379218545271
16829,2.550441198357216
16830,3.948715697473259
16831,6.422970106808586
16832,7.070479754514512
16833,6.711363286994731
16834,3.2533387412200367
16835,8.106456882751843
16836,5.752878854160638
16837,5.093844272296554
16838,2.877418241844043
16839,8.694175925932647
16840,5.328834115626404
16841,2.2076691916610054
16842,5.805452359113691
16843,4.881841017915405
16844,7.129739142504637
16845,4.9121978170953255
16846,8.038997409493943
16847,7.337098271093095
16848,6.234905964544949
16849,8.505976165314726
16850,5.767972783444569
16851,4.157315132435063
16852,5.24599168097179
16853,3.5506158351899315
16854,9.589380300924562
16855,7.518185812414251
16856,8.340532006007962
16857,9.887448099755126
16858,4.8104335875659086
16859,7.122422499372804
16860,9.452576276870978
16861,8.978850912625665
16862,5.379730045460583
16863,4.675558972105391
16864,6.331834311209182
16865,9.520087920347724
16866,2.6231765773047346
16867,8.633148245029808
16868,5.96670711177318
16869,7.149827334955048
16870,6.8560237655454745
16871,6.361928870077474
16872,5.532062353247781
16873,8.08723810834703
16874,4.684154913855899
16875,5.395244953343895
16876,1.3610959399102232
16877,4.377379187228737
16878,5.994072279028083
16879,4.896555262570775
16880,6.555213314803795
16881,7.819566510194869
16882,9.328798916955462
16883,9.31109478948805
16884,6.559600696897687
16885,7.446674470326563
16886,2.1079672864288903
16887,5.361835036836943
16888,1.8174858365437379
16889,6.29206069745972
16890,7.311501109564419
16891,3.6070673007080245
16892,7.265638245608
16893,8.818659161203861
16894,4.418333887357557
16895,4.111308273280988
16896,6.838491621265977
16897,6.728645914332833
16898,4.929199822202599
16899,9.031346342729274
16900,6.633894277846805
16901,6.295144433770854
16902,5.290270980073762
16903,8.556047202231372
16904,8.391831125475624
16905,7.39737827445636
16906,3.3366163382487786
16907,9.280507875914761
16908,7.02102614069831
16909,3.4026602977731817
16910,6.011397088647181
16911,6.408998134228899
16912,3.2575131605320653
16913,2.287523909881344
16914,8.895961579981421
16915,8.132639614104676
16916,4.249744552618611
16917,7.186858152025307
16918,6.633444847981017
16919,3.988363622354254
16920,6.819150381256761
16921,3.2764988474270957
16922,7.598817532402565
16923,7.138313290781016
16924,7.500573633037355
16925,9.273051456714118
16926,4.437825374168824
16927,1.7967676772505743
16928,3.7130557402493913
16929,5.9139451789593025
16930,6.260445989241324
16931,2.8948845774986385
16932,4.228873557738956
16933,4.3572520525402405
16934,8.973885994880533
16935,2.80328896408675
16936,6.643108473380857
16937,6.40455140345723
16938,8.020315558985487
16939,3.5548072205708534
16940,3.9781824639872325
16941,7.563326634087945
16942,4.8558375243575655
16943,5.1559110227296285
16944,6.696064476979952
16945,6.783647899105455
16946,5.263626983223698
16947,3.9092796913187238
16948,5.483084636057823
16949,3.6039809449783315
16950,7.533969859613905
16951,7.068967058713796
16952,7.734646559941271
16953,5.456161932661229
16954,7.794123093804192
16955,5.05479477313584
16956,6.624595818534052
16957,4.9989208518948995
16958,0.9218187932673746
16959,3.6460714024743184
16960,3.7294605359399555
16961,7.8766166864692195
16962,4.288320325247095
16963,5.723172677196182
16964,8.247340699769193
16965,3.1682912570238595
16966,2.990777613623016
16967,6.007358238736425
16968,6.919568540943864
16969,9.83989245752362
16970,3.5956412588487785
16971,7.385655521505994
16972,2.3633285600012504
16973,1.2008121990341676
16974,4.250155788599962
16975,9.340043846494225
16976,8.510801383180446
16977,8.61824119966883
16978,6.947000450588391
16979,5.0307002508880565
16980,7.138243509385447
16981,3.2411682770251597
16982,5.661365360002433
16983,6.864181801298742
16984,7.311772850647728
16985,5.082830863558923
16986,7.251515691894024
16987,4.135486979159276
16988,6.502231235978232
16989,3.977892792639124
16990,5.20492170170304
16991,7.528285975246781
16992,6.93916918210258
16993,4.996173791750145
16994,7.175125148292926
16995,5.04283048287742
16996,8.728816980792686
16997,3.80857368841453
16998,5.214813345603966
16999,3.5642518057514554
17000,7.610573439416796
17001,4.034912760614414
17002,6.731932729699392
17003,8.350233069124727
17004,8.861149642147467
17005,8.738614178597757
17006,4.288145970071013
17007,3.602023524149538
17008,5.296954164037466
17009,5.446309776463147
17010,4.006915354951527
17011,6.34601655304824
17012,6.172570683196613
17013,7.455398780168539
17014,5.414127866769923
17015,3.164254824221474
17016,7.141982505505347
17017,7.114167439507943
17018,5.301756228097014
17019,7.698139207504082
17020,7.363579440617407
17021,5.2014635228004344
17022,6.383899966330139
17023,6.834060823939415
17024,3.5885523732146147
17025,5.651877183796862
17026,5.046493103850494
17027,9.369469293040611
17028,1.1118800537361369
17029,4.06249049774042
17030,6.559381397698019
17031,9.052112059821471
17032,3.6170059224524564
17033,6.217738230497579
17034,3.7337748331889324
17035,6.754659089354026
17036,9.059784280863132
17037,2.915770111753586
17038,3.294276539108943
17039,8.681748283788835
17040,6.43935629635684
17041,6.908969239634828
17042,4.354090842551076
17043,5.349850370409977
17044,5.784536089102876
17045,6.486587075002307
17046,5.597552712942651
17047,9.101147841181762
17048,4.720747072984182
17049,9.980434160122506
17050,6.760303440161229
17051,8.121328335040667
17052,6.6975610160791055
17053,6.6573686359970194
17054,3.950057093285687
17055,7.47166637685581
17056,3.6520530077673734
17057,5.299584690108656
17058,6.64230125335358
17059,7.2183124839319674
17060,6.096106973496015
17061,5.618337489035191
17062,3.013609092298722
17063,7.389739718798359
17064,7.099959686816011
17065,6.811236834512478
17066,4.220053956458015
17067,4.518509084295005
17068,7.486368619484967
17069,8.445967764662376
17070,6.5715806945481265
17071,6.025118861583373
17072,5.390718734387513
17073,6.41780688690756
17074,4.0408069777917
17075,4.7340431271155445
17076,6.172108322847122
17077,8.232636093475664
17078,5.056941941422456
17079,6.196207432423259
17080,4.0021371853666965
17081,6.219586514323677
17082,8.489879322951356
17083,5.1537348039834345
17084,7.922949183704217
17085,3.8985234860525377
17086,0.9380771344408544
17087,2.4030678338100877
17088,6.87321171353962
17089,7.846806476321619
17090,6.745592577415577
17091,8.248905805905089
17092,6.576450733976083
17093,8.360655928538545
17094,2.19944271513212
17095,4.896034492852149
17096,1.518147623404913
17097,2.567843836573027
17098,6.291473989211876
17099,2.0985911045785937
17100,7.945533284041929
17101,6.368774817117521
17102,7.69431155845968
17103,4.424100380395779
17104,6.738025126297918
17105,7.506763859716589
17106,5.784846033325603
17107,1.7553661947256174
17108,4.061318888810981
17109,8.437457528921268
17110,5.642333750634555
17111,4.8832751323953945
17112,4.682168551176991
17113,6.621942470916231
17114,7.106127174605966
17115,6.664283996916078
17116,4.9087079769664115
17117,4.563488485346099
17118,8.32199294946458
17119,3.5173363896540373
17120,5.4030958558433015
17121,5.524282706603371
17122,8.395390555238691
17123,5.035810783930331
17124,7.543075688843054
17125,5.376237790082044
17126,5.104034319481465
17127,5.783685511534726
17128,7.985328938622332
17129,1.5541959775079752
17130,9.297443228526685
17131,8.586939793215418
17132,5.6019959768966086
17133,5.545987242173899
17134,5.117916383261192
17135,6.387325840185083
17136,3.7220099318969626
17137,7.874393277670498
17138,6.494954776378495
17139,9.782789455115898
17140,4.853452462356392
17141,5.91863987465306
17142,4.1449429740482255
17143,4.401205799511123
17144,5.133238636249471
17145,2.5294555430421255
17146,2.789415948031229
17147,7.549650158216689
17148,4.28564001072707
17149,6.518447785325677
17150,1.3245931337385661
17151,6.1183872432970325
17152,3.1502629748330055
17153,4.309451064666341
17154,3.5839453141174458
17155,3.476322336168949
17156,4.2787036848351745
17157,7.4814694865289955
17158,7.257452557633366
17159,8.062264674914084
17160,4.3945379654522
17161,6.668928649553193
17162,5.768009561921209
17163,8.038625188230249
17164,8.426903774536397
17165,5.922329954512465
17166,8.947980988498706
17167,6.281606970284095
17168,6.971902587440777
17169,5.983865588394195
17170,6.945895924376326
17171,5.101593499377621
17172,7.018648999406889
17173,8.097506831592872
17174,4.556817104854067
17175,7.007971498810435
17176,6.38439519518031
17177,9.376730610939873
17178,6.071290282367968
17179,5.35970887617786
17180,8.132735954634178
17181,7.2084839239498475
17182,3.9144422463424084
17183,6.6810090846818975
17184,2.8660371134849276
17185,8.302664026716574
17186,5.118124533792524
17187,3.524483236309245
17188,6.4193169367884035
17189,3.1157685359320073
17190,4.510858655449219
17191,6.554722620920552
17192,4.138459083721502
17193,8.121744581670383
17194,2.6294569711066678
17195,4.203703342350519
17196,8.913083589613567
17197,7.385962736313564
17198,7.558085954399605
17199,6.930043876069391
17200,4.82170716264678
17201,6.150931747412404
17202,6.831776527346944
17203,4.634837013442482
17204,7.266815235293205
17205,5.649717398704146
17206,3.697776704064235
17207,4.0871097229471784
17208,8.091621470578387
17209,8.5858185100555
17210,7.491367333657166
17211,7.959365187861854
17212,3.354154566047507
17213,7.092857132867472
17214,9.084669009295592
17215,5.941563896636971
17216,9.761197877207856
17217,5.220996928805189
17218,7.111234444493685
17219,8.361189532166295
17220,3.2503133874140397
17221,6.099809221380102
17222,2.074255963167383
17223,7.2869241297455005
17224,5.689352678277687
17225,2.573337447454943
17226,7.378189560337287
17227,5.634374216785268
17228,8.193197143672633
17229,5.377570002359525
17230,5.0814587707807695
17231,3.7573345471866375
17232,5.007893772971313
17233,4.788077908888246
17234,8.545606901244703
17235,8.644561698568722
17236,5.623343711807542
17237,7.576421414485769
17238,3.9777205226539585
17239,3.9054426821716475
17240,3.7570410743092757
17241,5.521364604754743
17242,4.25038465187121
17243,2.1463825323071517
17244,7.478493612316448
17245,5.699534246294942
17246,3.989113776896695
17247,8.937904235511569
17248,4.345410682470343
17249,5.500579579602891
17250,3.9931599701329987
17251,6.229060676839497
17252,7.101524959772696
17253,8.596255282828292
17254,3.4341673435258366
17255,4.542426202944272
17256,3.6616024124116846
17257,7.598112197123868
17258,8.494566849894085
17259,6.777937013937023
17260,2.2565171751566178
17261,8.39766419320474
17262,3.1923832607397804
17263,6.814129543096597
17264,4.751316315784938
17265,7.386828937931718
17266,5.4780926076558885
17267,8.295969887954936
17268,2.939718866511682
17269,4.808949816164516
17270,7.042860016081812
17271,1.8686679778571749
17272,6.9999148304728696
17273,3.6244975223866756
17274,8.322862388277933
17275,6.738924428387037
17276,2.7815066633947607
17277,4.32834157290526
17278,4.603118546382497
17279,8.97205404214623
17280,6.279941657614977
17281,5.469338957203927
17282,7.374514807418844
17283,7.062310117865636
17284,3.378313683011702
17285,6.50774459035463
17286,7.156527174561358
17287,8.223816282199575
17288,1.4033405448192133
17289,4.52194960942534
17290,5.457835726432122
17291,4.397097982692461
17292,8.494284175181086
17293,3.832490069148399
17294,5.337165010198081
17295,3.006705161832885
17296,6.661009956448444
17297,4.881118264085442
17298,6.809199924446675
17299,6.29646612959294
17300,5.456616565952687
17301,3.723239216493158
17302,8.73638109944061
17303,6.44264152640147
17304,5.2480847238871435
17305,5.719996388172483
17306,3.434096551286612
17307,7.741528277265267
17308,7.480665220926391
17309,2.0560577760222913
17310,5.761899527043251
17311,7.31855460121714
17312,5.877027021682534
17313,7.91251031295857
17314,8.350318404081097
17315,7.582456082784628
17316,9.247088757264258
17317,6.909666917451535
17318,8.269503863111755
17319,3.119303666835302
17320,7.15242048588439
17321,4.763493140907945
17322,4.0697351901375605
17323,7.8707463719121815
17324,4.909492873512025
17325,6.42956400068285
17326,6.665018645771017
17327,5.985236257770902
17328,4.668274504374211
17329,6.5132457299810085
17330,4.916504523154407
17331,7.859844572320418
17332,5.95833847590051
17333,8.628124474699383
17334,4.753727432738215
17335,7.2019351056398415
17336,4.505264875755312
17337,3.4295921886404273
17338,9.102799110730201
17339,2.4862286484983196
17340,7.128485340788587
17341,5.745654336360696
17342,3.438616325065553
17343,5.623598379487026
17344,5.280351412375589
17345,8.487339826517456
17346,4.193207801466456
17347,6.358318425326762
17348,3.1823665750670567
17349,4.433440093334073
17350,6.622567701297626
17351,6.791272562947494
17352,6.086379717105073
17353,5.963039992492576
17354,6.778942140295247
17355,5.942708973256786
17356,6.952874559520647
17357,4.269319870189491
17358,6.519036998165937
17359,2.406134680175569
17360,2.229992239847485
17361,5.553068047902482
17362,8.484843301613449
17363,5.437019188398055
17364,7.609375156791122
17365,4.745824120693166
17366,6.790334815301934
17367,8.49158508079991
17368,8.492050931089452
17369,5.172586760980582
17370,5.376739426717929
17371,7.952916844600759
17372,7.069872003826707
17373,7.253426173285216
17374,4.5315366751273265
17375,6.130511403561749
17376,8.171267310593771
17377,8.231590244780401
17378,7.53067375884052
17379,5.654596240983139
17380,8.519600875033781
17381,3.793694784737414
17382,6.982060857995988
17383,4.019206553188562
17384,7.918073149136583
17385,6.554674147056069
17386,8.769656267793788
17387,8.88972469894568
17388,7.903595885854059
17389,7.569878702746214
17390,3.1038125441472584
17391,4.040584960514923
17392,5.610598713495199
17393,5.426841405891354
17394,7.635118669974412
17395,5.439344516590905
17396,7.007554187536521
17397,7.249475385545866
17398,3.74768354733536
17399,7.422374283320877
17400,6.420944503252455
17401,1.5284380061005516
17402,4.12262664671289
17403,7.161706144448099
17404,6.109394558339313
17405,4.244482390528768
17406,3.978572471658012
17407,4.500429650617835
17408,6.087218785345561
17409,4.870250979414587
17410,8.596899885909194
17411,5.424176539563644
17412,2.2233142740526217
17413,3.5129289402950943
17414,5.627387591115199
17415,5.905290940153258
17416,6.995043758224463
17417,5.7169596598900725
17418,4.561590323077403
17419,6.430512412729042
17420,5.33965131718473
17421,7.5361622899718235
17422,5.757575769923227
17423,6.616423124228132
17424,5.4254787086719976
17425,6.735726783409729
17426,7.858359271639914
17427,4.669642182703372
17428,6.6311760555579085
17429,6.234320603107553
17430,8.073224039258736
17431,4.028218809294936
17432,6.704752839725211
17433,7.7570595506659075
17434,4.744226652717091
17435,5.187293834568461
17436,6.796296970935462
17437,5.66671991476065
17438,6.7521109263584895
17439,7.280271720457698
17440,6.441738404708352
17441,3.64911041259535
17442,7.828679067954788
17443,4.898540731525031
17444,9.08896604028122
17445,5.527320919338512
17446,6.600406943427696
17447,5.386865567674857
17448,5.838547404632373
17449,4.207331031944578
17450,8.853796290603208
17451,8.114665979788775
17452,8.713544237950416
17453,6.343176844464326
17454,6.9129900669885025
17455,3.4418135646932186
17456,1.7410441806396662
17457,8.163499714043288
17458,5.261777442853294
17459,4.379777782550894
17460,7.061315956807912
17461,4.006396283641697
17462,5.5154873601639345
17463,7.436688513873749
17464,1.5313212995558734
17465,9.410063030057993
17466,3.534438850558975
17467,5.720174914228583
17468,6.631832835939373
17469,3.728451902624096
17470,4.379039124605994
17471,9.74946647459456
17472,7.977437606636898
17473,4.18345876687914
17474,4.000828401896096
17475,6.629713205140953
17476,7.0211855083172505
17477,8.394803517836902
17478,7.1941344962871385
17479,6.833325574652273
17480,4.573809014543231
17481,4.629532364516268
17482,1.8226160263436293
17483,5.427707625706067
17484,6.086572110453669
17485,5.012006993140839
17486,5.1868639059345405
17487,8.80470337250924
17488,6.648033502063748
17489,5.361811789842546
17490,3.755095519252112
17491,7.12214473964756
17492,5.881763569802804
17493,8.069547899130619
17494,6.195295213160629
17495,2.612305736722714
17496,8.276092112726591
17497,2.696571416249604
17498,6.75194288218807
17499,8.541113440072593
17500,7.6079562250890795
17501,3.1060584674687153
17502,5.930369379971184
17503,7.4710120565489175
17504,2.7600628286124382
17505,2.625472860945176
17506,7.57390443457369
17507,6.317433776958946
17508,7.89742895221361
17509,3.900932737543179
17510,5.631774431315699
17511,6.714308992078555
17512,3.315713044255471
17513,4.659473395022758
17514,1.8395782803502083
17515,6.627896779778115
17516,5.578202262238911
17517,9.279920803504607
17518,2.110443766363952
17519,5.594329648127198
17520,7.507731282196188
17521,4.0652520535833006
17522,5.029136384826418
17523,7.569423261349111
17524,8.658124244133457
17525,5.063189940805659
17526,8.76244405059268
17527,5.05649732156846
17528,4.310027772422796
17529,4.976335483561305
17530,2.4368029929085404
17531,3.810436092679712
17532,6.6039065796610235
17533,8.028754327274935
17534,3.2235922702683855
17535,8.542950827909223
17536,3.6182701103410326
17537,5.350658244776421
17538,6.524546412713283
17539,1.4200017156525462
17540,7.406048895550315
17541,9.447688752272716
17542,4.558516384106339
17543,6.471780183849067
17544,5.198366224586815
17545,3.5820350859310714
17546,1.4631514359167996
17547,7.507287041930777
17548,5.043652443814312
17549,6.611039886503297
17550,7.882671528098367
17551,6.010429096198477
17552,8.5868949042429
17553,6.522196447986695
17554,3.8365227957572703
17555,7.308374166635506
17556,4.320324441995336
17557,6.330057481071121
17558,2.9283993231056464
17559,5.747777284250505
17560,6.289539539075337
17561,7.800153694593262
17562,8.510383040256261
17563,8.620694486086922
17564,6.024414518551004
17565,3.1601872120514827
17566,6.288361900627522
17567,6.400426317051675
17568,7.445156276601674
17569,6.600542988415687
17570,7.763415013837827
17571,8.29860160247003
17572,5.6165237418621885
17573,2.5775724518483525
17574,5.4581500971101455
17575,5.53080203001857
17576,4.912408992134819
17577,5.881189934125273
17578,5.505767613566668
17579,7.436909356813651
17580,8.409170690086668
17581,2.272023714439718
17582,6.596522671185235
17583,6.796166819554402
17584,5.719563165202905
17585,9.04084614609812
17586,5.807885021650493
17587,4.0835552285568895
17588,5.596118242795888
17589,5.04845949176997
17590,4.345121449957658
17591,5.8166145419289395
17592,4.396516974056586
17593,6.395437251052681
17594,7.897006290804216
17595,7.829386366183179
17596,9.736896460259421
17597,5.135640749642753
17598,6.885573678333515
17599,3.856430016516652
17600,9.443712145026018
17601,9.26029893053322
17602,4.843752896600839
17603,7.1160591790757515
17604,2.9989548809340545
17605,3.7033389183331593
17606,8.291042782403922
17607,4.739381963041189
17608,7.28838668233414
17609,6.006128823129761
17610,3.9184946989877805
17611,2.091754921861877
17612,7.460983956192425
17613,3.6876713229964633
17614,8.566523765219117
17615,7.754751304707826
17616,7.804393896501995
17617,6.801535049257797
17618,6.717779149426565
17619,6.4709056187833855
17620,8.716118989559636
17621,6.354875728993524
17622,4.423635101624685
17623,7.762353248643534
17624,7.077351768103871
17625,3.8332328003074965
17626,5.212598101298413
17627,6.744791105992284
17628,3.626040820932572
17629,4.9718558335407925
17630,7.355508902376727
17631,4.989437347402822
17632,5.87374940762667
17633,6.155510756503592
17634,3.804257679278637
17635,6.229052519882048
17636,7.235511218376519
17637,3.4970372182812883
17638,6.139495017883842
17639,6.448360493285272
17640,8.217717474508836
17641,8.086357411502899
17642,4.740806872865264
17643,6.093382992390668
17644,8.001118797432468
17645,5.661510199268128
17646,7.002249290340934
17647,6.0991753851931465
17648,5.780747737538754
17649,4.153691446179374
17650,5.9943382750104375
17651,6.94133673927669
17652,6.370841553122001
17653,4.862184869494993
17654,1.501486353369504
17655,8.221941031797453
17656,4.3859576644465506
17657,6.503160131771304
17658,3.6038325492754657
17659,5.518980216951476
17660,6.022285633487792
17661,3.0958604038776163
17662,2.1543241622236646
17663,7.2279321035501845
17664,6.622375139065307
17665,9.751420243399375
17666,4.5324902071913495
17667,5.945376411852659
17668,8.861200967523775
17669,7.771541331377042
17670,2.5543134146972495
17671,6.038516314264498
17672,7.317029979822378
17673,8.946999432902462
17674,2.6545055074328663
17675,2.9730905941373598
17676,2.7079052515904403
17677,7.459865788071843
17678,5.081233110567933
17679,4.680745813231451
17680,8.98700999106546
17681,5.2063277357863695
17682,6.9332104794091185
17683,5.135217588216186
17684,7.836685099983302
17685,3.9678300512616262
17686,5.8577160874904415
17687,6.707239613860562
17688,3.969600993315682
17689,5.987818971482529
17690,9.49327609849787
17691,6.202622724747123
17692,6.0256108033775675
17693,7.0247810895194736
17694,4.792725781182275
17695,5.42871177536441
17696,7.8211594229801475
17697,7.97305579019139
17698,8.06337448117172
17699,1.7651542778646236
17700,6.7293247295340155
17701,6.715190773734809
17702,7.29955221640761
17703,8.246706495682814
17704,3.9587801087968115
17705,6.992908020333474
17706,5.216347376862936
17707,4.1956108198766024
17708,4.304100211730863
17709,8.868058100539688
17710,3.847371551026381
17711,7.837587997857909
17712,7.580224518920739
17713,4.085744880007148
17714,6.612792105024985
17715,8.78051000649493
17716,6.114340762699348
17717,4.282425812414038
17718,5.671509091738233
17719,5.002220262048174
17720,6.588679045646808
17721,6.399108069954772
17722,6.506567145738831
17723,5.988082519583138
17724,9.230355008258025
17725,6.112393940850735
17726,6.053120641326872
17727,7.896435127599421
17728,1.6259045293108405
17729,3.759487484172781
17730,8.73793649086789
17731,9.892669282042462
17732,6.629571380985721
17733,7.489214529853216
17734,7.8551649442481395
17735,8.14802753705267
17736,4.432329859001339
17737,8.964199345336109
17738,5.362532357422593
17739,4.117670794020073
17740,8.092488885947404
17741,7.089391481759417
17742,9.341015224826204
17743,6.2688378131982985
17744,7.500137936722762
17745,8.63765610016699
17746,8.452019513540593
17747,4.32749367416136
17748,8.297219938904165
17749,6.2694916691821385
17750,4.609748858274917
17751,4.33624031419399
17752,5.663661003729359
17753,7.319289402428094
17754,9.864414167999756
17755,5.019935041167441
17756,4.5035225920989665
17757,5.721363891575718
17758,4.331665081404209
17759,0.13165265523292544
17760,6.486816376313788
17761,5.914339583886383
17762,6.8523233221798705
17763,8.8231703937414
17764,7.166248012620776
17765,3.49875992358687
17766,6.981485411810915
17767,5.1081234371453474
17768,7.327713413677151
17769,7.135161941761961
17770,7.501279339969463
17771,2.7892753559962533
17772,5.982729797360406
17773,8.019230904934899
17774,7.89580808649521
17775,6.126649824113724
17776,6.006076220843616
17777,5.238103317031841
17778,9.248660907641312
17779,9.20811432958387
17780,5.115739730336194
17781,4.809293787487342
17782,4.498032816529799
17783,3.822055052044381
17784,3.642515102293216
17785,9.528547331757343
17786,8.294333089837727
17787,6.1268819027352315
17788,7.626108493788507
17789,5.716476231095799
17790,8.336857160868362
17791,5.239518729483114
17792,4.504865887747808
17793,6.522255060018917
17794,5.108283084990009
17795,4.660994104506256
17796,3.8673022634657537
17797,7.220764326228615
17798,5.90445585560268
17799,6.234175028891411
17800,5.291941792909406
17801,6.302987522169102
17802,8.33948356937279
17803,5.793565976893683
17804,1.9808522823777062
17805,7.100989876733055
17806,7.455732549985518
17807,7.098725146837585
17808,5.737730851030709
17809,7.2601231231743935
17810,4.720565377463608
17811,3.952057925907542
17812,5.350333958535419
17813,7.46155057592043
17814,5.375590486867166
17815,2.3721232470133184
17816,6.341843039410087
17817,5.28929201451955
17818,5.705105798623452
17819,7.414135792968916
17820,6.764352223852201
17821,3.9203866621040073
17822,7.577311706702755
17823,8.533628008582564
17824,5.602594504274888
17825,3.329265283198069
17826,6.774634818694874
17827,4.68495628784096
17828,4.730099192240224
17829,6.269251861781124
17830,3.406130509935868
17831,4.298999217144775
17832,8.114979972073863
17833,7.5170749794012846
17834,6.1853864448997165
17835,6.009231055650819
17836,6.735397250106009
17837,7.042255096769061
17838,5.1212396392848945
17839,6.514021371899084
17840,8.371320192439327
17841,4.125701018314903
17842,5.414350922307859
17843,7.318854990594451
17844,6.3928638509536295
17845,8.083596562428085
17846,4.082180955493082
17847,5.249273301784236
17848,1.7617911318612425
17849,6.333905333365261
17850,5.275304548188629
17851,5.228920975280644
17852,5.083267332560011
17853,3.1329117288372217
17854,3.610772598388494
17855,8.864713404697055
17856,6.707703866869588
17857,8.3534341371535
17858,6.055472872351611
17859,8.629114357926584
17860,7.057704647620687
17861,4.443601016586779
17862,3.2968229798079802
17863,6.765903750425613
17864,4.706512320911977
17865,6.647306928016487
17866,5.628730307092502
17867,8.495188654656001
17868,8.993319499156467
17869,4.93246122459316
17870,7.3755113360286
17871,7.565326368464984
17872,8.386908189480828
17873,3.871216257701753
17874,9.369224568086041
17875,4.612842506935877
17876,7.478108846491731
17877,7.934266622970384
17878,6.340370850206553
17879,5.4267010128531545
17880,6.418254718686615
17881,5.617081507612125
17882,8.051393387225092
17883,6.0825937143803515
17884,1.62984905860581
17885,2.771507952352431
17886,6.208804321959611
17887,1.8888039491236392
17888,2.551890533696648
17889,8.03034113909731
17890,8.979434430340387
17891,7.343810451522858
17892,2.7421564561002247
17893,7.197938513040995
17894,5.127875722411105
17895,5.318256770933252
17896,4.316341184512913
17897,3.21060840321557
17898,5.930332143751732
17899,5.318686699784689
17900,5.7661291868202404
17901,5.908402412704904
17902,8.024953128693937
17903,5.609556501811942
17904,4.604575338571739
17905,6.442588043607856
17906,5.815033225208835
17907,8.711676978813141
17908,4.608322584584809
17909,7.63746048712384
17910,7.74665467463366
17911,5.371607205318347
17912,6.841402140940162
17913,7.865210313486309
17914,6.872734678176915
17915,6.143527078408312
17916,5.558766803927498
17917,7.671082801966227
17918,4.866324253329136
17919,3.7606831294037066
17920,7.031247465562117
17921,3.879058089313018
17922,9.018871786903123
17923,6.51819386608801
17924,2.489596486515632
17925,4.4878339631819575
17926,4.896138352539924
17927,4.277427351225269
17928,8.471672621143084
17929,8.775966584933792
17930,5.902814093850991
17931,4.060380682547846
17932,1.6406287686878942
17933,7.261752389960228
17934,6.371467030017412
17935,6.459382810981564
17936,6.785911113109844
17937,6.476725510064035
17938,4.664334455302499
17939,9.341685259571193
17940,8.587689665305172
17941,4.770379057742082
17942,5.198261862991746
17943,6.981796864086196
17944,5.356680118435196
17945,8.996387433861528
17946,6.372851723948251
17947,9.083811237586083
17948,2.6742926572514047
17949,3.9839957383658438
17950,5.507456073399215
17951,7.719217904871401
17952,7.108964040192035
17953,8.604390674314178
17954,4.053557019065262
17955,9.669211697972399
17956,9.449073976277672
17957,7.690999388892914
17958,7.674837465004646
17959,6.957611017231859
17960,4.105984887052996
17961,5.660607384682501
17962,6.421596516034828
17963,6.3873205223480785
17964,4.883842923166494
17965,7.741020608212534
17966,8.945182759569711
17967,6.480040987807369
17968,7.643304640513577
17969,5.844054674927279
17970,7.181863734330552
17971,3.9185096488044655
17972,7.60839539074799
17973,5.339374518953618
17974,8.062100325649364
17975,6.4506653470626
17976,7.660217764649091
17977,3.5834782501801996
17978,4.297278871106877
17979,5.288638655374806
17980,6.340122272644765
17981,4.461071150435769
17982,7.034345110425997
17983,5.657482066793894
17984,3.8797056617875154
17985,9.404366427587028
17986,8.786391621913111
17987,7.937166287354413
17988,5.915317558484512
17989,5.7398570587226825
17990,4.847525741915662
17991,5.796780493166237
17992,8.500169379165753
17993,5.479054155534202
17994,4.395167016252787
17995,1.7111203279235745
17996,6.51188093651744
17997,7.067821770097268
17998,4.91603974328194
17999,5.0405191453793385
18000,3.6603712100928885
18001,4.49712250847705
18002,5.242891825965091
18003,6.911519026284384
18004,4.53635129466709
18005,3.7815533026969828
18006,4.940843923493405
18007,4.155979756171767
18008,7.770400052962431
18009,1.7481300944068865
18010,5.817281447310118
18011,6.994321353355923
18012,4.065301544196172
18013,9.363955491044901
18014,5.17084972789349
18015,8.718648200605198
18016,8.879634575074896
18017,6.746109921196981
18018,7.6996718629714165
18019,5.728465314925778
18020,7.430688088459321
18021,8.269461960398287
18022,5.5751609618383
18023,2.919201291329972
18024,4.118146774727467
18025,9.145656146628856
18026,5.43876747216358
18027,5.047317319718876
18028,5.2697063601236955
18029,8.730976109288026
18030,7.484934989098467
18031,7.358045156388343
18032,7.994816745450089
18033,8.060952488792484
18034,4.4324657236249605
18035,6.618438031999055
18036,4.494443556533713
18037,7.779097521170759
18038,6.919429341493773
18039,7.024489762945171
18040,7.113860545283448
18041,2.302546964490111
18042,5.8882344495788885
18043,6.793721561434033
18044,4.231455484507484
18045,6.5644251617769065
18046,4.002364689050252
18047,3.578784016483259
18048,5.7642720454363765
18049,6.791028769895855
18050,8.849407778449958
18051,5.635201311434208
18052,4.776117406516569
18053,8.269382889719004
18054,5.57379224267442
18055,6.027679149616479
18056,5.786574614513282
18057,7.17994591175059
18058,6.5268853552344215
18059,5.340435458675855
18060,5.27487838920461
18061,7.675054179914781
18062,7.527250216758992
18063,2.4564129654743283
18064,6.536499732093458
18065,7.579975541676952
18066,4.7921772900258865
18067,9.0604169173541
18068,7.1418266555725936
18069,7.157557219624658
18070,5.729510219702906
18071,7.205142578029399
18072,8.232193718240854
18073,6.68093469053033
18074,4.149441058415508
18075,5.367627515492548
18076,7.071320764338468
18077,7.158544832998766
18078,5.8855507298189025
18079,8.798573362920134
18080,2.1282413604413226
18081,8.470201735132658
18082,9.083233366968923
18083,7.682608091176939
18084,7.38856776523678
18085,0.8917993829682317
18086,5.634822526035408
18087,5.125858380947723
18088,5.749550853377515
18089,6.904713242194674
18090,7.176969685000188
18091,6.0657342972200095
18092,3.097734909809368
18093,8.415891545757727
18094,6.069216869881044
18095,7.747755769760922
18096,6.1234329459925405
18097,7.489062486443586
18098,4.780502483748391
18099,6.113742986865528
18100,7.065309127429236
18101,4.215013488499743
18102,8.80060108971262
18103,4.358407744086591
18104,2.8190650768665892
18105,6.406229176566422
18106,5.543803487657225
18107,3.9649389186123485
18108,7.477990732275762
18109,5.026091754598614
18110,6.641335061525391
18111,5.038954880490307
18112,9.113464923148948
18113,8.893706391044319
18114,6.621252370033176
18115,3.1280228717457152
18116,3.259396692461122
18117,4.422155899739289
18118,7.170144016417806
18119,5.141280664265375
18120,3.3872092010834747
18121,4.926233023313273
18122,5.216052541307404
18123,4.009609959424525
18124,4.732622327150161
18125,9.277903568299056
18126,2.5427644373804927
18127,3.4880602756800085
18128,7.073166021631357
18129,1.7199867941255638
18130,2.435001603934876
18131,2.7747279003180014
18132,6.6251293869147885
18133,7.078395665450317
18134,7.695895362807259
18135,6.378658733112091
18136,8.86483421778983
18137,4.62207632381074
18138,6.110869316606959
18139,7.240770846794105
18140,4.76077816138632
18141,3.5744465711781235
18142,9.310241213397276
18143,5.3339939691522655
18144,5.159914536648937
18145,5.947812524324364
18146,4.964732583985
18147,7.0447040303485196
18148,7.997268011033007
18149,8.367141377689604
18150,8.762961716289087
18151,7.690094361736981
18152,5.443121838383467
18153,4.937576095168964
18154,7.564728656494029
18155,6.974694657698703
18156,5.106939528141563
18157,9.653105321506771
18158,6.549961924733254
18159,3.21908512246306
18160,9.049439131709143
18161,4.2583740565479875
18162,5.252805390640867
18163,4.523590129708596
18164,8.92526196519007
18165,3.1676272629204894
18166,8.13327281640045
18167,3.0952562233602103
18168,9.08332186181692
18169,8.216109289634861
18170,4.387688335720023
18171,6.463596022620686
18172,4.902093068490848
18173,6.041233111763658
18174,5.1151888210761545
18175,7.70100351597027
18176,6.775666452754547
18177,7.7239880506223315
18178,0.8737615279671074
18179,6.519297969674384
18180,5.492443685829485
18181,9.50016010254237
18182,4.276491163876015
18183,5.588835996703903
18184,6.497134473377438
18185,6.792427829114607
18186,6.638116667639266
18187,4.062618820165472
18188,6.931495827588877
18189,8.362431294168035
18190,8.488429801651854
18191,5.230328777273941
18192,5.835055892403061
18193,5.161818684757801
18194,3.4094631366180392
18195,6.444618642762668
18196,6.677558756888952
18197,8.158958681824496
18198,8.47673602760419
18199,4.43816251091425
18200,7.9023759034503245
18201,5.854375649859283
18202,5.928659293239366
18203,9.161818378984755
18204,6.935769397983398
18205,6.922970215304175
18206,6.005660918256687
18207,9.405856059741595
18208,7.360125772810074
18209,2.7669382791731807
18210,8.565625806251568
18211,8.485507248428288
18212,4.387627635760858
18213,8.79095193187253
18214,5.794312582224385
18215,6.938745417426808
18216,4.42376203055795
18217,5.386944670076168
18218,4.149766592397484
18219,5.026635424312927
18220,7.90518266715981
18221,1.6999675684984923
18222,4.540330109658364
18223,4.760123475745769
18224,4.921840998942191
18225,5.621355180172067
18226,6.852669393941218
18227,4.835591183759513
18228,4.9367228650168435
18229,6.59532380601237
18230,1.1748868426015113
18231,5.965307364788959
18232,3.5985513295815945
18233,7.405652789508736
18234,7.172422737342449
18235,9.745178696850314
18236,5.817690827295884
18237,8.946012211371833
18238,5.205211394596585
18239,6.484286797457223
18240,8.151790024695048
18241,8.577930383030743
18242,6.623892344513063
18243,6.769681470236832
18244,5.664907933163422
18245,7.84617094898022
18246,2.94047771197248
18247,4.979202313361388
18248,4.262766813795424
18249,6.8427267993693714
18250,7.345079564930275
18251,6.222820131700528
18252,3.5162201428008837
18253,8.03843247129458
18254,0.7889286474065993
18255,7.829857049463243
18256,4.17269629777101
18257,8.328487518563152
18258,5.279870753088493
18259,6.317362425737748
18260,9.103378259211759
18261,3.236723463541651
18262,7.57988354426197
18263,5.0558499720047365
18264,7.680472112925058
18265,3.873515001568502
18266,7.93888814665268
18267,5.294490410265995
18268,6.0420521102940175
18269,8.814838514680808
18270,6.955521069323752
18271,5.843892455809336
18272,5.745137868584516
18273,5.599011092071505
18274,3.0841479081481324
18275,2.546283785592622
18276,4.278407525775866
18277,5.21287652807185
18278,3.354087326542994
18279,8.11226640028205
18280,6.180724248702556
18281,7.475096078881382
18282,6.1248042425628375
18283,2.7254915595688973
18284,3.3886868633469516
18285,4.769674881012645
18286,4.137326146503766
18287,6.112832316324057
18288,7.264995738251871
18289,5.277587101220156
18290,5.889013372321473
18291,8.959599378531756
18292,4.45977525946587
18293,7.9352389187788335
18294,6.734637823573982
18295,6.695653647884774
18296,7.846949989291217
18297,8.855552435022823
18298,0.822149428299878
18299,2.2724593890267877
18300,6.437488834657231
18301,5.42005479951623
18302,5.869189860424427
18303,4.917667570048009
18304,6.67973856396123
18305,5.2462887033556225
18306,6.822175769644793
18307,4.291784757182184
18308,5.869214554534063
18309,4.280710652295803
18310,7.080880738321287
18311,4.537896589077432
18312,7.539542390828453
18313,5.005772563110464
18314,6.3431256805955964
18315,4.655898179885229
18316,9.760915218587677
18317,5.511897173307248
18318,5.829028298826106
18319,4.366046445482534
18320,4.37954456901921
18321,3.1912809558282165
18322,3.5537865217818756
18323,4.5333213657525935
18324,5.149111074062928
18325,7.179501347771685
18326,4.258600707777009
18327,5.366187673787277
18328,4.06397201462516
18329,2.6939754367667996
18330,5.7697062610998895
18331,7.21214300583564
18332,6.144277927577892
18333,4.69553744024202
18334,6.058611265499371
18335,6.847496275889334
18336,4.930660158280883
18337,5.329476923557394
18338,7.63374642321246
18339,7.526485117429798
18340,3.6378031266920665
18341,9.374253000118795
18342,3.5151805723754426
18343,3.6480222254319132
18344,5.315953073759005
18345,5.417682977323587
18346,3.8143057526009874
18347,4.141439956143969
18348,6.702838086888399
18349,5.173059108293943
18350,5.599741598975672
18351,5.0613144662816465
18352,1.8315533693302237
18353,5.678862716965819
18354,4.0510693913703575
18355,3.786496591965248
18356,4.7183713076711955
18357,3.7023464327953546
18358,8.366875700113205
18359,4.94021857294184
18360,8.49765965392012
18361,7.473827861317557
18362,7.916417681351539
18363,5.145812107635443
18364,8.063951807502745
18365,6.939727874354487
18366,7.197923353428854
18367,6.855640611602462
18368,8.249119111589579
18369,4.36798663504263
18370,2.817589576341116
18371,8.215733376714635
18372,7.2153569474982655
18373,7.272840101935909
18374,5.9889824140064745
18375,7.68395440847824
18376,4.108443622704161
18377,3.258892772600488
18378,5.9986633140510355
18379,5.550924735231885
18380,5.778734213251878
18381,3.81946939627269
18382,7.129914023076743
18383,3.926118426229364
18384,6.945122243178441
18385,6.110387742533501
18386,6.100736196973407
18387,5.860622705366584
18388,7.823228607585629
18389,2.726382486030496
18390,7.721942896778214
18391,2.8263503932088616
18392,3.861169976830544
18393,7.995172347782973
18394,8.21850439650872
18395,6.824956450634135
18396,6.540149395527222
18397,2.376341505396348
18398,7.191969656940265
18399,7.764410868742767
18400,6.900048765737543
18401,6.695957457054391
18402,4.5783032718330245
18403,3.951643758273753
18404,3.82277233523534
18405,7.018644987785015
18406,8.090433632454204
18407,6.587245048310622
18408,5.735182745407044
18409,4.84195050591303
18410,9.678686786338497
18411,4.318163496720968
18412,5.050225329936767
18413,5.667805789343269
18414,3.188989461060979
18415,4.99282477346363
18416,6.802305709255183
18417,6.248467780149264
18418,6.4321094223779545
18419,6.206843112397656
18420,4.640232250187414
18421,7.86804208727113
18422,5.2162701985350335
18423,5.550952407747572
18424,8.574974842888782
18425,3.8981414486230728
18426,6.454623750683926
18427,7.645147041080637
18428,5.338962062784333
18429,7.787082934706883
18430,7.851527087182694
18431,2.620745902737146
18432,4.621226754161948
18433,6.54578281280031
18434,6.341722331491098
18435,4.726399138972559
18436,4.036970971738635
18437,5.0134841026163866
18438,4.687059858101636
18439,9.042112890232325
18440,7.033070736317486
18441,7.561859328078035
18442,0.8002221358470245
18443,5.2201872261088536
18444,4.790594749890014
18445,5.051019170942116
18446,7.937502619116907
18447,5.317661888013106
18448,5.783955150175419
18449,1.827011123666281
18450,4.384294777926064
18451,4.752551649896853
18452,6.969155141489485
18453,2.5266999403194035
18454,7.94449611767176
18455,8.040443863102325
18456,4.891060688367093
18457,5.945672220253131
18458,7.024145953384954
18459,3.2048510239640966
18460,5.021804076117941
18461,3.972265624944641
18462,7.370167633413093
18463,4.768688750106538
18464,6.103446210690715
18465,7.554490489899296
18466,6.500858169058799
18467,3.7407765131932673
18468,7.769122505612893
18469,5.403502211389688
18470,6.464775689659316
18471,7.52172171866205
18472,8.198176045551588
18473,4.352055558492227
18474,2.0460557211631305
18475,4.779548282361026
18476,6.487810334002159
18477,7.209787917989172
18478,7.857478969805199
18479,5.392487635384073
18480,7.193066123072269
18481,2.0813051067740904
18482,5.122233282836166
18483,5.907491636011873
18484,9.29968760970574
18485,4.391574282347878
18486,5.343417059180444
18487,5.486189075823676
18488,5.651284144777284
18489,2.3029389437790306
18490,5.36583724980362
18491,4.906774110205941
18492,4.26269641423912
18493,3.9399617553853323
18494,3.727793760664434
18495,5.6393356419099145
18496,7.278895903920508
18497,6.410199103082769
18498,7.734891589221331
18499,5.47088991777329
18500,4.142530484522065
18501,2.38697669185202
18502,5.001059798947905
18503,8.30901333912659
18504,2.703165916536914
18505,5.370093862415158
18506,3.2193087109023817
18507,5.3840196734614025
18508,2.0115131309195333
18509,5.061041307059524
18510,6.443926618686632
18511,5.411103416031533
18512,6.642101840493878
18513,5.627917279839355
18514,3.6659753868876095
18515,4.720602666806497
18516,7.875884700342639
18517,6.153605752897025
18518,5.371735435696802
18519,6.510818033439084
18520,7.200893496106029
18521,8.457830922376218
18522,6.589046142740244
18523,6.90371978980531
18524,0.08405032383282884
18525,5.626043252026115
18526,5.604840164800047
18527,5.2062442061098935
18528,8.707394870973193
18529,8.666478051187791
18530,4.578504189946935
18531,2.8836700547761396
18532,5.8639906710632745
18533,5.313128802403934
18534,8.106816913553256
18535,8.241914671672271
18536,8.423271948792268
18537,3.4589672606595676
18538,6.129074482794115
18539,4.757190598236987
18540,8.312670807586759
18541,3.912498703922166
18542,5.4815663180930905
18543,9.188510373308329
18544,5.930955708787695
18545,3.699734779291884
18546,4.315407300430423
18547,7.740276762790534
18548,3.76811932076998
18549,5.623929215018274
18550,1.209486847450386
18551,8.156446737911406
18552,3.261625283327251
18553,6.116103090482882
18554,4.256610292978685
18555,8.577786774386375
18556,4.9132731770291285
18557,7.327348631110585
18558,5.610855579836869
18559,1.9938564181694356
18560,5.176317977771889
18561,5.102708639809136
18562,7.077861853983164
18563,6.903668783300839
18564,6.93451818429719
18565,3.6728587127730083
18566,8.942070148304499
18567,6.617050503694447
18568,2.167407652625353
18569,9.654729574043266
18570,2.981437483716678
18571,7.818815552201058
18572,6.139010109270067
18573,5.241354341351245
18574,8.309391876004742
18575,5.794649547181776
18576,7.503963463112165
18577,6.4006260236964785
18578,6.557831373935273
18579,7.782595147004844
18580,4.376965195330718
18581,6.384719434586282
18582,6.196320905538009
18583,6.582599445880319
18584,5.889546087475777
18585,8.142479253328249
18586,8.177355319038474
18587,4.5639155014419215
18588,7.920336648564049
18589,7.5622382965608175
18590,7.422445272149915
18591,3.6716792528369284
18592,7.223926603615794
18593,8.019782248098563
18594,7.873806241355204
18595,3.620683455991196
18596,5.491035603828599
18597,3.585499945332989
18598,4.524942826101829
18599,3.925778624296328
18600,7.172783357535989
18601,8.386660706853531
18602,4.924213603000217
18603,4.764147622449404
18604,4.910745435491565
18605,5.876066335599139
18606,2.5674356386052035
18607,5.32507216077807
18608,8.96508638519752
18609,4.66274640247795
18610,8.261344354202835
18611,6.652990405282571
18612,4.872830899489307
18613,7.419514002778082
18614,4.528730134164039
18615,6.284685458399175
18616,2.0499963744530483
18617,2.974406747457019
18618,7.425172939173491
18619,6.974092867396017
18620,5.929248892033725
18621,4.1890006679614915
18622,6.442008561775827
18623,4.395758975633582
18624,7.0507767528984715
18625,7.570199912393127
18626,3.854742291951895
18627,8.387592850101534
18628,8.21506494047351
18629,6.498393234872386
18630,5.2810272646380945
18631,6.905016903151552
18632,3.3330483160985684
18633,9.3781692607633
18634,2.828525796153417
18635,5.600309960855807
18636,6.627507881435127
18637,5.884592278823164
18638,8.904206648961079
18639,5.770632091551396
18640,7.657133038822848
18641,0.463253963733653
18642,3.2653920686264026
18643,4.975649875141171
18644,6.517878243958878
18645,7.492196839599891
18646,3.2314495957607745
18647,4.104909684298799
18648,5.940074733871108
18649,3.4019960759857786
18650,5.6066272406172235
18651,6.323181946523137
18652,4.5205097592992445
18653,3.8370578536694975
18654,5.01963502249364
18655,2.737177051642001
18656,9.43983936938554
18657,4.755403560466423
18658,5.268376791052498
18659,5.220831562455321
18660,7.98584266397676
18661,7.180594540441585
18662,4.797662216300036
18663,7.990325194785424
18664,4.749463440896688
18665,9.032837162853184
18666,5.430891499578169
18667,8.504329848526206
18668,6.657262344957427
18669,6.859856213232528
18670,6.807175276654162
18671,6.900141181377563
18672,5.922169901013944
18673,7.639064200637626
18674,4.992220563672078
18675,5.220265039085116
18676,6.009877991357651
18677,4.724078269299367
18678,7.9174362950732435
18679,6.408360783574265
18680,5.07689366359582
18681,6.820816964260551
18682,7.198427579628206
18683,6.6837114253438985
18684,3.1341026431935997
18685,4.38893631890736
18686,4.675187855363597
18687,6.180664150519487
18688,9.189116709217101
18689,7.474967294752405
18690,2.960387037967684
18691,6.08288028957764
18692,9.060214701111898
18693,7.982195878102667
18694,6.859619606625395
18695,3.5807442394608913
18696,8.576273726194984
18697,3.0772043705847403
18698,3.6595054585708526
18699,4.4600328317019
18700,7.718978751781429
18701,7.280592801069299
18702,7.797935384200619
18703,6.65690044495353
18704,4.109062688846047
18705,3.958314867892617
18706,4.785477556375197
18707,8.36330065710671
18708,8.816306735665334
18709,5.957840573354855
18710,5.377895475877725
18711,7.617470968620812
18712,7.086233386907718
18713,5.50195417394127
18714,7.674661914415445
18715,4.806520433287788
18716,6.794108398531634
18717,5.068959441826037
18718,4.3083960906400565
18719,5.422359988102467
18720,4.145836850998731
18721,5.095624906226606
18722,6.06863915119718
18723,9.109546812067073
18724,7.583449537901897
18725,5.500360409252119
18726,9.23302773285328
18727,7.1107910775608545
18728,5.9080846337443464
18729,8.354231385703622
18730,3.717828012912041
18731,6.753369401963177
18732,8.117317632550117
18733,4.570636652560992
18734,7.407895623167056
18735,6.3542393652473015
18736,6.60799579961935
18737,7.69835967965495
18738,2.487841219349773
18739,3.8740574278792854
18740,6.56026697126986
18741,6.299210553363681
18742,7.207710576830271
18743,5.148874081209872
18744,4.562542818203393
18745,7.887420981966611
18746,3.8067665016295282
18747,7.705378469287195
18748,8.532392725562392
18749,2.7874908227016872
18750,5.181168511600058
18751,8.377968154173752
18752,5.703353357335575
18753,8.068431116333688
18754,4.369480521138533
18755,5.035920473319867
18756,4.725766936990781
18757,7.137189277951809
18758,5.085713863588877
18759,3.7947548290402793
18760,6.559215601349441
18761,6.721075940911886
18762,7.432736521685203
18763,5.322432395954434
18764,5.345272593502333
18765,8.444170028450547
18766,7.225691644482252
18767,4.539238078242494
18768,6.40792397683159
18769,0.8468765016977375
18770,5.197488712676794
18771,1.8774269198302518
18772,4.382051612815606
18773,8.373574607001288
18774,7.821094826384833
18775,7.388407975148071
18776,7.470656592617686
18777,2.039451748295227
18778,5.819539190626918
18779,8.427810618173575
18780,5.719834042232623
18781,8.91565091203305
18782,2.372662107440503
18783,8.163597299313434
18784,7.060848196351854
18785,5.791836084306112
18786,8.289712269438327
18787,7.274765892687363
18788,7.653817497361611
18789,6.370019632364295
18790,9.997926947237621
18791,5.5094183190914645
18792,9.169344097521558
18793,7.098103198414753
18794,4.037556698701049
18795,8.683656014279334
18796,6.649314866302088
18797,6.236094296002525
18798,5.489603612391017
18799,5.24924583815109
18800,6.012524275425999
18801,5.600689522482834
18802,6.853694614677993
18803,6.713217225837761
18804,6.92399367113197
18805,8.614718391025601
18806,5.442563326141527
18807,4.800970748230079
18808,5.111766604440148
18809,7.538850530183909
18810,6.031948814619022
18811,5.450974012659341
18812,7.254369410062102
18813,7.733362204701347
18814,5.78323644017416
18815,5.505709178383504
18816,4.122937402892631
18817,6.356931852068907
18818,4.953357782073221
18819,5.469457573293596
18820,7.2166269929787
18821,4.829633997481077
18822,1.378539872805047
18823,5.2555739775079795
18824,4.512654332120274
18825,2.763999499939742
18826,5.787475808979375
18827,3.4828838755319698
18828,3.180422136076929
18829,7.080636496930021
18830,4.745951865625376
18831,9.28884503716305
18832,5.721355002840692
18833,8.345803272363625
18834,8.070027405948311
18835,7.56558347789368
18836,7.90091050882209
18837,4.98620990450347
18838,4.99390206419346
18839,8.037230315932426
18840,6.749123870594309
18841,6.465651332928184
18842,8.668062553257911
18843,8.49844259706272
18844,6.792587384432315
18845,6.57954258421311
18846,5.908965489558265
18847,8.072096298555223
18848,4.663415268731978
18849,2.8663737390616695
18850,8.673118211510342
18851,6.12721201462049
18852,6.640150671548029
18853,4.868205841821693
18854,4.8888676211175
18855,8.99308948425873
18856,5.198678833534165
18857,6.076477817708685
18858,8.413778521410777
18859,4.947500342136943
18860,5.65860451548362
18861,2.7180107140458687
18862,7.066561573056831
18863,6.823338254335491
18864,8.285860338965932
18865,8.982042785088144
18866,7.990397579298206
18867,6.8926537741228024
18868,9.189165505775204
18869,8.398625286440025
18870,4.577875674467403
18871,8.2294334320519
18872,6.15507874286786
18873,4.026957859797404
18874,5.709301565090072
18875,4.3111282736578325
18876,1.886865042585926
18877,5.83113408542442
18878,4.331856618290229
18879,7.258442742774457
18880,3.3373640082247906
18881,7.5745899061102815
18882,7.894886876581606
18883,9.336171015676342
18884,4.524231576915428
18885,6.399663453539265
18886,7.787842409404238
18887,6.4831241927158025
18888,4.33354524847638
18889,5.28710361682492
18890,3.5685030397632316
18891,8.887644102245172
18892,4.705835378751669
18893,9.721911769400224
18894,6.136596938128143
18895,7.726328943430206
18896,8.263177349165002
18897,5.917940441268664
18898,7.537382840820236
18899,5.200432758961508
18900,9.497606558233116
18901,4.459179831005057
18902,6.668198942970664
18903,6.278538922699436
18904,2.9737020260469675
18905,4.371233048453
18906,6.458488520317874
18907,4.914329416325049
18908,7.814570008914944
18909,4.687011773403355
18910,5.081127064030872
18911,5.7840954798803645
18912,5.979638146592509
18913,6.559922110106713
18914,3.374568638880086
18915,3.923791369208529
18916,8.52510505676173
18917,5.41856009577802
18918,7.072193152766927
18919,5.991171811922479
18920,6.840377358243572
18921,6.355230764072228
18922,7.3347201833187805
18923,6.263599839625432
18924,4.027737113833849
18925,4.04935077445242
18926,4.649643210851084
18927,6.581477521707944
18928,6.67821836523038
18929,6.367819255996881
18930,2.3038283468440577
18931,7.089681372223039
18932,7.292508108993492
18933,3.182740975768716
18934,7.373874356867796
18935,1.5163972369498628
18936,8.396677216048769
18937,7.637732010010822
18938,6.998280894824955
18939,9.958131984574633
18940,4.247695080056708
18941,8.029329413905069
18942,8.535193453861305
18943,8.635667164503129
18944,3.296751244640767
18945,6.081587116693417
18946,7.23777037555385
18947,2.174180323721325
18948,6.758678455008076
18949,6.330870742780975
18950,5.165364425198838
18951,8.102624815536116
18952,8.550772516180631
18953,7.5850947357380605
18954,6.394604851443977
18955,5.119203049876418
18956,6.033609576468141
18957,5.250371487291298
18958,7.371687448038494
18959,4.309226005588351
18960,8.151215879712177
18961,9.382505956030965
18962,6.8670461542925345
18963,7.0991622461691595
18964,4.700122705411199
18965,8.377797274982976
18966,4.891727344517681
18967,8.918528006569227
18968,6.359436298865045
18969,2.9330524587682913
18970,3.9497378102398857
18971,6.209604389376183
18972,5.836645492073597
18973,5.180843070168202
18974,5.81639803696287
18975,4.641400998024692
18976,9.652688300155223
18977,7.192273774559637
18978,6.185508010068634
18979,4.598376020695795
18980,6.258637497167964
18981,2.4273355044065936
18982,5.38277032481093
18983,6.693558285380844
18984,2.7603843988443035
18985,6.100207097664695
18986,2.3938834897026613
18987,4.216973189177409
18988,5.662970211163143
18989,7.221991879209063
18990,5.851338011594393
18991,6.785010884163953
18992,6.332540158084715
18993,8.914438397789386
18994,6.80948252734438
18995,3.708587191564458
18996,7.776999174956421
18997,3.0850450220147474
18998,6.276393605165579
18999,3.774344046678233
19000,6.675913101036327
19001,3.2245716807471525
19002,4.8885995380771226
19003,3.7984455374731736
19004,2.6921964462882526
19005,5.193224125463487
19006,2.71155877194892
19007,3.674460042007421
19008,2.7907956040991277
19009,4.34549231835019
19010,7.37029591971654
19011,5.562210095016059
19012,9.641827899740312
19013,6.789475295663413
19014,8.383128265646231
19015,2.5522413030037465
19016,2.2157795197024885
19017,4.039704417773773
19018,7.4417157784492325
19019,7.51135777029836
19020,6.445289230865479
19021,6.113013108263082
19022,5.919304978086138
19023,3.2368485784325745
19024,8.045113559076231
19025,6.9360214999030925
19026,6.432123614649749
19027,5.729677034404934
19028,8.837540294445533
19029,2.21509151209169
19030,6.076515168103016
19031,5.420614503853825
19032,4.193364005055489
19033,6.238464514061732
19034,6.41628099304316
19035,7.035735559221405
19036,7.387975649859021
19037,3.5824695348488707
19038,6.954521192119951
19039,6.445754492767344
19040,4.8137761158119305
19041,4.4636480437448
19042,7.060539502636898
19043,5.975895802288791
19044,4.839700532502915
19045,4.534245799144463
19046,5.500631345717801
19047,6.543837956685689
19048,7.551219588088215
19049,6.770770017434945
19050,4.477858986404952
19051,4.860998536461842
19052,5.81108247048815
19053,5.412918653206972
19054,6.71860211631094
19055,6.9442524273821995
19056,8.176053160614245
19057,5.015765538326714
19058,5.564775911763455
19059,7.457124908780442
19060,2.364738338230501
19061,7.4337499545546315
19062,6.662237424941365
19063,6.888900542174048
19064,9.933760229729447
19065,1.1283307905697146
19066,3.929559140075653
19067,8.070792775858136
19068,7.883877860434393
19069,6.981877950580279
19070,6.121897570500151
19071,5.644151131308933
19072,9.606870829931026
19073,6.977353653628239
19074,7.478220488885821
19075,5.124302856586033
19076,5.593670676573135
19077,5.327934796400278
19078,5.678675257867807
19079,6.525580970718041
19080,6.337000163777363
19081,4.205219753274282
19082,4.530867608154983
19083,7.253554083096732
19084,5.789181863765857
19085,3.436117302520603
19086,8.575298638014438
19087,6.288032372280126
19088,2.4120637058419327
19089,1.858774602270155
19090,7.608313773042234
19091,8.096021555932165
19092,7.326000741918208
19093,1.791984828082149
19094,2.0333456255882676
19095,7.322994637116656
19096,3.6761954342216407
19097,5.628707028283856
19098,7.63064483042916
19099,3.174185666280642
19100,3.066285304288546
19101,6.841887499969513
19102,5.50906446088635
19103,5.938450182747864
19104,8.942906126991037
19105,5.87247134263676
19106,3.770426482856723
19107,7.132107143485326
19108,6.672931665323267
19109,5.511708934382834
19110,1.978281430384268
19111,7.516743664002843
19112,5.242674851525065
19113,2.86457563833621
19114,7.200879654722287
19115,7.203557720350798
19116,7.251862314164411
19117,8.523827615765295
19118,4.70815275633661
19119,9.161532213647277
19120,7.9043796672593105
19121,9.109489272965455
19122,6.814331012122078
19123,5.19055653884762
19124,8.837757737944703
19125,4.745767353179274
19126,5.311422056474237
19127,7.204198416578267
19128,3.248192039050253
19129,5.41417579646496
19130,7.336804709016007
19131,6.722226442284375
19132,5.905406665947487
19133,8.015115620868578
19134,3.0310118070565713
19135,9.11019990655992
19136,3.7782483156372173
19137,7.670901527003794
19138,8.229996123308046
19139,6.3910302276020525
19140,5.539117700102308
19141,9.449470650526145
19142,5.146005176700549
19143,8.928097575157611
19144,3.0607629314361833
19145,4.90117398317185
19146,2.9014896353802584
19147,6.906478802781837
19148,7.907900833908391
19149,4.695515235605416
19150,6.719109988493628
19151,8.975320243160404
19152,6.975909852023431
19153,4.936023604402864
19154,7.710026040701808
19155,3.968762824850971
19156,5.579057248478258
19157,8.051809135272112
19158,6.877348746396394
19159,3.5867048775903263
19160,8.82628583128461
19161,4.170725676205927
19162,9.335670255143496
19163,5.131050723850055
19164,5.391844455086509
19165,6.736407422597917
19166,3.6424608815506985
19167,6.461368287562164
19168,8.288140314615596
19169,8.026998574013597
19170,6.571223103258202
19171,6.386904409467553
19172,8.405015613248551
19173,3.940454826871166
19174,7.73693557494985
19175,9.44372872877748
19176,6.4512834710601785
19177,5.508579122100988
19178,4.809124145455603
19179,6.250059556510086
19180,7.196841506510998
19181,4.89272510513826
19182,9.081291756046381
19183,8.577117004873191
19184,4.881368502596996
19185,2.0980613890973085
19186,7.892474033595421
19187,7.622239564000542
19188,3.7515227737583614
19189,3.3812892563185324
19190,7.9373546391269905
19191,6.192434654189473
19192,6.958300841889979
19193,7.928089138401675
19194,1.675062813187907
19195,3.9664276822719393
19196,5.251341969886052
19197,6.707331049202575
19198,9.035716801906885
19199,4.722926924911366
19200,4.465214811581132
19201,6.664062698731232
19202,3.4576036292683145
19203,5.424915990641793
19204,8.746098224527024
19205,7.0015138710813005
19206,6.185122747978804
19207,6.920640625377124
19208,3.591210325630673
19209,6.197203446949655
19210,6.7320712418833315
19211,5.870182251675419
19212,4.737682936082402
19213,7.869646134592099
19214,6.345409143418424
19215,3.6152460913384488
19216,5.614966268047267
19217,8.076288488735576
19218,4.553189400694368
19219,9.553968535821333
19220,7.086080145412489
19221,2.4230547163782816
19222,8.20207198895177
19223,5.525566731787127
19224,5.200433930280585
19225,7.058533337996595
19226,2.78309084654269
19227,5.370513641199327
19228,3.157364673709585
19229,3.9698133702654004
19230,4.220761532855778
19231,7.399073080146276
19232,6.998540403416612
19233,7.050306411915976
19234,9.106415802414315
19235,7.164519054161917
19236,5.019303891097923
19237,3.364866680693738
19238,4.871375322699727
19239,3.8495711205157743
19240,6.400733471226452
19241,5.377201257928878
19242,2.6852500792789913
19243,7.628944714269126
19244,7.905045636574247
19245,5.525083961905287
19246,6.460636102524096
19247,6.6968700252280176
19248,7.314999046522386
19249,8.991299923471896
19250,5.767664065594399
19251,6.61696280380605
19252,3.4333081054054375
19253,6.045955179961891
19254,6.938295262958881
19255,6.2862255024110185
19256,6.362328273304911
19257,7.805574466879441
19258,3.154771983431306
19259,4.6836189068190714
19260,6.87919366318346
19261,2.12499717070546
19262,7.298294331802161
19263,8.418358568692817
19264,2.600217432256568
19265,2.1051220648714417
19266,7.537759968651068
19267,7.9951698816454115
19268,5.989109357816872
19269,4.7035033582363805
19270,4.2224807156208675
19271,2.735581202472602
19272,5.644688447607969
19273,8.174455491530834
19274,2.8902668308187245
19275,6.012205516499654
19276,6.738235659729002
19277,7.566711320673734
19278,5.187418745293389
19279,5.54166624694673
19280,3.808654926247045
19281,2.305518743675526
19282,7.360191930422181
19283,5.246704677890998
19284,1.9713417734905145
19285,3.720000024828688
19286,4.049098830316673
19287,5.68940831130098
19288,6.8074766931845065
19289,2.1560053924987255
19290,5.367224418498385
19291,7.291111476396266
19292,5.667886243264144
19293,5.3677824175345945
19294,8.534047141248646
19295,5.20183028453288
19296,4.866861423176397
19297,4.937609170051191
19298,6.423336977239467
19299,6.53005272879799
19300,5.912034430677883
19301,7.165709095614086
19302,4.861117642911449
19303,6.9552842196797995
19304,3.1153989461062745
19305,4.751031418780145
19306,1.9608516074852518
19307,4.797450427804513
19308,7.593640644069155
19309,1.7583868547047072
19310,6.758131997363482
19311,5.709200103403273
19312,3.743677128934374
19313,7.204437475874426
19314,7.006909296910344
19315,3.1582942344360667
19316,5.905323684156685
19317,6.2156412467170234
19318,2.48287711465493
19319,4.601171784197536
19320,4.5026306144951835
19321,8.025801100406595
19322,2.874894278867676
19323,5.272981071460998
19324,6.59081560854129
19325,6.426403011264192
19326,5.8452036318278395
19327,7.834261067347054
19328,4.8990063553109895
19329,4.812893976671453
19330,7.505439010044476
19331,4.407118056307757
19332,7.455964881188486
19333,7.723050649090798
19334,7.756359871958514
19335,7.183976028896046
19336,7.759260825448446
19337,6.669557294494822
19338,5.180680106266106
19339,8.262033144217694
19340,5.9336677789528585
19341,4.222482004210384
19342,3.827959337916968
19343,5.759626274383374
19344,6.5022468156461635
19345,2.7797523347632764
19346,5.716953154128768
19347,5.06021379321793
19348,2.9303393034170107
19349,6.489161915513586
19350,5.458785212595438
19351,3.355783707446752
19352,8.920461575211549
19353,2.252888354571412
19354,6.568196679957827
19355,6.68169757484307
19356,8.050023384704783
19357,7.764259427034467
19358,6.726697249642745
19359,6.9179750363126224
19360,7.7859990390178115
19361,6.741752426980545
19362,3.7803190249396295
19363,6.188791332080941
19364,6.036473020720523
19365,7.142574870220909
19366,4.786710839858355
19367,7.591800497934832
19368,7.856115201831832
19369,8.65675744084378
19370,5.1197912405613035
19371,6.167021443346736
19372,6.103103523031162
19373,7.0432983311173505
19374,8.159035831418922
19375,6.370718779922971
19376,4.873715876255359
19377,4.176202546613987
19378,7.0796946408616455
19379,5.437914570263027
19380,6.358012511890949
19381,8.556627751334437
19382,7.748447816237356
19383,7.248676051392174
19384,5.90866948052837
19385,2.6894765802349134
19386,5.81342411367051
19387,9.303244249952375
19388,5.857190290868758
19389,8.437937378053796
19390,5.1942609034763
19391,6.461607966047682
19392,3.919968623820674
19393,4.1770608088735415
19394,6.900530221694847
19395,4.689221000678348
19396,0.8407272374444783
19397,4.174064919830462
19398,7.664492164990973
19399,4.426527590354944
19400,5.584527168865396
19401,6.123320417158698
19402,8.534814107981898
19403,5.0745846967798025
19404,8.22786164386635
19405,4.356054877669619
19406,4.559374189166283
19407,6.720922603886169
19408,2.436503059228519
19409,7.142253383874722
19410,5.749644128387631
19411,7.250443629031376
19412,6.271849924862349
19413,7.738603963133635
19414,3.3760376583823577
19415,7.691597711425413
19416,6.338382515177939
19417,5.315992651797448
19418,1.778751256073407
19419,7.577726606976141
19420,6.288101795671623
19421,5.432148705956271
19422,4.495705921142338
19423,7.528697382390706
19424,8.314340080335429
19425,6.852302290527753
19426,6.983024912096559
19427,6.085038989100395
19428,6.4989798264435255
19429,6.790210395627843
19430,5.813084145420312
19431,5.914980250974976
19432,5.841233251353612
19433,4.5461049316104365
19434,8.728732253050238
19435,5.219701281488273
19436,7.945498717620509
19437,5.2782002071909195
19438,2.9937700048456612
19439,4.604610741209878
19440,5.64884646637857
19441,6.341583939553674
19442,8.013540612890115
19443,5.555091191381777
19444,7.034938237356785
19445,5.722376293648542
19446,8.537402422867734
19447,8.404915157498856
19448,6.65064788139346
19449,9.254176549305189
19450,7.814174703605575
19451,7.839647406752093
19452,5.522874064714116
19453,6.4471251218503705
19454,3.9643699767963785
19455,5.564829524600538
19456,4.417923229503977
19457,4.092839113123277
19458,4.056385272169177
19459,6.057222487741669
19460,5.85024445878282
19461,4.5698110016707
19462,5.878516448628943
19463,0.7006001741796934
19464,6.573687498345732
19465,7.057364263324847
19466,6.8981526308855114
19467,3.8844253404958
19468,5.340874731492763
19469,2.2767952573072505
19470,4.937396580499189
19471,9.040194191663677
19472,3.6580574909355708
19473,7.199717311459891
19474,8.845468482354512
19475,4.493943205888083
19476,6.006890466247298
19477,8.159179390245889
19478,3.3162293861566106
19479,6.707545633586879
19480,5.77209238603165
19481,5.7344601769287245
19482,6.5997901126373835
19483,0.2485365365215932
19484,7.425959568707509
19485,8.148339635347579
19486,6.292002356331585
19487,5.469038294217107
19488,8.031273961001318
19489,5.819988329525546
19490,1.7569845321025535
19491,8.257205433583566
19492,7.73870907769669
19493,7.818426939972701
19494,6.880761511167269
19495,8.926379969618521
19496,6.9625757891313516
19497,5.497696388218153
19498,7.93103228508487
19499,6.027228046584918
19500,3.687086482955037
19501,6.147004910139961
19502,8.800691430796517
19503,7.198630219495215
19504,5.314366237195202
19505,7.226796912175895
19506,5.9554866341713915
19507,6.865584756634341
19508,6.1242431558715715
19509,4.072242873056336
19510,8.55623736908634
19511,3.9617708561478535
19512,7.604749131183173
19513,8.450996504636379
19514,8.547917959602538
19515,6.002581662470941
19516,3.037892024227572
19517,8.534289680460114
19518,2.1238442270025644
19519,6.874035627237798
19520,6.705739345608386
19521,3.7046625114215606
19522,7.730526105127128
19523,3.9205877597843584
19524,6.406246303630309
19525,5.644236323986524
19526,8.102498467829589
19527,8.536078512400247
19528,8.41016919830664
19529,6.098183051578383
19530,3.2701153468653086
19531,5.25465725829797
19532,6.995912268401601
19533,6.836711110497826
19534,9.10646096516345
19535,7.413690440093626
19536,5.853542632731084
19537,8.421993460932446
19538,7.883940740772559
19539,7.428194599761724
19540,4.893067715775642
19541,7.390238133286597
19542,5.025731538023798
19543,2.0456753836845842
19544,9.869848905970825
19545,8.95071991684637
19546,3.780376702583519
19547,6.898916734385372
19548,5.479930696261366
19549,4.960116642924099
19550,8.544776891780732
19551,6.583843783539155
19552,5.846314366941479
19553,5.981896338957161
19554,6.539026193157691
19555,6.013654701590968
19556,5.110751320720728
19557,4.097106152129257
19558,5.204845259337132
19559,9.554504435639785
19560,8.408054801105706
19561,8.10764492503554
19562,8.477712739300012
19563,8.081185358387119
19564,4.032704346806129
19565,7.674894107808248
19566,8.59755965131361
19567,8.220686764613122
19568,8.211063888003729
19569,3.398188873957187
19570,6.031484809236038
19571,6.153554707150563
19572,6.842399753463942
19573,7.207732300542781
19574,7.895194476238342
19575,4.7011029102957425
19576,7.04950298908974
19577,3.6546731701361144
19578,7.812359462205081
19579,8.20477227242716
19580,7.879708560968423
19581,6.430739524156463
19582,3.5050153001698563
19583,5.313901216233113
19584,3.159376663862571
19585,8.817364164661301
19586,4.3467647618194185
19587,9.511505099980937
19588,9.624972475378945
19589,1.659498548123458
19590,1.790821360592797
19591,6.273236084918894
19592,3.6316523283987645
19593,4.181736173513875
19594,6.133536856923675
19595,7.725884715176892
19596,5.144738461187123
19597,4.529847069144473
19598,8.537962487796104
19599,6.547857676753045
19600,4.959352846457707
19601,5.470400433169373
19602,3.880345222108624
19603,1.9716283559107897
19604,7.504526513667423
19605,8.259257374840724
19606,10.0
19607,9.352076928169158
19608,7.965678450731712
19609,3.3863423446579937
19610,7.519894797199672
19611,6.48941113867419
19612,6.944562445593567
19613,4.180533552468053
19614,3.6431109586899164
19615,6.395920388107045
19616,5.441041044919464
19617,4.628992399566778
19618,5.946029029618396
19619,4.300394201089576
19620,7.090925846075482
19621,6.292876244926401
19622,4.614246996576551
19623,8.084106320376002
19624,5.409373580734939
19625,5.984879537231667
19626,4.573747021033667
19627,4.409973872662665
19628,6.555012273771475
19629,4.915774021213864
19630,6.365852577441842
19631,6.321813071971192
19632,5.699333292080409
19633,3.901541962305225
19634,6.443108360398933
19635,4.0667646210687405
19636,6.34263701089543
19637,5.328548581223487
19638,5.037842124476469
19639,5.948603074383284
19640,9.271020196859752
19641,5.646966264976674
19642,7.021236076181198
19643,4.497779599851764
19644,1.7351139380635825
19645,5.77286055460416
19646,7.420973434825509
19647,2.877495149517114
19648,6.197243050990748
19649,5.56009797569619
19650,7.202226721187916
19651,4.307119390126647
19652,4.545015530793982
19653,5.6419099221311235
19654,5.695633809964377
19655,4.8966339871398885
19656,8.902821563807665
19657,8.69282426621021
19658,4.296759441351567
19659,6.9674574176007384
19660,2.903374971187793
19661,5.531295521480288
19662,6.399650598393414
19663,4.848983082911196
19664,7.864017369484103
19665,6.957876572878118
19666,6.701238775172982
19667,5.53203445184484
19668,7.890530392278668
19669,3.6294520154255903
19670,3.8795975189338026
19671,7.121174059098575
19672,6.562037706748904
19673,4.57117528167198
19674,7.875486363673719
19675,8.637546015714786
19676,8.071091409528874
19677,9.454018550079724
19678,4.639795509883996
19679,6.967608604056438
19680,7.443897076044552
19681,9.338834300568376
19682,5.2185960585249935
19683,2.861924437152935
19684,4.250355571919711
19685,6.908096613383534
19686,5.654827135259152
19687,7.180328276539807
19688,7.084191256062226
19689,8.695094589927582
19690,2.0380442614678373
19691,4.956474640315328
19692,9.386777199017732
19693,8.593207045046027
19694,6.748250331382196
19695,1.7473218365965983
19696,6.669311664189274
19697,5.453155949182323
19698,5.598466999910482
19699,3.1445856925624875
19700,7.703679666746139
19701,8.331371263923536
19702,5.463891166397838
19703,8.388217655747304
19704,7.94041958920354
19705,6.588483933141988
19706,6.723178311064687
19707,4.570120143713331
19708,4.93242618125873
19709,4.2839853398469465
19710,9.407181291210875
19711,5.427755026044667
19712,9.020318477060897
19713,7.732165709975146
19714,4.586905127493373
19715,7.1422972966483185
19716,8.335542691165559
19717,6.506956166604567
19718,3.9213985244374516
19719,3.7772827437955123
19720,4.59655441502664
19721,5.394909452965104
19722,7.974692809694522
19723,7.692485883209293
19724,5.357876863947216
19725,8.306612169986657
19726,4.602081280268381
19727,4.205831185379331
19728,0.5559969111593828
19729,5.993164777040802
19730,8.013450894191125
19731,5.151064152688134
19732,5.086070425610784
19733,4.490715713443859
19734,7.502600839960719
19735,8.101714759679925
19736,3.4143759325261787
19737,4.431532769636156
19738,3.2798720271338175
19739,5.282876969553592
19740,7.1511584415085885
19741,5.70655997728183
19742,4.185199423482896
19743,5.951488752940559
19744,5.9659064545374285
19745,1.0680638190206677
19746,3.076149641536543
19747,8.319417588016394
19748,1.7089859538051269
19749,4.763803389898271
19750,1.857696425489536
19751,8.130352176862516
19752,4.310711401465193
19753,7.411342788471049
19754,5.632346377873434
19755,5.767966874346172
19756,7.237971772602659
19757,3.7650743563759277
19758,4.257990572651179
19759,6.51099011854541
19760,7.135649701909869
19761,6.770015775639508
19762,6.2206002511868235
19763,5.8917005595437955
19764,4.621763287013205
19765,7.067505086623855
19766,6.90771403441109
19767,7.639836104935864
19768,6.738783449220511
19769,7.2050554219952785
19770,5.724504134033802
19771,4.320062737186298
19772,3.7578347080312087
19773,5.565931135832944
19774,4.027135837113509
19775,3.209323676671608
19776,8.87221104209005
19777,4.892039608081538
19778,5.758501479888475
19779,7.545631990537713
19780,4.054287063550024
19781,5.57033544188775
19782,7.356321928572897
19783,4.473280007907806
19784,7.768047166390989
19785,4.741555613307256
19786,5.5821755814108025
19787,6.593677250296329
19788,6.811370407306121
19789,6.749242743365382
19790,7.307603428043889
19791,8.028283118866979
19792,5.905460868364233
19793,3.601605618296037
19794,7.480565111283449
19795,7.083782221946034
19796,2.811118118146501
19797,4.870165700834147
19798,7.657330076806176
19799,3.452544150115591
19800,4.533040617499596
19801,5.391399968874941
19802,8.081119598893087
19803,7.1549388617161425
19804,5.400204090132739
19805,7.10524974609546
19806,9.376726321381238
19807,8.497485051089242
19808,7.920350148560862
19809,6.095792668431525
19810,4.042892702839318
19811,4.60883771986094
19812,5.1450107877826365
19813,6.4817946377672016
19814,3.855659831822275
19815,7.638018094133469
19816,3.5431865228679804
19817,7.5575429149185975
19818,8.409050473955187
19819,6.209692244697502
19820,5.242514936950667
19821,5.513809194621855
19822,6.361702492293761
19823,7.401208735959875
19824,9.017026369596683
19825,8.193901351518896
19826,8.656298172255894
19827,4.108241235207947
19828,8.367701191980567
19829,2.5379914168086293
19830,2.9063211515047835
19831,5.58695702609187
19832,3.992366396171704
19833,5.65266152469211
19834,4.088706230526803
19835,8.510097265769335
19836,7.041212197896097
19837,3.0422503660217943
19838,4.048538801845261
19839,9.102810607074307
19840,6.930810679435888
19841,3.8770016636833113
19842,7.9641235301533415
19843,6.421353943355641
19844,5.858239939283024
19845,7.017453321954399
19846,8.224035559178988
19847,9.148365642533257
19848,7.643177197272674
19849,6.119301185590498
19850,4.0567073280871675
19851,6.270079319046065
19852,4.898457502848117
19853,7.989535318127693
19854,5.997407126718944
19855,8.313902362771717
19856,9.010046967949831
19857,2.9359425095996667
19858,5.3677703673898165
19859,3.442944479418461
19860,7.891617739273858
19861,2.6910205334693895
19862,5.745691358040769
19863,7.346750187770937
19864,6.433954625716902
19865,9.62459431978889
19866,7.958223003295336
19867,3.6811268752856234
19868,4.1973626498079675
19869,6.480067760888556
19870,7.945883785634614
19871,5.757172212512558
19872,5.844386372696262
19873,4.515806516113079
19874,3.4646152551378675
19875,5.066696952292658
19876,4.66444470253456
19877,8.35697707785873
19878,8.519865851313995
19879,5.142409530361922
19880,7.231323137271872
19881,7.524355497265452
19882,7.207421042388218
19883,6.070667315144405
19884,6.282843582976076
19885,6.258448682961623
19886,6.025456488996858
19887,6.183354246699378
19888,6.31978806743478
19889,4.422566509875821
19890,5.5269746198661505
19891,3.8592524359700735
19892,2.1773726389209354
19893,5.723641553694692
19894,7.782521297450408
19895,7.319289976242413
19896,5.076718514864823
19897,3.6583862197242505
19898,5.345773321332731
19899,4.891029469474882
19900,6.602552698772222
19901,6.178970921522853
19902,7.849699132544635
19903,8.402355357893722
19904,4.470905507576806
19905,9.992439904175745
19906,7.31616929800685
19907,9.199796196478204
19908,5.49451062690941
19909,6.22352077138038
19910,5.895156351251841
19911,6.167502410688499
19912,6.512782236197616
19913,8.013368897556669
19914,4.3913953001611485
19915,6.281124939956083
19916,6.704289111648001
19917,5.41114452484001
19918,4.466404880445959
19919,8.271926680699226
19920,8.021382361303992
19921,7.708901970699559
19922,7.013085583431108
19923,7.082683434242569
19924,7.104963103766273
19925,6.407397981818308
19926,4.20521387004953
19927,6.979584540956145
19928,7.362471210030461
19929,5.571105325630958
19930,8.282700259293161
19931,4.344545437680445
19932,6.76433352765557
19933,8.208049564943343
19934,7.774454006267298
19935,4.98827387200424
19936,8.373640660831093
19937,8.215311767502545
19938,2.7079048966002244
19939,8.312314657836373
19940,7.529540854642525
19941,8.816214778180969
19942,4.868831715079293
19943,7.099112292209912
19944,5.867177203361642
19945,3.8125054939356566
19946,4.490344053296212
19947,1.7060685656770653
19948,3.4443757279982634
19949,5.553164723896457
19950,8.362368745380532
19951,3.78196239095584
19952,3.8555298609689683
19953,5.847244982644062
19954,1.9168728485903992
19955,5.902750218547041
19956,7.062365449994245
19957,8.760244380049878
19958,8.051959253977127
19959,8.63283734794647
19960,5.962861156904377
19961,4.318453436055588
19962,4.585571570586372
19963,6.589942298622523
19964,3.329936258074303
19965,5.516517049279813
19966,2.279905034859744
19967,8.571397647902472
19968,4.993725152965176
19969,6.90985950412269
19970,7.3978417820190625
19971,5.292369203095253
19972,6.401945725080905
19973,5.693199477778826
19974,5.788324654155781
19975,2.1011882468636998
19976,6.314057547032047
19977,3.2841361603018426
19978,4.030899059488618
19979,7.1118827405401674
19980,2.939067268187466
19981,5.895703411211877
19982,7.366214903710106
19983,6.317759856674552
19984,3.728953322644261
19985,4.949435626239119
19986,7.5029444877067215
19987,8.65683252363058
19988,5.056040417118998
19989,4.892077730852838
19990,8.613698102548383
19991,4.4686013096450425
19992,6.670004594569333
19993,6.235555242316955
19994,5.865818281434592
19995,8.543429402951238
19996,7.063575956002949
19997,3.5409699221046367
19998,3.7820396423698766
19999,5.260236258676572
20000,7.094460300838975
20001,8.729982772165148
20002,6.184418032420068
20003,3.340781008603169
20004,3.515186986625369
20005,6.277980385334131
20006,4.318430269570616
20007,5.3067959943570475
20008,8.517414261509366
20009,5.564381548787169
20010,6.6598886492284155
20011,5.749516573632024
20012,3.026548026318801
20013,7.161347903898333
20014,1.4947434759622606
20015,7.64116910340208
20016,4.4476115410036545
20017,3.580273049800841
20018,9.798793696016645
20019,3.688643246885407
20020,5.371746313638315
20021,5.316980606933722
20022,5.843440870870794
20023,3.5116340076639787
20024,6.462532001406625
20025,3.024602956246718
20026,3.7556595307283933
20027,8.22581729909652
20028,8.290199965582714
20029,6.895205733718859
20030,3.0702179396276352
20031,6.812056439725076
20032,5.398559531031555
20033,8.560503949326723
20034,7.818406557066405
20035,4.850367223345406
20036,7.978329424774115
20037,6.142243746251168
20038,6.076979711670871
20039,7.849804470272055
20040,7.145966614126792
20041,9.47256595658079
20042,8.245748934090546
20043,4.988460303115351
20044,6.937164995698646
20045,2.6150517646307345
20046,5.921607983672973
20047,4.326674840188462
20048,7.21357481561088
20049,3.039991195963786
20050,3.646795487891919
20051,5.704099039998537
20052,6.786230551726762
20053,7.382685023798392
20054,5.016031561942056
20055,4.195834185134148
20056,6.734804944461983
20057,5.357109190265438
20058,5.780638313169355
20059,6.734819694711644
20060,6.172597879963847
20061,4.990030754178344
20062,5.454288949150302
20063,6.09151097092264
20064,1.7484009904680118
20065,5.446344535001094
20066,5.35622970536487
20067,8.623172994823426
20068,5.340781593758395
20069,4.7491476190479505
20070,3.7162035686243584
20071,6.862215241693725
20072,6.4427834126803685
20073,7.690903302593582
20074,7.815033719510689
20075,6.625496527947115
20076,3.2030012699908683
20077,3.68096624884292
20078,9.211264710498567
20079,6.1216453700242734
20080,7.423664756486228
20081,8.694122697604037
20082,6.371163297624715
20083,4.549934932368106
20084,5.547922610544863
20085,7.2498187456354195
20086,6.88669460068675
20087,6.936994730439626
20088,5.9828165869024845
20089,3.5595959330888522
20090,2.5616570933966134
20091,6.413105463735548
20092,7.938210222779751
20093,7.235556566250182
20094,9.434580587728524
20095,7.903629072884213
20096,8.075311797794647
20097,5.008162038528358
20098,7.766378826121498
20099,4.047294220642742
20100,4.895040365805964
20101,4.721676078094332
20102,4.077237593188695
20103,4.182158660715369
20104,5.7235154642630635
20105,7.80379540080182
20106,4.031807112458125
20107,4.9519592510205355
20108,5.81214118931018
20109,3.9609898707345796
20110,3.570098208195534
20111,8.401372496176473
20112,3.8084244425849034
20113,9.638378245756849
20114,4.301600322505218
20115,4.968402342690708
20116,5.22025643113959
20117,4.905039342511013
20118,3.0752837939067588
20119,5.390904814523546
20120,6.936992637328477
20121,6.3829870458888225
20122,6.921908628869635
20123,3.2009941593892153
20124,2.42647361198389
20125,7.050038007571013
20126,7.644228102140116
20127,3.282017550049342
20128,6.926966388663049
20129,7.790780159523135
20130,3.9304326920285275
20131,5.784907472251764
20132,6.932048552681126
20133,6.37591505933433
20134,5.4240154496588655
20135,8.929962092581402
20136,5.59022607651044
20137,5.169305723405773
20138,3.708922127908785
20139,9.372610011949787
20140,2.4044808305411847
20141,4.010655577311527
20142,5.98144574865034
20143,9.343112694032898
20144,5.495477948671361
20145,8.100069626752614
20146,8.668118874793377
20147,4.988249625308926
20148,4.9571551211799845
20149,5.946809560332345
20150,6.145329547535208
20151,1.5868095723497881
20152,5.987786145618774
20153,5.298102350729284
20154,6.672556934644917
20155,7.216863029610211
20156,3.110380004831299
20157,2.7812244045628214
20158,6.207544791652822
20159,6.409449518952053
20160,2.677922626376005
20161,4.493486324808526
20162,6.677881117896968
20163,4.629651139219245
20164,8.226734146001764
20165,9.390511170948932
20166,2.119199798143862
20167,3.5533193724203955
20168,6.874332109753952
20169,7.791260413937827
20170,5.49728057047051
20171,4.34902251560427
20172,4.592726275955439
20173,4.698220268847436
20174,3.453789984761481
20175,4.8858344015778075
20176,7.702874525663967
20177,8.813292399404496
20178,1.8159887838990332
20179,7.758524669867802
20180,6.033515045983403
20181,8.687897192446012
20182,5.679486194404509
20183,8.671793735183039
20184,6.961141495220673
20185,6.307087064160472
20186,6.680719869773772
20187,6.490410469044828
20188,5.746166572417049
20189,3.05487161938592
20190,4.290862848020847
20191,5.879161392715972
20192,8.24633047599809
20193,7.602936591472252
20194,6.105204227026304
20195,7.044051844260342
20196,5.462197861461242
20197,6.506292480385756
20198,7.7130929073792895
20199,9.101230871772799
20200,4.8003742223593004
20201,8.329239148960589
20202,3.1777791210684243
20203,6.663041419902552
20204,4.758285026986578
20205,7.1056323174529155
20206,5.27618375598731
20207,6.084454131010256
20208,3.355110854718776
20209,6.717681176573889
20210,8.376123737077059
20211,5.912104081460677
20212,4.488197709186478
20213,9.011474600440952
20214,4.468247204523873
20215,2.585734090261899
20216,7.2609882635861975
20217,6.636667103306671
20218,7.084328756869068
20219,6.342436332785674
20220,4.640083059020094
20221,5.8846082263405055
20222,6.9546644260877635
20223,6.1652261248948115
20224,5.798251361350521
20225,5.397447034844868
20226,5.532782500029597
20227,6.333358953549231
20228,7.793784694148076
20229,7.573664278601489
20230,5.9640563605756505
20231,7.934531909183724
20232,7.237005880560273
20233,7.196126367889409
20234,8.953015585606693
20235,5.204739333281565
20236,6.821680137300259
20237,4.036430911094862
20238,6.63248421491278
20239,4.6769124527458175
20240,4.961231746943855
20241,2.0574795694203
20242,6.992410761340267
20243,3.813775562773579
20244,8.238832600379464
20245,6.642394596432666
20246,7.024069523778754
20247,6.183424806477852
20248,5.866606880629353
20249,2.6078510666334775
20250,5.555066972349751
20251,5.251828307979312
20252,6.995398643047672
20253,7.021801044552404
20254,3.1536186557791925
20255,2.367707400314823
20256,5.896148632516576
20257,2.276504999756828
20258,1.9079503877287673
20259,5.143308509679555
20260,7.939768410271649
20261,2.8142822964266303
20262,6.144871317275653
20263,6.3146997721693765
20264,6.529122907644962
20265,9.105636713426836
20266,3.50659801364023
20267,7.377921374463825
20268,2.88217138589099
20269,4.964549155978337
20270,5.802283242811262
20271,6.5356323770697395
20272,5.62317055376829
20273,3.6084687298505127
20274,1.5767829078452102
20275,9.860878231932936
20276,6.818440961936091
20277,5.851670853472536
20278,4.469998449208972
20279,9.652932754137044
20280,5.412852665038888
20281,6.954757635418396
20282,6.796188955617033
20283,7.870396843786129
20284,4.112862866501308
20285,7.924844093659399
20286,5.91411045577272
20287,6.54635134669892
20288,3.9872857576425087
20289,5.187263190252986
20290,6.176429179262115
20291,5.401529606195284
20292,6.405812587051028
20293,7.633117343568391
20294,4.576958108964567
20295,6.991948013882686
20296,7.184958806777185
20297,2.8744008415941154
20298,6.397006045096793
20299,4.780175456946262
20300,6.282975501202773
20301,5.178918960216332
20302,6.52521510423377
20303,2.1260144743520946
20304,5.605186428190189
20305,8.6201247278951
20306,4.840019427719474
20307,8.548268286666168
20308,4.517363719524275
20309,6.028367771885817
20310,6.043590539231734
20311,4.562946749001487
20312,7.133595045813188
20313,8.165838805893044
20314,5.996003651336572
20315,6.6324356609046395
20316,4.2387585758525805
20317,7.375936411212181
20318,4.924789199312366
20319,7.011731637739708
20320,5.4027454084107855
20321,6.519856798477381
20322,7.976033158852125
20323,7.913615747472596
20324,5.1100051176663435
20325,4.990127576361911
20326,4.5793882026579045
20327,7.472231845986864
20328,4.3282372638507125
20329,6.703136970342285
20330,4.153154709787648
20331,5.861742616883939
20332,7.261181031792384
20333,9.725733012965735
20334,6.9116477949249235
20335,6.3521613247007265
20336,7.756649163479734
20337,4.079889470117076
20338,3.4119408930184534
20339,5.065699347990622
20340,4.564897425238245
20341,7.573252243328629
20342,6.072976462846177
20343,8.07398163496854
20344,5.832101615109515
20345,7.762089883462301
20346,7.249343064000141
20347,4.482835496760777
20348,1.9894756614047955
20349,5.65839868719908
20350,7.064173255363144
20351,6.939835769332458
20352,8.54495559798766
20353,6.66962065808483
20354,5.225184865100522
20355,8.35932618660233
20356,6.447180303916248
20357,4.472089144236839
20358,6.63552231646037
20359,8.361719589014637
20360,6.5394551033579305
20361,4.399875890350508
20362,3.7379717056537283
20363,2.603148314307441
20364,5.807300044529314
20365,7.487824412558318
20366,8.275705561530824
20367,5.784824596101426
20368,5.449497796755878
20369,9.323811455214848
20370,4.274803525606121
20371,6.24327777144374
20372,7.389988326820681
20373,7.157483817601451
20374,2.0672360227711084
20375,4.784706430352647
20376,3.7559104228866147
20377,4.479864594960969
20378,8.284175544504725
20379,4.6421273498562545
20380,1.6276781542015262
20381,6.757036494909153
20382,7.3006295293685
20383,8.91894641601734
20384,7.904460145881054
20385,5.176567804564943
20386,3.72406027027014
20387,4.604850693593161
20388,3.749048992696394
20389,4.16919791383426
20390,4.682939865581743
20391,5.594198868985924
20392,7.045112703137797
20393,8.685062998876273
20394,8.09712534894226
20395,6.974252669202053
20396,8.09540394234706
20397,3.418966703684588
20398,3.781877573254302
20399,7.558482074350287
20400,5.245302073422645
20401,7.3553019433080316
20402,7.777642005373685
20403,6.449613901844523
20404,8.997220233827864
20405,2.8736713868545176
20406,6.737062010679461
20407,7.373619505391772
20408,6.250513001240109
20409,6.114841477421032
20410,5.016240986702238
20411,5.459549923568003
20412,6.577252666181526
20413,4.459458274242827
20414,5.217522784243464
20415,6.448388381258848
20416,7.863154787589162
20417,6.983790627345056
20418,4.279480623290718
20419,6.277504548403405
20420,5.647834207515398
20421,3.4692792671273383
20422,8.303865262892032
20423,8.226128069095438
20424,7.423934425042975
20425,7.81640824327901
20426,5.407248313620721
20427,5.096389505865597
20428,8.439185646898382
20429,3.8795665795338654
20430,4.653308057897636
20431,6.203080016757278
20432,6.37279095672182
20433,7.073777542543136
20434,4.766777001709627
20435,4.882308859751134
20436,5.317864517160722
20437,4.625930347734004
20438,8.26601496751361
20439,9.27236762810851
20440,5.219151353948486
20441,6.819646183159671
20442,4.11561727502715
20443,7.809623339106339
20444,6.214220832113385
20445,7.445236625470111
20446,7.3771549931147895
20447,4.227415225860252
20448,3.2607451752946552
20449,6.6664878702675425
20450,4.967428686041965
20451,6.322701947813235
20452,7.55651756145647
20453,2.9363099656857248
20454,8.746346906813706
20455,4.701700775232841
20456,5.738924818406147
20457,3.1520635671567288
20458,9.133102244599248
20459,8.9138021329466
20460,4.809116890069735
20461,1.633536512296204
20462,7.266444928857364
20463,6.298425418128518
20464,2.9771776864103945
20465,3.0438785362860314
20466,9.351110152339686
20467,5.983000879164167
20468,5.294360268180092
20469,6.347385830275929
20470,3.7512211101153197
20471,1.0667057275490879
20472,5.543680668070456
20473,4.628202942575564
20474,6.805494762302098
20475,3.9916835655201646
20476,6.4612723002436265
20477,5.8834394322098476
20478,2.3790436726254347
20479,3.4243674853484287
20480,3.9789077257950605
20481,9.018369845338755
20482,6.5981148460946635
20483,4.893088292378364
20484,2.327719978830684
20485,7.353465281108908
20486,7.416343121658603
20487,4.7311178178724
20488,3.08267839940517
20489,6.742654538323411
20490,4.225731441150188
20491,3.8727745778541793
20492,3.4903524152609906
20493,9.844304074168535
20494,7.467756729580268
20495,2.9833853950747393
20496,3.7194490888038962
20497,7.903516627219243
20498,2.5559049364555935
20499,8.534966598446381
20500,6.172332390310132
20501,8.382052073604832
20502,3.7816872110422555
20503,5.9732646424353675
20504,5.7234467119705235
20505,5.683362122601659
20506,3.7989771204726437
20507,7.849930653414029
20508,8.485358125058656
20509,6.3965251953757605
20510,7.756928447907019
20511,7.3396826374648265
20512,3.0704675093563045
20513,9.479986564524111
20514,1.6326154944518387
20515,4.461788665184951
20516,1.8994111234324538
20517,5.106856186955066
20518,3.8202420978429577
20519,5.7620777360723645
20520,3.5493285235899297
20521,6.481839082940473
20522,5.471413114373604
20523,3.7626286805979783
20524,7.4896190455917155
20525,6.70882745251791
20526,5.131025003755683
20527,5.373817578961329
20528,7.69341979912068
20529,5.0594192664173026
20530,7.387945229661966
20531,6.188624829970177
20532,3.342134080197587
20533,5.989418890367773
20534,9.285307265523272
20535,7.470986128035604
20536,5.9978651342161875
20537,9.221646313967936
20538,7.160375055579834
20539,5.127144983922989
20540,5.326793208010104
20541,6.0613277079040415
20542,7.949099125856076
20543,6.319367626273018
20544,7.535334868608251
20545,4.779726593640944
20546,5.697599681122664
20547,4.29664439703716
20548,5.948152700896355
20549,6.963468587544254
20550,2.1944582108284885
20551,8.395742375313791
20552,8.328260010294546
20553,4.788680495443671
20554,7.39828690536263
20555,9.181011596468334
20556,8.38564725081168
20557,7.247105935067464
20558,8.511509666557611
20559,7.460772680902617
20560,10.0
20561,2.9830858526715005
20562,8.133902911188226
20563,8.570076961037664
20564,4.1840712098455635
20565,9.009722744934466
20566,7.981899643316881
20567,5.106947074772092
20568,5.024879118835939
20569,9.014134999184554
20570,2.764515153080395
20571,6.003319897857698
20572,7.182377345989809
20573,7.883393418606329
20574,3.937338686658482
20575,6.650715279252313
20576,8.758285008577246
20577,9.400836639245693
20578,6.013411387410829
20579,6.984543668690959
20580,4.999941503260793
20581,6.125007516794522
20582,9.26219766347106
20583,6.663543075547911
20584,7.165478647411325
20585,7.967582518724315
20586,3.8301458841989553
20587,5.441356724464958
20588,7.404592240594545
20589,4.134819076267204
20590,4.324380150460563
20591,4.757773185739355
20592,8.812359134941236
20593,5.804000923031472
20594,6.378988988108345
20595,7.789213920562972
20596,5.209358899993851
20597,1.8936085398901268
20598,5.724144934709974
20599,6.517079155741599
20600,1.9768061683950147
20601,4.23373959437481
20602,2.1965227666736604
20603,5.526334321453737
20604,5.657839461491357
20605,6.824013951754619
20606,5.473542290201988
20607,4.265147807522648
20608,3.9724117075849827
20609,9.09121936789704
20610,6.591725384734265
20611,9.561158007710407
20612,5.804989577107447
20613,2.866892429080928
20614,8.62571358017195
20615,6.4940101633365455
20616,2.1452225366001985
20617,5.561787845269901
20618,9.707356620877192
20619,8.766881349904544
20620,6.6035083210448935
20621,6.2719557099710475
20622,3.592735933599772
20623,7.248235928493926
20624,7.289490444117717
20625,4.526826411862105
20626,7.0917672296650105
20627,9.2781034584262
20628,7.305760652609508
20629,9.625314303478394
20630,8.07770904020305
20631,4.656526422080795
20632,4.636826396766793
20633,7.016608186056931
20634,6.635934057684254
20635,6.123949612470301
20636,5.690575944964314
20637,7.044667112997521
20638,5.568229009723384
20639,3.791818853372009
20640,6.19676065392572
20641,6.837426694548582
20642,7.659592976406448
20643,3.9483911650727066
20644,5.021790557640218
20645,4.170356627421841
20646,6.60073792643466
20647,2.907905640048294
20648,3.8933616990345445
20649,4.945807265438919
20650,6.073420952586602
20651,6.761134066061539
20652,7.352587957942264
20653,3.4230662707883956
20654,2.2770140356256157
20655,5.703340842963419
20656,7.411835402408122
20657,9.497359822355762
20658,8.291103346138684
20659,3.6740157969215144
20660,8.201283577261828
20661,8.169982131767556
20662,2.5914441875266285
20663,8.96732685863321
20664,5.83710930132172
20665,5.761985100647811
20666,5.233537594920149
20667,3.027812265416676
20668,7.04914673322501
20669,6.633365878786688
20670,7.962405875033136
20671,4.826232530398235
20672,6.762268690224692
20673,6.107495976167759
20674,8.00819335689147
20675,4.172012923458828
20676,7.400323055640455
20677,7.86464558726568
20678,7.472136385365987
20679,2.5753447265577822
20680,8.295672087992017
20681,3.535136106531062
20682,5.728728103598487
20683,6.967102245784426
20684,4.1164095970897385
20685,7.274612791774856
20686,7.570442555312232
20687,5.9153425028610105
20688,7.4829942428723
20689,2.4751621383152247
20690,7.618336466050669
20691,6.988743412240156
20692,7.263908672113767
20693,6.7109538874086425
20694,7.164168271761945
20695,6.138086821198726
20696,4.830662429489804
20697,5.218836078666565
20698,5.158858162156954
20699,9.441857151877336
20700,2.4070126930237876
20701,6.813237525896267
20702,7.915074667654192
20703,7.843709466959067
20704,7.065370215273191
20705,7.7629289739430725
20706,6.344982289213247
20707,1.380933005132665
20708,3.6421432324980962
20709,6.780973731782805
20710,8.405287119811709
20711,4.97101785168042
20712,5.6415859094904075
20713,8.964655771904027
20714,8.559269844292096
20715,7.499802722058025
20716,5.892480491166001
20717,3.932861088849815
20718,8.730043974156393
20719,5.664800187720139
20720,7.0356161443761955
20721,8.76337053271405
20722,3.236222366980395
20723,8.613445846727526
20724,5.448741589563694
20725,2.73868522585049
20726,5.789087208317824
20727,3.2408768897095905
20728,5.677472625594646
20729,5.4408068995094
20730,5.331442367883707
20731,2.3788298886561305
20732,3.42868895305228
20733,8.296420383406138
20734,8.619836512648078
20735,5.467863307440999
20736,4.1024039929965275
20737,6.4329562571742995
20738,4.874625660926975
20739,4.177700143541564
20740,4.566643298342386
20741,6.562109159148226
20742,6.0177698610087464
20743,8.29584761143321
20744,5.0052709271395255
20745,7.35652971818192
20746,3.88989150539854
20747,4.5932345460776745
20748,7.585469157082613
20749,2.0494529279174394
20750,7.017395718040827
20751,3.880890705305159
20752,4.670319715342394
20753,8.554836741523212
20754,2.3383641008750384
20755,3.163308613231895
20756,6.519832600796848
20757,8.20646963014489
20758,6.818199854115299
20759,6.2863469629672935
20760,5.8663129207842015
20761,6.40985756919259
20762,4.156240296814528
20763,6.138542823425704
20764,4.6010771459653865
20765,9.645440202584323
20766,5.460800697169059
20767,6.070736195874877
20768,2.8609655330203894
20769,8.616780806050016
20770,4.407184635850494
20771,5.776733861687555
20772,5.2657557187857895
20773,7.924557781012022
20774,7.686184243216412
20775,5.309022687157172
20776,8.910514043180369
20777,4.343581096872631
20778,9.482879948292554
20779,5.150625069100813
20780,7.581107289909785
20781,8.389499807519647
20782,6.801718600136235
20783,5.614879805946744
20784,7.432616447992372
20785,6.071764313197041
20786,4.8856032072501385
20787,2.6155932145393326
20788,6.6339623423027385
20789,1.488679284502852
20790,5.980167548626214
20791,6.5000261192856215
20792,7.667807227742845
20793,8.11969187856581
20794,7.5747802067532195
20795,5.1477097634063504
20796,7.25958714274112
20797,5.520787117448274
20798,4.212850755920331
20799,7.347183358826983
20800,5.250878242112287
20801,6.391757833133002
20802,6.452000772314301
20803,4.30225059825678
20804,5.932387322272653
20805,5.610556446452466
20806,5.624003492854629
20807,4.7574763515943275
20808,9.71984117684137
20809,5.599997926237271
20810,6.820402628591211
20811,7.417721636256374
20812,9.083565497586733
20813,3.1223577183793916
20814,8.337171643251649
20815,6.896210237535887
20816,7.080002906995968
20817,5.505469496702462
20818,7.4117047923458355
20819,7.567788869446589
20820,6.739300716111459
20821,7.845452295537079
20822,5.882627575268616
20823,3.759606131301683
20824,6.582791171567214
20825,6.778698186254922
20826,7.947681948901302
20827,8.519179674028578
20828,4.734878004721045
20829,7.611559477641514
20830,6.565652168509282
20831,4.138274785716929
20832,3.1220122156717465
20833,3.1217762953342767
20834,8.312353833908874
20835,7.1881767734415565
20836,8.37341535607715
20837,6.336537957066314
20838,4.704862379615761
20839,4.608212184378174
20840,8.518415778817202
20841,5.748424143191933
20842,8.449303264385495
20843,5.1024368931402755
20844,2.4300890278313365
20845,5.580409831987964
20846,7.022409766964616
20847,6.5683089079919075
20848,6.9162824552284246
20849,4.969366131248794
20850,6.550867839819787
20851,5.1786658495370075
20852,7.9281086981007505
20853,6.332209481593965
20854,6.176932817066364
20855,1.801016651871423
20856,5.702851998104194
20857,5.701045144046743
20858,5.084296840154278
20859,1.867015360361475
20860,2.970163132808362
20861,6.575386613372707
20862,5.845369413760702
20863,6.085678071538471
20864,4.369809648817981
20865,7.255024304427965
20866,8.234971040933779
20867,8.340480546664452
20868,6.241983634620802
20869,6.771781454341969
20870,6.802359240895784
20871,6.214120301497896
20872,9.124816479163515
20873,6.694991381854452
20874,6.358665231276893
20875,4.494639169976018
20876,5.15151785556964
20877,8.246539849244074
20878,6.412110454300265
20879,5.970678477511041
20880,9.98501261923145
20881,6.380100324883161
20882,5.940020200460194
20883,1.6736653479848316
20884,5.761052966451707
20885,4.012575358982769
20886,6.164878074742245
20887,5.873661136842122
20888,4.024779271400211
20889,7.760432938639271
20890,5.095613754519624
20891,8.237345654483736
20892,4.712204190044393
20893,2.5753791775418042
20894,8.082387437174566
20895,7.960917400208142
20896,5.787887821755824
20897,4.952153392858349
20898,5.047943301385724
20899,2.8800843818145703
20900,5.343937740905215
20901,6.656880813097574
20902,9.503770423673606
20903,8.184138120462395
20904,5.44248407269604
20905,6.195774715904308
20906,8.71532438585087
20907,3.0672417732493096
20908,9.061542405290712
20909,5.114435346229352
20910,5.3597086776492535
20911,4.055621423111586
20912,6.364122558519958
20913,2.989396519479514
20914,5.239926160321222
20915,9.06087727534294
20916,3.047412527560142
20917,2.6524497739900643
20918,6.65208053563332
20919,3.645366321025831
20920,6.968656919874919
20921,7.195040492891652
20922,3.557291559391666
20923,4.194558652210265
20924,7.897593847942046
20925,5.791049868718609
20926,5.003863263229098
20927,4.233101010617781
20928,5.892179294738038
20929,4.32599687852095
20930,7.000781580179935
20931,6.823265109882095
20932,5.025692617664192
20933,6.163957423929634
20934,4.020584015758353
20935,3.3817397059893604
20936,7.060692928550806
20937,8.16232181830691
20938,9.838631916027415
20939,9.229778049610445
20940,9.994673538208009
20941,8.171860879056371
20942,5.511577747086924
20943,7.344386725806481
20944,1.8814249773901843
20945,6.77612995082178
20946,7.488331097491337
20947,4.283284329778099
20948,8.324234172799136
20949,7.141263609989808
20950,3.182726518937221
20951,5.44822480577953
20952,8.52563728263341
20953,8.455910261648626
20954,1.2480404010542656
20955,3.700373157486723
20956,4.820849430050117
20957,6.299016924492352
20958,7.754145731707981
20959,5.715423938803632
20960,4.979561880369644
20961,4.193903963912032
20962,6.281348824344583
20963,7.993889813557628
20964,7.515354761295318
20965,2.7930154536626057
20966,5.120126941428932
20967,3.408175544014384
20968,2.4914723840905593
20969,5.455350128219761
20970,6.706499667718221
20971,4.232345178763577
20972,7.142704025493718
20973,6.599811159410721
20974,7.434147344171147
20975,7.70251228792185
20976,6.095212008011682
20977,4.195925197418412
20978,4.803319925097326
20979,5.308427707748992
20980,5.6581421805043774
20981,5.437975585077124
20982,5.619578890358598
20983,7.785783261391696
20984,5.792296711266897
20985,6.700197065821484
20986,7.838642569597473
20987,6.225517145361531
20988,7.191268470635888
20989,9.662446217603547
20990,8.862064000572994
20991,7.244392792313232
20992,5.331027322372644
20993,3.468893870538947
20994,5.123113713324887
20995,4.856476869139918
20996,6.916974713202709
20997,6.697471990343356
20998,7.258175731168537
20999,4.638927618191698
21000,3.80413592529772
21001,6.6917072989325055
21002,1.968931984618582
21003,7.045106981057332
21004,5.364853052437043
21005,8.474033685277437
21006,5.178648870692598
21007,6.638946751674368
21008,4.5690863352949425
21009,6.033009031704915
21010,6.285944373239713
21011,8.34881572823894
21012,6.345700797909897
21013,6.4819382115138
21014,7.939847535917016
21015,5.647548950873704
21016,7.103802896274326
21017,5.148110200325899
21018,5.530164355128508
21019,6.038557353964016
21020,5.977278541563436
21021,2.482394190417819
21022,6.891013450892761
21023,3.9542787400982657
21024,7.635812906209057
21025,4.8571350297706815
21026,4.620549105147364
21027,5.651454040194201
21028,6.389761976385451
21029,3.958933682355146
21030,2.279980804716015
21031,3.995377619309781
21032,8.198829776730479
21033,6.388012947772072
21034,3.7036016380811487
21035,3.4359151120502
21036,7.253696372153494
21037,4.513751939231219
21038,6.178270101911117
21039,7.5633803406436755
21040,8.868834028569026
21041,6.854600251512345
21042,4.765159676473938
21043,4.779695781795819
21044,6.560978215679176
21045,5.682934027152061
21046,7.996922604511001
21047,4.582670611108309
21048,4.5272112112549845
21049,3.6458525101122197
21050,6.928805124503333
21051,4.436088131647706
21052,5.381416021742823
21053,6.852524121857773
21054,5.161258746642752
21055,8.05098823313356
21056,4.80385160262505
21057,4.384970667359678
21058,5.823205918123439
21059,5.2574956596111075
21060,3.8664654946975325
21061,9.358667392190585
21062,2.987057444181655
21063,3.3986194653261155
21064,2.8723167719912857
21065,6.2786975048568445
21066,6.171343815201801
21067,8.717197398238527
21068,2.9890448952285884
21069,7.0722225805119345
21070,2.2482992040231795
21071,2.457258118800566
21072,4.165051091982415
21073,2.3383334741573885
21074,9.297811276036413
21075,6.787427420435289
21076,9.540812237467936
21077,5.822348820428759
21078,1.8070297109910927
21079,8.89049915875391
21080,2.942212042370802
21081,5.923526584885059
21082,8.094262166379057
21083,6.763606858376845
21084,7.247170823790082
21085,8.63902876208704
21086,8.441097620440374
21087,5.346150294173542
21088,4.261040633616585
21089,1.7223289500228631
21090,2.7750363699952647
21091,5.246633830269704
21092,5.222900946974715
21093,5.9945551389126965
21094,7.7165648002614855
21095,7.814609770021986
21096,3.8566307255219705
21097,4.123065924045941
21098,4.663583323437198
21099,5.16683492295482
21100,5.482554131579568
21101,6.18991459329895
21102,4.850075191858801
21103,4.47906972214863
21104,4.734584674745658
21105,2.1821393343632827
21106,4.249829517536548
21107,5.605683115418687
21108,4.547088003961772
21109,4.447768720521668
21110,7.851554710416304
21111,4.875696183569174
21112,8.412303474008601
21113,7.036352251829933
21114,4.6396705870106105
21115,5.549706226611887
21116,3.035945467613248
21117,8.987280514474216
21118,6.759697577086283
21119,6.497225667056888
21120,3.473784536990147
21121,3.884348129877714
21122,5.814026374239015
21123,4.922750305866325
21124,7.426042081198668
21125,5.833492607267276
21126,3.155334676083979
21127,6.9751362896694316
21128,7.961282700768923
21129,7.996352023023225
21130,7.716996886671289
21131,7.414614161645801
21132,5.982965481966725
21133,6.578531239700097
21134,6.305641890998034
21135,3.579624523156989
21136,8.111192262836106
21137,7.861294526724682
21138,7.1682026654591
21139,4.830808101187648
21140,8.4597512499511
21141,7.353412574034286
21142,3.0679699511517153
21143,3.5505046801215068
21144,8.643847744643562
21145,5.613564128502014
21146,7.865286436680007
21147,4.826602089197335
21148,5.161596937869309
21149,6.663344232763876
21150,5.885868865784644
21151,6.210085610751098
21152,5.437111188934461
21153,7.392406362060489
21154,8.218483707500736
21155,2.8270010825941596
21156,9.078058383761945
21157,6.665074578030094
21158,8.103950496021838
21159,7.841296376593563
21160,7.431719732619906
21161,5.79156272607675
21162,4.0780033318298265
21163,5.072668170160316
21164,7.684247550780533
21165,3.2452354398388925
21166,7.200807573101763
21167,7.786933234255007
21168,5.465053185041032
21169,6.822067346583875
21170,5.079103971992616
21171,8.335350180110478
21172,3.378677769439752
21173,5.600748164234453
21174,5.2607659409734895
21175,8.132366740289582
21176,5.5437950140879595
21177,7.342132261973955
21178,6.023969053998449
21179,6.583801452240211
21180,6.09050355659408
21181,5.729694616743066
21182,4.028643296943997
21183,6.654316782727061
21184,5.001026104383121
21185,5.8640735749351744
21186,5.897963843329481
21187,3.159438274837603
21188,7.958761909757845
21189,2.6578795800662594
21190,7.555023996989458
21191,8.149691081240537
21192,5.712886805373199
21193,7.720554936561921
21194,5.582093127113623
21195,7.34291603873255
21196,7.3287157900922075
21197,7.388518866643681
21198,8.659955738533286
21199,1.8522670837839244
21200,6.492175242717183
21201,6.736489380924253
21202,8.96953458099869
21203,8.078074976656584
21204,7.3485184212637495
21205,7.5368117811544995
21206,7.079966297079079
21207,9.134437079869471
21208,5.905528077901107
21209,7.0001269152714105
21210,1.002048725276219
21211,6.736502992713944
21212,8.808388577776451
21213,4.251555424368601
21214,2.9234931246599327
21215,7.113279529216244
21216,4.263652960731168
21217,7.0740718476647935
21218,5.809986801007887
21219,7.09501903675284
21220,7.9617135941539665
21221,9.26198007861278
21222,5.810237457992288
21223,5.733016353458874
21224,3.078839304281494
21225,8.053574772850366
21226,7.325383734008453
21227,9.063421004128823
21228,8.86829046640823
21229,6.490237988911203
21230,6.16084809683345
21231,6.261681102692473
21232,4.288740689881633
21233,6.408267697999339
21234,4.966277230232014
21235,8.123194881855852
21236,7.250601714351031
21237,3.6428655176906193
21238,6.071693428271571
21239,5.889541931393392
21240,5.149110453836334
21241,4.21609615276457
21242,9.868677199684658
21243,5.60968375915369
21244,3.2823905419597477
21245,6.220860895179314
21246,4.703966369174986
21247,5.900168594534677
21248,6.073889730446796
21249,4.045786955399433
21250,3.777139069392767
21251,6.7248974174745495
21252,5.836265154064085
21253,6.268500308737436
21254,7.94079322853566
21255,5.599955613327738
21256,8.176612198770307
21257,6.61746232477493
21258,6.326678932477625
21259,7.890405558018337
21260,4.4925223566095305
21261,2.0961010516650935
21262,4.815966649836692
21263,7.127910853450446
21264,7.6277508046809555
21265,5.540186173664294
21266,6.074708724554787
21267,3.023679765781522
21268,5.274505453783977
21269,8.24000891417597
21270,6.006110552695869
21271,3.802944309963077
21272,4.155043055080043
21273,7.84225131298438
21274,8.176787210923475
21275,5.968570848838038
21276,5.286915273355559
21277,4.695122265615524
21278,1.4649485292568425
21279,8.67844861802969
21280,5.927945071981908
21281,7.9959910260186415
21282,4.374904186679855
21283,8.085993452555309
21284,3.888354306550893
21285,6.165648170990795
21286,8.627268294814623
21287,3.942075689665831
21288,6.584468327839766
21289,6.902247319485764
21290,9.220934091118245
21291,4.78328029560074
21292,4.8888106182868425
21293,4.702718310072507
21294,6.882171506313271
21295,8.003977682491813
21296,8.174526189070317
21297,6.572212651108524
21298,1.2327984330364734
21299,4.723220322170243
21300,3.697006403615916
21301,5.001759805417994
21302,5.96122554336567
21303,6.298537745562773
21304,3.654829635095495
21305,8.250494817543988
21306,6.130305019553323
21307,3.805019341970194
21308,7.2217698108074435
21309,6.473823508145215
21310,6.351136035065204
21311,5.4444970252727725
21312,6.463593165085217
21313,7.469115617875531
21314,6.167738195345786
21315,4.57526373221368
21316,8.744874526757517
21317,3.4938737963407127
21318,3.023647973582304
21319,6.699419503996177
21320,4.132230715586467
21321,6.354838385074292
21322,4.390774490942702
21323,2.727662722826153
21324,7.277228358161157
21325,7.645425055707116
21326,8.072774889779648
21327,5.885392518551577
21328,7.883855542826669
21329,7.5144429771601375
21330,6.547057436005023
21331,7.915812895272942
21332,4.212711865243526
21333,4.137420084761986
21334,9.356832003908162
21335,7.941933433369764
21336,7.052990712598637
21337,7.393512433267891
21338,4.72263451293313
21339,2.986716894074923
21340,2.3709683565200725
21341,7.577033312217086
21342,4.4307385782083655
21343,2.511151953207928
21344,4.013461044739776
21345,4.719679548169532
21346,4.158428450208169
21347,4.2709878841795135
21348,5.250259217663389
21349,5.304948468625918
21350,6.830258193669092
21351,6.398627635908773
21352,8.135778721525948
21353,6.471839264735164
21354,5.469179768398151
21355,4.590977054742022
21356,6.841368849911229
21357,9.203894994403292
21358,7.0137210531365435
21359,7.404759696969556
21360,8.560358798524184
21361,6.396280127104134
21362,3.027837308527962
21363,6.417104523850971
21364,0.5180224488471025
21365,7.155231900114792
21366,9.158930247430854
21367,6.500926461478331
21368,5.673559896226935
21369,7.034687510577814
21370,5.192003362203119
21371,7.501745974237846
21372,5.104239527078364
21373,4.864727737975224
21374,3.518216696660503
21375,4.302275216550981
21376,6.720985584857331
21377,4.393721452417364
21378,7.215640636440507
21379,7.905685462200488
21380,5.993642940383688
21381,6.975138518307231
21382,5.427921601770864
21383,4.9390495193134445
21384,5.319544227823161
21385,7.557931901339053
21386,2.4498449161199005
21387,3.0164732284281373
21388,4.814257731783828
21389,6.610458914444403
21390,6.230980703700933
21391,7.021739474831605
21392,4.68653305354929
21393,3.6991496386491023
21394,6.19189000412203
21395,7.95778407603033
21396,4.845026666976727
21397,7.875082790697771
21398,5.537037682675248
21399,6.596160445390033
21400,3.374922040838013
21401,6.99562102279098
21402,6.159576921512226
21403,9.2068549558809
21404,2.5264484199044217
21405,7.735376592102384
21406,5.883751360036873
21407,6.2236489187978385
21408,4.597240911624338
21409,2.232356563517146
21410,5.923672903637066
21411,8.880490513451218
21412,6.481327287913383
21413,8.86588170925969
21414,6.692831700647927
21415,5.549412473900507
21416,2.943645314123047
21417,8.406209203345705
21418,7.428621479662091
21419,9.34935796179441
21420,4.236229098086664
21421,4.456410816370221
21422,4.082316550476326
21423,3.640429125128406
21424,6.849902230155031
21425,3.5044252374403486
21426,6.950568394083271
21427,5.18066550259416
21428,5.88255952589406
21429,3.719295459801981
21430,7.283727323197036
21431,2.1049704154528515
21432,8.302298632872944
21433,8.046164360672591
21434,8.679311243709162
21435,6.403826187455266
21436,8.358609009813488
21437,9.467701750808072
21438,6.62465735406392
21439,6.433029494354731
21440,8.232704467288933
21441,6.265190344525945
21442,4.021522528973621
21443,3.9917837948949275
21444,6.648223402559819
21445,5.87207854871288
21446,6.0795952193121785
21447,4.736782883756666
21448,7.109132801601375
21449,5.250241478199307
21450,4.986113401592478
21451,6.377530649652154
21452,8.444133969356093
21453,8.577034850618077
21454,5.255956676490801
21455,6.651133825738541
21456,5.2251251449252205
21457,9.300168020471329
21458,5.8009530870011226
21459,3.5723213571763655
21460,3.7933995009064208
21461,6.943669272766659
21462,3.4895747064906115
21463,8.381210905378909
21464,6.780662185859482
21465,8.185433238419957
21466,4.979902644684174
21467,9.020293032688667
21468,5.7317233013734175
21469,3.5514118752055337
21470,6.120112129045001
21471,4.349637544355428
21472,6.5939156142425555
21473,6.203547948950326
21474,3.6607214785652435
21475,3.1596973088273055
21476,4.960076764270127
21477,4.164330982495171
21478,5.58167310176354
21479,6.6516442040925075
21480,7.076851733495124
21481,4.120939882682507
21482,7.734815569391195
21483,7.713133136059843
21484,6.946804243219706
21485,6.156827918569079
21486,3.883209479994745
21487,7.830873043598505
21488,2.562733427154118
21489,5.844677018905188
21490,7.1748877122622705
21491,8.505228086278333
21492,4.6196083905990415
21493,6.046527855969133
21494,7.902360994176831
21495,6.870320543170582
21496,4.502064943817843
21497,5.555242232595711
21498,7.882897423888872
21499,5.398922362577383
21500,6.1509590945887345
21501,5.103762575007021
21502,5.630092035853044
21503,5.268915052334506
21504,7.08068781558182
21505,5.03716624434368
21506,6.098741152680962
21507,4.547602741993067
21508,8.626204882786116
21509,6.613760805152957
21510,7.54483520296536
21511,6.252755637097014
21512,6.445150868176029
21513,6.02043458746922
21514,8.862307677170463
21515,4.437195308676779
21516,7.01868529642453
21517,4.920413511500652
21518,8.904484225959084
21519,6.190742056660456
21520,5.283052399153205
21521,3.6257055533744484
21522,7.059403380248947
21523,9.83733606547846
21524,7.104061965854054
21525,6.730178717237304
21526,4.553024592700535
21527,5.69955682954366
21528,7.752620166416399
21529,4.944087631055394
21530,6.348158060970319
21531,5.020230317901294
21532,9.712395726913908
21533,4.983725613720654
21534,4.026208938499464
21535,4.1550053092315204
21536,6.376777678818838
21537,8.629521060949708
21538,1.9577743767945832
21539,4.0803017304116755
21540,3.98499258056067
21541,6.152111871142825
21542,6.280280247254778
21543,6.520196051346232
21544,8.799851920039268
21545,4.45873602118911
21546,2.1669911747039707
21547,6.939002468405583
21548,7.615527762332979
21549,5.354714928753578
21550,9.032697662501786
21551,6.5475985771391345
21552,2.2903063835595057
21553,6.6124648523018035
21554,3.017074241188961
21555,5.473317621342447
21556,7.171793491977434
21557,6.894848326037412
21558,4.054600716006782
21559,3.136070304214089
21560,8.77837673174427
21561,7.725555901530957
21562,8.342430990364132
21563,4.543503542064814
21564,3.1573369685584294
21565,6.033937026145999
21566,2.7256878579674315
21567,9.180013566880888
21568,8.254255463581488
21569,8.365084938330536
21570,6.303281056348616
21571,5.03749202586083
21572,8.507839535690604
21573,9.159453657110719
21574,4.283029119771313
21575,3.4212941715173972
21576,8.280590432398307
21577,9.071472535567997
21578,6.788486138182621
21579,7.114203809392154
21580,5.908934649798553
21581,4.501337422915575
21582,5.050810835906432
21583,6.336407643521728
21584,6.284578118590312
21585,6.225444384579087
21586,7.151244068247798
21587,5.536286410453782
21588,3.52878887836813
21589,6.2955767457472716
21590,4.565480352088665
21591,5.796124458215427
21592,8.435813976101848
21593,8.55440143466711
21594,2.94012277742011
21595,7.243781631075884
21596,5.68403875858377
21597,5.121732852580994
21598,4.318734718586226
21599,3.738416330264376
21600,7.797895673643682
21601,2.0157817713418376
21602,2.459937137793432
21603,9.438027009464943
21604,5.095714916575945
21605,7.861049305744105
21606,3.3958023014517997
21607,4.720338039302646
21608,7.456657824052137
21609,4.0850877023356045
21610,5.9071453248443495
21611,5.0961387715525825
21612,4.18140022239013
21613,8.427132014132942
21614,6.411476566894532
21615,4.599272564172442
21616,6.478988375395723
21617,5.525514342580439
21618,9.14895184775767
21619,9.407745683329889
21620,3.917138348898045
21621,8.774796923422603
21622,5.842309228475455
21623,8.160872480960073
21624,9.232336071599612
21625,6.690437848490801
21626,5.048910051463604
21627,6.1644505979787425
21628,9.912292107800207
21629,7.297358726900508
21630,9.114485377523696
21631,3.4107343037986375
21632,5.122986231036931
21633,6.259249426577187
21634,2.7782903576625446
21635,6.018824812831706
21636,5.373602850673993
21637,5.141756471395308
21638,6.384134618385126
21639,7.946399612958547
21640,9.497371882118792
21641,4.968829692330154
21642,7.846671741218621
21643,9.156632519399022
21644,4.511136000971362
21645,7.436346658007695
21646,4.400146380765987
21647,6.617224794857653
21648,5.727846530652686
21649,8.206640246614164
21650,2.8695392472045924
21651,4.003874305022597
21652,3.8565595198193687
21653,4.490113462763762
21654,3.061933939944364
21655,5.415516378256762
21656,8.01347582768238
21657,7.4812694899242835
21658,7.461230722412504
21659,4.105879211369853
21660,7.516475469127506
21661,2.472926071735979
21662,4.482642603595889
21663,7.99159273570855
21664,3.480534281618435
21665,4.813202299743226
21666,2.4525756384814867
21667,6.61771206387121
21668,6.090030134162799
21669,9.071292105200623
21670,1.2361912752284097
21671,6.854817610436907
21672,5.70391010052369
21673,5.638793083790533
21674,4.020828606446316
21675,4.995181971751393
21676,7.895806701380506
21677,3.9887803740977663
21678,6.489666212858318
21679,6.391638660800682
21680,5.105823548703585
21681,1.5736395624425599
21682,7.093093019305183
21683,6.435934318846549
21684,5.820519499695442
21685,7.9322628098269865
21686,5.643591002885283
21687,6.075595678462875
21688,6.673099146431256
21689,5.712792060667873
21690,8.73850358175889
21691,3.8275322558539857
21692,6.291188638158759
21693,3.775692973422324
21694,7.364748887858622
21695,5.805186472240677
21696,9.732602910848366
21697,5.143366989970594
21698,3.000531625578914
21699,8.378614154471713
21700,6.0191467238535585
21701,7.793692768784688
21702,3.577838801047365
21703,5.994718960735975
21704,4.09670528131236
21705,8.811787598060558
21706,3.2075728379150363
21707,8.586489844628607
21708,5.611366064499669
21709,5.6848087263836105
21710,9.250172892866232
21711,4.978312894375932
21712,4.04917447268414
21713,5.507297858248971
21714,4.718288534961242
21715,5.119020328543133
21716,7.239870316271142
21717,6.637245179074542
21718,2.6418933752640434
21719,8.105553135062607
21720,5.146362375132519
21721,7.064586305272449
21722,9.569061211066547
21723,6.4204775498604345
21724,7.685587561715141
21725,5.82517942769856
21726,8.957660501814399
21727,6.871202671450388
21728,5.267249496112063
21729,5.59994229459344
21730,6.339748527182951
21731,6.583228858525022
21732,2.02565673444503
21733,4.481107165511781
21734,3.72347758674757
21735,7.393336826450549
21736,6.138250969235337
21737,7.477704567671068
21738,2.015403733707633
21739,8.249505845161462
21740,8.919324531465705
21741,7.065806856581299
21742,4.088986382175958
21743,6.005830060792038
21744,4.536356768042893
21745,5.525484687989591
21746,5.8134209640377
21747,3.365877465142603
21748,9.774661747037488
21749,7.10092523730663
21750,6.719112865503961
21751,6.854998893258353
21752,7.327744414727302
21753,8.479159504946132
21754,7.59412912226084
21755,6.890797951526723
21756,4.232946466731577
21757,4.82568457460368
21758,6.423476790819063
21759,4.863237397563168
21760,7.78582622475249
21761,5.054484277214718
21762,6.329402248451899
21763,6.119370472974378
21764,6.106840622492127
21765,5.87661452770247
21766,7.080936131421181
21767,2.62956880525957
21768,6.853104739221489
21769,5.070453360588307
21770,4.507492722147244
21771,2.9164231062636015
21772,6.07063218401267
21773,1.8033634336058961
21774,2.3916344941365
21775,5.939434172669701
21776,4.946775668639448
21777,5.3994570252046135
21778,6.043569588652927
21779,4.376019575107813
21780,8.014514274615012
21781,3.2438132738500607
21782,6.159004708784874
21783,3.795577215579144
21784,7.359946742193605
21785,6.759133861429893
21786,5.473562739683764
21787,4.338402799442342
21788,9.192585334437826
21789,3.371343067821182
21790,5.502305679295629
21791,5.377469898344744
21792,7.668985263988535
21793,6.513881993594721
21794,6.906195298372875
21795,9.477268459781493
21796,6.480769393233781
21797,5.476739848679215
21798,0.673136399204798
21799,5.243115056041351
21800,7.189393455350601
21801,3.2550445361199047
21802,4.125648305605389
21803,2.013591777526597
21804,8.328528075646341
21805,5.262095878095137
21806,6.260107721574666
21807,8.261890679978487
21808,3.1975096330384605
21809,4.936557554477737
21810,3.1161579608121133
21811,7.0052370602532985
21812,8.197768057574478
21813,9.525730585169455
21814,7.4071484881384375
21815,9.073772237335838
21816,6.333920103833232
21817,8.64353189283181
21818,6.516259389442525
21819,7.351688385513356
21820,5.737162032954833
21821,6.7657341846023895
21822,8.316626001915196
21823,7.615117031895161
21824,7.901252323519481
21825,6.014633873985453
21826,6.336074088281407
21827,8.039086606282103
21828,6.221678533954451
21829,4.039596791323403
21830,4.481889991161517
21831,3.4423433322248855
21832,2.485482042666522
21833,5.248027721174839
21834,5.614385887435171
21835,5.995246701735015
21836,6.164063465607475
21837,5.017605158139001
21838,8.799047043517449
21839,2.8481704578417135
21840,8.24196933126791
21841,7.277663457596147
21842,0.8938511186351017
21843,9.312666137989144
21844,7.9018692752889255
21845,7.072575833698448
21846,7.0337478212750115
21847,5.974299814136305
21848,3.1485033226389683
21849,5.47037780275653
21850,3.503905553330106
21851,3.7814790129860594
21852,6.190612964024507
21853,6.990724197038062
21854,4.897917364135282
21855,5.915999100886892
21856,5.21965609202859
21857,7.943134882227065
21858,4.441009543335387
21859,7.645564697619083
21860,6.916811574535717
21861,1.9788107082370723
21862,7.86357974651485
21863,3.71150171012438
21864,9.082032150572116
21865,6.965020902243454
21866,9.786410869918154
21867,4.0929699841977625
21868,5.795086356610015
21869,7.775833107167988
21870,5.167667073473638
21871,6.369108971590013
21872,5.269916590253336
21873,7.1335445002082585
21874,6.839651299009448
21875,9.109268828635333
21876,5.410186865434408
21877,5.721046389767869
21878,5.229771541984147
21879,6.232804752789893
21880,7.8193608671513015
21881,5.042121759948666
21882,4.73017835840053
21883,5.316278113015279
21884,6.844432331017714
21885,8.93523183318285
21886,3.5887566187834614
21887,3.598084802831656
21888,7.801157781553948
21889,6.16190022311282
21890,6.143312263342349
21891,5.704524519113738
21892,5.277344012607525
21893,5.814080396678248
21894,6.286639534960309
21895,8.578189356894754
21896,6.466358448093244
21897,4.808913776049904
21898,6.515816426556493
21899,6.41704455958998
21900,3.8857472474071058
21901,4.746786721941293
21902,4.914160270583405
21903,7.710528254545759
21904,3.8764624651566457
21905,7.828334941054189
21906,6.31254418556363
21907,4.638053534590009
21908,8.198587184034105
21909,5.724686426673934
21910,3.9885433279829394
21911,4.301978580547148
21912,4.930012314038993
21913,7.8784512100850455
21914,9.523619993539107
21915,5.826938275765758
21916,6.666213345663207
21917,5.070914701863184
21918,5.552217475003523
21919,8.494905010948068
21920,9.422217301128937
21921,7.624678022139057
21922,7.37577639919652
21923,6.6439657345517
21924,6.798407448537242
21925,7.135868321554243
21926,6.137976147264654
21927,6.0190863847215095
21928,7.116450627011358
21929,8.61964277982969
21930,6.070413219737949
21931,8.8718351607518
21932,4.878904830500817
21933,5.601700638986081
21934,3.16631576862395
21935,5.789030950876765
21936,7.28719925670802
21937,7.2022776786202005
21938,8.731409852595778
21939,7.768014432810763
21940,4.272693252450826
21941,5.694253653121366
21942,9.07081060706407
21943,4.060356531849537
21944,6.070321838967704
21945,6.101142761660552
21946,6.133131361752279
21947,8.611401660082231
21948,4.686271138313197
21949,8.441190856237633
21950,5.994021519259838
21951,8.163335078345796
21952,3.2918454020097037
21953,6.225652947303799
21954,3.0380499114744604
21955,8.010433550314684
21956,5.25615076873232
21957,8.965152224146774
21958,7.61728642738441
21959,4.901988217953657
21960,5.23718533600752
21961,5.18841667635534
21962,7.243377690238541
21963,8.558924810688229
21964,8.486334634962788
21965,9.822933004742858
21966,4.668604989151147
21967,3.5995059370522355
21968,7.968886150975278
21969,9.22850491646975
21970,5.725919903663518
21971,3.4168797746843653
21972,4.64078603022354
21973,5.838642752747434
21974,8.179659098272392
21975,2.826227404627767
21976,7.2048889555534466
21977,5.345680440855488
21978,8.719649912707752
21979,5.250251054000515
21980,6.733735944749909
21981,5.0132015817140445
21982,5.667140523675519
21983,3.2145967812960934
21984,5.687338074960035
21985,6.96827512384609
21986,8.80368880030305
21987,4.3047160951858245
21988,7.044614270530688
21989,8.539126698146672
21990,8.187124308786553
21991,6.34559550304091
21992,5.275898377136063
21993,6.172067759685016
21994,3.4021889951765036
21995,3.5552416978335213
21996,5.7364339067451775
21997,3.1292443830947607
21998,5.622884616502745
21999,5.343999175672763
22000,5.125793995134774
22001,4.785534714924587
22002,4.768819398578792
22003,1.883755080401877
22004,5.683707914594015
22005,7.2355377758646195
22006,5.0629765456202716
22007,9.627771385141802
22008,5.581659651362395
22009,7.0126995173348785
22010,2.720945988324722
22011,6.18335798014672
22012,6.483150050911034
22013,4.8020649285228885
22014,6.633141113786349
22015,5.973356592196896
22016,5.815035776648351
22017,4.965305073955806
22018,3.880591180622496
22019,3.5754884844794845
22020,4.093079000152766
22021,7.722460215296758
22022,7.2773262601556965
22023,4.51128631736525
22024,3.7869050744797663
22025,5.496812694358061
22026,3.741400838625033
22027,8.728172490836661
22028,8.438676005812791
22029,7.60981269545263
22030,7.74420832448765
22031,7.544685737037096
22032,4.596561056388712
22033,7.82868980372005
22034,5.4040525428323605
22035,8.575392556053668
22036,5.5170476081491255
22037,4.64933748085912
22038,5.570872816189841
22039,4.518096778139458
22040,8.568860143034279
22041,5.987799107637111
22042,3.037567349648179
22043,6.7236757117394905
22044,8.870198762659522
22045,5.651102804850699
22046,7.784373290692721
22047,5.349904138800851
22048,8.210450248111252
22049,3.450589683481451
22050,5.163038765145807
22051,3.3862418736528275
22052,6.475528435041959
22053,8.874992209962333
22054,6.458672768489885
22055,8.274644022233462
22056,6.49172389993938
22057,7.956868034677071
22058,4.091906163229471
22059,5.38045273900747
22060,8.098190748729897
22061,6.085253813461957
22062,3.5254139078896767
22063,6.23979511158498
22064,7.6073282227826375
22065,5.083096625541832
22066,4.01937968289241
22067,7.23621777115774
22068,6.367084819567739
22069,7.025162905788035
22070,5.208441736012291
22071,6.30358627377056
22072,5.340135199150712
22073,8.283683179772478
22074,5.073200875699758
22075,5.5170589153435845
22076,6.011032220911933
22077,9.254812089151162
22078,7.263058818967405
22079,8.548064268544262
22080,5.095418142251646
22081,8.617957072815678
22082,3.138809523450251
22083,9.373989372164175
22084,2.0216766696884467
22085,3.9362238848574678
22086,6.623322238958358
22087,2.3918629844393555
22088,5.7737554661883195
22089,4.6680924629923695
22090,5.813085662220127
22091,6.973555383022941
22092,9.032474308166048
22093,7.536783211419974
22094,6.895344313933181
22095,4.853941513454835
22096,7.423730082992076
22097,5.72898913008098
22098,6.016619157748257
22099,8.180803379981768
22100,3.346477682682986
22101,5.386756731775523
22102,8.326884847495826
22103,8.402832484383529
22104,1.5357386094941532
22105,5.585733424463939
22106,4.98675637625154
22107,7.431962065330886
22108,6.104492347421088
22109,3.7791439714891526
22110,5.604205737483418
22111,4.227067981029771
22112,6.202629815293484
22113,6.131174902525775
22114,7.928768017286947
22115,6.221221670603477
22116,4.016287063442995
22117,4.651589844255454
22118,7.77890551113194
22119,4.918626384806566
22120,4.894074036570894
22121,7.350527693863971
22122,6.127202435999418
22123,4.495446757008904
22124,7.137756265026936
22125,6.048665429552621
22126,6.323349870348158
22127,7.419964323876645
22128,3.8580791350054042
22129,7.522587913092147
22130,6.9305568848818755
22131,4.946894799483358
22132,4.82824465787334
22133,3.6246513740566892
22134,5.372098108497443
22135,6.702673973620851
22136,4.655603435089916
22137,4.517865776858217
22138,4.300913929170664
22139,6.170079133151275
22140,7.4441565930028855
22141,8.002668225348703
22142,5.088455497877242
22143,7.269166944102138
22144,8.022365807449324
22145,4.835687480162485
22146,3.2596731876783505
22147,3.8491007412635634
22148,0.760073525593028
22149,6.297251513372684
22150,4.568729270723313
22151,2.8658517811672577
22152,7.686875760725451
22153,4.101973370327322
22154,3.8909277523373307
22155,5.790751484265114
22156,3.1981041759447097
22157,5.708206529384674
22158,8.648014122438113
22159,6.666816985780468
22160,9.089404686444581
22161,6.08561166328173
22162,5.501662612624235
22163,4.0796732088574705
22164,4.213001502310495
22165,6.918525988570982
22166,5.2789881043165945
22167,7.90448961226819
22168,7.875754940760846
22169,3.833828046991642
22170,4.122728911219391
22171,5.34551899653005
22172,3.4261835549408857
22173,4.587455728999514
22174,5.411315948433392
22175,5.444208012703784
22176,3.7662767478559616
22177,1.9455443792450038
22178,8.380425917867488
22179,6.462885494887246
22180,8.458217269069646
22181,5.296392254988232
22182,4.256826521755601
22183,6.408323326345817
22184,6.036321999661613
22185,6.783061262283473
22186,5.800810948791311
22187,7.914268855528067
22188,7.070988054910634
22189,2.749917828822789
22190,5.616831898775105
22191,4.352990659281986
22192,5.7626462443630695
22193,7.1471967203650895
22194,3.9624348645305014
22195,4.400673312940622
22196,5.020324874998327
22197,6.3370325990522645
22198,6.998989070368496
22199,5.272235557994315
22200,4.946937968654946
22201,5.17729973324017
22202,3.948389493523388
22203,9.043406748105413
22204,5.303639011743393
22205,5.312731248505169
22206,7.807878942467161
22207,2.295574062945583
22208,3.202193511469064
22209,6.906725267136351
22210,8.112984252935455
22211,9.16113462364278
22212,4.427834637663894
22213,6.0604405910572545
22214,5.230152773333235
22215,7.47842171881687
22216,7.302119154693375
22217,5.43648658745091
22218,5.880843427863286
22219,7.743419304232782
22220,1.7312340903305308
22221,7.398246810524372
22222,4.72060244973391
22223,6.73383334441701
22224,3.2086282543171487
22225,4.7637965896378915
22226,5.493489551414144
22227,2.866390233668143
22228,7.4954971889422515
22229,5.540333400021642
22230,5.673198807303705
22231,7.7229060279588095
22232,6.268153185960017
22233,8.943043014823655
22234,5.18319174333779
22235,7.336576551551024
22236,0.8719520532373395
22237,1.9450239509666096
22238,7.2692326041964925
22239,3.398948512469148
22240,5.831290809734621
22241,7.319578869949656
22242,5.696140175097861
22243,5.20366633640631
22244,5.187573084476476
22245,7.510960913255888
22246,7.985308695204864
22247,6.147206526020753
22248,8.801896876067106
22249,4.885070067167818
22250,6.184766109248553
22251,3.3352320378560694
22252,4.337601470101462
22253,8.728483519782888
22254,8.857390210748479
22255,7.006566496755613
22256,6.601473496333527
22257,9.140429351207757
22258,6.767835327746525
22259,1.7565095302319294
22260,2.398276982342791
22261,4.150597675767113
22262,4.15513984416567
22263,7.292074444032299
22264,4.343016288033907
22265,6.798258747439739
22266,4.827158596968695
22267,3.663386022383265
22268,3.2507888837146135
22269,4.028271813553449
22270,5.745518897224333
22271,3.842187648369649
22272,7.3346797500811185
22273,2.775604204667991
22274,5.3335215014721955
22275,6.635589665972168
22276,7.295134699525047
22277,8.758129925598114
22278,7.149425554806802
22279,2.306716190626604
22280,8.683461337304397
22281,4.402696567370093
22282,4.334928812676111
22283,5.877060176854362
22284,8.722590715441187
22285,6.302782994805135
22286,5.09473829343319
22287,6.3477020657993
22288,7.778479652985153
22289,9.090465116513183
22290,3.854364287999333
22291,4.569406910084446
22292,9.328504752971948
22293,6.363968316052453
22294,8.314141815893697
22295,9.800275103744855
22296,3.3961351737440113
22297,3.7759952624946616
22298,5.706470492999352
22299,6.1639404432262195
22300,3.3727109842075036
22301,8.708413341404642
22302,6.130071011182316
22303,5.776412251866667
22304,5.463456054098094
22305,6.7643244599576
22306,7.462555554271747
22307,6.3498656022696345
22308,9.500662132479869
22309,6.497208428662943
22310,9.486488380048115
22311,4.414604275689614
22312,5.9957736017032115
22313,3.3492729039120936
22314,6.414385796088217
22315,5.869405370804652
22316,4.545980281777712
22317,9.253269319975132
22318,2.757384706520063
22319,4.969386616701672
22320,6.001350913461296
22321,4.67697508967493
22322,5.349098381952381
22323,6.320836353629715
22324,7.292815246735509
22325,2.5013131218622404
22326,3.2022837654520777
22327,4.282749047593915
22328,5.742850665264276
22329,6.249302280172342
22330,7.601091619409592
22331,5.189818143368026
22332,3.9300075657892943
22333,7.999995702623165
22334,9.489771134121291
22335,6.161006704493413
22336,5.960736727161034
22337,6.258808469328592
22338,4.425325403401976
22339,7.822276598281644
22340,9.246316231324993
22341,3.5742358976027164
22342,4.647125927645669
22343,6.717475317315499
22344,5.003495529848799
22345,7.859065164406079
22346,3.433833528145721
22347,8.006550433722532
22348,5.550033473045599
22349,6.5788061576596295
22350,5.9521733425056045
22351,3.1653556025555853
22352,6.613673615549314
22353,6.972573884244236
22354,5.46318737503157
22355,5.333261446005945
22356,7.080735963372491
22357,6.266891908030256
22358,5.669390543139371
22359,6.201423250950516
22360,6.105341685226312
22361,2.341847740124523
22362,7.67337911639417
22363,3.7351444803816536
22364,8.80590875514965
22365,7.706189703330709
22366,7.364018411773363
22367,4.980939895180976
22368,4.745014373366775
22369,8.984538562766735
22370,2.8133075642543584
22371,7.135226929354485
22372,8.200288440234111
22373,3.198669952281691
22374,7.220068136700018
22375,4.66662201530721
22376,9.09325321497559
22377,4.816853083828143
22378,3.7643704081303424
22379,8.034379812543605
22380,7.3802921916124085
22381,3.9076007097779746
22382,7.458624133971285
22383,8.910741168204066
22384,6.159479012568793
22385,4.580632997107287
22386,8.014386608768962
22387,4.163004603215468
22388,1.529233187223342
22389,7.444228399766548
22390,3.38281117258308
22391,4.8780419820669545
22392,7.0834555731589415
22393,6.7907619054072414
22394,9.43955426356916
22395,6.549629861964042
22396,8.47940309646971
22397,8.475682845179179
22398,7.05579684944208
22399,1.6303485501952557
22400,4.774277595504128
22401,6.45867479492988
22402,9.016829728258068
22403,7.268661361951313
22404,6.910331476778003
22405,6.436697383797991
22406,8.579336587318831
22407,3.196219190237427
22408,7.974553583651885
22409,3.991606422992417
22410,5.017821854261819
22411,2.5654450076327144
22412,8.353976410271205
22413,8.24923104607529
22414,7.244291837591531
22415,2.453660527194832
22416,4.89723199032397
22417,8.686994480629473
22418,6.495529484596232
22419,8.17116674497049
22420,6.011692051372035
22421,6.071554648931544
22422,4.910346088569131
22423,4.871483518826966
22424,8.272486900393673
22425,3.7128823119762937
22426,6.529361531348945
22427,8.136921473876765
22428,8.460836876265914
22429,4.149625329955727
22430,7.281530689594182
22431,4.158803452681834
22432,4.658275586730502
22433,3.0429884582215654
22434,5.827720431027014
22435,4.743147992510991
22436,7.012359181684361
22437,8.895508110799712
22438,5.351524381067765
22439,1.5258084479269094
22440,5.860863592336111
22441,6.4632065883062895
22442,8.973262630522793
22443,8.599589969483988
22444,7.080170729786274
22445,6.197354838094752
22446,4.2684366010565284
22447,2.951014717277533
22448,8.500445923547169
22449,5.815799800958118
22450,4.455736448779543
22451,7.305653914693532
22452,7.149527356565088
22453,4.969634734489466
22454,4.437801953052351
22455,3.0004667372762293
22456,6.742695751859171
22457,6.0208658364319225
22458,4.5896502147313125
22459,3.7159984187343325
22460,7.286838689378424
22461,7.174145414454173
22462,3.017390948598227
22463,6.815815226721963
22464,6.636507787367953
22465,4.722695415813715
22466,8.390096055480758
22467,4.3915735334112265
22468,4.940677202852485
22469,8.065833871355338
22470,6.4960443420866
22471,8.16413314335087
22472,4.863756297420418
22473,5.030924208242652
22474,7.101140430882648
22475,2.318376916766499
22476,8.806351778851873
22477,7.307961732735294
22478,7.97179643820727
22479,6.9057590742892
22480,4.174212628941852
22481,8.695194700869234
22482,4.548606097078533
22483,6.655599292966444
22484,5.7536375590518904
22485,2.4048657365409136
22486,3.2214519861866773
22487,7.488629319798341
22488,3.679968716129045
22489,4.900046217954398
22490,6.43534159399878
22491,6.813692268571859
22492,8.412239563042236
22493,6.700090142852519
22494,5.661299024041753
22495,7.730744049370206
22496,4.2788449830813295
22497,8.61999502628952
22498,5.883486199805159
22499,8.383794265792822
22500,6.105184359330583
22501,4.418995786484749
22502,2.6758796147203885
22503,8.66794762461797
22504,3.473897412902251
22505,5.063202526937636
22506,8.430580925581669
22507,2.750869366855217
22508,2.512160277187432
22509,5.601184682747825
22510,6.647828878182559
22511,2.3733153085442744
22512,7.134908949034667
22513,4.37146475554864
22514,5.543296366709458
22515,8.846862215827437
22516,5.946045286489725
22517,4.8719055288260105
22518,6.864354774912788
22519,8.11675907691125
22520,7.182492591759421
22521,4.768851222542206
22522,5.924662877886584
22523,9.639007353566399
22524,4.70158815602381
22525,3.2320839913069124
22526,7.95443938833679
22527,5.305231851392542
22528,2.223348213533979
22529,7.331394182429326
22530,4.812849119441448
22531,7.256724630711355
22532,4.507244460839091
22533,5.301423912335761
22534,7.09653892294013
22535,4.414485880068656
22536,4.6780783646318
22537,2.260120795677185
22538,2.7608792797693678
22539,4.896859813747401
22540,7.452809061450633
22541,8.168842125641802
22542,5.610403573270125
22543,6.50749016337337
22544,6.910831677069221
22545,6.811770804099448
22546,7.523812399862272
22547,5.8903656476296575
22548,5.185085654030738
22549,5.854790822720382
22550,6.149498036355725
22551,6.884237907736839
22552,7.741732625695149
22553,4.137536681507013
22554,7.398866608843872
22555,3.9959400468831934
22556,4.97839700772219
22557,6.247143693281048
22558,7.905990514437054
22559,7.5480593028501435
22560,6.272461472421636
22561,2.3488549121781017
22562,6.905392645895745
22563,3.76215329332493
22564,7.651549961762724
22565,7.241942234201825
22566,4.281681476995515
22567,4.824972764818343
22568,7.750259995815899
22569,8.942141299485167
22570,2.728996948744017
22571,7.2474290101713335
22572,4.052291266228901
22573,4.534406299873087
22574,5.984912188618071
22575,8.150344154216773
22576,5.676162641131425
22577,3.462013167607963
22578,6.711342654694061
22579,5.56559681883118
22580,3.618640527763116
22581,6.132177337579579
22582,6.245137720550693
22583,2.4256614300729873
22584,2.958365530500801
22585,4.614228705098137
22586,3.449782034702741
22587,3.639486094150277
22588,3.556836004272137
22589,5.511567166537938
22590,6.407748106088595
22591,9.228964542200641
22592,3.2654372535549196
22593,5.755106845705137
22594,8.157053306413722
22595,7.437591941481866
22596,6.442083530338942
22597,2.352311999611855
22598,6.959213422699345
22599,8.16570494328003
22600,4.637651875172899
22601,2.5572272750845
22602,4.968444831083532
22603,7.203308321136659
22604,8.053085071531173
22605,6.170621049402162
22606,4.728137970823072
22607,6.643456596741047
22608,2.188045846881394
22609,3.7418250840814373
22610,6.263656735710113
22611,9.218565924470928
22612,5.223345381727313
22613,4.3849684333165815
22614,2.7476176356333744
22615,4.3311104248581405
22616,7.509075267097929
22617,4.415435398541431
22618,5.78293658225962
22619,8.061808724076368
22620,4.478112173861158
22621,7.0098679517678715
22622,7.965522536352543
22623,5.2887617810317415
22624,4.615960400411907
22625,6.217987068914341
22626,6.9476686427021725
22627,6.1174893856002495
22628,8.332962699143161
22629,7.95001014483051
22630,6.918001823726903
22631,6.239210007577258
22632,3.0909739613173732
22633,8.1714973086052
22634,9.244156473944699
22635,8.223779366444132
22636,8.211705688089644
22637,8.96685969945728
22638,6.777120638757289
22639,6.570940529942021
22640,3.6379269492882456
22641,7.045176302135724
22642,6.966603664134498
22643,1.0455632426680952
22644,7.94444494092332
22645,4.995242794153353
22646,6.811916790877482
22647,2.7396407485391965
22648,5.284924960411539
22649,7.837789975841137
22650,8.026303809924629
22651,1.764440860669061
22652,6.9085888373993285
22653,5.094259856153451
22654,3.9334174253335967
22655,6.492837044246523
22656,7.5953179225808025
22657,3.1858895338075826
22658,5.006290298020653
22659,5.5664108259586245
22660,3.6459618696797786
22661,7.249888900953818
22662,6.137383205827645
22663,7.861824638325338
22664,8.334538600513715
22665,7.382073904475783
22666,5.2755255462382955
22667,4.781604751774341
22668,7.872549819157006
22669,4.9191622115732
22670,6.351595592919086
22671,7.583340724125742
22672,4.858018997716016
22673,6.260538212188156
22674,8.397554238351026
22675,4.185533386057048
22676,7.529480843122419
22677,4.306768064357383
22678,5.3781412441421494
22679,4.826728910342575
22680,7.18017362409295
22681,2.39185292973405
22682,4.715484088763283
22683,9.100438909194166
22684,7.468370087003794
22685,5.821613326307923
22686,3.36595358985993
22687,5.037268633769923
22688,3.8288167852680908
22689,5.891976148521192
22690,7.394348151019794
22691,5.244415920677987
22692,4.715989084325894
22693,4.861894452352054
22694,7.256211801667788
22695,3.1067511464863617
22696,5.219681154077325
22697,4.62831068736182
22698,2.193195660385441
22699,4.637644904725941
22700,7.692116725110539
22701,5.056882505391751
22702,6.3170351849698125
22703,6.054742085525557
22704,7.345646493110763
22705,4.649453904067237
22706,5.324087137683227
22707,4.8034034786494
22708,4.9605749190624895
22709,8.20073547220648
22710,8.060095877249761
22711,4.816323726483089
22712,5.863790103791965
22713,7.226445238263936
22714,4.672276842468052
22715,5.551289575497627
22716,8.056927955751085
22717,2.6073051098784656
22718,7.476496335181789
22719,3.565744968276732
22720,7.897315526887445
22721,5.336639943193081
22722,7.038798066908898
22723,4.963637067220317
22724,9.406584175758365
22725,7.059396193878952
22726,5.93545747145933
22727,6.703531429837715
22728,8.835074909564492
22729,1.6439841378284323
22730,5.974482948952319
22731,5.185863038304548
22732,3.89525034142781
22733,8.613043924484774
22734,8.414221965762533
22735,9.040279046504637
22736,7.055997052023262
22737,6.247537592528593
22738,7.241998555323693
22739,3.4568901548822923
22740,4.930325616453748
22741,5.661558404299055
22742,4.7858317792799365
22743,7.696650413874176
22744,3.732427472771194
22745,7.248910007613406
22746,1.8454699140322683
22747,5.941288121178584
22748,8.77586468409857
22749,6.197329127137557
22750,2.889559540974987
22751,6.348793014266644
22752,4.127721120148275
22753,4.951284213251996
22754,4.810440159119585
22755,5.7812130391419245
22756,4.146380288634305
22757,6.1795640287643
22758,5.112784598915234
22759,4.035193555741766
22760,8.07744243189131
22761,8.166345207142095
22762,8.318979426779238
22763,8.202153253883742
22764,8.148874690499843
22765,6.422317073478977
22766,5.801175299711306
22767,6.461479486915029
22768,5.9773836803981695
22769,5.431910815494928
22770,6.737699470727238
22771,4.205241231196189
22772,7.48786856379923
22773,5.597625675498404
22774,5.282239397914002
22775,6.782334167179742
22776,6.19083203501747
22777,5.247244762283703
22778,7.731158702382965
22779,9.400348080055853
22780,4.895410669896102
22781,5.405785989512093
22782,7.148001608864132
22783,7.56837830524568
22784,4.21733666083116
22785,3.1521462313040773
22786,6.9221995901012665
22787,9.5752468192259
22788,4.5306131912199845
22789,4.9150184925028775
22790,7.094763076904138
22791,8.833339265842936
22792,4.593294685527329
22793,4.508625646965611
22794,6.145814807133244
22795,9.804792330682885
22796,7.4158610875216375
22797,3.9441412041881696
22798,5.798867070205113
22799,6.400134935152341
22800,5.990916378985007
22801,7.5525036844035105
22802,6.525714793548165
22803,8.743114396168039
22804,5.933144536047665
22805,9.404227703484857
22806,6.041088757398594
22807,7.088172711961239
22808,5.092422511779909
22809,6.160766179370635
22810,5.025124826469332
22811,4.856367920201665
22812,5.358178320509715
22813,7.061368045745894
22814,6.9925551392166
22815,7.418963427064409
22816,8.455678498747549
22817,3.2848215014707187
22818,2.708458141994644
22819,4.527597865327102
22820,6.221823109578249
22821,6.922692301755694
22822,5.603782097958937
22823,7.515162681037593
22824,7.7932193410470285
22825,6.06114262193759
22826,8.607645801102505
22827,7.467391866229125
22828,3.2721529276883095
22829,5.583723166519463
22830,4.367942795702693
22831,3.9242271332665215
22832,6.111544875514217
22833,4.3847825481741625
22834,8.104060785560787
22835,6.349823073882631
22836,7.783409557190707
22837,5.076650332060498
22838,6.800385622726098
22839,6.263072250630673
22840,2.540718525529196
22841,2.3201590638267793
22842,8.129203925754696
22843,8.582573571511078
22844,5.090657106242362
22845,7.46031419331497
22846,7.637743252549061
22847,7.20336582740441
22848,2.763251099064207
22849,8.698792501218287
22850,3.205692560597427
22851,6.794979949182273
22852,3.6538598957474497
22853,6.594148267974182
22854,4.758548485858821
22855,5.795158049822488
22856,6.134012359415521
22857,5.041484838777652
22858,5.317191244581858
22859,5.150955420703651
22860,9.349264194336804
22861,4.070571161556247
22862,6.429294356394836
22863,3.6655360635401
22864,6.246386378669906
22865,8.595195119393741
22866,8.203472228089714
22867,5.29955900468176
22868,8.207231290562227
22869,3.986365381803131
22870,8.304821918344299
22871,5.584807559052418
22872,5.645754450457622
22873,6.981108990567234
22874,6.4679836667180854
22875,4.653065693985335
22876,3.754559318487747
22877,8.446123933912796
22878,4.155946025488924
22879,5.916274434768258
22880,3.799557939232469
22881,4.157903162291879
22882,3.8327974081765435
22883,4.406923283035647
22884,5.061459596947955
22885,8.46012608722147
22886,8.834989729281023
22887,4.679170780653496
22888,4.669018860184275
22889,6.001529901749338
22890,7.095751616274573
22891,4.719504664039641
22892,3.9277032264024974
22893,4.610814125328815
22894,5.860834223108031
22895,6.919182443264975
22896,9.025299841029929
22897,5.8297029758964705
22898,3.9947821772099137
22899,2.716632767832247
22900,5.283302162236973
22901,3.0917217487176076
22902,8.713058488617541
22903,2.5280111491554615
22904,3.9562861877553357
22905,7.619297358243435
22906,8.73563902157808
22907,6.595913210831198
22908,7.560656697207341
22909,7.054068286418352
22910,8.746661645016681
22911,7.31130523726519
22912,9.498553674034326
22913,3.413615193239655
22914,2.2196851427668745
22915,5.781460540801873
22916,3.5506108939350063
22917,6.127916845637928
22918,4.549936813488715
22919,2.806339012560054
22920,8.54175536191871
22921,6.616845105993905
22922,3.370195601621645
22923,7.018865359594349
22924,7.181027078348613
22925,5.565136370210538
22926,3.0901147556553097
22927,5.266804663653039
22928,8.24753499182453
22929,7.032225986374685
22930,7.109383695095012
22931,2.6210793658925917
22932,5.359607029186358
22933,7.1687177928654835
22934,7.162624339018745
22935,8.366350563941829
22936,2.558174263494485
22937,5.655795583531209
22938,5.2494840690753115
22939,7.797692127628582
22940,5.188134577907666
22941,4.340091062515997
22942,8.602154073792885
22943,3.2580367056018718
22944,7.2999243823779265
22945,5.035607198060138
22946,4.586875417467464
22947,6.070639480142031
22948,5.4243182379672215
22949,4.811459517036162
22950,5.917041838803063
22951,6.7685061464899015
22952,4.490645002639609
22953,5.456859358868648
22954,6.182490410230689
22955,5.008392907038938
22956,2.900603933952434
22957,2.72280436997342
22958,6.578313787826197
22959,6.041207139516714
22960,6.83156118733347
22961,6.360177988572746
22962,7.551365418935841
22963,3.4406272696092897
22964,4.29872863422205
22965,5.632984723913324
22966,4.400226335223564
22967,4.567720578938618
22968,4.130196348766124
22969,2.522699641168769
22970,2.9252120401481854
22971,9.65343620380391
22972,6.021724618085711
22973,4.732760053748671
22974,7.982474677661101
22975,5.150563351978667
22976,2.1777718661522627
22977,4.032846453117323
22978,6.065146032336935
22979,4.649636915320503
22980,7.767638960944096
22981,7.073447160031183
22982,7.032987442297011
22983,6.192902236451397
22984,6.747164990981037
22985,5.176482334520643
22986,6.393642362373695
22987,8.687473571909946
22988,9.484141323870508
22989,6.277720113406573
22990,5.4705115119391055
22991,7.33669372900334
22992,3.6438234186164964
22993,8.480178613463465
22994,3.523342345581144
22995,4.780566056072134
22996,3.1935082824530463
22997,7.24715965158623
22998,2.8382523442268566
22999,6.504342648105213
23000,2.339878206789642
23001,7.009446694821857
23002,7.907510443603318
23003,6.257326586526255
23004,9.338232433071582
23005,6.463927376991503
23006,2.3982532090428608
23007,8.761417707399556
23008,5.11984676349414
23009,8.117334133684073
23010,5.583003122383122
23011,5.459061392629495
23012,5.02845221431994
23013,6.0488089564271785
23014,7.8530206752062615
23015,3.1240287748823676
23016,6.672975636241246
23017,4.856580635090637
23018,3.578337378234366
23019,8.491069478013285
23020,6.417136708632617
23021,5.764060756228174
23022,4.771551697183654
23023,5.764992895216792
23024,5.013638400327938
23025,3.5197551027591576
23026,4.50273597567514
23027,4.115303637798416
23028,6.2532352700330165
23029,5.137385446551709
23030,6.865764757803655
23031,5.557460182327581
23032,5.581499389602528
23033,3.941844404906648
23034,8.493543643274029
23035,5.167721935392484
23036,5.64251894678717
23037,5.251536871224555
23038,7.609907517514328
23039,4.900207196963543
23040,5.830394701631865
23041,2.3399629907561903
23042,5.927993897756871
23043,5.46978160231447
23044,5.875032519150171
23045,2.7519463368104438
23046,6.488915335250221
23047,8.024587833906699
23048,3.3514990880210194
23049,4.893721246150263
23050,6.363754489434299
23051,9.675396044695301
23052,3.9101577801546035
23053,5.010587345633042
23054,6.710413551584456
23055,5.826769888791132
23056,7.870439307513733
23057,6.005685482107434
23058,8.774469150650813
23059,7.419441847679719
23060,8.2536599411145
23061,5.2620849918512445
23062,6.7652300199598905
23063,4.272592055571109
23064,6.6978733906185495
23065,6.898647467628432
23066,3.585372496810865
23067,6.013667512265806
23068,3.753986823737276
23069,6.987024483624687
23070,3.5081560492930692
23071,5.692175414680472
23072,8.530958588522322
23073,5.4334927880484685
23074,7.3684723662961495
23075,5.527677201891338
23076,5.5242139198985125
23077,7.941084468415893
23078,6.996776723817325
23079,3.541838429368854
23080,8.674120260890993
23081,7.6621906951605
23082,6.671749885328464
23083,6.398180521670356
23084,7.140079044906853
23085,5.896393159891704
23086,5.653071327490575
23087,8.691726234827115
23088,7.3744480631643885
23089,7.455322467014762
23090,4.956383718852528
23091,6.191217614025982
23092,4.695898562398041
23093,6.484193604661435
23094,7.212084581533222
23095,6.04232262237973
23096,8.636382112552004
23097,5.147544702489464
23098,5.142846188696693
23099,8.527372321263284
23100,6.3551169833781795
23101,7.677156541981351
23102,1.1358722263868248
23103,7.992371002625898
23104,5.366207193418843
23105,5.602870363600158
23106,5.293715026330446
23107,4.8400578191963
23108,8.639623958140245
23109,5.172186939206053
23110,2.834242336821031
23111,3.665140610203002
23112,7.231705869279689
23113,4.3743537975702385
23114,7.216750105434709
23115,8.347158624862129
23116,1.1054677189575832
23117,6.9674260854075145
23118,6.813346066466811
23119,7.470905438435467
23120,9.006867044065544
23121,6.590633908391071
23122,8.276497020994448
23123,7.859733088650705
23124,5.080849490543619
23125,7.1364525641851575
23126,7.856067922398581
23127,4.973399835577322
23128,7.8088297579202415
23129,5.8515709302370045
23130,3.573051009506666
23131,5.427383870766836
23132,7.571632417405743
23133,5.200705952962369
23134,6.337925297036332
23135,5.705532246933535
23136,8.013753596310274
23137,5.146523575590734
23138,4.398588025148159
23139,8.229492357530725
23140,6.545922917043781
23141,5.557865127783915
23142,4.37824419241087
23143,4.105972024700513
23144,5.14683488627199
23145,5.546908142173558
23146,7.3333741756003175
23147,6.59111729319071
23148,4.052252655189104
23149,7.071296448953946
23150,7.487582100984845
23151,7.2116241885032455
23152,5.907578264275951
23153,4.519933552900824
23154,5.018495687195761
23155,3.4571259095688953
23156,0.6972416118465149
23157,5.865405871439731
23158,5.847310379609498
23159,4.365453532378416
23160,6.8209583219878045
23161,6.247082517900618
23162,2.0470624448406483
23163,7.671213641151347
23164,3.7447885590568935
23165,6.168022379248438
23166,8.647521389239301
23167,8.438798592087467
23168,7.269410719323206
23169,7.105626109399159
23170,6.545965809075204
23171,2.511986636304502
23172,7.995883881113124
23173,7.218401074132508
23174,1.0770406199983424
23175,5.634761849065755
23176,6.180850439956092
23177,7.863524809155717
23178,8.99883479187897
23179,6.899267068475954
23180,9.330687307579314
23181,5.5868431187277
23182,4.1416205547889415
23183,5.037664235552607
23184,8.544087292389202
23185,7.4994355110229325
23186,6.853029758518403
23187,7.3111763865525825
23188,3.406637409714034
23189,5.453241862098347
23190,7.397156002226064
23191,7.9432970240323915
23192,5.873689224536333
23193,8.557576789461116
23194,6.1218508612489915
23195,6.287461103636295
23196,3.6697436872584692
23197,3.9982377753276834
23198,6.801263336030716
23199,6.413642148956107
23200,5.577722662473044
23201,7.0799641345249045
23202,4.5346711770619095
23203,6.17203709786402
23204,7.273677750419645
23205,5.932547605245246
23206,5.465591550182248
23207,5.86815363805924
23208,2.4409835920351397
23209,5.172285419815016
23210,1.4856702120770788
23211,4.148372711901135
23212,6.925806807584667
23213,3.198448689770162
23214,7.794249048286077
23215,5.371745325070011
23216,6.936818730939556
23217,2.877019431406291
23218,6.898962660273677
23219,6.6710472664572436
23220,4.901861118219237
23221,5.029107847907105
23222,4.253158752551516
23223,3.853408385827629
23224,5.077801692026485
23225,7.401186845076349
23226,7.712969459926889
23227,6.4020692763719405
23228,7.867588366601674
23229,6.8443075682620655
23230,5.6865783964194865
23231,6.622430214526729
23232,7.140619280289318
23233,6.489285887020488
23234,4.7386249362278985
23235,3.689368299390108
23236,6.667184851113288
23237,4.705272877043548
23238,6.823214992056975
23239,6.985496781789006
23240,2.2356771361660845
23241,5.548057778659256
23242,4.769664053461804
23243,4.2224109657823785
23244,5.92247303970062
23245,6.29070542331039
23246,6.0485325123742735
23247,5.912535896856081
23248,6.694827536879247
23249,3.875644021099497
23250,4.7252519228417125
23251,6.350345141058819
23252,5.8278665591791725
23253,5.255567948390204
23254,1.821526281238043
23255,8.66542875419091
23256,8.099242212899407
23257,4.504471599130225
23258,3.2068263496931895
23259,9.044673683894079
23260,8.595060620319668
23261,6.064552308802982
23262,1.4420318400884333
23263,8.1119145695125
23264,7.387555226982348
23265,5.40359070587569
23266,6.906153538178685
23267,5.516926533858381
23268,5.866014160099692
23269,8.887928484218179
23270,7.251107830095867
23271,5.614124192283629
23272,6.042558267157387
23273,7.796695112843428
23274,7.05008992382068
23275,8.1639705358575
23276,7.6337450951487735
23277,3.438014044062472
23278,3.7222880804949456
23279,4.987355920047741
23280,6.177251475131219
23281,4.478545830864675
23282,6.3454040220658925
23283,4.8171653606813
23284,4.476054198211658
23285,6.058867540332446
23286,5.137570527113325
23287,5.249119667954291
23288,3.8589900321730486
23289,7.501351748909892
23290,7.578424455151754
23291,6.877061570840876
23292,5.805499936161137
23293,5.767870428242248
23294,7.823222881924003
23295,6.413887672216344
23296,9.73262279562045
23297,7.274010263033443
23298,7.8210954080318285
23299,7.113267896892491
23300,5.404464916482391
23301,4.656201596403441
23302,7.581512447565878
23303,8.22090435052872
23304,5.508833190281817
23305,4.957595918888611
23306,6.2387427666617254
23307,8.15789832129244
23308,8.693410815953305
23309,5.486138063064011
23310,6.37724404665747
23311,5.326332161264698
23312,7.785272885834542
23313,4.164759509857078
23314,6.355798032031261
23315,5.412163139213764
23316,8.917761275361057
23317,4.860524038913098
23318,9.076711593819777
23319,6.955349820755705
23320,2.4190847457640583
23321,4.0650733192090724
23322,8.10116194599707
23323,6.7031439375720705
23324,7.724314587809721
23325,7.355266664934075
23326,7.178334586145217
23327,3.9425036354879808
23328,5.977856378261519
23329,4.724122347514509
23330,9.4223171556045
23331,5.797185558474688
23332,7.127611201905218
23333,5.285534873408119
23334,5.3594980550690146
23335,3.9009761673455348
23336,3.172218189713588
23337,5.047897251042216
23338,5.835088155066334
23339,7.946744141728858
23340,7.162455091866121
23341,8.618609797379625
23342,5.038980786053204
23343,6.001690584363553
23344,6.128550970167003
23345,7.875978311045899
23346,7.021027933660344
23347,3.304120168456298
23348,4.072622140401916
23349,1.8583968639373256
23350,5.3981578010288604
23351,5.812178170247881
23352,6.940880454594225
23353,4.491588992838619
23354,3.9567810566384045
23355,8.763048310175918
23356,6.104663104690363
23357,7.28221499420657
23358,9.474827122268835
23359,5.446194397137926
23360,5.584075885015761
23361,7.39690204027989
23362,7.7894858346198514
23363,3.113518191772505
23364,4.123565024373154
23365,4.261484938610975
23366,7.306631956489837
23367,5.484693639656136
23368,6.167192547992181
23369,4.7368501708706034
23370,4.1258625112852
23371,3.319328742248449
23372,6.252435660845227
23373,9.256930019878109
23374,4.253922885299373
23375,4.621691566209119
23376,8.736071766676014
23377,4.705494072494845
23378,3.374377288823176
23379,6.487748721279076
23380,4.297140341029857
23381,6.785273920600631
23382,4.709576137873303
23383,5.540132011713495
23384,7.404694066410266
23385,3.7442078707590714
23386,3.7216307318746384
23387,4.296151360896463
23388,3.2770033188106287
23389,2.598051139782336
23390,4.520549298018084
23391,7.19496085203151
23392,2.3315291473941464
23393,7.748282133340066
23394,6.791296376699458
23395,3.7687897802821344
23396,6.195279105753649
23397,6.292357744803928
23398,1.955150704681445
23399,5.8334575804350575
23400,9.188170437683153
23401,1.4986366538999878
23402,6.42615184388978
23403,5.3455502920674824
23404,5.923346154530689
23405,4.697608732521328
23406,8.933462805926748
23407,9.159330901261171
23408,4.8405804691079855
23409,2.925319743019456
23410,9.088005832058125
23411,6.315624062290075
23412,4.993228478556453
23413,8.14717575019435
23414,1.918677520800531
23415,7.541406036028425
23416,5.983997266436153
23417,5.970472574716553
23418,6.419961933113897
23419,3.579211677532931
23420,6.935250934997928
23421,3.5216747511605684
23422,7.220448180453986
23423,7.416223821322762
23424,7.8879132721298815
23425,6.662685459427775
23426,7.999377422740622
23427,9.212946232916732
23428,2.312307987731211
23429,2.5756702556652042
23430,7.2808082143983555
23431,5.402683840613602
23432,7.610226635540644
23433,2.956270457099152
23434,5.166071521118712
23435,6.179855168043686
23436,7.952257829241392
23437,8.572242380517764
23438,4.3584873849040875
23439,2.4704556993662647
23440,2.4349759286386288
23441,4.398937635648402
23442,3.8941762323732694
23443,5.715866084812547
23444,5.181789381003747
23445,7.893513911342788
23446,7.339355917603194
23447,6.766743551583635
23448,3.410537663671338
23449,6.306629686840229
23450,7.4808493397301685
23451,3.75840760112667
23452,7.130674408358937
23453,4.227749756843695
23454,8.12563662076084
23455,3.6884362043665426
23456,6.617672900490011
23457,6.822237635966536
23458,3.835203900136568
23459,2.3179203809711515
23460,3.229650606502002
23461,8.873122839337768
23462,7.602229183324619
23463,6.610390114512127
23464,7.483168253304361
23465,5.843223432555688
23466,8.072228862097756
23467,9.386360483664976
23468,5.814898413196525
23469,4.836077703636126
23470,8.151334332399191
23471,5.0954537622755005
23472,5.61895385176036
23473,8.354572697157755
23474,5.7221856827652875
23475,4.2476810014656445
23476,2.1006201023772446
23477,6.431098156841084
23478,6.666716791242435
23479,3.6116013724304206
23480,6.3818444288117515
23481,3.8702340193734948
23482,9.22475793923628
23483,5.5884370179099
23484,7.756009407632888
23485,7.608297292028544
23486,7.694198309029854
23487,6.87166267530704
23488,8.609322310858644
23489,4.692933526613292
23490,4.083058687633839
23491,3.8936503264238658
23492,4.878952228789345
23493,8.494856785758724
23494,3.511264177849511
23495,4.927217499032073
23496,7.173188536644652
23497,3.6961012743171677
23498,3.492724647534633
23499,5.6417116828104845
23500,2.5823281402185176
23501,7.554079492645034
23502,9.96101150840408
23503,7.199787585987044
23504,6.878334538971997
23505,8.259001673473906
23506,6.79751550980831
23507,6.236068318117654
23508,7.469399011045388
23509,9.925704134863093
23510,4.133256881984472
23511,6.763533628217074
23512,4.599711490435486
23513,4.4355973064789875
23514,6.498183448206919
23515,2.672417751523808
23516,8.187275831081054
23517,6.53498527514652
23518,5.0525900567889215
23519,4.777748392052828
23520,6.787481368478068
23521,8.19311288220559
23522,7.133831179503795
23523,6.232787465165904
23524,5.7405418866185265
23525,3.784174676853595
23526,7.880398974958862
23527,1.3099947763381872
23528,3.2855329526499837
23529,8.145066793640606
23530,9.10651294723656
23531,3.897084743828417
23532,4.862672187534768
23533,6.745373128006443
23534,6.264628519862955
23535,5.516437346435503
23536,6.752685951816074
23537,2.2388835369141984
23538,7.157868427850546
23539,2.270540278128764
23540,4.6033944560219595
23541,4.31744817320101
23542,3.0718532802413656
23543,4.805587272202747
23544,4.483980803755008
23545,5.929846236861481
23546,3.147144131976144
23547,8.976464145896873
23548,6.184610274985655
23549,6.4735928442647825
23550,6.594517763688263
23551,5.435034129423833
23552,5.449913395952733
23553,5.314495190710051
23554,2.6387268637049512
23555,5.543356980778589
23556,7.255458926914471
23557,6.982817706871617
23558,4.035551245600438
23559,9.187694046821008
23560,6.73636865479004
23561,9.03828856477726
23562,5.583562381503903
23563,7.681913671726654
23564,4.525280181513235
23565,5.0864679788021
23566,5.853460496058291
23567,4.642430822563713
23568,5.5462963208027265
23569,2.774739304062117
23570,7.167749442827419
23571,5.685003622035987
23572,4.556320959246758
23573,4.059043665720356
23574,4.582479624589493
23575,4.685354943349564
23576,6.646668690337435
23577,6.860269845690967
23578,2.942124183790212
23579,7.135370859113932
23580,4.6813933932649405
23581,4.405079826839786
23582,6.234747603395779
23583,5.9841748555677325
23584,6.658747971524708
23585,4.777702666103101
23586,2.8949730163523797
23587,5.634308437810454
23588,3.572348289232079
23589,4.948553509787837
23590,9.522937334284567
23591,5.781420663674418
23592,4.476681429393171
23593,4.833431674362686
23594,3.203993978759626
23595,6.937102970546836
23596,3.2794443102299686
23597,2.3017028018984593
23598,7.784946204841112
23599,3.117010946796862
23600,2.928619442209825
23601,7.442327751595827
23602,6.20744269625707
23603,5.558902555800948
23604,1.7696799138981696
23605,9.884484430768158
23606,4.439273225927605
23607,5.3009042245410205
23608,7.523711405267542
23609,8.596036918009057
23610,1.7812552285476324
23611,2.6262507279610583
23612,3.5229526055041975
23613,7.529066618204168
23614,6.621945059723452
23615,2.8752123822012514
23616,6.630085001545218
23617,6.550792628497604
23618,6.178651341046887
23619,2.51586124134311
23620,5.30857400866663
23621,5.452599687084297
23622,6.477360403215752
23623,6.977635504140707
23624,5.263872728654746
23625,8.864129947150134
23626,6.53173896182569
23627,7.239814026279313
23628,0.9024288165532369
23629,8.886439964302356
23630,5.848985170575757
23631,7.45816363627216
23632,4.557249616967112
23633,7.654626791808935
23634,6.446562003967465
23635,4.386674574103106
23636,5.484854696720221
23637,5.485234620647282
23638,7.634878330432584
23639,9.395392010182633
23640,4.825935460083895
23641,8.773456751810409
23642,4.694755759772901
23643,4.548890439455802
23644,7.708720158129289
23645,7.386404079098653
23646,2.452676245404351
23647,5.724777056922996
23648,6.219307525176804
23649,5.231437302376602
23650,6.827512784787074
23651,7.4733522372449634
23652,6.861346093372855
23653,5.744459675886226
23654,4.716820983333104
23655,7.008910927045073
23656,6.870268521580076
23657,5.098510968203836
23658,6.068545036520835
23659,5.479467388553059
23660,6.578878089169165
23661,6.840829999811808
23662,6.7355477681479
23663,5.099460249460167
23664,3.0203633085776844
23665,7.275681702514836
23666,6.907827287714597
23667,8.915179317508928
23668,7.092608778560551
23669,6.790753903621001
23670,4.687424155663258
23671,6.004471635632588
23672,8.854246385282469
23673,7.089124263922267
23674,6.423646290911231
23675,5.036760523544251
23676,6.151825774213242
23677,8.06808716134167
23678,6.581572815150769
23679,10.0
23680,3.7860750270903836
23681,5.951287424240712
23682,7.015418464823231
23683,5.754750231951794
23684,4.351720891801026
23685,4.761443258722707
23686,8.222965462286155
23687,4.490960996816141
23688,6.422377337182057
23689,7.124409688498552
23690,2.237040832014859
23691,5.918740864049857
23692,3.9144055613774635
23693,9.692845219063638
23694,6.046397538400811
23695,2.586139425190943
23696,4.0549784396340405
23697,8.401666777970355
23698,7.588436083753901
23699,3.6036939477567644
23700,6.692228752917169
23701,4.573669399081441
23702,4.855245089435776
23703,8.025245740496828
23704,6.882940739748962
23705,7.434675420624196
23706,5.67325825653036
23707,7.36201972200878
23708,6.38371409301943
23709,6.782065321730996
23710,5.4098741833956545
23711,1.2542029186249668
23712,6.768801287789974
23713,5.790557003249205
23714,8.165462073095227
23715,2.902499898616627
23716,3.5006969760162683
23717,8.644996725620999
23718,5.10148337353828
23719,7.763244214030625
23720,5.217140850477575
23721,3.2354621895797493
23722,1.5909759931962009
23723,5.21549641544423
23724,4.733248082921909
23725,4.556966399414595
23726,6.118215691780554
23727,5.586276903303279
23728,7.082755537325104
23729,9.06467518118554
23730,1.5093558444566548
23731,3.8057074479323556
23732,6.002227792684368
23733,6.232265924182039
23734,8.81162207359628
23735,6.366207979596897
23736,3.4469462828450235
23737,7.5256471676843555
23738,5.1135612322987445
23739,8.956576054846506
23740,9.014339451956955
23741,2.2117701280150097
23742,4.421630062805838
23743,4.928669423289132
23744,7.546072613342268
23745,7.707430465468216
23746,1.83732885440706
23747,8.044472641948248
23748,7.753532356216339
23749,7.9499117336184355
23750,5.240845876190305
23751,4.479823830781575
23752,6.109542691473077
23753,8.04014852759001
23754,6.619554902166984
23755,7.416463882048301
23756,3.660110489937667
23757,3.9281686879920414
23758,4.730908754556427
23759,5.678140755253243
23760,8.05925076072506
23761,3.22099546363667
23762,5.220595585953206
23763,4.587710356946948
23764,7.752975692995615
23765,4.675818339121568
23766,2.02242735241098
23767,6.423456853141009
23768,4.34423245789698
23769,4.728742624908805
23770,2.702814884558168
23771,6.546986846407002
23772,3.972295297420372
23773,9.845635766298946
23774,7.730623718601386
23775,7.409149073160666
23776,5.541385170749018
23777,8.178856590231968
23778,5.592493246541902
23779,3.454614756954137
23780,3.0271825945557724
23781,2.802484923895709
23782,2.9257667693615677
23783,6.89049476141752
23784,5.261141360496049
23785,7.027382007994817
23786,7.2363300413629
23787,7.833596476283992
23788,6.995720368037888
23789,6.547014386475375
23790,3.4462203264780826
23791,2.8420440060737358
23792,7.119205352214972
23793,6.410606048745237
23794,6.677505810223894
23795,3.670469011383661
23796,5.518036552283186
23797,7.0086018513978345
23798,5.834255279353409
23799,7.480815697600873
23800,2.571898835341772
23801,7.201775953105477
23802,6.3513909793877055
23803,4.668175526953653
23804,5.222372439577817
23805,6.2584967268082075
23806,6.068953614942864
23807,7.475160428372653
23808,2.953294921942555
23809,1.4306346923026643
23810,3.9101317794919037
23811,4.707455351253442
23812,2.226129511938933
23813,2.1080861535793445
23814,6.747939606655265
23815,5.924383525538279
23816,3.74390231394103
23817,4.249632112063143
23818,5.965363383200808
23819,8.623388938928706
23820,8.7749321599958
23821,8.036875258881183
23822,5.69030149042336
23823,6.975349466087858
23824,7.994532996397305
23825,6.575034803207457
23826,5.683597076243626
23827,3.9693593530093336
23828,7.440104311065962
23829,4.050503253698412
23830,6.560898418059851
23831,0.5690684973143849
23832,3.44838592410108
23833,1.6264875526938845
23834,8.168142194447631
23835,2.469057498382524
23836,5.674130447289453
23837,5.45299855493829
23838,3.293407428474519
23839,5.28164299485688
23840,2.2729168126096564
23841,5.2139804602655415
23842,6.223155004375832
23843,7.474885924458586
23844,2.1444471300744237
23845,3.729973296340217
23846,3.9169883372592844
23847,9.050045999272701
23848,3.7649242991411285
23849,7.6943666869973395
23850,7.464187118330171
23851,4.861271316544345
23852,7.322519758955375
23853,9.177875034981835
23854,3.929835623942236
23855,6.8480540843156295
23856,7.406136812072046
23857,6.114437942153586
23858,3.0756690592733325
23859,9.29241566345312
23860,5.104754976732716
23861,8.343526734885858
23862,7.848068364322664
23863,8.081641208562585
23864,2.4746774232821376
23865,7.271341900963943
23866,4.278846285160013
23867,4.117722163127828
23868,3.9221066319675213
23869,5.686942187329837
23870,4.46219553741645
23871,10.0
23872,6.1108942081310875
23873,4.398336552654239
23874,4.464063387893125
23875,6.614925638915871
23876,9.46450488680723
23877,6.757182859501319
23878,7.490178961899614
23879,5.344185094296803
23880,6.478068355014726
23881,1.2420048802259007
23882,7.696198118326119
23883,2.3498288972175287
23884,5.228307926032809
23885,3.937131874627984
23886,7.379931657288919
23887,6.590304786903442
23888,5.814284104066561
23889,4.980725359096153
23890,8.673390529750012
23891,6.959029382585449
23892,5.331493713898264
23893,6.073829012781066
23894,3.2832293077882535
23895,4.287096966789369
23896,3.2935972445788524
23897,6.781375385000722
23898,7.531832229612404
23899,2.9177132200691256
23900,2.5216219308895376
23901,6.573071339197247
23902,5.2915902621056405
23903,6.82085390558018
23904,6.613484087955962
23905,8.09442514516607
23906,7.6798851350817525
23907,6.961176943830867
23908,3.771285815251538
23909,7.205672668104473
23910,7.196823522133759
23911,6.353998386855976
23912,7.1280171954648575
23913,5.994597857838947
23914,5.674636445479452
23915,8.417656456995736
23916,5.278326315210956
23917,2.9899419198451307
23918,5.111570053408489
23919,3.835435539876633
23920,8.620681792038216
23921,7.468747883898908
23922,1.2216943305313532
23923,5.161307587362803
23924,6.793852013675166
23925,3.9543562123902163
23926,7.075836517720902
23927,8.135514311358559
23928,1.339111424343633
23929,5.216199163729849
23930,4.082775786932851
23931,3.4791291260080506
23932,5.156596803213169
23933,6.039636469039634
23934,6.006577101136202
23935,5.70643882981568
23936,3.6670978085074766
23937,5.41919619903436
23938,4.609592350453224
23939,2.8862168259209264
23940,5.946242469185986
23941,5.552094658926601
23942,3.395054413072895
23943,8.458839191457958
23944,7.37111233800446
23945,5.596423353543955
23946,8.807343837559301
23947,4.882648045918949
23948,4.189094055680671
23949,4.70850278884896
23950,6.568825518978224
23951,5.25934359569229
23952,7.113282038254996
23953,5.506172173856784
23954,8.098573454319046
23955,2.0465302630557676
23956,2.640440637741823
23957,3.911871957884415
23958,8.089552834455025
23959,9.925060570131905
23960,5.048916804197802
23961,6.216226231054876
23962,5.0954726127053345
23963,4.348966086535641
23964,5.732260985503229
23965,4.539721443490919
23966,1.8238564708885492
23967,6.263280655808164
23968,6.650209150234327
23969,5.65952727113066
23970,4.731508612469757
23971,6.8554595161014795
23972,2.922577274291337
23973,7.264780897273432
23974,7.437997544442469
23975,8.64720124692931
23976,5.365118354109992
23977,8.195464965760687
23978,7.47790270146373
23979,8.278848195625944
23980,3.538157092310806
23981,8.751427588372433
23982,6.946794511634971
23983,4.909013207970334
23984,4.877194918045394
23985,8.175429625523758
23986,6.272515433341505
23987,7.010965437990027
23988,6.136029038253794
23989,4.522581716181692
23990,3.6317509486268076
23991,6.669349033947556
23992,4.284613912634182
23993,8.785805003689227
23994,5.128233662516449
23995,6.469277618149954
23996,3.2884007153051535
23997,3.66831309804305
23998,5.429091802135078
23999,5.109464800212724
24000,2.594939200268505
