id,bilissel_performans_skoru
1,5.75147448609512
2,6.200917912252578
3,3.1398645750378886
4,6.893775707674154
5,3.756625237258643
6,5.620167011137388
7,3.5851877261158496
8,7.331238936903201
9,3.6458379295103667
10,4.039143438764088
11,8.347513769233874
12,3.9273183597508994
13,6.524173496350294
14,7.095158620933492
15,6.011983700694584
16,4.437065747436274
17,7.374970954722312
18,8.142233058820336
19,7.144755980900214
20,4.796604262937882
21,4.293332215873358
22,6.9041913303877855
23,2.987346997873053
24,5.125078051748297
25,7.113128439988908
26,6.5626998875085105
27,7.010293343947727
28,8.513050243631072
29,3.739617231439674
30,7.822968215710016
31,6.70029705507352
32,6.4226109574747925
33,5.666600133530607
34,5.687371349066473
35,4.449759813471998
36,5.626161366022867
37,5.0404505344073725
38,6.091006105754378
39,7.388746592577709
40,8.110872460613768
41,6.356566455363741
42,6.235209305297578
43,7.099232698151113
44,5.519859887715476
45,9.208598312896989
46,2.0840144904727436
47,5.2407778278674995
48,6.846832107255564
49,5.085030093637295
50,7.640168346812412
51,7.258624189383811
52,2.930121493560964
53,6.496319083836954
54,7.493977026620942
55,4.4065017443035295
56,5.602790345469317
57,2.4633584447375076
58,3.395348296756414
59,4.6393131171605875
60,4.249135034862473
61,8.466649922226528
62,8.3664064025448
63,7.587307575028934
64,5.472668899523263
65,4.689016815508779
66,6.133188928090855
67,5.2222981551077154
68,5.438934289588412
69,7.51791774696923
70,3.066917037676657
71,4.545682221598164
72,8.356461729716038
73,8.036421530556298
74,5.840403577480423
75,2.3602522968181074
76,7.2765488517006895
77,4.478661388389775
78,3.86383165209381
79,8.789641096300784
80,5.801871420817545
81,4.099632046232804
82,4.940970694990361
83,6.70711824270477
84,7.326726628113618
85,5.792312041211581
86,7.217319123553811
87,7.317341069374629
88,7.398753128728598
89,3.422248029988051
90,7.869898257456296
91,4.891362603685828
92,2.6089509107001074
93,5.9927785109468275
94,7.796382094099652
95,5.946407984401746
96,7.526168398292541
97,4.637964805374947
98,3.8685030413127195
99,6.14962151230374
100,8.592184078924788
101,5.229668408417093
102,5.991245560022809
103,5.461618437013307
104,4.017580029924927
105,6.373781740398449
106,5.761347172278214
107,7.80320686770162
108,8.540425655492893
109,7.780165967301431
110,7.769959731906411
111,4.078671089855611
112,3.268049518973901
113,6.612422571716488
114,5.652558196921252
115,7.052014063536399
116,7.891975545525313
117,7.578198683507663
118,7.38863400129876
119,8.43131726617935
120,3.5596803486944806
121,1.4370864068215705
122,6.221730214209817
123,7.154628320482404
124,3.868235197997882
125,3.4538000038355285
126,7.747748506165321
127,4.517946026517554
128,7.1183366441585125
129,4.825171424159685
130,8.281782458039077
131,5.931743251468797
132,6.127451189929472
133,4.661706390845243
134,6.861081523568356
135,7.372196521127022
136,7.136202872559578
137,7.240623445115631
138,6.5099355428283605
139,4.432370876487615
140,6.1413685469839985
141,7.408121286766817
142,5.087673144172967
143,4.172890287578395
144,4.959020614631825
145,6.1751992427658475
146,8.211321871651473
147,6.286251935616686
148,8.186034799904363
149,3.1194092762340904
150,6.827778520819409
151,8.028650714161818
152,3.068099183857247
153,4.999657301816145
154,7.77056379507256
155,5.918144198470988
156,8.671055919417144
157,4.688548784195637
158,4.7121035216328515
159,5.066047563555979
160,4.314710628817506
161,4.3561192666010085
162,6.405394453316265
163,4.4508920452415515
164,4.4246322817659225
165,8.463709954794364
166,5.848154166919151
167,8.539167143400636
168,4.308291198626909
169,7.655414344014224
170,7.6467132669068
171,6.811394054621077
172,7.696360084263566
173,3.4777881867323224
174,4.85913897676435
175,8.003968039553614
176,6.058471950388328
177,6.025132069955453
178,5.872314873241431
179,1.8272369541680071
180,6.276230772267609
181,3.817445843154645
182,3.2139147281438825
183,3.6485516317924356
184,4.26605811826993
185,8.673226244044452
186,5.7785402582149965
187,4.410875755097767
188,9.351651304025182
189,5.67868685092316
190,5.823587326968941
191,4.381360573483123
192,2.982054271186972
193,6.0953559793412895
194,3.8843980700355787
195,8.964130703056846
196,8.260088868223551
197,6.72324955788532
198,7.143854970486619
199,6.89502434364876
200,3.2833664852210807
201,8.955784502687619
202,6.6173558940545165
203,5.668083108757904
204,4.5280193087941
205,8.41171558521379
206,6.0362776083114955
207,6.63469521420504
208,3.810682544949092
209,6.023389142791858
210,6.293644008126805
211,4.431264198608196
212,8.174498764296441
213,3.1235802338447356
214,5.0296382787962886
215,6.643894682420205
216,9.397065814111626
217,8.007050588759311
218,4.33325104191011
219,5.345625495433764
220,4.96592457113822
221,0.9733159275502435
222,5.499325552681292
223,2.9141489510947234
224,8.05227344995691
225,5.870382444102442
226,8.34979544218635
227,7.560447513776307
228,5.594392227820888
229,3.7391178820872133
230,3.163259048456193
231,7.503121036420565
232,7.532126907314559
233,3.893810999838499
234,1.7438314818924032
235,6.420552568021853
236,5.1196087771201375
237,6.727718913912424
238,5.463037729155337
239,7.302105477795262
240,4.1929017641007285
241,8.872922378483434
242,6.615771021884631
243,4.574791717911272
244,4.38508654369816
245,4.258756388517654
246,1.8493112043517823
247,7.688722300195405
248,6.360300087021867
249,7.142522238070532
250,8.293443589216269
251,6.411984586436331
252,6.908890927713809
253,6.970714150010437
254,6.100130812685023
255,2.5799848654628623
256,8.71533080958235
257,4.705873804879133
258,4.975581847604004
259,6.271542614602009
260,6.3010497631655875
261,2.4758610117626816
262,5.486279564507099
263,6.231729603845184
264,5.039201052644661
265,4.480191554557723
266,5.9967442142086105
267,4.580325160613453
268,9.072478106745496
269,7.3761795267311445
270,2.1431006748583057
271,4.720739911025215
272,9.39163176534656
273,3.874429249109635
274,5.642462917038726
275,9.45354807688551
276,5.858449708029216
277,9.240945618930638
278,5.494254127248237
279,4.561903783664923
280,2.6138970429617747
281,5.1794113777991715
282,8.715242663597222
283,6.258498749112745
284,6.345955190556237
285,7.475491864322467
286,3.4098804949287183
287,3.3321771117639463
288,7.9690644320537025
289,3.8286471525719956
290,4.688462125400614
291,3.5312101331352053
292,4.123536761087402
293,6.016880599216449
294,8.6647535129404
295,7.176041568718501
296,4.785984577922895
297,6.1969902610370236
298,7.375382900146569
299,5.023053606285865
300,4.585890310230137
301,8.804847117041993
302,3.4634930729602695
303,7.428297506665478
304,3.828197126047791
305,8.80181034127298
306,7.887992415456881
307,6.856778392377498
308,4.965025020284775
309,5.406146095019298
310,4.398532141211283
311,5.5103942395590595
312,5.215576848555131
313,9.35030899044962
314,6.562974916234962
315,5.422546701076233
316,5.645978649228834
317,2.086848653129995
318,5.040479997837233
319,5.083847121391718
320,4.346862653800381
321,5.275876116510639
322,5.295132504919893
323,3.7599347421834457
324,5.190433025126471
325,7.452084629123643
326,7.594284042203137
327,6.493836257165527
328,7.004431350891839
329,3.825774240353385
330,8.637600911076717
331,8.798818811286
332,7.0846575413156065
333,4.972800477805527
334,8.43330708377755
335,6.529848667231104
336,6.057598442620395
337,5.548551138026792
338,7.506539270390737
339,5.177683067239436
340,6.916454323992582
341,3.9623640259733146
342,2.524736230261337
343,7.111955865626916
344,4.848207399834418
345,5.576005388103935
346,5.891582790309938
347,5.628448419777927
348,6.390697225454995
349,4.618749821647698
350,3.9887435204671324
351,6.427073001020055
352,4.988492805565655
353,7.04750585918727
354,5.865430734440356
355,3.459335877701706
356,5.287361138226358
357,6.283734284801008
358,5.602847576013295
359,3.18286399885795
360,8.391962883794788
361,6.599532527965987
362,5.24050109770259
363,1.9260488984531274
364,3.0906106656318753
365,6.906423175736291
366,5.772913660943058
367,4.215680507897099
368,6.948859740252178
369,6.523539583548058
370,3.8743256045886914
371,8.694716158267129
372,5.997052190248891
373,6.318458398097216
374,4.396159216653283
375,6.27280176346142
376,7.192152846300498
377,5.854282443060206
378,8.009861378799101
379,6.481165970650313
380,8.385995244334344
381,8.613629961285488
382,3.367515357499702
383,3.928499395273519
384,6.833059647853092
385,7.4361370018935204
386,6.55426212831778
387,8.850279061238492
388,7.359231773163751
389,9.82866150098778
390,6.342052753412299
391,5.341063174801736
392,3.87203677294688
393,4.369910473983635
394,8.411036504732511
395,5.114416477822622
396,5.626746958855636
397,6.0641427068000855
398,0.5569985844888654
399,8.386686991919648
400,6.842106632043624
401,7.476378309229038
402,3.257376036211833
403,4.312705118610455
404,6.926190821210591
405,8.134953905450525
406,3.9802080679580145
407,5.445456433395343
408,5.821333899617479
409,5.934528840901151
410,5.125855015085119
411,4.910014665587489
412,7.091724176983908
413,5.605409916814858
414,6.316312531306196
415,5.180437523454178
416,4.905463791996027
417,5.0472867466814915
418,6.330540389851377
419,6.4512613626822715
420,3.2298991072115477
421,3.8678856045882433
422,6.657945415259074
423,4.321949222128917
424,3.3451589726208493
425,6.358500346718559
426,5.0027750633833215
427,3.499475111537686
428,4.225794201098118
429,6.125171393018994
430,5.983282397211072
431,7.518490498200679
432,6.740804310406036
433,7.600336844041899
434,4.267628546096122
435,5.093728144506026
436,4.01302888114339
437,6.384321750768132
438,7.425247244929946
439,4.094028682293422
440,7.55848851012153
441,7.84075549959376
442,2.612918111110887
443,6.560096987732356
444,5.0082084413571835
445,2.3775659204355204
446,4.406063708049277
447,7.817098834793166
448,2.1146150917422823
449,8.527544329565544
450,6.060603301161224
451,7.403607709671691
452,7.0220450805470485
453,8.394331094522842
454,5.433143968869349
455,4.454564604295491
456,7.694265031273467
457,5.1647966792953435
458,5.0350629525741075
459,6.3384803373906005
460,6.821484270758611
461,4.199594133954269
462,7.008955664728664
463,8.721572729096305
464,5.3572588374943555
465,5.736137844848079
466,8.12009173324009
467,6.571555689471401
468,5.280075571251775
469,5.376577041758065
470,6.289710498527145
471,5.826832431476379
472,6.793038795831759
473,8.474550849945317
474,4.619825243760549
475,4.250429005883591
476,4.771531784908546
477,7.441671522893451
478,6.534107437067695
479,7.961848623147838
480,4.671404616067793
481,6.452262156536014
482,8.132244103296953
483,4.645962356788693
484,6.1232561226751185
485,7.7093325617470025
486,7.028414797527077
487,2.6290290265544622
488,6.703984320911241
489,6.469601516807626
490,6.092466943414447
491,9.758802494243051
492,2.9498038499340917
493,6.337567450777918
494,1.1971742934399283
495,6.496570083713604
496,7.127903200389177
497,6.634623036456092
498,7.164235630367381
499,3.869572674792898
500,6.805493285845762
501,4.749234055372496
502,5.034957623142799
503,8.525302350735737
504,5.07436985066602
505,3.5820606525282073
506,5.194339876593662
507,7.519924268491725
508,6.759922953231633
509,8.555808660614678
510,2.4188514671979684
511,8.421646730656219
512,6.527899614147099
513,4.366832815916902
514,7.148183852699897
515,5.364664486927355
516,8.577277921770742
517,4.804199801650188
518,6.654249841013676
519,4.273978570673738
520,3.671961350979609
521,7.921765389000266
522,5.404830405011921
523,1.2092341162818245
524,9.212004693002616
525,7.160348771084528
526,4.7127819558088255
527,5.1448263855847305
528,3.5552507897736843
529,7.726751319624635
530,7.343424714851403
531,6.256039388711824
532,2.2934776904662524
533,8.815642081502702
534,8.666360094654419
535,6.521085872209863
536,6.043970632708015
537,6.668972400605555
538,8.797386497722052
539,2.7558272201545044
540,4.00838865350975
541,5.450422288405653
542,7.201515207068371
543,8.052588349701747
544,6.887965431145433
545,9.592174304314442
546,4.759638742400203
547,4.765405571305376
548,7.414856832960942
549,6.311636301959716
550,6.968227429835863
551,4.556897310995951
552,7.243694205194001
553,8.951257182524872
554,6.885698825174672
555,6.921740761176596
556,8.1017800113601
557,5.640339945658788
558,5.370028259126952
559,4.565458420811336
560,3.8747357558752333
561,8.597571298657224
562,7.728404421458582
563,6.497502264794218
564,6.407819170597716
565,4.8146305695415075
566,3.019644022933011
567,7.5533242881012805
568,6.4753742499570945
569,4.774833962413118
570,8.360153871161135
571,6.326793871107667
572,8.686786305475879
573,5.26474003010605
574,8.805089819097054
575,6.126823835903261
576,5.1403178859947465
577,6.720201767962485
578,4.543911103832965
579,6.856365143575514
580,5.979222586433116
581,7.146959018514928
582,4.550890666617812
583,5.077893610853765
584,4.825889108249532
585,6.632627998997951
586,6.026230396450336
587,4.08523236142403
588,5.617201560069407
589,5.482810715241616
590,7.191499139806495
591,4.176292343284753
592,3.291952722901645
593,7.295903766863474
594,6.053039434712711
595,6.236763485104053
596,9.726518336525732
597,5.524718539624552
598,3.091341053382967
599,6.676018963000358
600,7.842826997745455
601,7.565266999203036
602,4.229556421327654
603,5.41397231811433
604,2.40043567753712
605,1.5375676133193996
606,8.269573242620933
607,6.057934576349742
608,5.535932504540198
609,5.740740926952215
610,5.7803422840284995
611,5.121306524364814
612,4.862060949260444
613,6.734327912224961
614,3.763663547943225
615,6.6058097875490125
616,7.7135503880773575
617,6.809940059863907
618,7.754948812028378
619,1.4147601205165234
620,6.004642922471549
621,4.669854854467124
622,4.640647916403619
623,1.976398529389192
624,8.283305089744271
625,5.614334337144982
626,5.05350030386875
627,6.4062842168082454
628,4.827638371961092
629,5.533583084081977
630,5.824189781823103
631,6.952568718399649
632,4.018291052581856
633,8.33563588287083
634,5.895444247451887
635,2.5122657632226852
636,5.0163036149317835
637,7.95409971558627
638,5.273573291169187
639,4.7781392296630765
640,5.623131151228915
641,3.7858028919507407
642,8.576208643977159
643,4.09606373957251
644,6.1699368621969946
645,5.228025758357049
646,4.44557520539395
647,9.661885652269449
648,6.699024371441198
649,7.184444803467512
650,3.1325986353554267
651,9.876349585645455
652,6.027992964056169
653,4.495840365856176
654,5.358828780432979
655,7.047258961136588
656,5.454354338394674
657,6.7488770807290575
658,7.77447694183785
659,7.03902874279385
660,3.887698342631354
661,3.5156590479138132
662,7.384296312099429
663,7.147969819373924
664,7.5789436511093795
665,5.096240509560633
666,8.811630568615909
667,4.859692035214786
668,6.164335473768229
669,6.475334938119774
670,8.031078632281229
671,5.345879446518867
672,6.912518770975344
673,5.196916879666317
674,7.915130355112423
675,7.2711367523267985
676,8.121713279708183
677,5.585011853943789
678,7.993672024689395
679,3.823718442939505
680,8.420049264826943
681,2.8308937723478462
682,5.401849638006999
683,3.550094058588653
684,8.546698866484817
685,3.9100818789849257
686,6.969953897948797
687,5.6147887253102375
688,6.126862906498781
689,8.82429021337253
690,6.332776205852914
691,6.606429921895067
692,5.8209014270159045
693,5.5875670281333125
694,5.055140069880494
695,7.827171192842387
696,5.900146918998394
697,6.710972992446407
698,6.154138974351164
699,2.523010818640802
700,4.04429087671698
701,8.537838766143386
702,4.751971680881563
703,4.2028801292403974
704,3.0190164721065247
705,6.941627538945804
706,7.251588617506252
707,3.31956971773091
708,6.794213074283868
709,7.501682246669801
710,3.8674465727342304
711,7.700502760765446
712,8.038052916549447
713,8.983410861897314
714,6.400267540096311
715,3.8440893476292
716,2.3172329578546105
717,4.072343954041189
718,6.61743751664809
719,4.505781083367823
720,5.624092192468249
721,5.954625943626102
722,5.956455474884921
723,7.891909003693778
724,9.75702364506484
725,3.541963660528788
726,6.247172828022802
727,7.2595313456949935
728,6.142380851610305
729,6.1149506223547725
730,4.867530930371451
731,8.244494564249758
732,9.171288799477281
733,4.139187101556736
734,2.5000274075294517
735,7.29457083266034
736,7.540406963821742
737,5.503089609319529
738,5.178145885176202
739,4.79726675103156
740,4.369097698409993
741,5.169992998105644
742,7.878407660093535
743,7.018956254587939
744,7.706916019367493
745,5.000102090910213
746,2.8323459562110123
747,8.7723003814919
748,5.488293151879662
749,7.989871208382447
750,6.364641335360948
751,4.151488845352096
752,8.013388862658115
753,7.365671847536401
754,4.597022530910585
755,6.774600919113143
756,8.142573642758517
757,3.7212567597083575
758,3.3860396081168043
759,4.086272082438635
760,8.354216215802133
761,5.504837759681896
762,6.3834966517727745
763,5.52328281218187
764,6.94979406400095
765,9.094910005793995
766,8.430742377326192
767,7.692047419090627
768,3.2002821396158767
769,1.1389969945336544
770,7.165040523916081
771,6.360438457436614
772,4.998327420600961
773,6.381426990861036
774,7.012304033620284
775,4.803485913097181
776,6.99364988333289
777,5.739177046792234
778,4.757345368111574
779,5.732154446230972
780,4.62481035691997
781,7.075604697389346
782,7.361857116010964
783,8.684369986939389
784,4.801765808684149
785,7.1685107617634785
786,6.031049608120182
787,5.646240517548423
788,6.9176632090894685
789,4.797206454790617
790,7.062130472389152
791,5.774972419168993
792,5.929392061888387
793,7.748831113423588
794,8.124588791607787
795,5.849084844803514
796,5.199943907149993
797,5.126747495411218
798,3.4737652191470536
799,7.05946043672987
800,6.189979142071537
801,4.964157557649412
802,6.8240598337945935
803,6.702576993064052
804,5.946746694047466
805,5.792606946422067
806,4.884995175093176
807,8.041638296398899
808,3.7166166523028283
809,6.507295928246275
810,5.402351200272611
811,8.553740460265859
812,8.729250537018633
813,5.672521723617298
814,7.228086215537765
815,3.6835985467134322
816,5.79582541184418
817,4.5998681385377775
818,2.311929616618768
819,5.070903209009277
820,5.2056495061413015
821,7.295935382598244
822,5.591101036178873
823,6.036337203183413
824,5.513508225163996
825,2.7125061636264776
826,5.224143023101584
827,5.087181690498768
828,6.843343919412876
829,5.978466027571788
830,4.521640348565559
831,5.084098986848143
832,7.404735256739805
833,5.893463523069752
834,5.5706047856974665
835,8.811472418824302
836,3.714300698839215
837,6.750025328605079
838,4.644395306607284
839,7.121147532953679
840,6.604682789994587
841,8.364167718250977
842,8.144373816726581
843,7.268248259589816
844,7.348672969419318
845,4.267319649584668
846,4.724208646222321
847,5.206932075136502
848,7.3081235283474975
849,3.2021943012883747
850,3.138186498431368
851,7.93681006463783
852,7.174624686080341
853,5.900154046221378
854,7.425025842266262
855,9.8608926235038
856,3.642946735598611
857,2.2293281039107318
858,3.6022433990967113
859,5.794793040143897
860,7.879212156645812
861,7.017225051190437
862,6.462791100668673
863,5.827250017854153
864,6.599231257369858
865,5.186209328458987
866,9.23335819785842
867,4.142073635073168
868,3.8367634373405655
869,3.241756574930039
870,6.139334954644275
871,6.95163660305331
872,6.65612700248596
873,7.55515811319163
874,4.0018819839995405
875,9.393030603031079
876,3.9521838936198677
877,7.2971531596495645
878,4.694082008576077
879,7.785402212492153
880,7.142295666553215
881,6.700513797356333
882,7.706896497401324
883,4.741459214793491
884,7.874863858180022
885,3.9543947200171035
886,2.20390355114792
887,2.965485264102392
888,3.762236966360941
889,5.276847626120797
890,7.55935706261647
891,6.5566027036719525
892,7.048347445996858
893,5.9441976712358535
894,6.2212581155933036
895,6.245190572242734
896,4.009405873627979
897,4.70755056752624
898,5.147287134451632
899,8.405192000648324
900,8.745613651806305
901,6.824625991372287
902,4.3132496141630225
903,8.79864402656873
904,0.902105748449322
905,4.82503054514379
906,7.767200260579222
907,7.212897294358359
908,4.2767552322338265
909,4.04243081579505
910,7.088143640333387
911,2.8366735559073257
912,9.774743676809113
913,6.845870088949574
914,5.8345172320097785
915,5.638001997205981
916,3.477819337420378
917,5.389725944874875
918,7.127332047876784
919,4.993621839398856
920,6.105996555293552
921,7.49612356641716
922,7.042322034227443
923,7.045135558584735
924,5.2948696418942465
925,8.198362061246943
926,8.127627425998142
927,7.563171916481465
928,5.991077857100013
929,8.237891299622293
930,5.680667085628791
931,9.107986713669652
932,7.462039031361133
933,4.087666232238606
934,3.5588908713752496
935,3.029250087273013
936,2.8271148795176155
937,7.669691187596208
938,7.124051469428723
939,7.072704927380509
940,3.7220192085748525
941,6.747241097980972
942,2.334977059015524
943,9.276505063999103
944,5.91275348143569
945,7.713567445087022
946,7.174109854274498
947,7.936174157679287
948,9.706357803950771
949,6.1571178647427205
950,6.842169678316995
951,4.7838489644694615
952,4.005325289402992
953,5.801224176848481
954,4.1156421358975335
955,6.162570895243313
956,6.4564912528333505
957,4.437668970280164
958,2.6664250811240877
959,3.902648178738346
960,4.384164953718169
961,7.718425987651775
962,8.285521276636054
963,4.521458546537095
964,7.7524584453107686
965,3.0983733986913085
966,5.921568094225515
967,4.186846037178036
968,5.456901912600807
969,5.76570675861113
970,4.2360532993062625
971,5.40696088333934
972,6.457511275673306
973,6.900537517329416
974,4.389236224557515
975,6.994345392303456
976,5.281938837140704
977,5.113080871111325
978,8.086660487987482
979,5.614165496560667
980,5.430867451914841
981,7.350262555145793
982,8.833285540188513
983,9.148238254398393
984,6.300906951474979
985,1.95208686664496
986,7.9719787462780305
987,8.049036477886228
988,1.7834333954951367
989,4.11848552633385
990,5.118776631563992
991,5.540724256704112
992,4.511098082029888
993,6.72095751746714
994,4.445882427980044
995,7.0642692714904864
996,4.7262171418545815
997,7.831447371241644
998,4.344335811925479
999,4.428926059147211
1000,6.219248053919834
1001,4.888719998173878
1002,7.535808620117553
1003,7.028096683016491
1004,7.907319405028768
1005,4.591571332017386
1006,4.422594648894554
1007,5.912540490106683
1008,7.34847617524135
1009,5.1401179818497225
1010,6.455698314364511
1011,5.569057892457449
1012,7.043574977584913
1013,6.155237257526245
1014,6.583858447631354
1015,7.632811303349245
1016,8.649284714460055
1017,8.033867415633681
1018,9.412011884618451
1019,5.8813022610831585
1020,4.6778317814816175
1021,3.980811189516524
1022,4.229478499855562
1023,6.822791083471089
1024,5.258536183329173
1025,6.427856061970616
1026,7.68368323604773
1027,6.60812959166632
1028,5.517207511113903
1029,3.6902971286914648
1030,5.729378663909984
1031,7.95915328934382
1032,7.784723993655138
1033,7.974398059217538
1034,7.474229742950325
1035,6.830957579284067
1036,5.054257305483425
1037,7.54208090480066
1038,5.328226311247041
1039,8.173663540077566
1040,7.743072513432046
1041,6.1763801978441855
1042,5.872721579085489
1043,6.741106917092889
1044,8.50250969384365
1045,5.374440720322553
1046,5.44050040036421
1047,6.57857300371518
1048,3.702213064436347
1049,4.298854630478488
1050,7.130953414469899
1051,8.389639254912968
1052,6.213191653689606
1053,3.371958840613325
1054,6.46592794925066
1055,3.849669195364343
1056,4.379194532718335
1057,2.9173790504532073
1058,7.788089038379766
1059,6.068226553242538
1060,5.080110133092923
1061,8.956282803841527
1062,6.85596048151519
1063,5.126445623116504
1064,6.353286700377751
1065,5.443680180204095
1066,5.626153856666135
1067,8.351221211347754
1068,7.721789542299116
1069,8.535545458627013
1070,5.952485562871065
1071,9.396161952220984
1072,7.1559690105239175
1073,5.93983911172795
1074,8.951033555398974
1075,7.587342152027667
1076,4.392817360988151
1077,5.591999745111436
1078,7.365680429992112
1079,4.341383922805307
1080,4.689420218945025
1081,9.746283862170085
1082,6.844583269155815
1083,5.159278196613768
1084,3.4745069785632934
1085,5.072511822541059
1086,4.672675015442626
1087,3.744355390107443
1088,3.286897120896201
1089,2.952082133656724
1090,7.908762113045292
1091,3.604861932920585
1092,5.764761112480089
1093,6.383719508859613
1094,7.006463635003807
1095,5.912906156670845
1096,9.077815964830956
1097,5.9549974568972255
1098,5.172457631804593
1099,5.777459110583045
1100,5.312773387408805
1101,5.579440274071724
1102,7.209098167495128
1103,3.8887364834984113
1104,5.549307884925125
1105,6.114039869858298
1106,4.766585795923926
1107,8.36060274663325
1108,5.739364262921788
1109,7.794734918264848
1110,4.5779494129376435
1111,3.02916055783737
1112,4.251727442807422
1113,7.14795904261968
1114,3.259195843894633
1115,5.158958054474053
1116,1.9468681942115391
1117,6.069193786726639
1118,5.723083659999783
1119,9.658988938544006
1120,8.934993396791988
1121,8.57305464139905
1122,6.497025395683853
1123,6.75917305099641
1124,5.513089433843609
1125,3.5141208235031947
1126,5.551201580423975
1127,2.8094811062228415
1128,7.783344190087841
1129,3.2688944131567275
1130,5.880290725549364
1131,3.326444025887481
1132,6.310608893862837
1133,6.394264296355877
1134,3.4116249534485332
1135,5.508470509618481
1136,7.452748612182296
1137,3.956176861677726
1138,4.3561253644488085
1139,6.637168044657943
1140,7.047966424110138
1141,5.107282245086632
1142,2.2623495669732674
1143,7.656839643400052
1144,4.371578529062047
1145,2.363399238990352
1146,8.27767367434786
1147,1.7848956208386886
1148,3.512268966136891
1149,5.582819822519411
1150,6.339206394471751
1151,7.76345241965494
1152,6.190520998718841
1153,5.415555042214937
1154,3.693344566633528
1155,5.095860914056707
1156,4.9352040885917265
1157,4.858459847734067
1158,3.489282995322261
1159,2.8124771340607415
1160,6.470484732264917
1161,6.610659767873111
1162,7.4259810084441975
1163,7.179262316313255
1164,5.163843143152904
1165,7.186700376379052
1166,6.827643180676774
1167,6.71668906592445
1168,6.2912834741429595
1169,6.103411981107707
1170,5.937677161344879
1171,5.572982198623231
1172,6.671704631315733
1173,3.8190973658538163
1174,6.753307093970784
1175,3.8120219396331754
1176,3.973281127000462
1177,4.856400254603469
1178,6.55519762199524
1179,7.138053917270805
1180,2.7324320873199226
1181,5.413377315352237
1182,9.320369764105047
1183,3.3449449133643756
1184,3.56856701780076
1185,7.849048067830493
1186,4.951634317216306
1187,4.832611110634603
1188,7.607154286075883
1189,4.466663090943347
1190,6.939492189624236
1191,3.2817080810299553
1192,5.264345482648621
1193,4.474019015810446
1194,7.158685568381036
1195,3.99854691257597
1196,2.464075830920123
1197,8.115563784988002
1198,4.518520969115026
1199,6.784895845588751
1200,2.919742113395419
1201,6.185673332263736
1202,8.711433959820654
1203,5.123752832846034
1204,7.268781706914465
1205,4.940880514808342
1206,5.345894879818383
1207,3.8937383063702113
1208,5.709823846981089
1209,7.98477363045146
1210,6.678615523004355
1211,7.667681674031663
1212,6.150566306675471
1213,8.847804097478026
1214,7.032556405982421
1215,5.30264280100621
1216,4.563580837679902
1217,7.30341576395383
1218,3.376701345208374
1219,4.662582121305377
1220,7.264391511511305
1221,5.694962181193952
1222,7.337962517977279
1223,4.949890473607084
1224,5.205467523205805
1225,7.348060646930878
1226,8.560964344642695
1227,7.285767364774473
1228,3.6666103137302555
1229,6.732073173078283
1230,7.136973408295666
1231,9.967431041267798
1232,6.516565792526878
1233,7.565463584620227
1234,6.932662351832481
1235,7.063442267143705
1236,8.096329876958121
1237,3.7921985394785396
1238,7.843083631822521
1239,4.236899685044222
1240,7.427826216478751
1241,5.9096983065019755
1242,6.03471624589335
1243,2.8643790906413975
1244,6.598254748525722
1245,4.672431019826278
1246,5.912249802555535
1247,5.711870017138274
1248,4.538928891443869
1249,6.64463512610201
1250,4.973430332045356
1251,8.73309969606865
1252,5.413442237112213
1253,9.059953885715275
1254,3.5444675714693985
1255,5.311345756557217
1256,6.765690685531495
1257,5.413022754846779
1258,4.567689935936503
1259,6.194554529828482
1260,6.273892183970923
1261,8.602661361620799
1262,7.909546397878443
1263,5.687898882333574
1264,8.07525276999577
1265,6.470134472086718
1266,7.137514104460486
1267,8.894097904424399
1268,8.134404164374063
1269,7.323248325547133
1270,9.424132577761124
1271,6.1995457545664205
1272,4.309097696089142
1273,5.354397887753566
1274,7.076443564015467
1275,7.8563557369419055
1276,5.497824274171507
1277,1.0963903311288221
1278,5.593911157614284
1279,4.238106472141791
1280,5.557629990278038
1281,4.684166212849566
1282,6.453478058301008
1283,3.3010533246686995
1284,6.245778478607405
1285,5.876668011227236
1286,2.6721555531236354
1287,4.789387839677513
1288,6.2743248656212804
1289,7.810249013430172
1290,2.881660750259148
1291,8.174210120055582
1292,5.641736428733395
1293,4.7282196327763915
1294,3.6220821859633654
1295,6.895032818097097
1296,7.984776327079204
1297,4.6740226032907195
1298,2.609000901339936
1299,2.9574803325229935
1300,7.841148849862767
1301,7.177320493169934
1302,6.028415655256472
1303,6.37829440825635
1304,3.9424266315021805
1305,6.833094968582018
1306,3.918529493782508
1307,5.956190151070589
1308,6.2218364275911044
1309,5.967680197496737
1310,5.1565656150093595
1311,1.6419120333200543
1312,6.8746352287175565
1313,5.471005426909061
1314,7.809169237590826
1315,2.7249917206708787
1316,8.410918592037584
1317,2.231625563905782
1318,2.831206630983458
1319,1.8237588027885852
1320,7.4341831969577195
1321,3.986554073530461
1322,4.96877754197258
1323,5.9142570535334915
1324,5.922755107693599
1325,8.778419779593651
1326,8.721967422469838
1327,5.433933319232081
1328,2.374355052404249
1329,6.690270848253921
1330,5.910662067293803
1331,6.984677125725687
1332,8.238149126380392
1333,7.633481714629498
1334,5.605781503583451
1335,4.764494274900018
1336,5.670993672291485
1337,3.6387597525188218
1338,4.288249421286055
1339,6.368185805089313
1340,6.650875937905681
1341,6.17747116963882
1342,7.312336097130376
1343,4.664904940028252
1344,6.350711442628654
1345,3.343534879365128
1346,5.425541136281275
1347,7.0089962186154535
1348,4.03310720420076
1349,7.214248528527444
1350,6.843705063407295
1351,3.936806157953339
1352,6.612728994355562
1353,4.964928413327343
1354,7.202750467367555
1355,7.144492520703305
1356,4.720808146678288
1357,5.654855023081476
1358,7.590731829101702
1359,6.154102622065313
1360,4.68069516883882
1361,8.397559967077528
1362,8.557694159009817
1363,3.8403939269582605
1364,6.933082191659588
1365,4.495877763042455
1366,5.421753277401708
1367,9.680462414141774
1368,5.966785455413937
1369,7.642868257003459
1370,5.077485359363421
1371,7.516984933696797
1372,4.789646375881617
1373,7.230372608984727
1374,4.682503549651807
1375,6.85717129703044
1376,7.234415411112045
1377,5.714024035461046
1378,5.814933448539555
1379,5.91920078434924
1380,5.399241170274739
1381,1.645951546839653
1382,9.194690736428969
1383,3.3816073559270943
1384,7.128385872421474
1385,7.613703222735877
1386,5.61429946104085
1387,5.076267544650691
1388,6.768087101022035
1389,6.531698896605072
1390,4.464023182621064
1391,4.947717728319901
1392,3.8370552435540795
1393,5.926687813625232
1394,4.68470142736178
1395,5.294607204323447
1396,7.025522927710291
1397,6.818419148556331
1398,7.351294674306258
1399,5.14618590987128
1400,3.8194019122838743
1401,4.728557326210023
1402,7.786500481808058
1403,7.5770836223928235
1404,4.96754879262065
1405,6.051522450273941
1406,4.966830889639926
1407,2.9101701687853048
1408,5.127003423084016
1409,6.513782456104297
1410,5.690536868081495
1411,8.160974112484729
1412,5.4638214897229584
1413,6.276305944981618
1414,8.466974228067354
1415,9.067977972041968
1416,4.609608085680069
1417,1.469974912441273
1418,6.442966735944008
1419,6.240294782101504
1420,2.6263010822277066
1421,7.726465934683483
1422,8.766527144992372
1423,6.748443859559028
1424,7.779537877835966
1425,8.832068943172642
1426,8.050470167421155
1427,1.4668383323164658
1428,2.9430561128206874
1429,5.523434191712024
1430,2.653749178511959
1431,7.0182672258512415
1432,4.914715454750057
1433,8.147980951908604
1434,5.127379284918576
1435,7.810247962215599
1436,8.359754377393603
1437,7.6612938367051635
1438,8.155276160539369
1439,7.078312867899294
1440,7.95787957364442
1441,5.217774004046586
1442,7.244138598200787
1443,7.16808704560638
1444,1.3121635660868736
1445,8.707535072661194
1446,6.493646809320922
1447,6.5526968409548125
1448,8.791641011900087
1449,5.7718141715139515
1450,8.396310505664934
1451,7.299865648676736
1452,7.3746405873023795
1453,5.711268189438996
1454,7.272023934271111
1455,7.084560759111073
1456,7.619937682009954
1457,6.369161863153701
1458,4.645520019590882
1459,8.393894942448561
1460,2.2949840515704443
1461,6.550753038399782
1462,4.289156493701075
1463,3.55136375800512
1464,4.891986385022166
1465,3.5095358925618165
1466,7.3186476481966745
1467,6.339067319245199
1468,7.0815338297566015
1469,8.90206362182284
1470,2.640218750033659
1471,6.139444819207086
1472,3.9160617161189375
1473,8.025574369242483
1474,5.175960695429928
1475,4.660895891996921
1476,7.663448084893921
1477,6.127896643705226
1478,6.601578093659044
1479,3.9159709621177208
1480,7.363074302823883
1481,7.006064732569557
1482,6.6707623448289635
1483,4.786540686214043
1484,4.782737040724308
1485,8.364157238563234
1486,2.0385842787373516
1487,3.0744651681350805
1488,2.501317644135675
1489,4.5158322586680155
1490,4.364797468578582
1491,6.506598041955018
1492,6.367371532033999
1493,8.971223731493332
1494,3.5436884906943877
1495,7.724055821559335
1496,5.129309536094267
1497,5.434932692278018
1498,6.448168542103969
1499,4.6473617215353595
1500,8.544693064373687
1501,6.2333230560145685
1502,6.882615830725807
1503,5.973033679027353
1504,5.269298778800376
1505,4.639413436937634
1506,7.250205904003284
1507,6.862088067946129
1508,6.240622048856536
1509,3.4978646410759007
1510,5.187621544886419
1511,7.986362350056454
1512,2.7518138768255196
1513,3.2048628026194894
1514,8.445329029457579
1515,5.8524126285947125
1516,5.436090983419484
1517,7.615699301928316
1518,8.059368357252433
1519,6.426771390896072
1520,5.147404264876602
1521,5.030293801078118
1522,7.9714532825100095
1523,6.109587842297257
1524,3.1888873081369034
1525,3.775168288115185
1526,8.681867605302394
1527,3.9604671706127954
1528,5.621488715761319
1529,6.890735563600623
1530,7.963646984297789
1531,4.754435084390404
1532,4.378928141468786
1533,6.301221993935217
1534,4.531801777547061
1535,5.025759767313832
1536,8.836611288755872
1537,5.322248275025498
1538,6.709675550377159
1539,4.504500947400206
1540,6.808737107690313
1541,6.40864780664844
1542,7.239599245021095
1543,8.5363784911092
1544,6.877307198669554
1545,3.843668328584847
1546,7.3772336466096835
1547,4.930723920782848
1548,8.166883871149953
1549,6.191862513134886
1550,6.317524584098695
1551,3.3852247860940383
1552,5.723781531343169
1553,4.441532151499194
1554,5.737471833541196
1555,5.8312388357340845
1556,7.888061400051115
1557,7.3907684028935305
1558,4.326481694650902
1559,5.698230682265051
1560,7.696876397963883
1561,5.409795350787738
1562,8.042733979340998
1563,5.24860295124983
1564,4.764793961690177
1565,4.9862622052534284
1566,7.396403945925765
1567,6.55462523558015
1568,4.9297321022103455
1569,3.5477271887215953
1570,5.442633129211535
1571,5.000842612984982
1572,8.990501511356081
1573,3.1330087466419236
1574,6.416676767645698
1575,4.15742405125329
1576,7.00150965384451
1577,4.981597371128966
1578,7.234323284255351
1579,3.9392328078932244
1580,7.33251776988874
1581,6.635758360493568
1582,2.9890997558855177
1583,3.2823793344022016
1584,4.890728528494747
1585,7.345467654509757
1586,5.289023166523882
1587,6.925226976016455
1588,7.865810598403091
1589,5.6003333607407235
1590,4.953602316037885
1591,7.8689265772227825
1592,7.8118446453321235
1593,3.630513348815339
1594,4.020188867131809
1595,1.9260826811573242
1596,2.917710905876193
1597,5.48387560505457
1598,6.793837533860403
1599,6.464182033332728
1600,2.567714867572161
1601,6.335218314517222
1602,7.709973943831416
1603,5.490501083378801
1604,7.341741531000949
1605,6.355089935983932
1606,9.316448159141844
1607,9.15120853978065
1608,5.536828092454373
1609,5.476516906589841
1610,8.324063856343772
1611,7.45870961868238
1612,7.408612253150561
1613,6.589126474596512
1614,5.209059471737872
1615,2.8921506127702186
1616,5.478571888807275
1617,5.571449377742576
1618,5.718923844230887
1619,7.5389671868224
1620,5.714338249744282
1621,4.557844265210863
1622,5.410591449763709
1623,7.731286762350798
1624,6.533099642248224
1625,7.422672979021922
1626,7.672770487412066
1627,7.680783836666166
1628,5.46320305750882
1629,6.676072699738242
1630,4.033445261112404
1631,9.816139356349161
1632,8.312730331591982
1633,8.730953094367274
1634,7.317103076027104
1635,8.505875359594334
1636,6.1732778098592735
1637,7.822254794517261
1638,7.837325387456837
1639,7.743474672152575
1640,5.032932767288168
1641,5.460204530799522
1642,4.749525802916906
1643,5.019634571046554
1644,7.0303632111044365
1645,7.694007458388007
1646,6.432937737060734
1647,6.314029452771264
1648,8.95045177077198
1649,4.830057185889608
1650,4.763065171337852
1651,4.443354386322578
1652,8.001876265198911
1653,3.5128993902426826
1654,5.9149593152367705
1655,6.704368200724295
1656,3.4803722664084638
1657,7.278692253946478
1658,3.7212755944392404
1659,6.21143303484252
1660,8.280130507810227
1661,7.131850300956438
1662,7.3862294714787975
1663,4.309739627085903
1664,6.3642275716622025
1665,6.215988135946053
1666,4.947621205322359
1667,4.641306843079745
1668,6.590141951755888
1669,7.112539156192531
1670,6.491032061628305
1671,3.7503192049808955
1672,3.795017185589943
1673,9.680979599344663
1674,6.0542147391042045
1675,2.357066770340872
1676,7.414509422852522
1677,5.865207419205476
1678,3.2095549334893594
1679,6.0937037067923745
1680,3.644002607519539
1681,5.689741646957814
1682,1.716495995419712
1683,7.44813885226455
1684,7.361133526119008
1685,7.522776320448794
1686,4.789069541884461
1687,1.9902547279472234
1688,7.410787902294324
1689,6.988613238182622
1690,3.441913374565554
1691,7.030376398527688
1692,9.03620598676641
1693,6.874329520494665
1694,3.125067343183221
1695,3.3240748796935873
1696,6.228747368815531
1697,6.653961267826457
1698,6.654433909119082
1699,4.916605952769772
1700,5.170521428803115
1701,4.8676207204352675
1702,4.339804344654199
1703,7.531263928565867
1704,6.777722944699075
1705,5.813405173656548
1706,5.474835449789248
1707,5.125079867704637
1708,7.394925904375871
1709,8.34449314538109
1710,6.278499281516757
1711,7.23833890854247
1712,5.639034575947342
1713,5.769802865790486
1714,7.590560994755282
1715,8.780141464524485
1716,6.064000859658204
1717,3.647105615672265
1718,4.980333143419196
1719,7.2372745946541395
1720,8.235783390028093
1721,5.916761628783278
1722,2.2675060712153456
1723,7.241199320626353
1724,3.3843118039220728
1725,7.441955830706794
1726,5.987080297103059
1727,3.9232772919747476
1728,6.526184117317941
1729,4.14467951759892
1730,5.075390753484437
1731,7.217125896227692
1732,8.022936060101534
1733,5.981629522845189
1734,5.070475699399172
1735,2.6319400890022404
1736,8.290202082329158
1737,7.9928656325025775
1738,8.53377796945139
1739,6.480654873257139
1740,7.053943972109444
1741,3.1413148773803203
1742,6.559634325673912
1743,6.809628903631175
1744,6.487501797942377
1745,6.469102263810075
1746,7.289023923116916
1747,5.572868155497589
1748,7.479686648374486
1749,2.0490569872370736
1750,6.751350831247373
1751,7.035518586431687
1752,7.981090552643011
1753,6.842672176134678
1754,6.5076404357941975
1755,5.577979952390476
1756,6.513741357932794
1757,9.718716333857754
1758,5.102458053098291
1759,5.779284985864444
1760,5.2700374118289055
1761,3.897210573209003
1762,5.078870829204855
1763,3.881356041409117
1764,4.42435872551656
1765,5.401692789456839
1766,6.021624288857437
1767,4.450928907498795
1768,8.34230796296546
1769,5.8871589429668525
1770,5.996008300053151
1771,5.1250129952951
1772,5.319198515496222
1773,4.114382519341028
1774,6.627409713809077
1775,6.81270420267399
1776,4.754925380588076
1777,8.686226933343965
1778,6.172449692919192
1779,7.862646917693618
1780,7.969976247908975
1781,6.911113044677667
1782,6.895356516807961
1783,6.28224711457725
1784,6.9065919530354245
1785,3.7310420100249857
1786,4.568863488851647
1787,2.7082164056978737
1788,5.653260615001396
1789,8.402268231288506
1790,8.865437293492537
1791,8.216736201636262
1792,5.745273390146902
1793,4.773332990226449
1794,6.2735829537154855
1795,5.516206874279272
1796,6.748101082016302
1797,7.57109742783047
1798,5.112267689831231
1799,3.7555554711631283
1800,5.975014764410546
1801,3.3976831277979063
1802,5.486808575213416
1803,9.086915233796601
1804,7.3850372474139485
1805,8.5010410831537
1806,4.211409092199678
1807,1.8333515398183007
1808,5.268648068614447
1809,6.214549562829558
1810,8.835039379797495
1811,5.28457941223007
1812,6.534899560590245
1813,5.952475208690364
1814,4.944887424696797
1815,6.530149101376644
1816,6.527482027952865
1817,2.3332607951099935
1818,6.776905598519071
1819,7.167890229073911
1820,6.903160314949628
1821,7.99366564143215
1822,7.58457411973524
1823,4.783136894877367
1824,7.969451212114181
1825,5.696792629289101
1826,5.990776341781217
1827,9.285686837774271
1828,5.6147565888203435
1829,3.770162701556988
1830,4.264070215052887
1831,6.454222170752826
1832,5.286700140328623
1833,5.711236271891803
1834,3.7232849296122783
1835,6.429659335575143
1836,6.809793255892631
1837,3.1476163623272613
1838,5.484463544116543
1839,7.752733108286677
1840,7.16736628850515
1841,4.6476689854436115
1842,6.304090858417018
1843,7.559988854845065
1844,3.595128653705519
1845,7.496954141000694
1846,6.458842597499801
1847,7.820042806651176
1848,8.407754356667077
1849,5.518500830482152
1850,5.442659866497034
1851,5.846556847258634
1852,2.24177968109471
1853,5.179631066135405
1854,5.102768773882725
1855,6.348239312237075
1856,3.8190358401777247
1857,4.04653595608794
1858,3.4912980834272442
1859,4.462575371658228
1860,5.086034546442251
1861,4.103704800469149
1862,7.952347195259718
1863,5.203231572743998
1864,5.785467554349406
1865,6.138518421543006
1866,8.475137033047254
1867,7.184404714691385
1868,6.8831428328163025
1869,6.65487884118092
1870,5.001597690201745
1871,3.7299516756735693
1872,5.934845875410567
1873,6.913658335935503
1874,1.1920235224787523
1875,5.863780942900619
1876,5.9059614761363814
1877,6.920746792561628
1878,5.149201019214591
1879,3.1028039216049024
1880,5.215361082073649
1881,3.2978568632497085
1882,7.586797478939863
1883,5.562777837891989
1884,9.374250762477416
1885,7.544728447630294
1886,3.6934231977389604
1887,6.60384332330763
1888,4.146179155253034
1889,8.495529810777573
1890,5.2389854883436415
1891,6.3931099243751275
1892,8.556548406872919
1893,7.827001644584009
1894,6.663551918287067
1895,7.176489014511139
1896,6.304040216866531
1897,6.3874909703662475
1898,5.84305418137257
1899,8.661788465845714
1900,7.28843051915161
1901,6.5895681706918605
1902,5.648521861981495
1903,4.102446549574774
1904,6.01326649356924
1905,3.7130565275895746
1906,5.091814979589559
1907,5.048469367462499
1908,7.363828053135661
1909,6.091954488128156
1910,5.899089308299242
1911,6.326395520488547
1912,7.337721813234226
1913,6.832720090243257
1914,7.433185438044458
1915,2.420136869405167
1916,3.7386656217354526
1917,4.4465741826317995
1918,7.323391004529039
1919,4.427310551085699
1920,7.295972662640365
1921,5.720197648184581
1922,5.8884959030663895
1923,5.255407913186131
1924,8.049587069277147
1925,8.246622892613875
1926,6.670525095902336
1927,5.412819751379014
1928,6.822773080031212
1929,5.972720635081977
1930,7.58065634443822
1931,3.0602269163882276
1932,7.798839502950555
1933,3.7292514891556596
1934,6.80850347971172
1935,6.161629350724954
1936,2.899946992257142
1937,7.4754144892050745
1938,1.981272926724293
1939,5.363683243490227
1940,3.698465076041433
1941,4.914553520215477
1942,4.274245810547687
1943,8.429327534310813
1944,1.892599982158486
1945,4.39220746445383
1946,8.06934944105208
1947,8.462370298019495
1948,8.272963325347682
1949,6.45865868245148
1950,1.7562172229309811
1951,6.74813146526849
1952,8.448930767951875
1953,4.517844028005762
1954,4.14032307665681
1955,4.7986349168643345
1956,6.691449058616052
1957,3.625946897057909
1958,7.96346113019327
1959,2.1470753339173414
1960,8.554679001305452
1961,5.8901542909552385
1962,4.18323566301053
1963,8.213299240959586
1964,5.118268344727058
1965,5.199279768145762
1966,7.845019572587864
1967,4.0444343154714835
1968,6.5180147533598465
1969,6.900359232799587
1970,5.270325379394217
1971,5.663643344639108
1972,8.62493464616318
1973,6.987553469234343
1974,4.463406840313474
1975,6.289293832931841
1976,5.652395046221929
1977,6.048943570141925
1978,7.488821121242496
1979,7.117954656494303
1980,6.123143950277868
1981,2.5790751984964033
1982,6.099970176558904
1983,7.134423679336307
1984,8.769594599241659
1985,3.9819212459780275
1986,3.417515057452179
1987,4.359761690312395
1988,7.467004848175624
1989,3.9047004123471662
1990,7.903527902869915
1991,5.7370406250002155
1992,8.935594717374896
1993,4.361493542767516
1994,5.627245974195461
1995,6.229609786593944
1996,6.742197321459881
1997,8.741647893951116
1998,4.893431327431786
1999,3.660223431892412
2000,8.50954661160941
2001,4.406932800016211
2002,8.635100575501633
2003,5.068118458039066
2004,6.312292441412955
2005,7.669408790623221
2006,7.095645426169258
2007,5.661863759687564
2008,3.7366221335910783
2009,3.416105186065198
2010,6.740702569712708
2011,5.70369128928939
2012,6.643401010834694
2013,8.91039913331426
2014,5.4901318918505995
2015,4.381623299874656
2016,4.075634171687794
2017,4.489336426637059
2018,6.826371844752735
2019,6.6011095116381195
2020,6.763670637990471
2021,3.1756244395562603
2022,6.646929050839561
2023,5.292061245989674
2024,6.468666166171221
2025,7.221748521193779
2026,7.900881127452314
2027,7.3952834657749
2028,2.83883815903337
2029,2.167165573322289
2030,8.127239231918859
2031,3.975249136420899
2032,9.065466989553133
2033,6.851856927501216
2034,4.226281117324814
2035,4.67558282300127
2036,7.40883570575574
2037,5.753293921948708
2038,3.8403535145104004
2039,7.253378909535708
2040,7.318659158434727
2041,4.3287766164979065
2042,4.733724489737874
2043,5.961205868501928
2044,5.690264225023349
2045,5.533986499901582
2046,6.562698842690815
2047,6.871016901794051
2048,2.7152871675012467
2049,5.419782191996379
2050,2.375253134403115
2051,4.901452674598361
2052,0.9131948318596727
2053,4.850900561755653
2054,6.856630226311477
2055,6.704141702502705
2056,3.5383067482427424
2057,6.8099048276745915
2058,5.3060430287619935
2059,7.073075731587407
2060,4.618449925103396
2061,2.8762965177601836
2062,4.784929166001274
2063,6.821739816502775
2064,4.996205243895585
2065,4.936606264095175
2066,8.99115728370797
2067,9.521323055915344
2068,8.099687761949312
2069,5.309698803805777
2070,6.3984997812031
2071,6.151996800583641
2072,4.32042967424944
2073,4.609790193450739
2074,4.404324256034311
2075,4.212789738001988
2076,3.678983766135662
2077,5.30157045718255
2078,5.019895663141121
2079,6.364500039111209
2080,7.373473752374357
2081,8.402727349214512
2082,6.222905130915953
2083,6.083556241292092
2084,6.895530104979656
2085,7.868584254513452
2086,7.974357161078298
2087,4.557419763222992
2088,7.899384970741598
2089,8.80940718569204
2090,8.409642858130738
2091,5.934380431751394
2092,2.9395917453630824
2093,6.755075787164084
2094,5.225412357298284
2095,4.03230847849698
2096,4.032563881937033
2097,6.2801455755620825
2098,7.044704013717891
2099,1.8942880757404743
2100,7.1498352872231
2101,3.3759939921299824
2102,7.0832857877386335
2103,8.515613140465192
2104,5.829899803176059
2105,5.322905666008335
2106,7.9980193119081555
2107,2.7791745516141373
2108,2.8354605556800547
2109,4.168799285399984
2110,6.4644082057399554
2111,5.2602360398120265
2112,3.9204452714088287
2113,6.322099341200078
2114,7.381003316142946
2115,3.545405999864156
2116,5.31314227363217
2117,8.713368612329594
2118,6.158489420645984
2119,6.8486180155591665
2120,7.481363714947813
2121,5.129535178497468
2122,3.3088897616412387
2123,3.3168450078435496
2124,6.4430896548784435
2125,6.316153405234428
2126,5.3068028397288955
2127,6.123418256133362
2128,7.702172163877533
2129,4.765654460401175
2130,5.776640128511019
2131,5.675867214407816
2132,6.4750365420582
2133,5.642710407328855
2134,5.972498071788283
2135,2.9581217222067093
2136,2.371952502458053
2137,7.0803301243714545
2138,2.923453485930498
2139,6.010548663264214
2140,3.4441514627421945
2141,7.014122653199692
2142,3.0156595427055364
2143,6.507330537399925
2144,6.3067805206192915
2145,9.504091710424314
2146,7.159583790480718
2147,6.9666643156074075
2148,5.611656963931284
2149,8.351654987853312
2150,6.521875192139629
2151,5.096149258470653
2152,5.067827256203375
2153,6.734511779727205
2154,6.647228704103173
2155,6.28736057630144
2156,7.159274441692964
2157,5.714715285126987
2158,7.884178764644498
2159,8.7621366927202
2160,4.890089704428296
2161,2.3054994668517073
2162,7.698999720909147
2163,5.905511496194805
2164,5.419951455279253
2165,5.980398956200099
2166,6.901194273290534
2167,7.026138788522756
2168,6.5490380378915445
2169,7.082795752064648
2170,7.206786583881745
2171,5.128873892416926
2172,8.33587509347703
2173,3.037911964351665
2174,4.308085393007222
2175,5.425422323394852
2176,8.32506455967944
2177,6.273925142821608
2178,6.636477385661848
2179,4.743534972916085
2180,5.242670244922155
2181,2.680438605576117
2182,5.367532503912989
2183,5.66653351264338
2184,8.968330203842974
2185,8.381591123308054
2186,7.3870259424264635
2187,3.994704321945574
2188,4.809598496868086
2189,6.505976947821155
2190,3.847984162505258
2191,5.9007144656536585
2192,8.610693919740871
2193,3.9358930667104812
2194,6.295114223455895
2195,7.449907070574107
2196,8.953615887220275
2197,7.224830554641505
2198,4.135348329425311
2199,6.19089686237079
2200,7.332955894144233
2201,7.8750523423331575
2202,7.433606496366297
2203,4.601666828369987
2204,8.586097438926206
2205,8.728603596999452
2206,5.315917006309559
2207,7.6496973690841985
2208,6.777788525736918
2209,7.8330544277180385
2210,1.2982451219325868
2211,6.237471934606152
2212,8.957644834604242
2213,7.036570416662716
2214,7.519468104468774
2215,8.40005969211012
2216,3.315106228778048
2217,7.552333737725964
2218,4.185788605833874
2219,3.581040788127481
2220,7.885562648535526
2221,8.265100481681186
2222,6.922169505282603
2223,4.360127431210686
2224,5.646051560053147
2225,7.536480754692517
2226,6.650327125059027
2227,6.697342361549343
2228,5.106186156726379
2229,8.156449750358027
2230,7.216182971415297
2231,6.266682166708281
2232,6.553978049377485
2233,6.04898943648786
2234,7.54449696128701
2235,6.998346860689764
2236,4.880439600341639
2237,4.875542713266944
2238,4.574346469689789
2239,7.723005189092976
2240,5.620036776156015
2241,4.82355796446321
2242,5.227887096087842
2243,9.018077685542123
2244,6.339235321744569
2245,6.95858477980369
2246,7.030434881689726
2247,9.040364937095134
2248,7.533643688728013
2249,4.8122150149828435
2250,5.054340871814174
2251,6.593166780277119
2252,7.832232029401869
2253,5.521642685482349
2254,8.553335722016735
2255,3.454252970003092
2256,6.5415024564998525
2257,5.259310279777604
2258,6.34901239786551
2259,4.356125534380598
2260,5.1579213089224885
2261,7.948709871076873
2262,8.257080802305953
2263,3.470026772672894
2264,8.24017197943098
2265,5.985147520294322
2266,6.283827836573116
2267,5.027215290857953
2268,2.213928844257069
2269,7.982992180977006
2270,7.479037272447842
2271,6.763084424638092
2272,3.461790160665328
2273,4.973543369968876
2274,5.578756191409024
2275,8.50253486722776
2276,9.421576430575373
2277,6.3332465976207954
2278,5.0443144152472295
2279,9.426402688930398
2280,3.836960747473816
2281,5.684825402701028
2282,4.480336178381583
2283,5.8398150861488585
2284,5.87885218846049
2285,4.10209812053289
2286,5.341249962418988
2287,4.215377551319832
2288,4.340496296098898
2289,5.6765104117008285
2290,7.555220105237447
2291,8.352514189028854
2292,8.575331161949178
2293,7.913440665537897
2294,3.571181415518895
2295,7.1941144362049325
2296,7.72059713552909
2297,5.3557967459332225
2298,7.99532206305076
2299,7.521517698969945
2300,4.522834030422872
2301,5.596557672374689
2302,8.018288121711056
2303,6.339902971129803
2304,5.66499679437562
2305,4.767576280060179
2306,6.333425887790236
2307,5.871216657604739
2308,7.170977269285332
2309,4.166948942480534
2310,3.7920004698405156
2311,6.903389812133697
2312,5.022727031338923
2313,8.394763371800734
2314,7.03639345472052
2315,3.3108933611726314
2316,8.864231267109371
2317,6.868014876943631
2318,6.671690063122871
2319,7.33949013532884
2320,6.086134431810193
2321,6.356829220482391
2322,3.563695042476725
2323,7.3768683232497505
2324,7.086339884013662
2325,7.589875835477463
2326,4.937977533714201
2327,6.140663695826683
2328,4.485137002161987
2329,5.04330627751014
2330,4.916670962638
2331,3.868839428762615
2332,5.711285010454513
2333,6.702025758624215
2334,6.010910017386244
2335,7.191410368851174
2336,5.424184653578404
2337,4.3544607586969315
2338,9.155800430063618
2339,4.890429831154082
2340,2.997069277397732
2341,2.3160218532649552
2342,4.1926068678394754
2343,5.073880999115036
2344,6.916499162536333
2345,5.834787348415439
2346,3.3131207609919695
2347,9.317601286354908
2348,7.470301620060611
2349,4.032528796828054
2350,4.106202728044074
2351,5.479158861686318
2352,3.7671346846704195
2353,6.372364008825793
2354,6.009868400583755
2355,8.210318365639369
2356,6.901988550450733
2357,5.493967772143703
2358,6.0051787620421395
2359,7.812369226587223
2360,6.461679882695716
2361,4.84844484993083
2362,3.683531643287292
2363,8.47002248097238
2364,7.14036269400104
2365,4.6636963039582575
2366,8.046605981707494
2367,6.912644695687907
2368,6.303517434330338
2369,2.083472316220468
2370,2.8604647380715993
2371,6.205575730395044
2372,6.2744409499011
2373,6.8496586965707635
2374,3.229722977134799
2375,3.510913053077916
2376,6.993860285908634
2377,6.446808709239377
2378,8.609321619642385
2379,4.382892405089138
2380,5.571557844791643
2381,8.748538967519453
2382,7.99401091759059
2383,3.5254812886874087
2384,7.7964276283021965
2385,6.1138464603459495
2386,5.216205743124279
2387,5.990317064851228
2388,4.51738626850735
2389,5.751176579586968
2390,7.204286437244542
2391,8.456753681768186
2392,6.006597027556281
2393,7.547443368397587
2394,5.55391795512955
2395,3.24363173046733
2396,8.073945460029504
2397,7.123716724876097
2398,3.9648673027979573
2399,8.587867600771183
2400,9.4149438321872
2401,4.799868860905775
2402,8.855196602540266
2403,2.3134364280278805
2404,7.005292018267081
2405,8.009757229544958
2406,7.620475424188615
2407,2.555080402474936
2408,8.28093354322793
2409,5.6158021905336035
2410,5.355361533665571
2411,8.099487572564328
2412,4.831397532892569
2413,6.417792746759613
2414,4.326147232198857
2415,6.008338312446682
2416,6.651769435269214
2417,7.809887743683166
2418,6.6307449495911355
2419,4.70224253127505
2420,6.165307589562264
2421,5.228307427624384
2422,7.856237215621864
2423,2.453268639422448
2424,5.132180237086656
2425,0.4507680774456011
2426,8.42874010836592
2427,4.866067586338597
2428,1.4966636317045303
2429,7.3353331415672
2430,4.685915164195045
2431,4.363207572455258
2432,7.9502293450971395
2433,4.649861099240355
2434,6.686033325437403
2435,6.074142398918539
2436,5.737523076323396
2437,6.5083036578378
2438,6.9384262199165025
2439,5.884217383181091
2440,8.192040276998753
2441,4.660881544619591
2442,4.858105917630353
2443,6.222334100996569
2444,8.550330410092748
2445,8.111102945866453
2446,6.730779113132247
2447,7.220368698764452
2448,9.157819051694473
2449,4.1856930680527755
2450,5.202696962532664
2451,6.117406560847886
2452,7.429082821783429
2453,4.793848868889673
2454,5.968428295360537
2455,6.653492662149338
2456,3.439050640521635
2457,8.541865198899421
2458,8.467083525156651
2459,7.0252342540763735
2460,4.377483812549141
2461,6.567170027099352
2462,3.4687970956096215
2463,5.151826749070002
2464,7.2261134100492
2465,8.810521328005455
2466,5.454621810990114
2467,7.550688817043965
2468,7.355825456596128
2469,8.213619051903912
2470,5.488121503111488
2471,4.036981067799191
2472,5.278670617614263
2473,5.236671752489758
2474,6.117128142250677
2475,5.1785722754056565
2476,5.602631929813412
2477,6.0797640847890655
2478,7.9515525799218505
2479,6.220977831115019
2480,8.244663855041281
2481,4.763752813826527
2482,7.598513800944465
2483,3.1049806916061837
2484,7.350230246429089
2485,3.3864530699921
2486,6.6095605932866475
2487,5.4301184922240395
2488,4.376833044360168
2489,3.6045071337915124
2490,4.122670473680656
2491,3.985532657725739
2492,3.786471769530126
2493,6.856785447181212
2494,8.470068280429407
2495,6.129680164657867
2496,5.695394651607727
2497,7.1869579288462
2498,4.754487057963202
2499,4.252228777700004
2500,4.66672177880148
2501,6.722520418219438
2502,6.4637790421327646
2503,6.356006308247874
2504,4.141668849111244
2505,7.134073319719622
2506,7.216433249176125
2507,3.9043636785208413
2508,5.143617327074001
2509,4.219010242712864
2510,6.9433727123667826
2511,9.396126840902735
2512,4.426028576005519
2513,4.665018279985265
2514,7.026671706999714
2515,5.25980570577185
2516,2.375640948698924
2517,7.326763051057097
2518,5.229800271634781
2519,5.146094316572557
2520,3.4602834249668044
2521,5.596303291050898
2522,9.843300597157493
2523,6.10596588810201
2524,3.9704246031554353
2525,9.280715590799023
2526,7.1190446203162105
2527,7.778805275142582
2528,5.597760177694154
2529,2.5167516115495654
2530,8.78260948934411
2531,9.062584594216874
2532,8.411642971031515
2533,4.719526347850678
2534,6.350244250295534
2535,5.7186693084607585
2536,6.175788513518303
2537,7.229177062454322
2538,6.984521560405847
2539,7.729294226707561
2540,9.43473369807396
2541,5.410930162525703
2542,7.739498038337524
2543,9.046021466530817
2544,3.685845270169403
2545,5.6353630868554845
2546,5.540896023914211
2547,5.309487342599716
2548,5.367634411819043
2549,7.361656499011314
2550,8.03797817850776
2551,3.8867507705768745
2552,5.2304424498084385
2553,7.692600264207835
2554,5.152010130434667
2555,5.535019540575445
2556,3.335540489881996
2557,7.322169952025716
2558,7.934583490348573
2559,7.928036361785232
2560,6.610860002845046
2561,5.889188750112902
2562,4.178206647662622
2563,5.978562018864612
2564,5.396677704723173
2565,4.961255248823517
2566,6.701205695397163
2567,8.417455649502138
2568,4.0233236265728385
2569,3.2490180156712207
2570,5.767653109650583
2571,8.706707111713675
2572,5.674851437723966
2573,3.8756044698158116
2574,9.14129822573547
2575,8.991461511128895
2576,6.282578860025574
2577,4.904022584945846
2578,5.4059720644572975
2579,3.5351156332471727
2580,4.978032718909008
2581,10.0
2582,6.508379895926912
2583,7.546338409646883
2584,4.807794927785144
2585,6.198107319535162
2586,4.104441077417174
2587,2.973320887692469
2588,7.309267919951175
2589,5.957469327800857
2590,7.898978949774066
2591,8.025899851150594
2592,8.025722497640036
2593,3.833046315798377
2594,7.323430058765574
2595,3.8927746734279016
2596,3.6324250018848727
2597,8.212505930474448
2598,8.547435772190399
2599,3.068697622761386
2600,4.346370477683048
2601,4.516982150604757
2602,7.621641484891027
2603,5.323158631299499
2604,5.06814956269954
2605,3.927330366191953
2606,4.38431622384512
2607,6.945877929562065
2608,7.979803132258119
2609,7.415198652073185
2610,5.619821753216272
2611,6.395458340201196
2612,5.02751686627837
2613,8.807663711340862
2614,1.547210423610944
2615,3.457966206936414
2616,7.111985650045989
2617,5.20600906346994
2618,7.310240904043841
2619,9.032911045212623
2620,0.9158221360197754
2621,3.6062530247950053
2622,7.924367953012424
2623,6.75412252896681
2624,8.065120770078124
2625,6.9914105579567964
2626,8.22380535289631
2627,5.780662547538769
2628,2.0454325820483525
2629,8.577528507805676
2630,5.723330785150671
2631,3.500539808963337
2632,8.773534066507617
2633,7.616134851068056
2634,7.215294879449882
2635,2.958222250075393
2636,4.863974745993102
2637,6.770965329935091
2638,5.957310463543211
2639,6.200049499161292
2640,6.586426544923161
2641,6.237109290863453
2642,5.564449822121058
2643,7.805775045203775
2644,7.471462408842017
2645,8.365543521893239
2646,4.699264763210728
2647,6.160754042937303
2648,8.811582760360817
2649,7.6798768718821036
2650,4.557823866975878
2651,7.463297382650506
2652,6.852180472007916
2653,5.585266959629274
2654,6.163721290988691
2655,6.831919806714763
2656,9.190561760073933
2657,5.9140727598020755
2658,5.598110645696306
2659,3.9309739062060056
2660,5.77766713831807
2661,6.944877524824038
2662,5.349571741106417
2663,6.737140925225267
2664,7.961800808732929
2665,5.791562576268184
2666,2.8984509515951657
2667,7.646366647054099
2668,5.934573311814085
2669,4.567270408164901
2670,5.291135631344131
2671,6.489910548188223
2672,2.414176912121553
2673,6.592307061769584
2674,6.070683863797935
2675,7.992310539018709
2676,7.892984449678483
2677,5.20176041683144
2678,7.149298453365847
2679,6.9302920307100235
2680,4.0413154537477665
2681,3.654565843359681
2682,8.143345737552465
2683,5.987723243150167
2684,5.400289359033745
2685,4.127721112643451
2686,3.948879387882819
2687,6.9110505537944675
2688,2.8923998842775562
2689,7.185952985692227
2690,2.8595886886666553
2691,5.681650352601882
2692,9.858972604816087
2693,3.349381913089823
2694,4.896671353632088
2695,5.909309917212258
2696,2.2779543037701675
2697,3.9260064362583513
2698,4.6924144489464
2699,8.201556425045737
2700,1.6307059625983915
2701,5.147783325160475
2702,5.630463172655557
2703,7.349488277056526
2704,8.297262868793224
2705,5.684880450265705
2706,6.511224240633957
2707,5.805532954189963
2708,4.367495478379718
2709,1.6161731055918134
2710,6.649593084935612
2711,6.8045346911212174
2712,4.650703417310969
2713,9.227641302220446
2714,3.531662642917435
2715,3.4704412311556188
2716,3.4952665132172167
2717,2.372970798875393
2718,4.8248421228057
2719,4.633237767971667
2720,5.319064732404753
2721,5.581535980643254
2722,7.468552896483572
2723,6.833883912584311
2724,3.4915016207029845
2725,7.557918577005181
2726,8.230816697763414
2727,7.664561626746248
2728,7.605339296513686
2729,2.643856655533575
2730,7.09000966558609
2731,7.021100958835721
2732,6.12670890019061
2733,5.9642137660346295
2734,8.34216268234751
2735,8.94785640323542
2736,4.909860376312845
2737,5.328085056723591
2738,5.35895528781715
2739,7.434982067973745
2740,5.253612837405494
2741,5.797562557856006
2742,5.687731828376247
2743,3.688750329717753
2744,2.3012438498544836
2745,9.02179191542124
2746,6.690018835690363
2747,1.9921955471786086
2748,6.44994628316704
2749,6.4126798051280804
2750,6.438734294881061
2751,6.017500706524917
2752,7.513539059207835
2753,6.866957499682219
2754,6.4290356954223595
2755,7.053328192948542
2756,4.173139882663568
2757,5.918557084576448
2758,6.4485328174222785
2759,3.662985641881087
2760,7.025233270475693
2761,7.282006790887644
2762,3.30719043274203
2763,5.744147123038359
2764,5.772575868961663
2765,6.7589583002553875
2766,5.516347514831107
2767,8.258200682237803
2768,3.794075992090096
2769,5.026121235822727
2770,2.6458220397027756
2771,4.883198314277487
2772,4.688414130897615
2773,7.523135407507961
2774,8.046335116586304
2775,8.568537186414362
2776,8.582365676054275
2777,6.842875284709826
2778,6.286710207106729
2779,7.479635464836516
2780,6.19576413879246
2781,4.240924711597436
2782,9.332542060719064
2783,6.820408356869605
2784,7.6730578659806135
2785,4.786589375160545
2786,5.248371397838537
2787,6.96631714417482
2788,6.340973258088062
2789,6.055943205047007
2790,2.7357712998629675
2791,8.481802224804541
2792,2.370499313318567
2793,3.159901151904389
2794,2.6085621664706813
2795,2.7949297426684683
2796,7.849995321229619
2797,6.8865966281043125
2798,6.538530858701562
2799,3.5629666623411356
2800,3.9275967710442434
2801,4.295659387522331
2802,8.355062474393485
2803,5.508818127123269
2804,3.6780670608609225
2805,7.05152788053704
2806,5.014857119876125
2807,7.770838467727815
2808,7.954211478052725
2809,6.831239963289485
2810,7.357279014775066
2811,2.687719027077029
2812,7.107732605320267
2813,3.2069225974726776
2814,5.229824552293924
2815,8.940574334534958
2816,6.777949202298016
2817,5.888036032493912
2818,2.1571813297854954
2819,6.954462960600715
2820,7.351156703571926
2821,7.001546566010821
2822,3.481393660449673
2823,4.951586693754514
2824,6.1902770521766355
2825,4.065198331674186
2826,9.522717486141039
2827,7.304812080695477
2828,6.137870007054
2829,7.402446382062681
2830,5.408873343018205
2831,6.056222014037206
2832,7.754448886842288
2833,1.7826752601184905
2834,5.571638381640896
2835,6.453411528756056
2836,4.1573373712323445
2837,6.085535792890564
2838,8.500652100365523
2839,5.538420221051737
2840,6.310445210668655
2841,2.6257948057425984
2842,8.040946052830828
2843,6.627366126445491
2844,6.999512315083544
2845,4.178271986381801
2846,7.702552153147672
2847,6.448858176094935
2848,6.236953372820122
2849,5.4535236355134415
2850,3.1439570962554457
2851,1.9090229213808292
2852,7.119374534468068
2853,5.041741030332816
2854,5.499673021122896
2855,8.436664581317856
2856,3.5087378138642324
2857,9.04278211977464
2858,7.470860263409312
2859,6.5433099564968025
2860,6.981776222364274
2861,7.423642278668326
2862,8.668421745846864
2863,7.42734122510386
2864,7.431253448133505
2865,4.958833883172129
2866,8.104272268330472
2867,6.8387456635885355
2868,8.575829163559108
2869,9.5033991723661
2870,6.128236438083955
2871,6.916170270162109
2872,6.276797688585722
2873,7.530668316237699
2874,5.128987960336165
2875,6.9291735488765775
2876,4.237275854302133
2877,3.842239643607354
2878,5.555757991102121
2879,5.8591259649867
2880,3.838654456902328
2881,9.605656512232004
2882,5.168826041859171
2883,5.73306829803197
2884,6.570029785215831
2885,6.384433620537297
2886,0.8193879467574988
2887,6.932004401005572
2888,8.106165458349594
2889,6.9366345784987065
2890,7.764327637238112
2891,8.269212045778895
2892,8.662306778098923
2893,5.226325439796038
2894,9.547208688607704
2895,3.2718807693530585
2896,7.818960244550024
2897,5.103671484079065
2898,3.6352451556539958
2899,3.278134336009181
2900,5.970002726674537
2901,4.024671430353923
2902,9.35711663560758
2903,7.935354320679948
2904,4.47144255419358
2905,7.8001448722092706
2906,7.844571257237341
2907,6.7434656023744735
2908,6.066505108354201
2909,1.6034017443028212
2910,6.154523403124189
2911,8.94190339264568
2912,4.1025086809499065
2913,6.5403059960469845
2914,3.462125216973054
2915,5.663957657187923
2916,8.178914744720453
2917,3.334075779183442
2918,8.199550122835026
2919,4.096232508367961
2920,6.850059620174839
2921,7.808743266791109
2922,3.4072509249469283
2923,7.222666550336464
2924,7.629499814389523
2925,6.167211779991705
2926,7.53489496179997
2927,1.937783069922903
2928,4.117467640668743
2929,7.808886948320674
2930,5.104173352342237
2931,4.336852334641472
2932,6.1281204506160325
2933,3.345098147731786
2934,2.5548385421366206
2935,6.548692310152824
2936,9.571427550078976
2937,4.8494983439927895
2938,4.63229677952221
2939,5.991093199891339
2940,5.7058362486313
2941,9.09219945387596
2942,5.365708068688324
2943,5.996881800300172
2944,5.1842632957612205
2945,7.289978890823067
2946,7.88728891265897
2947,6.7306382936822144
2948,1.8193487671558817
2949,5.916138476924675
2950,7.278852421917654
2951,5.28969304034918
2952,5.476219983385971
2953,5.427124863990269
2954,6.202102623440389
2955,3.6665599863640597
2956,5.2351847817032375
2957,6.647675672680059
2958,7.762893881845841
2959,5.71002121075572
2960,6.504991120678074
2961,3.998156857770361
2962,7.9545653183903084
2963,7.440973365692239
2964,2.6876823799376046
2965,3.1306769478142122
2966,5.152491698702704
2967,6.13580597079213
2968,6.437953860536413
2969,5.130562742331046
2970,3.3781885598532027
2971,8.618270669943263
2972,10.0
2973,6.303576838580096
2974,5.300197015867651
2975,5.426022097286096
2976,6.947585136782537
2977,4.8288823423522205
2978,7.919160905855756
2979,6.886842774180131
2980,3.8565277015200876
2981,9.392099842193796
2982,4.709270751998165
2983,4.52572976134285
2984,8.207495132263233
2985,6.764539179474938
2986,6.063051120325581
2987,8.798753777341663
2988,6.333120042751803
2989,9.552609349705694
2990,6.605950866820532
2991,4.903483010315511
2992,6.5168380890122055
2993,6.236540147013521
2994,6.110290121767782
2995,6.101859306723018
2996,7.033454666885624
2997,9.430792869078752
2998,6.244920550585111
2999,4.9753129327278875
3000,8.995511680875035
3001,8.31629015859715
3002,6.750738484407977
3003,5.194515835992617
3004,7.170660253493801
3005,6.4098084302610365
3006,7.0390092175774654
3007,6.453845707271242
3008,8.735047957321797
3009,7.211642414738239
3010,4.897640872988991
3011,4.260208097383779
3012,7.835078548220157
3013,6.850512747006489
3014,4.944426564366192
3015,1.5468908548268698
3016,8.273216466782248
3017,5.638263149177974
3018,8.768767743386205
3019,4.491464362751258
3020,4.486388294014603
3021,6.034159972846345
3022,4.3452478079160795
3023,6.029933747196731
3024,7.549313195430089
3025,2.9735907755259827
3026,4.0952215596832975
3027,5.907509878552266
3028,7.5893002729763674
3029,4.66347222796186
3030,6.688373323448968
3031,4.570141553066023
3032,7.146107329912513
3033,5.2175176004434
3034,7.192555331980091
3035,7.732262547456003
3036,6.836491180041688
3037,6.145912730068269
3038,6.1237292546797
3039,8.871223192397002
3040,6.561674456043645
3041,6.5408983976329385
3042,2.4504855070166505
3043,4.7181351488746195
3044,5.438092703580573
3045,7.701904273309988
3046,9.463851078360568
3047,6.346847156027448
3048,5.233143348198525
3049,7.988441767175012
3050,6.110536982931606
3051,8.440618045272478
3052,3.584873289701681
3053,6.134072391898008
3054,7.294644860276738
3055,6.705836084151067
3056,6.818108382190727
3057,7.232651000247437
3058,9.224538842190137
3059,7.719568357691213
3060,4.127686780350014
3061,5.234512459067996
3062,3.933650039064967
3063,4.247138323915402
3064,4.4052613166424655
3065,4.6438478555586515
3066,7.376075001549867
3067,7.491139201944937
3068,3.3962500624388
3069,3.4510577931593356
3070,5.7858519914171005
3071,7.206616378043073
3072,4.9978482291065
3073,6.999989900265224
3074,4.501746777970163
3075,7.213920701076523
3076,3.562060989368978
3077,6.859033686482841
3078,8.508829481369432
3079,7.7987143451409136
3080,8.86072743477192
3081,6.150708241129434
3082,7.870820520758394
3083,7.042669132265977
3084,6.126797053162544
3085,8.712852373207687
3086,5.91406242979326
3087,6.159239794208749
3088,3.6610323774677846
3089,5.197854010118035
3090,9.116507133641761
3091,4.956979891581992
3092,3.1564634201273747
3093,4.384013098980815
3094,3.9204435816006673
3095,3.580413851967472
3096,4.063871671094536
3097,5.5836098146150865
3098,8.155299074529237
3099,3.747160028993267
3100,3.277473471468032
3101,3.431144303763236
3102,8.052258541744362
3103,8.1959354576683
3104,5.230761927382486
3105,5.593918362757323
3106,6.989663941783879
3107,6.41709835999578
3108,6.938484949735939
3109,8.80229578795542
3110,6.688323833370741
3111,4.904666031320819
3112,6.950991074501211
3113,5.004743065979011
3114,5.379314176606398
3115,6.180772496581785
3116,6.144605960270573
3117,6.965525557698248
3118,4.103099249136748
3119,8.340500583609126
3120,6.033898809572165
3121,6.157683192274528
3122,6.88612463933027
3123,6.211262807760333
3124,4.159651262040632
3125,6.144446097018538
3126,7.078066929449029
3127,4.765627960853656
3128,2.496279440416536
3129,5.266354939876013
3130,5.409588558956272
3131,4.800754736562047
3132,4.8203294382558095
3133,6.966973673586214
3134,7.122631887438764
3135,4.9395128412212745
3136,3.857006414676923
3137,2.4701065831443074
3138,4.116925626778553
3139,6.5272051807783145
3140,9.479740031777261
3141,7.272208479441053
3142,5.008214527819423
3143,6.321993001754166
3144,6.160292123424655
3145,3.300241130643393
3146,5.490428211413839
3147,6.425316808605979
3148,3.1006750181846
3149,7.946918874773165
3150,6.986185333090453
3151,4.54458984265626
3152,5.646103826577568
3153,4.070269191877098
3154,4.1905009358809995
3155,3.2175899775564076
3156,7.387594969309735
3157,7.971829875908352
3158,6.731207642973296
3159,6.340259164097591
3160,3.1442596068818194
3161,8.084952927623457
3162,6.846932797687695
3163,7.336561294231718
3164,8.156075352630605
3165,6.81254007665965
3166,4.731791140413171
3167,3.629757716124849
3168,8.79365275222551
3169,4.134245671618525
3170,6.5828863724080495
3171,5.035998240434336
3172,6.743918126844674
3173,3.836646692748009
3174,6.669069860904661
3175,2.3378822984052134
3176,5.358892009963448
3177,7.011454980348451
3178,4.95788940576765
3179,3.183467658076846
3180,6.65640874447838
3181,5.36057555481405
3182,5.650674367979906
3183,6.574041980264537
3184,8.022672972244704
3185,4.814857581077036
3186,5.052857795789859
3187,5.650383231459209
3188,5.323134330614339
3189,3.431644079335055
3190,2.3303044412808034
3191,7.755994966134646
3192,5.306553969258831
3193,5.763483760578284
3194,7.602848520662475
3195,2.858500138856969
3196,8.09706232375008
3197,6.673691201751996
3198,7.209171131821921
3199,3.651001517797638
3200,5.86911463550693
3201,8.417520225145571
3202,7.252198235604321
3203,6.090477930465613
3204,7.641400108846589
3205,6.615128926349152
3206,5.661719009215313
3207,7.645474023299293
3208,5.5779382142526694
3209,3.439628053037536
3210,5.985277428243987
3211,3.678295172590653
3212,1.6743449799027919
3213,8.413409942225135
3214,5.109189784056885
3215,5.251170126178805
3216,5.654722662662297
3217,4.8017412174095355
3218,2.9613704809172767
3219,6.196292578110096
3220,7.032008893435605
3221,7.4513057231774384
3222,7.052831378999041
3223,7.062990371693086
3224,4.016793208574562
3225,4.244949677093965
3226,4.847147489026178
3227,8.804880497099807
3228,4.429243341578429
3229,8.273868650744854
3230,8.282345677306804
3231,7.644031486569585
3232,5.953349887458187
3233,4.864839967168747
3234,4.477802751532682
3235,8.032698370871655
3236,6.18498458667431
3237,7.107853340982733
3238,3.8157944873524423
3239,6.597521387685063
3240,4.828967310599748
3241,8.218819681412993
3242,5.10259200527799
3243,4.0898062684775836
3244,7.368205057380718
3245,6.464620032764217
3246,2.6201632431087205
3247,6.649468098291775
3248,9.048697992131846
3249,2.3994960282254847
3250,5.632157841416033
3251,5.461337987354162
3252,6.277643088152517
3253,6.0930301798463224
3254,4.531332856291626
3255,4.681508379293975
3256,7.772621996969843
3257,6.2991987315415265
3258,8.331142226976352
3259,6.841127315750173
3260,6.989947600906445
3261,7.825234256508714
3262,8.12935280521795
3263,9.194489559082742
3264,5.957730403586316
3265,8.144964349041645
3266,7.259351781857958
3267,8.224301538415432
3268,7.3819566879921386
3269,5.737436992479821
3270,6.499244165140991
3271,5.501333275557271
3272,6.79556573322598
3273,7.840528044135225
3274,1.930886409985187
3275,6.519583192933768
3276,6.10966436454025
3277,1.9986929714430324
3278,4.2757678272660655
3279,9.567176104403291
3280,6.6158084081774655
3281,5.472957076179415
3282,6.713319961279311
3283,7.416944311571873
3284,6.3830481954149585
3285,7.393297774488609
3286,4.028939625558666
3287,9.070177316464063
3288,5.904912557223274
3289,6.455353010983948
3290,5.3154379511682395
3291,4.801989597141633
3292,3.731099038628863
3293,5.837947344196427
3294,6.289064224578446
3295,4.926318614904056
3296,6.964565176918116
3297,6.874552428350663
3298,6.42877245972563
3299,5.28473448048695
3300,5.485901404242684
3301,5.684197589479008
3302,5.631015400273454
3303,5.525949139910874
3304,5.430899541431902
3305,6.115626783923733
3306,6.125907767482936
3307,6.515332087123657
3308,2.360730293741492
3309,7.329789895112303
3310,6.7493297980585565
3311,8.127903989261014
3312,5.388532948506054
3313,6.457685693427932
3314,6.435401133792897
3315,4.301156812991394
3316,6.864002844200875
3317,7.7849687312776235
3318,1.4768502167326851
3319,8.24794681920477
3320,6.9772040711081065
3321,4.068075817531768
3322,2.061873081871238
3323,8.246627472997913
3324,6.121922405836144
3325,6.331712757518453
3326,10.0
3327,7.3376511395487904
3328,6.594196069129387
3329,4.319895670239198
3330,7.035574596578022
3331,7.158730757943442
3332,5.761288761537928
3333,5.96078543699024
3334,5.001108062427542
3335,6.188584956503457
3336,4.524308199589953
3337,2.467288742361976
3338,6.566956104792767
3339,4.741884503597774
3340,7.673806150642836
3341,7.954993353435427
3342,6.886051590404556
3343,5.5605347928532405
3344,4.887146408664037
3345,6.388573219692325
3346,6.716199822051522
3347,9.068726457420297
3348,8.328852343121946
3349,7.3663056472169695
3350,8.344003296068804
3351,4.627992923157744
3352,5.430969017852861
3353,7.033214617687326
3354,7.039528560847525
3355,6.3830096788457995
3356,7.033331934989909
3357,7.744481360731098
3358,8.736283656418882
3359,5.922973528621393
3360,6.648356291879475
3361,8.074763880003418
3362,7.18864711625082
3363,6.209558968189402
3364,7.319400707242533
3365,2.4911699004070815
3366,5.138793681269096
3367,5.664589740854352
3368,7.426803718069127
3369,6.025001329395903
3370,4.755733777450339
3371,6.704754626563068
3372,6.810669778700355
3373,7.597844902415342
3374,5.924312286935965
3375,5.545531148709845
3376,8.623220424652338
3377,4.497151398595
3378,6.513901083406979
3379,5.851561983177442
3380,6.484244320939829
3381,8.134839624423446
3382,3.64650645145401
3383,6.37998341738309
3384,6.576480163485014
3385,8.116526743180598
3386,4.193201251170743
3387,7.8579903344675195
3388,8.483599417148133
3389,7.556614856176535
3390,8.091936218467579
3391,7.775146935239941
3392,3.3954542617936876
3393,7.197327190086239
3394,6.702972477005316
3395,5.411459563853958
3396,4.462071976060421
3397,9.733347403233145
3398,9.695261727073715
3399,2.7125775360877373
3400,9.374833884914688
3401,6.122244129535588
3402,6.516151387241499
3403,5.665464241584367
3404,6.2025096622797715
3405,5.691314054013498
3406,7.55224524997718
3407,7.490947258830457
3408,6.18230723063002
3409,5.159425721708915
3410,5.001303400853324
3411,5.248547249691668
3412,4.085120624283008
3413,6.4557417270496575
3414,5.641585326410362
3415,6.731580588667649
3416,5.642684559964762
3417,6.0115670470740685
3418,4.759580838016967
3419,6.5931009380547945
3420,4.456862118724188
3421,5.917925391337776
3422,6.975684457871488
3423,4.520392682502526
3424,7.116508981654537
3425,5.056263511820835
3426,9.308634744726447
3427,4.7483411114616585
3428,5.712524040149668
3429,7.009354400365852
3430,6.397663128392237
3431,5.677567153672698
3432,2.5660986001893815
3433,7.353104746473413
3434,6.546892149447781
3435,6.202230384319899
3436,5.6733553041846525
3437,4.797324074726364
3438,8.32128024297432
3439,5.494188018515941
3440,6.335572588529452
3441,3.4979553394178042
3442,7.592844985605739
3443,2.59996689984483
3444,5.568253453025003
3445,6.912799865769091
3446,8.597401100074045
3447,7.996704527308238
3448,5.381953160654653
3449,5.149603710498033
3450,5.1528615892772285
3451,8.830749945378374
3452,9.619562020119965
3453,8.434575986023898
3454,1.9975307887735998
3455,3.8011003877716854
3456,4.987190135393966
3457,6.3162873940566415
3458,4.638427251297318
3459,8.161295890624755
3460,1.6772666435683157
3461,6.149916226745297
3462,6.130764913040525
3463,4.223370853603712
3464,7.377829743093154
3465,5.705396880895842
3466,7.2857424066179215
3467,4.819851074782651
3468,5.15433409034283
3469,4.539493206697266
3470,5.903645279584521
3471,5.021021707840078
3472,4.4029719454423315
3473,5.694470372032543
3474,9.00881917748027
3475,4.5477602338146665
3476,2.288636685150783
3477,4.129327614373014
3478,4.962921513413328
3479,6.9245520832834755
3480,6.758842135145793
3481,3.689532336196316
3482,6.756821826437757
3483,8.976682980931555
3484,5.729201299402294
3485,5.8515103431179964
3486,6.063497339961082
3487,5.0642427974869735
3488,6.062094391047654
3489,4.254161630109917
3490,4.059558000416572
3491,7.874490327290579
3492,8.392728407331454
3493,7.331369138483702
3494,8.998217203531622
3495,6.09583285776594
3496,7.963251267561533
3497,2.4343398764461806
3498,6.352680860549495
3499,6.242342193095768
3500,8.418593611214703
3501,4.186984421328041
3502,2.342109878484075
3503,4.698280151342932
3504,3.8146070454197205
3505,1.48618046460112
3506,5.952721824857883
3507,7.539681154630154
3508,6.845116043057072
3509,7.129731107422735
3510,4.311223908318896
3511,6.674718755662361
3512,5.974921238547004
3513,6.23801262845313
3514,6.677336558725103
3515,5.645336452882974
3516,5.346735728792012
3517,9.024290295496812
3518,1.4922331791850831
3519,7.005137365886004
3520,5.709170978619652
3521,6.277192639208832
3522,8.669672771957988
3523,4.995596029407061
3524,7.106571507036003
3525,8.662222176278792
3526,3.0891732723931065
3527,5.572942167508705
3528,7.7251929834558615
3529,9.628987976678932
3530,8.703764370156874
3531,4.331436810652134
3532,6.272983418064741
3533,7.428822002949714
3534,6.620476615675927
3535,9.302143804479659
3536,6.438386719943312
3537,4.286083011492452
3538,7.6428224002814575
3539,7.33255441631048
3540,5.319320330314737
3541,6.930352730714099
3542,7.438323918857076
3543,6.157245278706993
3544,8.186894017738792
3545,7.730939783193538
3546,7.95349441388724
3547,6.9033246885610025
3548,6.002964562924137
3549,5.037581124611325
3550,6.264368432523794
3551,8.657857025033334
3552,8.153675322853173
3553,7.949842241614921
3554,5.368133382047775
3555,7.566405424303517
3556,5.406119754804872
3557,3.112490615740287
3558,3.378771478912395
3559,5.821744914991635
3560,4.471622731226853
3561,6.013615167169187
3562,5.398402722884637
3563,7.759974555583103
3564,8.003609684685765
3565,5.634826240086001
3566,5.722615912282673
3567,4.873035615902434
3568,6.259109285896961
3569,6.941270151290876
3570,5.741254173701037
3571,5.991095292249758
3572,2.243763221357734
3573,8.43902765923594
3574,5.744765726806036
3575,5.024646861899519
3576,7.708672156267622
3577,4.33104195793154
3578,8.511893107573178
3579,5.610035473731337
3580,4.992158591240787
3581,2.0844826433341974
3582,6.0091681533494885
3583,5.5164344213952825
3584,3.142887786381827
3585,8.086919763450348
3586,6.343679667504479
3587,5.305869908144526
3588,4.790890751787491
3589,4.960370725340333
3590,3.450739109805011
3591,7.618684917900614
3592,5.800925019057592
3593,7.8860744964474545
3594,6.5472565924442545
3595,4.769693844513175
3596,7.967461469614678
3597,6.305356582500279
3598,5.597717212374501
3599,6.587548394028305
3600,4.698133154131911
3601,6.5953214865347904
3602,3.3434119457956886
3603,8.722325286048733
3604,5.221631090755026
3605,5.697980876150152
3606,1.1636618206182345
3607,4.497036076865661
3608,6.710291647745056
3609,5.71284653276281
3610,5.439471760864605
3611,8.829355201236508
3612,6.082139388668681
3613,5.007060382720963
3614,3.8055573149258883
3615,1.5095993810157053
3616,7.854798447911211
3617,6.085916682438194
3618,7.404246895652724
3619,6.1755975524082105
3620,5.643384976167439
3621,4.053728768802268
3622,6.315823732187645
3623,4.4663848398416235
3624,8.530254042759925
3625,6.670825181511627
3626,8.859941688819925
3627,6.420934515970096
3628,6.836175018863487
3629,4.145137847406104
3630,6.3982077350474444
3631,1.687669787230733
3632,9.26960367656942
3633,6.065621513158788
3634,5.864909597068373
3635,6.1425997525042435
3636,6.373253379424344
3637,2.27399667011703
3638,5.933516199985432
3639,3.9275611065612943
3640,4.142721610778228
3641,3.775801187033515
3642,3.60031918709026
3643,7.381710856235088
3644,7.036382882688472
3645,7.247825880541459
3646,3.740689206376651
3647,6.464332157642368
3648,7.612659558626248
3649,9.73600039718491
3650,8.25052883102606
3651,7.45817545144983
3652,8.69519662118453
3653,6.653910577017948
3654,5.452864311364437
3655,8.628909982733402
3656,3.1956108261309266
3657,8.77757499121217
3658,5.723194384805453
3659,4.5398368956391275
3660,7.555469127043524
3661,6.890290258402856
3662,6.0341505610606925
3663,5.506869923672194
3664,8.295948904064092
3665,4.272956484438192
3666,7.850464939763245
3667,6.668056758875609
3668,7.655113298278589
3669,4.5840970523876665
3670,3.4246151755267986
3671,6.604647435813774
3672,3.399098295717511
3673,6.637048523634949
3674,2.9108564543219955
3675,2.3766877891627174
3676,5.702040074776656
3677,5.2483698720107395
3678,5.480499028971338
3679,6.666802829581231
3680,10.0
3681,5.6341376999261845
3682,9.197544780150686
3683,8.893010791466484
3684,1.2518621253502473
3685,5.344406999501619
3686,6.682018168386174
3687,6.436642423509269
3688,3.373326306367426
3689,7.033848346918693
3690,5.491650647830002
3691,6.925613992015398
3692,7.670864756520277
3693,8.87009157156564
3694,6.4832381582386756
3695,7.607378474082324
3696,6.313242811877343
3697,8.330536775242924
3698,5.0082947338707955
3699,4.86247328904751
3700,3.006742719473193
3701,3.9508458625954677
3702,8.83789409607162
3703,3.792813091096932
3704,7.280904229919009
3705,7.0139659066181
3706,3.5425380073752124
3707,4.880233810191282
3708,2.5574248805897546
3709,5.731025211335744
3710,6.232477108902956
3711,7.936407250656946
3712,5.893394698874244
3713,4.0595985850874055
3714,5.060468584113687
3715,7.603242059841679
3716,5.308811434091222
3717,6.4953971355638265
3718,6.854092281032863
3719,6.854000110591736
3720,7.734738909381606
3721,8.039670281297852
3722,7.1455067725102985
3723,4.128268608218419
3724,8.370337360525792
3725,5.964988407670524
3726,3.047290867608938
3727,6.444624541493016
3728,7.432689324872664
3729,7.257683779447879
3730,0.38934197833706274
3731,6.308889636448071
3732,5.157661923266588
3733,7.25052667399863
3734,6.883976701701466
3735,1.987256189449074
3736,6.163123712166842
3737,7.3734346782772775
3738,5.612950997809228
3739,8.633132933635249
3740,6.829359329136093
3741,3.5515653914521583
3742,8.957976962972959
3743,4.753302875235088
3744,5.87554094588832
3745,4.656379864632352
3746,9.473024647291032
3747,7.677792585714544
3748,6.64952466612054
3749,7.11101127235851
3750,2.761434707812962
3751,3.5527938045390393
3752,6.466584132532204
3753,3.892528830232531
3754,3.6945718749875507
3755,5.948778663009769
3756,3.4268157194116076
3757,7.648742798221833
3758,7.878097560761562
3759,6.695801336151621
3760,8.67435721662927
3761,6.699058123627042
3762,4.480037277165965
3763,8.040638881688873
3764,4.700944495028466
3765,9.018146382643058
3766,3.629449591169186
3767,5.971052123724525
3768,6.038186659888543
3769,6.350801690270219
3770,4.085087563921098
3771,6.269065964986298
3772,3.3753403700646403
3773,4.575108085224758
3774,6.087320863341415
3775,6.523165678442291
3776,7.2454862618292974
3777,1.1142248079474761
3778,5.811601187640121
3779,3.1969549754032727
3780,3.1505680127356555
3781,4.620999871984757
3782,5.303985859913853
3783,3.6737122559513944
3784,4.389183542376877
3785,8.088862670278111
3786,1.8251589674694904
3787,7.8024893760433836
3788,4.777796921836185
3789,7.402728572606788
3790,7.557429439568649
3791,5.371880405791976
3792,8.183246249517278
3793,4.8320749861055985
3794,4.818079536204904
3795,4.865682988044685
3796,4.32322077771471
3797,6.562931567107341
3798,3.774292475301896
3799,6.346857358657354
3800,4.968349199658165
3801,8.759291172338553
3802,3.9866303653332937
3803,1.6914413817586067
3804,8.881264328352612
3805,2.160800667932379
3806,8.016134936773598
3807,3.0815653057627563
3808,4.290010489977893
3809,9.04893308534212
3810,5.3490099337463946
3811,7.123105672516578
3812,6.081441600518215
3813,6.525375730627608
3814,5.0087626744216305
3815,7.027745034702836
3816,5.516730301074416
3817,6.39469861920072
3818,4.5184035018929
3819,5.776763720522989
3820,8.461543591818684
3821,4.358889950967504
3822,8.130285153439813
3823,7.086899553212519
3824,8.330490899583355
3825,7.863901940296766
3826,4.685308189996848
3827,9.311665402260145
3828,6.360241943405265
3829,6.011948339064718
3830,6.852210204382872
3831,9.126920599599393
3832,7.498221154404795
3833,5.088821711918139
3834,5.616737611791404
3835,8.62201400743504
3836,5.706811606049739
3837,3.5923180942471804
3838,6.654496837385611
3839,3.8896048631787092
3840,8.744758760108725
3841,7.2872112175472115
3842,5.236028321247658
3843,5.651214215478842
3844,4.853456193697654
3845,8.475094865387428
3846,3.0537948875982424
3847,5.914940412549449
3848,6.755236057016483
3849,3.95676816108987
3850,9.194792823249326
3851,3.43801004717456
3852,4.817418973587869
3853,6.1482090937726035
3854,2.9791464595536246
3855,4.375110022653057
3856,4.997484337705037
3857,6.707223073762393
3858,9.653337280373202
3859,3.6981391627932134
3860,5.691884159528325
3861,6.878792178713604
3862,2.307171226935106
3863,4.733743587541246
3864,8.119818554381876
3865,6.3278049817488915
3866,5.728014758676939
3867,6.320199227977478
3868,4.452427332185922
3869,6.245441092963056
3870,6.972040030415268
3871,6.0213428707550625
3872,6.26996897041044
3873,5.369684962747823
3874,6.967458030084033
3875,5.757467286193493
3876,7.822922908009786
3877,6.8668173010490055
3878,6.943635112027569
3879,1.9780231849670606
3880,7.069428637297585
3881,5.466424560026946
3882,7.043425902452109
3883,8.459140988033868
3884,7.606153471609254
3885,4.362560499171451
3886,2.5113886238274534
3887,2.3129326649428785
3888,7.65810444236672
3889,6.520035008566898
3890,9.21788031202207
3891,6.885729566404606
3892,3.020310943236792
3893,3.243580777448753
3894,6.920181783390416
3895,5.546318345477151
3896,5.51688129324936
3897,3.5245392301427994
3898,5.992782799014297
3899,2.2979538880422368
3900,5.347438024619953
3901,7.195046562787875
3902,8.135947049080992
3903,8.430978410164387
3904,5.953751260211278
3905,6.859476977844967
3906,1.259978202174815
3907,8.372192871298425
3908,4.01508875118224
3909,1.049674248564116
3910,7.267364190319541
3911,6.760085404476112
3912,4.093485307376848
3913,4.684682143825024
3914,5.177190521768725
3915,6.608580111017109
3916,8.978628323669337
3917,2.074401998542796
3918,6.395336461439798
3919,6.283035723445149
3920,0.13333947525608136
3921,5.851139293097603
3922,3.002153642740676
3923,6.938962598458385
3924,5.70464160466417
3925,7.47764989849397
3926,6.566188692932417
3927,3.116217483796667
3928,6.812638221870627
3929,2.442148958945929
3930,6.1432335359016506
3931,4.4754453960821525
3932,3.5530471332406974
3933,5.518698091264911
3934,2.0102668918778797
3935,4.807954129445293
3936,7.278510698070361
3937,5.232224500750629
3938,4.55509340128446
3939,4.7032206208979375
3940,7.222529333324399
3941,3.3400408047905916
3942,3.0209296218231034
3943,6.130475290172063
3944,5.078041888520026
3945,4.427220521282183
3946,5.766569099846657
3947,7.789742428607186
3948,8.462315846382138
3949,3.7307508718112774
3950,2.465473006356895
3951,6.320184911610641
3952,3.5958532853593206
3953,6.193042877166116
3954,5.8337710182410145
3955,7.375636372907324
3956,5.648400635110393
3957,5.275960235917069
3958,4.50436827227208
3959,8.159931123935685
3960,7.587919909539303
3961,3.8029237503139472
3962,7.529551072218644
3963,4.252396126640842
3964,3.818882382902374
3965,6.497846636414617
3966,5.380989497493456
3967,4.537898017176414
3968,7.015597492778256
3969,1.254307680424034
3970,8.91269377420795
3971,8.270336069831684
3972,6.574965862311836
3973,4.078110466345428
3974,9.420177739478996
3975,4.704070744426573
3976,8.564873114905422
3977,6.622098521892926
3978,2.852603825736083
3979,7.038007171587878
3980,5.255058527610155
3981,7.902836896299743
3982,9.56163025871185
3983,6.680640575521578
3984,3.4580327858741535
3985,9.217591866162346
3986,5.34070613236458
3987,5.214108734970323
3988,6.472321285794066
3989,7.2230508845908
3990,6.189372816551297
3991,2.098262718881892
3992,5.346550082337661
3993,7.804520935738341
3994,4.247907049768624
3995,4.354580981072244
3996,8.285059775201384
3997,7.604803969420946
3998,5.748728753992845
3999,5.598877664214324
4000,4.454277488317002
4001,5.7129565799899655
4002,3.7427558870251114
4003,5.05481264853448
4004,5.176311088701888
4005,5.457314115164097
4006,6.75281723557174
4007,4.916467314404216
4008,8.929066821578285
4009,7.150886223722647
4010,5.888842058094369
4011,6.99250337578338
4012,2.1393511805499763
4013,3.0747243790086807
4014,3.8496087003348043
4015,5.050007448206588
4016,4.103994950604927
4017,3.535091432216385
4018,6.479811500558542
4019,5.4947783153210485
4020,9.121185533793232
4021,1.8426176858717964
4022,8.296351305896707
4023,5.763721659155856
4024,6.7272606677574265
4025,2.032534907420619
4026,7.278399305603778
4027,8.231689062017207
4028,5.12975192352677
4029,7.1349644109737005
4030,6.081211721737279
4031,7.835186895854341
4032,5.533754479775844
4033,8.739058331999889
4034,6.462444971132451
4035,6.315637900374295
4036,9.23836639269277
4037,6.295612043149261
4038,5.412708812437229
4039,4.601346382656376
4040,3.2372728460595153
4041,8.091094571875654
4042,7.153180229328751
4043,8.056283062074959
4044,6.297106709124263
4045,8.012002765203865
4046,5.2876996962805904
4047,3.2205292954355214
4048,7.140254888530021
4049,3.9673518085126833
4050,5.020014940652251
4051,2.039227327313367
4052,3.911590675942181
4053,6.050441547836976
4054,8.002371504507861
4055,3.932777967373296
4056,6.595293200836638
4057,7.287199441543751
4058,8.522502776856378
4059,6.300321655296644
4060,8.074990806238134
4061,6.797161607064899
4062,2.826347659483829
4063,7.417294235256081
4064,6.0369048361387625
4065,2.5962599811772065
4066,6.490560756518158
4067,5.658344696505674
4068,4.795102105219703
4069,7.93827806526796
4070,7.179584468461754
4071,3.487320283960537
4072,7.5779111128405905
4073,8.190776785487083
4074,5.752380424292625
4075,6.747952837487776
4076,4.23983955701271
4077,5.76551932883299
4078,6.712295334069073
4079,6.700218819320717
4080,2.51621033743208
4081,5.573354288612617
4082,5.487937876764361
4083,1.92310224459763
4084,6.816917224026456
4085,6.295882686409084
4086,8.099609615512232
4087,5.787359534751945
4088,5.790298678492994
4089,4.267014815688736
4090,5.256531019999234
4091,7.604990045004551
4092,8.446988005768523
4093,4.384095019552484
4094,8.580047944096904
4095,7.287665564271849
4096,7.570498370885566
4097,4.300627921112548
4098,7.200165051792627
4099,5.0720754639667005
4100,1.4988340037623513
4101,6.782754988587088
4102,6.523400729054751
4103,5.572246685088366
4104,3.607960939653782
4105,5.750531318353096
4106,7.4395204620591615
4107,4.589809696745053
4108,5.845431073798103
4109,6.083211527036659
4110,5.8362222305636795
4111,4.821271113911198
4112,9.407209670471637
4113,4.835116704765563
4114,6.79645348065602
4115,5.532691755521415
4116,8.985294446887043
4117,6.092650867878161
4118,1.8014006890625545
4119,6.371712025681248
4120,5.26491234947501
4121,4.435173341567639
4122,7.632377355974915
4123,5.3720733512692656
4124,8.394636815140961
4125,5.333913543177195
4126,5.181066782970377
4127,4.256409308536707
4128,3.898869959913321
4129,4.398347463491497
4130,3.5928496226103483
4131,6.333403805810812
4132,7.5824527807505255
4133,4.938490671547162
4134,2.768744888131344
4135,5.764762902571493
4136,6.076090540396503
4137,4.959801947568268
4138,1.848780496702452
4139,7.306762519168754
4140,4.207387434696022
4141,7.427665771637082
4142,3.8725905886652487
4143,7.453410631398576
4144,4.580501440683352
4145,5.4255854197890985
4146,5.603932141048172
4147,4.554408520740131
4148,5.934817140369929
4149,7.284564450072772
4150,3.3366835867437836
4151,9.129667623985474
4152,2.6073144048807135
4153,7.356126832437756
4154,7.684583465566694
4155,8.240797863576315
4156,3.1722303531831835
4157,6.437603038721044
4158,4.045243794893889
4159,4.522572390238615
4160,5.931342280649295
4161,6.828722130471437
4162,5.21827790314298
4163,5.478015130588819
4164,6.147618727768598
4165,3.14699553554079
4166,1.3169250635011114
4167,6.644685568552939
4168,5.406674352276526
4169,5.043713038837192
4170,3.5083910763711943
4171,2.949178573463872
4172,5.22722419234899
4173,7.855260998952672
4174,6.132663712694131
4175,7.330384289627311
4176,4.99823575188105
4177,6.649256338742611
4178,3.3195226619033917
4179,7.74085739679392
4180,7.151402897978226
4181,3.747217538982893
4182,7.488469651503242
4183,5.082743893898445
4184,5.325611600601395
4185,5.571076178385311
4186,6.623681940777747
4187,8.381947814005416
4188,7.0026799069595125
4189,7.726665156818154
4190,4.436910852548175
4191,7.139061771065386
4192,7.260315973263085
4193,5.3160470101857795
4194,3.2037500574981586
4195,8.113717022912747
4196,6.928173234868046
4197,3.1722248998864866
4198,3.9818331831669207
4199,9.303319145981606
4200,5.332623362109414
4201,8.50257808694258
4202,6.895457779804498
4203,5.967813702628184
4204,7.392804605648288
4205,3.594597503131116
4206,5.58440428181475
4207,7.185749915772426
4208,2.850786583804149
4209,5.929186418616362
4210,5.030688743118263
4211,4.531962394126221
4212,7.066975439935153
4213,4.858231302879491
4214,6.129014834300556
4215,5.571726086460434
4216,6.200779001941352
4217,6.638681933269849
4218,5.336586016052926
4219,5.632706381943665
4220,5.9802686517358055
4221,6.020617995061453
4222,4.955743898914166
4223,7.316776267108746
4224,4.28125642965057
4225,4.575523188615389
4226,7.370702935482694
4227,3.967439814899818
4228,1.8171230986064166
4229,3.4878841904692144
4230,6.238342375389959
4231,4.617353303857967
4232,6.443047540672949
4233,3.809505098251
4234,7.01655814503728
4235,6.07159646993302
4236,7.5696226314689685
4237,6.769147149395758
4238,5.965543892959107
4239,7.936312560280559
4240,8.071854334730823
4241,7.5617762747316295
4242,7.590148389599893
4243,6.367114784269256
4244,6.785705134155769
4245,6.800944213320343
4246,5.602011755457343
4247,7.811702979363878
4248,3.6499630227687208
4249,8.232479172544252
4250,3.396599073723375
4251,2.0763017886897455
4252,7.602345829131329
4253,4.070415159774777
4254,5.305359747460889
4255,4.5012205696792975
4256,5.425642088355639
4257,5.168680197777328
4258,7.897831112745045
4259,8.917372728388303
4260,7.110172554049873
4261,1.9820508631884854
4262,5.126172921765469
4263,5.863859004082561
4264,3.378344071232229
4265,4.864473755485567
4266,7.156803570593374
4267,4.466267777223676
4268,6.5859970820243054
4269,4.962915441225821
4270,3.6291685985690036
4271,8.608394342347879
4272,6.787089637662088
4273,4.038614359556438
4274,3.893176454689932
4275,6.159888883777499
4276,5.901271429916147
4277,7.111341785951668
4278,6.914809304301462
4279,3.7298795730705057
4280,8.34453787841755
4281,8.558630650157708
4282,5.409029818236785
4283,5.073172900886693
4284,6.731771451691564
4285,6.171628097630428
4286,5.331155165271832
4287,4.8323205133950875
4288,6.221598577893335
4289,6.455814185568172
4290,9.076206069423343
4291,6.085098672470152
4292,9.104067744640366
4293,5.155544132492914
4294,7.409084515512366
4295,4.6595742077784195
4296,5.068355629825824
4297,2.9492270881573432
4298,1.7985890329180023
4299,3.6567435341500287
4300,7.431431162980907
4301,5.065485942449439
4302,8.327845861543535
4303,6.380546347961258
4304,4.412585565453865
4305,7.15508498703048
4306,8.160810221928612
4307,6.600011204410361
4308,6.159599358753394
4309,4.84229931708433
4310,8.159127171760856
4311,6.531370348180485
4312,7.93889830844775
4313,6.215017309466071
4314,7.7989766997278265
4315,4.3938723097383106
4316,6.041512437086829
4317,6.7077308718864606
4318,5.959506693591608
4319,4.602646585363208
4320,6.150109247062897
4321,3.656501104930734
4322,7.732896982963397
4323,6.505244934700037
4324,4.274620928410397
4325,8.333649801929674
4326,4.915961479834028
4327,5.881165735448286
4328,6.809296304508617
4329,5.368577199178501
4330,5.193718553889398
4331,2.504167673665853
4332,3.4870114086169295
4333,4.260558222234378
4334,6.93530861480195
4335,5.498325920414968
4336,5.391301581212968
4337,5.1085792410848745
4338,6.8900996761940725
4339,3.867594403326046
4340,5.950601888935128
4341,3.5683635999700054
4342,2.766439683556756
4343,3.511910802611949
4344,5.155925204455388
4345,3.5635392357487095
4346,4.0104094191811495
4347,5.985160629370466
4348,6.587138087919699
4349,6.995844534345087
4350,8.552640707986663
4351,8.681064094896605
4352,7.551427731430635
4353,5.686544956309393
4354,4.870422676334098
4355,5.985198641660446
4356,5.72048504450485
4357,6.475009896403657
4358,5.945737453372542
4359,6.426713320781643
4360,6.670268681555713
4361,6.320686675935361
4362,8.419408844434248
4363,3.287089188296357
4364,7.416856929938583
4365,8.818230936324062
4366,8.07335542454933
4367,4.366753542622025
4368,9.788478152924908
4369,3.60270598659783
4370,5.040778209059316
4371,3.2831437206990044
4372,2.7186410753289048
4373,8.510528115016038
4374,5.000547410450927
4375,6.258776808913684
4376,3.145338265679587
4377,6.9453288091401495
4378,6.959487136683052
4379,5.912047435804492
4380,5.334854536041658
4381,5.745730201874396
4382,6.098038961432993
4383,5.374016085203291
4384,7.709127023040008
4385,6.762627690499621
4386,9.876222052055784
4387,5.610619140100471
4388,6.861064216015624
4389,9.05582697721546
4390,3.842732524924835
4391,5.616397202714441
4392,9.089102055272198
4393,5.4009087390109505
4394,9.426175992070677
4395,7.033411092551574
4396,4.819191995097635
4397,2.1009406342210535
4398,9.178111744034913
4399,6.755491729082515
4400,5.827111716791271
4401,3.785513003433128
4402,7.1197544179071155
4403,4.73782825176906
4404,9.561695772605363
4405,8.24173926656392
4406,2.197436736000013
4407,6.924659635209923
4408,3.657261950992896
4409,7.040062136097611
4410,5.04597498038689
4411,3.5517495496941054
4412,4.192947900334147
4413,1.940630866179691
4414,5.499163308232006
4415,4.061351877272038
4416,5.231667030090623
4417,5.796069853358117
4418,4.835343467388702
4419,4.226580763624129
4420,4.683648836690301
4421,7.030533340025762
4422,6.544823897322336
4423,6.990844996475903
4424,4.845264494110156
4425,5.723180897585272
4426,8.523662212633358
4427,4.103328907898778
4428,4.955088589178884
4429,6.234322217700221
4430,5.329279791370581
4431,4.035989880231845
4432,3.5630229145551158
4433,8.28434445553602
4434,4.811710263775074
4435,6.668041990762282
4436,5.817238457828394
4437,2.1689873349106494
4438,6.76662941153443
4439,6.069927215943497
4440,7.998666566721331
4441,9.020257552779936
4442,6.588523930111055
4443,9.083210635442596
4444,7.252714329150142
4445,4.359534312744937
4446,4.913308081216327
4447,6.388508708939815
4448,5.667969276649998
4449,5.150446662668548
4450,3.5389737887784016
4451,7.010958216851892
4452,5.587683060165686
4453,5.893061255049487
4454,4.347978130643259
4455,6.317746751069513
4456,8.04216535726963
4457,6.70145302960626
4458,5.008805216018923
4459,9.201078889711953
4460,7.785606732908889
4461,6.945002784416802
4462,3.971451486444222
4463,2.8491757070813195
4464,6.033669011586511
4465,4.919998582304677
4466,7.855198964417216
4467,4.40811586891296
4468,6.8164958244089755
4469,8.81349643683163
4470,5.998901358568114
4471,7.72571571547194
4472,3.7223535733881956
4473,1.302991781361905
4474,4.771701450629689
4475,5.182568295660597
4476,5.822370697496403
4477,4.263027696403473
4478,4.118590778089119
4479,6.985866644236637
4480,4.838351358524812
4481,6.8989485462029085
4482,5.434262407374897
4483,5.291402246260542
4484,7.830914284975423
4485,6.920025393837198
4486,4.918483387095335
4487,9.517793291175296
4488,5.608007742867657
4489,6.387025877040818
4490,5.805114392316981
4491,5.564084705638765
4492,9.130379772928878
4493,5.253062169824145
4494,8.206741830925543
4495,2.3261631263289875
4496,4.596278271620617
4497,4.753118500033861
4498,3.1580945558451314
4499,3.9532396385642046
4500,5.9457477371652425
4501,6.102206029317451
4502,2.3644006132321933
4503,1.8979467359652165
4504,4.576135681904151
4505,7.112529930053574
4506,3.3034296989147838
4507,8.507574132295344
4508,9.215327376740719
4509,6.330411195498515
4510,4.484402074608107
4511,7.105418104418723
4512,7.274156442213651
4513,7.182310226858869
4514,8.860953011384051
4515,7.857256118555059
4516,4.436917230970844
4517,6.5955720907363595
4518,6.799930068809182
4519,1.1128194998599066
4520,6.6802890050858785
4521,5.133529689492052
4522,5.203616896130711
4523,7.026167224791291
4524,4.4791548341453025
4525,6.884951274777302
4526,6.495174643912176
4527,7.7060227898532565
4528,7.44099992539106
4529,6.620182564173979
4530,7.208798204430354
4531,5.370296411082804
4532,2.9369597531832823
4533,9.378525626692403
4534,9.497059971722932
4535,5.412443874905648
4536,7.348070929041892
4537,8.012608674921609
4538,6.32264064214051
4539,7.101394691363355
4540,3.6493343669149825
4541,4.625504584717567
4542,4.194514017318392
4543,3.9682711362611123
4544,5.966473907501562
4545,6.071508488454631
4546,4.97768401929598
4547,5.833811258934781
4548,3.8099589639688896
4549,8.771574484137908
4550,6.762046909831979
4551,4.927304463670119
4552,4.586577507294693
4553,7.8020421200587835
4554,4.080563158059786
4555,10.0
4556,5.346712053676062
4557,8.521985528010095
4558,3.107257284233541
4559,8.269003434479835
4560,6.676420439407165
4561,7.112005102224194
4562,3.505238882398873
4563,4.224909320765977
4564,7.745304506452882
4565,1.9910430634395744
4566,8.186204144029059
4567,5.377642863092416
4568,5.431218440581808
4569,5.889561810439825
4570,5.427660223679699
4571,4.224959785701903
4572,6.433515701572724
4573,7.049029368606856
4574,5.989699601827109
4575,3.9278713172792603
4576,5.935223172291121
4577,4.492833500006812
4578,6.465387990132546
4579,7.58706637590169
4580,8.804384972227721
4581,8.716246605224866
4582,7.7154650963672875
4583,8.794442249760003
4584,3.862574204009582
4585,7.105475300812739
4586,7.597302560556937
4587,7.787458351146343
4588,7.985871568264695
4589,7.926696976036424
4590,6.020242761999204
4591,8.141779682621676
4592,6.992991443339893
4593,6.769175529498412
4594,6.05803720971137
4595,2.6302539187995824
4596,4.2740862859404825
4597,6.973970244945766
4598,7.202332033902219
4599,3.606639107429623
4600,6.884747469364547
4601,6.076267959109708
4602,5.793810085652421
4603,8.18599703533434
4604,5.700221397068437
4605,9.083736308138276
4606,6.24741738687381
4607,8.408360829441175
4608,6.89102675994956
4609,6.976983286021664
4610,4.316311350785941
4611,5.48006404928345
4612,3.7249415750674255
4613,4.510964337020484
4614,7.659340931239278
4615,6.932909327668839
4616,7.111689204897408
4617,7.737225775614532
4618,6.151181014546182
4619,6.846367450860619
4620,9.037990186994893
4621,6.670788508915037
4622,6.076134224219341
4623,3.9921146038654602
4624,6.021637787553456
4625,3.113665054258004
4626,6.7815300563726835
4627,8.920183287222835
4628,4.874702605672163
4629,4.696807610356858
4630,6.122391046860955
4631,5.185075915279101
4632,5.692177616537641
4633,8.639204262841973
4634,7.323672198271518
4635,5.514694531818652
4636,6.110245613354088
4637,6.36031233164766
4638,7.223502728085022
4639,5.178723128270764
4640,8.4839721642425
4641,6.574345598178154
4642,5.71596703577642
4643,7.083118610788877
4644,5.103432671223837
4645,8.621572419691422
4646,6.247592380538394
4647,3.3579717613196074
4648,5.630270391462443
4649,7.558802631972972
4650,5.547283183561668
4651,8.808016662333882
4652,5.921741352801846
4653,9.657745056840456
4654,6.656357490091258
4655,7.924558022428793
4656,7.110928163473405
4657,5.5332367899440476
4658,3.8236420579967882
4659,8.206152795126506
4660,6.586055850016992
4661,5.908723935043748
4662,1.80970201623596
4663,8.401279430939018
4664,6.4122288012828
4665,4.2111431859612765
4666,7.10499227840238
4667,4.828236794643688
4668,8.217339609309446
4669,5.264192288727438
4670,4.889567982283709
4671,8.194868429323137
4672,4.262325141327819
4673,8.31910332329555
4674,8.513604595399709
4675,3.5965442126486944
4676,8.028971482261955
4677,3.3877107907843804
4678,6.568958759810038
4679,6.187535327431912
4680,6.193239638264775
4681,7.134861718295254
4682,2.051485033760626
4683,7.750975382024681
4684,8.638687064276276
4685,5.782795516027217
4686,7.97557454003198
4687,4.282158878577956
4688,6.698824487469328
4689,10.0
4690,4.291256816377555
4691,7.28575204255168
4692,7.107094891127664
4693,7.857434827193598
4694,4.9538464518686585
4695,5.7417796157987055
4696,7.460471340004966
4697,4.312885104808525
4698,7.900644352133262
4699,6.810603955469544
4700,4.193211130568815
4701,5.02029546269441
4702,6.441581193077967
4703,5.056753244346512
4704,4.917398244904142
4705,3.653956314933947
4706,3.4389982124768386
4707,5.4566239326101496
4708,6.183149471882174
4709,4.770696455634934
4710,7.464756663889388
4711,5.18995096556899
4712,6.653514724347161
4713,5.039209651309488
4714,5.083544086154324
4715,3.70404666296559
4716,6.087980840553695
4717,4.654138821443981
4718,5.692788235533409
4719,4.121209538186447
4720,7.656866880124197
4721,1.807387169923852
4722,4.868278170573521
4723,7.691448929409851
4724,5.795119247699688
4725,4.574421498534517
4726,5.329527400661693
4727,4.578411995716658
4728,8.531070549338786
4729,2.377800419592354
4730,6.737787103961335
4731,5.478574437388099
4732,5.8942842340738775
4733,8.320572677257504
4734,7.001866353346406
4735,8.18423582671914
4736,6.862601529574187
4737,5.897689872195296
4738,8.911952366817234
4739,8.325028527275983
4740,5.509827467188966
4741,6.935968725689325
4742,5.423614630162276
4743,6.068905187166387
4744,5.944725403568967
4745,5.698648063721166
4746,4.095582662197473
4747,8.911238041936357
4748,5.354234833335972
4749,4.919069047639099
4750,7.7472674781825175
4751,6.352294622678767
4752,6.989178224592497
4753,0.6985013861885643
4754,7.120873208997287
4755,6.8678526042943755
4756,5.424660163582477
4757,7.943062445845958
4758,8.298912552323689
4759,4.475658684231018
4760,3.4301944484195337
4761,5.593228225625432
4762,6.630140683439856
4763,6.611876095018711
4764,5.014860282737481
4765,6.2225641059058185
4766,6.65075035801102
4767,5.438734504941414
4768,5.076075748451651
4769,3.239018535026973
4770,3.155497592948296
4771,5.950080290057956
4772,6.848316013364846
4773,5.876107612417497
4774,4.56255232917132
4775,7.166107713951034
4776,6.435516714223974
4777,6.713203579391828
4778,6.397565320878892
4779,9.120689808140607
4780,6.045021709322113
4781,4.494519949169237
4782,6.940959085101142
4783,1.9113344514504151
4784,5.120702829088784
4785,5.243299888365476
4786,7.404241177920291
4787,6.343192019112763
4788,8.927079255313885
4789,6.1614363135899755
4790,6.414477799439077
4791,7.548928996497415
4792,5.207111302243216
4793,6.486613105875009
4794,6.177835200054229
4795,6.6493543067553365
4796,6.004123057387519
4797,2.721777285760964
4798,3.3078740437152034
4799,6.3735444595362685
4800,5.0968777304658435
4801,9.393219349361257
4802,7.659114637719637
4803,4.834524008343707
4804,6.045090346721905
4805,5.844823451434048
4806,6.200265224268154
4807,4.9751423078306845
4808,6.154572017450718
4809,5.980078128201102
4810,7.107412201412606
4811,2.8960702579045554
4812,4.047627070118293
4813,7.020157488109895
4814,3.001509412592657
4815,6.451000253939634
4816,5.422150671907681
4817,6.5518578993324565
4818,5.984342823935158
4819,5.259246265461979
4820,7.3403306777095825
4821,5.669144448331365
4822,4.506936728595666
4823,6.803221575495813
4824,3.598757776323018
4825,7.7507630462245745
4826,7.3144891600962305
4827,5.0570910007832675
4828,7.523762754708541
4829,7.044628024751472
4830,4.8590045508427755
4831,4.659454408841398
4832,6.49358356072879
4833,6.175565033188643
4834,3.42083364002613
4835,4.405682396843769
4836,8.305208006005977
4837,5.301236613676149
4838,5.651952782214283
4839,7.199006719961112
4840,5.833665074398724
4841,1.8688699260826631
4842,6.973336364368678
4843,7.605230091524438
4844,6.782608653887355
4845,7.638784990182113
4846,6.687273631270196
4847,5.5314901143236455
4848,5.729666262854605
4849,3.4485043208735
4850,1.6974409733128637
4851,7.196810012011692
4852,5.805929714028368
4853,4.130830895526559
4854,7.267509233107364
4855,5.5994228973248505
4856,3.1325792587277275
4857,6.301618674763751
4858,6.253924249618723
4859,6.321783311020527
4860,8.566680810745762
4861,5.625080042486228
4862,5.336434150556311
4863,4.397178970013922
4864,6.676688765081015
4865,6.40146899662957
4866,2.0647981373675925
4867,3.6695461188768546
4868,5.995427732069179
4869,5.7844270315883435
4870,7.667670129569485
4871,6.681527389598297
4872,5.514247930180815
4873,4.719593662900487
4874,5.461026963547497
4875,6.96695362181644
4876,8.846999125695506
4877,5.747485520829661
4878,4.633239601484379
4879,5.69318464011093
4880,6.789495249573826
4881,8.802066078773015
4882,2.832906338331544
4883,5.119073146535745
4884,5.653713297772437
4885,7.315570287786651
4886,4.916018545333197
4887,9.55905813632425
4888,8.300603414818326
4889,3.998437801087336
4890,3.6495069615291835
4891,5.245131413996346
4892,5.398399238571441
4893,5.011511565423928
4894,4.86127604142855
4895,3.770078154585802
4896,5.670983915085373
4897,7.956941850113676
4898,7.625642921205374
4899,7.128409557992233
4900,6.9365206758186755
4901,5.073447382816876
4902,6.273524824537593
4903,5.34332901874574
4904,5.56767495877922
4905,5.958841777810073
4906,5.523638340624915
4907,8.320170668550766
4908,1.9771063702818925
4909,8.010789587935468
4910,8.472435159209553
4911,6.362384503831211
4912,6.061020564183964
4913,6.783963436610059
4914,7.310705042576873
4915,5.67199423689985
4916,3.9654247180306452
4917,5.571434542302168
4918,4.0514276438656065
4919,7.119418122450719
4920,5.90225503724381
4921,6.556538919989912
4922,4.8706470169805325
4923,5.428550633537517
4924,7.870609466984448
4925,2.947311381038978
4926,3.1282455472535005
4927,6.104891069740873
4928,5.8652852102554025
4929,4.752907354049011
4930,8.287562171846668
4931,5.444952752794651
4932,6.646825224093555
4933,7.960044303770627
4934,4.71407228940563
4935,7.638097425314367
4936,4.992239721801229
4937,6.880368973825479
4938,2.571198868940314
4939,2.184684140473439
4940,6.094537983119847
4941,5.040504857625479
4942,4.331983046670432
4943,6.23147952090021
4944,9.119919757529024
4945,6.418679026755624
4946,5.5020642306677185
4947,7.739645578456111
4948,1.2472936619022348
4949,5.803139729733189
4950,3.157535619567291
4951,7.841086434780881
4952,5.388890555521233
4953,6.179579001573383
4954,4.9200998227187345
4955,5.572636955002706
4956,6.45735996905757
4957,7.6361667801181765
4958,6.779417210567121
4959,3.1878841935264854
4960,5.646621654192543
4961,2.8117945537227405
4962,7.8112197239997
4963,5.990156988157895
4964,4.417577453368814
4965,7.352674036292515
4966,7.262356001792952
4967,7.451725289755148
4968,2.4631585211348903
4969,6.300732183405503
4970,6.913034115382562
4971,5.343325754906088
4972,5.011306760694015
4973,1.438735930099372
4974,2.985136672459304
4975,8.083652996901668
4976,3.311499840066875
4977,7.878436357132898
4978,5.784776101870557
4979,3.1849659810929807
4980,6.102309644365509
4981,6.090652304867307
4982,6.812599957561228
4983,3.8845141885810195
4984,7.975417700997752
4985,5.082489993424221
4986,7.317064062710151
4987,3.9641815726967917
4988,3.0318551656396835
4989,6.863398533885018
4990,8.164649520435834
4991,6.369227438299096
4992,5.382282889790271
4993,8.061535731607774
4994,6.52632343473012
4995,6.774240882186544
4996,7.072278814854819
4997,4.865874700047844
4998,6.119565897134771
4999,7.2783500824866545
5000,4.936116224141946
5001,3.5219607866857614
5002,5.240584791755615
5003,5.52114439476398
5004,6.1120012094576195
5005,6.912911411763719
5006,4.906451771480503
5007,8.167909972264884
5008,3.8932591611195853
5009,6.369930899384704
5010,4.41051092467699
5011,7.070046211173672
5012,7.965835049893632
5013,3.560911564028495
5014,4.393765597533759
5015,5.997997998703011
5016,6.537935110739761
5017,4.859358092280138
5018,6.284463174474693
5019,7.083993131567126
5020,7.328407793785937
5021,8.722588301189045
5022,5.575776473985359
5023,4.948208624951933
5024,6.715622750999719
5025,3.769809515439132
5026,7.299886412091803
5027,6.144601697304619
5028,5.24288438469202
5029,4.9484608180113785
5030,3.5975053657494898
5031,7.1401246895416515
5032,8.812859507331053
5033,6.524740374337686
5034,9.235823302536673
5035,3.42292581861327
5036,5.365057688521345
5037,7.38276563371754
5038,9.558801543750931
5039,6.452462901977622
5040,6.079197003685022
5041,5.068223799929953
5042,7.391826417497515
5043,8.230221469232335
5044,5.44465355900283
5045,6.470722498569613
5046,4.0838020246664675
5047,4.268425020902137
5048,4.801926722652518
5049,8.283585103092062
5050,4.228095243288564
5051,4.050033326004451
5052,5.239189902616612
5053,7.475434374862018
5054,3.151873353821601
5055,1.8791202822491264
5056,6.638093225743199
5057,5.993961690451128
5058,5.65701437365943
5059,4.706884899513181
5060,5.619545835447233
5061,6.392698601485222
5062,6.935156758454535
5063,2.232976818984322
5064,8.917345264945558
5065,7.64196185207886
5066,5.7903592428584085
5067,6.403591917372775
5068,8.83247609560593
5069,4.355960551534795
5070,8.39858747663375
5071,7.571985219940635
5072,6.936752295799577
5073,7.609043999796833
5074,5.295936848495004
5075,5.1577482693240615
5076,5.881280640223794
5077,4.129771951999062
5078,6.220475976673851
5079,4.029636080816752
5080,7.396639610227035
5081,7.6130974012337385
5082,4.413781108714959
5083,7.193757829762791
5084,4.373159140927916
5085,2.3672073132538043
5086,5.675291297759416
5087,3.596300734277455
5088,7.62868808180891
5089,5.814797333350018
5090,5.809903768805414
5091,6.0256598978733065
5092,3.6523886993135957
5093,8.133793424992108
5094,4.735947798956891
5095,5.081033856304888
5096,0.5045691835277494
5097,4.365262989458361
5098,5.500272182445954
5099,8.544451830071596
5100,4.498286076901324
5101,5.960486356485008
5102,7.728506926409125
5103,5.700215396815837
5104,8.498210596496978
5105,2.7916983370118142
5106,5.709475055104241
5107,5.838191610453546
5108,4.696260020921346
5109,5.334795819025858
5110,6.1760141887726245
5111,4.846193100614065
5112,6.654781850709632
5113,6.109065721730489
5114,4.393746823626637
5115,1.575489882638328
5116,8.88476923734283
5117,6.19695145875906
5118,4.859788722542034
5119,4.3029309472056525
5120,6.3753402283966345
5121,5.8884485699213505
5122,7.374374389669438
5123,8.340083307634687
5124,6.4248131734805245
5125,4.188338239469558
5126,4.024759629103741
5127,5.6309260684166755
5128,5.795167910404849
5129,7.80727395784893
5130,6.000512174044367
5131,8.49629932289912
5132,4.120375903259446
5133,7.922358291777413
5134,4.38570679620932
5135,3.2863288125871803
5136,7.400981716625886
5137,6.310915137977349
5138,9.492846035967153
5139,6.000526538555095
5140,5.069349500315637
5141,0.0
5142,5.588955964129243
5143,4.831208954255997
5144,5.318090557577329
5145,6.955955388854302
5146,5.298279104642207
5147,5.146249175653875
5148,5.831333497700621
5149,3.6200380796415312
5150,5.55920358798472
5151,6.956696847371797
5152,8.499365684055192
5153,7.109827356112366
5154,5.813519645146552
5155,5.36107784791969
5156,4.8657395054337655
5157,7.441942818354835
5158,4.667096048811385
5159,5.089372023086978
5160,4.019208143467064
5161,4.179474736136379
5162,7.863604391883488
5163,4.810073188498219
5164,7.861982185241082
5165,8.137052779852466
5166,7.668852375193411
5167,3.468552118216272
5168,9.85143113842143
5169,0.9831426463223109
5170,5.951362361719005
5171,4.262123833029769
5172,5.7870261767250355
5173,5.529053163487976
5174,5.669255435537783
5175,5.064160132418202
5176,8.12562534787768
5177,9.07747820265851
5178,7.968611159210956
5179,1.1103914486377522
5180,6.140706669202239
5181,1.1340012637693027
5182,5.964344027752065
5183,6.694994109020473
5184,7.150622797930951
5185,5.187285704548188
5186,5.159007396752008
5187,5.9002164892151745
5188,5.322515243258627
5189,2.676327371196236
5190,6.039321051282336
5191,5.6772423382193855
5192,6.257239578040006
5193,7.681182135364797
5194,5.306157560655914
5195,3.634150636340404
5196,4.526670066130104
5197,4.3017422292742165
5198,3.4690568733449
5199,5.59582660708435
5200,5.297007711919455
5201,5.957080356939127
5202,7.3649957407207784
5203,3.250904820359696
5204,5.433892151143651
5205,8.931439123740788
5206,3.011714384975523
5207,6.9680914248784545
5208,4.531940210307774
5209,3.410717743710555
5210,7.038051391794524
5211,5.255794314318855
5212,7.61695742700029
5213,4.640289696002876
5214,6.797237681371127
5215,8.83104388611551
5216,8.743899810004534
5217,3.261456329375916
5218,6.985985670730005
5219,6.261794002289455
5220,5.938362703048487
5221,6.606818935872427
5222,2.7664579229352246
5223,6.212359678685785
5224,7.32624219837272
5225,6.4400978222042
5226,3.9901467249229734
5227,5.0843147425520465
5228,6.9822604172852065
5229,6.437980654943289
5230,5.4921726041800225
5231,5.833843331688537
5232,6.83132490916912
5233,3.4928694911566343
5234,3.7761955922324004
5235,7.7154616586744025
5236,5.563092792382722
5237,7.327945901546061
5238,6.698131912401194
5239,6.667585648610772
5240,4.706576614059042
5241,7.402398514239635
5242,8.381348146892798
5243,3.98441267198675
5244,6.011083939359288
5245,4.853547222093622
5246,8.043756120781014
5247,7.8341924915384205
5248,4.313842689564622
5249,8.377608221404609
5250,6.935118814038984
5251,6.541431255080475
5252,6.159808100513515
5253,6.904750747401195
5254,3.6569836982231134
5255,5.720611926593518
5256,7.364224501949204
5257,3.458467902890309
5258,6.969826130022828
5259,3.75284135667019
5260,4.399057982126154
5261,7.682199981443487
5262,3.653478348048285
5263,6.522418716655235
5264,6.730642980985462
5265,7.198555307169186
5266,6.357125488675515
5267,6.730408504192665
5268,6.092200123070771
5269,6.029609656449597
5270,10.0
5271,6.3556001337919765
5272,6.745198610226405
5273,4.869014854916204
5274,4.764159617162385
5275,3.2711537281635183
5276,5.037488471007626
5277,5.90741687615886
5278,7.752038865687879
5279,7.5094093917696805
5280,4.679451466625039
5281,5.738904514893869
5282,7.860595670987656
5283,2.5155969828619735
5284,4.766183607355613
5285,5.907170519258639
5286,9.069873383061188
5287,8.595719314834993
5288,5.920077083446955
5289,5.940540219956654
5290,6.532894387376458
5291,5.752729757982938
5292,7.291137311318217
5293,5.968850869529684
5294,5.3288870605680785
5295,5.336108837929436
5296,5.842019527381281
5297,5.880668984449187
5298,6.1704888541393315
5299,9.103037487754998
5300,2.162280732949629
5301,7.551442106475656
5302,4.3961328435585365
5303,3.191932933448964
5304,4.006537466185213
5305,7.955250365114335
5306,4.47519204684738
5307,2.0091237741110426
5308,7.942980442888529
5309,6.126749281210231
5310,5.122102788898287
5311,6.5005750860372995
5312,6.5839389899388125
5313,2.308816390053934
5314,7.03730098940971
5315,5.3993691788579214
5316,5.402773659038441
5317,3.9180380954317875
5318,5.4825291956440605
5319,3.8642658121257716
5320,8.138644099501633
5321,3.4198283341871307
5322,6.403894465835316
5323,5.063457676160333
5324,6.581090273925075
5325,5.551684127015003
5326,6.44156088180872
5327,6.1140020503568495
5328,5.429818706176504
5329,7.226024001225542
5330,1.4417134948782482
5331,8.081171281851514
5332,2.1030522618945935
5333,3.9859367318390895
5334,5.064728098253079
5335,3.4436122248245935
5336,5.9740649685314136
5337,4.600038946338316
5338,6.663721228190791
5339,6.369798730550756
5340,7.270286871917025
5341,7.715127940624336
5342,2.7454716160324373
5343,7.637757799097146
5344,5.5642261180030745
5345,5.552971463023862
5346,5.208673322841643
5347,3.5867816064285614
5348,6.413519573973279
5349,6.636281949597964
5350,3.647927791799739
5351,3.810462341513386
5352,6.4091899475002325
5353,7.006551265911173
5354,6.27358947154263
5355,5.7943568787959805
5356,4.9028303428288735
5357,2.7113032395377346
5358,9.23734826997234
5359,6.615073123468201
5360,7.2156242456767945
5361,6.401968990372745
5362,7.314974727721233
5363,6.64553026257223
5364,8.471830683600926
5365,1.2455034925009658
5366,6.730572181706471
5367,6.147537732907232
5368,5.3821918204760735
5369,1.867066962685089
5370,7.70430645946088
5371,8.264764849905179
5372,8.205177601197484
5373,1.875205038441438
5374,5.148748443360674
5375,6.418451454398214
5376,7.604602422979716
5377,4.9040104826739555
5378,6.1497297654248175
5379,7.1827093691433
5380,5.645349509246949
5381,5.338182499238185
5382,5.620849948215159
5383,6.646779954962642
5384,4.525973942117743
5385,7.41996323155064
5386,4.331388807027075
5387,7.960134363204537
5388,3.8287056060885067
5389,7.50566383119911
5390,7.162805787712266
5391,7.481078265922272
5392,5.966387708040741
5393,8.860530682156185
5394,6.07767529977771
5395,8.706243937846713
5396,3.6402097057853924
5397,1.6048115484993517
5398,6.583513025740287
5399,4.278573115073243
5400,3.2481241041457785
5401,6.642662087918227
5402,8.143742973613953
5403,3.0251516125016793
5404,4.4598148778267275
5405,7.791075100356639
5406,6.748212724219081
5407,5.749158125216524
5408,5.477966848282038
5409,6.75291107915762
5410,3.6818737817603724
5411,9.96941613840379
5412,3.6981981188201107
5413,7.150921851140831
5414,8.38416901374278
5415,6.758578381964755
5416,6.652464013351508
5417,7.590484009708924
5418,4.3217062514741365
5419,4.921783522965966
5420,7.484685531976287
5421,6.134807050527623
5422,4.036100289147531
5423,5.386605181524591
5424,5.14806338260895
5425,5.08048625187131
5426,5.498012702702139
5427,2.782991448833644
5428,5.997469931204908
5429,8.481416337326625
5430,2.476173322453532
5431,5.929645687946664
5432,8.891237028819424
5433,3.108969233641993
5434,5.804214218182725
5435,6.776177815147021
5436,4.254842212962599
5437,4.509281265638654
5438,4.135518062292522
5439,5.7805180867310995
5440,4.093186279967809
5441,8.903382513576462
5442,7.209875600922888
5443,7.432149495305368
5444,8.244051419871248
5445,5.725320121580359
5446,7.969449273075446
5447,4.137447683544164
5448,7.182051544921525
5449,6.941496096838808
5450,3.303015455498732
5451,7.106581106636835
5452,10.0
5453,4.7134514571970785
5454,5.023115162252138
5455,3.044966570800617
5456,4.345235061940323
5457,5.329220289009174
5458,6.757096781225628
5459,5.807908229729818
5460,4.185070534988616
5461,4.664172059307002
5462,7.119559491201705
5463,6.647700507784244
5464,7.037152720130509
5465,5.748787021555993
5466,5.193525370105585
5467,2.475621080781667
5468,5.078118401728284
5469,6.605525051684183
5470,3.1196712557328934
5471,8.795740601363903
5472,3.3886267314673386
5473,7.563535970068123
5474,6.233200098308677
5475,5.247376141300843
5476,6.126193909630193
5477,7.635660727955685
5478,5.713065084557929
5479,3.8809117571752134
5480,5.042299925270594
5481,8.843710878332663
5482,6.537506085477516
5483,4.8573227788546065
5484,7.082500045053107
5485,7.19026872085543
5486,5.902053219992045
5487,7.577148142224206
5488,4.543781542508468
5489,5.3253380652557105
5490,1.9966273894626174
5491,8.7872674483207
5492,2.578072288317936
5493,3.5434903990600155
5494,7.909250021486906
5495,4.30040551106329
5496,4.9024796878846155
5497,8.16660222401335
5498,6.769886010034379
5499,7.091700670350975
5500,4.94129794353876
5501,6.601034919256721
5502,4.171881545422741
5503,7.586824821368569
5504,4.304293813122504
5505,7.1853194998200545
5506,5.1337210963265925
5507,6.343658544962371
5508,6.375521217490774
5509,4.502429977014278
5510,7.838874433277023
5511,7.629280457945277
5512,7.423136559201092
5513,8.615790961016769
5514,5.864813716056673
5515,8.585548037669318
5516,4.738404614443929
5517,6.890190806988385
5518,4.385165268065761
5519,8.503518881112155
5520,4.611661400973322
5521,7.82452616035341
5522,3.9969504495139665
5523,7.008774229883516
5524,2.947481619929647
5525,6.430115473671366
5526,6.557164572230949
5527,6.531704837924212
5528,6.365926238680413
5529,6.284682726286148
5530,3.9041122534416344
5531,6.234073714844354
5532,5.709153306084657
5533,6.626600714804098
5534,6.451707876455865
5535,7.306443973967828
5536,8.854779079223189
5537,6.861334550476611
5538,3.663787848107963
5539,3.827811283831322
5540,2.8348855976579164
5541,4.870381376923241
5542,5.0137987261362165
5543,7.034587772849932
5544,5.644827311556207
5545,7.503262713193077
5546,3.977066013915718
5547,5.923819066600171
5548,5.582475627505417
5549,7.923621516021382
5550,5.431711741018557
5551,6.056256833027573
5552,8.135024110152935
5553,3.633626433463623
5554,6.125847004658851
5555,9.047139960207316
5556,5.993639667604538
5557,6.507025890143153
5558,3.314311314404186
5559,5.564296189389215
5560,3.9124330726661762
5561,4.206068491559442
5562,4.927631307323682
5563,6.649703935703341
5564,5.709470338683853
5565,4.69892102334723
5566,6.0426717462654755
5567,3.632431702148051
5568,8.394981044886258
5569,7.177174222491539
5570,3.5680017474672696
5571,4.256170272873919
5572,6.027361796442776
5573,6.044851390364501
5574,2.5785261156948223
5575,9.82381807237472
5576,6.455558650216737
5577,2.097921637429257
5578,6.110052139313829
5579,9.381891519999845
5580,6.286695568474799
5581,5.942241621497038
5582,7.035367314402631
5583,8.32216953335898
5584,8.283012882306457
5585,5.86293149405495
5586,4.900276411644295
5587,2.9346491558649785
5588,9.881250799346178
5589,6.911444724991454
5590,6.777901678465387
5591,4.772135920548249
5592,3.6800719632055747
5593,6.191086688242236
5594,6.489763205618229
5595,5.69230671650483
5596,3.863624372668141
5597,7.7496106811247705
5598,8.309470925513665
5599,5.890540673494363
5600,4.758878137324195
5601,5.01014029814142
5602,3.2495322182322193
5603,5.759021268025353
5604,4.9376190343977395
5605,7.085829976677104
5606,4.928183993646653
5607,3.5437918981636383
5608,8.54634979076534
5609,4.543911102501217
5610,6.996434541161976
5611,5.067867753246451
5612,6.737839726409536
5613,5.99099457751717
5614,3.5623368828382436
5615,5.90451535176516
5616,7.391109461730477
5617,4.047327511571025
5618,4.145612776119951
5619,7.096221427041833
5620,7.8867839146764585
5621,3.6098579378287305
5622,6.749006879777032
5623,2.7300328469261244
5624,4.783822613606065
5625,5.60801811328542
5626,6.56195902491619
5627,3.778454136596136
5628,7.7025545482890605
5629,7.513534951953969
5630,5.351802449334531
5631,3.0943193038168637
5632,5.3349035976919135
5633,5.960687047440364
5634,6.798041495969746
5635,5.738263981462647
5636,7.024836386424718
5637,9.622168002009566
5638,7.208208500227232
5639,5.532431681377123
5640,3.5683346985301814
5641,4.2996203406251405
5642,7.819552297533232
5643,4.530401967929599
5644,6.001191813145478
5645,1.5424382876418927
5646,3.6859529248743854
5647,5.0302748775179955
5648,5.124384809032068
5649,2.6414480586736455
5650,6.201437031691734
5651,3.281860421321417
5652,2.3271014601958915
5653,6.541733306589701
5654,7.224284360603241
5655,6.154060916649323
5656,8.81230166610382
5657,1.3512838963220013
5658,1.6970281581123723
5659,5.601605888667889
5660,7.038350392856632
5661,3.646412184110851
5662,8.002926689860502
5663,5.726366441430724
5664,6.024217621912293
5665,6.9108685403849925
5666,1.371706927507826
5667,6.947876623670786
5668,2.056994833045774
5669,9.057239029809132
5670,4.5738632563138735
5671,8.350495959085762
5672,5.908181621219425
5673,6.560932675163117
5674,3.488599128046139
5675,6.403015148019142
5676,7.436734111181924
5677,6.812553939989567
5678,7.192226023113464
5679,8.801474901614386
5680,6.887186952277081
5681,3.4965808325781764
5682,2.110937647852382
5683,8.155120795134687
5684,7.085066810020683
5685,5.658997360796654
5686,7.552298208131125
5687,4.475503170635993
5688,6.429843630924225
5689,6.5750893776295865
5690,6.620032218769734
5691,6.5634270277471645
5692,8.029560539846633
5693,7.0587785969729655
5694,6.3815686826477185
5695,4.644159497006517
5696,6.587340648476796
5697,3.697146188053429
5698,7.36589918224203
5699,4.84836982271039
5700,6.797136259729938
5701,1.651857573458845
5702,5.378678627403474
5703,4.7614880992831266
5704,5.715143250128694
5705,5.977391726400281
5706,2.4913337862412575
5707,6.891495855819064
5708,8.075532079218663
5709,6.7082622644916325
5710,7.177675531722593
5711,6.426955134415749
5712,8.723058593611608
5713,6.656067236575833
5714,6.313635026239727
5715,6.6485908347607
5716,1.389110602133533
5717,6.15542421130103
5718,2.95526515724953
5719,6.5433233411339975
5720,5.573522945998911
5721,4.110917501045773
5722,8.561273416035535
5723,5.158648379737543
5724,4.272401471642133
5725,8.324083741095185
5726,5.2841918768239795
5727,7.524824550910908
5728,4.877819232559186
5729,6.338148043977391
5730,2.9112275179823053
5731,4.348580535527084
5732,6.328932441878603
5733,6.630184869807311
5734,7.721718027862805
5735,4.783410253824344
5736,6.6860710562507855
5737,5.561208134557172
5738,4.794600050069775
5739,4.426800613206467
5740,7.352562767495614
5741,3.040234517580274
5742,9.78789124169214
5743,5.691109219918068
5744,5.24125356231289
5745,6.878941802405346
5746,6.330188263095787
5747,3.4041496564172946
5748,6.585300673617061
5749,5.135833910304669
5750,6.376606055420381
5751,5.445986908836831
5752,2.8652782799184346
5753,7.613064850803144
5754,6.244561172036228
5755,6.930190861251744
5756,1.9348816597620495
5757,4.525673447499909
5758,6.881592552522611
5759,9.033308205257942
5760,5.458105053277294
5761,6.325202393208664
5762,3.6927861822690073
5763,3.6639385233953035
5764,6.5619602556273176
5765,6.406042446808188
5766,3.96295782527014
5767,7.702767370605113
5768,3.258470397148898
5769,6.825847541604609
5770,0.09551578445619177
5771,4.823320951301612
5772,7.796698193743619
5773,4.964258470430089
5774,6.156141293119545
5775,5.3973047269183905
5776,2.8388205246250733
5777,5.916541843663068
5778,4.7112252674040045
5779,7.766605151002193
5780,5.327380575088422
5781,6.121889003306344
5782,2.590060790370361
5783,2.744146470900952
5784,4.5632368246862525
5785,3.004988055769674
5786,7.437457756193611
5787,7.305034001458984
5788,7.835859441292291
5789,6.27893006467795
5790,8.419365263557019
5791,4.482477582756221
5792,5.490631175780574
5793,6.879762952990405
5794,3.468321255795395
5795,8.562496382349416
5796,6.177348466558267
5797,9.336394725085206
5798,8.811567619824833
5799,4.017682571250738
5800,6.66889840897504
5801,5.194178414896505
5802,6.469095051142312
5803,8.257887148089825
5804,5.046532839515222
5805,7.781836991892391
5806,5.993010051206344
5807,9.402667290727567
5808,7.125875631186083
5809,5.770990761737113
5810,6.876378922049744
5811,5.3396849614698825
5812,6.526149503074538
5813,8.941478581523409
5814,5.130673177543808
5815,4.979358142356291
5816,6.7673953146696455
5817,6.966071948745088
5818,5.092650083339533
5819,7.253911411245001
5820,7.398784187756364
5821,9.272785744321192
5822,5.898407986670395
5823,6.640403090413412
5824,6.744149057583805
5825,7.338754676061788
5826,9.033600353878883
5827,5.003501141198336
5828,8.458500658824933
5829,5.369405608136907
5830,3.2534479652452055
5831,5.5658893716563504
5832,4.300871457686165
5833,4.212444651501958
5834,6.212256212452452
5835,3.015925681213974
5836,4.827958821882687
5837,6.070789148181544
5838,6.618899901668108
5839,8.19271551017702
5840,5.106080812657057
5841,4.625866667708577
5842,7.3750381166395105
5843,8.430330737137556
5844,8.68724860115092
5845,9.163700480549746
5846,3.257166523964331
5847,5.116178502339713
5848,7.184547920907908
5849,6.2822477696047825
5850,4.959799760172283
5851,5.596366588326846
5852,5.741847029835175
5853,6.778889272209588
5854,6.959226747801699
5855,4.456019961476943
5856,7.249217569147467
5857,6.246872442657473
5858,8.741932453545292
5859,8.074297390873443
5860,6.792792047034715
5861,5.897423748032591
5862,5.3964735491899285
5863,5.539703678854003
5864,8.030090428287892
5865,6.366877055235982
5866,2.5350392468325227
5867,3.4447749669099332
5868,3.707838081942459
5869,6.0479536097914774
5870,2.0991423719104647
5871,5.963160919499115
5872,5.939341098792908
5873,7.348120043947831
5874,7.060441316404276
5875,6.175037764519503
5876,3.824072061080457
5877,6.36249499986578
5878,5.649242263174967
5879,3.7854641822923303
5880,6.5090779061055315
5881,5.579659393386628
5882,2.7284920842434106
5883,4.6181796354553475
5884,7.113625025156965
5885,4.556324894108274
5886,5.658624789603379
5887,7.882991524393606
5888,8.998705349380643
5889,5.928003212733906
5890,6.87264233024002
5891,5.692965435867103
5892,6.813894642063466
5893,8.259279978148742
5894,5.654287116957239
5895,7.489908518844682
5896,6.119008348553731
5897,3.910358796535368
5898,7.238639101180402
5899,5.6325726623085774
5900,6.496970957921284
5901,5.8604939892021894
5902,4.373081028641533
5903,6.684125632697907
5904,8.767260262588232
5905,7.411111504309425
5906,1.4719730720774071
5907,5.535457458876306
5908,6.464652882612449
5909,4.335309718180146
5910,2.6410316572969283
5911,6.146094599798161
5912,5.87966874095432
5913,6.332961183949909
5914,4.151522065988991
5915,6.900591312968784
5916,7.430581460413024
5917,8.596083038520398
5918,6.7595307150975685
5919,3.8910596131353654
5920,7.650862957501386
5921,6.653072001118721
5922,5.920438260148697
5923,4.738758362238451
5924,9.994336941767305
5925,8.353685546475555
5926,6.0475651957006855
5927,7.388348373802399
5928,3.7911373587778066
5929,6.400721895693607
5930,6.6456858725066885
5931,7.394077852734907
5932,7.670723200722085
5933,5.035550220213596
5934,7.7416707655770995
5935,4.354874841656412
5936,5.95657914310281
5937,6.779959700482761
5938,5.0407032672519145
5939,6.82419686057137
5940,7.798935468320189
5941,7.233726809958156
5942,4.147131991630682
5943,6.303497706498343
5944,7.427148988079148
5945,8.85579864524579
5946,9.596672845570307
5947,4.879993717750568
5948,5.348499693834445
5949,4.659227008828455
5950,0.23638881729579383
5951,6.060873348212512
5952,4.336637068630667
5953,5.2387422677244695
5954,7.7757399769500655
5955,7.63964351962913
5956,8.705658277916799
5957,7.883586685328564
5958,5.577115229433399
5959,5.54968632080169
5960,5.265704025285376
5961,7.613120921106276
5962,5.117419088459331
5963,3.896446269397904
5964,4.639947429724621
5965,5.700681314201825
5966,6.353648561422709
5967,8.663682379564328
5968,3.0303545666847946
5969,5.236747872541057
5970,5.0865258015143295
5971,5.774425286875179
5972,8.525293193490986
5973,6.582979604310286
5974,5.790052394812865
5975,8.025832259566855
5976,7.2080023051584705
5977,8.954378589958912
5978,6.22049990796778
5979,9.380157786676852
5980,4.992133966040142
5981,7.0914340558966105
5982,6.700707641036548
5983,6.874055009818206
5984,6.401985770034069
5985,7.3005992930137475
5986,6.681455992782525
5987,4.827683845338802
5988,5.474930544529868
5989,4.726188429809041
5990,6.375075362763495
5991,9.256218351395523
5992,5.509344385355709
5993,7.8571612737160486
5994,4.299756874380135
5995,3.19510380837011
5996,5.659143541193969
5997,6.122910102128146
5998,5.793750343406246
5999,5.49697245297012
6000,6.421037060353707
6001,7.320120737129381
6002,6.181954000149389
6003,4.5852872885392175
6004,5.188900064136089
6005,5.972316629594924
6006,9.034735119829179
6007,8.269196418438513
6008,9.243870253902902
6009,4.989875793950214
6010,7.668659291393179
6011,5.959419265530151
6012,1.3635707967021242
6013,4.182257828010523
6014,6.02209943266
6015,6.298653858470488
6016,8.170868095648428
6017,5.579446134351603
6018,8.468739040860827
6019,8.210452741757804
6020,4.142714154016621
6021,9.282385052140954
6022,7.115214620098399
6023,4.179190656385466
6024,4.7470962297723664
6025,6.3662959628263796
6026,8.277030346083324
6027,8.443349363589215
6028,4.064486370952458
6029,7.977404796603296
6030,6.294823369515646
6031,7.473390239743419
6032,9.763044420223233
6033,6.6576363915050525
6034,5.040522330175185
6035,6.3066158372063645
6036,8.84234280891535
6037,7.863601497687269
6038,6.361140406589529
6039,8.189219879185707
6040,3.9942558440282214
6041,6.953292075383648
6042,7.464227639257412
6043,8.805190756299114
6044,8.252945313546496
6045,6.094873134131353
6046,6.454869858456409
6047,1.383684079023699
6048,4.108106112956597
6049,6.981668123587767
6050,8.400401073048748
6051,3.9578467793973533
6052,5.143611277612507
6053,3.357867219781089
6054,7.149663989949692
6055,4.997582373499555
6056,4.526468787936805
6057,5.666283291194536
6058,8.889121770304769
6059,4.679007836768521
6060,1.5914846463587229
6061,6.170503099781608
6062,7.516276910353627
6063,6.3970764574800425
6064,6.1071920861072515
6065,5.583910571495872
6066,7.035422261714313
6067,3.9640582016508574
6068,6.597360174910885
6069,2.1559810528291763
6070,4.064217608593766
6071,6.240224090670545
6072,5.387303116493366
6073,4.3620640759761855
6074,5.621697138086824
6075,3.5558947297019534
6076,5.851846130180958
6077,4.698619183629478
6078,6.313714600270023
6079,2.8037524581757425
6080,3.8741898980324043
6081,8.408702562163798
6082,3.282812129944062
6083,6.430075970286198
6084,6.753462789923504
6085,5.4324028618456515
6086,7.697449822251191
6087,5.553011260793716
6088,4.841879267799978
6089,5.995477019772879
6090,5.630924000920489
6091,5.1494959438324726
6092,6.279555518836583
6093,6.1549639998068635
6094,7.143125179276462
6095,6.647647259664464
6096,7.808159676604784
6097,3.8261072036713846
6098,7.4051483468576915
6099,8.152465204012694
6100,4.8361724800917445
6101,6.369533934139891
6102,5.564924426940117
6103,3.7934264026049416
6104,7.265912343277994
6105,7.858126157979894
6106,6.826921454501137
6107,6.447619782174301
6108,5.727820613906618
6109,8.715726970421155
6110,3.0974632247951375
6111,5.9275272510732195
6112,5.088067367905106
6113,6.409786304309629
6114,5.2675578431512955
6115,7.190979259777698
6116,5.0419495741745735
6117,8.349438985718761
6118,7.884383936508631
6119,4.62665245723489
6120,4.529513126246601
6121,8.404372126748322
6122,3.7238686639726013
6123,3.233805474203238
6124,6.962535420531637
6125,9.572632348903168
6126,7.670243460889051
6127,8.46864159507838
6128,4.440725548113
6129,3.3039738276244144
6130,4.782303277502409
6131,6.90021011036441
6132,4.574261741181835
6133,6.2413195056639275
6134,7.5973259998194695
6135,3.253405016106997
6136,3.832264107862663
6137,4.81334500482053
6138,4.504025665469626
6139,4.940983198101476
6140,6.129410007474326
6141,4.455041147044557
6142,5.763377819778521
6143,7.536435262770763
6144,5.684023341247516
6145,5.347295432948519
6146,6.9075581931418295
6147,6.700893538710079
6148,7.881919526166926
6149,4.593421344231498
6150,7.873480045741671
6151,2.768442804973675
6152,7.087841438205577
6153,5.680417958752643
6154,6.232269544262591
6155,8.989972828199463
6156,2.8074823882644893
6157,6.358936327282126
6158,4.974304941723006
6159,6.499481150986087
6160,4.932531592022285
6161,5.687347048782682
6162,7.317166526717297
6163,6.455784425998302
6164,5.308254511422265
6165,4.055936212462216
6166,6.732090491730128
6167,6.827873996535811
6168,5.896138399708357
6169,3.9307011941292256
6170,6.343624792569896
6171,4.657956650815905
6172,5.128666413324164
6173,5.563786964452915
6174,3.7256773036908366
6175,6.07363637367282
6176,7.820400280277917
6177,7.170017935767292
6178,7.620516879106397
6179,8.695183267491775
6180,7.31797077353822
6181,2.9023487955708585
6182,5.26682537097208
6183,1.929667863408671
6184,4.511436962923469
6185,3.776019185879268
6186,7.276848392206067
6187,4.486813633781546
6188,4.419328634335186
6189,9.492326796942233
6190,6.850560362841862
6191,6.4787576296471485
6192,6.092231413905987
6193,6.813427118302045
6194,7.27808265169472
6195,2.4119128604569515
6196,5.123586034330708
6197,4.497373489679043
6198,4.9000004981166185
6199,7.519109107515114
6200,7.545560233525334
6201,5.493792267576503
6202,3.830015106001797
6203,4.519245338926108
6204,3.653766984930074
6205,7.54029626488407
6206,6.836120355887596
6207,4.145335285264394
6208,7.9106433110751695
6209,4.38812751015602
6210,5.213285922740227
6211,4.8396033003763685
6212,6.101458715502169
6213,7.128610861838677
6214,5.964046959565426
6215,4.455355958178105
6216,7.730268191221427
6217,8.631449547914142
6218,4.486105533610542
6219,6.36739724971572
6220,3.622265963991046
6221,5.98876034000071
6222,4.652018679090002
6223,5.931290943252198
6224,4.534466536908253
6225,5.841227162759436
6226,7.345007953170676
6227,4.969602824594405
6228,7.105708175030037
6229,5.336083146560279
6230,7.631027374566957
6231,5.301401327140803
6232,6.10311528138465
6233,9.400945822903845
6234,8.085607059293176
6235,7.13651028725339
6236,5.503387832176531
6237,6.787640437687145
6238,8.652629653866654
6239,4.9973488551772665
6240,7.080461190752124
6241,5.222372674042
6242,5.733504871706511
6243,4.386928665977359
6244,6.207186100244916
6245,5.272449567153419
6246,8.169787664328327
6247,5.982933206948069
6248,8.966614037350462
6249,5.199904218573329
6250,2.8470645533215935
6251,10.0
6252,4.200420764340422
6253,6.420713824431519
6254,5.462047992531708
6255,6.909868348563302
6256,5.463336821171741
6257,6.269050471998547
6258,4.34809146168472
6259,3.314375151414581
6260,3.439094561663321
6261,5.944862726338441
6262,8.444678765660964
6263,8.467182867316197
6264,5.727607554434355
6265,6.808465256735557
6266,2.505304287610087
6267,4.838457587639981
6268,5.301280810318963
6269,6.354715479234333
6270,5.664839003303347
6271,4.310406783707836
6272,1.8928731457447476
6273,7.502260347508206
6274,4.411519438998725
6275,4.511561222621981
6276,5.370348234686164
6277,4.7512565795052195
6278,6.691635969579637
6279,7.321950641183634
6280,6.690705566487153
6281,2.6441208102982388
6282,4.921830349894131
6283,6.121692534111996
6284,7.081152281531004
6285,7.996121302566908
6286,3.9187843511429805
6287,5.611210885822356
6288,8.455756365188584
6289,3.528583220285749
6290,5.9602163639179775
6291,3.829664035351275
6292,2.8276356261016695
6293,6.105496642357024
6294,5.885930953638979
6295,5.511606767866738
6296,8.218788110418858
6297,6.690174679977344
6298,6.551418576697459
6299,4.542327258291668
6300,5.199356886600831
6301,4.8803974525943135
6302,5.78386398946365
6303,3.925776128211194
6304,3.443125101583371
6305,6.590876643525254
6306,5.95113245427378
6307,6.656952413016857
6308,5.070030771536238
6309,5.688299840611542
6310,5.399320735001235
6311,8.637311604008925
6312,7.2554298785481475
6313,3.140263780904653
6314,7.288599917377336
6315,5.228940916188322
6316,7.8126230485239665
6317,9.540609585832748
6318,3.377418316351169
6319,4.412865221360082
6320,5.195537682083276
6321,5.512459741829692
6322,8.089269087901481
6323,2.991782526313563
6324,3.6592222405001613
6325,6.958154090864182
6326,6.572529113941834
6327,4.353913890598932
6328,5.092944835298088
6329,8.701446597977197
6330,4.932653296569024
6331,7.142401012806427
6332,6.031982714273071
6333,8.01279999611778
6334,7.086720365607506
6335,5.896200858602898
6336,7.023268843976802
6337,3.0658807068199354
6338,7.4035372310051315
6339,2.9160901273849977
6340,5.699143800256109
6341,5.18778542442785
6342,4.887653035220454
6343,6.979263774936691
6344,1.616794292012915
6345,3.711005221602861
6346,7.05416435507348
6347,6.463075341090279
6348,5.456755826548076
6349,7.108065241588512
6350,6.755029113908154
6351,7.537319201851481
6352,2.476071915512514
6353,6.909342504681931
6354,9.084978198945052
6355,7.291876192861123
6356,5.384390060993609
6357,3.9107269434778535
6358,6.329396742762186
6359,6.588582801781544
6360,7.478227221195837
6361,6.066364391575796
6362,9.228775898862997
6363,6.8691972388413856
6364,5.317708157660605
6365,6.525633200753484
6366,8.200262494475627
6367,6.522385988157146
6368,7.7714373411010085
6369,7.918462795819826
6370,4.548244528645862
6371,8.306214715891453
6372,4.074454261912123
6373,5.732106975131613
6374,9.141356312053066
6375,8.86644169646065
6376,4.5722026684447945
6377,4.3933354729745435
6378,3.847578212403041
6379,9.100223675459217
6380,4.720267813993673
6381,1.8048908225229907
6382,2.51237559478219
6383,6.648140345136981
6384,7.060442377297902
6385,7.862120018489485
6386,7.474530172585414
6387,5.438493050009883
6388,6.143503045300356
6389,6.446777255218112
6390,8.54103760858214
6391,7.086497435144683
6392,4.599420983674001
6393,4.812731586016632
6394,3.3060437107841265
6395,5.984435724921073
6396,4.429428471595117
6397,4.683574163443624
6398,5.823876600738439
6399,5.353425391761416
6400,7.055544489513376
6401,6.771943871861777
6402,7.502901117387709
6403,8.118637735333825
6404,1.0213351647631024
6405,8.4979730627358
6406,7.176507131182119
6407,5.479014046044704
6408,7.510706667309588
6409,6.4963977722796535
6410,5.320385076290675
6411,9.560425934278227
6412,4.554866658330968
6413,4.374871583229822
6414,2.2958019882496132
6415,4.27870383220376
6416,1.8828497975057885
6417,4.498739899179462
6418,6.497669160518973
6419,8.788067285842793
6420,5.972149519463011
6421,9.267539056611325
6422,7.892230365025183
6423,6.492698067309827
6424,9.631326955637688
6425,8.065415941320165
6426,5.018282903432918
6427,4.882505498013821
6428,6.615835285013375
6429,3.3945143559621807
6430,6.280539700265799
6431,3.617886147629744
6432,8.060360300798509
6433,3.184711049561606
6434,7.319378603177338
6435,8.385758522404394
6436,4.740631780951431
6437,6.835278134598561
6438,7.5595141583575565
6439,6.153335700013847
6440,5.899061858021307
6441,6.391027489667851
6442,2.495508620260787
6443,4.373523088302986
6444,7.493127306242481
6445,8.103501108929496
6446,9.523056047960281
6447,6.048827783824873
6448,4.879775396497812
6449,5.31344516715257
6450,5.94702415729282
6451,9.09080769390809
6452,9.816416253325729
6453,4.288999846792652
6454,6.33247236711678
6455,7.251287688946431
6456,5.670073076860404
6457,8.03133579261806
6458,4.494020460174044
6459,3.191003584870374
6460,6.269167885291126
6461,8.130166727364102
6462,8.011464273237813
6463,6.398272335506075
6464,8.074045709299607
6465,8.48037685911046
6466,4.908881860299828
6467,7.395633887562985
6468,3.962940241512188
6469,7.183353495983017
6470,9.020253285881877
6471,7.1604743042341505
6472,4.948813535856165
6473,4.043002327594918
6474,7.330675217831403
6475,5.247031925113308
6476,5.113712941888848
6477,8.28285728404588
6478,7.181092655675927
6479,8.398483576657911
6480,7.816634468995655
6481,6.345417067002982
6482,5.0623927545001965
6483,5.902268409919768
6484,5.838836250732908
6485,7.642839509571428
6486,5.297611535850489
6487,4.051968193142271
6488,9.973388904745633
6489,5.590740172393275
6490,2.80453864136459
6491,4.703318290200075
6492,6.072540558807897
6493,2.892927814556427
6494,4.538124564236747
6495,5.591490810962267
6496,7.2007369146494655
6497,5.904645875795972
6498,6.010395502353611
6499,5.786429065987529
6500,8.807086187353823
6501,2.8311426585320874
6502,2.6452204959076173
6503,7.821550706758793
6504,9.047509170857365
6505,5.077138847918747
6506,4.265594158012889
6507,6.824254533004682
6508,5.36327410888877
6509,6.217968301601069
6510,6.74914942649568
6511,7.570847669727852
6512,6.685821243846403
6513,6.394176056698498
6514,4.115016952927681
6515,4.124676161364969
6516,9.47306049266116
6517,6.115621282993738
6518,4.9394433937532085
6519,6.558472031128642
6520,7.3209215459453505
6521,2.879891300827508
6522,3.6431432709326
6523,3.214496781371116
6524,8.265909733217713
6525,7.698496697772721
6526,8.40778105139191
6527,4.3649235152556765
6528,6.29985573485539
6529,4.255285662006492
6530,6.463545073305933
6531,7.544481602253287
6532,3.2385982153226984
6533,8.622979047019198
6534,5.351566708304798
6535,5.881834304625157
6536,6.95841886543822
6537,6.410923321369722
6538,4.689935904818071
6539,7.033269046375084
6540,6.506375946586582
6541,6.524203374721975
6542,4.267148054932742
6543,7.253303305073322
6544,6.975064604121297
6545,6.167102214736145
6546,7.969766837377546
6547,4.458044987446707
6548,5.837407082118979
6549,3.6412832613628074
6550,6.530665154969077
6551,3.351175328024094
6552,4.936936283236646
6553,6.620335020058503
6554,5.820737470171946
6555,2.4439662290180735
6556,7.4027763831208775
6557,2.657471046641228
6558,7.014372039831422
6559,6.790576848466238
6560,4.292896246987138
6561,6.425955595071017
6562,5.521821878719892
6563,5.749257606334822
6564,3.328795850072329
6565,4.585701360141176
6566,9.030191325549023
6567,7.822794010308221
6568,7.169347366393111
6569,2.820469548915241
6570,7.287540226212278
6571,7.608565698699533
6572,3.09483692292618
6573,4.409470133191827
6574,8.14098818108386
6575,5.775530619983735
6576,4.636783559879782
6577,6.712881160696143
6578,7.957378643542445
6579,4.640894782181073
6580,3.6220527566676948
6581,4.334331483846001
6582,8.476825077230528
6583,8.367527931860542
6584,7.986478275631554
6585,9.01505093526878
6586,7.357857864737195
6587,6.532464991635632
6588,2.4952453697116472
6589,5.733096999646215
6590,5.826482368724046
6591,9.145205461942696
6592,7.573716620075725
6593,6.590115242929799
6594,6.116861756941477
6595,6.892820848621624
6596,5.818293450558203
6597,6.246389992136769
6598,7.1834732674421
6599,5.4558750393963305
6600,8.058799509026791
6601,7.797639741326434
6602,3.995704999194861
6603,7.773533715643667
6604,6.84018950480979
6605,6.5230132020202
6606,7.594737553101186
6607,5.181460738366087
6608,6.924020047350614
6609,2.6910298123682477
6610,0.17583022103932855
6611,7.373311262099803
6612,6.572665814285182
6613,3.901400511999604
6614,2.537313032967855
6615,6.47551535905381
6616,4.924772355748503
6617,3.564184637385238
6618,7.475024162379472
6619,2.8273151550488334
6620,1.9457943235515998
6621,5.1714667685756455
6622,7.910842431206645
6623,6.73203209151449
6624,4.209347829868039
6625,6.839312535377848
6626,3.687114730058272
6627,7.666937888736324
6628,4.592731631988721
6629,7.745560634097638
6630,5.984735910890517
6631,6.907256509386089
6632,5.624267580017934
6633,7.857827341877668
6634,7.546496750841649
6635,7.469120651114912
6636,5.707628424037982
6637,2.0479192583811945
6638,4.607319769128669
6639,5.312384741805721
6640,5.630844143419156
6641,6.400284409497314
6642,6.210178531613859
6643,3.82339698887037
6644,5.842359245640141
6645,7.860462625627539
6646,9.067831886525685
6647,3.588559516973014
6648,3.7694533125492615
6649,5.858827469540228
6650,4.750176031214497
6651,5.4782066790018815
6652,8.527334137085886
6653,6.1241076689376746
6654,9.210094082700785
6655,5.886455123766772
6656,7.304900682462011
6657,7.427637626835804
6658,8.004913241104338
6659,3.4205325513293268
6660,3.859452106693024
6661,7.1455711443771
6662,9.139409221402508
6663,8.010166237104176
6664,6.618620626941729
6665,6.4357743461459425
6666,8.490535612556863
6667,5.976688762563984
6668,6.240766948357814
6669,9.552617879167608
6670,6.012549757241375
6671,5.40183643751377
6672,4.770965946044155
6673,5.989252489354102
6674,7.497155544795341
6675,6.514691936224644
6676,7.059003292321519
6677,8.92045971945932
6678,7.1977944378655305
6679,6.861882854981174
6680,7.1543265480486165
6681,5.50835487722078
6682,6.7464082477872935
6683,6.903743709671362
6684,5.7273624174860975
6685,6.371871213312811
6686,6.585038691841422
6687,7.28432926906225
6688,6.280149691635651
6689,7.34877170155514
6690,6.585700042206862
6691,6.276812113627242
6692,8.823551702312082
6693,3.996729627408867
6694,7.339969687551747
6695,6.6554833849116815
6696,4.252138602669006
6697,5.76460715018693
6698,6.221336713945926
6699,4.317557435471051
6700,3.7635651115432163
6701,4.276814035719476
6702,8.886656706964931
6703,7.771437475339929
6704,6.6137103661870595
6705,6.965110377142242
6706,9.428169786446087
6707,4.13366724017284
6708,7.976026266023543
6709,3.432016861043199
6710,6.442443955197326
6711,8.080274512249314
6712,7.427025455296607
6713,5.097349147709285
6714,5.793067938792335
6715,4.571077611381641
6716,6.989415633364561
6717,5.372206599760748
6718,3.5974364028521206
6719,6.518263888490424
6720,6.183937763737383
6721,4.005014332690838
6722,4.3342830114299575
6723,8.561863457649892
6724,7.872189435218499
6725,5.9253852713501365
6726,2.000368002589765
6727,7.559988690369434
6728,3.198077828580041
6729,5.232731519064796
6730,8.876312877700803
6731,3.926339436200552
6732,4.515922741740502
6733,6.964891829656024
6734,7.822420787121655
6735,3.758638307974405
6736,7.488474403077428
6737,4.991157362586666
6738,5.9625167719652925
6739,6.014752320522143
6740,6.9250536035113495
6741,7.497218711560727
6742,8.866523433168881
6743,5.576451517109217
6744,8.801831355051648
6745,1.55998104340329
6746,5.656315615132291
6747,8.009071017777124
6748,4.319498241282261
6749,8.848499487889715
6750,4.939166867349972
6751,5.409658563659632
6752,8.667484411755236
6753,7.019729185401745
6754,7.297794200625737
6755,7.084105248416053
6756,5.449763303695824
6757,4.6564950569178665
6758,5.320084295071272
6759,2.204451725107863
6760,7.282803179790411
6761,5.203877444374303
6762,5.750470588440635
6763,7.249667793286229
6764,4.271168577531625
6765,4.479737220252596
6766,2.653196591703837
6767,7.812063933566118
6768,6.768268784645328
6769,5.644846412927993
6770,5.8270452482736985
6771,4.17232390099062
6772,8.040723824333542
6773,1.4054997020083824
6774,4.496380589003491
6775,6.713963615139241
6776,2.8489207707474478
6777,6.480540414057134
6778,6.912961452589885
6779,5.622594823771905
6780,6.6227835375406015
6781,5.823598884837559
6782,7.098966088673059
6783,6.097345150853702
6784,5.054598794097146
6785,6.2861786909272706
6786,6.604175151582378
6787,6.824605928149673
6788,6.254230772891944
6789,2.786337473720097
6790,4.852116581246408
6791,3.8611979545277118
6792,7.008965972106886
6793,6.009526076923661
6794,6.54194333644868
6795,4.827395113191829
6796,8.024036769181835
6797,5.800156728482559
6798,4.686281589551565
6799,8.86990451553085
6800,8.049834526866455
6801,6.126983501450672
6802,6.108009946607971
6803,8.034328290455
6804,5.6256412214260925
6805,4.720688112926715
6806,3.1480387103619973
6807,3.400334662181928
6808,5.140215148240966
6809,7.128788454907704
6810,5.103889029540157
6811,4.576443887930639
6812,6.211209681563368
6813,8.789270400684751
6814,6.388783190254116
6815,2.8857182970883533
6816,9.418324292407295
6817,3.8665408126069285
6818,7.14316105256389
6819,6.110274432411933
6820,6.0534931309999775
6821,2.9526917699050084
6822,1.8847178871777683
6823,6.87568506095252
6824,3.5373264466948235
6825,6.054104486765143
6826,7.0697713688718355
6827,9.491589602646563
6828,5.64034529555178
6829,4.374094032485021
6830,6.072894764314345
6831,8.206502651703298
6832,2.4838978562063896
6833,7.424951142301916
6834,5.206593048557415
6835,7.08425290096693
6836,7.247406473096288
6837,9.90584231589015
6838,3.84043712025842
6839,7.502733317524394
6840,5.259083513657787
6841,5.981718127587006
6842,7.251255124376064
6843,1.9477558193360474
6844,5.812487831087209
6845,7.765044109993836
6846,6.381228559644552
6847,5.49829028609011
6848,6.665593897396322
6849,4.47269171383609
6850,5.0976837823083425
6851,3.354070279982813
6852,5.582880385244716
6853,5.519594929954375
6854,8.840129072731786
6855,5.586802850473189
6856,2.5164819178271656
6857,8.834909702769899
6858,6.915521855366841
6859,7.6196590368527595
6860,4.185994686133041
6861,4.582906683372042
6862,7.886605390132973
6863,4.559777794882009
6864,4.042769200637564
6865,6.874532642592625
6866,3.5454157325751887
6867,8.811942863939766
6868,4.667252938335366
6869,7.647558559453733
6870,5.398392207830857
6871,6.768410394772997
6872,5.578391031702913
6873,3.592187400819211
6874,8.92116457992886
6875,4.83602302548228
6876,6.3741302093928605
6877,6.574869137784093
6878,4.6149464270895955
6879,4.403758311303726
6880,7.504673031004137
6881,5.503073934428976
6882,5.985914215286846
6883,5.923730122770835
6884,8.478423905684329
6885,7.906569304609255
6886,3.9385264985966515
6887,5.448349351252511
6888,4.966399439133442
6889,7.973636831917248
6890,4.041794705976791
6891,6.599040198358119
6892,7.634324575142922
6893,5.736843332500969
6894,8.38347867938455
6895,7.3655782259473614
6896,5.263467682994693
6897,3.9756677872079638
6898,8.060363464824878
6899,6.829304760558137
6900,4.173235673210296
6901,9.834900599506472
6902,8.707170653882676
6903,6.6681272255914426
6904,5.170975721404041
6905,5.9695441522664705
6906,6.0165933524427455
6907,4.229709302210398
6908,7.818029005065648
6909,8.265153625821428
6910,4.257727006062505
6911,4.7520690971024155
6912,2.8880154766154305
6913,7.46275091151078
6914,6.601194140513369
6915,7.049998776192572
6916,5.291181694506336
6917,5.967556453401352
6918,7.2167335255892855
6919,6.502318588330156
6920,2.1908055637206045
6921,5.239730878117908
6922,8.508784831405787
6923,8.12172868656957
6924,7.228269969401589
6925,6.330597589724278
6926,2.4033476665765976
6927,6.182592818443652
6928,7.672479763596556
6929,7.506377845860158
6930,8.798801468053652
6931,5.380172231217852
6932,7.1793132214283055
6933,6.164864986429061
6934,6.199004641490985
6935,9.28793065398173
6936,3.3395052405329357
6937,8.556112283514246
6938,7.741039461955388
6939,8.143327426941575
6940,2.616581996021376
6941,6.454946843299828
6942,4.28879771400567
6943,4.0210235914167685
6944,5.056258163870824
6945,4.283306405222557
6946,7.205954006727933
6947,4.625313569102635
6948,4.516714912900428
6949,3.160502482851967
6950,4.630185639344627
6951,4.552360644931795
6952,6.246340492523671
6953,2.488682808139294
6954,4.075446208466468
6955,6.807583655697545
6956,6.521180939061784
6957,7.34779612209243
6958,6.033566392709812
6959,3.8912594172643526
6960,4.246754905105008
6961,5.7948228008039715
6962,8.141591836285706
6963,7.571225546401458
6964,4.1246544185718035
6965,9.934738158905512
6966,4.977487628398918
6967,5.3290990673263
6968,2.891201053664548
6969,5.5864230207943315
6970,7.290043437999444
6971,7.458714623395681
6972,4.383585547843639
6973,3.794709917546662
6974,4.546060884712752
6975,6.341634871340953
6976,5.841032229408042
6977,6.410379831093348
6978,7.60574033290044
6979,7.360748335154023
6980,4.07900993998736
6981,3.312878363378559
6982,4.463352813930026
6983,5.242789322898199
6984,6.533187269362901
6985,8.25188536545178
6986,3.541141933160239
6987,3.0935457570290166
6988,9.09616305142521
6989,5.576380543732775
6990,3.89774158329045
6991,3.096534399194853
6992,6.928093591983125
6993,4.218852278028446
6994,5.878029564439044
6995,5.177569541937395
6996,3.369048825988806
6997,3.8821596616744753
6998,6.820143666413655
6999,8.078195337139267
7000,4.108828678199217
7001,8.173209690816854
7002,6.767453847800784
7003,4.105361217145437
7004,7.9257564163092065
7005,6.177541020529432
7006,7.600683674175115
7007,6.7030928946481305
7008,8.20077474564894
7009,6.768416319092387
7010,5.9956534506576995
7011,3.4557680390552803
7012,6.828955242705677
7013,9.6161454990319
7014,3.3711368007307714
7015,4.601369279932562
7016,6.3405615088520255
7017,2.6988142861396223
7018,7.357282249554589
7019,5.576766063594867
7020,8.935753758756663
7021,4.327228165224805
7022,2.873639864176791
7023,6.2526443120906565
7024,4.646934015079112
7025,2.8944146799802715
7026,5.204668440341677
7027,8.00673480356149
7028,4.397408306094397
7029,7.387270979534795
7030,7.392407509955102
7031,8.112496433835929
7032,4.458512929717704
7033,6.396934766226136
7034,7.241290005838656
7035,6.154089995072194
7036,7.601624014106064
7037,7.388916417271332
7038,8.12841591805162
7039,5.936344850920305
7040,8.7741121931655
7041,8.450185401224749
7042,5.169133116396296
7043,2.9529120969948197
7044,6.243749794629218
7045,4.741341567107003
7046,9.222447860130123
7047,3.4232679178414
7048,5.390416200098304
7049,7.997438122765463
7050,8.988433526060097
7051,5.596254633549744
7052,6.95650816140759
7053,4.439879931508407
7054,5.088721822131688
7055,6.36773051063843
7056,4.633264009287474
7057,5.059701032712141
7058,6.930602833769867
7059,7.743995267297876
7060,5.327916992679587
7061,3.7755985461628407
7062,5.951387318413806
7063,7.729303672730588
7064,4.572765166925399
7065,7.156138817121319
7066,1.4102215419560868
7067,4.473459038259989
7068,7.047843627816213
7069,3.680151372996767
7070,2.9406763694721527
7071,8.314404782113382
7072,7.519936110456077
7073,5.096425261618044
7074,4.86875425535718
7075,8.900784660244598
7076,9.707119582642889
7077,7.892872128187826
7078,6.0526138510716585
7079,8.441656509355813
7080,5.056558969788814
7081,6.281541239423558
7082,6.9809227453708385
7083,4.420813309866551
7084,6.948642543763396
7085,3.5440179443299686
7086,7.998184740017714
7087,6.336227757898007
7088,4.258905750662133
7089,6.799596468965427
7090,9.44598915629172
7091,6.330323353624215
7092,4.827587504356764
7093,4.714857057845661
7094,9.01759547669583
7095,4.344011087220498
7096,5.014599499506846
7097,8.382900047297825
7098,4.661837624987097
7099,7.582411394532095
7100,7.08401545579344
7101,6.116627367986265
7102,7.975864016687149
7103,6.857350340341077
7104,7.753977877197962
7105,6.3108674131033355
7106,3.443305175107408
7107,4.968170377956488
7108,7.279548157911135
7109,6.382051732223462
7110,4.014319489957964
7111,5.600193189853244
7112,3.9968672025257437
7113,6.388219732679006
7114,5.935048442350161
7115,8.52710838757857
7116,8.455585226113554
7117,4.970936849201061
7118,6.317179008926719
7119,7.954099451065842
7120,4.788020338458196
7121,5.477137125569112
7122,4.686044540262358
7123,4.610547202579754
7124,3.7082866261954193
7125,5.432680930399003
7126,7.574096675559324
7127,5.329036659532068
7128,7.336825474842052
7129,6.5530468323445055
7130,7.387621082717488
7131,7.034723957691622
7132,6.9413812506466215
7133,7.179733425432972
7134,7.2710537493295595
7135,6.440854096719295
7136,4.231825108109199
7137,6.064156239544312
7138,5.069711059353311
7139,4.467645622662655
7140,4.2377198441456
7141,9.683940763357528
7142,5.702772891194205
7143,5.85230292216483
7144,3.2013027731016668
7145,5.546654194625477
7146,5.072309743212326
7147,8.06453741916503
7148,5.564946620419197
7149,6.961045048471611
7150,5.537144126255734
7151,7.787897525869606
7152,6.4423722134328925
7153,2.0298036366304495
7154,9.008894318759044
7155,6.752109199429013
7156,2.412505847895264
7157,5.154292334616666
7158,4.386176619730177
7159,5.560291966858747
7160,5.416117442534994
7161,6.57063723977781
7162,5.964440997715027
7163,6.899837252339419
7164,8.216074439019408
7165,8.61611126475548
7166,3.8043578259394044
7167,6.300933472640072
7168,4.495407792280761
7169,5.833445390344613
7170,6.255188101330019
7171,4.858321300291481
7172,6.263233600691559
7173,7.849901665761963
7174,8.849566467912405
7175,4.252005807523424
7176,7.212863717465198
7177,3.4064428784641367
7178,8.212251490821346
7179,6.787464789730429
7180,4.809380670996735
7181,6.819493152818302
7182,6.102661534268539
7183,7.318483280818437
7184,2.1500343845363417
7185,6.170842560680526
7186,7.170051821703782
7187,5.285508523588852
7188,3.1465931691807
7189,5.967838729427805
7190,5.605295780019766
7191,2.6823242485862684
7192,8.428130753464492
7193,8.309123250929465
7194,3.1893833445580615
7195,7.369767477768803
7196,5.915813715272606
7197,6.929838419261063
7198,5.990856439822716
7199,7.8648904231376875
7200,7.444913306488475
7201,5.204576325688053
7202,6.189020316530618
7203,6.120701052302759
7204,6.211987010280129
7205,3.536107806298358
7206,6.850000222557131
7207,5.950485372193315
7208,6.455627976400861
7209,5.8131751832199114
7210,7.307116844061032
7211,5.689009618933821
7212,5.835464147371479
7213,5.690298337992087
7214,6.105630295389104
7215,5.32691274550737
7216,4.313852666540413
7217,7.098455218302576
7218,5.959739857619401
7219,7.47322012357266
7220,4.264777932889302
7221,7.464057682715606
7222,4.815016242622174
7223,6.218545923804325
7224,6.002860398900225
7225,7.058404966677785
7226,6.4299164382568605
7227,6.180587180961723
7228,3.9794775492226533
7229,8.357617310885681
7230,6.810871712882503
7231,2.95522337265139
7232,7.436004958025754
7233,8.14444393465251
7234,2.6352284790190947
7235,5.439646964697031
7236,8.004564200579257
7237,5.782990358985719
7238,8.543293650731455
7239,5.66841576704586
7240,3.583934148869419
7241,3.7520357251203693
7242,8.362328465780628
7243,9.061115205278186
7244,3.383722984374282
7245,4.101187841803471
7246,3.9268178204947954
7247,3.7654036620295126
7248,3.984604978601508
7249,5.836738429385774
7250,7.795843561976127
7251,6.277429762538373
7252,5.638970754113277
7253,7.339692413375106
7254,7.59406887972794
7255,4.094775476887906
7256,6.656849461552375
7257,4.447085851163887
7258,3.2047597267446664
7259,6.113613032701865
7260,9.475297401415386
7261,5.741601517735867
7262,5.825649074459002
7263,4.620377953297197
7264,2.9492718197255146
7265,7.549411868963592
7266,4.41359075626286
7267,3.4029921720147085
7268,6.474822728931576
7269,4.838121540360856
7270,7.044149290132761
7271,3.9597284109593476
7272,7.225481410910599
7273,6.665141113876648
7274,5.389777518396152
7275,6.842909075089206
7276,5.990504127980985
7277,5.312943834981489
7278,6.0613794573576225
7279,6.1338736597551815
7280,6.584551419330516
7281,8.676917763136984
7282,6.021800107674146
7283,5.54867318688478
7284,8.538980453878695
7285,7.56414346721933
7286,3.127734163263337
7287,4.6490553789631575
7288,6.005946738976818
7289,5.009656146151546
7290,6.766651078064243
7291,3.9256483485319245
7292,5.564948008582438
7293,4.6732645454886415
7294,5.086682237414929
7295,9.333012197131996
7296,7.997963709057714
7297,6.970630925165492
7298,5.534656944249821
7299,7.258999507582222
7300,4.027359595970562
7301,6.937082309157423
7302,5.404084388353542
7303,4.922773147634444
7304,8.820345274088186
7305,5.68056437395934
7306,5.0308451615789425
7307,6.89124208504493
7308,5.173478245922196
7309,7.5687131849779705
7310,1.8446376990690123
7311,7.182776892791304
7312,7.3534632157047835
7313,6.1883028148480514
7314,5.610341984476451
7315,5.57085987383902
7316,4.47687972906108
7317,7.582568818489841
7318,2.5107904231185785
7319,7.039873870026405
7320,3.9019650264025
7321,4.304597847739227
7322,5.165976413835777
7323,6.371525541888097
7324,4.854928615103656
7325,6.417205404374973
7326,6.17606802985231
7327,4.057957292419749
7328,6.918109599569782
7329,3.33762184238845
7330,7.669821801608834
7331,4.008430682036469
7332,7.551897665370159
7333,7.787586488038028
7334,5.811744451469641
7335,5.872221417289492
7336,6.098143894234612
7337,4.00461051149132
7338,4.358689528784627
7339,5.555243558541881
7340,5.644788446922063
7341,4.472393800063817
7342,4.953792157069961
7343,7.562348564118718
7344,5.785715913639825
7345,3.503511854500097
7346,7.583833431333885
7347,8.131304633639296
7348,6.913404604319461
7349,6.341256271043315
7350,4.958732288704643
7351,5.322986648329261
7352,6.256908277967018
7353,5.336519417722217
7354,7.017150448902323
7355,7.411125004567347
7356,5.02413596879092
7357,8.815018932328922
7358,6.794549490378433
7359,6.280929168541235
7360,8.113918554965982
7361,8.996801062921964
7362,6.990000725997046
7363,3.2898560719766614
7364,6.718777037914056
7365,6.37282930951234
7366,6.190681264284115
7367,5.961258932892195
7368,3.7222142480937506
7369,8.294612147030325
7370,5.99641176055224
7371,8.682793663299355
7372,6.132087887740029
7373,8.578518510891653
7374,6.3862080045996725
7375,3.846032641879483
7376,5.325184475233027
7377,5.995516328521658
7378,2.994087554819524
7379,9.074218833808624
7380,6.893173832778913
7381,6.1033873572031565
7382,7.873679528759846
7383,3.086639787806425
7384,8.091624114581613
7385,4.729395208437195
7386,5.941570357715065
7387,6.059788492253918
7388,5.787237597981509
7389,5.056958402207458
7390,6.51468420119219
7391,6.78269618913366
7392,6.339621240778378
7393,9.26917092307698
7394,7.51872546120569
7395,3.470113926823742
7396,6.198256456457957
7397,7.998286312379518
7398,1.801396097661837
7399,5.1379516379557515
7400,7.856776539429209
7401,4.348768290875167
7402,3.2279212971010183
7403,9.730910817154415
7404,5.984047532780007
7405,5.221839826165093
7406,7.536926652216199
7407,7.412848285211993
7408,7.457428575474601
7409,8.250190681554697
7410,7.447571326660784
7411,7.716233056517384
7412,3.2353373267022496
7413,4.745261652164984
7414,4.728081455237269
7415,6.008631167990187
7416,5.73529794842375
7417,7.153592680803901
7418,3.9825247732549247
7419,5.924464233128575
7420,5.065863524198444
7421,3.6106981302619436
7422,5.848091741416457
7423,8.390173061156762
7424,9.401162360503365
7425,3.5508666253441725
7426,5.285010917186843
7427,5.424169980307721
7428,4.040497221266353
7429,4.016472204730246
7430,1.962922145629556
7431,6.0437240563139625
7432,6.515354307229144
7433,5.28209893151199
7434,4.629480807195747
7435,5.278255979942087
7436,7.6692293657175385
7437,8.95443340969034
7438,4.8602998390291825
7439,5.922288222752715
7440,7.9088044926712335
7441,6.479956884110059
7442,3.8090959832332367
7443,8.423611973500659
7444,6.1934827607439535
7445,7.88880668628277
7446,4.169743102163669
7447,7.9238715805254465
7448,4.886065198477072
7449,5.0099960730143165
7450,8.721007483822076
7451,6.296770462659362
7452,5.808891683603932
7453,4.201260950949186
7454,6.661454342238037
7455,4.218682791454341
7456,6.756407216737376
7457,7.49022413714501
7458,5.6049406790980605
7459,3.8468394134841386
7460,7.265099510623384
7461,7.898728951960588
7462,3.4026502736006976
7463,7.944335188346982
7464,5.828398498092435
7465,8.698626674968834
7466,6.761716836235514
7467,8.774868731744409
7468,7.0025915350496755
7469,3.897274121735985
7470,6.336474500123151
7471,6.302358433837001
7472,3.823324440706502
7473,5.897014305184193
7474,5.101466384270498
7475,3.1427325377070265
7476,4.740749478686673
7477,2.3033642651218686
7478,6.671149387130084
7479,5.093741098159144
7480,8.757131748340539
7481,6.559307812806781
7482,4.494556595987881
7483,7.390238744808929
7484,8.30080657860499
7485,4.984181870962457
7486,8.53598729681858
7487,4.925177021129351
7488,5.148078952884951
7489,5.4961567654228345
7490,5.148928726504543
7491,4.48463842994114
7492,4.568270163303469
7493,8.84623313201271
7494,6.3326260979322795
7495,6.929383493642815
7496,7.086308782231807
7497,6.134547309524529
7498,6.509024393964014
7499,9.217962254920343
7500,5.974723172926029
7501,6.301880698865491
7502,7.921595768562893
7503,4.532495447852275
7504,7.115068502589133
7505,6.352077925214678
7506,6.037963685514913
7507,8.467916145627441
7508,5.4666823307618575
7509,0.7788871163526601
7510,8.48751355642674
7511,5.2789115028546965
7512,5.6458519976690615
7513,5.483122396696228
7514,7.826665754473131
7515,4.857721058999464
7516,7.530207030136582
7517,2.772535178105863
7518,6.032307227059162
7519,2.9658855648517495
7520,4.558938926043272
7521,9.151675881074508
7522,5.266595937883618
7523,3.6359779441741233
7524,8.202075128275613
7525,5.872216160133266
7526,7.1863381942221665
7527,6.04441641995638
7528,3.379169391787616
7529,7.400185784208529
7530,5.364501437260577
7531,5.800889758350938
7532,9.178864175380355
7533,7.00290602791613
7534,6.960363975631765
7535,5.015815868851319
7536,7.613232178257819
7537,7.638925042296389
7538,6.373927403294119
7539,5.585684737130769
7540,6.026529131821342
7541,3.9452209846958732
7542,7.599168089277661
7543,5.608120071591914
7544,2.5981436573164594
7545,5.178317269220481
7546,5.6435608291164385
7547,4.37422939830697
7548,7.252545758288665
7549,7.560661948085497
7550,5.030807198178428
7551,7.767129691907333
7552,6.189812902262476
7553,6.774186721957409
7554,8.767308193353518
7555,6.641673955459524
7556,6.495650181257416
7557,7.967884823245099
7558,4.222841628570354
7559,3.0352081236078527
7560,2.373593302038616
7561,6.241032391390452
7562,4.570813204500468
7563,7.511222236107158
7564,6.435925286444259
7565,8.464729869833475
7566,5.351527775432479
7567,6.878914016841601
7568,7.05284476491789
7569,5.848807841202808
7570,3.3030165031049057
7571,6.5764506305837065
7572,6.7486543303295425
7573,9.54277603462727
7574,5.649629789422507
7575,7.313396800135579
7576,4.7996270634268425
7577,6.946896623975861
7578,5.679184470523805
7579,7.774304351432618
7580,4.143876157199318
7581,7.023609654634534
7582,1.7751303041902995
7583,6.212433032913529
7584,3.924871266900683
7585,6.393870001146034
7586,4.322964172052043
7587,6.338072383201161
7588,4.432850762477857
7589,8.41974576186261
7590,1.9425203798281332
7591,3.5058452622511984
7592,5.788191057815897
7593,6.611755265787261
7594,3.5720003296087772
7595,6.621356403219036
7596,3.419686813125838
7597,6.4312031147950135
7598,6.316291817894094
7599,3.87386178441677
7600,7.423947590660313
7601,8.716734315429376
7602,1.2310654629390305
7603,4.0316647285613705
7604,3.7620383240745383
7605,5.35877617703894
7606,5.950373854338801
7607,8.040405417323639
7608,8.64985999932193
7609,7.788372820919871
7610,4.663209313309526
7611,5.270305859958032
7612,6.601134333887994
7613,8.05418014793218
7614,7.1046212397965425
7615,7.976824009867424
7616,6.444898456978937
7617,7.00778141218145
7618,5.567003417763651
7619,3.2730828802150906
7620,3.971829058637851
7621,8.205435804236046
7622,3.7327973348093466
7623,7.336277812014053
7624,6.579250316977381
7625,5.330669475718432
7626,1.5396776863058095
7627,5.416519860915851
7628,5.665179854844427
7629,3.9762829815643386
7630,2.9643270073217307
7631,6.372595813440521
7632,8.109162147644234
7633,7.012971656329159
7634,1.5054099447415061
7635,4.813370123446987
7636,7.836336806547127
7637,2.3799191464256153
7638,6.572862480800236
7639,7.620016933347089
7640,8.36820014625471
7641,6.881837042240255
7642,8.879763456618573
7643,5.65718724317233
7644,5.748806173886719
7645,6.875463293168685
7646,5.5624860691088776
7647,4.4870219218712295
7648,3.1894627072876442
7649,4.045982272074603
7650,6.203983016013486
7651,5.544869652304411
7652,5.710634635691375
7653,2.9201449583541534
7654,6.241994187122394
7655,7.143348039043202
7656,9.51589461295685
7657,7.1375007855658525
7658,4.593808429727372
7659,1.2997588264678863
7660,3.946599179825869
7661,4.556866425146153
7662,6.578066931951321
7663,2.960216686400766
7664,7.514845642837007
7665,6.33654248296538
7666,6.079961877622163
7667,5.45630672782609
7668,5.209478985417923
7669,7.12787018483882
7670,8.646336873881008
7671,5.702588610398612
7672,5.910641300170333
7673,4.971693107781899
7674,5.35352370944452
7675,8.817965905136992
7676,3.3982376230177445
7677,5.241557515741038
7678,8.402866600124414
7679,7.857873483354819
7680,7.563938034574092
7681,5.557851885040856
7682,4.142492626867324
7683,5.280348281009516
7684,5.162518587311803
7685,9.530068086029663
7686,6.283799708091024
7687,8.776570713168436
7688,4.07434971325405
7689,2.883208881391272
7690,6.56267734088667
7691,3.8905554543092404
7692,7.775378743864541
7693,7.713274242889265
7694,5.293826328484553
7695,4.6405499394510965
7696,8.776893460745091
7697,3.3294397195808028
7698,5.20479744185767
7699,6.846163593745883
7700,7.203957528455316
7701,5.073804872842717
7702,3.577965107150756
7703,5.486693270252951
7704,4.9704976357092905
7705,4.356361797378188
7706,2.3000640368078167
7707,6.83313046060752
7708,6.585106824445961
7709,7.327493061621452
7710,7.131086406692686
7711,7.707615752584894
7712,8.12707605324626
7713,4.947229939885178
7714,9.728752289838283
7715,5.820236477576251
7716,6.91955929834627
7717,7.194942798016798
7718,7.929723763734605
7719,6.2339429289647175
7720,8.858601694335007
7721,3.424091612489344
7722,3.547148220267615
7723,4.220324219215035
7724,6.301689787558651
7725,5.707621830973879
7726,4.8464391391098705
7727,6.958818654306836
7728,5.2445144967479145
7729,3.0768022630462064
7730,5.949669313230669
7731,3.5584239962598083
7732,7.513430395618989
7733,5.738102759504701
7734,5.699111011765598
7735,8.69331126570983
7736,6.959146000313586
7737,5.512930333840879
7738,6.246501739921668
7739,4.459479476949842
7740,5.786429405238937
7741,5.530324392219134
7742,5.00261103514652
7743,5.212452658005039
7744,3.4676095685535278
7745,9.238279621721599
7746,6.268323076924021
7747,5.979934721575625
7748,5.932096827816495
7749,6.677239391000484
7750,4.219247123094129
7751,6.876597720685027
7752,7.987218539765137
7753,5.681902297090202
7754,5.055195826712053
7755,8.766089687021083
7756,8.214804188544857
7757,7.6672409682599305
7758,6.28485830048794
7759,8.781398677167733
7760,6.939334575570715
7761,7.715552438925963
7762,5.132922607879375
7763,6.287278877884229
7764,7.207543657105932
7765,4.993212613533675
7766,6.536717755817506
7767,4.943192503438543
7768,4.921342754327536
7769,3.8768072496063963
7770,8.972042937217443
7771,2.808299852097218
7772,5.281171198060235
7773,4.86634398140125
7774,4.821353497574205
7775,7.519955499012897
7776,6.373852522408805
7777,6.900860542283136
7778,7.943784090017813
7779,4.7432694859089555
7780,6.249994614708308
7781,5.890690782260866
7782,2.6878650397739783
7783,6.018018327969149
7784,8.347401316895652
7785,2.2318548283534745
7786,2.1599924134783968
7787,2.7367924005340627
7788,8.526718726493332
7789,1.912154364726756
7790,6.6079646983786136
7791,3.9943329741228975
7792,7.395840913562023
7793,7.856353294401345
7794,6.024024453757258
7795,6.860137371194862
7796,6.868374161929334
7797,6.181984790679393
7798,7.981831368623495
7799,4.8999109152901275
7800,3.882931035415098
7801,2.9860974686964363
7802,3.159016008566343
7803,4.762025239852592
7804,4.9975212351142595
7805,7.6581719527068675
7806,7.312948830010891
7807,4.767949438677762
7808,6.159610055478549
7809,7.723818243581738
7810,5.311551589836915
7811,5.102197195968644
7812,4.990056443531778
7813,6.355919626910876
7814,3.901248156380509
7815,4.669134716857569
7816,6.649926105086158
7817,3.3825868552329306
7818,3.6133033678861946
7819,6.216833358205008
7820,5.577209071912058
7821,6.809317488163898
7822,6.648036167277191
7823,7.394138504423137
7824,6.475122576620053
7825,6.298749771101539
7826,5.952577220536628
7827,4.206899646182808
7828,7.696855050006003
7829,7.578620182658418
7830,7.303238078530396
7831,7.2417292781467975
7832,2.687061838056748
7833,7.652722440781211
7834,7.8290896759985005
7835,4.448438307537951
7836,7.3835113327513975
7837,6.200919353632415
7838,5.316549524081057
7839,5.442467617836848
7840,8.588149309470332
7841,8.133143035051127
7842,7.794995073153177
7843,7.057695678813896
7844,5.13893271641946
7845,5.726104798676967
7846,5.729226338661386
7847,8.658731804036284
7848,4.813876580453136
7849,2.9781572194837667
7850,4.894749654701431
7851,4.37235272182407
7852,7.7688300217735256
7853,5.443105220225805
7854,4.575015593683742
7855,8.126668936353088
7856,6.673055746230624
7857,9.681477139498229
7858,7.116984863903422
7859,9.728630030251452
7860,6.505384935462211
7861,9.705751795456807
7862,5.321144526917726
7863,5.301022100472968
7864,7.483043310010638
7865,9.288632320525466
7866,6.606057406340046
7867,9.642413207649614
7868,4.73341403386221
7869,7.383530092124037
7870,8.53107504940513
7871,2.5973598930107045
7872,6.305488762677118
7873,8.032433414318989
7874,6.866588312797487
7875,4.136680793590152
7876,4.116261837123331
7877,5.600907217040142
7878,4.426551720262085
7879,1.8730300041065793
7880,4.216106634169434
7881,5.628388390514744
7882,7.675536681683636
7883,4.622874602667055
7884,4.045027590326286
7885,6.950180677832771
7886,4.809524402467444
7887,6.033187939608935
7888,7.367144956977248
7889,8.61276249241061
7890,4.244010901540786
7891,6.250266424252976
7892,6.226300539844754
7893,3.510929150448548
7894,7.415939157411005
7895,3.9726578670737354
7896,3.823370719910652
7897,8.752190218159262
7898,3.4875932185225196
7899,7.411846930168037
7900,3.9345690378272655
7901,7.114666931643827
7902,4.287999227601608
7903,4.352753615337012
7904,6.3148832633881735
7905,4.828959705197545
7906,7.757917444787938
7907,3.8043700212415947
7908,7.634362065230711
7909,7.997353177109584
7910,7.413489157056897
7911,7.2818520090381025
7912,6.142664111561349
7913,4.4314619968238835
7914,3.8653942918568127
7915,5.218780282671814
7916,6.754129523430432
7917,6.814128851161864
7918,4.326515442936494
7919,7.667572174033472
7920,9.07252938720954
7921,6.230420107284723
7922,5.055536600443561
7923,6.415898428572273
7924,7.954079083608885
7925,4.544938804046357
7926,6.264632917862855
7927,5.403464489521372
7928,4.9732689016727925
7929,8.62902757005202
7930,8.372075369139393
7931,7.533539040744881
7932,5.422853926082535
7933,5.149329374156787
7934,8.135740855136769
7935,8.36990022399374
7936,5.402179594922852
7937,3.670645434259474
7938,6.17933453213507
7939,8.10080737840948
7940,3.751542924744421
7941,3.9272518095907696
7942,4.520791623401396
7943,6.209842105196405
7944,5.841785289195886
7945,5.832888344932773
7946,4.58296106780098
7947,5.329535406829335
7948,7.477343673211579
7949,5.780120252569902
7950,6.712390328299414
7951,6.735145391530848
7952,7.976679682117352
7953,5.90544841833619
7954,3.570765764910737
7955,5.38326144038598
7956,6.6499707361799505
7957,3.2787843226719517
7958,3.0227735409998013
7959,4.862204786769004
7960,6.576245415168239
7961,5.645348931155869
7962,6.818389057792978
7963,7.316358819009819
7964,6.267435758047704
7965,6.400431740355843
7966,7.393885694266049
7967,4.790003720391128
7968,6.487982972821983
7969,7.477240925538096
7970,7.388218675463359
7971,6.529778677924111
7972,5.338091939541935
7973,7.517630372559505
7974,5.874219995366512
7975,7.195654380508853
7976,6.251749600897524
7977,8.07956310343189
7978,0.8359838011179285
7979,5.677169751043239
7980,7.813762212171459
7981,6.279237173064152
7982,3.339532513312028
7983,5.459298043198183
7984,5.428127451707541
7985,5.3096021724239595
7986,6.436642816286197
7987,4.220675798653684
7988,9.652176227502688
7989,7.347276416601096
7990,7.677348779477083
7991,0.6186062760160306
7992,2.9955775281315162
7993,6.713189529348107
7994,4.609675437766172
7995,2.917631877892518
7996,5.837460206167562
7997,7.989144080876255
7998,2.2646438759968066
7999,6.718682383362407
8000,5.621602071850884
8001,6.562761570763827
8002,3.494625909357935
8003,8.037858529776532
8004,4.847287160028981
8005,7.525015380089959
8006,6.443071817685188
8007,8.338076487583951
8008,5.359222402971622
8009,5.635287696420022
8010,6.535363302857661
8011,4.656833258277271
8012,6.69701941344021
8013,2.217152253693238
8014,5.038663953143638
8015,4.9447913437404605
8016,6.30273191580224
8017,4.354338897136636
8018,5.237907348618689
8019,6.118175898955654
8020,4.627294960676441
8021,3.2942045032572747
8022,5.705799749979476
8023,2.747444141222101
8024,5.989131182214053
8025,6.078298224237757
8026,8.986578912396482
8027,9.172862021776284
8028,5.6363492831310245
8029,6.719661440882484
8030,3.533696736140681
8031,4.451002559107626
8032,4.199902597019613
8033,8.951544526907536
8034,4.305126732536873
8035,5.139560470023707
8036,2.4536496489499835
8037,5.218429773925758
8038,6.757905835881516
8039,7.662252385859016
8040,6.764644153214565
8041,6.498118917986307
8042,8.18381971426832
8043,3.4516687412466345
8044,5.488728618944889
8045,6.135374487149351
8046,7.818634758160493
8047,3.334185222517731
8048,7.257275564140368
8049,3.3000718238255766
8050,7.4549279004619935
8051,7.207776590772675
8052,8.980485286801544
8053,9.710056281619103
8054,6.906651320180463
8055,7.584212747978186
8056,5.3308483252197
8057,6.9273472625519155
8058,2.5834134504478214
8059,8.118153191675068
8060,5.1525116105768
8061,8.814287598868372
8062,4.763420165886376
8063,8.163686060224174
8064,8.79581450939232
8065,6.255640682546666
8066,5.873543599527633
8067,4.032246662146818
8068,3.104372434182656
8069,5.096805841350768
8070,5.306604080981609
8071,8.20862371528025
8072,5.859351907440014
8073,9.36837801880309
8074,8.143462215149896
8075,6.634692408731288
8076,5.014346607033738
8077,4.229888800168563
8078,5.207870339265819
8079,9.266662738143344
8080,7.985112746937903
8081,8.093596453043775
8082,2.5724873051548407
8083,5.758053672739466
8084,7.983467159837578
8085,8.55425825844704
8086,5.683997820734037
8087,5.0889335170660335
8088,7.4143236721871695
8089,5.4896369380216665
8090,4.888831879953017
8091,5.720814614486878
8092,4.489398871275949
8093,3.520324909391147
8094,6.049534993335092
8095,6.699420731012579
8096,3.016758457320991
8097,8.834075520210403
8098,6.340820144758673
8099,6.941106626914216
8100,5.3746895096108345
8101,7.687279456632636
8102,6.586663903752533
8103,8.88046324726407
8104,4.197994034226309
8105,4.8846092813986814
8106,1.4052663232421891
8107,5.031240634551234
8108,5.504304553898811
8109,4.388417549510376
8110,5.001462124053973
8111,5.216374366268498
8112,8.156806315633425
8113,5.957162609010004
8114,2.837243543940062
8115,5.855378346208509
8116,7.975748408991054
8117,6.466144843045126
8118,6.766599918181235
8119,5.81629337504325
8120,5.1289984759493805
8121,2.988451054858559
8122,5.902926663031685
8123,5.797612699325142
8124,6.220222285797418
8125,7.362430282621514
8126,7.9750289464007045
8127,3.4552699746930227
8128,8.960268487244878
8129,8.905767309956834
8130,4.418727788041366
8131,7.482601178816144
8132,9.014497823278088
8133,6.376574698911002
8134,7.316898000277797
8135,3.9081448463659862
8136,6.0040572093022915
8137,4.809209056946794
8138,7.995381129550409
8139,7.2625721335702575
8140,3.0698621975276423
8141,3.1530583881672682
8142,8.422319517145958
8143,2.6656139320819476
8144,6.212379364813148
8145,6.893092241293486
8146,4.363217098262322
8147,9.375167003205611
8148,4.665395945654992
8149,4.837254980038157
8150,8.714665743755523
8151,4.3707345068101535
8152,4.132370729989215
8153,4.608933892594391
8154,4.756157045456191
8155,8.450259438396271
8156,4.517688601786196
8157,4.412859421907145
8158,5.181412178617826
8159,8.65589778671699
8160,2.010248392738669
8161,6.22546557729921
8162,9.073223720030096
8163,6.335640591941632
8164,7.415639886891383
8165,5.006059510681984
8166,4.8316369620932225
8167,5.901182387333715
8168,4.455005145482459
8169,3.068793286126858
8170,6.896908700163443
8171,6.152106601998154
8172,6.994359046402117
8173,4.984823901756347
8174,6.694771097452978
8175,5.518670087738413
8176,6.928130626961652
8177,5.695044942407772
8178,2.1140636288675507
8179,6.103177271543336
8180,5.02879060936712
8181,4.659491061916339
8182,6.730842380208039
8183,3.929499011840921
8184,8.009726261124078
8185,6.9479176001482
8186,7.3675078583287785
8187,5.9464257384422865
8188,8.242579172872665
8189,6.682128401818979
8190,8.644609598628085
8191,7.701693180750172
8192,8.62209337536876
8193,4.4658168100620745
8194,6.825467614409918
8195,7.062456877899194
8196,4.599316002869574
8197,3.4859453533749436
8198,7.229176445801209
8199,0.6759132159716537
8200,5.174386347620367
8201,7.094471590663562
8202,4.029102236163485
8203,4.481485439200171
8204,5.66460332824074
8205,8.75906915085579
8206,4.578881409296817
8207,8.00444165461955
8208,4.376146277019305
8209,4.855976790817064
8210,5.484520866439572
8211,6.893851621758087
8212,4.441800910910083
8213,5.4457435828659495
8214,6.217905690567299
8215,6.563809070061044
8216,3.009716410533304
8217,5.887802374763449
8218,2.6553114578850017
8219,6.669058881223121
8220,8.95160156414654
8221,4.244634840302522
8222,4.325708767697473
8223,8.01909465616295
8224,4.144481082972309
8225,6.777052849820652
8226,6.864161090593579
8227,5.719800431749161
8228,5.242593072301266
8229,3.843357677522997
8230,9.263705621177769
8231,7.4718247589288405
8232,2.3270070911423826
8233,5.289418990458424
8234,7.912329000347125
8235,5.077898311615215
8236,9.145328066848052
8237,6.443228197797076
8238,4.235652450879092
8239,10.0
8240,6.29383667254241
8241,4.898103336548705
8242,3.370688786986744
8243,6.856747773659942
8244,3.267846518892011
8245,5.6045226214770185
8246,3.3718663646368703
8247,7.292102026038921
8248,3.5612185640601313
8249,5.01566114207699
8250,6.658516803793632
8251,6.491846377341135
8252,6.325806465458674
8253,6.989782527193864
8254,5.3589359046675975
8255,5.6522874164177574
8256,4.898853334864484
8257,2.035277956499765
8258,4.76127639764711
8259,3.835801049286425
8260,4.833312268665813
8261,4.079464111302893
8262,6.8842138572161975
8263,3.674254205366679
8264,7.411864571391757
8265,5.014109949760051
8266,6.122248030414153
8267,7.643426246820154
8268,6.345233960204322
8269,3.452091898791269
8270,4.6346133630754895
8271,6.673185486854605
8272,4.145993922876556
8273,7.835021584606188
8274,7.119844055284902
8275,10.0
8276,4.844591590120777
8277,5.412117405810341
8278,4.661372157649258
8279,4.05634531304688
8280,7.2946913340050665
8281,8.188417278124321
8282,6.541197418885896
8283,4.677941364317717
8284,4.192569533880555
8285,8.041457515015692
8286,7.7151461513589545
8287,4.726505825301567
8288,7.877995028785302
8289,5.145395030901729
8290,6.5379746175199545
8291,5.178804034218847
8292,8.69148393883186
8293,6.964112982807022
8294,6.118863210360003
8295,5.699281619317905
8296,2.8467146876050924
8297,7.167591626058479
8298,4.332832227415505
8299,9.419268756879354
8300,1.380567765270272
8301,8.144623425237667
8302,3.985369957180296
8303,2.978976970988814
8304,5.879114728823877
8305,4.6434292010061045
8306,2.562995086882995
8307,7.654748463233586
8308,7.238690772942422
8309,6.223692481673658
8310,6.286358613748936
8311,7.3541295593828755
8312,7.35120271762716
8313,5.433416076084311
8314,6.483746602201236
8315,2.8647755731733073
8316,6.77754421866743
8317,6.947977114663562
8318,8.413320271222616
8319,4.442321295190303
8320,4.910527903004458
8321,5.154443435254309
8322,7.300496612716603
8323,5.894462872704488
8324,4.084506452312012
8325,4.7048108237990105
8326,4.9630325450014325
8327,7.850765348982939
8328,7.112166131285378
8329,7.418898134426912
8330,7.894303482982424
8331,5.727170437393353
8332,3.0026473893014924
8333,6.194550425369061
8334,4.525108194049838
8335,5.976507134203787
8336,6.815149880365576
8337,4.386932747027812
8338,2.1550908678211536
8339,8.086470575430496
8340,5.138222097504114
8341,8.679978554094538
8342,1.5330292814023567
8343,8.39269489855095
8344,6.4114677585602315
8345,7.631313872747199
8346,7.223765313707254
8347,7.271612618274251
8348,7.739009536555608
8349,5.52235459710169
8350,5.514443813523312
8351,6.405149740867764
8352,8.126021774516662
8353,0.7619745239187937
8354,9.770583456274727
8355,5.796330511729374
8356,6.9777570824053035
8357,1.8398967179522752
8358,6.551751584562485
8359,9.134155463022399
8360,4.586112806043621
8361,6.2134712387336
8362,9.922408551971852
8363,6.929918169638909
8364,4.74143004389898
8365,8.069835909325649
8366,8.835148827960372
8367,3.355994099137474
8368,6.96052606003809
8369,5.861835896391874
8370,3.1149481597195345
8371,5.4697639857784734
8372,5.982052876514013
8373,5.315391383194555
8374,2.3603954968164342
8375,7.228134723288185
8376,7.557045645800629
8377,8.027556727228692
8378,4.178442883852366
8379,6.5366650864694815
8380,2.354160772013214
8381,1.8612391091016436
8382,5.528424890971001
8383,7.526143165194908
8384,8.267825146053875
8385,3.614936106013852
8386,8.046920515419298
8387,5.0369938680528605
8388,7.683791141356941
8389,7.3841764583560945
8390,9.235529536836125
8391,9.727055877696284
8392,6.565757014732957
8393,3.9526027655828777
8394,7.679444688559851
8395,5.814360071882838
8396,5.948546022381863
8397,5.952247766962649
8398,6.318397791069987
8399,6.193432388952771
8400,6.339364103414802
8401,8.529428474324133
8402,6.221797032469581
8403,7.162376319932915
8404,6.579918598626672
8405,3.701482696372797
8406,5.002872146016013
8407,6.004314930729436
8408,7.853308747861123
8409,7.425650696749296
8410,5.331831718943163
8411,6.505212129213679
8412,7.010955794807707
8413,5.990747164042771
8414,4.4112124230054475
8415,8.410150775664944
8416,7.0677505258892905
8417,3.8804745985259586
8418,5.548232270187869
8419,6.709393205183088
8420,2.6586092574728686
8421,1.2735949371077195
8422,6.006004874979578
8423,6.264170343358928
8424,4.4930879828689525
8425,4.714425516333203
8426,7.023825049113462
8427,5.0912167438947895
8428,8.779820725105479
8429,1.9280183639508381
8430,6.152587575317243
8431,4.031460190643975
8432,6.673420116000796
8433,7.650549720669504
8434,7.642706841578447
8435,5.247549464274516
8436,5.443342012283123
8437,4.01372070523833
8438,8.120305588227419
8439,7.154283816712566
8440,3.085616159286882
8441,3.440275755920653
8442,8.31316400484535
8443,9.976145221168427
8444,7.975993339927502
8445,8.325589651689256
8446,7.629643352336929
8447,7.538354052585779
8448,2.634275351746343
8449,3.786944256389784
8450,3.150922885407851
8451,6.213772782187761
8452,6.406593663508646
8453,3.0099683693250485
8454,3.0197754814805506
8455,8.260461343297747
8456,6.248634707885849
8457,8.770093092412337
8458,2.771597627119642
8459,7.444375391946857
8460,8.413514245654513
8461,5.783829265599354
8462,6.140101172669074
8463,7.715529233313241
8464,2.7413033139286194
8465,7.161282475357163
8466,3.857527594429335
8467,2.800441203758342
8468,7.276270000719058
8469,5.857533115141103
8470,4.523843601608827
8471,8.689769438836166
8472,4.079381084445289
8473,4.836353497952239
8474,4.6645926912737465
8475,5.948649201164872
8476,6.6655213181190405
8477,8.034008601792829
8478,7.012756893274065
8479,5.922003958228359
8480,4.221537749087422
8481,6.661388024501402
8482,6.563024482388152
8483,5.986376740281985
8484,6.056220140551419
8485,6.323257733378757
8486,9.042963518325454
8487,4.6167473776861625
8488,3.943650329892421
8489,6.712125945754049
8490,5.284939241183318
8491,4.646992882162965
8492,6.153596640474493
8493,6.338988967942669
8494,6.699539336811304
8495,6.522050219309886
8496,3.3510426720736337
8497,7.1259929622707165
8498,7.042511266828723
8499,6.256217158243805
8500,5.9586789041435395
8501,1.771816486153818
8502,4.790538756214443
8503,2.5313514307912968
8504,6.91213888304985
8505,6.759979308577812
8506,5.772070053839465
8507,6.9942906244416925
8508,6.937458536560401
8509,9.109167611581544
8510,8.414131087842145
8511,7.012761674270008
8512,4.672045125738976
8513,6.4953827923741
8514,6.925399628831631
8515,7.2525067033027
8516,6.920316430881555
8517,6.757821819981624
8518,5.11304540055081
8519,6.0635213476894565
8520,3.602465198965621
8521,9.842416397271064
8522,3.641510760753916
8523,8.113467819818682
8524,4.749823877429168
8525,7.65650772034408
8526,7.6174106548092
8527,7.607525513632296
8528,5.737115997491519
8529,5.371525436518549
8530,5.803727294677019
8531,3.412577614683267
8532,7.017596344243452
8533,8.753974277090544
8534,3.834315514944539
8535,6.539592988983896
8536,2.8870284105404864
8537,7.844451329046631
8538,9.931664498829088
8539,6.597226747096739
8540,6.945931053836228
8541,5.484433920589316
8542,1.7516011804315323
8543,3.761965056659919
8544,8.159859896538862
8545,6.877077536150922
8546,4.090075319777004
8547,7.106230379096622
8548,5.4721851502823435
8549,7.423372783354934
8550,6.830052749945022
8551,7.94291182278506
8552,7.402900695168121
8553,5.798329930161954
8554,2.5688141355364698
8555,7.7373256127760355
8556,7.059718138988243
8557,6.310037964004905
8558,5.2122143845675515
8559,6.088903139014381
8560,4.628433809935037
8561,5.960504117871774
8562,7.6320670511290984
8563,8.742268916063814
8564,7.25213423430736
8565,5.279465082783416
8566,7.034021421713239
8567,7.457412654324568
8568,7.228897550524291
8569,8.356290185959645
8570,9.602534134718319
8571,3.3902556478739214
8572,5.056060042683438
8573,7.324146782241545
8574,5.19330813809553
8575,2.2286081525877357
8576,5.909253885640749
8577,7.302927863087417
8578,8.238433354047542
8579,6.023504678239484
8580,5.735363437010118
8581,5.180519770522384
8582,6.733980631422976
8583,5.883287239997065
8584,5.889206432622476
8585,7.435387039792562
8586,2.969865040099083
8587,7.451056576495165
8588,6.312356716061131
8589,5.061413970823145
8590,9.64842004013327
8591,7.218235321208203
8592,3.4063275115059994
8593,7.203200168250696
8594,7.057698470628612
8595,3.781888576739635
8596,7.793717821252572
8597,7.16034207454514
8598,6.396655566516433
8599,3.249043675749786
8600,2.4255393607176194
8601,7.471076883887758
8602,2.588617482752633
8603,2.035658869331747
8604,5.0741893975387535
8605,6.039205459980875
8606,6.846936224652984
8607,3.60647296472145
8608,7.569626040805796
8609,5.9810804501588475
8610,6.153843951883987
8611,8.161633504960875
8612,4.308821830965719
8613,4.750525474045243
8614,5.519982259291056
8615,7.671403643017358
8616,5.052467652456258
8617,8.343965320242834
8618,5.703343215533432
8619,7.5792762876122355
8620,7.66880157373003
8621,8.408019558606902
8622,7.569928594380822
8623,6.218991480476745
8624,6.540444608361965
8625,7.342288015785925
8626,4.977903512237139
8627,5.339958694662537
8628,6.674837908401319
8629,2.1259126744444323
8630,6.103803356185995
8631,6.92872380914642
8632,6.401959327870307
8633,6.753651450383824
8634,6.012873414674425
8635,7.6909081088480065
8636,6.545936053798829
8637,6.338001699974321
8638,8.807949633724359
8639,4.269122092650694
8640,9.386965645274731
8641,5.715435305950339
8642,1.2570459091595612
8643,3.8692137563311624
8644,6.416240772624423
8645,7.410798091932232
8646,6.758565831392525
8647,7.611978651302481
8648,5.607637588630778
8649,8.23620130346863
8650,6.850420539120035
8651,5.876944989472214
8652,4.904219758178188
8653,7.819575344824655
8654,4.520700095832241
8655,7.97620929929382
8656,5.625021641126122
8657,4.177567600414024
8658,6.982519091386991
8659,4.971835435422514
8660,3.1248395798238335
8661,5.668777670810082
8662,6.960666326173129
8663,4.678951922031254
8664,5.8241097073367305
8665,5.956972201758755
8666,4.06498903042148
8667,6.721964892861992
8668,4.97528164176608
8669,5.953887922574693
8670,7.049137584813988
8671,8.88080426777209
8672,4.915531101309216
8673,5.472252772593533
8674,7.127768625454581
8675,4.566848343069934
8676,6.840266275259845
8677,6.265755757011654
8678,6.483499594687454
8679,7.223809277729472
8680,7.912675600205531
8681,8.136040483750225
8682,4.382311535767116
8683,3.8538473197048058
8684,9.866821529763012
8685,4.381229935281648
8686,6.201160790039428
8687,6.846962214047196
8688,7.960575115234986
8689,7.083939439966577
8690,5.567637193090722
8691,4.129558537886111
8692,7.7174858823604495
8693,10.0
8694,3.8379423992665975
8695,5.977438729399142
8696,6.806879860142982
8697,3.802973986771002
8698,6.071482680191986
8699,4.692403188279211
8700,8.580636721484172
8701,3.7943756713349743
8702,6.542971580887861
8703,9.87612265657451
8704,7.734033458358622
8705,5.9745565097847235
8706,4.849194651999956
8707,7.554704890045697
8708,3.3336972384416885
8709,5.096984268782132
8710,3.5677823079630877
8711,7.098793687979813
8712,3.364527803020485
8713,5.220297104987006
8714,9.049191769060787
8715,3.5301046244647147
8716,4.418115319933638
8717,6.321410856558981
8718,6.776718511544997
8719,6.017137348527902
8720,5.9651764095999305
8721,3.726038289599667
8722,4.317154207011923
8723,2.5126099189630886
8724,4.964367776259297
8725,3.1000648441543803
8726,4.019819550338499
8727,7.978946444489487
8728,8.559042867696581
8729,3.9167230685442207
8730,4.981177769563363
8731,7.60594889070421
8732,9.436526738272876
8733,8.051355010342478
8734,5.391731297415903
8735,7.205328734737292
8736,7.865453266924993
8737,7.753940461791807
8738,8.398378258944938
8739,7.959342790350106
8740,3.1462759878127717
8741,5.536256311851452
8742,5.874118706522521
8743,5.505064306573448
8744,8.494391715153174
8745,6.563505218603088
8746,7.103398296583554
8747,9.237667366308925
8748,2.839457006137818
8749,4.557253639169796
8750,3.389397191788345
8751,5.003847570592465
8752,5.628865280295257
8753,7.616946706463138
8754,4.943818362588557
8755,6.813138400496257
8756,6.8690593536908855
8757,0.2821670423534826
8758,4.556466051717149
8759,3.273751497202287
8760,5.081172085287176
8761,5.66924882738938
8762,6.0694550076616745
8763,7.416070563246276
8764,3.1654855451910113
8765,8.993673928445185
8766,6.9357885662637155
8767,9.0466809246191
8768,3.8481035207487415
8769,7.277607299331183
8770,9.057614095320918
8771,7.62975684256496
8772,8.18748334387422
8773,5.065354220369302
8774,5.580091228677699
8775,4.917645008758996
8776,6.583380054003757
8777,6.819685499765121
8778,6.232895801343375
8779,5.603094764957871
8780,7.155301133210522
8781,4.9456430487222365
8782,6.1035847761388755
8783,7.154301229071194
8784,7.691743900230766
8785,3.5917813221391244
8786,3.628091222301643
8787,2.239227742146418
8788,5.636363810108115
8789,6.416521015085803
8790,8.36280080835434
8791,6.812361427606853
8792,8.198864798377768
8793,5.422570238572702
8794,5.324209942483746
8795,5.2419229193764405
8796,3.1911871238911362
8797,4.376075457816222
8798,7.405660504735956
8799,5.625147879557712
8800,5.015125173325654
8801,2.9374422985375026
8802,5.128719289875057
8803,7.13857569527743
8804,7.723065616928783
8805,7.150463822297499
8806,7.039579408665211
8807,4.42646753187184
8808,7.194120918094783
8809,5.638711512038965
8810,4.501493931582654
8811,4.900803177264803
8812,5.778066187118466
8813,6.501749297502439
8814,7.159403234322838
8815,9.007799312472137
8816,6.4374329273339015
8817,6.2727069783149965
8818,5.745496573149888
8819,4.89281801553005
8820,3.188629284908323
8821,9.481273879455836
8822,5.409183355909713
8823,7.744175243097072
8824,5.866119680861644
8825,8.00078239236943
8826,9.363230121283262
8827,5.6737862738795135
8828,6.057805503656365
8829,6.239202962800142
8830,5.227318270216266
8831,7.035308271228971
8832,8.875989096847736
8833,5.54897537867163
8834,3.0736469274225517
8835,7.865194365939853
8836,7.238524134072358
8837,8.064898932859357
8838,5.743463789151364
8839,6.706543428811332
8840,6.34217906685049
8841,5.626578515040114
8842,4.387537134778098
8843,6.1923234471984525
8844,8.706450609255963
8845,3.9289606975591944
8846,6.254097531373173
8847,5.150147351537037
8848,6.149990267815467
8849,7.539001217829038
8850,7.0243735471055375
8851,5.701336223271096
8852,4.664823481616722
8853,3.9995393953428175
8854,6.387843464550667
8855,8.833428600343847
8856,5.0900719814324065
8857,4.3120329240492525
8858,8.593152477291028
8859,5.946419978183719
8860,3.6542763581320923
8861,5.861314149991075
8862,4.604674317491395
8863,6.511685383215542
8864,6.50526912315259
8865,6.239303629745124
8866,6.392614313193548
8867,5.00127451851916
8868,6.616032404185282
8869,6.726283576986128
8870,6.736025719371049
8871,8.526544974539505
8872,6.831206074261825
8873,3.494943640068389
8874,3.1229951038102666
8875,7.090146629788933
8876,2.465024140589291
8877,9.186201804911079
8878,2.744566931117658
8879,6.918060959467956
8880,9.000072414439197
8881,7.785191475967924
8882,5.050845332964205
8883,6.826456836715357
8884,3.78033106082978
8885,5.361817019388196
8886,5.08576692199871
8887,5.238367952668816
8888,4.543694125361612
8889,5.832731203708188
8890,7.56951834866806
8891,3.5875771773362226
8892,6.219322134336714
8893,6.207727148893573
8894,7.652254419300124
8895,2.22588030403358
8896,8.28473130697368
8897,5.203093360683446
8898,7.546810789557508
8899,5.442753844852293
8900,3.6840721903401317
8901,7.654252104018381
8902,4.461596079392802
8903,6.085539069338697
8904,3.032388696231998
8905,7.4519965223751
8906,6.368944500979214
8907,6.058522923775174
8908,6.516621480854108
8909,4.197709069961108
8910,7.531897261692109
8911,5.86840735046218
8912,5.234045075058952
8913,5.52080775159161
8914,5.519340252542641
8915,5.998562436237148
8916,3.1753037374169044
8917,5.228496550325671
8918,3.664263966217362
8919,6.962964127836053
8920,5.4331590462892505
8921,6.627309555694365
8922,6.315431513838578
8923,6.234534113025939
8924,6.062096263760333
8925,6.089495712294998
8926,3.4766780243072906
8927,6.583466564506128
8928,6.096381920843818
8929,5.780280053004013
8930,6.949198884123029
8931,7.038025569606728
8932,7.893041706362584
8933,8.064534851333914
8934,6.26190625691221
8935,8.617842540640009
8936,7.530234588381046
8937,7.949406481872223
8938,5.420246363822044
8939,3.4129079551343207
8940,6.990372819320956
8941,5.789500225592101
8942,2.3755368179421974
8943,6.630727797830768
8944,8.632318761248309
8945,5.088935479798219
8946,5.83947189145493
8947,6.969698331939995
8948,7.941139656976649
8949,5.910894956623454
8950,6.250456828510669
8951,4.573875549573741
8952,3.7169099341541694
8953,5.819409342350091
8954,7.088295457848303
8955,4.16797198194902
8956,5.297921239766163
8957,5.120525039631678
8958,5.966065059428776
8959,6.946364103178222
8960,9.160506390898165
8961,5.792091879953561
8962,3.860597682667344
8963,6.469112159728323
8964,6.036743774324977
8965,5.18436362839862
8966,5.545917465584168
8967,9.016323113952097
8968,5.129779243737343
8969,8.088507651237533
8970,6.076104161843122
8971,4.395951874494825
8972,8.060093135192973
8973,7.725386188457824
8974,5.751996168927008
8975,5.394368608060319
8976,8.408952108983435
8977,6.016710662315705
8978,9.21733605152476
8979,6.725103485037089
8980,4.929811196574585
8981,6.386726987892692
8982,7.4883995584654475
8983,8.5054685702477
8984,5.728201144816715
8985,4.11780483569124
8986,3.5334034170230133
8987,5.131963246174664
8988,3.978263997192342
8989,4.210411062928658
8990,7.058027016091999
8991,5.064951213580653
8992,4.577508479056651
8993,6.10555224174285
8994,4.117011895971979
8995,8.164771577512505
8996,5.30655285533289
8997,6.957479007034742
8998,6.9378160217728
8999,7.917601702374364
9000,7.210539901352908
9001,7.057910321545691
9002,8.184111585229775
9003,6.3002593548435994
9004,7.5311366408234175
9005,3.4715929044081077
9006,6.386030082519573
9007,8.873812874109053
9008,5.730904952342995
9009,6.185771366057111
9010,7.750088164935612
9011,5.250355404772994
9012,2.9706870690110283
9013,7.258021075075051
9014,7.588176127234114
9015,3.6559743711043846
9016,4.6779741620410205
9017,6.233020951409539
9018,5.972066792415429
9019,3.5476763960479194
9020,6.356524609036292
9021,4.3935172556850635
9022,7.477256297374356
9023,6.414587664137889
9024,7.0314856639219725
9025,6.220742433824364
9026,6.089161350618816
9027,7.038403817208715
9028,5.17682335691701
9029,4.457088361468287
9030,5.1466722875128825
9031,6.011325961900196
9032,5.477135261204478
9033,4.743234130222343
9034,7.196118320332657
9035,6.325503232856266
9036,1.755249978527088
9037,5.870219556730626
9038,6.925241692340388
9039,5.877812579920336
9040,6.405729106878023
9041,4.931452973514176
9042,3.9993314441042904
9043,5.763479270660549
9044,4.241435388888404
9045,2.446547002293562
9046,6.606898591911198
9047,9.310727239562944
9048,8.038608715064735
9049,10.0
9050,4.230310277022293
9051,4.416478004808247
9052,7.085120599700671
9053,3.6819733847093166
9054,3.9053294291133196
9055,8.147528949308954
9056,8.175333016429718
9057,8.371574104891275
9058,9.46254901364449
9059,5.670482472325553
9060,7.538420498004021
9061,2.5877301888988784
9062,5.644460948657302
9063,5.1889781821922885
9064,6.447523742286836
9065,6.351881447659221
9066,5.187864173826264
9067,3.8487322849983205
9068,5.733576160823417
9069,6.507049678753235
9070,6.884563755156266
9071,5.915650763673466
9072,8.563515515770785
9073,4.094877775437491
9074,2.7535950655848827
9075,5.986823358368974
9076,4.7680486600545455
9077,4.981261494238729
9078,5.844493661522376
9079,5.245725230678969
9080,4.100532363920545
9081,4.310258134422974
9082,7.20602963245612
9083,9.885321635671517
9084,6.968071303289772
9085,7.992716989033255
9086,4.700978221755613
9087,8.199671532454483
9088,4.450187279242308
9089,7.1356152151881345
9090,6.304561033824792
9091,1.8515546420864022
9092,4.140351742306744
9093,7.925106162451299
9094,4.258345687616136
9095,7.355641179027542
9096,9.224293599779683
9097,7.349629727628842
9098,4.428771940341224
9099,4.886783159729581
9100,9.206518979366734
9101,7.347828337089948
9102,5.451511879101877
9103,6.187158676726072
9104,4.446380562785909
9105,7.598341915251701
9106,4.092375924124055
9107,5.245516865257312
9108,4.00035300596268
9109,6.734943492988419
9110,7.511884030045796
9111,5.319156467521586
9112,2.7203811094885584
9113,6.17221217472279
9114,4.5693431577408905
9115,5.933808821257962
9116,3.500200810215637
9117,6.263232350694535
9118,8.18798338488949
9119,6.86310233032308
9120,5.423485516264295
9121,9.210332663259939
9122,4.443811116198718
9123,7.739666229087268
9124,9.667638181507822
9125,5.9915925034036555
9126,4.958395265671744
9127,3.719748469347466
9128,5.610975493216612
9129,4.571317286092739
9130,5.90904600178917
9131,5.252314632617514
9132,7.4363084310163865
9133,2.355713515520428
9134,4.9009509239366205
9135,4.648182563238706
9136,6.714414476484676
9137,7.532637814280247
9138,4.952753111088849
9139,5.448852747498174
9140,6.038369201802502
9141,5.628220494564384
9142,8.245825303182782
9143,5.636641540250945
9144,2.4818975867136235
9145,4.367057328505011
9146,6.222668109004522
9147,6.535770861574137
9148,7.155946648030084
9149,5.797717015120758
9150,5.507497659887338
9151,5.302287298248039
9152,6.484318591213567
9153,4.89820734748517
9154,5.7017671008561415
9155,5.550715188767493
9156,9.272292934764025
9157,5.144377741884926
9158,5.497168198472923
9159,5.2409685346622155
9160,4.597800093381271
9161,7.841872185470506
9162,6.453690708959045
9163,4.887284448716216
9164,6.56370974840788
9165,8.10167625666339
9166,6.4069011217724965
9167,4.004778099648847
9168,6.4197454011191475
9169,7.530707862740783
9170,5.577175407021769
9171,5.668661706537018
9172,8.22778831786136
9173,6.674871282018053
9174,5.223105147346386
9175,5.302120701667743
9176,4.1581705582667485
9177,5.270572291224625
9178,4.285773227851735
9179,4.224826621511116
9180,7.07290500666736
9181,3.671674234013043
9182,6.428953970651476
9183,9.79947640670227
9184,6.874778527619057
9185,5.940639960194964
9186,3.5674775107330583
9187,8.256189245591571
9188,4.857618731428782
9189,4.4918853497529305
9190,5.694257321371079
9191,9.503706338103095
9192,5.862975106376399
9193,5.381160227009739
9194,7.224877644353736
9195,8.264763194136494
9196,8.97880368354029
9197,5.4725503495138135
9198,4.312725048637049
9199,7.873882346934705
9200,5.652216838043641
9201,6.706558616623054
9202,4.3580311681139445
9203,3.810870075481829
9204,2.0309314828552942
9205,7.818707635419708
9206,6.921698549528818
9207,4.622962481061627
9208,3.764193591291832
9209,4.794054975555946
9210,8.838537182640255
9211,5.588682901961588
9212,5.381748188760114
9213,4.210556482277928
9214,6.014956714879131
9215,6.4180535400715355
9216,3.9089023196103834
9217,6.877829179377185
9218,5.701901323424586
9219,4.117622164227355
9220,6.4183893734684805
9221,5.687767473033718
9222,2.300575721707548
9223,4.894730488242108
9224,5.970854682117339
9225,3.4166394436159537
9226,4.986013966661486
9227,5.7404052830376235
9228,4.883072666280922
9229,9.22388146647825
9230,8.5952007549314
9231,0.6825776020548561
9232,8.951988353407339
9233,5.770082062076232
9234,4.299891362465231
9235,3.058418906308972
9236,4.537828872747037
9237,4.101048904845144
9238,6.69361962004195
9239,4.094359318396739
9240,3.2973138690716053
9241,6.935450012634253
9242,2.957519339798584
9243,5.864901405672984
9244,5.849073039187818
9245,9.075207215651638
9246,7.884043019860463
9247,4.418887536989454
9248,5.39535986065968
9249,3.8969959118455937
9250,6.190501998248813
9251,5.381012310735234
9252,5.114730594713904
9253,6.0878881709771235
9254,6.004863347632807
9255,2.869937185005543
9256,2.807210651232168
9257,4.418522325621677
9258,7.048273187136597
9259,4.370084158113637
9260,6.743566328171196
9261,5.239276683625875
9262,5.763955861758494
9263,8.210661519286187
9264,2.6766070002411575
9265,5.347183327644538
9266,6.3232544027365005
9267,7.726071231523859
9268,8.492505256732864
9269,7.413294180113567
9270,5.940202344736944
9271,5.9160803074703425
9272,7.085251413881341
9273,8.574403703322293
9274,9.386643879288911
9275,4.80262160484596
9276,9.278838768598558
9277,4.114020745918123
9278,6.096799898726072
9279,8.334489718119285
9280,6.102109101644207
9281,5.653768321228552
9282,3.4843109168192465
9283,4.347379231816855
9284,7.014595802754133
9285,4.704706384270085
9286,5.795046299853095
9287,2.908681136183164
9288,2.0896708189175195
9289,7.275674127140009
9290,8.406849034342244
9291,1.9191211444706298
9292,7.355774377311025
9293,5.057069653481066
9294,2.2769418664612253
9295,4.934320696179699
9296,5.710127285241414
9297,7.2669157035586585
9298,5.174858899690204
9299,5.9363053507681585
9300,7.382036219381653
9301,3.8629917614298437
9302,4.883702498314251
9303,2.7109480089821467
9304,2.9393566604961463
9305,6.072001621202237
9306,3.187843273312522
9307,2.193743744716566
9308,5.514774203851184
9309,6.186456173966229
9310,7.780386974109808
9311,8.912813590218159
9312,2.2817416972853963
9313,7.296533699172482
9314,9.073236006741727
9315,6.503178804108066
9316,4.249118223927736
9317,2.0909535618502617
9318,5.949536216610097
9319,6.590797387386692
9320,6.707226323957631
9321,8.23436798640581
9322,7.996523225368072
9323,1.5927590240160854
9324,2.8634119704541514
9325,6.320903690474829
9326,7.459337610112482
9327,6.7470901681203115
9328,3.8174889736309017
9329,4.352898681275871
9330,1.9327284136094856
9331,4.776664097205886
9332,2.755672360054291
9333,4.437970149950443
9334,7.412461185208693
9335,6.922934035303247
9336,4.6546466471032115
9337,8.807199992232764
9338,6.980344181393543
9339,8.917026865088097
9340,7.175237449231826
9341,5.823375040803615
9342,6.0238760954625254
9343,6.670578128578038
9344,6.520016473857135
9345,5.394743899011402
9346,5.002884680718479
9347,9.337671425827129
9348,4.956558417239229
9349,6.237462961148201
9350,4.695087663526237
9351,5.992992820904272
9352,7.080082788664402
9353,4.950173314446283
9354,4.694402604252597
9355,8.743601179178278
9356,6.0004072432659905
9357,5.801731368915501
9358,4.542402974037709
9359,7.84392146546111
9360,6.038426217423563
9361,4.458590608285329
9362,6.163691138755363
9363,5.254140670981237
9364,6.625934634252187
9365,3.154090787338439
9366,6.990267680070629
9367,8.520952924466346
9368,8.116536642727135
9369,8.134156109260319
9370,9.433882285980753
9371,6.519914745630868
9372,6.136299535957855
9373,4.9083855949355755
9374,4.203330960502645
9375,4.524973750166511
9376,6.569421178704955
9377,7.7226357238972865
9378,3.2153811432240365
9379,6.152698391344499
9380,3.887760708916373
9381,6.178482864525953
9382,3.31528274451471
9383,4.986031269077809
9384,8.287961164761644
9385,5.6763009530586235
9386,4.53912312219175
9387,4.989382995561369
9388,4.740251418524927
9389,7.814837840948757
9390,6.025965726861522
9391,7.454389124239417
9392,6.356959904926698
9393,6.780446080349277
9394,5.186033090472484
9395,6.7952218870569805
9396,5.415630404613033
9397,5.797580057505056
9398,4.923999765819927
9399,2.9403333833741097
9400,3.984940667611091
9401,5.193654388204907
9402,0.9362755933343946
9403,8.527563006121719
9404,6.257967735776528
9405,5.628446215221955
9406,5.238381057397647
9407,7.051702264704003
9408,5.467372621302974
9409,6.616014619095932
9410,5.0554972507679485
9411,3.547851608074488
9412,5.912825780544833
9413,6.765444452301807
9414,6.357785525788273
9415,2.774762388800785
9416,9.390891603937243
9417,5.440182350380967
9418,7.866661806893914
9419,4.944507200983986
9420,3.0739530951172798
9421,4.367804756016416
9422,5.862824275882946
9423,4.1244588367144575
9424,8.183848966403172
9425,5.543152797820419
9426,7.22525007799995
9427,8.712650167735125
9428,2.328777751615882
9429,8.870103840036094
9430,5.209156543852366
9431,7.125130612993025
9432,2.9095112977198077
9433,7.1931539543716125
9434,4.629230082452393
9435,8.232741164013476
9436,5.8075969036720085
9437,7.616119154353027
9438,7.051153023132761
9439,5.726691192770983
9440,0.7091419353290473
9441,0.9352874352396229
9442,4.2269666214867305
9443,3.829270932827369
9444,5.477086478418913
9445,8.447884842758315
9446,7.89765128297775
9447,7.8898788140743985
9448,7.529935449636816
9449,5.447599026005933
9450,4.98782655123283
9451,7.363929476450512
9452,8.496178300152055
9453,3.2379919280816853
9454,8.59363242786497
9455,7.0417772780675145
9456,7.543188349869615
9457,5.936824502034812
9458,8.353214732855582
9459,4.643132712735696
9460,7.051170480845052
9461,6.346286857674152
9462,7.932984724338988
9463,5.129725545522794
9464,3.078163005586402
9465,4.315290534324531
9466,8.239769368846313
9467,3.8346029000393
9468,6.381903763730992
9469,3.257629578500533
9470,6.3283203748688726
9471,6.655992005547611
9472,5.960520822005103
9473,4.902160691017612
9474,1.121887151131398
9475,6.532323804928199
9476,3.7015755522433476
9477,5.710669023232302
9478,6.814381173261087
9479,7.2645329444260005
9480,6.484094990004378
9481,6.004102089264257
9482,4.744355655984594
9483,7.168460384218855
9484,3.044180939220488
9485,8.660649107378784
9486,6.055285067723724
9487,7.619105506117485
9488,7.6780500802259875
9489,5.89499339566214
9490,1.9109816965952293
9491,6.503509915774863
9492,6.716645958492782
9493,6.465480803883332
9494,6.946165292380028
9495,3.749643670081831
9496,3.0895592253519486
9497,6.6399829228502805
9498,6.601945666695982
9499,6.35006927101439
9500,5.991997437208368
9501,3.784196545975254
9502,9.211621854215323
9503,2.765596299013506
9504,8.969045613302628
9505,4.7013284540622235
9506,6.567468359638399
9507,9.491119020224353
9508,7.418721339461363
9509,3.3827259679035566
9510,8.071081019317564
9511,4.710426012551814
9512,4.662263552622715
9513,3.6288854479504167
9514,5.423660703895502
9515,8.954343320635518
9516,6.528053470233375
9517,6.616486562116079
9518,4.928082154037582
9519,5.634675642603911
9520,8.258944679941834
9521,5.8507767976410765
9522,2.994371279266062
9523,5.4019911871085835
9524,5.972139131024274
9525,7.028161801086461
9526,8.783140416372516
9527,7.897128107780886
9528,5.6640557415760435
9529,3.3405034223311945
9530,4.805822745613507
9531,4.213750673812105
9532,6.485168955934202
9533,5.177270272841702
9534,5.177335970338133
9535,5.403907626840871
9536,5.45019947487251
9537,6.3872288513667685
9538,6.1161833252025355
9539,5.879552337109369
9540,4.247577612290008
9541,2.6245180586431833
9542,5.348477001015888
9543,4.610804128780322
9544,4.7047376614171705
9545,5.712191444823799
9546,3.5349386447977116
9547,7.04528505522817
9548,4.430128676388708
9549,9.103249864022795
9550,2.2623790615985295
9551,6.341776831708993
9552,5.5575015994289165
9553,2.3654105532272833
9554,6.3932405554292275
9555,5.5944305549139335
9556,5.703452042156705
9557,6.286438959540323
9558,5.749613324122714
9559,4.651415016683474
9560,4.476013312571731
9561,7.268236743247736
9562,8.567799174400724
9563,1.9685103386576936
9564,5.935178091154935
9565,7.868467835540273
9566,5.972351278613627
9567,3.825926846605837
9568,5.600224086261356
9569,4.903915360981651
9570,3.5853159804122408
9571,4.779450652133424
9572,4.17812446555235
9573,7.085552431443267
9574,7.609014344447987
9575,7.1477647816120635
9576,7.855604217967092
9577,5.551171618275154
9578,6.061705538009268
9579,6.052523170672863
9580,6.448577636883138
9581,7.930406160206527
9582,4.943180974884843
9583,8.46793655823927
9584,3.158496574616859
9585,6.869562342733774
9586,5.5196669485264405
9587,7.540681180739101
9588,3.9247118884734022
9589,6.282036441169095
9590,5.799423512361129
9591,5.608137392347711
9592,7.029935030450886
9593,5.028528619774248
9594,5.784571810312644
9595,6.462558922161466
9596,9.274746108333469
9597,6.397821284619515
9598,5.653624072411504
9599,6.613956645969421
9600,6.08409195300373
9601,4.647785096188028
9602,5.930855736487472
9603,6.132429076504693
9604,8.990005279430118
9605,5.405551423700728
9606,6.635914617265549
9607,5.086978195016822
9608,6.51939726707131
9609,2.962362503759754
9610,5.752180463710782
9611,8.506415489473723
9612,4.511697899231966
9613,6.952172722537904
9614,3.9886127783850474
9615,7.818405463833209
9616,6.656276480261474
9617,6.084546260019018
9618,7.06851675424222
9619,6.047376088475423
9620,4.615305188510313
9621,5.371167072324381
9622,5.530332667312569
9623,7.51997094987443
9624,6.495439156470377
9625,6.4114127038099005
9626,7.114727158898027
9627,5.311808080273869
9628,6.968748131477193
9629,4.683328905218857
9630,7.255256050153317
9631,3.0860081910550865
9632,2.1730274340640463
9633,4.178350508879614
9634,7.3545860266360625
9635,4.491201281820636
9636,4.2396891323960615
9637,4.391890819375205
9638,8.15704539328055
9639,5.729741491528465
9640,6.668098970685285
9641,4.174407512188981
9642,4.026096974562787
9643,4.671902938101599
9644,6.301577251173384
9645,5.681778130091172
9646,7.85130563708027
9647,8.397279109472416
9648,2.5325474034557662
9649,8.655187181350767
9650,5.449447017429527
9651,7.670666319412581
9652,9.537006789401348
9653,6.009071033218691
9654,8.165509607810051
9655,4.417099378499858
9656,10.0
9657,7.702973241591636
9658,3.5893632844843637
9659,6.936611050883066
9660,5.257304928986807
9661,8.129644825945558
9662,1.8423662710571653
9663,1.816620066322848
9664,3.2302963503594286
9665,7.712202823613595
9666,7.807476941466556
9667,7.720275574860845
9668,3.1327407698242817
9669,6.180103813688247
9670,4.3053321963245414
9671,2.9777155873433676
9672,5.493582238302236
9673,7.624289593522094
9674,4.561614315960805
9675,6.192970081878929
9676,6.3291665798729095
9677,8.50160883060141
9678,5.295042193464732
9679,5.736788881698013
9680,4.976810557688365
9681,7.814234244281458
9682,4.581826141219153
9683,6.08028744664299
9684,5.946969468072171
9685,6.106920348433118
9686,5.7414720678983695
9687,8.084335059782434
9688,6.051065469955024
9689,9.029743536133461
9690,5.989781784769647
9691,7.3336859902166465
9692,6.892855730085887
9693,5.697564585585741
9694,3.470374207856197
9695,5.983451214852205
9696,8.78696869629481
9697,7.6124680963970714
9698,6.536025788897703
9699,4.074721772666179
9700,6.176074798288181
9701,5.15250547319994
9702,5.404208667338044
9703,5.020863577729902
9704,10.0
9705,8.586496153789934
9706,6.776496617051942
9707,6.067816327028602
9708,7.201451652863512
9709,5.399304875061088
9710,2.971821298344961
9711,5.456374597323847
9712,9.144576515507492
9713,7.758967961974352
9714,6.9487361122344415
9715,6.820692139328463
9716,4.562797919907408
9717,0.8727255174141352
9718,7.129557063834927
9719,4.818982283103032
9720,8.674473785608368
9721,2.9878392308456507
9722,6.083693482309944
9723,4.245906311568762
9724,6.683370433131818
9725,8.18140212776343
9726,6.997827074572941
9727,6.700989582102275
9728,6.710644465325069
9729,5.520414000167129
9730,5.174834218509311
9731,3.0936808037426213
9732,6.436764795631055
9733,8.294155082457339
9734,6.655796047693149
9735,7.449146064295583
9736,3.075176345106268
9737,8.15259614787624
9738,3.634157400130156
9739,7.527628647547869
9740,5.916134368376329
9741,6.767045791873326
9742,3.3131989206751418
9743,7.0238614346451484
9744,5.529214703836477
9745,5.8623832307234895
9746,6.734386257425498
9747,4.618408219429643
9748,6.125966606217097
9749,5.623226423441423
9750,1.5227252857265452
9751,5.789693503432897
9752,4.160260956946945
9753,8.795870509459975
9754,8.604077512064482
9755,6.733546937398673
9756,6.47292035724615
9757,6.837573978849567
9758,7.469694944256252
9759,5.630500118546978
9760,6.590049884288686
9761,6.650628455460983
9762,6.741023490222771
9763,3.3396497886167236
9764,9.272385798887107
9765,6.133812181474521
9766,5.304302033828942
9767,6.081336787878102
9768,2.6991181620250817
9769,3.906576502266752
9770,3.5733120304944928
9771,5.691944948758296
9772,5.086771441849023
9773,5.60094822316471
9774,9.206008743120204
9775,3.330336480346515
9776,4.936617171769868
9777,6.553995689910722
9778,7.619779594273572
9779,8.017255817326395
9780,5.617569980551039
9781,8.486487945117233
9782,6.5752016039258585
9783,7.531146616572151
9784,6.010703737328291
9785,6.092293727936111
9786,8.487037302188176
9787,3.147266020919751
9788,3.9216458289412865
9789,8.208962962607627
9790,4.91819663998215
9791,2.4167958712464803
9792,3.557579294458619
9793,9.909158535959033
9794,6.5945879453590335
9795,6.889425572445477
9796,4.144668986272969
9797,5.976950976825584
9798,6.949880168348116
9799,4.423211124744174
9800,6.259327743481803
9801,7.047017624621911
9802,8.636533691994376
9803,3.973657999528873
9804,3.491432340562025
9805,4.630434911412094
9806,5.722858893605347
9807,5.734486519419463
9808,6.677682897332989
9809,7.216906777338412
9810,2.6620884939606495
9811,7.960611204719515
9812,3.1979578912105495
9813,4.663853320875147
9814,5.71236043908833
9815,4.861579734826158
9816,2.0496428936354003
9817,5.076395863991448
9818,8.148304315026685
9819,3.224595107728718
9820,7.047989800678895
9821,5.112963587607717
9822,5.239635036717086
9823,6.703330554784548
9824,6.340162358425451
9825,8.380651160607442
9826,7.8620483317037735
9827,5.249225508979148
9828,6.578583030868053
9829,6.970769372719229
9830,4.130586491316169
9831,6.739689460100718
9832,6.366692913241622
9833,4.886964796030741
9834,7.866915271175228
9835,5.110866737075237
9836,5.781340183411286
9837,4.738896204687991
9838,4.312842436028832
9839,5.3262020906371825
9840,7.245002493407583
9841,8.79895364612795
9842,5.082152015562836
9843,6.26654441321664
9844,10.0
9845,5.122434909709281
9846,8.03893471023894
9847,4.382410325174973
9848,8.810250044415778
9849,3.2017227372062
9850,6.41758876266411
9851,5.678923828311402
9852,7.813273782927623
9853,6.596187849189304
9854,6.460138663259993
9855,5.941793263790665
9856,5.791340284418793
9857,3.5919741348876344
9858,6.947179986500697
9859,8.119269131386398
9860,6.439338932268481
9861,5.3872118684676735
9862,6.912615044743848
9863,5.891404358126564
9864,4.691354944675089
9865,4.989289772837339
9866,5.79068030384983
9867,8.533100373490202
9868,8.454003603298215
9869,2.5219329328415383
9870,6.358051614840166
9871,3.1416788736418018
9872,9.355939343617498
9873,5.4178021510484085
9874,6.892826395398329
9875,5.361177985554539
9876,4.778440688838949
9877,7.658846264734795
9878,4.914032579950838
9879,4.3228970967732145
9880,5.812103295219623
9881,4.992137966910813
9882,5.260811961798002
9883,6.898895305349279
9884,5.5278392184449485
9885,6.399331813219627
9886,3.9077140356950366
9887,3.782643970792245
9888,3.3810641352382937
9889,7.441892428275118
9890,4.011737369838318
9891,7.73469428467228
9892,7.06773267948687
9893,7.254865364474824
9894,5.4982879980225
9895,7.363143247996359
9896,4.720346937797273
9897,6.304942315932266
9898,8.207774622103786
9899,6.9968986721158295
9900,6.559630954762787
9901,6.732374017507159
9902,3.023685693736787
9903,6.8912442917839245
9904,7.274486842872841
9905,2.357245932867436
9906,8.156799604483739
9907,5.440782610345454
9908,4.777509207810272
9909,4.109283280207074
9910,8.849746169870231
9911,8.108440814726888
9912,7.508732918353089
9913,4.202677556588913
9914,9.319148593050258
9915,4.330051556827036
9916,5.300086502576685
9917,7.195580348295198
9918,4.929024247442773
9919,5.296854741680047
9920,5.540249094224371
9921,8.031254016656474
9922,5.420167306209931
9923,7.371992929900421
9924,6.623121876769687
9925,6.685458283610056
9926,2.9808436593457195
9927,3.755941121154743
9928,6.553572176751632
9929,2.6211261601786133
9930,6.311044459201689
9931,6.7611500609496
9932,2.9691033503522117
9933,8.03923134395792
9934,7.209210979081858
9935,6.407623780244681
9936,6.30967910969713
9937,3.7151590448326783
9938,5.723061427679265
9939,7.23646786929697
9940,5.223190765144081
9941,8.97552502269033
9942,5.147495783044436
9943,2.9607585130746252
9944,7.351644536472148
9945,4.610295171686478
9946,2.4092806704461722
9947,6.49760644935696
9948,5.773803338910347
9949,6.1407976292534485
9950,6.684773310630051
9951,7.838876192180837
9952,6.954339123030644
9953,4.87105485278168
9954,4.994689112527467
9955,5.907942316957042
9956,4.432070626007242
9957,5.75998973932787
9958,4.785413591605361
9959,4.385090049335697
9960,5.778816400349752
9961,5.773224084671663
9962,5.339975774032434
9963,6.162807615752855
9964,4.224788100247937
9965,7.9690722876083795
9966,4.347229539261304
9967,4.440442305048698
9968,7.702414219991217
9969,7.209306827437672
9970,4.870826221427406
9971,0.5916337132151118
9972,10.0
9973,4.297881052730677
9974,6.270029696774388
9975,5.034939344067446
9976,3.962801870688354
9977,6.18088350729883
9978,2.2217993026878444
9979,7.305178873094491
9980,3.917228269287523
9981,6.11447612907403
9982,8.281876115251231
9983,5.059248000815794
9984,7.992904268423108
9985,7.088622256368385
9986,8.466796122896403
9987,6.37484047967779
9988,8.18997031199985
9989,3.2412249385058187
9990,6.152724491565661
9991,5.820954407440366
9992,3.6929272443642946
9993,2.6886976552874278
9994,4.498586719744396
9995,5.889551612789043
9996,6.759318479740671
9997,7.6974783111192835
9998,5.532412299391027
9999,3.0770443248758856
10000,6.693230598014397
10001,5.264962694674647
10002,3.7401057868206933
10003,6.650584162255815
10004,5.716218926908879
10005,1.7730821746991487
10006,8.187402357255463
10007,8.513083111432616
10008,7.929880438786144
10009,4.687249637146216
10010,2.8274979836179748
10011,6.3543158656261935
10012,4.427419194287982
10013,6.000886780004474
10014,8.221388662452576
10015,7.490636970190157
10016,6.43544565090901
10017,7.987849616799626
10018,4.54875590588684
10019,5.039090675469649
10020,9.232979804409437
10021,4.739358567612259
10022,5.619064897668474
10023,5.562266668241313
10024,3.3011884323759793
10025,4.293909490500795
10026,5.924032405520531
10027,6.072259449407181
10028,6.957127604232025
10029,4.535633248145933
10030,5.561404030292089
10031,7.22709548736124
10032,7.604055791293875
10033,6.180627739468784
10034,5.553275473826897
10035,3.3911733888166826
10036,3.6262911360661665
10037,6.283034278911139
10038,5.459292945449237
10039,4.11615177931053
10040,7.099768344441831
10041,1.2344558513141237
10042,6.870412626397658
10043,2.217215024529633
10044,5.434891689524256
10045,7.011010841339262
10046,5.767169387687447
10047,3.7705272655457476
10048,5.3856607125822835
10049,8.113839370953182
10050,5.814087491053315
10051,5.102973918603967
10052,5.68550709170708
10053,4.898176272559798
10054,3.8116246630698325
10055,5.5608513981349885
10056,9.072210430585345
10057,6.398810593016966
10058,5.255150605676276
10059,5.726242208340551
10060,8.27113634517368
10061,7.484000887266997
10062,3.7479848099598483
10063,4.932767595946105
10064,5.6261077476066035
10065,3.34602966788303
10066,8.36353957930506
10067,5.845734094533303
10068,9.665114428918715
10069,5.7661968254202405
10070,5.002478270593357
10071,6.623905422624894
10072,4.0104140080109865
10073,4.449965642176132
10074,8.299239247558654
10075,8.152335134550835
10076,4.4572030161567495
10077,8.925488015994553
10078,4.7012791897997515
10079,4.695099692877907
10080,7.89305133241782
10081,4.006917094537555
10082,3.7381298324710563
10083,7.6627233134054915
10084,5.464225016203355
10085,3.9526251354441193
10086,8.357032532847393
10087,2.6081931271647987
10088,5.299743848015374
10089,3.835291232258742
10090,6.939617360905928
10091,1.6028522023438554
10092,6.040555343681936
10093,7.493896093263092
10094,6.486874846593943
10095,7.528725224358381
10096,2.435771929401816
10097,6.94933206331746
10098,4.54887939360954
10099,7.613029452245983
10100,5.015750922510266
10101,7.104786482308287
10102,3.462175785878936
10103,5.519053136635228
10104,7.416734579486197
10105,6.4464564420201524
10106,7.380978324210188
10107,6.790833608960739
10108,8.089952012675846
10109,3.4875124014877543
10110,2.6030791743189345
10111,7.78890790012594
10112,6.970875039176448
10113,8.102650207391356
10114,7.000826788848639
10115,6.679261839878997
10116,6.530913252851892
10117,6.670124531209858
10118,5.543056929956456
10119,6.636071382775113
10120,5.6927521421993
10121,6.83192422506465
10122,5.410987654549336
10123,7.360228567528325
10124,7.939487662130088
10125,5.918417730483917
10126,4.707066629926223
10127,9.321017487130275
10128,6.8944053793069555
10129,7.855752479304243
10130,5.508673145628076
10131,7.97078124230588
10132,5.198377502242465
10133,4.3189811183110915
10134,3.919301853571935
10135,5.827717406935952
10136,3.3992029464982845
10137,4.374468861061998
10138,4.451610942031121
10139,6.462043001353721
10140,7.8275120771659585
10141,7.741166450571773
10142,3.452609935739317
10143,6.58521045517214
10144,8.945199885207765
10145,9.961319975778185
10146,2.413285715285567
10147,4.284243876281019
10148,7.640369137880171
10149,9.339264230268217
10150,7.091394316301133
10151,2.199832008379612
10152,7.460312651467025
10153,2.814034702573684
10154,6.1992883603887465
10155,6.269280607509844
10156,4.853075773616345
10157,7.656162005890215
10158,5.471070752502721
10159,6.687332405991183
10160,5.928026027480905
10161,2.1790835849050905
10162,7.395464707380716
10163,7.312213184219584
10164,7.600580570582978
10165,6.661924304170636
10166,3.5995835967504894
10167,8.126995209946143
10168,5.115330232688585
10169,8.802374863719225
10170,6.355903260349817
10171,5.860792878743567
10172,6.52090187579702
10173,2.2688491676553815
10174,6.280131789673904
10175,7.246315034878143
10176,5.119142738312987
10177,4.798792022001368
10178,2.617128310834822
10179,7.018971577735639
10180,6.717763807413512
10181,4.179164672482335
10182,6.412537871078396
10183,3.373013033985815
10184,6.016553477973785
10185,6.43993455205931
10186,4.672830053649063
10187,4.602526326691049
10188,2.1506440735878516
10189,8.775059350035056
10190,5.5362727471643955
10191,9.587079486574115
10192,5.368902388608694
10193,7.284476437758621
10194,6.720298870591949
10195,5.7334823572259666
10196,7.212792244368
10197,5.093044055017551
10198,5.779451839055279
10199,5.122558982888529
10200,7.175417372568726
10201,4.2043279520647
10202,1.5281702703219804
10203,8.260756562759065
10204,7.784772688555263
10205,7.895566273230442
10206,5.360182601243917
10207,8.432860069961993
10208,5.320074374011861
10209,3.5300889449854473
10210,7.163221943131062
10211,6.956316368621291
10212,4.937486757397766
10213,6.13207625312986
10214,4.800690733944441
10215,5.3004542012336735
10216,7.268811853783911
10217,8.416744807716757
10218,6.295593256630254
10219,7.043599713523123
10220,6.783651074608332
10221,4.801462172201162
10222,7.609969420407888
10223,2.7385380335178926
10224,4.717309088866684
10225,7.503735195526383
10226,5.751748471869891
10227,2.112751913969009
10228,3.1127268125793788
10229,3.841281280418986
10230,6.901748479870793
10231,6.14885024572239
10232,4.973830603453579
10233,3.9488235048962177
10234,8.269004316419908
10235,6.088498085027451
10236,5.709891865618054
10237,6.603242807251858
10238,4.197098521683742
10239,3.852161764977995
10240,6.36028600724426
10241,5.548065459856973
10242,2.986494169283817
10243,5.523453662991025
10244,3.500928564003172
10245,4.672453697279151
10246,3.203838019579977
10247,7.523849038207786
10248,3.7357075599321043
10249,7.8032617893162834
10250,7.787274954172454
10251,8.54572780510348
10252,6.004130632063237
10253,3.750336053227518
10254,4.912450311263027
10255,4.249477584547246
10256,6.851995959819962
10257,4.628567863888499
10258,3.5825331233828233
10259,5.9695628671328915
10260,6.573120512073513
10261,5.936101791622498
10262,5.529975218767735
10263,7.836202782448595
10264,6.378817402614608
10265,2.92079505631346
10266,6.329143924287915
10267,4.405919187100267
10268,6.922128183225454
10269,7.828612178679837
10270,7.060833103938289
10271,3.9145096868103533
10272,5.092239429903867
10273,8.718710663015642
10274,5.665645062223837
10275,6.197472151322483
10276,5.306335643267149
10277,5.6546429375658045
10278,6.988624780775835
10279,5.172455562346538
10280,8.575209213734043
10281,6.713787682331539
10282,6.007261049711517
10283,4.571419853994759
10284,8.604733388288524
10285,5.423379650722539
10286,9.254998149240423
10287,6.612137385584773
10288,7.055971400802438
10289,5.718746264493731
10290,4.736022973461776
10291,7.684577179384997
10292,8.206606198866458
10293,3.7993275497015935
10294,6.156995903045348
10295,5.792471853250389
10296,9.025566313304589
10297,3.545328980664061
10298,8.750772683246959
10299,6.37441971201377
10300,6.9144673219551915
10301,9.246872903557602
10302,6.579741327191548
10303,6.979064862573967
10304,7.44992508954596
10305,4.124702301835062
10306,4.264959159677346
10307,7.526242984255204
10308,5.388237715988022
10309,5.741588476224842
10310,6.439991721300361
10311,2.8608434464578796
10312,4.853571357073969
10313,5.324834916454674
10314,6.065425494102966
10315,5.460386731218456
10316,9.640109044710899
10317,3.3080596662657133
10318,3.083417106429542
10319,3.6503867719877454
10320,5.661959499808875
10321,4.028285777140801
10322,6.410338486646239
10323,7.645362605564632
10324,2.2156134711504682
10325,6.685217960121587
10326,4.394588517353976
10327,7.540076198049811
10328,4.6180957399748985
10329,0.8821365404953904
10330,8.613014082401099
10331,2.85298898506288
10332,9.067103027926237
10333,4.308672483204061
10334,5.521002298962701
10335,8.042166741315343
10336,7.754493187494014
10337,9.19209928860618
10338,3.84691164775097
10339,4.12251680691841
10340,8.111043602445344
10341,9.893954531325557
10342,5.773016507139613
10343,5.128396922854057
10344,8.402526884241897
10345,5.718865299242194
10346,6.021516687160968
10347,1.7471237531168933
10348,6.56171999916324
10349,5.8834269852224
10350,4.360721577397155
10351,3.8351736050595218
10352,8.211235300722887
10353,3.7704630569975373
10354,5.812756775544748
10355,6.2112240501002
10356,4.883005547175906
10357,7.457027925149262
10358,4.495497384244391
10359,4.558332217322934
10360,6.251681301181519
10361,8.44815866258481
10362,3.4890238183585525
10363,6.484356687630636
10364,3.6468447471776377
10365,4.274619678188072
10366,3.576049769696199
10367,3.053064591852437
10368,6.946257193385323
10369,5.472478714384085
10370,9.105537892081582
10371,7.200266385290057
10372,7.38204261845783
10373,3.7458776608889472
10374,4.7631331847579155
10375,3.4405340502599056
10376,3.911733882786486
10377,4.8247605068824
10378,4.226939496065348
10379,5.04642510661933
10380,7.571202781441645
10381,4.9353703288266635
10382,7.784145021126364
10383,8.325141522214441
10384,4.210225872770527
10385,2.437718625191125
10386,5.2565729972087984
10387,4.064235228872547
10388,6.360722370084378
10389,8.028450484733215
10390,8.491972672194667
10391,9.449271112715044
10392,5.942332502779933
10393,5.280901362279149
10394,5.296282201052129
10395,3.5783232970145527
10396,1.8791814821392883
10397,3.918378202094669
10398,6.988821406800114
10399,3.0483466559107386
10400,2.2105877634957487
10401,5.42325326678014
10402,8.01364216317491
10403,3.207224896272422
10404,6.244720333145152
10405,7.311429694218751
10406,2.251643386387882
10407,8.895339657530636
10408,3.5203145967332135
10409,2.296309592763424
10410,3.2418500789187137
10411,9.78081081996169
10412,4.246664270551598
10413,7.570310410961901
10414,8.840027420162777
10415,6.511734030469382
10416,3.317963521395535
10417,4.148795822935788
10418,8.246624893504514
10419,3.037615881198181
10420,6.48888066423801
10421,6.929282501782417
10422,7.811585185368919
10423,6.385823966091272
10424,6.101106634849859
10425,7.4823022973555835
10426,6.491223814861689
10427,8.69827979016354
10428,6.341952387369147
10429,7.970172825634512
10430,6.799330288992169
10431,8.838533770602478
10432,7.857528115663222
10433,6.656116135227039
10434,6.503645561973113
10435,6.5368301489410605
10436,4.973031195635527
10437,7.743941470856904
10438,5.231245105270338
10439,7.107123261981238
10440,4.6352031106656355
10441,7.718531563193581
10442,7.447950832040495
10443,5.400396784541543
10444,6.64040950137771
10445,3.684192682303287
10446,5.903344575363913
10447,4.582044633278561
10448,4.989181826431877
10449,3.578285510584684
10450,7.072556576361132
10451,3.765032167152397
10452,8.38960998809508
10453,6.921383925408201
10454,7.989088790573611
10455,5.538383271424629
10456,6.05425893807492
10457,6.402612592607564
10458,6.675339781238311
10459,6.749404552952672
10460,6.081017141595804
10461,5.836350990375656
10462,4.560152081904759
10463,1.2198864747008176
10464,5.598846389265886
10465,1.9750355614707351
10466,8.821551168635645
10467,5.498558263995393
10468,8.86754170623357
10469,7.450757589855182
10470,3.8931298957143827
10471,5.266725094194204
10472,7.314224994946615
10473,4.2327486242930075
10474,8.18484706367338
10475,7.9132061985091475
10476,8.076145576041588
10477,5.09193351793982
10478,9.52017556593981
10479,4.950419750041101
10480,6.608229004545425
10481,6.29365414823114
10482,4.306869051285463
10483,5.036854436599688
10484,4.6902237732502
10485,4.094021824716976
10486,6.3254350224897085
10487,2.8469557308434803
10488,6.275790032734037
10489,2.591769257878719
10490,4.0843592064011585
10491,7.48666135937116
10492,5.9330277509958185
10493,7.833571547999195
10494,3.376884996622808
10495,9.225464150469817
10496,8.719479756975728
10497,6.668991868568774
10498,4.397574686096819
10499,6.171010967765091
10500,6.257953882251314
10501,8.080242336085153
10502,3.6735922210156695
10503,3.2048201697213416
10504,7.717782849695304
10505,7.580380920978394
10506,5.867100373609885
10507,9.037658601679913
10508,4.235885510866817
10509,3.197659010707646
10510,2.1293390263761163
10511,5.512866123437043
10512,4.716869961264181
10513,1.4450743570310063
10514,5.60273777063621
10515,7.479844816430653
10516,6.596362397055451
10517,6.512169153071613
10518,5.087101105118481
10519,3.9415934715013603
10520,2.2098091952013843
10521,7.948755128361119
10522,9.996131789414436
10523,8.11940162511084
10524,8.40236080017981
10525,4.706728322153472
10526,7.094286907893443
10527,6.44512005914278
10528,9.9666696130506
10529,8.298695716431821
10530,3.893268725750499
10531,4.735928668278006
10532,7.31588832799794
10533,7.123986549089909
10534,9.114372019841875
10535,4.685200090759833
10536,6.801807054522852
10537,6.202326333293131
10538,7.131494298285974
10539,8.272308672559324
10540,8.018141005080162
10541,5.4454482755751945
10542,3.054300882568407
10543,3.9005904953126525
10544,4.900185305609051
10545,6.602508055181822
10546,6.0381142147580285
10547,8.086932944280376
10548,7.620765631954022
10549,6.893173384001879
10550,3.999048920295786
10551,4.6603457483708945
10552,7.1055272682383555
10553,4.853472022808595
10554,6.41048173601052
10555,3.5159328900579156
10556,7.889904462698669
10557,5.96957636488899
10558,5.875440127359377
10559,5.994520869831944
10560,7.340054805231226
10561,1.6879403537419806
10562,7.774378194507787
10563,5.197013792482978
10564,4.150701448695218
10565,6.107014996878706
10566,9.419586657713756
10567,5.680765418777889
10568,9.342781452753984
10569,1.3603385587806536
10570,5.738950547815796
10571,8.195909937796037
10572,5.625881375918331
10573,3.976125999429408
10574,5.387134522658884
10575,6.140588497792411
10576,3.8434020998289817
10577,6.52443408578638
10578,5.740150570049853
10579,4.487715581483043
10580,7.592050007189635
10581,6.15317777441607
10582,9.287075258461641
10583,7.3493040317544835
10584,4.238874513801899
10585,2.411651512206149
10586,4.831377610316472
10587,5.860776982577395
10588,5.224959019626412
10589,3.5212832379564207
10590,7.152261812105713
10591,6.767831277212374
10592,3.504777610567671
10593,8.54559991690598
10594,7.058654486287794
10595,2.8057207578635217
10596,5.985186162101317
10597,7.829830008512103
10598,5.127106273329976
10599,6.215528679727603
10600,3.274319293032987
10601,4.506904712564567
10602,7.846452943746371
10603,7.625542920704939
10604,4.64999149647609
10605,8.47462697431117
10606,4.006466493475924
10607,7.935180518142079
10608,4.6926332184839294
10609,4.514179731656924
10610,5.743679941113186
10611,7.380250288319616
10612,3.4465116073538353
10613,5.888225563633239
10614,6.072759795978698
10615,6.9461660082726935
10616,3.45197458685645
10617,5.605801455925937
10618,5.582324916525042
10619,7.303930275630588
10620,4.144932411176836
10621,7.682296036182171
10622,4.2839616787783354
10623,6.7124965090710775
10624,6.943692956877683
10625,5.823998401789946
10626,7.825743723080471
10627,7.908151283142736
10628,5.256089744830964
10629,6.223974857968562
10630,6.349504171957702
10631,5.832164295794421
10632,8.361846374625948
10633,6.018903606256418
10634,5.093138727172776
10635,6.901887745123123
10636,7.948714795468133
10637,5.501911610143609
10638,5.2632189772820075
10639,4.287575808697375
10640,6.078654487653118
10641,1.7659507725952261
10642,9.220657965996969
10643,7.490411724306288
10644,8.731651973186374
10645,5.698687230310589
10646,3.6804715402293
10647,3.785879460921244
10648,3.9760980520898994
10649,3.1256338597024427
10650,7.457631313610724
10651,7.435030771099591
10652,0.9259612324408427
10653,6.453492923208811
10654,8.569616361955253
10655,1.7976508810990046
10656,7.709479518414718
10657,5.023563638814344
10658,6.85351102207113
10659,9.681954311816684
10660,5.750587033397587
10661,4.913070012021329
10662,3.992327961822363
10663,2.449859202006097
10664,5.857937172832708
10665,8.274006317742064
10666,9.167005190081042
10667,6.394666174734611
10668,5.507958660658892
10669,5.445776395790015
10670,6.677473993022237
10671,8.282366819992113
10672,3.8864848972901305
10673,6.312239199975207
10674,4.719156643201463
10675,9.176787219188087
10676,5.476126243510633
10677,5.981067584461433
10678,6.6785628002693125
10679,2.5537248902451513
10680,6.980638779836428
10681,4.762478514932465
10682,7.408113204883207
10683,9.18919050712478
10684,7.8092243402671135
10685,5.834505221795004
10686,4.825931434862743
10687,4.296616996014074
10688,6.346116380402288
10689,4.2132186279570405
10690,5.863422202972761
10691,4.666577263367241
10692,8.717615396319603
10693,6.087651563302702
10694,2.2728200392823497
10695,8.291543047682755
10696,4.39310020675078
10697,6.697235609501598
10698,8.752287359816634
10699,6.804671750060968
10700,7.5449507169055465
10701,8.573166226064714
10702,5.961645089540069
10703,8.096118381338616
10704,5.145207544594159
10705,6.647106372912553
10706,8.646664884846894
10707,6.661837086650251
10708,6.447368919545533
10709,3.9215092799547704
10710,4.832495801805815
10711,7.801634471209243
10712,4.079541111410608
10713,4.4300410232492835
10714,6.155520227539051
10715,3.196158328026385
10716,5.257072750013888
10717,7.3515604223554565
10718,4.375566729516064
10719,5.698679267304354
10720,6.48056106268424
10721,6.461527277464879
10722,6.335302152988972
10723,5.0407355432058525
10724,3.880047842515859
10725,5.055955038256536
10726,5.149362277471683
10727,6.784143315801561
10728,5.822335411659853
10729,8.525714771742107
10730,6.747292053979503
10731,6.363779602672341
10732,5.61480715090256
10733,7.863313174767334
10734,7.730114745495897
10735,4.001665073565908
10736,6.626722097116232
10737,2.7721719771175515
10738,4.996506168461428
10739,4.404967542179327
10740,6.675095259640584
10741,6.384495782678994
10742,5.682481702494477
10743,3.8220524870917147
10744,7.687735252017128
10745,7.399920946289885
10746,7.393548172939967
10747,7.255862006529566
10748,7.890807260084117
10749,2.949362529347663
10750,4.55619028900983
10751,1.2894598818533967
10752,9.175553397964444
10753,6.5368684567376825
10754,4.530312207321899
10755,4.24728037305899
10756,6.099699540926916
10757,8.08986482477057
10758,4.62346501338113
10759,4.880657201389753
10760,3.656475169923175
10761,7.252190974895485
10762,4.616022947611841
10763,2.933442069338026
10764,1.0094903935026769
10765,3.1951385658242306
10766,6.551682588291988
10767,7.579779333448694
10768,7.694534531797991
10769,1.5074982125024268
10770,5.3746644749563055
10771,7.3922537091117775
10772,3.846976356783096
10773,6.512004818032908
10774,2.3397311696579437
10775,4.008233057926665
10776,6.531712391126891
10777,4.686861195383714
10778,4.696363220935842
10779,4.502170743469688
10780,3.446364581578717
10781,4.125163544994094
10782,7.4864236826020765
10783,4.522107882367018
10784,7.654989943206541
10785,3.785367592265739
10786,5.8983009598511735
10787,5.095747881228557
10788,6.453453112654855
10789,7.804083770596498
10790,3.7894163414838387
10791,4.453115163415501
10792,8.11321741099484
10793,8.112861876309989
10794,6.431750555797065
10795,7.04515582091085
10796,4.9235894216991865
10797,5.996535172217021
10798,2.8403336599189832
10799,7.844793726780646
10800,4.650522335549271
10801,7.786689951709632
10802,5.5861300599360275
10803,8.673389570731748
10804,6.972404358633637
10805,3.768099215440625
10806,5.167793431186678
10807,7.479015993340337
10808,8.614142334267067
10809,7.359109284680952
10810,5.989959277515057
10811,7.22451956701951
10812,5.860399339879707
10813,6.295402687673567
10814,6.47293802712594
10815,7.7276169443109515
10816,8.24672655555264
10817,7.750608338204129
10818,8.119796077992628
10819,2.7863013975362083
10820,7.904673088316406
10821,6.413187719648053
10822,6.813904036431055
10823,1.6852689141297965
10824,4.224305177417149
10825,6.158800909845776
10826,9.31281299518372
10827,4.883326198378136
10828,4.7182943462277755
10829,6.783380853737444
10830,5.04641006411338
10831,8.047785729734859
10832,5.466765496685229
10833,7.831914879659974
10834,4.957707375565101
10835,5.756492675737059
10836,7.425721696963952
10837,3.9275747910804975
10838,6.886098995889117
10839,5.012122374001044
10840,3.3459001920247586
10841,8.090602215292309
10842,2.200519913793179
10843,7.095103256440107
10844,7.867124325835762
10845,5.216236285527771
10846,7.555608450579186
10847,5.775286806563096
10848,7.4513089533565395
10849,5.827235282099699
10850,4.690298310334353
10851,4.160558024864423
10852,6.060151456006269
10853,3.748573487454716
10854,4.812535064489381
10855,6.016319094119551
10856,5.570486497093967
10857,4.785782941100871
10858,1.1186751158173827
10859,8.04910986046701
10860,7.265021024412466
10861,6.145179864452372
10862,5.671841354296072
10863,6.43298353913558
10864,4.939970747542634
10865,4.028730980899679
10866,5.90940297528223
10867,5.890671586431665
10868,5.793557463738158
10869,7.030785303934847
10870,4.644845127822146
10871,6.640399792485147
10872,2.5364819499018183
10873,5.295610984267306
10874,7.269495546813402
10875,8.477418878918158
10876,7.246790044781101
10877,4.781288147326715
10878,5.5881193276264325
10879,6.967251759742438
10880,3.366427204257116
10881,7.063050005909864
10882,6.241733656777855
10883,5.471732843075689
10884,4.23775066889292
10885,6.426481095489499
10886,4.259949857367043
10887,6.869430481566723
10888,6.14275989564446
10889,5.408371908500855
10890,5.797219918160078
10891,4.197792741432736
10892,7.067231208174053
10893,7.223623411770844
10894,5.284446133485645
10895,7.073853739194322
10896,5.3937580885102605
10897,6.962441969289323
10898,5.642200838020152
10899,2.3076040416621453
10900,7.771659322929507
10901,6.262479530248111
10902,6.816985699498278
10903,4.39416200279181
10904,4.386995473888679
10905,1.8847443181877825
10906,4.517202317052973
10907,3.206737682938791
10908,5.908523867610697
10909,7.036847115822918
10910,5.257604800970323
10911,7.691182870236866
10912,8.338933162877504
10913,6.181818389671984
10914,5.932995961839785
10915,7.133938670350582
10916,1.7741171123669612
10917,4.178166987632336
10918,4.036049307353825
10919,5.935363619198059
10920,5.906154621447986
10921,6.8117910388767955
10922,5.27096861219625
10923,5.37937065525622
10924,7.754336541394771
10925,8.89638895866982
10926,7.365620417837315
10927,5.9737708703185834
10928,2.432559127272161
10929,7.977728244662055
10930,2.811911163996089
10931,7.799547081510213
10932,3.233974387432909
10933,6.796580269879051
10934,8.015356151049348
10935,5.615473880683789
10936,2.074531895163831
10937,5.954989019260621
10938,5.842269086372961
10939,2.719977575982129
10940,2.641051311175104
10941,2.779672711153292
10942,6.679900379465711
10943,5.544042957132939
10944,4.561430998589066
10945,8.451627752406713
10946,5.695964280762228
10947,5.713570308056351
10948,7.498829762410796
10949,6.468708809757696
10950,6.450827749968991
10951,8.450625687765744
10952,6.663045281342991
10953,6.41288181917622
10954,5.924357834858765
10955,6.864295608543419
10956,6.8796698922247606
10957,6.573747180979186
10958,9.823719687671854
10959,6.562436461610495
10960,4.100263775866836
10961,6.582428481934776
10962,2.467569456963296
10963,4.567227719484563
10964,8.592024729846953
10965,6.5001107753018434
10966,4.515944031464538
10967,5.639305463707359
10968,7.5841276919804885
10969,4.803849734124704
10970,5.124008899134113
10971,7.0926200355852504
10972,8.694703082883498
10973,5.6616863110371956
10974,3.648286407078311
10975,2.7357410962607105
10976,4.709795908981281
10977,7.313405458206716
10978,4.835017218513118
10979,2.8867247761440997
10980,9.052676422390913
10981,6.472139244983673
10982,7.150455565469418
10983,8.751784622607872
10984,6.412188576577939
10985,8.563342632043899
10986,8.381760746566998
10987,4.328485498379382
10988,6.329819174003281
10989,5.322048406901407
10990,2.7783028930207667
10991,4.619343543496974
10992,5.871984581166746
10993,6.677852865104369
10994,6.116355667037621
10995,6.8179196569832206
10996,5.070845919864264
10997,5.896752018592108
10998,5.084906522300575
10999,2.993404848571116
11000,5.88019635550949
11001,9.434032921232825
11002,6.776266644321113
11003,6.9437720210385665
11004,8.176119527152167
11005,8.19526008614137
11006,5.792148489755432
11007,7.373113742722968
11008,1.701184806926935
11009,6.508578532550381
11010,5.699763594728976
11011,8.579620715740774
11012,6.039816934872626
11013,3.0872423736849806
11014,7.787244944631836
11015,6.834593687642347
11016,6.512258434547105
11017,7.361340830810482
11018,4.034185545847054
11019,7.136422045279099
11020,6.343981735065758
11021,7.594624320944569
11022,4.396697930940523
11023,2.2632445166630952
11024,8.34554165973704
11025,1.6757845092667498
11026,2.867628959163412
11027,8.104847116393879
11028,3.713146462226907
11029,8.441215954881454
11030,4.746455109105945
11031,9.360137403350782
11032,4.0003967103460445
11033,5.67564109559212
11034,6.3661941536075375
11035,4.938897362628937
11036,6.451504449905582
11037,7.383670004814413
11038,1.6067477251612254
11039,6.92374532598469
11040,4.8877497653736235
11041,9.539360809606414
11042,1.4899021623740203
11043,6.363306322603738
11044,7.355504374721093
11045,6.945353624170652
11046,6.299393575878213
11047,6.6804901222012
11048,5.791864447683889
11049,3.640092748284365
11050,2.838850062571988
11051,7.675121302338568
11052,7.740718750068012
11053,9.57786601365111
11054,7.901728724163413
11055,1.2337107836910326
11056,5.582410860245983
11057,5.944184079832027
11058,5.980039842821279
11059,6.184315567211464
11060,5.479032230974132
11061,5.849359179466833
11062,6.140461563982653
11063,8.420100947472264
11064,6.750445774426029
11065,6.44141384204952
11066,6.13187123171364
11067,6.662294724039205
11068,4.522362115210084
11069,7.527517941440583
11070,3.9220484908405453
11071,7.843879740646601
11072,5.052554201658472
11073,4.687103112150063
11074,9.621861756452406
11075,6.223489278156206
11076,5.687225265515124
11077,5.20992643312411
11078,7.191184596120546
11079,3.475055462692958
11080,6.960248348191744
11081,7.48238060795448
11082,5.049616665758122
11083,3.9883657231974574
11084,3.623227238577113
11085,5.596559479550869
11086,3.9712934270575486
11087,4.805428094957021
11088,7.089796761156077
11089,6.556663233351501
11090,6.939596215641129
11091,3.0075926799567636
11092,4.602866140466061
11093,6.81662634216947
11094,4.915866536783934
11095,3.986090219376781
11096,6.775604773964206
11097,4.853346809898119
11098,5.538045712178832
11099,6.080055184834575
11100,4.557335336238622
11101,1.714496596202288
11102,6.086362419943468
11103,7.754441651838764
11104,7.830339628764625
11105,2.7619481343672025
11106,7.15528137199308
11107,6.175065733149583
11108,5.7108696493605136
11109,7.4079242773786325
11110,4.1624934938820735
11111,4.588364678399655
11112,7.694729064940532
11113,3.4293740313386385
11114,5.898240717016934
11115,9.700729247714136
11116,7.486452981726782
11117,6.611558384862644
11118,4.805143246261552
11119,6.827663355458996
11120,6.736036528632793
11121,6.721391490502137
11122,6.220547082337415
11123,7.235480739808796
11124,6.301075394207599
11125,5.6093932533548685
11126,6.599112299671639
11127,6.2465130849894885
11128,8.334561731498217
11129,3.345921693730641
11130,9.844250701518865
11131,7.567745752969265
11132,4.102345958356521
11133,2.5521033456530726
11134,6.374432454409806
11135,6.33844409242769
11136,5.82668189925545
11137,7.498845659535842
11138,6.452921249547248
11139,6.282053491781129
11140,5.276968347056592
11141,5.441392411912613
11142,5.033078023630608
11143,7.391139468855813
11144,4.893673521018239
11145,5.051361344169736
11146,6.786259046995722
11147,7.034306650723017
11148,7.392049859847876
11149,7.780881186582687
11150,6.222351426201673
11151,9.54714098948142
11152,7.459387475466872
11153,6.47297938737343
11154,5.855226041227079
11155,5.255950647398788
11156,6.7842983060546835
11157,5.760139168518403
11158,6.532489133223791
11159,6.955880319430366
11160,2.66751220072238
11161,6.309475392994191
11162,7.008927130639408
11163,6.291402062680744
11164,7.551591581016859
11165,7.285903388204692
11166,7.182867502076313
11167,1.2063675724729825
11168,8.42850596928408
11169,5.2969024143461505
11170,7.335296959011423
11171,7.855748852986408
11172,4.060930263840439
11173,8.187571588130192
11174,3.461138995124194
11175,3.2376955186291454
11176,4.8258513358673945
11177,9.153543082735531
11178,5.407269602077041
11179,3.0548286665096662
11180,6.204597576848677
11181,8.727494358808018
11182,6.225733173250493
11183,4.530666836741752
11184,8.71194622995214
11185,8.470998045258282
11186,4.49108981426582
11187,5.938987311542493
11188,4.228296893184662
11189,3.3414744610690392
11190,2.4783272850888385
11191,5.044385388594513
11192,4.117841710602619
11193,6.995928487720579
11194,6.426999520291438
11195,3.7645474085064348
11196,6.876531721772385
11197,2.771488385202223
11198,7.848358994935087
11199,5.704908485671113
11200,7.623243897571235
11201,7.418910153284495
11202,5.520613845021792
11203,4.782356493511961
11204,5.953594457971189
11205,8.995828765347929
11206,7.137550245253358
11207,5.297198577655297
11208,6.16766422393867
11209,2.3979966034582905
11210,8.296764921133683
11211,6.9234066538625765
11212,4.122525377931201
11213,4.652788471196156
11214,6.35179287631354
11215,5.628645126647835
11216,7.0604524845324645
11217,8.386331785658133
11218,8.02267538873339
11219,6.660350844030326
11220,5.984294358155343
11221,5.491732065134377
11222,1.0501224169424872
11223,5.495042239523484
11224,8.56705640430634
11225,6.702197156304041
11226,4.469935374506326
11227,4.585478673001354
11228,7.773713547735887
11229,4.675359282873139
11230,3.5517046069405183
11231,3.1992314934488504
11232,5.43973037454365
11233,6.493147450275149
11234,2.778377268635665
11235,5.049681564396825
11236,5.96121373252691
11237,7.726224911530343
11238,9.09558188351824
11239,9.014132220445555
11240,3.296820494811718
11241,7.397396652581145
11242,7.922962843788702
11243,3.9840594651588797
11244,3.4089933935511256
11245,7.272668886959311
11246,6.844621439757594
11247,4.266604462317974
11248,5.176450236236556
11249,7.062714646788668
11250,7.822743585446084
11251,6.07186956043178
11252,6.132726115123977
11253,2.1201764508570875
11254,7.585302599240834
11255,5.138273617109912
11256,5.24551713932052
11257,6.87029192295124
11258,7.225084642972248
11259,7.703096946198628
11260,6.2246316777625985
11261,4.420365742445655
11262,7.954734922332641
11263,2.820180349325955
11264,7.354244761000334
11265,4.506230483837155
11266,6.714902695627241
11267,7.14729330725935
11268,6.670451092265016
11269,7.401608632707148
11270,6.0883807787749005
11271,7.550941044596873
11272,5.313282619225657
11273,5.145911095631728
11274,6.676749637329032
11275,6.752361114213028
11276,6.442634175896349
11277,5.288210692646598
11278,6.584646953325354
11279,4.63494893491567
11280,5.8029603524745195
11281,9.520474904667912
11282,3.88786245356247
11283,6.956435350213446
11284,6.444975833078689
11285,4.69406683791705
11286,7.2869830122012615
11287,7.054145827342774
11288,6.454812371603481
11289,4.256043540226003
11290,7.358670963931178
11291,7.014720429843545
11292,5.864829526719933
11293,3.343687078083066
11294,1.8196461881167874
11295,6.707236757454331
11296,4.0017562626189696
11297,7.772041175679101
11298,7.946102816957229
11299,5.010866760823143
11300,8.72480265174213
11301,8.534309205689217
11302,7.369303519235876
11303,6.909265404768225
11304,5.20449946589017
11305,6.975685008056964
11306,8.122094157427691
11307,6.121378151145628
11308,5.628476781061402
11309,7.15904744427545
11310,5.941900519357309
11311,3.223661555450666
11312,6.757671543467431
11313,6.5895820866104
11314,8.712526749623029
11315,5.063649676113592
11316,4.593551848152393
11317,8.324715509934386
11318,6.044226884959392
11319,8.829930166977613
11320,5.624528054687541
11321,4.845599776837164
11322,2.369276982242554
11323,4.949008039174393
11324,6.639783195731904
11325,4.588478879562049
11326,6.8563210086127615
11327,7.692362463005478
11328,4.499952027657796
11329,6.844524058608938
11330,3.3423604664589717
11331,6.409484030234233
11332,8.853190278009926
11333,2.367236104085344
11334,4.627285313628443
11335,6.298766618207469
11336,7.3727703772787425
11337,8.17177884232448
11338,6.398471128736191
11339,6.426702755907187
11340,4.698965184171366
11341,3.421673706370422
11342,6.756050438027364
11343,5.414749813600622
11344,5.227207437846448
11345,7.384484300958697
11346,6.329047578697564
11347,4.893764248088601
11348,3.7341559035906413
11349,6.382005069991702
11350,3.782418492698742
11351,5.095236670248696
11352,8.965865166497709
11353,8.918988404643212
11354,9.051431736853257
11355,5.686333703866732
11356,7.73992488668639
11357,8.209190895658434
11358,4.707690634533985
11359,3.8542492292099264
11360,6.314874145653447
11361,8.981832892509232
11362,6.087071883579546
11363,3.2877885564650824
11364,8.467781507143652
11365,8.951917271844673
11366,3.4422883291230764
11367,5.995627076208068
11368,6.411589567925013
11369,5.437585046968754
11370,7.032593457768381
11371,5.192165074143535
11372,8.717543136253788
11373,8.077903673212246
11374,9.235560626278513
11375,7.238198020003278
11376,6.29588092822092
11377,5.943696459708335
11378,7.437786215384117
11379,8.177059975754212
11380,4.058681332116352
11381,4.064684829027333
11382,3.3501743826189427
11383,6.222813653890268
11384,6.985033636372924
11385,8.033547383988692
11386,1.7821784343042604
11387,5.129653464877122
11388,5.362541791071014
11389,6.046433045801398
11390,7.30364947926502
11391,6.795133289152262
11392,4.977944656999663
11393,5.314057891406678
11394,5.666873594436735
11395,3.7633104463816753
11396,6.028997899849183
11397,5.8667083875660495
11398,7.536633289101276
11399,2.143335704587589
11400,5.042440735460987
11401,7.0149786102682095
11402,7.64108690220792
11403,4.994387871977592
11404,5.269026836240284
11405,7.277289596993418
11406,7.16379347917516
11407,4.3071387520275275
11408,4.081215697204061
11409,4.297778995510406
11410,7.8148636924455355
11411,8.482000437521261
11412,3.47019455453613
11413,5.772350591898022
11414,6.144067287338093
11415,4.854647929536409
11416,6.710176293164609
11417,6.206344940336196
11418,8.310663953753
11419,6.87463905228986
11420,5.192951621420732
11421,4.241046562385913
11422,6.112645205388713
11423,3.1026141747524263
11424,7.816733907124734
11425,1.037330221515349
11426,2.3382098697837885
11427,7.383177388944694
11428,8.541112512744506
11429,7.618589646210684
11430,4.295022261775883
11431,2.6272439822760543
11432,4.301007051305555
11433,6.3754521927395045
11434,6.1025537116884765
11435,3.664862550337073
11436,7.044291496141821
11437,6.123492722742042
11438,7.460315360427706
11439,7.561101159730196
11440,3.5403503790314774
11441,4.6042211943706555
11442,4.518291865282154
11443,4.6597294723349725
11444,4.655188457753605
11445,8.716963807247861
11446,7.934662046953145
11447,2.103661134523417
11448,5.691384150787072
11449,6.779442213931317
11450,6.447852353936074
11451,6.574105775889706
11452,3.2161574047782264
11453,7.855375265250593
11454,4.719656203586741
11455,5.8614293128948445
11456,6.547810298218176
11457,6.433411458310843
11458,7.84068607069192
11459,8.235506226838686
11460,6.7429785908072555
11461,5.860893366248725
11462,5.004005009519479
11463,4.827895562350583
11464,6.067157712197859
11465,6.3907088695619025
11466,8.111210992846516
11467,6.855767172336472
11468,5.032506936405373
11469,5.781121579439211
11470,5.241341755128095
11471,7.863584631691365
11472,6.510777142067942
11473,4.015011486333686
11474,5.305902043646917
11475,6.780947737280266
11476,5.061381668411793
11477,4.085030681034857
11478,6.041221405970511
11479,6.105849436168482
11480,7.3142225815693775
11481,6.0517049536591685
11482,6.896849830522036
11483,8.27603060048332
11484,7.390561537297895
11485,7.477475903563129
11486,6.269914865772756
11487,2.5469723204273156
11488,5.894880882083154
11489,7.652275983133218
11490,6.159357959299469
11491,3.3807377593044485
11492,7.411336870320382
11493,4.690906889664642
11494,5.11807113812151
11495,4.649489996035943
11496,6.416311026505874
11497,5.782710885088058
11498,5.180508928708825
11499,6.369433847890697
11500,1.8601347001763853
11501,4.829341427649877
11502,5.3898704444264665
11503,3.44907904439378
11504,4.674068507873169
11505,3.3973457215024263
11506,8.670410134522372
11507,1.3584406732279677
11508,6.134847112316231
11509,7.15003291317124
11510,7.980126565658017
11511,6.121992842098768
11512,7.7717459931167
11513,9.982891042676243
11514,4.873236743743221
11515,6.125932362171222
11516,4.281557069219633
11517,2.274286219308477
11518,6.328246886661075
11519,5.957919103966461
11520,8.19637858913934
11521,8.563758016081481
11522,4.753399746696728
11523,4.711345522392333
11524,6.829596623479223
11525,5.501703343628242
11526,6.283905526504786
11527,4.114556347639859
11528,6.651005311825045
11529,2.1463373777335137
11530,6.9507573042461726
11531,5.644800579070949
11532,6.873511905028032
11533,2.745208958302829
11534,3.862424427000161
11535,5.628583107491999
11536,4.796889298490737
11537,6.130614033795414
11538,7.799449697528819
11539,7.131851394203262
11540,6.31295411987073
11541,5.262542099883901
11542,7.992202188264019
11543,5.653024069556163
11544,5.066425747820184
11545,2.530283263253196
11546,7.094395569533409
11547,6.08089836898497
11548,7.600228757430048
11549,5.428793252529506
11550,5.76454057032095
11551,6.211539731795955
11552,8.076132542799643
11553,6.3024178708991325
11554,4.37418249435136
11555,3.905821811988634
11556,5.419015603899784
11557,5.919074094493902
11558,6.038021362108057
11559,6.659869307871029
11560,6.133129419468546
11561,2.3908966374312026
11562,2.920075114809513
11563,2.4844193080476495
11564,5.532448772696435
11565,5.5542221866269434
11566,8.652707442605612
11567,5.223341927137845
11568,7.548036019657488
11569,4.025164617938582
11570,7.008213067570101
11571,7.828506500613344
11572,6.16335825166093
11573,6.568443217742227
11574,5.480432314147381
11575,7.753513328982713
11576,7.465446507564495
11577,6.25389112942605
11578,6.869108384105189
11579,6.124854095945567
11580,3.249277937519501
11581,5.991980623444155
11582,6.2903831444223615
11583,6.713188515087054
11584,6.5951178472417284
11585,3.089931928426982
11586,5.002892787270084
11587,4.3064084330614305
11588,8.00573617916558
11589,8.604910069452943
11590,5.604464505419446
11591,6.502988330989844
11592,2.622295898576195
11593,2.2340809222773017
11594,5.948303641406832
11595,7.1892598475112415
11596,3.9937611967655084
11597,5.1816701866557855
11598,6.972062107134675
11599,5.15380121572854
11600,3.1436822609122044
11601,5.490193661205923
11602,4.012505573780912
11603,6.168372307996394
11604,7.247516929403651
11605,7.175646807418165
11606,8.77937278305316
11607,4.654157180886627
11608,4.2594627472028925
11609,6.653378126430546
11610,6.689235232282879
11611,4.499372090643256
11612,7.21215602531348
11613,8.625696508050403
11614,5.504039742582743
11615,7.706087712913799
11616,8.027288156754107
11617,5.476762719922425
11618,6.94601803954359
11619,4.617650424913053
11620,5.40676693353709
11621,7.624574860743094
11622,6.761144284056375
11623,4.814507342483703
11624,7.483462367174582
11625,6.335567371969163
11626,6.996516351905127
11627,1.4119429241402113
11628,5.916043629764534
11629,7.08858008685845
11630,7.041633420960041
11631,6.80974156630607
11632,1.7358703109656861
11633,2.8345155092031846
11634,8.554820736846736
11635,6.087538272815472
11636,5.238867130288019
11637,5.66574218337742
11638,5.589722395308858
11639,7.8798704823427865
11640,6.4634164143169475
11641,4.293277281917655
11642,10.0
11643,6.7388883443617775
11644,5.976844684310129
11645,5.094981925855071
11646,4.121129212415449
11647,4.326016459313739
11648,3.0482629503330436
11649,7.464705387774049
11650,5.89606808008342
11651,4.530993731069258
11652,5.534795062376963
11653,4.20529909912112
11654,6.836708844452996
11655,8.906828626352889
11656,6.738986163423227
11657,4.7766597427268955
11658,7.260327865518154
11659,6.783730692717506
11660,7.57968086155925
11661,7.074828814455385
11662,5.859414478257946
11663,7.915869832453454
11664,7.25790116374362
11665,8.472096944421494
11666,6.914638422142378
11667,7.535384141985206
11668,6.1671067344858965
11669,7.558366517585059
11670,3.6888108174891237
11671,5.178418896297241
11672,4.263740657827843
11673,8.418057615486498
11674,6.806729299026865
11675,4.994358304308729
11676,7.947890947939562
11677,3.8609251352802354
11678,2.940212381895895
11679,2.5089373025863164
11680,3.930560414144077
11681,5.50015845613085
11682,6.283004830344727
11683,8.902611485080904
11684,3.6636053391855365
11685,4.269683586780864
11686,3.8566335142362416
11687,4.598069741765427
11688,9.737603836726707
11689,7.718418481676325
11690,3.320948643220382
11691,6.003451410176857
11692,3.5532504510720373
11693,9.017597064484622
11694,7.917626189194885
11695,4.4811176028438675
11696,2.110886316731957
11697,5.9621142900279605
11698,9.119984669910991
11699,3.063599365146031
11700,6.7205397292959494
11701,1.4739746177905413
11702,2.901894973903659
11703,7.098542390808304
11704,7.925366213017414
11705,3.495895750354631
11706,5.539622051503081
11707,7.360843736498536
11708,6.693302651771796
11709,6.299070959301944
11710,6.897999151553884
11711,4.334521962109437
11712,7.4733378169703455
11713,1.8939535743475706
11714,8.174296710557021
11715,6.149875167368953
11716,5.399780857207283
11717,9.461846302741726
11718,2.977289911006174
11719,8.869714184867277
11720,7.656029964243634
11721,6.7087759256061785
11722,1.3943304882282064
11723,7.506663135372731
11724,9.227936446362119
11725,5.383861214176358
11726,2.53679844789479
11727,8.282994511339163
11728,6.869719944846083
11729,6.417594210872719
11730,4.136073339060541
11731,5.941499386235185
11732,5.016389262324129
11733,7.6372477900210045
11734,5.711418790707942
11735,4.822527549322979
11736,2.4856796320359846
11737,6.994723990001525
11738,7.930805804374118
11739,5.783585895219521
11740,4.504789990924521
11741,3.631258007531966
11742,4.990775040325044
11743,3.685209237989564
11744,6.5261376567402865
11745,6.442739897570322
11746,2.2128015378115893
11747,8.160868429378509
11748,1.9634685075877003
11749,5.31264131114499
11750,8.612305729051295
11751,5.725978522216382
11752,7.348959117174425
11753,5.201254043441596
11754,7.7555293865822055
11755,8.362947658742701
11756,2.02556680600368
11757,5.511908414959761
11758,6.42496601740325
11759,5.882706123884812
11760,4.885565156416409
11761,7.163781709865286
11762,3.705868117391162
11763,6.526734632456578
11764,9.59316968116135
11765,5.355432565648371
11766,5.904908037773901
11767,7.054493995979477
11768,5.078897719806313
11769,7.537130552885449
11770,6.646029257126886
11771,1.9864455791257414
11772,6.359014759888116
11773,6.031932428360738
11774,5.8988216976694146
11775,5.469817630972198
11776,6.38705283732243
11777,3.1177842539962155
11778,7.234563659151067
11779,7.569275900156253
11780,6.369813992560765
11781,7.943001031969787
11782,4.338606171834751
11783,6.752533825941525
11784,6.2623657949402185
11785,8.373411689375054
11786,8.710749499241034
11787,4.974015596785334
11788,6.922114003987668
11789,4.936247514265669
11790,6.420890730263843
11791,4.204520032932736
11792,9.541855018419213
11793,5.93291766947186
11794,8.02260032665069
11795,8.353445913034438
11796,5.355916089971467
11797,8.4143028779339
11798,6.7573091511004035
11799,3.388167930642758
11800,3.836670362345998
11801,6.953247882655399
11802,3.483622443439243
11803,8.280001609076317
11804,5.559050924483789
11805,6.621457109756836
11806,5.100981293369199
11807,7.627471054102895
11808,7.3769014266591855
11809,4.652034105628621
11810,8.277693028854832
11811,5.678476253051872
11812,5.031983053323485
11813,5.695510553138673
11814,6.622675976169523
11815,6.241111910660859
11816,6.206676569233432
11817,4.539585213203152
11818,3.917638231738446
11819,5.301121915029574
11820,6.656261962812234
11821,3.2341917629388206
11822,4.470613048376163
11823,5.007038876026501
11824,7.3245704832774265
11825,9.58288546380779
11826,6.875114001982608
11827,6.24363843267685
11828,3.742895642419575
11829,6.137665669660583
11830,2.8907474175353687
11831,3.4610125321078065
11832,3.676437590296309
11833,5.306888738119023
11834,3.29073179156205
11835,7.047136903869542
11836,5.546098575459898
11837,4.805779276247696
11838,5.622412643909323
11839,5.151781375461826
11840,6.6999007711100225
11841,4.820124745446665
11842,3.4349003462683756
11843,6.495746166089937
11844,6.372453083455445
11845,4.4168482134390255
11846,8.80540526876396
11847,7.935218463552145
11848,8.134950645513076
11849,3.3696095691374346
11850,3.688457360816425
11851,9.458136502205885
11852,7.064689030621531
11853,8.152968354516187
11854,5.92196720876807
11855,6.319902706300686
11856,6.9490115887163775
11857,8.04011519087305
11858,7.252848728272197
11859,5.984100885767809
11860,7.36556597951442
11861,3.6759880305103643
11862,6.829474798892695
11863,5.629737217782011
11864,6.5533702864283505
11865,5.470495502860934
11866,3.306168149026507
11867,5.571380825980608
11868,5.340907838654749
11869,2.6594198276405203
11870,3.154385177729094
11871,7.1954787321476745
11872,8.759032631650648
11873,5.3592015901072845
11874,6.624277101070887
11875,4.769137256042656
11876,9.487481374737829
11877,4.465288200119481
11878,10.0
11879,8.727526691391637
11880,2.6016785948274745
11881,4.690332229441451
11882,3.2983572286378946
11883,2.9726424350357523
11884,5.547139921639743
11885,3.8773935635551915
11886,6.232812340678468
11887,5.118962720946483
11888,1.8207218003086099
11889,7.117955513110774
11890,4.402179599682728
11891,8.253866283048549
11892,1.7969181323168604
11893,6.355695538450254
11894,4.040901404846691
11895,7.640413655854667
11896,6.383470729639919
11897,6.040459656153981
11898,4.269524404213468
11899,6.857564699386321
11900,7.785443819102474
11901,6.983557536663147
11902,9.150445595586184
11903,5.091958694043644
11904,6.753904603860331
11905,6.660307588062503
11906,5.90797154972285
11907,5.032324091957998
11908,8.985642592337724
11909,7.185008250102169
11910,8.234990929540386
11911,4.532442208475939
11912,5.650147082264131
11913,3.0273482128694456
11914,4.974740747092004
11915,6.742563442096856
11916,5.949800777687584
11917,5.911014456439914
11918,7.008332650810372
11919,5.462767713816479
11920,8.452001685478926
11921,8.03010430802724
11922,5.955008942162566
11923,6.0794034390622125
11924,4.507101076969553
11925,4.431336744039022
11926,7.859741698716093
11927,3.7938357761780312
11928,5.817065205762295
11929,6.457621752261653
11930,5.895451186437996
11931,7.70399717266761
11932,6.639569211735121
11933,9.85570199529887
11934,5.003886122588153
11935,3.1489916578200066
11936,4.527421198207929
11937,7.39515667778024
11938,6.099473822963704
11939,6.9168141132618395
11940,2.4608917661098757
11941,5.375403525925265
11942,6.357290844884306
11943,5.373585110662449
11944,2.3874585269097444
11945,9.145818943812136
11946,7.975185754561479
11947,3.1703698182928566
11948,6.58564800581693
11949,3.640410973333918
11950,4.36732097039896
11951,6.67619787427152
11952,7.179389069689881
11953,6.314154101597363
11954,7.9048132847099515
11955,9.503835073628036
11956,4.661952310827096
11957,5.398757791486421
11958,4.919658611734719
11959,6.846673636173966
11960,4.834809263334034
11961,7.196423651083336
11962,6.906298552285547
11963,9.870750171554695
11964,7.039956136775296
11965,5.458314361445547
11966,8.618417314931822
11967,5.608533737121467
11968,8.04807750915582
11969,6.667228074634473
11970,4.821200322123345
11971,3.652335463238162
11972,4.4103120123161945
11973,7.264255234241746
11974,6.275185673420498
11975,3.8066593344943036
11976,7.384027175083439
11977,4.293650323882427
11978,2.445771288561098
11979,5.653032294521637
11980,4.008523576217057
11981,9.198711606355687
11982,7.38651256632091
11983,5.77876689062523
11984,6.409241792466717
11985,9.173096694378698
11986,4.879281218268241
11987,7.270035047260399
11988,5.383003512896831
11989,6.356472861472948
11990,7.530828301110048
11991,6.0719046098869915
11992,4.706923268868604
11993,3.7868142582000752
11994,9.458130660973747
11995,6.66673224794604
11996,3.9296967262038573
11997,6.486525889324127
11998,4.727970430799996
11999,5.320544629574024
12000,8.500601506597578
12001,7.945679941971728
12002,5.4529672302122005
12003,1.8965529542716544
12004,6.609821113989383
12005,4.648793800455899
12006,5.152267997247315
12007,8.665980806760038
12008,8.201096465523015
12009,6.387003045528436
12010,4.5060808614902825
12011,4.3475419862266635
12012,3.6352342884159787
12013,4.885424641331023
12014,6.383738749795536
12015,4.223802326263581
12016,8.159750816091206
12017,4.083643073760757
12018,4.45695514544556
12019,5.087714270629413
12020,5.327381271171112
12021,2.9913599265711155
12022,4.890863791383077
12023,4.003589706649719
12024,5.32026724211315
12025,5.20108621706533
12026,4.413180440328385
12027,5.047586659396229
12028,6.5359015191497205
12029,3.9503447968416405
12030,9.275617625236707
12031,4.858687613933846
12032,5.348710106725596
12033,8.518168604041634
12034,7.986946597204735
12035,9.664214758304945
12036,6.70312948580657
12037,7.363893647235926
12038,9.251034294724997
12039,3.336957635857377
12040,7.6249967581816795
12041,6.736523268311107
12042,7.43389934223343
12043,2.737872086709484
12044,5.547674745355381
12045,6.054468462056412
12046,6.662701882081511
12047,4.499716380678369
12048,6.023918053510387
12049,8.392579505356467
12050,7.025595600106389
12051,7.431701776476208
12052,8.758558341770264
12053,6.9862648497755835
12054,6.368115792250548
12055,7.609528753986967
12056,8.38478865703806
12057,8.676988910767598
12058,7.099546410596648
12059,3.8708495590268193
12060,9.359516796081625
12061,7.744857213287101
12062,5.7130184793774115
12063,6.583290171311238
12064,7.626508344503313
12065,7.432891725525961
12066,5.21749977427717
12067,8.685738799954342
12068,5.0660886866979915
12069,6.203206670994842
12070,8.668237163364369
12071,7.222646692824607
12072,6.311416001059186
12073,3.7651952327388565
12074,5.958223934757616
12075,8.375737758769063
12076,6.226122047615605
12077,3.3473444381902193
12078,4.380816987163892
12079,5.405184784419976
12080,6.520214200834815
12081,4.607172193630177
12082,2.0320643792237565
12083,5.176272228678606
12084,6.525538257281706
12085,6.157528771325844
12086,6.639433993795983
12087,7.798757446892083
12088,7.324820520141816
12089,6.209549780199854
12090,5.3172118567781625
12091,3.3376843767726645
12092,6.49205220247519
12093,5.8996472430385625
12094,5.394247551420481
12095,2.3302860937498973
12096,6.380458108332383
12097,3.822247965297842
12098,6.203634528944534
12099,5.804434658555945
12100,4.255533288264669
12101,7.725665287400588
12102,8.49976463943998
12103,5.975681242013094
12104,5.902441171862601
12105,8.920619490955579
12106,5.205793079662523
12107,7.873636881434963
12108,5.973248264838423
12109,6.604910038667093
12110,6.746429098820748
12111,6.137707074373755
12112,6.62668586190856
12113,5.263212998493773
12114,7.451946727049997
12115,7.0081859530626565
12116,6.80194852325839
12117,5.952429846939536
12118,4.8336113869906985
12119,6.607350482906602
12120,5.622717043299529
12121,4.066828386009807
12122,4.852450793045739
12123,9.786364073343531
12124,5.757294046318306
12125,7.947513364761648
12126,8.990741727556397
12127,7.175487460181708
12128,7.525178829220717
12129,6.8256628660580345
12130,5.334329302864503
12131,7.783284395932942
12132,4.5759729157665205
12133,5.96289601608004
12134,6.0762951721038885
12135,4.531356712847803
12136,4.348767843324991
12137,1.555192119147083
12138,2.996770697035009
12139,3.658719507475535
12140,3.459940903516165
12141,9.123921764360034
12142,8.632170053499387
12143,7.407681100304193
12144,4.591214524588736
12145,8.212728369620487
12146,9.019256648352277
12147,7.461238033993272
12148,7.702419716850672
12149,6.009690232679568
12150,2.685567911787172
12151,7.737596643300736
12152,7.8891613946204755
12153,8.892889573833385
12154,7.011355071177043
12155,6.276448921914561
12156,9.210353978319699
12157,4.654079580211516
12158,7.389903429170061
12159,8.305364807804654
12160,8.819507767142333
12161,2.5782357310373603
12162,2.936694883087666
12163,7.818128537659767
12164,6.023720080816513
12165,7.988712836085074
12166,7.659246788312386
12167,6.304364178388483
12168,7.41530548947794
12169,3.3640681765154614
12170,6.874478489514908
12171,6.080304518364501
12172,5.688147131396705
12173,1.390332747470943
12174,2.866956732024564
12175,6.117491676429508
12176,7.6156649581334515
12177,9.557080803087034
12178,4.528413004252806
12179,7.270127291582982
12180,8.538427507789423
12181,3.4320995341258302
12182,6.823361403383962
12183,2.8756114293056916
12184,6.92733700236135
12185,6.393294112456286
12186,4.353600663265003
12187,7.423345608513476
12188,4.5505447158179555
12189,4.813371900532952
12190,2.7194135541301003
12191,7.296146471910749
12192,7.79682194672384
12193,8.250844133823454
12194,6.6172148793674905
12195,8.388258621097448
12196,6.527472049384069
12197,6.8275649439019555
12198,8.40429071648596
12199,3.014213108938407
12200,5.252914390945327
12201,4.777188129893713
12202,2.0702290285043166
12203,2.1934555388657753
12204,6.132655997688343
12205,5.1235401738392
12206,4.978297610738745
12207,6.030896295601383
12208,3.100337845563185
12209,5.3394403032892575
12210,5.385880003995857
12211,5.433049833107407
12212,8.31065606527007
12213,5.957230881031844
12214,4.433823600061235
12215,4.079953233039965
12216,7.291712077994838
12217,5.050158215440678
12218,5.815382980466423
12219,5.2277781307643
12220,8.364142308033841
12221,5.476580780002778
12222,3.3365325412501536
12223,8.140216608877513
12224,4.973728614489129
12225,6.103153287557973
12226,7.803791272728145
12227,8.65951311825914
12228,4.699873392209371
12229,7.971181648251436
12230,7.072920138473012
12231,7.604627326698948
12232,4.362789857290424
12233,8.01933584669739
12234,5.797635926317875
12235,5.901267722106203
12236,8.726726704662266
12237,6.875026645603024
12238,9.07554799263616
12239,4.313350840406404
12240,8.497965344764731
12241,3.4170499790337496
12242,7.4085926134160776
12243,6.240434642927942
12244,6.356524494670807
12245,3.815798912606837
12246,3.2883762803784373
12247,6.817346166731303
12248,3.8476812926761874
12249,7.232837286096283
12250,6.047378427325051
12251,8.926585636791842
12252,3.848131932013384
12253,8.771735921758951
12254,6.326113045479623
12255,7.635187186775993
12256,3.8938969242427888
12257,6.348787721566866
12258,5.242257396871375
12259,3.483132336367725
12260,2.864991694618959
12261,4.678849897061214
12262,7.9110864060730846
12263,6.1612802525070345
12264,5.3326309867601225
12265,6.648864549867745
12266,5.041445829193651
12267,5.7023932401770985
12268,5.0210371557900535
12269,6.958021504431358
12270,6.620202189579013
12271,3.189409704814392
12272,4.035733320374287
12273,5.345692229672495
12274,5.1873681722659555
12275,8.395509576070364
12276,5.981815120629012
12277,7.245271969032364
12278,4.33897608672041
12279,6.50471305336166
12280,6.172764904956327
12281,6.221371360716675
12282,9.030324981569223
12283,4.450081103222548
12284,5.787299801739518
12285,7.863536324594015
12286,7.918630230336091
12287,4.756772936205223
12288,7.754083080343288
12289,4.341370131399107
12290,4.342675120780352
12291,5.105453380141557
12292,5.470934556487777
12293,7.174375730461593
12294,5.949603089514756
12295,3.455075674768508
12296,4.289596768161647
12297,4.0387574266178365
12298,8.089983700602126
12299,4.155995478822187
12300,3.8623912660648014
12301,7.050669111474926
12302,2.6261235994267436
12303,2.172084974538764
12304,4.3291422370038175
12305,3.8765580389916288
12306,5.99355349926444
12307,8.749519821799355
12308,4.90185297399877
12309,5.245112129777669
12310,7.299149553366383
12311,5.291517378547734
12312,4.813927897957609
12313,7.978316792418053
12314,6.455919239134197
12315,3.9347445736929783
12316,7.679900922860037
12317,5.345472966729943
12318,4.194318485641083
12319,5.153408915020824
12320,5.801154040544474
12321,6.7518951600239205
12322,5.625170684017499
12323,7.322317242307715
12324,4.345475800963935
12325,8.027589387022005
12326,3.9451470450089996
12327,8.718866422365664
12328,4.690538297836822
12329,6.666793068328458
12330,8.201819034315609
12331,4.205888209842995
12332,6.140740654946176
12333,6.87115390600115
12334,7.951170702815432
12335,6.776324773637167
12336,6.3400593516285575
12337,3.2271385316166663
12338,6.009059655009739
12339,6.62506151232931
12340,6.181071614058565
12341,7.092491796634374
12342,7.034343222547742
12343,10.0
12344,3.1439699298911705
12345,2.06799908928443
12346,5.635610512311303
12347,4.20972652989917
12348,7.387170418063983
12349,7.139497759911658
12350,8.670880737862813
12351,8.88517693311019
12352,6.403469655045874
12353,5.63359286648425
12354,6.69511452459384
12355,6.5122634832275095
12356,8.577586830319694
12357,4.121050488657936
12358,6.756210092185546
12359,4.924499018890453
12360,4.44507148401339
12361,6.163951521549986
12362,4.923866845602668
12363,6.865352692870371
12364,4.494942799019623
12365,7.585449244998582
12366,7.388558322630526
12367,4.183109357652846
12368,4.582095783394597
12369,8.724529839077357
12370,4.758196957951918
12371,5.645034895818736
12372,5.789800205510661
12373,5.899206391895342
12374,6.8887786415653744
12375,7.552519529213769
12376,8.977821325765483
12377,9.563345002605821
12378,8.742119368133997
12379,6.570079525119861
12380,8.07742853633801
12381,4.6638984676102835
12382,4.819040730780066
12383,5.997546670589591
12384,1.051437543094207
12385,4.259361603771893
12386,5.262798332100238
12387,3.7321614634788625
12388,3.319897221386761
12389,6.628447439379828
12390,4.936256507850698
12391,5.055265032837729
12392,7.143409542624496
12393,5.0351683289357325
12394,2.989592962354991
12395,6.195332495040617
12396,8.534393079185854
12397,7.286382586787391
12398,6.519395817811739
12399,4.614477693601495
12400,8.494410609899344
12401,3.8445391845289034
12402,6.940853322248648
12403,6.245664282999743
12404,5.748293199973407
12405,3.8289371327163
12406,5.894450144545294
12407,4.746829029288102
12408,3.73704663683691
12409,6.431007421117938
12410,4.864946137063464
12411,5.575506788205811
12412,8.372803764999627
12413,8.150289854687662
12414,5.825894487007349
12415,6.269175456515182
12416,4.013980773518108
12417,0.769795526044562
12418,6.299141510837244
12419,8.848574171071375
12420,4.948565760664818
12421,7.043397728516367
12422,4.825753620976356
12423,8.205781416153526
12424,2.8784741837053978
12425,6.382044541381856
12426,3.4599426903104007
12427,7.838892122157772
12428,7.764521551062216
12429,4.866264966966128
12430,7.795321603781748
12431,4.028689428146043
12432,6.106628327490335
12433,6.3433985224844855
12434,8.876662788129359
12435,7.861828257325727
12436,5.202865968803303
12437,9.922057175920738
12438,5.585625651100702
12439,6.65805391027795
12440,9.140814464361208
12441,6.706232865883088
12442,4.596911368673286
12443,8.248019182850836
12444,6.530219156390197
12445,6.224821319700113
12446,5.458400795525202
12447,6.552214006543163
12448,5.886747271305874
12449,6.154345447551732
12450,8.533376960756303
12451,9.029168186772473
12452,5.764453423337045
12453,7.062882409041761
12454,6.716045861368879
12455,5.1134580410865516
12456,4.554036504417389
12457,8.159739279050244
12458,5.830357621768578
12459,0.43538964441829414
12460,6.131448718914216
12461,9.254131918702207
12462,6.092886255972683
12463,4.562535176324624
12464,7.237853355306695
12465,7.023057766305223
12466,5.544826611666216
12467,7.994117480153041
12468,7.476847042188947
12469,7.832876030396896
12470,6.341301576354227
12471,5.192385427255169
12472,5.548120948065558
12473,5.505638554649768
12474,7.797698315633478
12475,3.2938175250723196
12476,1.4889842403239937
12477,8.852991411262222
12478,9.164730409572675
12479,5.721166913550607
12480,7.684555000617553
12481,4.586812684295469
12482,9.476905453831376
12483,6.595473174375441
12484,5.083857795490214
12485,4.923544699095142
12486,6.547358420686302
12487,6.5657887233892405
12488,6.50685853655329
12489,5.1721058311163075
12490,7.134425259594713
12491,4.470310686956869
12492,6.306429924642132
12493,5.63862234849095
12494,7.366783102917082
12495,6.011877590125037
12496,8.242907408505884
12497,7.65324751439866
12498,8.535207177010019
12499,1.9105725120010966
12500,3.135880030636914
12501,4.198718630918457
12502,6.46203547675525
12503,5.346034850284459
12504,3.8358257434822485
12505,4.854312554854696
12506,0.6925006546213964
12507,7.151791333503083
12508,7.982808641008936
12509,5.0574893476459435
12510,6.925610998375746
12511,5.412225393527262
12512,9.114650012954097
12513,6.253010550339275
12514,5.502098940596884
12515,5.835800711750187
12516,4.642729244141949
12517,4.388060457794268
12518,5.559100874186293
12519,6.077030992080812
12520,7.752923157577366
12521,5.2244725957093765
12522,6.417451584906737
12523,4.502795613949995
12524,6.39800737546843
12525,2.189169837080782
12526,4.021927943345986
12527,7.200874211040855
12528,6.578464444428825
12529,5.945672740319682
12530,8.623990838237352
12531,6.353184354469148
12532,4.797381512114612
12533,6.1910023037829225
12534,4.03925577274145
12535,6.840971880423835
12536,4.391967468081989
12537,4.949477642110347
12538,3.4992248919215334
12539,5.440209908829956
12540,8.285795338920488
12541,6.906467894566838
12542,8.47646958201612
12543,5.370349128115338
12544,9.459951847943435
12545,6.320545316145728
12546,6.604404025421672
12547,6.991278213409024
12548,7.863379224079286
12549,4.80819355984598
12550,5.661902203480002
12551,1.9122418565364991
12552,4.743110328248539
12553,7.397429212935163
12554,2.11916956470855
12555,9.854422644005972
12556,8.320394544497915
12557,8.154279215089858
12558,3.537945752035764
12559,5.461060721282181
12560,5.165089089305862
12561,8.281681344400383
12562,6.478508417953952
12563,3.702621088521986
12564,7.8710105118806695
12565,6.760686783901654
12566,5.9394978198285795
12567,3.907237302425081
12568,6.021570326389088
12569,6.167572675312471
12570,5.962018385744989
12571,8.537130696440533
12572,5.090821107060188
12573,3.1320680108730214
12574,6.806015605881104
12575,5.990661362417502
12576,2.847185118379807
12577,5.466046641033413
12578,5.971614755543568
12579,6.4140820607984965
12580,6.080327381647153
12581,5.427483788511104
12582,4.258836173161087
12583,5.851041844344594
12584,7.456521050822853
12585,3.751286187381786
12586,7.5911372209088785
12587,7.7131626749312865
12588,2.4071079968020066
12589,3.3399514295273347
12590,8.565407507433349
12591,7.715316052560896
12592,6.2229260514826334
12593,6.782087331285377
12594,2.868333554786022
12595,7.125549114312341
12596,7.512546443797788
12597,6.952597853677342
12598,5.3481515884621
12599,5.712911662092839
12600,4.421187307611795
12601,5.912738142174532
12602,5.664210288020384
12603,8.529975795420025
12604,9.244345150431306
12605,9.710178183844993
12606,6.155670230313931
12607,4.32171764264063
12608,7.351538586680285
12609,4.387284335838091
12610,4.946935324091285
12611,4.3573744642459245
12612,5.8686167930129765
12613,8.315647929665127
12614,6.3159327582351
12615,4.868793010316681
12616,8.310527309222175
12617,2.0527792469883157
12618,5.3157966930170675
12619,6.776490575869538
12620,8.23320063211688
12621,7.670327635316997
12622,5.426166314823052
12623,6.911097376761167
12624,6.7575744198612995
12625,7.108565842164102
12626,6.535680048838662
12627,5.651189424136122
12628,7.6841028792640875
12629,8.015365017812274
12630,6.808825586023421
12631,5.951444992671792
12632,4.067411384468111
12633,6.65961659986026
12634,4.7524180815819035
12635,4.86481544351174
12636,8.288673703287136
12637,7.384415863460293
12638,4.182892325999797
12639,6.5242185251789735
12640,4.463200834426322
12641,6.1196601453556205
12642,5.647398280185139
12643,7.026398090328581
12644,3.347460754684252
12645,6.317345649551876
12646,8.291934522498769
12647,6.546157766584295
12648,7.558701132810681
12649,4.686229434069405
12650,4.443946576863256
12651,4.951972108643931
12652,6.246364225777859
12653,5.988653778461492
12654,3.9688663285838195
12655,4.87938347288507
12656,4.637221760861143
12657,7.4993607501946205
12658,7.870291328491174
12659,5.939118156550749
12660,6.1862681625422224
12661,4.266913245165815
12662,6.070856981568728
12663,6.137256418911192
12664,4.157740182014218
12665,8.826898960814383
12666,4.785871698548947
12667,8.319259290966375
12668,5.884533026108164
12669,6.475663605544916
12670,5.122511288555327
12671,7.544547744369617
12672,6.826825133941231
12673,3.0564328789730024
12674,8.306053837273849
12675,4.721690409871898
12676,7.827532486299523
12677,9.897782550509907
12678,8.806996580958474
12679,6.396611287170073
12680,6.3507242913163
12681,6.444237196182347
12682,7.322260964468512
12683,6.239320014891547
12684,6.876766127981093
12685,7.216534620838948
12686,7.391436746781409
12687,8.436970024606207
12688,6.028823244123734
12689,4.684028420383385
12690,8.993902190262833
12691,6.057351761074743
12692,8.089845690138384
12693,8.209596669775797
12694,5.280224062985636
12695,5.0680318561935
12696,4.779463513593057
12697,4.308336169881285
12698,8.23489002341043
12699,6.0507558567864725
12700,8.113702034459651
12701,5.519493823978018
12702,5.303164725258644
12703,6.019366394292023
12704,1.4693478562176607
12705,2.897550534229295
12706,6.9470058889858795
12707,2.782555512322848
12708,6.049314212748238
12709,7.981249264437273
12710,6.559642165466034
12711,2.399402544942008
12712,5.029272723781312
12713,5.870727944023867
12714,4.0313337529753275
12715,5.2395693524161056
12716,7.334424387742861
12717,6.154095583885846
12718,5.248112564244778
12719,4.977428291247602
12720,6.081521117555123
12721,8.78111637186068
12722,4.5640713326668
12723,6.327427669953561
12724,8.316405555646101
12725,6.4660042906210515
12726,7.369751044378802
12727,4.577527149333726
12728,8.015136809310484
12729,4.0451123602850085
12730,7.108344814723999
12731,9.19903295344187
12732,5.482210943641016
12733,4.542827818486396
12734,6.613093040556857
12735,7.3852702582180205
12736,6.307314589656214
12737,7.9313922006483075
12738,8.042366270189527
12739,8.320789392047073
12740,5.173767617596159
12741,1.674911976479205
12742,6.192934179553467
12743,8.516689924779598
12744,6.241467657795165
12745,8.614321857922974
12746,4.119176664595082
12747,5.564564193932225
12748,6.027815217163012
12749,4.550520905242953
12750,4.641072044368154
12751,4.138904795408667
12752,7.062409999652442
12753,7.644762844448112
12754,3.2338156541102463
12755,8.632206024917704
12756,7.1050684367025
12757,8.14885707265601
12758,5.4511639871074795
12759,6.380059730972371
12760,8.286215716550448
12761,4.005456897543389
12762,8.481329084554531
12763,2.178639768373573
12764,4.572146024238968
12765,6.9199942260230545
12766,8.001069764086516
12767,5.424409234872567
12768,5.374570146082447
12769,3.7520407096740787
12770,6.5062250600613325
12771,6.506136735660951
12772,2.7166690224571197
12773,1.4214129899424246
12774,7.4720563398637605
12775,5.111929037391995
12776,5.026200214891077
12777,6.804394338965135
12778,7.860726932336995
12779,7.676269717380693
12780,7.253803771357516
12781,3.926531043201866
12782,4.523745666793713
12783,6.972458537310893
12784,6.664292934880787
12785,4.946815534261253
12786,7.213359014848895
12787,7.197676612154651
12788,3.9288716748397845
12789,4.892610369280915
12790,8.709335681229708
12791,6.236163513389681
12792,8.734965044107888
12793,7.342925746061657
12794,6.732321257713294
12795,7.189627007658231
12796,7.934096060758283
12797,4.465214055566078
12798,7.104709811757117
12799,5.745712566227859
12800,3.183854667622161
12801,6.020430606073118
12802,8.553631225009829
12803,3.965679258600042
12804,5.228769141100903
12805,3.086170177385077
12806,8.485745406325352
12807,5.101635361796563
12808,4.4758593819998795
12809,4.915763794390892
12810,5.528220625761253
12811,7.502819648549063
12812,8.27553971835193
12813,7.685888118808685
12814,7.577612532954531
12815,7.613070110607929
12816,6.449197174494172
12817,5.0032282922844145
12818,9.273763102436362
12819,4.822939818726224
12820,8.469859239356468
12821,3.1876668097852816
12822,5.609725812315035
12823,5.340991728125451
12824,9.54838929554313
12825,8.93516434939015
12826,8.498568006189942
12827,6.12961055302862
12828,6.390985627521298
12829,6.6303499614819135
12830,8.934748828662741
12831,5.88964632024468
12832,5.978957964168907
12833,7.519249466762145
12834,7.080553080464175
12835,6.382946939730032
12836,8.756739529569325
12837,4.934452313999976
12838,6.847295325506546
12839,4.50093662841765
12840,8.657074676536807
12841,5.2632302387106025
12842,4.289609050484291
12843,6.983138833927413
12844,5.568673283316465
12845,2.294423484456206
12846,7.5108535324597545
12847,4.00109660840106
12848,4.860562640719276
12849,6.992518310754592
12850,6.96552276806346
12851,4.837646954474493
12852,5.744576888422011
12853,6.121680728104366
12854,2.895132981534312
12855,5.8583253308157754
12856,4.176982642010534
12857,4.4576537440554596
12858,5.390045498756734
12859,4.84658175885052
12860,8.621992768246807
12861,6.938970497165865
12862,6.35598900662804
12863,8.896655731872537
12864,5.372305651207903
12865,6.31330188939304
12866,7.500197357343865
12867,4.79112507074564
12868,6.391523866538687
12869,8.609524943431467
12870,4.857900125739338
12871,6.933978741677173
12872,4.385934254784784
12873,7.808296668176652
12874,5.345396540530064
12875,1.7093901045094941
12876,8.00445861215883
12877,4.865269154221974
12878,5.311529689057904
12879,8.74687279396014
12880,7.479371518243188
12881,9.246232761139515
12882,6.00896955006548
12883,7.797661586507821
12884,3.787265308676918
12885,7.58175974076675
12886,7.967719673072608
12887,6.903287896741022
12888,5.496013480106512
12889,8.584516255736416
12890,4.375709258451326
12891,8.38375118748767
12892,4.461768581564813
12893,7.006220427277535
12894,3.4811105676529905
12895,5.420509236870249
12896,5.876129456629924
12897,3.5993482246446873
12898,6.5734344324497895
12899,8.517324043827017
12900,1.2717398531173114
12901,8.029626599144747
12902,6.485698467719691
12903,6.621874477355683
12904,5.033483712933922
12905,9.390300597727018
12906,6.758594101777666
12907,2.0756036664719035
12908,6.575996364283805
12909,3.5807117191547837
12910,8.67081846069413
12911,5.769439012596495
12912,3.1945970053715085
12913,6.7598313423682574
12914,4.786953525053904
12915,5.697438894642143
12916,6.938264880811829
12917,8.02134074797929
12918,3.7248170654069295
12919,7.036604483331105
12920,6.3441155553189414
12921,4.847802370533906
12922,6.79640777997251
12923,5.371867488442615
12924,6.724811877872674
12925,2.6103974625908792
12926,5.338149114448539
12927,6.193148576249432
12928,6.497059939941528
12929,8.171368778444712
12930,4.379923268055873
12931,4.938057388529524
12932,8.020418084285078
12933,8.163230920717192
12934,4.676929517090705
12935,7.635931228325198
12936,4.928949771628209
12937,8.215019700357452
12938,8.40425729339664
12939,7.074195124015108
12940,9.284912215081814
12941,3.8418760854338045
12942,3.781666242022925
12943,8.790934122861351
12944,6.712082558851957
12945,6.585880093833009
12946,6.75284116906918
12947,5.44695884398582
12948,4.638459175282778
12949,9.243166965126226
12950,6.438897346605879
12951,2.3920964080955707
12952,5.534411086551734
12953,6.390148111344389
12954,8.757086139122139
12955,2.6323616458540826
12956,5.1657043841557835
12957,5.838124325966168
12958,8.768014032621455
12959,3.566439274602817
12960,2.1849492297114503
12961,6.236351611737273
12962,5.546227104193961
12963,4.954356815475155
12964,7.436230557442362
12965,4.4136551922124205
12966,3.083772019865033
12967,5.466725683926059
12968,4.682927799808015
12969,4.737241769846129
12970,6.212491370199456
12971,4.231022451223897
12972,5.718347845493799
12973,7.100486193695148
12974,3.186342014538286
12975,5.640604858178173
12976,7.414689803729391
12977,3.104054623547089
12978,8.36374533847582
12979,7.878624650444493
12980,4.9063438865430955
12981,3.165536726174301
12982,9.996836401035209
12983,6.341753913361655
12984,5.443985570878029
12985,2.9532289847434523
12986,7.556326135166556
12987,7.846885737071016
12988,7.529359382796337
12989,3.9782883493540298
12990,5.625801798072772
12991,4.648294125666339
12992,5.420951155244095
12993,3.7457470804599513
12994,7.236179512911213
12995,6.321855905984595
12996,4.6596383919672455
12997,6.855915828157121
12998,6.398759704683781
12999,6.025225537719017
13000,4.331478832890316
13001,7.437969849067836
13002,9.372707708892923
13003,5.146397887477076
13004,8.896601706949676
13005,1.6942755142618278
13006,4.053756235528241
13007,5.5009025237505975
13008,4.702100670101484
13009,8.368009637108976
13010,4.7551628200746014
13011,7.224371242654875
13012,7.697887358185337
13013,5.608225837983815
13014,5.42676819607026
13015,6.004140022639014
13016,6.471415772324552
13017,6.211989628542887
13018,3.024614624385152
13019,4.6851103390013105
13020,5.1591169779311565
13021,7.136811372908027
13022,8.85174924344322
13023,6.014045587860449
13024,5.269052150024238
13025,5.953911193972524
13026,5.237003201057764
13027,7.654890923771944
13028,7.525235241639997
13029,4.825529342300483
13030,4.860798020311778
13031,4.8610528844800145
13032,3.468662962671886
13033,6.732875599298482
13034,4.4543632117663226
13035,7.466159881603573
13036,7.346698733206964
13037,5.149415269981326
13038,7.123587312263056
13039,6.460794148086195
13040,4.977413177697914
13041,3.3860622366607567
13042,3.7412214923206055
13043,1.8475524170665236
13044,5.9876343056745736
13045,5.827575771567431
13046,5.043866322717229
13047,8.656073864571116
13048,7.504116296759508
13049,7.00689356817279
13050,8.202796727290664
13051,4.451410665182883
13052,6.482833947597957
13053,7.083660074347881
13054,8.643250124355031
13055,5.2009502887801204
13056,3.5476405197884957
13057,2.105679145964169
13058,6.801620867912184
13059,5.9579827786145945
13060,5.177201306253193
13061,4.579025547897051
13062,7.1149349793805285
13063,9.361190390912226
13064,1.778581706690373
13065,4.310614044112581
13066,6.868664763048207
13067,8.846870133702305
13068,7.344250385880491
13069,7.378726855097797
13070,4.25105783709962
13071,4.934439418622203
13072,5.845303481292644
13073,6.47103605463473
13074,4.135624080181301
13075,3.3479403884696195
13076,4.810941667600601
13077,5.9076765077534175
13078,6.010773346356375
13079,3.9360054186601032
13080,7.531038088624229
13081,6.221540654076107
13082,4.006977161553345
13083,3.602903386868111
13084,5.101586776788377
13085,4.651014481672479
13086,5.733173925234134
13087,3.316653518728856
13088,3.3167731484576075
13089,9.270572435940162
13090,7.6979992195560785
13091,7.939228350194262
13092,7.544404510181682
13093,6.104154119878866
13094,3.107218271376374
13095,5.450882452355669
13096,6.339108730497595
13097,4.410410507712523
13098,6.508202305294291
13099,8.326200993242104
13100,4.386572717588427
13101,5.5524467657562555
13102,1.4285248767889882
13103,7.054514913604592
13104,6.5798355420689685
13105,7.055031232306651
13106,6.1871198538539725
13107,3.6880926258183786
13108,8.447026755136745
13109,5.69660048301585
13110,4.554903900389748
13111,5.638978663880837
13112,7.462286454423
13113,5.8830751687851786
13114,8.440003783491765
13115,6.35121456063748
13116,7.942570850105705
13117,1.8702770024615554
13118,9.988015497396749
13119,6.6600272436108945
13120,2.738471251738289
13121,5.710412423213823
13122,6.822562090741673
13123,5.811419520124107
13124,4.0306730620737135
13125,5.009932890902125
13126,4.266178118713625
13127,2.475315122021075
13128,7.564262301550433
13129,4.7957811350786965
13130,7.294098216105338
13131,2.48648030541161
13132,6.0067683173731945
13133,5.068711588392639
13134,7.390855709615746
13135,4.979214698575367
13136,2.585932050455746
13137,7.1364943214611
13138,7.008177267058468
13139,4.928528481514676
13140,8.770254756827528
13141,6.759619711204381
13142,4.516556735613337
13143,8.50729179134754
13144,7.749884138575289
13145,6.082042561489792
13146,7.2513074990619595
13147,6.519882094866971
13148,6.441070059199367
13149,7.0793522357134115
13150,4.097819075347695
13151,2.6055488101843167
13152,7.304954149267174
13153,3.5486584042848097
13154,4.4955999004458445
13155,7.097744998599179
13156,4.817004443257541
13157,4.929569211863072
13158,5.039554999892191
13159,6.778379168720542
13160,5.920055843037424
13161,10.0
13162,7.928147883670028
13163,4.586235478319623
13164,7.5829840191521125
13165,3.57194746963494
13166,2.9125997578035334
13167,6.029389266282663
13168,4.013683337540936
13169,5.925995367833488
13170,7.631145615188347
13171,6.966303808532289
13172,6.131761885473161
13173,9.259544834418472
13174,6.3954959491423145
13175,5.009730591652845
13176,5.649334607478727
13177,7.879341672282184
13178,3.6127557421363723
13179,8.455191271667816
13180,4.5362999877380155
13181,3.61621492666341
13182,8.107752391997488
13183,5.314991719780355
13184,6.685103774392413
13185,7.161665956288924
13186,7.51944123018042
13187,7.315860971045792
13188,4.148136490346669
13189,4.3165617337949485
13190,5.973442245062338
13191,3.301935886530388
13192,8.412731597135798
13193,7.6219769612800246
13194,8.459436185795818
13195,6.34784154931701
13196,5.6397352023421865
13197,6.155384173130128
13198,7.222679937065462
13199,6.081108212721799
13200,8.61391793455113
13201,2.720897006432174
13202,5.427668035523991
13203,7.107939525949845
13204,4.989856428958408
13205,6.071031409855826
13206,4.026024428223155
13207,3.3031126350830284
13208,4.319552152422316
13209,2.6752539756343707
13210,2.6194650989182495
13211,2.839917701122915
13212,6.859555552951476
13213,6.722467995971774
13214,5.0509215725405
13215,2.5512167885509025
13216,6.2915549789654905
13217,6.31551680361142
13218,8.038237216754805
13219,5.669172478762418
13220,6.540009513042855
13221,6.302383110790196
13222,9.201514642779474
13223,4.662409024287691
13224,4.338172928972736
13225,7.869854301850698
13226,6.037617163820439
13227,5.394528390030857
13228,8.426952814192033
13229,9.043643859424385
13230,6.402574257317764
13231,4.366557907042408
13232,7.82450163712562
13233,0.24781953778844745
13234,5.55135600297804
13235,6.933597395227456
13236,6.275183600369763
13237,7.319937066630407
13238,5.6362830890060645
13239,5.429250955333919
13240,3.5037140297038896
13241,7.505965229997936
13242,5.125458627533822
13243,6.53480898707206
13244,6.050608689739426
13245,4.863844351071957
13246,7.1031855508208395
13247,7.990110474090671
13248,4.8397300095962965
13249,4.763615859852331
13250,7.658688568632009
13251,5.50505634790845
13252,7.756226786742149
13253,5.3804685063059345
13254,3.507350046013991
13255,5.521977853354986
13256,6.317185923412982
13257,7.3387051511202746
13258,7.71898571280711
13259,5.221585118701648
13260,8.552835347652856
13261,9.468262273390378
13262,4.616028443409109
13263,6.257948284389573
13264,3.6751915491255986
13265,5.621256408416081
13266,6.46935118152323
13267,4.1084862600602765
13268,2.94335790280613
13269,7.0442579305573565
13270,7.46070777160994
13271,5.069202336077067
13272,8.42261862775437
13273,7.599879816541265
13274,8.276795467439577
13275,8.060968914790314
13276,6.068409253610669
13277,7.051717905138832
13278,1.228046531733297
13279,3.875479689001946
13280,5.284334944839103
13281,6.273339534755995
13282,5.571440125215876
13283,5.063336413857534
13284,4.629347456019895
13285,7.0367495721755535
13286,6.751035759688785
13287,6.6093665849519825
13288,5.299007961183949
13289,6.911943821280584
13290,8.75387901426713
13291,2.6616471109955215
13292,4.906934373191464
13293,4.003703992878005
13294,6.794219471227112
13295,7.573599299170152
13296,6.239315644250085
13297,5.912659469570819
13298,7.9699437106553495
13299,5.771205596427039
13300,6.199868363193125
13301,6.296494490336017
13302,4.834091414498323
13303,7.2654184152469785
13304,5.868200182305185
13305,4.250511303087328
13306,5.958237174180961
13307,6.879802279222571
13308,4.5234845190566775
13309,2.8707253340412278
13310,3.1316409595397956
13311,5.403688708239498
13312,1.1159360246413277
13313,5.338643825884905
13314,7.470350961695403
13315,8.858048892234294
13316,4.747336095869046
13317,3.2090632330115088
13318,5.230087890420795
13319,5.682344091100158
13320,4.813512683972488
13321,6.202601611556756
13322,7.66201219488971
13323,7.557124732415789
13324,6.858693048568683
13325,3.5668521154731616
13326,7.858648681094308
13327,7.085098211726187
13328,6.628709051632301
13329,7.385558555774312
13330,7.173724357829037
13331,5.8756588271548535
13332,1.9918174002747684
13333,5.366394010121819
13334,2.7588017937015024
13335,9.73577036437256
13336,1.859383053646357
13337,7.090626458423731
13338,8.55662816074566
13339,8.61963534968444
13340,7.764776434469417
13341,9.27553601055713
13342,5.728897463983443
13343,6.334548022105931
13344,3.02723763811084
13345,3.8629067340457124
13346,3.5930276372171583
13347,8.773497745895904
13348,4.06783969166329
13349,3.0674507892069736
13350,3.2919317259563137
13351,2.590654418176064
13352,5.711494585228151
13353,8.111675521455759
13354,7.95697131622045
13355,2.9628741542031
13356,6.958305473437602
13357,3.9955756621942
13358,8.267655030602723
13359,5.460439276866782
13360,8.319260329212081
13361,6.764617738884995
13362,4.25590973037384
13363,6.784831326103536
13364,4.792927763551804
13365,8.353384368859997
13366,8.273212153555788
13367,4.857454104629863
13368,5.359503258751381
13369,6.976247734609055
13370,4.533459162709199
13371,3.542147903980442
13372,4.028282987418453
13373,8.127678080943637
13374,6.863763766336818
13375,4.161006114463585
13376,5.075174029995896
13377,6.7081365162105655
13378,8.731638717355041
13379,5.035076039967375
13380,2.2421934563587493
13381,8.347533195102264
13382,4.193602935218388
13383,7.28722360415492
13384,3.5297741364758806
13385,7.400777739065469
13386,3.0280899364251996
13387,2.915066199062525
13388,6.17914558239817
13389,6.831577775774762
13390,8.676873540595372
13391,6.750268530449231
13392,8.349991891338915
13393,5.274900673679044
13394,4.6596516163939246
13395,8.73697751669798
13396,8.493308784565604
13397,7.905421842788604
13398,4.765380783346119
13399,6.842918246749636
13400,7.619705684255295
13401,6.196289477583647
13402,4.129597272146553
13403,8.458515826440097
13404,5.938301135946277
13405,10.0
13406,3.880645155960439
13407,3.459990012492319
13408,3.3736452203634424
13409,7.631886531547394
13410,9.342581634267905
13411,5.496022229130328
13412,6.172704054491804
13413,8.287831374884451
13414,5.416643499405042
13415,7.3305516990864055
13416,8.428885328751095
13417,5.968219406133006
13418,6.910525567192093
13419,7.258249361503437
13420,6.971961885004846
13421,4.6187949871449785
13422,5.289890855023491
13423,6.463740669900332
13424,8.002694140368293
13425,6.677765847835558
13426,5.59153168823001
13427,6.833500054271668
13428,5.248371558200886
13429,4.224168209594824
13430,3.7654733242665777
13431,7.689695731119308
13432,7.5186791148576635
13433,5.350649594720254
13434,6.263690908968924
13435,6.160190374829498
13436,8.523669768745377
13437,1.9367834471130214
13438,3.0030322526419497
13439,9.883937932848244
13440,7.980404782456476
13441,4.368406901325883
13442,6.357212962062906
13443,5.645732119261565
13444,6.071787930582374
13445,6.8712719291426545
13446,8.875744966816642
13447,2.349645562219769
13448,2.574786212890114
13449,5.672897089499105
13450,7.496790356946044
13451,5.750871668442257
13452,6.914955133048374
13453,5.431279232896759
13454,8.386989076954462
13455,4.814362875374985
13456,2.790293474537716
13457,7.859062288532448
13458,7.950504553973732
13459,7.165912568653677
13460,6.352514694771537
13461,5.0423084774533296
13462,4.600200285601698
13463,3.086248532057613
13464,4.600121750663796
13465,1.3523566555942572
13466,7.5686947526070245
13467,4.189799859468702
13468,6.666097286944208
13469,5.17656178894907
13470,6.227997314478198
13471,5.409497904617942
13472,3.554109622214198
13473,7.083031859357811
13474,4.983274786355336
13475,7.118431207440154
13476,6.44230341603436
13477,3.931715613300489
13478,3.7929630759644706
13479,5.319874437338085
13480,6.548477822462375
13481,4.534612803107477
13482,7.368523584985171
13483,8.014381775490815
13484,6.292258685505978
13485,6.948481432661841
13486,5.962916722872573
13487,4.869182076306797
13488,3.1513619394700907
13489,2.4619225780898235
13490,4.538381331536622
13491,5.8319493464388525
13492,6.331862311145939
13493,7.534208542989812
13494,4.626362437128684
13495,4.581807981439922
13496,5.422937607461966
13497,5.696539619106119
13498,6.182745074665273
13499,7.313841652727896
13500,4.328454193395784
13501,6.617556117706106
13502,4.873773632039101
13503,6.667062579543619
13504,8.131074391679244
13505,4.563174836052346
13506,9.266248637625763
13507,3.8589954559773068
13508,3.8100662095232156
13509,8.187336411413424
13510,8.07546421543021
13511,3.9397655129087523
13512,6.807079960302133
13513,2.917513999998033
13514,8.510313934561301
13515,7.396086050955286
13516,4.46201680170584
13517,6.244881599295971
13518,8.761501122798952
13519,8.491639969944567
13520,6.139659313782846
13521,5.536757935578091
13522,4.398220491096163
13523,3.7308034565115626
13524,6.33240543092733
13525,5.951107232885998
13526,3.3536158132512774
13527,4.154117047302472
13528,9.145814967969889
13529,7.208489764713118
13530,2.283811179027481
13531,5.965488486273419
13532,7.002769364704087
13533,2.7305652352021013
13534,5.983742728981345
13535,3.1166394124162107
13536,5.221111818092613
13537,5.105809931455475
13538,6.342736187764989
13539,4.060903992377962
13540,4.750287936780226
13541,8.284332591582748
13542,3.673659850084862
13543,5.202424180370696
13544,5.570550563558929
13545,7.720909184059886
13546,7.476004000613687
13547,8.376388489118774
13548,4.203507928217003
13549,2.804353451481678
13550,4.836266620208267
13551,7.5478490441880135
13552,6.602609725072795
13553,6.6015057269659945
13554,4.614705318376815
13555,6.729896072334603
13556,6.433174016949353
13557,9.633191595017642
13558,7.102513662992264
13559,8.881533423111273
13560,6.107075192116521
13561,4.485008405926839
13562,5.187795224257237
13563,6.779558980871867
13564,6.703901452655496
13565,6.1556934473305756
13566,4.420611562511827
13567,5.518529434379318
13568,5.244389479638055
13569,2.62127950701707
13570,5.295602716037318
13571,6.539782303954622
13572,6.936736635376756
13573,6.953403611441017
13574,8.891721097341419
13575,7.621396431500818
13576,6.2774921348799015
13577,8.813532637370933
13578,2.849097634521228
13579,4.409662500021423
13580,3.8533911399098817
13581,6.053358587390446
13582,4.398361393344289
13583,7.591090937275818
13584,7.129596503090819
13585,7.951204333299696
13586,3.3280815845901017
13587,8.422286552238017
13588,1.6511982316835268
13589,8.43619398453749
13590,5.511090147136693
13591,5.8807540457521075
13592,8.639775407260505
13593,6.609028333789684
13594,5.480347166973722
13595,5.5056788239766234
13596,8.280429251362111
13597,4.973309150964899
13598,6.306624588802529
13599,1.7893550386791002
13600,8.128918098524244
13601,4.649915011418955
13602,9.630537025396755
13603,3.638866903960825
13604,7.579150624472585
13605,7.9123323781411425
13606,5.718905587539819
13607,4.8346731533716065
13608,1.560627527873342
13609,3.6650986668395515
13610,6.36957279221177
13611,5.607164551658468
13612,9.68155532464328
13613,2.2556815292155843
13614,5.095463259699173
13615,4.8072230473808375
13616,4.586244991878928
13617,7.183507638324179
13618,7.621092732326723
13619,5.549673205673947
13620,3.4681694071154445
13621,1.881126876609161
13622,6.1353503179841855
13623,6.0490149513752325
13624,9.996343774959852
13625,5.012144530943302
13626,6.224644127205273
13627,9.298650493922889
13628,5.574259732794281
13629,3.8023215023055834
13630,3.911998053305884
13631,7.242740266189053
13632,4.878937510501647
13633,4.869880956876814
13634,6.811918947420536
13635,4.166844842499002
13636,6.269817707417272
13637,7.349290720578201
13638,4.601390132585458
13639,5.325158959681269
13640,5.650508243551819
13641,7.297322286232982
13642,7.3731841602565344
13643,7.026971977950255
13644,3.447832477779345
13645,3.935597234422242
13646,9.260950688011066
13647,3.8944105218031684
13648,8.87984503672872
13649,4.881785443169284
13650,5.386782032162557
13651,7.334321784957098
13652,6.697781199601254
13653,6.44030574796054
13654,5.701291855683189
13655,6.108071589150735
13656,4.742303310530838
13657,4.198123781540741
13658,2.6639014764739506
13659,5.042663023270181
13660,7.721068894012654
13661,7.37411409681405
13662,4.855961809969923
13663,4.815014393376695
13664,7.206113460005407
13665,7.179040544014655
13666,6.870986200755405
13667,7.078427980644658
13668,7.021745966400412
13669,3.227416467600738
13670,8.188666524703054
13671,6.172427999843882
13672,8.28175219751686
13673,6.96103197540858
13674,5.68891701807617
13675,6.111558969101714
13676,6.985096770153328
13677,8.318646892447934
13678,6.622918602290618
13679,3.5134094814909833
13680,5.12781486530606
13681,5.479180537718452
13682,5.401070780619652
13683,7.170739102665516
13684,5.517397082213587
13685,6.629073353589719
13686,5.7565152379973945
13687,6.97156238251218
13688,6.805391934547624
13689,7.1886480062467975
13690,7.696588431566084
13691,8.593698447368327
13692,4.368189813634277
13693,7.23864818024672
13694,4.972329902502433
13695,6.156980894360445
13696,7.612942813719272
13697,8.016588027799498
13698,5.376043406453077
13699,6.540335201392122
13700,5.400186258365811
13701,3.8360843473776804
13702,4.54393332995209
13703,5.858111815338396
13704,3.368484741403087
13705,4.910527468979582
13706,8.263699871398668
13707,5.836261359449543
13708,7.723814620870408
13709,8.56069719744833
13710,5.97529365954296
13711,6.460129119445088
13712,5.244946211620874
13713,6.4816238599786535
13714,5.053441991370024
13715,6.309697109982948
13716,5.871474761368736
13717,2.562747847786571
13718,4.203898547842301
13719,6.819889907910666
13720,7.870815956170606
13721,9.045357086027893
13722,5.347630751366079
13723,3.948915777672431
13724,7.057495512332564
13725,6.023675623034212
13726,1.8360152398602152
13727,6.386724242068153
13728,4.065833869689644
13729,6.655407405575499
13730,8.14147692753117
13731,6.459817576232211
13732,4.345408559610408
13733,8.39911678377064
13734,2.657480193445557
13735,5.210469085360908
13736,8.221930913550043
13737,3.563946266195995
13738,5.325035797162686
13739,5.82284895456559
13740,9.203596121318807
13741,5.8694719259139125
13742,6.625778178283532
13743,7.590705701073854
13744,6.239792893179625
13745,8.144768069565034
13746,6.490436376687594
13747,9.187329556431854
13748,5.996804542334411
13749,5.37467722211765
13750,6.180111734908061
13751,7.540166805541811
13752,5.255086913049171
13753,8.359733910716239
13754,5.571695450010358
13755,5.768716417388032
13756,5.2498140988152215
13757,7.2824087424406
13758,5.288986745653466
13759,7.104206528235566
13760,8.43217155563951
13761,9.097135555789889
13762,4.816587801868166
13763,6.586670392396728
13764,5.919143932272892
13765,4.320692839764558
13766,7.503826150205994
13767,4.333689573608847
13768,5.229623291902754
13769,4.230665322229177
13770,6.658803310188321
13771,1.3189018539218331
13772,7.047649398318918
13773,8.163947501094924
13774,8.877053938398577
13775,4.8268651811959895
13776,3.5410900429141763
13777,7.171434459066478
13778,7.639777987712234
13779,7.64017645574035
13780,7.445950963382545
13781,6.189483889830823
13782,7.896326602810282
13783,6.6281764030982835
13784,9.193214752122815
13785,3.8667483629966206
13786,7.268058980929045
13787,7.292343308709135
13788,5.5962610658551215
13789,5.989247206234336
13790,5.256781025546996
13791,4.978429960312178
13792,7.184168166549393
13793,5.5682956220750155
13794,4.8812617456447835
13795,5.039183531648047
13796,5.380692635843718
13797,4.192452416612601
13798,5.944416096348595
13799,7.2359879369314095
13800,4.707500108031315
13801,3.764741684841045
13802,5.949938366787335
13803,2.3581176773488304
13804,4.2154929257128675
13805,2.8503271119814917
13806,8.19215878299507
13807,4.108252359730025
13808,4.976286020187481
13809,4.598479551241178
13810,6.388776821627385
13811,5.449680330487375
13812,7.172821857511876
13813,8.11972805962506
13814,8.713370121645035
13815,4.411051370354001
13816,8.645251188196003
13817,3.8344497216345896
13818,6.403090381257761
13819,5.221101817968882
13820,8.24322620248453
13821,9.008067308018259
13822,6.906134744866092
13823,6.159908919605689
13824,6.2657128104145965
13825,6.555700208067098
13826,5.4488282930816965
13827,4.880625902981268
13828,6.0423903036115645
13829,7.462544273834781
13830,3.773831293139807
13831,7.634152961023527
13832,7.355867879777194
13833,8.015717649132414
13834,6.282847150219184
13835,3.1637089862580696
13836,5.116490629888532
13837,5.590602395519984
13838,8.727650022707868
13839,5.605461394601974
13840,5.393726860678052
13841,7.985939698223833
13842,7.981459457544476
13843,8.131470441765313
13844,8.707987241435564
13845,9.487846464223002
13846,2.3895774223851993
13847,6.34688832057072
13848,6.110902830307994
13849,5.038575717454181
13850,4.7060506825683746
13851,2.304930401110254
13852,4.743488530861379
13853,9.520376965656341
13854,5.0593131345307745
13855,6.933964011595668
13856,3.628826331368549
13857,7.146887305236704
13858,5.382100681925442
13859,7.487592790519087
13860,8.810648293886324
13861,5.607989020794321
13862,4.988740570701879
13863,8.799515136250577
13864,6.857415808352356
13865,5.82027035538607
13866,6.441069288069879
13867,4.410458602067932
13868,5.100941712228794
13869,8.283759927089328
13870,8.933946642397103
13871,8.836722601098806
13872,5.999214743668265
13873,9.210428896915875
13874,7.230777948924428
13875,8.917987537293435
13876,6.956015086867578
13877,6.132662089378744
13878,5.938643311608249
13879,5.48728475426886
13880,7.530242780684965
13881,6.152186892877733
13882,5.581881420709246
13883,7.765422102239553
13884,5.67173391187725
13885,3.8251334500008625
13886,6.495807589770131
13887,7.261580079217816
13888,8.116263221265557
13889,7.868785949606065
13890,3.1384068372721274
13891,7.371528091149802
13892,6.325734065505042
13893,9.350281832019522
13894,7.205294839952434
13895,6.883641989944203
13896,5.589903839425151
13897,6.77329927257022
13898,4.9793623599195
13899,7.315688461912121
13900,6.952977403329152
13901,6.560006831545606
13902,2.3806723175397817
13903,7.2476034069988335
13904,3.3678579229999857
13905,5.857573121100926
13906,5.801581261047367
13907,6.08923087838137
13908,6.836242193051164
13909,7.442063005080073
13910,6.546982962366679
13911,8.149653039794629
13912,2.8021387070575816
13913,7.312960288407844
13914,0.8148804914250366
13915,5.787317625775052
13916,7.3760626470915165
13917,7.611629635345352
13918,7.566400160143275
13919,7.16495684538456
13920,6.356830838468034
13921,2.0488639036505325
13922,5.315499397714648
13923,8.575847547911724
13924,6.92479671868897
13925,5.3316664902379785
13926,7.3660606725306765
13927,8.544757741444974
13928,6.568369159684545
13929,6.605114906663367
13930,6.503709634537516
13931,6.670234094699354
13932,6.786946424977809
13933,6.2616002313392505
13934,6.92277798631566
13935,3.0736438961885453
13936,7.297967199372633
13937,4.523817507821571
13938,2.4509017844625243
13939,7.022722303247126
13940,6.621009562627896
13941,4.658869313033169
13942,3.883284238739574
13943,5.545418593695652
13944,7.115935263955363
13945,6.472588342138954
13946,6.490415352566462
13947,4.585672564466852
13948,8.341367574431072
13949,1.735342492911239
13950,7.363601178402011
13951,7.239924198788778
13952,4.598944971904686
13953,5.204952468778523
13954,8.141366630173613
13955,4.328274711862207
13956,2.2886053291759505
13957,1.9119637202362705
13958,8.085377201698897
13959,6.110627503931675
13960,5.627751471495568
13961,7.2219625627345545
13962,5.582511807453827
13963,8.212460576733056
13964,5.537673118375644
13965,4.530241185276533
13966,5.661012882495544
13967,4.741983732157873
13968,6.164713909763324
13969,5.599600837330903
13970,9.104615378576705
13971,6.073913071001346
13972,9.005974555706047
13973,5.600514925603974
13974,1.3642251722637724
13975,6.725252683785852
13976,7.13398771027232
13977,6.511694291967152
13978,7.158236022726716
13979,6.6646291500300325
13980,8.378763485081071
13981,6.763279886447448
13982,4.925628114367167
13983,4.6917285713987
13984,3.06081687507684
13985,7.147079083025561
13986,7.769765442769176
13987,7.525324843703166
13988,5.8100001446854295
13989,6.3859832463779265
13990,2.1538607579971836
13991,5.149153500107347
13992,6.600290503293011
13993,6.418449205385001
13994,3.360793818527057
13995,8.250645068054878
13996,6.338462479363248
13997,6.968367791420314
13998,7.425275393048923
13999,4.496690457645774
14000,7.731631051654938
14001,9.062161005617398
14002,5.083239792273257
14003,8.683802034731242
14004,7.584128343876825
14005,7.208554037144813
14006,2.7889353649136055
14007,7.899061666295504
14008,6.7806682424867555
14009,3.811139051322993
14010,8.256557534020253
14011,3.468441749111443
14012,3.3663425785681347
14013,6.593343167678823
14014,4.211968186419391
14015,3.2593278460127526
14016,5.5166518364056065
14017,6.2401342726659434
14018,5.875877225469508
14019,8.404335617136727
14020,8.855534947012574
14021,8.255615147557025
14022,6.967044961539459
14023,6.97299905641661
14024,4.830506646851118
14025,1.386503489637171
14026,5.703144835746034
14027,8.224076785158296
14028,6.237842629940924
14029,6.223349243514081
14030,4.980963262051158
14031,2.030429389097662
14032,4.697599237595753
14033,5.4521762366261015
14034,7.726334488628475
14035,4.155015563944438
14036,8.316115811760005
14037,7.584368056216305
14038,5.683728626205669
14039,7.896136237253091
14040,8.16404143065392
14041,4.705645037864638
14042,5.211819779579932
14043,6.282887931742125
14044,3.162863409244013
14045,4.281363023478045
14046,5.2849949303861665
14047,4.178277236598913
14048,8.466420196086881
14049,6.042834099210465
14050,5.625986912262341
14051,7.855125366165641
14052,6.128431981085897
14053,3.49073686970506
14054,9.090869501016927
14055,7.282233193282203
14056,6.828648260699429
14057,5.384612560511604
14058,5.091987878141853
14059,4.662306538322885
14060,1.2909817484050907
14061,4.282523964355464
14062,4.491487760635389
14063,4.593430507354408
14064,2.399407050940525
14065,1.3988837322682979
14066,9.00836666781502
14067,1.926311291273767
14068,4.671676940670044
14069,5.949865117298884
14070,6.647842994465159
14071,4.900410600306464
14072,5.483446319425807
14073,7.829633514315992
14074,5.494403317907415
14075,5.1426701701876185
14076,6.88974578548107
14077,3.8574013341628905
14078,7.08683732839296
14079,6.227295070397961
14080,4.188705240467739
14081,7.58013726709354
14082,5.945181956502005
14083,5.1576469827757485
14084,2.8374183479651824
14085,5.871840433946059
14086,5.219600518653897
14087,7.911123598009805
14088,6.365478089786051
14089,6.418411435913912
14090,2.1469934988892554
14091,6.868639601871063
14092,5.512039969507581
14093,2.950353075952622
14094,4.664030322966358
14095,7.283112839391241
14096,7.29732252387269
14097,6.198704645271115
14098,7.235971595051402
14099,7.469670246482633
14100,6.965631042934032
14101,4.559674937746915
14102,4.329820635071267
14103,7.901585446268184
14104,6.28613186860751
14105,5.6309926502919465
14106,5.613340517094545
14107,5.803919818202213
14108,5.340466091264405
14109,7.566050582136234
14110,4.3657320628790375
14111,2.336978085010691
14112,5.659113674886016
14113,5.169183751331444
14114,9.8801560258762
14115,6.181279876733535
14116,5.929038666725394
14117,8.25714550744836
14118,7.08637122538811
14119,6.3902420981251895
14120,6.380689709265099
14121,3.502375757340478
14122,3.997806454282333
14123,5.127011840953751
14124,5.720856284215669
14125,7.891829237920217
14126,7.117068685875569
14127,7.910225323744191
14128,5.134742481479192
14129,3.1380244226847744
14130,4.400998427937528
14131,6.068895971466379
14132,7.029863217554347
14133,9.71445777491636
14134,6.741676570399707
14135,6.062250628142647
14136,6.734081130012182
14137,6.446488252403824
14138,4.237690250022213
14139,7.72932096767424
14140,8.808744968851911
14141,7.072886141858959
14142,6.483792789016861
14143,5.676013421570818
14144,6.183666904208203
14145,7.687704814355973
14146,4.466055459153357
14147,4.899744024264877
14148,7.427778828611503
14149,9.526181308662249
14150,4.04746421711335
14151,5.567234306327588
14152,3.175612247186525
14153,9.318615347019275
14154,6.35691854866516
14155,7.4370778808846945
14156,7.829038958529609
14157,5.975251933069878
14158,7.225820634103493
14159,5.503060715851915
14160,3.9241441149598653
14161,6.789018634981772
14162,4.552849176071488
14163,4.936757945659871
14164,7.536203978848365
14165,6.376325978860563
14166,6.4084005099510595
14167,8.880849856006996
14168,6.968585417240506
14169,9.421659373754506
14170,6.394015028407162
14171,2.121274030057557
14172,4.0906979524747324
14173,6.734343596632095
14174,6.38388126596821
14175,5.057775722985746
14176,7.54961336861631
14177,8.194871245209884
14178,7.844853477300065
14179,7.220898950866669
14180,4.838934142070853
14181,8.597129656297485
14182,5.359115223416875
14183,7.574724740960956
14184,8.056315244686871
14185,5.58865304814912
14186,6.692946548640388
14187,5.956157920056086
14188,7.046757476089175
14189,7.464624611065815
14190,5.946748302830675
14191,8.223525102315586
14192,7.4058792721868505
14193,7.237955092562872
14194,6.77356823188789
14195,4.672918892354797
14196,6.784919669497656
14197,5.874211404010785
14198,5.584359645688972
14199,5.288007507556029
14200,7.7420747960723855
14201,4.096498807166106
14202,4.107713225947422
14203,6.13414802390021
14204,2.819327489756442
14205,8.34313935513084
14206,4.734343000591373
14207,5.391511519893609
14208,6.6041851108165455
14209,9.249077293857066
14210,9.093883802624037
14211,6.332533530580853
14212,6.9366073139283575
14213,8.38911799339636
14214,7.625644005178966
14215,2.724430695731761
14216,6.680703564087761
14217,9.038531740601611
14218,8.936611693826828
14219,5.433921322029305
14220,8.268444259342662
14221,2.9579517430086684
14222,4.572383859948316
14223,5.091936710030052
14224,5.6708966519854656
14225,7.3382224423666935
14226,2.359581416170407
14227,6.12571002005703
14228,6.599680071152837
14229,5.8971682220828106
14230,3.803946573193914
14231,5.009025687659813
14232,7.090462084594238
14233,4.656683195213012
14234,5.694461722896264
14235,3.7988801983175624
14236,3.7462589329792673
14237,4.50077981738549
14238,6.971742002575533
14239,9.117115751117566
14240,4.495613472415008
14241,7.927639437386929
14242,5.291423244580452
14243,3.8265196061338678
14244,5.50618349757875
14245,5.624457592922254
14246,6.973675442043533
14247,5.689001312342778
14248,6.748750470458357
14249,5.170301326904533
14250,8.630875106124279
14251,3.6040338741758218
14252,3.7068656421089945
14253,9.656492931077613
14254,6.817112800226337
14255,7.881873086717989
14256,5.3439870924128074
14257,4.659644752372592
14258,7.8907499803040615
14259,6.389729487828456
14260,2.0246721819409434
14261,7.145454705491403
14262,5.496330806487747
14263,1.7037087413354683
14264,9.553432923223307
14265,5.54285172554358
14266,5.657595737981503
14267,5.666596984463637
14268,4.380260679592397
14269,7.267782943805289
14270,3.070207077623779
14271,1.9749039602269527
14272,7.618055553693178
14273,7.080153447037615
14274,6.548941378302999
14275,1.959733158517891
14276,7.25623571774487
14277,8.320958490730202
14278,7.6644242757281935
14279,6.978996943324096
14280,5.9973190780997765
14281,5.627142453319768
14282,1.8800699575345332
14283,4.904377558708986
14284,6.676858831489447
14285,3.9153766115697435
14286,4.9194667824622025
14287,9.028460940902944
14288,5.201618414612161
14289,7.930083134542994
14290,6.479070032739429
14291,5.964885693484188
14292,6.100414131296696
14293,7.621455210719881
14294,6.6421415740384235
14295,6.661664282189245
14296,5.858524025374868
14297,5.008635487114772
14298,4.680829130181459
14299,6.4242139925456865
14300,8.077750257128526
14301,5.6689256404613895
14302,6.242836442009943
14303,6.7079345903269125
14304,2.285261078645001
14305,6.938132150244917
14306,3.3214202888897715
14307,8.18509951845085
14308,3.432468390843507
14309,5.900940585419411
14310,3.6939467847613034
14311,7.651590966912057
14312,4.369935284426307
14313,7.474694362912672
14314,3.224025887582541
14315,4.3243187016267495
14316,3.2043391191641497
14317,7.508092879567125
14318,6.495083140384199
14319,5.983753260045656
14320,6.664525086984638
14321,7.072076472776809
14322,5.912816678435757
14323,4.756130698065306
14324,4.209993706608921
14325,5.376211347769586
14326,9.406832908662617
14327,5.498243786135862
14328,5.560266475635443
14329,4.6744160573127145
14330,6.515227810537831
14331,7.9537754401780605
14332,8.29855972534937
14333,8.83968951241678
14334,9.334390966715437
14335,6.044843754786877
14336,5.268033433813639
14337,4.38439579017752
14338,6.4156687616031025
14339,7.448987887077839
14340,8.72485386000052
14341,6.902864290576979
14342,9.161729972359833
14343,7.138151459080129
14344,6.057749313610317
14345,9.521542752825855
14346,5.727573349986674
14347,5.361984013866871
14348,6.742577524811718
14349,4.337162813918235
14350,6.4038134409664815
14351,4.370115889933764
14352,8.19399645233252
14353,4.443269241753317
14354,8.171277138474736
14355,6.469147097568992
14356,7.791354694945953
14357,8.338220074012899
14358,2.9505210566667324
14359,6.675431521455733
14360,7.521481500617996
14361,8.347437155135513
14362,6.16228277735727
14363,4.901941789328841
14364,8.341383478741696
14365,2.9220400269173736
14366,5.4165039952871945
14367,6.688896211801799
14368,5.5257663221829505
14369,5.092538044839216
14370,7.302145326988483
14371,4.274835454620025
14372,7.531979051317111
14373,7.409203571107954
14374,6.665645385066343
14375,5.7354451012430125
14376,2.20446753472435
14377,6.199031058469544
14378,7.354672845305385
14379,3.932109119563538
14380,6.351117699923354
14381,8.555275012922046
14382,8.936176017820099
14383,7.478590452866291
14384,7.1097208116024975
14385,9.218973269609624
14386,8.510843201561057
14387,6.841551993503012
14388,7.004247361142012
14389,3.32503173234668
14390,6.092674022854059
14391,7.296748597258306
14392,7.638010559140874
14393,2.566200195907959
14394,7.389395316469143
14395,8.449611815355773
14396,5.567746484907151
14397,6.9920024114511605
14398,5.109606432773501
14399,5.81658214531794
14400,1.1226155419918835
14401,5.735031342902431
14402,6.224530798608076
14403,7.736065171068936
14404,5.9611398555467705
14405,9.195083446518792
14406,6.437459879169938
14407,8.09972345294142
14408,7.455187455007282
14409,6.105463143995868
14410,7.883817834826176
14411,7.605357789576967
14412,6.434757181157211
14413,2.7977884307283833
14414,7.519227271271969
14415,6.964330932208357
14416,5.791459157781154
14417,5.711874201551503
14418,3.4571793693550377
14419,6.038215322288654
14420,5.052734942050183
14421,8.440330583035156
14422,1.331707878583015
14423,4.470541137756955
14424,3.4046256374852555
14425,7.01297198092782
14426,7.950356811515235
14427,5.398309812721194
14428,6.226839930130458
14429,5.59002562189121
14430,7.319152237753199
14431,3.5531704209085366
14432,3.084958392947061
14433,7.204703652888079
14434,5.526866736570618
14435,8.613197658188803
14436,7.752359383201329
14437,7.436436117639049
14438,6.79234628659661
14439,4.632835644060298
14440,5.8064707068127355
14441,3.668861257144308
14442,2.859633915954368
14443,7.919242877694422
14444,5.513087832401386
14445,3.5140591801688488
14446,1.4819040496709595
14447,7.966948258240858
14448,8.105824407307647
14449,3.632367211710904
14450,3.1252860571886987
14451,6.465238545621773
14452,3.4456339877601643
14453,5.285134109070139
14454,8.157076617402952
14455,4.110030967390617
14456,7.75576883238426
14457,6.757411101527028
14458,7.073092396295569
14459,3.5597910938104786
14460,4.277974895404511
14461,8.92086412855452
14462,4.019315242157014
14463,9.813117988142182
14464,5.231099166503026
14465,6.765797600780017
14466,2.1563730280094524
14467,3.7721063153255505
14468,5.276252213812935
14469,6.641898062873386
14470,8.657432261683399
14471,5.232527710136694
14472,8.439816363820544
14473,4.804606270057429
14474,5.212591025226151
14475,8.868321779799686
14476,4.074212524861401
14477,4.666419233150398
14478,6.149113175258086
14479,8.034200742055146
14480,4.994600185914329
14481,4.561373676509855
14482,0.5056971470081384
14483,4.0213421047488085
14484,4.88744926610857
14485,9.33311956233642
14486,4.79388665274319
14487,9.181484246318034
14488,7.0014933747701855
14489,4.0667756122110195
14490,3.159151857507332
14491,5.510031749564096
14492,5.79621727658235
14493,6.448122779763846
14494,3.187842739709344
14495,2.087778474523861
14496,1.8569335457911322
14497,3.7930831935741938
14498,3.819917058056901
14499,9.52780452084613
14500,7.836140479708288
14501,6.394921465410458
14502,6.122116067882771
14503,1.7439994194526278
14504,4.598887951454633
14505,7.259770364360405
14506,5.024511299828032
14507,7.466611909220461
14508,6.607931032454091
14509,7.649271635361506
14510,4.666860841384216
14511,4.869058276725925
14512,6.302586313494788
14513,9.062980823779622
14514,5.991697994905381
14515,4.681722316851803
14516,6.550495477197118
14517,4.564568062201073
14518,3.4459843699592865
14519,5.966822532246557
14520,6.2391930253411285
14521,8.260240086356333
14522,7.1284496719974095
14523,2.3829005312754274
14524,2.572549422861126
14525,3.4034640376701617
14526,4.484871015538222
14527,6.629865035558929
14528,3.8273478106770717
14529,5.529505267487453
14530,6.700647368267339
14531,9.488274624755123
14532,6.419476045795518
14533,7.974175158311636
14534,8.797044093403668
14535,3.3130820968009655
14536,4.8883667184225095
14537,8.407556021235123
14538,7.916423594347044
14539,6.770172854520526
14540,4.402306674502836
14541,7.89682466910028
14542,7.476866900661194
14543,7.37156398790263
14544,8.331847101046291
14545,6.097866901763497
14546,3.454831847432102
14547,5.333838811093449
14548,4.912047536071619
14549,7.155811264354368
14550,5.415877210280342
14551,5.8882140130933935
14552,2.2817096386917775
14553,7.158476827240009
14554,7.463465346596059
14555,7.4655977475886095
14556,6.996162559043385
14557,3.8317347014411816
14558,6.34571783995955
14559,5.806390451330493
14560,8.475483976611178
14561,6.985488973231265
14562,2.0084481494491144
14563,8.758344784368923
14564,5.993125913265525
14565,5.447445224220894
14566,6.6379428283237045
14567,3.405515838369658
14568,3.3946175809225796
14569,6.148690997068789
14570,7.368975321865907
14571,4.375832762093763
14572,5.707915356239653
14573,8.446830640869539
14574,9.223752768036338
14575,5.675569452725607
14576,1.7866292484064825
14577,4.419777686210735
14578,5.838644989691843
14579,4.763035865220375
14580,7.394143557596443
14581,0.9949746315443998
14582,3.211392831359683
14583,4.887994979551373
14584,4.950565994591149
14585,6.772643913594579
14586,5.4453103210330704
14587,7.469271780270408
14588,3.9276415771701942
14589,6.013572757169018
14590,8.488576668719745
14591,4.525043486954781
14592,4.914759904647343
14593,3.8605299932693806
14594,8.599773599150037
14595,1.966758227259808
14596,3.1116198032110267
14597,8.259237585762019
14598,4.014922647874497
14599,8.82626102096583
14600,4.6983968542963614
14601,5.867118046962453
14602,7.012905167893406
14603,6.974589228951086
14604,6.113342971758583
14605,6.4140929170823275
14606,8.44746874776428
14607,8.16190425225659
14608,5.607588788067182
14609,7.326736232209155
14610,4.454446879589298
14611,8.135216994128553
14612,7.958068772634805
14613,6.415558608848301
14614,4.242215265314297
14615,7.563706707725872
14616,4.243826346595906
14617,6.415032948320497
14618,6.5590119351127605
14619,4.667583579225972
14620,4.6548101290098085
14621,5.4952836385434916
14622,7.366157005394365
14623,9.342979202471668
14624,6.3697750415419625
14625,8.56379167681784
14626,1.9383144469998659
14627,7.872865996922285
14628,7.433984224460845
14629,6.452299430079789
14630,5.730229981588785
14631,7.938787839666265
14632,3.140453244847347
14633,4.7923004048564355
14634,5.0875392043299685
14635,5.616347526340976
14636,5.364149355618004
14637,3.083005504846928
14638,6.134880001166649
14639,6.675231705674687
14640,5.0124217819452355
14641,5.7070099201283275
14642,4.707989486340543
14643,5.753618834229603
14644,7.605180008015616
14645,1.3884370980695997
14646,5.459365782622555
14647,3.7895592752495277
14648,7.472940840835493
14649,2.065472163229433
14650,7.449585048731513
14651,6.475141433192815
14652,6.007000892291914
14653,2.3989425147676324
14654,4.626738796431782
14655,4.616373038354056
14656,6.5837504555781425
14657,6.1707341691601885
14658,5.3621002358104946
14659,8.512738998475669
14660,9.223244776096076
14661,4.423811005420939
14662,3.2416371952816374
14663,6.746339837895844
14664,8.63787379465175
14665,7.51588554411783
14666,7.836489905512504
14667,2.992938870345834
14668,8.189772804759276
14669,7.4230996256795105
14670,4.566240791895059
14671,8.170903739517138
14672,8.649556080650639
14673,7.122481858840523
14674,5.877875702215345
14675,7.152119262241964
14676,4.541352698530887
14677,7.660006123378999
14678,1.137543545783544
14679,6.971445531438203
14680,6.863722260217295
14681,5.707914578691104
14682,4.958013450981691
14683,4.993191712069671
14684,3.4398861673877743
14685,5.665925666466677
14686,5.506434940196018
14687,8.304081664909152
14688,10.0
14689,4.792828906236424
14690,4.534242292542869
14691,4.387039474201063
14692,6.353304250621161
14693,5.337771429306697
14694,4.775768353531999
14695,7.956328502415405
14696,4.055760867045648
14697,3.364150586915149
14698,8.524518677895845
14699,3.8526791755015624
14700,4.995162227144685
14701,5.882878288314534
14702,7.029357321047351
14703,3.6612200716690833
14704,5.235879941219923
14705,2.4953528385152284
14706,3.4336937715795526
14707,2.4668333502015205
14708,5.815830885024479
14709,3.874487562465014
14710,4.619635928212036
14711,7.7654933850293695
14712,5.268266700163379
14713,5.729466034811678
14714,6.2073903142308655
14715,4.7061394079525565
14716,7.05812997430415
14717,4.372936562895497
14718,3.5826156892355803
14719,5.950411838097993
14720,6.930820363057762
14721,6.284469303697818
14722,7.685128862434445
14723,4.485330075294172
14724,8.936084633360009
14725,6.1557735745492925
14726,7.638044092140151
14727,8.51050446522591
14728,6.118933455874507
14729,2.7830784146333603
14730,4.635156441584205
14731,5.3236609984773775
14732,3.202433436705438
14733,5.05926803780173
14734,3.8212337203670295
14735,1.673685617690755
14736,7.577052807291745
14737,7.735996594302922
14738,4.526998202409562
14739,6.547921901205841
14740,3.226969729734405
14741,6.510764518734884
14742,7.8979390276959975
14743,1.194058167276146
14744,5.7486847011671065
14745,6.99848660604579
14746,5.538671242766196
14747,9.115786308951842
14748,6.92130242658335
14749,5.751416654915376
14750,8.727400380445394
14751,4.533044589543911
14752,8.52982072120277
14753,4.711466623414045
14754,6.918903927513986
14755,5.293957466996869
14756,5.058744681166242
14757,5.924676340393468
14758,8.173763993305561
14759,4.148316122897339
14760,6.985415431344237
14761,6.869680631949213
14762,3.3792501985708263
14763,7.724138466606357
14764,7.606818095217155
14765,2.9573531325572624
14766,1.9294925748574987
14767,5.409902089788895
14768,5.529446906754896
14769,4.188016877616295
14770,7.22132925507687
14771,3.3990923667301844
14772,5.171074991230077
14773,5.556689947132203
14774,4.726460164182325
14775,6.1945187440979055
14776,9.027034972648979
14777,6.074803823219406
14778,4.49197146302211
14779,7.410185455080312
14780,4.5282638485029905
14781,6.814092638955587
14782,7.111430351296438
14783,6.934946839036628
14784,6.4201021526266855
14785,7.606655246186019
14786,7.885525073174811
14787,6.339571756652539
14788,4.015095259868045
14789,6.467526580380248
14790,7.1601503591052245
14791,7.378777599532668
14792,6.345269117497517
14793,2.146906421560141
14794,2.6189372543716685
14795,8.546119985727513
14796,7.87013019537331
14797,7.628520206118359
14798,5.5805335658895014
14799,4.763459879123262
14800,8.318222403846786
14801,3.2596822369874303
14802,2.283558957377867
14803,9.001809398487
14804,5.449903741174756
14805,8.204888127214424
14806,7.035369022463969
14807,4.099595899411342
14808,8.303142476904238
14809,5.979997405011227
14810,7.017044890924858
14811,7.302386888606504
14812,7.6659948728130844
14813,2.5783086263162174
14814,4.892325651514306
14815,6.507368214625079
14816,5.460411654207659
14817,2.634363093114698
14818,4.618129484073801
14819,5.050354568524392
14820,7.77104078685619
14821,4.444883543159871
14822,7.974141939793166
14823,5.581131224828458
14824,5.122231304993081
14825,5.170067438947174
14826,4.2139123405948675
14827,5.864600767028786
14828,5.308180089263564
14829,7.623940227001261
14830,4.909681275678675
14831,7.4793223053089095
14832,5.869091065823066
14833,8.029447225775503
14834,4.042205823263248
14835,7.464267865354192
14836,5.754040898156655
14837,6.034126234002351
14838,5.736403205414354
14839,4.501594978598078
14840,4.814196766443144
14841,4.570345268154027
14842,7.459058144589111
14843,6.493211301122837
14844,2.1785106052526215
14845,6.9068236195284145
14846,8.32160579225066
14847,5.523240101424611
14848,5.8309772842434535
14849,5.339603266103418
14850,6.469684834676009
14851,8.529461515730755
14852,2.3193175391974594
14853,6.82627792823458
14854,8.040630602678652
14855,3.177211156397182
14856,5.463656925178005
14857,4.374268615393097
14858,4.706380095471687
14859,3.7313395601963957
14860,2.594566837073159
14861,6.272515262222825
14862,1.1661332472272432
14863,7.550138242691324
14864,6.503753179667815
14865,7.141939718014743
14866,6.900536869458022
14867,4.490276260914963
14868,6.139214849643697
14869,3.4845711577272014
14870,3.7498708118985773
14871,6.550043352120134
14872,5.4355496762473
14873,6.6606463318721545
14874,6.846377461654421
14875,2.585570074193765
14876,3.6391537760187176
14877,6.057745551479207
14878,6.744214391412153
14879,8.415603048860026
14880,2.333641503275504
14881,6.343721392478502
14882,4.902642436967509
14883,7.190535500417805
14884,4.47290069357492
14885,4.833404013001633
14886,6.379017870277769
14887,5.246429685512069
14888,7.083947247739045
14889,8.267789289489142
14890,2.991729452718922
14891,6.921438805345053
14892,4.5277080310721285
14893,5.124558197649323
14894,5.063619155721155
14895,7.9149952124888205
14896,3.5639532772065925
14897,5.600082220726197
14898,4.890335913518394
14899,4.359008402327148
14900,3.954459838926704
14901,9.601605209529444
14902,7.131594585196659
14903,6.639590800845126
14904,6.861351668143298
14905,5.1862189447999665
14906,8.351272878447666
14907,4.632955877236837
14908,6.106939538171223
14909,7.0031658423811844
14910,5.00040774471442
14911,7.209062028111339
14912,5.125954928168648
14913,8.766553748683544
14914,5.8457890683636835
14915,7.1992885134573195
14916,6.035047233997102
14917,6.460878545550615
14918,2.1072927663996084
14919,4.917260062533608
14920,4.903100140178356
14921,1.512287793132031
14922,6.05243045690745
14923,6.416195794978092
14924,6.454014424227904
14925,6.902398933696943
14926,3.1982479103724866
14927,4.20492510591484
14928,6.332331587522342
14929,7.233344365305537
14930,4.590057552333671
14931,7.236687458161203
14932,5.702636352428403
14933,9.386196481353277
14934,8.187561911116298
14935,4.600939236587878
14936,7.593353885747013
14937,5.930447785433096
14938,5.010806763360631
14939,8.299262034877914
14940,8.071702871911075
14941,7.073452233127872
14942,7.992345371709691
14943,8.275415023666072
14944,3.0188550717492832
14945,9.272105848068538
14946,8.102465226671157
14947,5.6516138088956565
14948,5.26552711241931
14949,4.771931801632232
14950,9.653249755587405
14951,6.684631098577332
14952,7.118096703431671
14953,6.031041839099471
14954,4.725078031167623
14955,4.11859349322942
14956,6.920809728487081
14957,7.677821564075714
14958,7.389550625231903
14959,5.8388070334867415
14960,3.7323641951587243
14961,6.172458404098749
14962,5.448728958173274
14963,6.795606451118079
14964,6.6249011913099345
14965,2.8760053525200875
14966,5.5973407104856125
14967,5.673776770322114
14968,3.8324441486811214
14969,8.573116746256183
14970,5.643332013748747
14971,9.546609092646401
14972,7.195845544397094
14973,4.71878926174516
14974,6.066909612585389
14975,9.622049766582956
14976,5.559601948071128
14977,6.007794731576277
14978,5.472088480598854
14979,7.9571387009086845
14980,3.8975313453279363
14981,4.069619355604651
14982,6.7333899300578866
14983,7.091234534704138
14984,6.629004744351583
14985,5.65744252441627
14986,4.453273474676886
14987,6.6066099947525565
14988,2.0784981659763693
14989,9.09781188691138
14990,4.2383838537714995
14991,8.285136287537332
14992,4.035518722689752
14993,5.406551952995916
14994,3.7434199729929034
14995,7.592797073930661
14996,8.913309261114886
14997,6.6670258205907365
14998,7.513247929157899
14999,6.321747896363684
15000,5.293903631206018
15001,4.631591607811792
15002,6.833927146681155
15003,4.627933009705394
15004,8.89147145485277
15005,7.897627741028415
15006,6.919756363086252
15007,3.3800102755622126
15008,5.914447453874399
15009,5.413545460448208
15010,0.0
15011,6.6239648648301825
15012,6.062956443782067
15013,5.254262599204893
15014,8.328766449325947
15015,8.132616162344892
15016,6.641093929060484
15017,2.7663985145324195
15018,6.777322654797029
15019,3.5358375304882386
15020,3.5584513731683085
15021,8.371832386795026
15022,7.2119748002108155
15023,4.5861779518054195
15024,7.857780712410202
15025,6.482466436782533
15026,6.008544294573177
15027,7.377618916344363
15028,8.016623358123322
15029,5.647168718695734
15030,8.728440446332328
15031,6.9791971791058875
15032,7.485661822281543
15033,4.818717453841574
15034,5.233210113643216
15035,5.20915087360175
15036,5.842414458137163
15037,4.583269931242646
15038,8.628525528181664
15039,5.323866040401073
15040,7.407922483119938
15041,5.563727487200376
15042,7.433988337022252
15043,8.135341996754056
15044,4.792089823374274
15045,6.987330688718717
15046,5.54777031464544
15047,5.755912773434289
15048,2.522064590389261
15049,0.7668061669562097
15050,8.804512493386508
15051,4.8298542000499864
15052,6.340858909112101
15053,5.135621947871204
15054,9.211853061020753
15055,9.055001354509853
15056,5.773952919452619
15057,5.442505369084097
15058,7.048993072363087
15059,5.624312121389664
15060,8.132517358716413
15061,4.1216701160251805
15062,5.858703808797188
15063,8.744901115819015
15064,5.557339474732116
15065,7.400751352334512
15066,6.084532022898425
15067,8.596503269608613
15068,6.222030862454497
15069,6.3546687629176075
15070,7.449365391780467
15071,6.109723993325979
15072,6.746712036232526
15073,7.075934582800355
15074,4.932188930825034
15075,6.282167617192479
15076,7.874407632000466
15077,7.378567561994405
15078,7.002598341753383
15079,7.675332116495996
15080,6.014577852889109
15081,6.533374015444003
15082,7.4100837203237795
15083,5.923163641310038
15084,2.5199373825938376
15085,4.209686361776553
15086,5.611618868744609
15087,5.3037560997197115
15088,7.747315800459476
15089,6.2632135941321225
15090,7.455380224938627
15091,3.3495728315546462
15092,6.336125394351666
15093,3.1461674265539097
15094,3.9675148120941466
15095,5.416466209468153
15096,7.346972630467546
15097,6.075901462113621
15098,6.78495670695228
15099,6.048716536225219
15100,6.331376238721005
15101,6.716673369463784
15102,8.028113118496936
15103,6.362914838349792
15104,5.389122156936322
15105,2.129928896639599
15106,4.069579656580193
15107,6.871522610305068
15108,7.633844518817755
15109,4.70077373864955
15110,4.632401011011885
15111,6.746927989713646
15112,3.2763594363799293
15113,5.551903034149507
15114,6.062388979790683
15115,3.8597020788331418
15116,5.035271783425114
15117,5.947815108441144
15118,4.236495826393688
15119,8.520706992185865
15120,7.773925205501871
15121,5.815959724952391
15122,8.999580519955618
15123,4.547387562905089
15124,6.1461459975551564
15125,9.420392222223454
15126,8.44913651807494
15127,6.949855502910889
15128,6.9912911612740904
15129,7.930577636017912
15130,7.087788170289754
15131,9.755220031334693
15132,5.041617936962247
15133,4.142023382513477
15134,7.579853787288892
15135,6.470054289495784
15136,5.951057849076407
15137,7.076664117023641
15138,6.603660973747609
15139,4.758731016489213
15140,1.3552863457910094
15141,8.537938342705884
15142,6.576000115950198
15143,5.549850943506108
15144,7.121978962380892
15145,3.343096052214155
15146,4.167790573336164
15147,7.517336728104849
15148,7.975500910576577
15149,4.374765888336263
15150,3.832339052997777
15151,6.4125166998374965
15152,6.900140771333358
15153,3.9706630264225304
15154,6.147277845065009
15155,7.912780995379361
15156,5.271591735818867
15157,5.701902236687279
15158,6.567620114529046
15159,6.140690852174298
15160,4.162228776706894
15161,3.3774188394575413
15162,8.551219835136969
15163,2.5437226258998673
15164,3.377699742993862
15165,5.244523545132263
15166,4.1134803307948795
15167,4.8222710600371075
15168,8.238438032944021
15169,5.312675261773377
15170,3.8307741476089
15171,5.70998831626343
15172,8.715165255333995
15173,5.881179813036416
15174,7.992555995912984
15175,6.9041870874647016
15176,4.647804711615593
15177,5.131106313274009
15178,8.41089548350241
15179,4.178664477577327
15180,8.40368423731357
15181,6.428857779475231
15182,4.756264629630557
15183,9.115058561355676
15184,2.6470867424563385
15185,7.3585231924728705
15186,4.344518416292215
15187,5.131654378519119
15188,5.277453023504803
15189,5.840352450524428
15190,7.994903003794459
15191,9.083236881067496
15192,3.324636899393186
15193,5.0942348578585825
15194,5.294541369217929
15195,7.316050815828931
15196,2.793321138314889
15197,7.237015632218101
15198,5.37067668235268
15199,6.570644331439581
15200,9.16910249930071
15201,6.192757409773705
15202,2.291802845582399
15203,3.903420905270398
15204,4.7751027937694985
15205,5.92527666116247
15206,4.557815052147956
15207,7.115533914867526
15208,2.5867294238551963
15209,6.657939596126892
15210,3.955692457683101
15211,4.669899757997683
15212,6.825657643880131
15213,7.158477096685345
15214,8.637633089658538
15215,8.003314026667205
15216,5.101768377791756
15217,4.134785319661065
15218,4.706884408286143
15219,3.8364499244667756
15220,5.57427360367031
15221,8.26512516589008
15222,6.962854976705123
15223,5.257856275291882
15224,6.341688720294466
15225,3.5659845908051797
15226,3.998176068054485
15227,7.557702377055792
15228,5.198029369536685
15229,9.093039405511668
15230,3.0786939909318773
15231,8.989366698460364
15232,3.7669572723890874
15233,2.316054544976008
15234,5.649987175644096
15235,6.6221671274800835
15236,7.3292337931966784
15237,7.282987453573496
15238,3.762445081321616
15239,6.903537637246202
15240,8.300325032163308
15241,2.789539049539127
15242,3.9942558882716925
15243,3.564087324913012
15244,5.105766371076885
15245,7.062218782829161
15246,8.31551264565251
15247,5.080595702232688
15248,5.280553623325813
15249,5.585985893953857
15250,8.79675205521832
15251,8.668754007554659
15252,6.320652322353094
15253,8.812502538944475
15254,6.199358839141639
15255,3.7793118913279593
15256,3.325355485750674
15257,3.515055049711553
15258,5.507394619287345
15259,6.612469519745582
15260,6.468971341186609
15261,5.77470119516583
15262,6.1289888169078415
15263,5.975512342502588
15264,7.022388757590318
15265,2.807422653243567
15266,5.686584174762107
15267,3.301843949675293
15268,6.027249365250287
15269,6.993525533578102
15270,6.948797887492027
15271,3.0098149510469026
15272,7.952685231933255
15273,5.439778943974317
15274,1.9630391334829655
15275,8.817377211095993
15276,4.087304739301084
15277,6.682134306926567
15278,6.243539402792932
15279,3.9434185135858555
15280,6.3749838165984976
15281,8.42550123801858
15282,7.913642046842224
15283,5.604779500726168
15284,7.237884425446782
15285,6.549104517462854
15286,4.410930969010043
15287,5.226685575162764
15288,7.766837841966655
15289,6.411113574593946
15290,5.370013705396043
15291,3.914192054564505
15292,3.9227353171632737
15293,1.7642149275877868
15294,6.45122605481253
15295,6.645066462689968
15296,4.72984594927576
15297,8.064543025623705
15298,2.1239593457093515
15299,6.41256944651724
15300,6.131147463415183
15301,9.44136666061296
15302,5.781359517161424
15303,7.602275539994192
15304,6.648638128343381
15305,7.654940585811782
15306,6.955458488117573
15307,9.403259729933431
15308,5.924613480658377
15309,3.7606601278773533
15310,6.6496233598792935
15311,4.946745114335598
15312,7.210580709084596
15313,7.8998966922533045
15314,6.947694808550446
15315,5.3023898246630665
15316,7.004215035101341
15317,4.921592820301331
15318,3.784379868771316
15319,5.318575298129713
15320,6.042623792227491
15321,7.123656133474581
15322,4.635543527632614
15323,7.2208680575416055
15324,9.230768094039279
15325,1.4705250117028403
15326,7.7461504054385175
15327,6.53540775015289
15328,6.083370222828046
15329,8.074284576260823
15330,4.590249764159289
15331,8.750743401525192
15332,5.148936736574991
15333,5.280785327643247
15334,4.656583985788094
15335,6.221561879230836
15336,7.023144137017284
15337,6.3497797078600255
15338,5.876679032007387
15339,5.956011849641751
15340,3.4991470222517456
15341,5.670582249300515
15342,4.893897974545498
15343,4.014025945942785
15344,5.156885310081204
15345,5.455741652213555
15346,6.634365852770533
15347,5.018746937611485
15348,5.546264094696641
15349,6.552643407033354
15350,7.042273842570054
15351,6.389393559504262
15352,3.488632856846271
15353,5.037809420955492
15354,2.6098259729125632
15355,8.382341647975366
15356,5.510984203589177
15357,6.015967920744961
15358,7.869856082402624
15359,7.175911918276302
15360,6.217736618085
15361,5.817240203032377
15362,5.026738710276835
15363,1.5399079826603663
15364,5.4863249825095135
15365,6.009339134895495
15366,4.438058705988922
15367,7.939685040528355
15368,5.13465837454107
15369,4.952604895324989
15370,2.1541460583669814
15371,3.890065791040953
15372,4.109518369247938
15373,3.453430958524703
15374,1.45778056133031
15375,8.222914380458926
15376,7.983296121458275
15377,5.777540399319992
15378,4.5921217971458805
15379,5.411554868082039
15380,7.880826364800776
15381,6.884042645917378
15382,7.539737599739332
15383,4.097823300705417
15384,3.9842438242757554
15385,5.77628230259974
15386,8.507896698217243
15387,0.3497175381132899
15388,6.45931945966118
15389,9.100486912234835
15390,4.441792734853644
15391,6.254012121069412
15392,2.747307025144308
15393,4.7186076599642375
15394,5.3102905846397634
15395,6.650585343998744
15396,4.979179963836239
15397,6.670434031225333
15398,3.172921320374167
15399,2.949109537922669
15400,6.288709185311478
15401,3.047133542181761
15402,6.398144437816516
15403,7.225680812735374
15404,7.73570948265129
15405,9.106624556463657
15406,6.4709537818329865
15407,6.318825921450865
15408,3.9650220918685464
15409,4.5036269356947605
15410,5.801331713878423
15411,7.390647678504903
15412,6.0997083457728065
15413,7.813238050818789
15414,3.4995537071936473
15415,3.733153257517989
15416,5.477093638304438
15417,8.838080370889514
15418,5.742259122694701
15419,6.253434896043506
15420,5.057951115427418
15421,9.889001741780206
15422,2.1911959435379447
15423,3.9230843925056766
15424,7.9798552025220255
15425,1.0751379340531326
15426,7.15670226197393
15427,7.70659148263323
15428,7.555634144297915
15429,7.766632604744652
15430,6.287292348706812
15431,3.5207666822474826
15432,6.690671557528357
15433,5.273521613897497
15434,5.6359803422255315
15435,3.666738519892336
15436,5.565599587422847
15437,4.648831998648014
15438,7.634769295292024
15439,7.3735081582888835
15440,4.763652012490554
15441,7.490475959936752
15442,7.242699973124316
15443,6.988594993397516
15444,7.136708499614362
15445,5.95069018766362
15446,3.470875847108143
15447,5.45348270667345
15448,3.5538186467435255
15449,7.915709715204023
15450,4.602549895150477
15451,1.71696432974051
15452,5.589986059693761
15453,6.240174522632633
15454,4.0745503638049865
15455,7.57379528654309
15456,5.968821716745693
15457,9.49134120741867
15458,4.492628474397316
15459,6.792082819599528
15460,4.8624767046543464
15461,9.050930777601634
15462,1.1967378707180492
15463,7.372050475337853
15464,5.838236043777126
15465,8.310247368530177
15466,5.997207552855318
15467,9.10744059789531
15468,5.665207243844719
15469,5.392192747733839
15470,3.881903892876343
15471,3.8262886358659762
15472,8.411696766895563
15473,6.9160459118787125
15474,8.037763424425727
15475,3.9181480155204604
15476,6.152513323508343
15477,4.037334924318364
15478,6.852209373397657
15479,4.855032571242312
15480,7.8868770431551
15481,7.661051962345383
15482,6.325941823527706
15483,1.6921804545961774
15484,9.471406025503383
15485,6.219596360536185
15486,6.651217726975143
15487,5.408713188877148
15488,9.157305486559004
15489,8.360639600601994
15490,2.6659564639085236
15491,4.556670897351805
15492,4.350246302856259
15493,4.346845075879012
15494,4.482297123810433
15495,5.065686120384191
15496,8.456155311926814
15497,4.136159988868493
15498,3.975897368845539
15499,7.0942439758022475
15500,7.3227519481201035
15501,5.040334803181086
15502,7.761720022203948
15503,7.075058990062866
15504,7.142405564580063
15505,5.302748616247621
15506,8.217877713075548
15507,4.108481216736251
15508,7.398786156873563
15509,4.210863329163022
15510,6.23225076186877
15511,5.1865847278618125
15512,3.2290392909670986
15513,4.9233270508901965
15514,6.798203291158746
15515,8.237766250417925
15516,4.2532830629973315
15517,5.530988786942631
15518,6.786014087779306
15519,7.977559391691942
15520,2.6792436884191617
15521,3.992983145432248
15522,4.467160753472518
15523,2.3174332481478928
15524,3.8531408705190855
15525,8.23575834370974
15526,4.449885895244042
15527,7.046482162569177
15528,2.4301958175374088
15529,6.085617476355664
15530,3.2843631935624407
15531,4.857572616981278
15532,2.4638123829863314
15533,7.787426917063931
15534,8.089335848319216
15535,6.035134393184763
15536,5.135678571571654
15537,6.057049507033088
15538,6.363123875838403
15539,5.29155049851897
15540,8.683622567891753
15541,7.266832363794664
15542,5.245850977634662
15543,6.955088151268937
15544,3.6239631060544633
15545,4.211398692757268
15546,4.293081401295882
15547,5.474858418414692
15548,7.413554566777133
15549,3.908531252497256
15550,7.501281078353085
15551,7.961636773807672
15552,5.603723596475295
15553,4.767969125514684
15554,7.790584132917198
15555,5.587017146370606
15556,4.60967426451733
15557,3.906583840664774
15558,2.1966740671942366
15559,6.138444585236807
15560,9.56451694780578
15561,7.911155285681774
15562,7.639995264887044
15563,5.852857782504263
15564,7.8972241715716045
15565,5.165604407334075
15566,6.030273359379489
15567,9.049808805038756
15568,6.109635154407239
15569,4.070024384686518
15570,8.791225921204552
15571,5.661037416493004
15572,3.904631194799647
15573,6.425937945650404
15574,6.250613957199947
15575,3.2278662418245663
15576,3.42162742821257
15577,8.69758563608736
15578,6.3148632485456115
15579,5.737489347636906
15580,3.438658966955959
15581,5.770889940294165
15582,3.350919217965431
15583,3.5094107408071595
15584,3.0514581009069226
15585,2.2839800880722843
15586,6.682141884897116
15587,4.51042960845182
15588,7.961389603491112
15589,7.011173336554633
15590,7.207120891010034
15591,2.099391090994148
15592,6.106235500629138
15593,3.722436867562505
15594,7.8142607894671166
15595,7.609344136428373
15596,7.0912981140740925
15597,7.94618432805368
15598,8.131692252990412
15599,7.632049761897981
15600,5.874764468139008
15601,5.4993116012048135
15602,5.073361710442559
15603,7.327265356633981
15604,7.179322672171436
15605,3.810340485433085
15606,7.823091128833317
15607,0.9282021148538092
15608,8.454232635341253
15609,8.341054941398724
15610,5.731535605299711
15611,3.5559336177056347
15612,5.2949157672454366
15613,5.082188572332125
15614,5.440330162837956
15615,7.530253575727074
15616,5.823864020736097
15617,3.8923677883605055
15618,4.9005603953798405
15619,4.6317593366785665
15620,5.472440387497832
15621,4.687795018837172
15622,8.030086520340776
15623,2.3356999634695503
15624,5.134422237625245
15625,6.049744346549397
15626,2.392413893441755
15627,4.664715722480654
15628,8.691445057209224
15629,5.669488165162089
15630,4.746861933724673
15631,4.271780452325452
15632,2.8522438938903627
15633,2.899936445826509
15634,7.744134797312252
15635,4.039361005190081
15636,4.248523005735729
15637,1.6168902278860402
15638,5.3338119889272955
15639,6.22260293084693
15640,6.46269001378825
15641,7.576746599825681
15642,6.743055411609439
15643,5.625535706670319
15644,6.853157670624084
15645,5.569129183495702
15646,3.576397442249062
15647,4.8174177058527246
15648,4.519183247598327
15649,4.710942066162774
15650,7.819853709808288
15651,5.961843913283722
15652,4.8110623167345405
15653,8.061257552975079
15654,3.157531053707238
15655,7.418923118503981
15656,4.148991013818419
15657,6.543972449756968
15658,4.211187153337934
15659,6.961883339442717
15660,6.374365133218086
15661,7.8031478542639645
15662,4.288703462442809
15663,5.137904818904082
15664,8.818333988922719
15665,8.250970225332324
15666,3.080183182413758
15667,6.698862731168943
15668,6.8030232103902355
15669,7.020058439214495
15670,2.02271903690294
15671,6.364029473148203
15672,6.411452862317618
15673,6.4243602745781985
15674,5.921419736347227
15675,8.421093987560521
15676,8.460288435266746
15677,4.819228635712501
15678,7.627782508326103
15679,4.724318678597252
15680,6.200313143097062
15681,6.159222512108926
15682,4.504740909938713
15683,8.788476116443888
15684,4.582523403997541
15685,3.276938743241348
15686,8.104172742064613
15687,1.1530554935894113
15688,9.084542442057886
15689,7.038721215069689
15690,6.4191220854315905
15691,5.945133596828741
15692,7.085744061436103
15693,7.469050303721461
15694,5.237410788098745
15695,4.6530093132717
15696,4.458358879478775
15697,8.512637534067391
15698,3.54243487539683
15699,6.36717291846021
15700,4.196830061276784
15701,6.25203701622088
15702,9.312342658525925
15703,5.739623231431087
15704,4.074918089015824
15705,4.441294162520948
15706,4.922236032669865
15707,5.838962606976339
15708,2.0890360046850076
15709,6.0625061639359785
15710,5.908698891727431
15711,6.56208782059366
15712,5.368414209069965
15713,6.49609344874402
15714,3.8441993863156725
15715,2.3406024180055582
15716,6.106326421152085
15717,8.504035779566957
15718,4.362779251964814
15719,4.8106955990127815
15720,6.7502199872349795
15721,6.5120759614098676
15722,6.768132142829114
15723,8.869998485794675
15724,2.5692958410243496
15725,5.067302128053894
15726,6.158210197114788
15727,5.127204730197997
15728,6.237742330758135
15729,9.777574294749495
15730,6.805449381054351
15731,6.185475920058877
15732,4.51258776673963
15733,4.8281814333882345
15734,2.211759389747658
15735,3.6355970738876024
15736,5.798438221912955
15737,4.807884023845708
15738,4.527917369370188
15739,5.780990507787316
15740,3.5817658295923214
15741,1.2265202936543116
15742,8.09836013695528
15743,4.338414698510481
15744,6.542678887887518
15745,5.131757616160391
15746,2.3998678200816115
15747,6.972626739465526
15748,4.940212057738367
15749,6.663969247129087
15750,6.3382601449171005
15751,3.711945631732596
15752,5.945417047229564
15753,7.743049056111102
15754,4.866123616189985
15755,4.924031814922455
15756,3.6020934836598832
15757,4.294397752834719
15758,4.831468737289761
15759,8.230566204588422
15760,4.261115501963503
15761,7.039285074004897
15762,3.4154083722475277
15763,2.8054691870309028
15764,3.3126979746582603
15765,4.793856208488456
15766,5.121625736766821
15767,3.766361862097015
15768,9.071099236745575
15769,4.798142197573973
15770,5.162316055994018
15771,4.775496372585756
15772,5.171179360624478
15773,8.38051008639884
15774,3.6450565522281018
15775,4.116079286595981
15776,7.727743871966303
15777,5.896764144720978
15778,6.425423998986742
15779,3.2513841643636483
15780,6.6550536025873965
15781,8.63566182351051
15782,3.7469444183291496
15783,7.112757772895194
15784,4.560048090148631
15785,8.228863472880667
15786,4.0938473311583214
15787,5.445288781123483
15788,7.229413746135901
15789,8.03154571705504
15790,3.951554659274661
15791,5.370275775194462
15792,4.460999236201765
15793,6.867625153196286
15794,6.288373164436209
15795,5.899557206502282
15796,5.48448422446227
15797,10.0
15798,6.818954831428047
15799,5.941729157459673
15800,6.8925592213936415
15801,5.088675720612544
15802,6.474103130556265
15803,2.9679296491476075
15804,7.489279214891938
15805,3.42652055749417
15806,5.107355348625639
15807,7.250706594895188
15808,5.825143662041635
15809,8.363927190579835
15810,1.7825526895871562
15811,2.7718563381578663
15812,6.302954083739977
15813,7.725044673375893
15814,5.030641609661215
15815,4.689218025431913
15816,5.071672237014145
15817,6.523450570275701
15818,5.731154807026392
15819,5.488893759489842
15820,8.752548807014255
15821,5.387369034044531
15822,5.656229146153759
15823,4.979501683136296
15824,6.612302081907086
15825,7.590652834828089
15826,5.997860422749659
15827,5.523043461971052
15828,5.07385626047603
15829,6.956677238477724
15830,5.778787703565639
15831,8.473176088044914
15832,3.6207715287556037
15833,5.697358040811163
15834,7.836550347564354
15835,6.248271803221278
15836,6.691167523058033
15837,5.2111176305632245
15838,4.410723694620583
15839,7.1434717961178125
15840,6.835534747317968
15841,4.336052681538192
15842,5.723847491521995
15843,3.7789699967637596
15844,6.270361984821202
15845,6.766745415921038
15846,1.5014379255317725
15847,1.657481247306194
15848,2.4212296530462143
15849,7.465568082323858
15850,9.808632375382974
15851,4.171744990975724
15852,6.415049513669871
15853,6.407877622169611
15854,6.591456003931687
15855,6.747612825681183
15856,7.770747260194098
15857,8.315413123407943
15858,8.928822531541892
15859,3.149353194171553
15860,4.644776247389049
15861,6.416645020629749
15862,8.174643429471862
15863,8.02090001196123
15864,8.87746368715699
15865,7.38251363414847
15866,7.908662546996779
15867,7.096360077373048
15868,5.81261198211169
15869,4.635575464297582
15870,4.023827556344584
15871,8.237418870347039
15872,4.973427049447064
15873,4.528908379932012
15874,1.5202429584465236
15875,7.011790655155775
15876,9.40914592592673
15877,3.238612489285963
15878,6.435862168742493
15879,6.567282940989434
15880,6.813802950217425
15881,6.385293395839915
15882,7.045051713469739
15883,7.6840754935645705
15884,6.151640287951259
15885,5.776988998322261
15886,6.0840060894754995
15887,9.186831481465848
15888,5.113176372867959
15889,3.4947453217999165
15890,5.7780612823845265
15891,6.023930015375102
15892,7.607306592676847
15893,5.997031573324445
15894,3.9787515966369704
15895,9.425212053464916
15896,4.566952106699404
15897,3.647860998007077
15898,6.003033076028404
15899,8.409250409501219
15900,3.322694870127569
15901,7.300607642417909
15902,6.1511141860737215
15903,7.19480015157449
15904,5.0531620580381755
15905,5.453039316099162
15906,8.752888749468802
15907,7.643026647148038
15908,6.202042367343622
15909,9.147114486325307
15910,4.741966463642248
15911,7.544578898995226
15912,5.77133954537152
15913,3.0840993775435646
15914,5.0944656709125935
15915,5.515919316023395
15916,8.03230588317247
15917,7.355912250717214
15918,6.787306908720759
15919,7.643183389496102
15920,5.964691422722973
15921,6.286476272350265
15922,6.3554040009429436
15923,3.1136662722667876
15924,2.7697749847721798
15925,6.586302699553004
15926,5.245364893106005
15927,6.382075088437212
15928,3.404191031332033
15929,3.1686577840640786
15930,7.491122668605181
15931,8.350940309840347
15932,3.8770062004441
15933,6.7310998087047595
15934,5.214185593992839
15935,5.759610635159041
15936,5.222190134561025
15937,6.282248028551649
15938,5.535669582670536
15939,8.696604949968568
15940,6.091825815496127
15941,7.573613463304799
15942,5.443001584852115
15943,4.461720584884954
15944,3.2345097822024322
15945,8.717647517587721
15946,3.8439254430592213
15947,5.026907628944404
15948,7.588973496913712
15949,5.818828879498663
15950,6.7993531303840395
15951,5.907206901225688
15952,4.284451427966011
15953,8.702613215510569
15954,7.472175656295857
15955,2.283864751377546
15956,4.409265717242134
15957,7.424471549577264
15958,4.259591882431665
15959,2.790042607095347
15960,8.17071823894098
15961,6.510019224680032
15962,6.596098247526229
15963,5.489841960999423
15964,5.981165374863452
15965,3.848055864112477
15966,2.6458476715900603
15967,3.428736710467806
15968,6.58301980002182
15969,3.6412263531837583
15970,8.398802649817352
15971,5.47793086262131
15972,8.567211887424994
15973,4.606034906789727
15974,8.845612252564559
15975,4.5693483902068355
15976,3.732467954150734
15977,8.05647740514899
15978,4.819585143391826
15979,4.777288259329384
15980,6.074986811581766
15981,0.7874731232935265
15982,6.334922182456024
15983,4.122974419595321
15984,7.858740510568551
15985,5.692780314037775
15986,7.15303222167917
15987,4.674119392735323
15988,8.148303673645229
15989,5.82681492756053
15990,3.705376504647532
15991,8.450731397058545
15992,5.952511748733306
15993,5.125340480375107
15994,7.053011610666543
15995,3.5687401794761633
15996,7.456865778534234
15997,3.0846529345429636
15998,3.0738302447642605
15999,8.183843773354862
16000,5.34394880707301
16001,6.159629091061107
16002,5.213523901589904
16003,5.599325520312022
16004,6.4644728727865814
16005,7.497323697966303
16006,5.5804096030542665
16007,2.811409366215525
16008,3.991233781216183
16009,6.147628503401044
16010,7.217908745207193
16011,4.581907651250856
16012,6.951348210893802
16013,8.735767611484098
16014,3.0754235999207076
16015,8.20449379208978
16016,6.6529789664210215
16017,8.027642108685662
16018,5.580946970409136
16019,5.98860682350555
16020,5.060490403041825
16021,6.337989012828453
16022,3.78283344106298
16023,5.958674429898435
16024,1.159348090076049
16025,6.806556959393281
16026,5.730505760293655
16027,3.4706681308115623
16028,8.806969883601148
16029,6.45529865535826
16030,8.587852052016395
16031,4.155714841999211
16032,9.306923616353192
16033,7.743889281064521
16034,6.6213922279524615
16035,4.980236443864024
16036,7.312112296049604
16037,6.02957515330423
16038,5.687321556768586
16039,6.44992543100623
16040,4.010303841648942
16041,5.62562857888663
16042,1.6752669378223906
16043,5.148264060308407
16044,3.147434837299374
16045,5.976962308882486
16046,6.984777546801974
16047,7.91594303835094
16048,6.50360765556455
16049,7.213993098902288
16050,3.914532300224075
16051,7.992130666663868
16052,5.453739529297853
16053,7.415512623840344
16054,7.990702362254148
16055,6.576933712721285
16056,9.469246353641628
16057,4.466341894015654
16058,4.903420147490366
16059,5.617565415189589
16060,2.3441910662550214
16061,5.9288240623925645
16062,6.179443375740513
16063,5.355053311562537
16064,5.678253160667901
16065,7.068270306785236
16066,6.670044300683618
16067,6.421395119251515
16068,4.605651047713772
16069,7.44821392692323
16070,4.70472917022564
16071,5.481457733432324
16072,5.945542218439352
16073,1.9142829617155652
16074,7.302752534154315
16075,5.6899544351633535
16076,8.538775045557129
16077,5.315983443809055
16078,4.175929391306693
16079,8.496572244137024
16080,4.737534012938305
16081,2.7375490424385647
16082,6.840383444321364
16083,5.318478794103269
16084,7.773956546374057
16085,5.486273301311008
16086,7.103189795128435
16087,7.6183954711564175
16088,6.8317264863251115
16089,6.630164732394348
16090,7.94940423357569
16091,6.3534643521926295
16092,5.951864805379173
16093,1.967328864237794
16094,4.057965752685086
16095,6.560161496583033
16096,5.79084154988185
16097,7.4835044229544545
16098,7.412522246040467
16099,6.144703869599065
16100,7.173731801518693
16101,4.783762622933921
16102,6.4077878667826615
16103,3.47624346483659
16104,4.645399946189009
16105,6.216356819802218
16106,5.225930678502711
16107,5.592498100935994
16108,4.682933486399038
16109,6.357683904166433
16110,6.05476751580485
16111,4.928582051819194
16112,3.564188527999916
16113,5.8812157779399
16114,3.844914015536587
16115,9.656882532785005
16116,5.198178374541219
16117,7.508676519427882
16118,5.301610680515078
16119,4.902875482062987
16120,5.510506472879601
16121,3.7846965618616095
16122,8.33599469961247
16123,7.0263913841334045
16124,6.729566506845685
16125,5.766089317806321
16126,4.773999445238767
16127,5.592067993459853
16128,7.604625928994597
16129,6.163269832427333
16130,5.42290893342931
16131,4.2702775522941145
16132,6.207855477952444
16133,5.42304855331856
16134,6.8662464129412655
16135,7.544732207801274
16136,9.588322910621956
16137,7.3183259876789455
16138,4.340914334887147
16139,5.098949314765225
16140,3.0834253280125985
16141,7.679391070585004
16142,7.008694080303787
16143,7.798693747779412
16144,5.422822348890479
16145,5.542448353346152
16146,8.076539689135078
16147,6.463659975525723
16148,3.645779854957949
16149,6.650523035672469
16150,6.484831750242292
16151,5.5771100416093375
16152,3.2597286791720324
16153,5.069255199768625
16154,6.916978957538456
16155,3.6600204826589953
16156,4.5828225881195825
16157,6.356301924860406
16158,4.74682640595621
16159,9.207714315081141
16160,8.553720158275183
16161,3.5421085688147995
16162,7.141719367161545
16163,4.453928870471822
16164,7.683910726220822
16165,2.183013877630095
16166,7.32753180506272
16167,8.15680083360613
16168,6.2770232085445565
16169,5.995205531221788
16170,5.195314215624029
16171,7.337118823364421
16172,9.055679632823578
16173,3.142731342301972
16174,8.640129160418743
16175,4.874069643414365
16176,8.30910649463236
16177,4.175728622648057
16178,7.5724279958245
16179,6.244930042896302
16180,7.026563702183938
16181,4.842672879715074
16182,2.3019563406965378
16183,8.53711833668222
16184,6.0986488318515795
16185,3.143126775156195
16186,3.7427133152407395
16187,7.150221363118885
16188,4.389930422194932
16189,5.381600873734547
16190,4.002906807191893
16191,4.59207331227492
16192,8.61686689117073
16193,5.37799515025762
16194,6.973746579382198
16195,8.929259727742558
16196,4.505541102731706
16197,4.170857037488224
16198,7.228492830050818
16199,2.7266431781112033
16200,7.3073939676997455
16201,6.625740419826746
16202,8.94519813622955
16203,7.4060459993492955
16204,8.028023638338876
16205,5.280095316760385
16206,9.34368691281843
16207,4.294911818534785
16208,7.130457519454551
16209,4.223294766687346
16210,6.032214060596685
16211,5.063632143241115
16212,4.166593155139109
16213,4.509240897745094
16214,6.882998302169359
16215,6.929499054327702
16216,8.018197326457155
16217,2.1477335439202534
16218,5.629106584741957
16219,5.5281008561699405
16220,6.841883574027213
16221,7.821418391175197
16222,4.345585076065285
16223,8.839666038498665
16224,5.288842797713362
16225,8.84970659164677
16226,6.628506804536815
16227,3.6555832966430115
16228,8.344160230072442
16229,7.503658014816685
16230,5.763573790012947
16231,6.384491797346419
16232,5.167154112012823
16233,5.8634604148116685
16234,5.896195297347877
16235,2.6928518020909284
16236,6.319300052606812
16237,7.328044039316788
16238,2.472978134283419
16239,6.942528170808779
16240,8.168703345858631
16241,9.459087006033998
16242,4.986011195533322
16243,7.278405687159972
16244,5.214435328804318
16245,7.510381752148127
16246,6.026526932430903
16247,3.795815122748452
16248,8.586888385170178
16249,7.566431743434509
16250,7.655986990476538
16251,6.5580766586000845
16252,5.9443178134867285
16253,6.7303004307304946
16254,3.582199853109408
16255,9.266201238120502
16256,4.855759769148283
16257,5.192542712791573
16258,2.5088849486024585
16259,4.788807683156459
16260,5.573333080026881
16261,4.633969262758493
16262,6.279909129338248
16263,6.015513373316642
16264,5.395419722997571
16265,7.28331562699878
16266,4.4471956525431535
16267,6.906078875704368
16268,6.283500166158066
16269,5.827083465080496
16270,9.200740282541362
16271,4.106835626891037
16272,6.572169666303832
16273,5.774287902911645
16274,2.3978999530080736
16275,6.3806744987889354
16276,7.38310446810032
16277,8.752138052662714
16278,5.620729680769705
16279,7.233687074514007
16280,8.291669657911823
16281,8.846253560021683
16282,1.9982558359463742
16283,7.61874704255407
16284,6.228835390409373
16285,6.361293640089487
16286,6.744685252690837
16287,5.048755743721384
16288,5.0983249422897545
16289,2.8157004462340502
16290,6.472442752918787
16291,3.0712974834646456
16292,6.377485549010838
16293,7.385927317135107
16294,7.385297790280995
16295,7.293318021055376
16296,3.866536291947277
16297,4.835908160339328
16298,4.574140505334078
16299,4.6923217241431665
16300,5.66717230631559
16301,5.287642449662159
16302,5.810488938754381
16303,7.1129707097621795
16304,5.945299812141973
16305,5.72385601783543
16306,8.868702487233298
16307,4.520545933831068
16308,6.396148910570494
16309,6.10300734072336
16310,5.175498917418051
16311,4.918540815604251
16312,7.488779076326151
16313,5.0236713818123215
16314,3.109993828344026
16315,1.1219418349678425
16316,6.201867013621364
16317,5.062701975454362
16318,7.600772702712034
16319,9.56076028827125
16320,7.518394626512325
16321,6.2040137775358195
16322,0.49859978424965995
16323,7.7208012157789465
16324,9.0300998043138
16325,6.918610046233494
16326,6.701677037824801
16327,8.424831540306593
16328,4.593092233214089
16329,7.868923390404599
16330,5.780097087914574
16331,5.429426624592469
16332,8.152110875395598
16333,8.199684000865128
16334,6.081354693232801
16335,3.451110813878059
16336,3.195774618546223
16337,4.604126911727463
16338,6.73030666870513
16339,7.9977485089189635
16340,4.148857841889583
16341,6.549132818609806
16342,8.169616094754586
16343,8.011532888136282
16344,6.914720117637327
16345,7.105219096931694
16346,4.934237609502088
16347,6.620483676661829
16348,6.037842787463732
16349,4.670154594275921
16350,7.4471609688224145
16351,5.2120138235562115
16352,5.389771990476681
16353,3.978926860263725
16354,0.725444546137735
16355,7.154892442674647
16356,6.591341649223989
16357,8.474549572427296
16358,7.470039154815557
16359,5.355916473307497
16360,4.115501295194785
16361,5.046826006816722
16362,6.9670092973774835
16363,5.228736853998387
16364,8.223913233995917
16365,6.983688762815547
16366,4.502719967435557
16367,4.839869222653195
16368,4.006915901448538
16369,6.938174198955409
16370,7.576472399181475
16371,6.954784315330712
16372,2.0438172332297078
16373,7.575968518954826
16374,6.076374654601208
16375,1.933631878988818
16376,4.575467643656373
16377,4.912099720374394
16378,4.714502349350451
16379,7.532797746314184
16380,4.595421678299437
16381,6.537829455537637
16382,4.433643647842922
16383,2.452250002032901
16384,6.029769126162371
16385,8.271941871974825
16386,3.3483124581506596
16387,8.3079883430667
16388,5.1591455021804595
16389,2.225274173513989
16390,6.488116193992353
16391,5.315201490417362
16392,8.320575575964012
16393,2.8136602632124346
16394,4.373702736955302
16395,5.011499381589252
16396,6.714774855392151
16397,6.686642743831457
16398,6.80065057742738
16399,7.623563900935765
16400,8.154608378130543
16401,8.298353046634393
16402,8.40854942671665
16403,5.613393953619076
16404,8.29710186396908
16405,4.188204476660063
16406,5.67395085242291
16407,3.1997660861695416
16408,0.5599500454885648
16409,3.4456752996774154
16410,3.8609368803105433
16411,2.9784042901555727
16412,5.998394497720669
16413,8.669453554914972
16414,4.671300540761209
16415,4.739602600563817
16416,4.675383406863994
16417,7.164602951960246
16418,6.98698616465811
16419,8.26185160590679
16420,7.049430775098837
16421,7.257713000352709
16422,1.8226587405658434
16423,3.163494080479747
16424,7.005065778619948
16425,6.775200839715841
16426,6.322186281734693
16427,7.180796590584188
16428,5.145811721064198
16429,6.7999665746870965
16430,5.8936958755273325
16431,4.893829807810132
16432,8.103641548142996
16433,4.827450252860753
16434,6.766791804705126
16435,5.083178687399856
16436,6.378700153890967
16437,9.309107810062045
16438,7.2158614994364685
16439,5.3941250633400735
16440,6.896687408731333
16441,6.167125681341036
16442,7.4598484741242075
16443,2.4998544293388285
16444,7.436436931618909
16445,3.4397154775418675
16446,3.005398420436422
16447,6.305309532683052
16448,5.949938924175464
16449,7.808998550786898
16450,8.097808990279992
16451,4.771933248745655
16452,8.355743024921027
16453,8.924346400388997
16454,4.356665790095953
16455,5.733045333785422
16456,2.387749566745147
16457,9.872692599386948
16458,1.7718451166709377
16459,7.759515826777858
16460,1.9277075326517046
16461,2.8807908753323277
16462,2.958818941086983
16463,6.092675053397704
16464,9.162733379354421
16465,4.011975628398774
16466,8.319200891323659
16467,2.8598372133516663
16468,6.810347022397931
16469,8.041482386120634
16470,6.694878187872032
16471,5.048203879275051
16472,3.1748226229992182
16473,4.638374810441455
16474,7.231225477300355
16475,3.663764374071034
16476,4.7459759928119585
16477,5.981668307417178
16478,4.927277864406097
16479,5.558711127270612
16480,3.34424800865725
16481,3.0436249945906164
16482,4.952059102789528
16483,3.29932347712553
16484,6.00436995841597
16485,7.065760930365543
16486,7.808040674699729
16487,6.284190680456293
16488,3.5645245793257088
16489,7.474494955759362
16490,5.009959686494069
16491,7.4506403554467235
16492,9.411919518713985
16493,4.482091807296882
16494,7.315900106833037
16495,4.123664337185362
16496,7.1345968686978845
16497,8.651803214995066
16498,3.6352901221728002
16499,8.331399158666832
16500,9.68058514976697
16501,6.237369370275736
16502,8.69926855987943
16503,9.007860082423255
16504,7.394950074333714
16505,2.99632521084686
16506,5.9209686373163555
16507,5.640129053575595
16508,7.692554484135651
16509,8.98754507358444
16510,9.641574311521687
16511,5.564466143234907
16512,4.453511590699216
16513,9.030669707811713
16514,6.9893447075528
16515,5.474998880502218
16516,7.891813133984697
16517,9.279193886666102
16518,5.382041198603279
16519,4.4295268952515965
16520,5.99355606773855
16521,7.235540748215142
16522,5.24834089065989
16523,2.9195226709963618
16524,4.883356865815435
16525,7.583852207458615
16526,5.879485287058223
16527,4.143298759375862
16528,9.293840466711222
16529,5.0853726222174584
16530,4.942025533620749
16531,8.530019581477204
16532,5.118988327571607
16533,4.324917642337226
16534,6.684207739376684
16535,4.395990917922309
16536,6.434400040709307
16537,7.823398925120756
16538,6.693432890065992
16539,9.236589489459657
16540,5.6717488242940135
16541,4.778419657818073
16542,3.3792030221976153
16543,8.892636510586415
16544,5.526150091276957
16545,4.407991297095773
16546,6.8772344177898335
16547,6.992833236677049
16548,6.4394818605243165
16549,6.258389773961429
16550,6.310096192929905
16551,4.089293512904026
16552,5.729144405655633
16553,3.8352319430248287
16554,7.342207336479611
16555,6.93788067148567
16556,4.970913947737175
16557,4.7671238629485435
16558,8.501674368501133
16559,6.648609398412814
16560,9.06927929205916
16561,3.43068161799303
16562,9.051100893224529
16563,7.543026835808544
16564,1.6178716470868018
16565,6.326940271420562
16566,5.22427054379227
16567,7.760997318864173
16568,4.338276721918378
16569,7.8799725819242505
16570,3.8141968775393535
16571,6.167283070789134
16572,7.499285000234091
16573,7.499166999447391
16574,9.123646115558575
16575,4.125546027195198
16576,8.259163606965425
16577,7.425299144318354
16578,7.844796355519075
16579,7.448339108710565
16580,5.760322202540774
16581,6.900207905392414
16582,7.187483141543351
16583,5.9707854786029975
16584,7.45166684185698
16585,2.3787738326641934
16586,6.978202757319291
16587,6.484930258202496
16588,4.832858005927608
16589,8.246594915663009
16590,7.546194986209286
16591,7.870330440172667
16592,8.233389739917456
16593,8.301913662420443
16594,6.7577398016548855
16595,6.5153410306153114
16596,6.913185941296213
16597,4.760585993128353
16598,3.5326234213795944
16599,3.305013163528173
16600,6.290871888523475
16601,8.261041948852904
16602,6.14427184539205
16603,1.815798042037842
16604,6.711870643419133
16605,2.3153905111320054
16606,6.3651555757617
16607,5.112899101518071
16608,5.086713260212463
16609,5.374284357493446
16610,9.452423684436623
16611,6.163777342265585
16612,4.955746262556004
16613,5.225003651218011
16614,3.7315535459066527
16615,7.835590684390779
16616,6.268749460610626
16617,8.770693616873158
16618,6.537442741715268
16619,5.339885693316978
16620,3.971043834140064
16621,6.610099020603556
16622,6.709079722185549
16623,2.854122469648003
16624,5.223109185033261
16625,7.392632506999651
16626,4.808908311925559
16627,3.722736363704309
16628,8.596339647650645
16629,6.595171465647636
16630,5.6599510177858
16631,5.650650485474382
16632,3.997860246246155
16633,8.239003890839015
16634,8.075574374024708
16635,6.745300806975495
16636,6.274751831253577
16637,5.568894683974719
16638,4.305032205941565
16639,5.649912131261534
16640,8.175549603126107
16641,5.416154037817206
16642,6.710151415391874
16643,6.37551963841191
16644,4.735430002485151
16645,7.577884691395575
16646,6.971172152626165
16647,7.7270358925844285
16648,8.497905567889557
16649,7.4297721480988805
16650,8.72456615927554
16651,7.909864916893067
16652,2.5896127741018247
16653,6.412566937208067
16654,7.4391565010757565
16655,5.379187586976591
16656,6.436075487593935
16657,4.838648647157641
16658,6.577701122508407
16659,3.916642273076092
16660,6.8430618460821115
16661,9.996825161579993
16662,7.172702085945314
16663,7.10606071777857
16664,5.690211044153546
16665,2.2460261646726543
16666,6.15058076054562
16667,6.436027059078885
16668,6.310107206526654
16669,6.98565709455086
16670,7.975370907206044
16671,8.551689294979345
16672,3.1451548341301514
16673,6.050433152527342
16674,6.8082152964828655
16675,7.281368525422978
16676,9.9329633054802
16677,9.089084585502654
16678,5.088413320545441
16679,6.044967940081204
16680,9.360318752375068
16681,3.4117777292924685
16682,6.754973485404869
16683,6.662650718388697
16684,5.706401720844237
16685,8.318195024424252
16686,6.672242886540832
16687,6.519574593577212
16688,5.036552000961283
16689,5.7519431732363575
16690,6.620941781684339
16691,6.069937174074666
16692,6.267513954014034
16693,5.271276193994479
16694,6.769207990484889
16695,6.974721104685767
16696,5.801240867756373
16697,2.557367517247734
16698,5.22775821480857
16699,6.415783721446879
16700,4.89504445108015
16701,3.9894300256801514
16702,6.95556928970522
16703,6.928519924678379
16704,6.398005785609841
16705,7.159427658433441
16706,6.271099429391391
16707,6.592591922097955
16708,6.944239332382694
16709,2.7150236167623465
16710,5.339373541976202
16711,6.79188325572036
16712,6.374766205704228
16713,8.448313227530148
16714,7.480476853341799
16715,4.940232164451284
16716,7.404389474514993
16717,7.542849954880333
16718,6.500989992929877
16719,8.656769609413788
16720,4.847459824981823
16721,2.2047888380337657
16722,7.8112016555743535
16723,2.9745118837891575
16724,4.784241260778388
16725,4.533422840795076
16726,4.755919130162944
16727,8.208102566287497
16728,2.300072061213266
16729,5.688528938897108
16730,5.124327153479505
16731,7.405077141955255
16732,8.659806247942251
16733,6.274099728885393
16734,4.908068226056233
16735,2.098716427281067
16736,7.462229240935895
16737,4.112946022494086
16738,5.532741268651964
16739,8.011260240499219
16740,7.841445186595875
16741,8.057207345625969
16742,7.930744617996756
16743,4.174301661464641
16744,6.720650004601912
16745,7.844804167020835
16746,8.85608971313159
16747,4.598319754094471
16748,6.426383745618684
16749,6.6299593278725695
16750,6.266110086260654
16751,6.375886391822637
16752,5.730083693387305
16753,7.367728238226756
16754,7.367205140078971
16755,7.264868800883828
16756,7.081257562162962
16757,5.102644966368021
16758,5.543078397271661
16759,6.593088807110458
16760,3.263616970616697
16761,6.628358543474243
16762,4.934574642065196
16763,4.610162415150402
16764,1.8393501587651342
16765,6.142337695745352
16766,3.829196063453228
16767,9.133308880745025
16768,4.6826263599899445
16769,7.534640280672051
16770,2.9019771187069496
16771,8.18548135844201
16772,4.353242411870189
16773,3.5342925154280063
16774,2.7609747934219357
16775,5.951093853900687
16776,6.783641486014576
16777,3.956741258646274
16778,7.186738150035833
16779,6.323886765985721
16780,5.71919733083879
16781,4.105934976885813
16782,8.635482323604709
16783,5.005017013633671
16784,7.729418064141242
16785,6.736088536366083
16786,7.750211647837304
16787,5.037616099023556
16788,5.387363561612786
16789,8.08053769953788
16790,8.350364855653487
16791,7.754922216234461
16792,8.587346568220017
16793,5.766980916119873
16794,3.13929846437432
16795,4.365253553171631
16796,2.239649977745468
16797,6.014917856433146
16798,5.195593225234095
16799,8.481227761323353
16800,8.712207522228704
16801,3.4355754749396343
16802,5.843757044835935
16803,1.5606689929435151
16804,6.881893112280139
16805,7.4755840528976165
16806,6.785140756949543
16807,7.184020215440937
16808,2.960631186573779
16809,5.494686847758138
16810,5.858925582981935
16811,6.849582167090798
16812,5.765112276994988
16813,8.303506982070083
16814,6.864982453409722
16815,8.100543523910654
16816,8.132511163278725
16817,4.550110454699392
16818,4.2530946349659295
16819,5.966717594981483
16820,5.11820590903424
16821,4.761213156410262
16822,5.4221268953359685
16823,5.79446479944289
16824,6.038900886335484
16825,7.322573695544146
16826,4.160448311733594
16827,6.700041417089072
16828,5.882500942915968
16829,2.886716579305226
16830,4.14053473175367
16831,6.1234916060189395
16832,6.993385742265456
16833,6.434170734429468
16834,3.128332321897666
16835,7.931585072584335
16836,5.92316419473826
16837,5.269883370320398
16838,2.825493623863022
16839,8.51352785893957
16840,5.03289825837995
16841,2.031948483633723
16842,5.871165373207643
16843,4.627804647801259
16844,7.3601081311620975
16845,5.070185183479414
16846,8.302702203424712
16847,7.007233566170627
16848,6.121707598133006
16849,8.338296256313866
16850,5.341490945613374
16851,4.299722809713719
16852,5.5958956881471895
16853,3.631728699808706
16854,9.42027019307217
16855,6.421311003748826
16856,8.03035401730813
16857,9.96960793391429
16858,4.860333327122207
16859,7.080727663191175
16860,9.63199734160563
16861,8.99763296851458
16862,5.354039729206676
16863,4.730006543922392
16864,6.324672026905391
16865,9.471220864997099
16866,2.737034324384965
16867,8.12957161348793
16868,6.239481388220117
16869,7.039525083580991
16870,6.693177167800798
16871,6.098507660096791
16872,5.4161196996453675
16873,8.24177241508523
16874,4.712328385041849
16875,5.205921567501188
16876,1.7336992125745838
16877,4.297697433146969
16878,6.235383526893305
16879,4.854821139386328
16880,6.7668129318411125
16881,7.682945701833948
16882,9.16313273977262
16883,9.276024631499459
16884,6.574065742129489
16885,7.277449697922879
16886,1.8838718595726596
16887,5.613501640006597
16888,1.7731715237058274
16889,6.241178890118549
16890,6.771587257341946
16891,3.545440270526424
16892,7.283875069424052
16893,8.634347544402898
16894,4.205266234622206
16895,4.414308422878878
16896,6.847766790021794
16897,6.958827493186067
16898,4.905275782683737
16899,8.959368169920735
16900,6.948326707175988
16901,6.444944228310366
16902,5.141729908439601
16903,8.747130504650292
16904,8.347454446097858
16905,7.6956220472758154
16906,3.513999764848899
16907,9.394663688958365
16908,7.573281647083886
16909,3.4578603419450005
16910,5.630650156443882
16911,6.280035240205746
16912,3.023648156864864
16913,2.10017784123845
16914,8.67628050079083
16915,8.265140436502744
16916,3.747980931167054
16917,7.109333138775594
16918,6.477758095167403
16919,4.17603386112665
16920,6.708724934042496
16921,3.1567984215369522
16922,7.524819065299922
16923,6.831087862428447
16924,7.573970349240377
16925,8.767428160849997
16926,4.1545806217786545
16927,1.884747710189901
16928,4.323706138580268
16929,5.882576897949525
16930,6.367269098876438
16931,2.9299774742769364
16932,4.238173805719287
16933,4.743125772429884
16934,8.961170457912647
16935,2.7159327975626137
16936,6.635369745222054
16937,6.262100082479802
16938,7.816815365045684
16939,3.821342436460431
16940,4.234062085748097
16941,7.052486123145067
16942,5.241096461519977
16943,5.347041226448828
16944,6.771735142047741
16945,6.696502200466193
16946,5.804406714666635
16947,3.8185462681370113
16948,5.654173105962711
16949,3.7027889003000407
16950,7.680603200128356
16951,7.01214102003112
16952,7.741206615837341
16953,5.196279800138493
16954,7.631584091339816
16955,4.870888930838055
16956,6.525727890250119
16957,4.934885912224261
16958,0.8375282937039811
16959,3.4980734561324436
16960,4.255185271984611
16961,8.103330645081082
16962,3.9892302762069756
16963,5.942256942289338
16964,8.024421325169746
16965,2.9910217487661725
16966,3.127762212619868
16967,5.912846036695318
16968,6.754369240943145
16969,10.0
16970,4.007550803274355
16971,7.405861026572051
16972,2.322500247354009
16973,1.0990901252158825
16974,4.503091411117789
16975,9.262562866368745
16976,8.338643641441049
16977,8.621754632264043
16978,6.761326655219493
16979,5.19066600099432
16980,6.8043502707270305
16981,3.6782153820635766
16982,5.84825187895204
16983,6.714896517009166
16984,7.2946050632615105
16985,5.02866775643329
16986,7.161541977497402
16987,3.538549377311758
16988,6.494742116913673
16989,3.718313730080062
16990,5.4998888186696995
16991,7.45271820105517
16992,7.035229792813283
16993,5.097158900460677
16994,6.872664502795779
16995,5.3389348684032605
16996,8.47977342253789
16997,4.0892428568790855
16998,5.177557634477759
16999,3.635263463776972
17000,7.684146828466254
17001,4.420195572768213
17002,6.68554920849604
17003,8.035067034696723
17004,9.115841679118192
17005,8.663919171610669
17006,4.4142428132243055
17007,3.5457392319255963
17008,5.188896385890295
17009,5.460413740855337
17010,4.302024423436611
17011,6.469270115156335
17012,6.259563168032531
17013,7.168476979402171
17014,5.2317052195413964
17015,3.320675595615099
17016,6.936503449395423
17017,6.9606967213421225
17018,5.729424433584194
17019,7.503584762461949
17020,7.432353472101824
17021,5.006871184257384
17022,6.240705096039347
17023,6.888200339775435
17024,3.4671912244005867
17025,5.722508158918601
17026,5.294193726512077
17027,9.537017393759669
17028,1.5619946681433627
17029,4.197939936667813
17030,6.281272768277042
17031,9.16339601958848
17032,3.57598802317913
17033,6.235624395447714
17034,3.5940714465801697
17035,6.444439830616184
17036,8.813317173954225
17037,2.959015244135928
17038,3.314552440412448
17039,8.514386955849224
17040,6.357512920720617
17041,6.74506675371976
17042,4.408179816483768
17043,5.643553920013926
17044,5.668567486391989
17045,7.286010516046324
17046,5.4268661887740315
17047,8.777944242401697
17048,4.754416914749882
17049,10.0
17050,6.759204976842288
17051,7.758163783203871
17052,6.164388248693851
17053,6.773933043954642
17054,3.5983033542240226
17055,7.551852166405849
17056,3.67983228478436
17057,5.2094627312786415
17058,6.864856836608888
17059,6.996542646918332
17060,6.143562789180065
17061,5.517521655996015
17062,3.1752066761052484
17063,7.31885937385493
17064,7.179349079202693
17065,6.771864092049063
17066,4.618417659243399
17067,5.080281990921792
17068,7.166288450062639
17069,8.08022235393833
17070,6.941252645402551
17071,5.87792545821808
17072,5.730761466395498
17073,6.616310929634403
17074,4.487812588308168
17075,4.764126503127268
17076,6.35414031635716
17077,8.147424670676635
17078,5.186479367821769
17079,6.5118832236116875
17080,4.170367915738699
17081,6.288650612833046
17082,8.054151399933469
17083,4.887217413511852
17084,8.005826023478194
17085,3.8776796402980924
17086,1.1571343451638578
17087,2.4990821967044408
17088,6.482131636021567
17089,7.642560094912343
17090,6.671144463299374
17091,8.101941782239667
17092,6.695552269949815
17093,8.324864952202127
17094,1.9420406080207802
17095,5.22577193305662
17096,1.8493156845436352
17097,3.4429858479846764
17098,6.0393720303919025
17099,2.403523209187016
17100,7.980255550562125
17101,6.3128785749054375
17102,7.438519977604647
17103,4.8354656425444675
17104,6.728868834474674
17105,7.335258488864208
17106,5.817125180023827
17107,1.7913286178899657
17108,3.98911963963614
17109,8.230711606036408
17110,5.621021904935038
17111,4.772233973466315
17112,4.523570460383366
17113,6.532184912662166
17114,6.791935671826899
17115,6.5328760675675825
17116,4.917772295983381
17117,4.199694835623284
17118,8.188838612170095
17119,3.4377862998716724
17120,5.601441060903435
17121,5.679977746575762
17122,8.371989989880946
17123,4.642653126667053
17124,7.726501793981008
17125,5.520719026177814
17126,5.192083752475495
17127,5.709260869040328
17128,7.923090583940988
17129,2.02063354214475
17130,9.604106821421144
17131,8.47609577187503
17132,5.554808407433584
17133,6.189134658857707
17134,5.095955737664041
17135,6.7506776219556395
17136,3.535450712605507
17137,7.95278389718893
17138,6.3905331138790755
17139,9.541241583665956
17140,4.713064408712907
17141,5.816857240809255
17142,4.75100429577204
17143,4.390944210866991
17144,5.132668999793359
17145,3.115497131761223
17146,2.841567788162082
17147,7.7287495726210445
17148,3.976477551455645
17149,6.746264973610599
17150,1.3463778836178986
17151,6.39266609356795
17152,3.188481511104879
17153,3.987573186938656
17154,3.4363343767871397
17155,3.3569218873334408
17156,4.311963435769914
17157,7.290197472386516
17158,6.935157533746437
17159,7.981492152958348
17160,4.276180857575109
17161,6.6059684186383425
17162,5.4757474360108525
17163,8.278045556074765
17164,8.301021119371127
17165,6.068831620906216
17166,8.828582696266041
17167,6.227169118884535
17168,6.914908299806622
17169,6.435627159588497
17170,6.655489761059687
17171,5.570082104916791
17172,6.702253421441426
17173,8.369503291340544
17174,4.686784669355068
17175,7.050559460121796
17176,6.187628824339922
17177,9.041562780467075
17178,6.239280757649888
17179,5.512394323140495
17180,8.139622695139101
17181,6.999618444861693
17182,3.919626620274636
17183,6.807362281381535
17184,3.0613112782308183
17185,8.48214493939822
17186,5.05187841043308
17187,3.534224604585821
17188,6.229047748098236
17189,3.2977820786958807
17190,4.623102714814278
17191,6.020102106833422
17192,4.056722165561616
17193,7.962411109359287
17194,3.005968660239384
17195,4.1690150396696914
17196,8.37860062193658
17197,7.873791336584125
17198,7.724525965388702
17199,7.070322919310013
17200,5.065602613832272
17201,5.895783968114157
17202,6.678663268530279
17203,4.350640910455058
17204,7.097933820990254
17205,5.682324520252638
17206,3.8118903170044134
17207,4.027443080973501
17208,7.769753605089039
17209,8.431207042228602
17210,6.84829492354558
17211,7.864293778631763
17212,3.2747241059078758
17213,7.031317972785118
17214,8.94979859246468
17215,5.787401664262754
17216,9.632400662732397
17217,5.470021933375696
17218,7.418586532019391
17219,8.278885043296386
17220,3.0534372040730684
17221,6.051375632665933
17222,2.2362045624889646
17223,7.501417269491951
17224,5.84359694504303
17225,2.136846155381697
17226,7.039662793619294
17227,5.894784473902808
17228,8.124912747019836
17229,5.288526112187283
17230,5.134897480390386
17231,4.040301092013713
17232,4.328354386201934
17233,4.626498713865709
17234,8.53278597407351
17235,8.383209167048385
17236,5.263052979748443
17237,7.086407885308495
17238,4.127921393976523
17239,4.040942600825227
17240,4.155250562832367
17241,5.535056451754726
17242,4.3423193103441795
17243,2.0095043446142546
17244,7.447786554530314
17245,5.6050242930666885
17246,3.8016885436994956
17247,8.62109710151487
17248,4.940542028748438
17249,5.577696916712458
17250,3.9397257019997527
17251,6.148848012632113
17252,7.183980742963994
17253,8.212129905161385
17254,3.3364992219574674
17255,4.672282685674721
17256,3.9368368682393684
17257,8.075473875474989
17258,8.329770378421143
17259,6.763533515900429
17260,1.8828219137899855
17261,8.284355138099553
17262,3.114359043720695
17263,6.897441003556709
17264,5.020514968729561
17265,7.428710846947061
17266,5.267659117364202
17267,7.973515690913422
17268,2.610547688920386
17269,4.947280759674848
17270,6.747839424277273
17271,2.1745327779564416
17272,7.204542372212076
17273,3.687191463877453
17274,8.29572958817945
17275,6.969750608692649
17276,3.169531750571382
17277,4.683936357841892
17278,4.489860263087961
17279,8.721936902750596
17280,6.195706045306152
17281,5.798050755238032
17282,7.362409761440852
17283,7.127966033881769
17284,3.247371572116344
17285,6.35581681053471
17286,7.447728554628817
17287,8.403683567661732
17288,1.7863412115668256
17289,4.837012338952839
17290,5.4634740156571535
17291,4.577156029531557
17292,8.712027519810606
17293,3.770820423499532
17294,5.406068299566698
17295,2.96021511819022
17296,6.763760565822385
17297,5.266758159158314
17298,6.691898166412095
17299,6.695823498337742
17300,5.406101563398871
17301,3.830076315984141
17302,8.698963112885277
17303,6.060484851653739
17304,4.99823223752564
17305,5.72061770725552
17306,3.4849743134045488
17307,7.389975510747369
17308,7.053921316612272
17309,2.3169276073828287
17310,5.664722719489767
17311,6.934568335132754
17312,6.410190154855462
17313,8.025631112980435
17314,8.33824917646268
17315,7.2894775539114205
17316,8.704701651022974
17317,6.961515967356744
17318,7.826826647418812
17319,2.7063360556874336
17320,7.282786065261963
17321,4.803313210608958
17322,3.910912912765422
17323,7.687843744097005
17324,5.043586324431412
17325,6.404222795308346
17326,6.596991786011038
17327,6.071588418318802
17328,4.786605907054305
17329,6.389487462578072
17330,4.822819342575735
17331,7.783765343030761
17332,5.867685469260715
17333,8.288248854688609
17334,4.7241213771841934
17335,7.227620442130614
17336,4.74291713990247
17337,3.7118186764718306
17338,8.97981902523014
17339,2.576429115000946
17340,6.525386867888131
17341,5.741855883969708
17342,4.182597623600541
17343,5.822563317023261
17344,5.344370108366596
17345,8.391385751506327
17346,5.0863767143696705
17347,6.400526014320514
17348,3.4807026819613687
17349,4.793607191799301
17350,6.127186012520204
17351,6.619321928186495
17352,6.180591141254489
17353,5.935766271116132
17354,6.920945802353783
17355,5.648377563307032
17356,7.07628556290176
17357,4.444730684052687
17358,6.342931602494237
17359,2.7511935269390757
17360,2.416114442099772
17361,5.528649477218322
17362,8.595406299042942
17363,5.285833815255154
17364,7.6909739007740585
17365,4.60062824127255
17366,6.841679461190491
17367,8.041431176278442
17368,8.583607353531738
17369,5.278140101242971
17370,5.4685268750614515
17371,7.617947610260049
17372,7.069026060234176
17373,7.402595568026819
17374,4.392836271903982
17375,6.41419678167573
17376,8.036446167442133
17377,8.286978543445143
17378,7.384970156352125
17379,5.93119343577569
17380,8.472048232960187
17381,4.022644013754265
17382,7.076701947667514
17383,4.1835265576467
17384,7.73074024164207
17385,6.41068744718987
17386,8.531825117176938
17387,8.796044526853464
17388,7.516995377297424
17389,7.7910931504238725
17390,3.1556187307002093
17391,3.8634057087563756
17392,5.85574384459431
17393,5.770350627755631
17394,7.004316998035378
17395,5.341606948865971
17396,7.225818208650191
17397,7.0084268739514375
17398,3.5314383606570336
17399,7.446494886232353
17400,6.127700845119761
17401,1.5684384576089436
17402,4.0805278588000995
17403,7.323721492180523
17404,5.90112641937332
17405,4.572274533531503
17406,4.314360869230497
17407,4.568443354319968
17408,6.4242203371229785
17409,5.1663839116387615
17410,8.49030717229204
17411,5.522405754630581
17412,2.3457679101435103
17413,3.8665783327272596
17414,5.3306427348049
17415,5.8086074596953985
17416,7.03922047676513
17417,5.21464316419026
17418,4.879325262805142
17419,6.3747074253293725
17420,5.098065091077683
17421,7.480597807062475
17422,5.904422968935182
17423,6.5349629976960815
17424,5.326689351386502
17425,6.590140039892581
17426,7.3063584496176555
17427,4.700814630868135
17428,6.590248668307572
17429,6.4459306354671995
17430,7.829503605428146
17431,3.910228914567894
17432,6.577937140380727
17433,7.909307775883422
17434,4.932969061890671
17435,5.343383801013595
17436,7.036046222971157
17437,5.771364762726922
17438,6.716840783950916
17439,7.147448834261706
17440,6.370538240688823
17441,3.926732039700835
17442,7.708837855968259
17443,5.095853911304887
17444,9.32454954324809
17445,5.550655217110073
17446,6.568550310576731
17447,5.292987050071655
17448,6.335188261051143
17449,4.249065722900315
17450,8.726699239705754
17451,7.7133391254420145
17452,8.476754535080266
17453,6.3334225987770045
17454,6.972793016428075
17455,3.444034719265714
17456,1.6155677295122277
17457,8.164438523721598
17458,5.184306302601799
17459,4.724804813739648
17460,7.027998030261335
17461,4.054828870525762
17462,5.552049658455013
17463,7.565452450307419
17464,1.5793117652854105
17465,9.743168994299985
17466,3.4952602173236937
17467,5.663842596985741
17468,6.793368196244953
17469,3.734721483440721
17470,4.199356347566113
17471,9.68773885133096
17472,8.092474577534125
17473,4.539754327809673
17474,4.241278050298454
17475,6.744761406198956
17476,6.457404495801705
17477,8.37383907599485
17478,7.469008030296491
17479,6.960439038839879
17480,4.587819001143098
17481,5.179988118195757
17482,1.8128540997419942
17483,5.380766431526674
17484,6.114045536775354
17485,4.942732077683009
17486,5.177516614458419
17487,9.011884238152765
17488,6.766943500753207
17489,5.761786657628183
17490,3.8734547437013434
17491,6.8881983109737215
17492,6.054884513900887
17493,7.7713404599878055
17494,6.403686933164105
17495,2.5402778392426595
17496,8.363035740576919
17497,2.6558391091966786
17498,6.9311202822616815
17499,8.54550693752135
17500,7.737435659485664
17501,3.804728313108371
17502,5.935695284618731
17503,7.0993517137602655
17504,2.645171205969343
17505,2.2819975774514067
17506,7.569096875742081
17507,6.087520382158886
17508,7.471508853126262
17509,3.928797038843533
17510,5.61727717339625
17511,6.743199333557385
17512,3.504442759154606
17513,4.636708925034162
17514,2.04165833516677
17515,6.58018193222549
17516,5.625110992881405
17517,9.02207695406135
17518,2.1940311947497895
17519,5.957945403652828
17520,7.527029746219801
17521,3.922362439735237
17522,4.9222618503371995
17523,7.315663089890229
17524,8.60963608828045
17525,4.996904323755454
17526,8.525831166055843
17527,4.802631810624988
17528,4.3981093445976915
17529,4.943201910757103
17530,2.3433701660192408
17531,3.281292702395237
17532,6.316208428675384
17533,8.022434133516974
17534,3.5711156635361556
17535,8.018630169721947
17536,3.8584485247752016
17537,5.527572876331231
17538,6.5904795721650435
17539,1.2659545026528658
17540,7.4795322087213725
17541,9.154161808700547
17542,4.959000180232417
17543,6.6243407431152646
17544,4.964828224014804
17545,3.3552512968549437
17546,1.877689284540575
17547,7.073611064086743
17548,5.276816923141114
17549,6.497336823798028
17550,7.743279641919138
17551,6.167645150941449
17552,8.16753533405261
17553,6.514640505988781
17554,4.1155687159458045
17555,7.135647213832985
17556,4.439186519541997
17557,5.998065098273178
17558,3.2275469558941756
17559,5.670017932716981
17560,6.17153133067103
17561,7.37658080030292
17562,8.241790792658838
17563,8.548960352209168
17564,6.001847280443966
17565,3.570012868638596
17566,6.210332402383214
17567,6.391316423048767
17568,7.4508483641814145
17569,6.547914562706951
17570,7.461354674161766
17571,8.172379662764412
17572,5.327551043472126
17573,2.7047418152181177
17574,5.754763197003387
17575,5.689846834776293
17576,5.144595862786325
17577,5.951632725969413
17578,5.6440393490498355
17579,7.346284561784034
17580,8.418702524474334
17581,2.166402570652041
17582,6.3428020906440645
17583,6.851347903629753
17584,5.459487611643634
17585,8.967563635355896
17586,5.870551036044175
17587,4.035278458982036
17588,5.601275008316296
17589,5.292664638183888
17590,4.37735101992941
17591,5.866767566222684
17592,4.248063453171728
17593,6.57514373652734
17594,7.202726330220466
17595,7.636296325552682
17596,10.0
17597,5.098129264157181
17598,6.869465188076721
17599,4.1631799533550256
17600,9.21453807518544
17601,9.199381514923248
17602,5.2323145691814315
17603,7.459801042812679
17604,3.0746099569127265
17605,3.727451716789033
17606,8.525405556679589
17607,5.075755498643992
17608,6.809318113528303
17609,5.815429437675657
17610,3.97981423411776
17611,2.2395708162842536
17612,7.047005892068246
17613,4.198423696975559
17614,8.492966942176215
17615,7.942249460687976
17616,7.765832827816908
17617,6.960836421073865
17618,6.880298786552058
17619,6.438790930514503
17620,8.425193890095722
17621,6.435972063584389
17622,4.429264550417301
17623,7.933886781779115
17624,6.673987178905395
17625,3.585176058992288
17626,5.055108289428397
17627,6.4787861911419595
17628,3.523640208046638
17629,4.531775777378337
17630,7.304988943923275
17631,4.990994802948981
17632,5.984061331403667
17633,5.8977886215422
17634,3.9424685866284173
17635,6.3923361874266345
17636,7.1714068148052155
17637,3.748585857782266
17638,6.057087674685544
17639,6.340460240608148
17640,8.535981401667946
17641,7.981232042746645
17642,4.503140407886372
17643,5.873071985730262
17644,7.7486677896004235
17645,4.526717805849732
17646,6.717356530440555
17647,6.449897425685355
17648,5.986387888684177
17649,4.6346469312389775
17650,5.694400345350108
17651,6.903729896476372
17652,6.400062764459895
17653,4.744363754237907
17654,1.5709050348353397
17655,7.858241335537178
17656,4.319694431093052
17657,6.462550224268904
17658,3.6793321073753082
17659,5.51657520625705
17660,5.8942870548168855
17661,3.3031757101363124
17662,2.2851832663489624
17663,7.335824812632162
17664,6.018943875359416
17665,9.49709876033131
17666,4.052977468166616
17667,5.698430007027272
17668,8.590647530894804
17669,7.955060419088449
17670,2.917663282057893
17671,5.972521257142363
17672,7.108904694241394
17673,9.135998342135494
17674,2.5864769517689883
17675,3.30942959790293
17676,3.0722804472929885
17677,7.601673137727795
17678,5.408654836186606
17679,4.507257836460876
17680,8.853992563870529
17681,4.8607396215196
17682,6.975490571158129
17683,5.7022765770297275
17684,7.671453204496341
17685,4.375423213964479
17686,6.00952207074517
17687,6.4844316340721
17688,4.290890527964481
17689,6.171110119083285
17690,9.525224810826694
17691,6.302284088570995
17692,6.078065347144973
17693,7.168212346217563
17694,4.972345775652075
17695,5.406391208486469
17696,7.575259080845641
17697,7.4433105344522446
17698,8.147570484613635
17699,2.0434850358375667
17700,6.81393630963009
17701,6.723839562190759
17702,7.211621294094962
17703,8.13953118620017
17704,4.295515486018465
17705,6.71130339200744
17706,4.986556314011682
17707,4.305607275137197
17708,4.4820020383869785
17709,9.08897316061082
17710,3.6532725446592584
17711,7.7635023504102625
17712,7.571276189181962
17713,4.302045674483828
17714,6.6901728679597685
17715,8.658222580841594
17716,6.223576323418758
17717,4.05756746378848
17718,5.728906774151975
17719,4.901342305081036
17720,6.802678120368744
17721,6.14929552655283
17722,6.06590366629839
17723,5.934295274112665
17724,9.146197363846584
17725,5.850293894954991
17726,5.7346433796162755
17727,7.883262500568002
17728,2.043034568149244
17729,3.8501522313529866
17730,8.235081741664297
17731,9.770990275323383
17732,6.37839262627881
17733,7.408899016759233
17734,7.819470101059643
17735,8.04694289824489
17736,4.533113861918602
17737,9.01716775713482
17738,5.650908810408979
17739,4.025342512276399
17740,8.089471745822545
17741,7.297370320788785
17742,9.299844042235907
17743,6.329031532983142
17744,7.125890178782141
17745,7.990139699057749
17746,8.611029244440951
17747,4.6165222081151
17748,7.634965508833792
17749,6.232862712715051
17750,4.854628238046946
17751,4.554509945105888
17752,5.755246505765176
17753,7.142657520852645
17754,9.642593573260724
17755,5.038353553034557
17756,4.507236969201777
17757,6.2236622464092
17758,4.575832310120622
17759,0.0
17760,6.357908600492628
17761,6.09041446975505
17762,6.890430087663895
17763,8.657922710517283
17764,7.558588852166058
17765,3.6449170882106583
17766,6.896793444504231
17767,4.697313884869475
17768,7.267524621473264
17769,6.705331137423154
17770,7.472415864452634
17771,2.871715016071333
17772,5.985863992741991
17773,8.022494321258659
17774,8.038768668693313
17775,6.2776583860195165
17776,6.200719612372103
17777,5.240451667932143
17778,9.264708919066463
17779,9.354536401287804
17780,5.173835263119273
17781,4.576291047298367
17782,4.793311370447698
17783,4.098300983824154
17784,3.548526149743013
17785,9.773992530247899
17786,8.132663955854461
17787,6.199300434095086
17788,7.683092299234869
17789,5.289456181953773
17790,7.9107187664321925
17791,5.606938916133811
17792,4.085007144644231
17793,6.228412723233582
17794,5.572847344848284
17795,4.890141440880492
17796,3.980304572914365
17797,7.023496845835923
17798,5.882794660840987
17799,6.153553826849452
17800,5.261827158384599
17801,6.219189655193064
17802,7.996962451226209
17803,6.1993989010005635
17804,1.4782922737761586
17805,6.700341748491498
17806,6.803191800643858
17807,7.355494217833443
17808,5.822864465423857
17809,7.226783659804035
17810,5.120812927219413
17811,3.4625004437445366
17812,5.058929243888282
17813,6.817301242001749
17814,5.427938186419059
17815,2.0448305841068697
17816,6.51515883538042
17817,5.159084448505278
17818,5.409622646133413
17819,7.476204053100809
17820,7.0073469251974005
17821,4.1838926996942405
17822,7.565272832417428
17823,8.42893958867231
17824,5.5449291043332165
17825,3.4877681070426845
17826,7.000822963999822
17827,4.911205492870803
17828,4.583876101165655
17829,6.17178213127572
17830,3.6055136689062146
17831,4.206944251134767
17832,8.022558054421223
17833,7.343720380544132
17834,6.170705938555469
17835,6.236507309049605
17836,6.689238933199607
17837,6.8767800278499625
17838,5.560231475968092
17839,6.897152358008998
17840,8.26282756868485
17841,3.9267589467406587
17842,5.345943557205143
17843,7.468232505082927
17844,6.381892573046814
17845,7.568979062843642
17846,4.735524297370664
17847,5.5340309216129375
17848,1.4705572373980151
17849,6.122758838567101
17850,5.406524523832822
17851,5.241085949193902
17852,5.161114372364834
17853,3.3315257108265404
17854,3.71857894067127
17855,8.878387656970267
17856,6.495958052612733
17857,8.469412665152372
17858,6.202189046542955
17859,8.485253974029208
17860,6.955075600550812
17861,4.767929852475375
17862,3.648186064998725
17863,6.91276247222222
17864,5.15442221139769
17865,6.692249478223563
17866,6.054794146336919
17867,8.358823381701384
17868,8.858927337788458
17869,4.909353892567808
17870,7.496679906816623
17871,8.009038130175444
17872,8.354801021365153
17873,3.92256572040711
17874,9.45622516707315
17875,4.928204144173052
17876,7.415930141559223
17877,8.062960333792153
17878,6.0633323396432255
17879,5.3991899583002345
17880,6.250482766425823
17881,5.712270675721106
17882,8.536487060484957
17883,6.01990469493624
17884,1.3907788834726393
17885,2.6622596289049487
17886,5.751648156016218
17887,1.6691483920526555
17888,2.42237499762715
17889,8.269801733405874
17890,8.76522553287915
17891,6.757493158297148
17892,3.0814598267201285
17893,7.266506954468983
17894,5.223102892068131
17895,4.909735918305739
17896,4.200158483079394
17897,3.521531205497184
17898,5.8600881070663755
17899,5.596000117736074
17900,5.8729526401034695
17901,6.01297473462546
17902,7.8539417987034
17903,5.81349915443077
17904,5.112343690030529
17905,6.339391572466066
17906,5.735026573284775
17907,8.55360233456297
17908,4.760363670035023
17909,7.404613834188455
17910,7.050238061930567
17911,5.6307044900742955
17912,7.000941208317643
17913,7.715315048208442
17914,6.4452560000007155
17915,5.871439467665848
17916,5.623959187983078
17917,7.668781575200225
17918,5.310318659011819
17919,3.854440588329502
17920,6.884874490754223
17921,3.950416997046721
17922,9.070521475383522
17923,6.740583288008897
17924,2.867711691556734
17925,4.965063559268068
17926,4.944140617863778
17927,4.21614756291261
17928,9.024572705498922
17929,8.69387279689492
17930,5.896429474624207
17931,4.3882157524750225
17932,1.520231530830308
17933,6.718520779215932
17934,6.344191153311728
17935,6.470552088314559
17936,6.91035245996854
17937,6.2332102617443885
17938,4.95065409851514
17939,9.353672831245955
17940,8.828081043123827
17941,4.94095770510049
17942,5.066855764116848
17943,7.254523514310449
17944,5.5344168952330755
17945,8.995636187068033
17946,6.890772980466387
17947,9.179559471214574
17948,2.470230825986221
17949,4.365943037637975
17950,5.368554368188727
17951,7.9234311786189044
17952,6.957982539365351
17953,8.347558094535332
17954,4.033039525193771
17955,9.4360570352917
17956,9.34133511337647
17957,7.660123438981104
17958,7.5040367046141805
17959,7.113281835192512
17960,4.333942008201386
17961,5.954275888717508
17962,6.432125536225083
17963,6.281201418828163
17964,4.853207071766144
17965,7.9029234576313305
17966,8.67136958100059
17967,6.413117040067315
17968,7.698788973337641
17969,5.6620717038825195
17970,6.856914372357656
17971,3.976108007010069
17972,7.262629350030052
17973,5.4855571735636595
17974,7.7761349460365965
17975,6.371842855683325
17976,7.778577964336528
17977,3.349263189269338
17978,3.8228080840820553
17979,5.300406097013499
17980,6.345696204792046
17981,4.433086757978408
17982,7.13210073726771
17983,5.8699946887798875
17984,4.49964927153595
17985,9.030196475920514
17986,8.467282311463629
17987,8.117840873238848
17988,6.171322554525512
17989,5.271487787099001
17990,4.882702491290557
17991,6.046427534683383
17992,8.436862270429124
17993,5.433168114463869
17994,4.37544093722501
17995,1.9147270089812505
17996,6.408178997838513
17997,7.061551285357712
17998,4.464839493049076
17999,4.975592947944138
18000,3.8461708689521203
18001,4.568683890983671
18002,5.458012120352038
18003,7.015085428243572
18004,4.834478192460251
18005,3.769714906714909
18006,4.97588625405522
18007,4.0926247811048295
18008,7.404590226378676
18009,2.08820400633003
18010,5.979268262719079
18011,6.8055858729299565
18012,4.090914112763188
18013,9.397229353115051
18014,5.560098468428139
18015,9.021566243526111
18016,8.801551731979746
18017,6.526476088247936
18018,7.337473123852654
18019,5.937077354525164
18020,7.364822164957573
18021,7.948306721467279
18022,6.2653329376987985
18023,3.128217376121803
18024,4.1014532096026715
18025,9.12299612709147
18026,5.429698299005938
18027,4.7764441636245705
18028,5.438169651254244
18029,8.687799821772527
18030,7.445779926459522
18031,7.456375368975189
18032,7.931561452980749
18033,7.867260311952803
18034,4.325768375369721
18035,6.401572836665977
18036,4.798764175035856
18037,8.047548452004758
18038,6.785307903313214
18039,7.517799332620788
18040,6.974386174572268
18041,3.10740538714168
18042,5.781419525347456
18043,6.2868145622030065
18044,4.30043121843937
18045,6.606724356752797
18046,4.265705026345618
18047,3.614276289867472
18048,5.777115114728663
18049,7.074226489409571
18050,8.542749791119537
18051,5.1187782974966085
18052,5.472872220211688
18053,8.399804740148507
18054,6.0292995729698635
18055,6.510425572251552
18056,5.831869500280363
18057,7.225243278005119
18058,6.313182893498333
18059,5.348501742921377
18060,5.134787838278574
18061,7.195018517035742
18062,7.614111989778914
18063,2.5732549023971614
18064,6.4101117919161155
18065,7.41227440578918
18066,4.98979257565276
18067,8.962267358480688
18068,7.153717487242869
18069,7.1696547800835075
18070,5.575408387132988
18071,7.039152871364843
18072,8.010545152280507
18073,6.582956749655697
18074,4.397607897764554
18075,5.014682895342747
18076,6.798488123081418
18077,7.302834810594453
18078,5.664643235129837
18079,8.790288064714678
18080,2.4240204531805425
18081,8.472358358220264
18082,8.750495813390726
18083,7.199903098473117
18084,7.224889666671812
18085,1.0963120724437156
18086,5.625709172755196
18087,4.973035896393957
18088,5.679105317313874
18089,6.9367928566218335
18090,6.780485361918901
18091,6.300051532431425
18092,3.356939261097355
18093,8.18049370485999
18094,6.309374267397195
18095,7.605371270964031
18096,6.30765637615196
18097,7.239122385590446
18098,4.703095860290214
18099,5.823585138216169
18100,7.078752443065414
18101,4.1856429088983305
18102,8.634722319336905
18103,4.510209494472935
18104,3.004986550876846
18105,6.271704631431312
18106,5.895424491615243
18107,4.046799539672459
18108,7.33904264346857
18109,4.915149062292082
18110,6.7184667132532
18111,5.1396718725156205
18112,9.015362746125778
18113,8.427033498658592
18114,6.6325041037338845
18115,2.9707734965012045
18116,2.8460825968796235
18117,4.682160404243466
18118,7.640065924955172
18119,4.918840521832221
18120,3.2792106558748624
18121,4.989394358250288
18122,5.103145381199585
18123,3.881638503550082
18124,5.137940982672803
18125,9.11916129107983
18126,3.104502444886827
18127,3.45565486637746
18128,7.162113147992503
18129,2.2205838640972777
18130,2.434715682842644
18131,2.516377647469854
18132,6.732304283513015
18133,6.901413952489538
18134,7.344450546806417
18135,6.370151223228972
18136,8.131048461374307
18137,4.488597589303386
18138,6.100415904558796
18139,7.103761015529667
18140,4.985524618403553
18141,3.482946536943122
18142,9.204152456815253
18143,5.404698417228727
18144,5.284840454252692
18145,5.861218980728889
18146,5.22620554170843
18147,6.936919923574093
18148,7.814504526169289
18149,8.492320841580455
18150,8.791820843281608
18151,7.49198590744585
18152,5.692956267289027
18153,5.1730354472593065
18154,7.3780269061538375
18155,7.045928720084859
18156,4.95423333338823
18157,9.938291085189631
18158,6.24168377222225
18159,2.7703975999210075
18160,8.931983016905583
18161,4.507488652871837
18162,5.204749260176292
18163,4.806298842203968
18164,9.114305875449293
18165,3.430858187198218
18166,8.233601857592241
18167,3.4472455712586165
18168,8.766170222555091
18169,8.31634013332244
18170,4.818405853672989
18171,6.0445249395576965
18172,4.985917526455965
18173,6.012987362402216
18174,5.525907688157668
18175,7.13234992531142
18176,6.764678337387214
18177,7.471093856484377
18178,0.8680300035989787
18179,6.715124373699821
18180,5.505594128284088
18181,9.308918241681608
18182,4.405134556482484
18183,5.59940640069331
18184,6.553990955971679
18185,6.573249310506565
18186,6.8291867810630125
18187,3.852732735238481
18188,6.9706182806365975
18189,8.317272769462232
18190,8.484483821757962
18191,5.541774852775553
18192,6.028091657426347
18193,5.092847172905373
18194,3.7897321595180076
18195,6.487122261191946
18196,6.66228203066185
18197,8.269303018878427
18198,8.587562523256768
18199,4.471917616206228
18200,7.964624320509381
18201,6.1346633924147325
18202,5.664998094807879
18203,8.678089053240388
18204,6.097566731798918
18205,6.78927647189075
18206,5.9734248179895095
18207,9.479423321329714
18208,7.228075061376734
18209,3.001127904461419
18210,7.966498482840395
18211,8.393961411612853
18212,4.564986551859479
18213,8.685551848065
18214,5.420531547176062
18215,7.021000540697711
18216,4.106280215099542
18217,5.399650357368779
18218,4.364829370038791
18219,5.105467035654615
18220,7.6242909751515615
18221,1.3325554186776034
18222,4.564333206998404
18223,4.946951458205829
18224,5.041187712184479
18225,6.146008103902545
18226,6.825545239413742
18227,5.168862241165078
18228,5.147633877691915
18229,6.6298114313855825
18230,1.351229689281879
18231,6.428636846781575
18232,3.579147856871832
18233,7.417347566173253
18234,7.165636019458517
18235,9.446232733536975
18236,5.7642819614411
18237,9.091150315913785
18238,5.330948379948527
18239,6.481242514191757
18240,7.914004828053803
18241,8.451642594315928
18242,6.858073918811494
18243,6.633970527718699
18244,5.615856610015375
18245,7.872871178650162
18246,3.2009473280873397
18247,5.073935136560046
18248,4.257733758366397
18249,7.062739126413114
18250,7.349591908217749
18251,6.083218879886622
18252,3.6351329552933165
18253,7.843877917771787
18254,0.7748272510157281
18255,7.716788544976493
18256,4.3010204042006706
18257,8.195567986159599
18258,5.4367947623307575
18259,6.547062673771845
18260,8.868852574631584
18261,3.8758620716864156
18262,7.442010017470332
18263,5.530972236167402
18264,7.531613428582543
18265,3.730332777275488
18266,7.892985612374556
18267,5.704112712476436
18268,5.881917439317635
18269,8.736547314767328
18270,6.562530036191567
18271,6.0349451014657625
18272,5.81393720977566
18273,5.5796501857013165
18274,3.4145093631543824
18275,2.2463004507037363
18276,4.149396557326034
18277,5.531548553223711
18278,4.008993584958393
18279,8.103956807272358
18280,6.386957288682359
18281,7.743239394305217
18282,6.339460691726731
18283,2.7871456549699913
18284,3.2756778838457943
18285,4.862185075009211
18286,4.101986299935931
18287,6.270619759756307
18288,6.99035435175344
18289,5.042797467919976
18290,5.96524464120343
18291,8.68618197139909
18292,4.613428244724745
18293,7.704395709909781
18294,7.023722896358943
18295,6.572055934986038
18296,8.078708310231235
18297,8.644252673719867
18298,0.8839139053027462
18299,2.1978270302532232
18300,6.325050376449783
18301,5.130733913412736
18302,5.73649443010001
18303,4.858275597417054
18304,6.511416853355509
18305,4.920780618265804
18306,6.445653266109898
18307,4.311257483265955
18308,5.968004254563036
18309,4.632761907555152
18310,7.063786979384867
18311,4.565112036195167
18312,7.35789860209095
18313,4.932926705009278
18314,6.49974922830927
18315,4.445606818376879
18316,10.0
18317,5.928766664609874
18318,5.587162558699349
18319,4.148778588545238
18320,4.873451432276963
18321,3.128566807563978
18322,3.980534521311621
18323,4.62644719243045
18324,5.035566584080629
18325,7.231203572156543
18326,4.323504940421053
18327,5.657752075918607
18328,4.178159705939608
18329,2.8836209156077275
18330,6.048700663573635
18331,7.039753340491379
18332,6.2245291748629565
18333,4.793817806674946
18334,5.843220373991673
18335,6.674990036181862
18336,5.368780108144758
18337,5.612611245386332
18338,7.774774923765165
18339,7.165282681997566
18340,3.5245930993718573
18341,9.296427637332322
18342,3.665809570587995
18343,3.783118528946138
18344,5.676124443552567
18345,5.324974155134742
18346,3.6702447086131347
18347,3.965167242274926
18348,7.003989914459653
18349,5.06440294536798
18350,5.8038922402448305
18351,4.866708481146565
18352,2.058188500267524
18353,5.610557715368772
18354,3.9571816498553596
18355,4.276609376786449
18356,4.79208414349501
18357,4.036459320200484
18358,8.270621519400784
18359,4.955214563791699
18360,8.499401358032177
18361,7.149330333442223
18362,7.763727522336156
18363,5.308733998343664
18364,7.85869282595109
18365,6.817590915013627
18366,7.243718797626792
18367,6.682650381805889
18368,7.908900974543608
18369,4.506842940045314
18370,3.613254791295119
18371,8.204662088560616
18372,7.076110166349552
18373,7.216606381298863
18374,5.817891637999141
18375,7.843675293786478
18376,3.9835397196146665
18377,3.393197936678371
18378,6.317656135835749
18379,5.427073250504829
18380,5.794287235050756
18381,4.191745826763477
18382,7.02781505379069
18383,3.835691597605043
18384,6.651753225308383
18385,6.371738225708245
18386,5.9878771543877924
18387,6.176034265802752
18388,7.6878837296630484
18389,3.0237358147532167
18390,7.808744588482858
18391,3.2968074145186774
18392,4.144841293595199
18393,8.066947965435197
18394,7.913006533497084
18395,6.872054459485433
18396,6.784432536638825
18397,2.583486151784493
18398,7.049426018382995
18399,7.802785149509752
18400,6.655999971104171
18401,6.385862155208994
18402,4.60153763023696
18403,4.329204647805644
18404,3.8813665892662605
18405,6.867760236001765
18406,8.163173056809693
18407,6.181757214006301
18408,5.535207318291896
18409,5.002715075284143
18410,9.787562064226034
18411,4.7044901182052135
18412,4.955645407687912
18413,6.068300811291997
18414,3.453132072199778
18415,5.2842081846916145
18416,6.793091092194051
18417,6.375023574639908
18418,6.545663970519933
18419,5.923617485113746
18420,4.932676796967669
18421,7.748895896165728
18422,5.456906085475438
18423,5.375950180735061
18424,7.927608363946356
18425,4.047937979773024
18426,6.370153739768367
18427,7.706897995584973
18428,5.284414084504698
18429,7.499334376124349
18430,7.113720057851586
18431,2.541626574329548
18432,5.412010437535515
18433,6.2821932732441255
18434,6.550893778678322
18435,5.286771254853534
18436,4.312705347933343
18437,5.043006762609023
18438,4.067421430590112
18439,9.089037742750717
18440,6.845932479697122
18441,7.095138717132519
18442,0.6561100803067035
18443,5.074967841167214
18444,4.683727406617355
18445,5.4367544087174515
18446,7.845051071828235
18447,5.1894339346736995
18448,5.860046264330753
18449,1.8617057773192223
18450,4.308778097108049
18451,4.530550058010894
18452,6.891072055899976
18453,2.9930218271365145
18454,7.907104944095116
18455,7.838839867612597
18456,4.911508577175571
18457,6.015265682642593
18458,6.732741500230812
18459,3.28613561643763
18460,5.157494781672148
18461,4.005988213674765
18462,7.358587991243951
18463,4.813236844037391
18464,6.228636020835106
18465,7.341382090798655
18466,5.938381561112182
18467,4.165839033659722
18468,7.603834030614271
18469,5.4805764215434225
18470,6.454259606982663
18471,7.751522371249051
18472,7.468161530686665
18473,4.4588548166251645
18474,1.926837916904232
18475,4.827332380511669
18476,6.486453077269041
18477,7.177807693616389
18478,7.659921583193154
18479,5.300610155520313
18480,6.9901974224122645
18481,2.2221011565181445
18482,4.870466363819431
18483,6.005980538900274
18484,9.454356111409968
18485,4.552508638237715
18486,5.018593086224721
18487,5.750079826925405
18488,5.7151792318631
18489,2.179637052830726
18490,5.550791059691375
18491,4.9445749831159045
18492,4.087841618123958
18493,3.9402525479075354
18494,3.867059054031234
18495,5.486074721275222
18496,7.247515553317914
18497,6.541973794237873
18498,7.381953114115758
18499,5.677073109640842
18500,4.328593356950845
18501,2.145178880766004
18502,5.027207178720748
18503,8.131878302946673
18504,2.4350452400055325
18505,5.514343572461911
18506,3.2889262829206882
18507,4.854992658188086
18508,2.1063003909032623
18509,5.317494904480955
18510,6.540112304927742
18511,5.540761092175434
18512,6.702561568370304
18513,5.631220500763733
18514,3.9873881598308634
18515,4.787718045125821
18516,7.7867948205696464
18517,6.203913268716355
18518,5.11733046800335
18519,6.526403022892263
18520,7.3037787491669475
18521,8.340061881714448
18522,6.638262797667327
18523,6.823195450844535
18524,0.20610378680867075
18525,5.922967059451109
18526,5.620635402965392
18527,5.292327952306404
18528,8.621951310322114
18529,8.260146318159439
18530,4.553091910969589
18531,3.147640438037727
18532,5.787126372290529
18533,4.997667002698058
18534,7.724281258969318
18535,7.9296039658283
18536,8.251911369535971
18537,3.458413300673896
18538,6.197798433874597
18539,4.837835788200838
18540,7.986997912430782
18541,4.344639912759646
18542,5.610191785529333
18543,9.251792505246806
18544,6.19235431210957
18545,3.998285086176527
18546,4.44345241325698
18547,8.087095591846632
18548,3.8790109959307983
18549,5.513303633965078
18550,1.171434713225739
18551,7.852315751009109
18552,3.7774923365184314
18553,6.261446145048031
18554,4.272617874430895
18555,8.363773025200635
18556,4.885479861684762
18557,7.172693021889081
18558,5.115732363565795
18559,2.119450419451874
18560,4.895406371116712
18561,4.919063229142121
18562,6.896520156439992
18563,6.68270273269376
18564,6.666078554712966
18565,3.771607731353955
18566,9.055706876019288
18567,6.897977753597474
18568,2.25317122548656
18569,9.287277107077461
18570,3.2814596814227954
18571,7.602091014139243
18572,5.87175083713039
18573,5.366129632713396
18574,8.370471827843108
18575,5.687112206705976
18576,7.391072480496384
18577,6.150448505709501
18578,6.6775858243228186
18579,7.745438664192432
18580,4.312757146744279
18581,6.353956095040374
18582,5.889829460376937
18583,6.396222555294999
18584,5.803649124964447
18585,7.987483132247978
18586,7.998179565790263
18587,4.468652071557312
18588,7.892673738370036
18589,7.276267036947572
18590,7.234679945980058
18591,3.113488680816184
18592,7.199710436496562
18593,7.787774372359181
18594,7.646223182073049
18595,3.65980343376255
18596,5.6775048371869765
18597,4.1927431043492485
18598,4.587141637322119
18599,3.7124145043742582
18600,7.358262080318241
18601,8.477439885597862
18602,4.822600485410235
18603,4.897320039325286
18604,5.051341050266887
18605,5.8706835958259544
18606,2.6672852006670635
18607,5.257955857204172
18608,8.891827764011568
18609,4.775644736057884
18610,7.628202987209945
18611,6.812548951516085
18612,5.150850888002494
18613,7.361852660913516
18614,4.357686658991363
18615,6.3896711104955575
18616,2.7992562279605906
18617,2.9902128969079493
18618,7.519623346887328
18619,7.325471797973054
18620,5.888487351116203
18621,3.72858782179822
18622,6.230517948308634
18623,4.35897305282684
18624,6.5160897687505255
18625,7.698206477496946
18626,4.021835572998338
18627,8.069556963758552
18628,7.960265171626486
18629,6.604996419213632
18630,5.16342198950959
18631,6.737761327514173
18632,3.1268484600870012
18633,9.225699932513967
18634,2.681184394773188
18635,5.3314373020181485
18636,6.882726371466322
18637,6.011450574483433
18638,8.670864677907106
18639,5.771529752401137
18640,7.449716129818334
18641,0.999513155209882
18642,3.6221735632251093
18643,4.911067952185338
18644,6.8515123016059105
18645,7.264667008926973
18646,3.3272932200139747
18647,4.349582979573711
18648,5.804095075552617
18649,3.668096001455239
18650,5.487641473088194
18651,6.672695527684374
18652,4.746040452425468
18653,4.024163670935538
18654,5.259566642707757
18655,2.9173175393720414
18656,9.014892434422883
18657,5.070596698567447
18658,5.552755038870015
18659,5.220122527821482
18660,7.941580651418901
18661,7.166091462107689
18662,4.641145355687818
18663,8.253487263338254
18664,4.700259008449306
18665,8.768726932966883
18666,5.78590683593141
18667,8.38093111315465
18668,6.252605637184569
18669,7.046943602844616
18670,6.9022725582950635
18671,6.522028431121696
18672,5.718779895242785
18673,7.653211294881273
18674,4.852355863582182
18675,5.366409373821546
18676,6.092602050596737
18677,5.102137319114579
18678,7.629493653348742
18679,6.377451101756292
18680,4.986472748180982
18681,6.517485772423711
18682,7.169541198832271
18683,6.5946442397390745
18684,3.551567121888137
18685,4.290695017240393
18686,4.660350777443396
18687,6.364048120802186
18688,9.321656522632054
18689,7.3001523710682905
18690,3.3013561814428867
18691,5.976399716745807
18692,8.704556086858236
18693,8.222459015963429
18694,7.021652328655886
18695,3.420730994967872
18696,8.672507977381263
18697,2.5421957063979104
18698,3.597233867815019
18699,4.707505009770278
18700,7.667919791554687
18701,6.884540148356502
18702,7.691801373502998
18703,7.112796454083926
18704,4.340836533495442
18705,4.480030928825043
18706,4.528763201327187
18707,8.187928216323742
18708,8.992304460281831
18709,5.929387432229881
18710,5.108952627585638
18711,7.606469932770587
18712,6.560592104142032
18713,4.981219655748332
18714,7.78495999993323
18715,5.1907412485946
18716,6.884560808887754
18717,5.279103334587365
18718,4.547215423593183
18719,5.639920520703189
18720,4.376514340616101
18721,5.165143114460382
18722,6.177728480740293
18723,8.811783837252788
18724,7.7072987494075305
18725,5.621600991454938
18726,9.010937300965224
18727,6.557806445505807
18728,6.108723080095816
18729,8.337052581957472
18730,3.4763465226553008
18731,6.6159938092229105
18732,7.784043033592408
18733,4.266037090044839
18734,7.283538536142182
18735,6.087117269418193
18736,6.500842951392768
18737,8.065521580954687
18738,2.5208559290078414
18739,3.8706246240741513
18740,6.548090670355638
18741,6.2157171005897816
18742,7.299843949121004
18743,5.313766888000508
18744,4.2969193050509675
18745,7.834454320408824
18746,4.044309785295363
18747,7.409429404527616
18748,8.234708676809081
18749,2.3858104292193665
18750,5.126857250274445
18751,8.311455349697399
18752,5.783655089652304
18753,8.452104426884729
18754,4.611211592643381
18755,5.018483710076765
18756,4.708237552476936
18757,7.142558613141772
18758,5.3288013250585635
18759,4.341509193207277
18760,6.511524825643112
18761,6.805785585962746
18762,7.342444084127955
18763,5.043286934357692
18764,5.806989591836665
18765,8.195890381979588
18766,7.1421602631932215
18767,4.689529026091393
18768,6.6450029339254755
18769,1.0205482651939122
18770,4.900030860523774
18771,2.2237376444036423
18772,4.406538070466654
18773,8.425619622969934
18774,7.565401817312189
18775,7.311749158841679
18776,7.3457599609094135
18777,2.0618232892985
18778,5.72924742862338
18779,8.575888624751245
18780,5.939502823203792
18781,9.173585440874447
18782,2.1855446128400224
18783,7.923664408378356
18784,6.841173924094393
18785,5.561936819181808
18786,8.481193399917546
18787,7.103303896981896
18788,7.642189055212486
18789,6.240417687639641
18790,10.0
18791,5.805428768863766
18792,8.961690682541866
18793,6.966016158167513
18794,4.016642226286477
18795,8.199823470251479
18796,6.3828804128973715
18797,6.068091324854067
18798,6.089900918828238
18799,4.950041958067683
18800,6.09447220157875
18801,5.796813556825181
18802,7.068731756665845
18803,6.294635204058055
18804,6.918292818546585
18805,8.531455939051598
18806,5.306968866984465
18807,4.7370027628260285
18808,5.6008223155275685
18809,6.504616882846327
18810,6.507791683654238
18811,5.053460387988423
18812,7.1447129799778155
18813,7.791605263868467
18814,5.784880692500556
18815,6.098724945135072
18816,4.61193082129596
18817,6.877713823016813
18818,5.167533281175257
18819,5.3614315106140795
18820,7.142589204201409
18821,5.582770008481574
18822,1.6486547679128152
18823,5.012711695041187
18824,4.602992473335181
18825,2.9207300035431003
18826,5.906761004774024
18827,3.517719501187638
18828,3.378023933444584
18829,7.400241466294609
18830,4.667525819201865
18831,9.627797491750185
18832,5.6082957825881845
18833,8.58111645761077
18834,8.21112746955431
18835,7.2420103977036465
18836,8.141149080716161
18837,5.400755540938687
18838,5.101464733552057
18839,8.225648305429939
18840,6.787371456377958
18841,6.183181914753425
18842,8.455501570384378
18843,8.462662210811029
18844,6.608128363503258
18845,6.475572007620948
18846,6.395396842601952
18847,7.5443690033697015
18848,4.920849167578504
18849,2.7184659400517566
18850,8.518007949285364
18851,5.956226486440466
18852,6.818670142769328
18853,5.057123554239003
18854,4.986663010967996
18855,8.699389335823637
18856,5.0914831942617536
18857,5.992154598733548
18858,8.609750800730653
18859,5.505787130360269
18860,5.582150992633245
18861,2.7540368328876768
18862,6.9741583206247455
18863,6.288708936825797
18864,7.876775668949368
18865,8.747362037873563
18866,7.908030964957833
18867,6.816920865040957
18868,9.121168449361287
18869,8.474678690879747
18870,4.747001042940278
18871,8.228528067463758
18872,5.932480918348878
18873,3.9161685991073063
18874,5.960504564934028
18875,4.537545941631747
18876,2.08581404322969
18877,5.953413351992581
18878,4.455865459966544
18879,7.032193182148966
18880,3.3250338107584083
18881,7.41813014886452
18882,7.433520912303137
18883,9.379479051442113
18884,4.430134188817605
18885,6.7674492965553785
18886,7.761241707785565
18887,5.5807749664131725
18888,4.430895588688312
18889,5.18216737646206
18890,3.5566770505350083
18891,8.912854134557715
18892,4.311621912273016
18893,9.533126136132458
18894,6.25535808376296
18895,7.696987719119616
18896,8.188476849502567
18897,6.363205365894017
18898,7.561057835357001
18899,5.142641483867406
18900,9.131560902190243
18901,4.562305498896159
18902,6.527888336146411
18903,6.441209626169139
18904,3.2823447587983328
18905,4.319285166226354
18906,6.680566690066524
18907,5.184145011883202
18908,6.566451398264854
18909,5.007045613897399
18910,5.225686117823815
18911,5.5534365298809885
18912,6.008968216561546
18913,6.44369098238159
18914,3.9875038925296766
18915,4.108799147203111
18916,8.3649366998557
18917,5.534266121050238
18918,6.843929428476004
18919,5.772966727289228
18920,6.7282483871247685
18921,6.51537253673622
18922,7.7025174696043734
18923,6.2471666719494054
18924,4.072339595006947
18925,4.018929239479544
18926,5.020075339009913
18927,6.483384872804311
18928,6.861967474290481
18929,6.162847627840345
18930,2.5775389975481233
18931,7.014146551378864
18932,6.892124538883266
18933,3.388991464490124
18934,7.554331167754038
18935,1.4312817490540377
18936,8.156104234625056
18937,7.67415819844265
18938,7.008762886568078
18939,9.846000777830952
18940,4.145593513812771
18941,7.949190441940542
18942,8.325732561915643
18943,8.423658629068324
18944,3.44872087403931
18945,6.109160465210523
18946,7.397149444483483
18947,1.8630449366288009
18948,6.76909200149033
18949,6.1533865638294865
18950,5.5296952099544265
18951,7.770528604969743
18952,8.424233338200267
18953,7.561085040848058
18954,6.410967673020276
18955,5.296381149888806
18956,5.781513422879407
18957,5.4671694625843585
18958,7.29775347716223
18959,3.9060742120554277
18960,7.668058435468153
18961,9.06749462210705
18962,6.8280301740534615
18963,7.15739950817419
18964,4.8489874960203725
18965,8.12504816448636
18966,4.7567990871623635
18967,8.796763144015603
18968,6.7757236927293985
18969,3.079505730262475
18970,4.029458141472839
18971,6.143971169913483
18972,6.626935540729922
18973,3.9811895740461183
18974,5.97375794075322
18975,5.230249562010688
18976,9.76194060016372
18977,7.070905162271121
18978,6.13534545006432
18979,4.950710905494696
18980,6.501397824274888
18981,2.7868656669931418
18982,5.629220343556993
18983,6.799012628585055
18984,2.9565141411945755
18985,6.145660087180193
18986,2.557415505574984
18987,4.191185304765799
18988,5.402822265107294
18989,6.995261231678684
18990,5.651253043197035
18991,6.447836174466888
18992,6.294332928200453
18993,8.527276232085004
18994,6.638996969596647
18995,4.247025699575844
18996,7.96742578145825
18997,3.4185687533431
18998,5.9932089873035705
18999,3.8571236056719207
19000,6.701570363310541
19001,3.2094222948567515
19002,5.12122710034544
19003,3.893525774839712
19004,3.0460130891040156
19005,5.183882312134936
19006,2.458849179439672
19007,3.8570934167255406
19008,3.6216158399244427
19009,4.342505282948248
19010,7.033864496270176
19011,5.828486798991324
19012,9.47459377053406
19013,6.5649298743980715
19014,8.251291281880569
19015,2.824830766072659
19016,2.1739354103271897
19017,4.047070770804889
19018,7.253212139578164
19019,7.433880645605792
19020,5.939467569028866
19021,5.768703249183077
19022,5.890407046364057
19023,3.904421143294309
19024,7.86013751564343
19025,7.104079779000439
19026,6.3881958832735695
19027,5.750078062678434
19028,8.962409247903459
19029,2.04307688514741
19030,5.937058790854166
19031,5.209959990461365
19032,4.310360110932939
19033,6.401460574853304
19034,6.48493451197553
19035,6.707562587764447
19036,7.490733926993632
19037,4.087641607477123
19038,6.844486294356373
19039,6.579199583302435
19040,4.914219942480967
19041,4.563045103129198
19042,6.6392511703032255
19043,5.539936594364354
19044,4.836911619706089
19045,4.9933682323787725
19046,5.1435908025469725
19047,5.854451531506195
19048,7.472674653100939
19049,7.062024550537755
19050,4.36182066146364
19051,4.865552600817657
19052,5.441732174273531
19053,5.4457845117279815
19054,6.6738608381828515
19055,6.8997102479915915
19056,8.516567615246817
19057,4.6581711871236
19058,5.9721990030038485
19059,7.738240267966177
19060,3.161818853751914
19061,6.8361601693588625
19062,6.5999157790050775
19063,6.840364020150856
19064,9.983313713088704
19065,1.299379034739533
19066,3.885344012312762
19067,8.284632427500748
19068,7.802207324096632
19069,7.00600887583802
19070,6.153801304950737
19071,5.4246195962598165
19072,10.0
19073,6.77126373835563
19074,7.430387312163389
19075,5.310605196489882
19076,5.68814667766777
19077,5.452799420655031
19078,5.489280479922396
19079,6.651455502959403
19080,6.14198929582038
19081,4.439317127908317
19082,4.413290930875933
19083,6.8347100242951955
19084,5.9518733052386565
19085,3.7429522889422215
19086,8.427116328431485
19087,6.4154294962344025
19088,2.812847420643881
19089,2.0793391050412056
19090,7.584824983494483
19091,7.990181552906438
19092,7.007143270458155
19093,2.2069271237013384
19094,1.9595102892384741
19095,7.148586538051746
19096,3.9637303783703106
19097,5.298177499945273
19098,7.2895058325807325
19099,2.7602508831457366
19100,3.144833059185098
19101,7.043292851949939
19102,5.726242912067925
19103,5.661359049360351
19104,8.768611080978523
19105,5.909821728189757
19106,4.142435517594309
19107,6.988983335061136
19108,6.537121758826254
19109,5.958727830627771
19110,1.9643905787078084
19111,7.180420674323989
19112,5.229349214250083
19113,2.995270772375242
19114,6.827664906051455
19115,7.051526893072539
19116,7.202201867460553
19117,8.121133205407318
19118,4.742275188634695
19119,9.271399571712795
19120,7.546388579774718
19121,9.134397618923623
19122,7.202553947691844
19123,4.968812934930819
19124,8.889221512128831
19125,4.698536537904262
19126,5.262476531684859
19127,6.928130729780553
19128,3.547240251999813
19129,5.500146942509993
19130,7.378185522665661
19131,6.829403608584806
19132,6.191497119285814
19133,7.393460599515843
19134,4.2621738829978515
19135,9.1789104542609
19136,4.177794247413562
19137,7.54898182082633
19138,8.104871265407217
19139,6.372317529253796
19140,5.974243512735404
19141,9.70328809269718
19142,5.206667239322315
19143,8.340373386083181
19144,3.018622113663502
19145,5.033243403513399
19146,2.8033066584370054
19147,7.00628385738569
19148,7.786713537409481
19149,4.512837272806075
19150,6.62969701415721
19151,8.63076640332347
19152,6.592211877966497
19153,4.845401292256429
19154,7.67064267589279
19155,3.6727832070432
19156,5.404440513234348
19157,7.773241729495808
19158,7.255354417267284
19159,3.909913969175476
19160,8.561754539440003
19161,3.8888606480566077
19162,9.750668690336525
19163,4.365270749995362
19164,5.426505998126404
19165,6.67108301829573
19166,3.887596855715153
19167,6.362713414001307
19168,8.37260584954816
19169,7.970967680964293
19170,6.387301291239933
19171,6.328097132203837
19172,8.046842077773988
19173,4.121100213132236
19174,7.816605931539021
19175,9.226356732227238
19176,6.861274716075549
19177,5.527507436911767
19178,4.5669804454504
19179,6.249027723934166
19180,6.82296827638386
19181,4.80715318295734
19182,8.685691623770595
19183,8.388819329728447
19184,4.972988138869299
19185,1.7808049295655732
19186,7.555136334644814
19187,7.771443969715986
19188,3.8148440570196875
19189,3.1209713663727943
19190,7.85780966523737
19191,6.3232751115397345
19192,6.712368088530623
19193,7.760053736785729
19194,1.7466437083920134
19195,4.141451751891421
19196,5.352165432226064
19197,6.509798330026744
19198,8.770057641376882
19199,4.763791510382374
19200,4.140462580328831
19201,6.635334455382294
19202,3.214798100212891
19203,5.172850813002337
19204,8.442783911343698
19205,6.976650584340584
19206,6.3071933473703155
19207,6.679759582387888
19208,3.9946536132401005
19209,6.107243768349033
19210,7.139634444475357
19211,5.929394967057006
19212,4.6407897804524545
19213,7.894355695542968
19214,6.455892522021076
19215,3.889956101426274
19216,6.369369815838836
19217,7.610789318578155
19218,4.43872702336294
19219,9.227268830148835
19220,6.564187810886644
19221,2.645323604461779
19222,8.206983517225876
19223,5.297298710127398
19224,5.162296256172424
19225,6.946635695367639
19226,2.847354655609961
19227,5.686557213319034
19228,2.8503248995038004
19229,4.125241276119425
19230,4.211708823430424
19231,7.371233049074441
19232,7.096247813882442
19233,6.727815057510643
19234,8.658024772108478
19235,7.2443693362054695
19236,4.976625066789714
19237,3.039570769823374
19238,5.184708771240068
19239,3.8871243670570608
19240,6.478576059701459
19241,5.414266248712695
19242,2.854652603993031
19243,7.6194970232139445
19244,7.950268317487768
19245,5.613241732725711
19246,6.306515080694469
19247,6.572831238690529
19248,7.309360340651026
19249,8.783286889188053
19250,5.928810945363205
19251,6.559500643678507
19252,3.671708100903793
19253,6.087257316454714
19254,6.842863952441593
19255,6.274850704404792
19256,6.574140083761456
19257,7.768727767802602
19258,3.071832701827297
19259,4.925164284660611
19260,6.595258280175038
19261,2.51829238844119
19262,7.278324564668938
19263,8.645934118468608
19264,2.7979164269881003
19265,2.338529542992708
19266,7.142065131492018
19267,8.142134785504439
19268,6.248235315388548
19269,4.348982073468916
19270,4.271536898381383
19271,3.0517455192908916
19272,5.889424762767383
19273,8.34978417748483
19274,2.860197871230888
19275,5.864309406718435
19276,6.277020992026593
19277,7.579858416134228
19278,5.501513067514867
19279,5.521813114748745
19280,3.9243545258931145
19281,2.4235660366830474
19282,7.401920975269166
19283,5.284183321272879
19284,2.072233151268132
19285,3.9036395983554457
19286,3.757896886107147
19287,5.516539077310427
19288,6.420513002819947
19289,2.5240551998722363
19290,5.30022645747827
19291,6.878690175872717
19292,5.825682614466381
19293,5.496543332114244
19294,8.322549014107446
19295,5.377640568602508
19296,4.969742520585698
19297,5.031861199786752
19298,6.585457903717419
19299,6.204489064223144
19300,5.806552571513291
19301,7.522651696201562
19302,5.235132627431653
19303,7.262979574784086
19304,3.2440059631593656
19305,4.773653482437287
19306,2.212833447767145
19307,4.830122545323145
19308,7.742157070430933
19309,1.8517652627468335
19310,6.755567896404586
19311,5.641872327752942
19312,3.9904828193588204
19313,7.496782322591577
19314,6.943027877430646
19315,2.905101620675066
19316,5.9599352580407725
19317,5.94833117560987
19318,2.5667912851498196
19319,4.230888388143128
19320,4.26356902544745
19321,7.723630067313984
19322,3.0363137754316134
19323,5.34715725167225
19324,6.704978531234541
19325,6.183384793066792
19326,5.321692176927129
19327,7.988232098189155
19328,5.003255274897766
19329,4.269911029250833
19330,7.574056183134497
19331,4.868902898970414
19332,7.157897655576694
19333,7.482621993408139
19334,7.688657718001146
19335,7.15545009170781
19336,7.615230047048155
19337,6.5969744448382475
19338,5.0679734125509714
19339,8.14568673540365
19340,5.785999736274344
19341,4.304713720862462
19342,4.323751763975842
19343,5.709233586532641
19344,6.304598811887015
19345,2.9216714218077042
19346,5.698332028095516
19347,4.970421745297409
19348,2.8856240523072527
19349,6.8179820109890885
19350,5.807646762891283
19351,3.2753573968560064
19352,9.200723608107547
19353,2.0538889615998275
19354,6.264621907703212
19355,6.610932145091191
19356,7.90106459283748
19357,7.824369566179736
19358,6.9376015356876
19359,6.814883197094991
19360,7.95919570368957
19361,6.485920155885284
19362,3.9068337112629505
19363,5.842730784619572
19364,6.2634145474556355
19365,7.096155303228108
19366,4.806725749777539
19367,7.89145661838172
19368,7.827777592907192
19369,8.672608872921007
19370,5.213392652162501
19371,6.409739761091936
19372,6.110791223571883
19373,6.948029661858374
19374,7.807609123883323
19375,6.29032997809999
19376,4.838684252434614
19377,4.100734222155207
19378,7.062501394909591
19379,6.087323933627319
19380,6.284690237046784
19381,8.603351388148894
19382,8.034685387024457
19383,6.937564209018548
19384,5.818745017846878
19385,2.6715619217321014
19386,6.078990500745524
19387,9.538332096070276
19388,5.811671370167837
19389,8.245268418274865
19390,4.915744727555293
19391,6.817876660631649
19392,3.846249412304309
19393,4.152241633264632
19394,6.524542472668409
19395,4.731117302154773
19396,1.12356149965447
19397,4.180764353975722
19398,7.543032877510169
19399,4.543912359596268
19400,5.606148277220782
19401,6.20188302486444
19402,8.46397562303301
19403,5.2272638760091645
19404,8.437601329320804
19405,4.427216598193964
19406,4.6561878025855785
19407,6.742754502169497
19408,2.7300373597133607
19409,7.348584508493656
19410,5.854476542466839
19411,6.993858773570866
19412,6.26221651488489
19413,7.568937674792617
19414,3.4429444278267423
19415,7.888102750992647
19416,6.139744425219421
19417,5.328797037899797
19418,2.478556940885579
19419,7.572762737017021
19420,6.129358771292543
19421,5.650998876972854
19422,5.127083248963694
19423,7.538573409985307
19424,8.46479760919664
19425,6.85661060077911
19426,6.9436015021008135
19427,6.3501560175208285
19428,6.4513040469328535
19429,7.0628099126626775
19430,5.303350195419881
19431,5.998828974592036
19432,5.902940244216876
19433,5.018802674868899
19434,8.567036961509256
19435,5.275609315245307
19436,7.710525652475591
19437,5.454505314972235
19438,3.593156871895607
19439,4.482768631281422
19440,5.791433287456964
19441,5.87526306439844
19442,8.193988050438545
19443,5.5029169451998685
19444,6.844373464000487
19445,5.581940917285776
19446,8.466604529642463
19447,8.199322485784489
19448,6.697255953723609
19449,8.973835225754229
19450,7.456254507486395
19451,7.761439412801627
19452,5.767965359790043
19453,6.111533056881958
19454,3.9414904297305164
19455,5.167705850979785
19456,4.9571234907955635
19457,4.420813472682104
19458,3.9439711417721637
19459,6.1094685395327
19460,5.830425186253315
19461,4.890353882828379
19462,6.0193829998880215
19463,1.1812465040649172
19464,6.488849315880853
19465,7.15589121912492
19466,6.510281767691192
19467,3.815328089927322
19468,5.381356089758234
19469,2.4636500010100173
19470,5.172980733250769
19471,9.272838115230593
19472,3.5194230738289254
19473,7.2314604015331945
19474,8.799400780021534
19475,4.543046232428469
19476,6.060003313209307
19477,8.10886942133434
19478,3.6713649059075335
19479,6.562155289665135
19480,5.819978438157218
19481,5.943131254294701
19482,6.767463248359434
19483,0.4280083627703234
19484,7.293375375597378
19485,8.167237583761393
19486,6.166282293883638
19487,5.483784221503361
19488,8.027640882635616
19489,6.0931369256651005
19490,2.192002108990698
19491,8.087273458100809
19492,7.894789599403466
19493,7.59337300614274
19494,6.806678981606279
19495,8.932811092400302
19496,6.921948776292241
19497,5.511802813646969
19498,7.918707519551749
19499,6.204322582756856
19500,3.5471561122149025
19501,5.945154915940112
19502,9.094887428033559
19503,6.832041542357411
19504,5.734063909164093
19505,7.558883874002463
19506,6.188409231786721
19507,6.808747791157134
19508,6.188561656376091
19509,4.265546548935868
19510,8.566142183511149
19511,3.6565165231598766
19512,7.716063938479695
19513,8.446865799400516
19514,8.516347396763145
19515,5.845794156222189
19516,3.231876346016557
19517,8.430296189852475
19518,2.7123126268423743
19519,6.6508736027606075
19520,6.491841579881178
19521,3.6575837502456583
19522,7.666157184294331
19523,4.402204343241444
19524,6.05631636314634
19525,5.578318186621247
19526,7.9214782776820165
19527,8.287758218604907
19528,8.027037433195877
19529,6.262168893580063
19530,3.3954050039366717
19531,5.403030665887736
19532,6.869517759978793
19533,6.81523769235226
19534,8.982991222541553
19535,7.296697997662422
19536,5.6933533898694115
19537,8.613304469385321
19538,7.907112106657026
19539,7.073566145501516
19540,4.912995633010571
19541,6.9002262241111945
19542,5.224135519952826
19543,2.1719115158263733
19544,10.0
19545,9.05510604134514
19546,3.9359054582751583
19547,6.73268451970084
19548,5.5923791669782625
19549,5.362746656042317
19550,8.677387077773181
19551,6.358391507637044
19552,6.043403285759743
19553,6.130423113105863
19554,6.304157560745259
19555,6.064627068178847
19556,5.097424308074796
19557,3.887440114435538
19558,5.1989238977935885
19559,9.30250279046909
19560,8.293929269824714
19561,8.267126395221318
19562,8.231789140641778
19563,7.86994844606135
19564,4.074741204119275
19565,7.267370127505586
19566,8.747730021705499
19567,8.123040844626257
19568,7.930560424927138
19569,4.491240651190154
19570,5.881276109089256
19571,6.193086663345974
19572,6.718302887692513
19573,7.074302820805342
19574,7.557358643077343
19575,4.727691796611641
19576,6.837061172348764
19577,3.4209210242986994
19578,7.83940818510686
19579,7.920353376848444
19580,7.859804156987641
19581,6.767383386934304
19582,3.69837729477355
19583,5.176114592709527
19584,3.3576897850411145
19585,8.580027047833697
19586,4.25476716929456
19587,9.518911765882503
19588,9.233230589501796
19589,1.9990186963479992
19590,1.724820235342003
19591,6.4153919060190905
19592,3.566050919464196
19593,4.491642644276178
19594,6.301261819454987
19595,7.809804613486097
19596,5.501513410925449
19597,4.433740567709682
19598,8.055792184965112
19599,6.245915419434107
19600,4.900876271952111
19601,5.86722307715015
19602,3.8151101491324817
19603,1.6970303597665832
19604,7.343521391565762
19605,8.099667111700525
19606,10.0
19607,8.611005518695661
19608,7.806305676654411
19609,3.4539843406315014
19610,7.326309077268722
19611,5.984095719522995
19612,6.5759768345134715
19613,4.153168118056966
19614,3.7481036854829743
19615,6.619363815289376
19616,5.571767297041009
19617,4.496722288095071
19618,6.04079599857617
19619,4.300629359536227
19620,7.327330717299194
19621,6.035581638753375
19622,4.631757059337935
19623,8.115138962389059
19624,5.5267175535830315
19625,5.922889676522862
19626,4.747547645894162
19627,4.471866648417912
19628,6.450573050112666
19629,4.86092397372883
19630,6.509302522241476
19631,6.390274248519696
19632,5.772163545505022
19633,3.861958700679274
19634,6.179257854737036
19635,4.01839593194519
19636,6.1532064107958595
19637,5.33406911134709
19638,5.010134939784964
19639,5.931038236465052
19640,8.982465637063344
19641,5.666544819716328
19642,7.135295898847452
19643,4.812201021521245
19644,1.8426756057475302
19645,6.033266437489858
19646,7.242476774984916
19647,2.9191342314120536
19648,6.328924682226165
19649,5.479046439219291
19650,6.918640836004819
19651,4.351272053936015
19652,4.219079679815222
19653,5.487680387176437
19654,5.685812682432199
19655,5.4027530753791675
19656,8.29175261345123
19657,8.268600509825509
19658,4.421339060157177
19659,6.729516767048315
19660,3.08375179032833
19661,5.2721255589669385
19662,6.215302262607267
19663,5.094715456386647
19664,7.556342046368593
19665,6.801713251845827
19666,6.334880765548737
19667,5.462199648968202
19668,7.564425247026874
19669,3.9436717859020622
19670,3.9158205626934404
19671,6.54636644750583
19672,6.517751640462657
19673,5.374808513395825
19674,7.9669853182028785
19675,8.65478819821195
19676,7.7618640579336144
19677,9.042588869732011
19678,4.482290305542213
19679,6.695773252299521
19680,7.084004560807936
19681,9.190894848026403
19682,5.590130591477226
19683,2.694387164081091
19684,4.372075044204111
19685,6.198418021416608
19686,5.710706877830747
19687,6.825121392626587
19688,7.170257801744256
19689,8.71292598916201
19690,2.2611694856537228
19691,5.378543254316863
19692,9.13006721931527
19693,8.212033484457947
19694,6.3905012455563694
19695,1.5296046330003292
19696,6.348632535201351
19697,5.6468012017511215
19698,5.642089014632273
19699,3.1170329106975925
19700,7.150394587486112
19701,8.320718516121076
19702,5.391223840318318
19703,7.9987830123024555
19704,7.880761209433364
19705,6.4831694084303635
19706,6.926006049844403
19707,4.669532009198226
19708,4.5457175891585795
19709,4.282375507155802
19710,9.283160970698034
19711,4.989350007235861
19712,8.954381423031098
19713,7.5362084880221305
19714,4.822449371366703
19715,5.93077621560182
19716,8.369944567093537
19717,6.5283756876109145
19718,4.167985971250471
19719,3.9187811697868002
19720,4.732526587986009
19721,5.38220942386935
19722,7.680568275035076
19723,7.4396855424033825
19724,5.301626005997366
19725,8.336309258066255
19726,4.531963156372607
19727,4.455314229161855
19728,0.9241901203757581
19729,5.971026596300743
19730,7.8482509193405505
19731,5.522878248051847
19732,5.464005911637941
19733,4.67431772451095
19734,7.163157614560536
19735,7.648535096345112
19736,3.651349170676871
19737,4.648274028150829
19738,3.4645499844580634
19739,5.628309989658269
19740,7.103630080008789
19741,5.675234196391134
19742,5.1007698175095015
19743,6.053400124223557
19744,5.9568669639111205
19745,1.195739967212363
19746,3.2416401980622
19747,8.694519108640721
19748,2.3710534622573634
19749,4.8857869677745125
19750,2.1947713769801966
19751,8.0066393442014
19752,4.31648575284566
19753,7.371538017817383
19754,5.53957645099631
19755,5.7231886515287185
19756,7.463619833156831
19757,3.8883165841388445
19758,4.164313925065919
19759,6.802807477863186
19760,7.229594569303639
19761,6.399746296099925
19762,6.175832502775677
19763,5.924383293212201
19764,4.5462391442852965
19765,6.939204466122066
19766,7.009944918444141
19767,7.462535049516081
19768,6.090212594557074
19769,7.221698583743958
19770,5.903427869913776
19771,3.9411164246131194
19772,3.223084733177676
19773,5.439013331895599
19774,4.3119000655689765
19775,3.7014674671394525
19776,9.183968533523563
19777,5.041104910118286
19778,5.970332314446748
19779,7.452011011226422
19780,4.00433407766293
19781,5.33859499324713
19782,7.3596269020501985
19783,4.397794350589954
19784,7.652646992095757
19785,5.146042993261064
19786,5.4655223722306605
19787,6.338154645405586
19788,6.764362215628735
19789,6.830618800405753
19790,7.377765294819559
19791,7.898815169167383
19792,6.062384717350791
19793,3.7193282841160165
19794,7.097512573534281
19795,6.790259037363022
19796,2.735044462050328
19797,5.023001481393701
19798,7.460728048857251
19799,3.148426564959867
19800,4.311452095113392
19801,5.498055879344999
19802,7.637777726385895
19803,7.299749673916619
19804,5.721301697391907
19805,7.001352349160247
19806,9.153918364771409
19807,8.596840744501012
19808,7.64704993231351
19809,6.106498503871052
19810,3.569681107935141
19811,4.472235488913859
19812,4.970379430293609
19813,6.753027829352168
19814,4.0007438828571535
19815,7.581918872071132
19816,3.3873896332818716
19817,7.607577584401734
19818,8.550605286657364
19819,5.96287080362105
19820,5.33419496884896
19821,6.028452549636556
19822,6.139702182550639
19823,7.410149172926547
19824,9.082141441204445
19825,8.555839638332557
19826,8.502631892026185
19827,4.277066541366403
19828,8.100487779865912
19829,2.3977099187333777
19830,2.853196906125167
19831,5.631337987298746
19832,3.7697316931821976
19833,5.609125412369015
19834,4.2464617370288416
19835,8.761835100549202
19836,7.014946165589808
19837,3.535152080932128
19838,4.255764716056551
19839,8.793783536664414
19840,6.622373043313894
19841,4.413100253578849
19842,7.39911446474809
19843,6.271574333593832
19844,6.085074663031392
19845,7.006046024071781
19846,8.381111831925654
19847,8.828604265979612
19848,7.630598381136801
19849,6.046124653608761
19850,4.1450087590327085
19851,6.219344717023525
19852,4.997925937627835
19853,7.787798763808743
19854,5.952641185323407
19855,8.043895014638284
19856,8.752523669392446
19857,3.3180988243503786
19858,5.49219451100635
19859,3.6982282168653615
19860,7.561417572654684
19861,2.7786928734671172
19862,5.730142948334631
19863,6.882589802937101
19864,6.142785150604252
19865,9.176796772075443
19866,7.564069915443089
19867,3.604229384667771
19868,4.931012729858648
19869,6.6424841253966305
19870,7.881622449466886
19871,5.665924729966923
19872,5.947585227579447
19873,4.872152242924368
19874,3.7123519328504693
19875,4.952074545562403
19876,5.042436902852651
19877,8.13673609355538
19878,8.555620553411856
19879,5.125844023626882
19880,7.118366397564869
19881,7.303548312056918
19882,7.1570376257842065
19883,5.981527750358376
19884,6.3938099763031895
19885,6.071116111193065
19886,6.053865155856721
19887,5.88485961712856
19888,6.384443567077205
19889,4.31442727130265
19890,5.33519595502073
19891,3.9146347497596548
19892,2.405233399917271
19893,5.871848925873754
19894,7.753821147607817
19895,7.697042237992826
19896,4.95817687936606
19897,3.73825973908436
19898,5.154377818600414
19899,4.8962234461887855
19900,6.579504360001451
19901,6.561242767156939
19902,7.668864974372863
19903,8.13859049181894
19904,4.598770650235941
19905,10.0
19906,7.242637488984862
19907,9.242052547935437
19908,5.36849531233406
19909,6.213736325783702
19910,5.714348696048115
19911,5.753262765061658
19912,6.076203864028581
19913,7.673823773939563
19914,4.446526988868757
19915,6.301877695801921
19916,6.499542712880156
19917,5.733347192936227
19918,4.494234502125511
19919,8.122831036021992
19920,7.39689255633311
19921,7.726095716383722
19922,6.682966821303008
19923,7.264829981265033
19924,7.233160108131483
19925,6.698233901274809
19926,4.317145733260277
19927,7.051066269998552
19928,7.146830444700393
19929,5.282580613351035
19930,8.084921639911702
19931,5.192428834386225
19932,6.540974404353815
19933,8.464833947741988
19934,7.781879815881649
19935,4.780314667151248
19936,8.355972158372216
19937,7.858217961772991
19938,3.25783162360195
19939,8.351113782499555
19940,7.59211233309286
19941,8.773104139348234
19942,4.764627849075305
19943,7.146161013254455
19944,5.854296656394384
19945,3.65364908740114
19946,4.813900427759528
19947,1.659153987706152
19948,3.4805528908727994
19949,5.975104589694908
19950,8.578469756609348
19951,3.9510753450478906
19952,5.130857402019727
19953,5.649122504241857
19954,2.323921694339766
19955,6.173020674469828
19956,6.574979573951952
19957,8.515185614976222
19958,8.095156706549147
19959,8.4763043380213
19960,5.816741447819278
19961,4.350114416052206
19962,4.959595105674317
19963,6.368573527599541
19964,3.5409524007087634
19965,5.5917334520546005
19966,2.564512980868444
19967,8.72069358505561
19968,4.3604078259909045
19969,7.071906261704675
19970,7.361408318229457
19971,5.473079276553436
19972,6.210364173262691
19973,5.625467701051751
19974,5.250311464352405
19975,2.002963157895448
19976,5.832635233643778
19977,3.423181451772858
19978,3.9541054008394356
19979,6.662792960074988
19980,3.1572458619391734
19981,5.812853877474223
19982,7.005146498626453
19983,6.175902321998896
19984,4.414437247685651
19985,5.217559279673277
19986,7.3528665757066785
19987,8.622287923692449
19988,5.092021659415511
19989,5.166463922330776
19990,8.56488130682711
19991,4.225018961939655
19992,6.609185860856261
19993,6.015532091074632
19994,6.121059945035997
19995,8.63744805071517
19996,6.647953404461664
19997,3.5132554957033646
19998,3.9208954171337673
19999,5.46782692503566
20000,7.066126751603407
20001,8.454995382960387
20002,6.181236528778467
20003,3.239873878986891
20004,3.5887195322973002
20005,6.309652262150247
20006,4.684511963284464
20007,5.748297062673263
20008,8.430872048495495
20009,5.265213985729968
20010,6.71168317992652
20011,5.675981988096872
20012,3.007935782445315
20013,7.036255371861199
20014,1.5402044885895827
20015,7.642237568924319
20016,4.646474849281199
20017,3.631230777678056
20018,10.0
20019,3.677106798019944
20020,5.095997467632863
20021,4.978525381614494
20022,5.805880500479547
20023,3.967502702117579
20024,6.522639396197041
20025,3.0315626810270335
20026,4.721283348278157
20027,8.295438916518053
20028,8.64535064541638
20029,6.726191325973281
20030,2.9220478275338104
20031,6.689305364843674
20032,5.340302748802154
20033,8.648471428839288
20034,7.483105746989889
20035,4.875070355122126
20036,8.017555348534266
20037,6.198542099243585
20038,6.185654464849488
20039,7.670009742900174
20040,7.0121294036222706
20041,9.935286480382075
20042,8.48214716905249
20043,4.748897083913102
20044,6.900815952023034
20045,2.578341806243557
20046,6.125242582479616
20047,4.689895784063168
20048,7.021050490032931
20049,2.9103909520485067
20050,3.4791872784454516
20051,5.906836490881535
20052,6.503429884230092
20053,7.257608314655267
20054,5.266164209539753
20055,4.297612989199368
20056,6.492119930745556
20057,5.334489763165549
20058,5.520843612431193
20059,6.593218930552245
20060,6.410014404799588
20061,4.825679850126913
20062,5.5323687827921795
20063,6.034735243729872
20064,2.3335822049431987
20065,5.340698535219729
20066,5.343390293554212
20067,8.811890767928602
20068,5.404022778012543
20069,4.660354789282814
20070,3.4604959756710216
20071,6.261629730598213
20072,6.411073455752064
20073,7.8078256024891095
20074,8.068183128728885
20075,6.801507057890508
20076,3.0952667577370248
20077,3.631244872231895
20078,9.117160317455353
20079,6.701174084272319
20080,7.278971674869918
20081,8.400154897814476
20082,6.342954464974307
20083,4.356465224873708
20084,5.61610515268993
20085,7.2597602919321735
20086,7.021634555681965
20087,6.783977449420408
20088,6.249382833826571
20089,3.5508342353953943
20090,3.0992664839357684
20091,6.565645916596916
20092,7.96969927120443
20093,7.120448060041441
20094,9.216341381578403
20095,7.211530181573701
20096,7.934155577018255
20097,5.0196927364244
20098,7.722112383835824
20099,3.961335112922543
20100,5.095000240428016
20101,4.836945243843809
20102,4.177260377347324
20103,4.304064573949294
20104,5.665069316233059
20105,7.6383610438794465
20106,4.449952311364462
20107,5.029514658466504
20108,5.994082352828734
20109,4.3238708614050765
20110,3.7120718121985785
20111,8.411662325097575
20112,4.200392272770205
20113,9.673936547120466
20114,4.027806178657121
20115,5.427452166215513
20116,5.63445585805528
20117,5.306321385058596
20118,3.1711042150202084
20119,5.397593988302775
20120,7.003132492146586
20121,6.330132591652222
20122,6.843367287567423
20123,3.71750380605131
20124,2.8107717470171742
20125,6.98283036547835
20126,7.586618758351226
20127,3.4002129665976444
20128,6.688078095867706
20129,8.07610805296052
20130,3.9909738611616774
20131,6.228383855398439
20132,6.514522582010689
20133,6.647302674015552
20134,5.535276452989218
20135,8.771165952220292
20136,5.572989997515435
20137,4.949205790917233
20138,3.9939326762522005
20139,9.403818288586287
20140,2.1360344215279183
20141,4.214429171566007
20142,6.049302207150494
20143,9.37761814740795
20144,5.541361067160087
20145,7.8107790179087955
20146,8.85825056880192
20147,4.9566995816040915
20148,4.884997664708529
20149,5.790971183372405
20150,6.165319478033324
20151,1.6210617261159823
20152,6.215959820147824
20153,5.199048006206147
20154,6.724508939989326
20155,7.005161960053209
20156,3.266384119777885
20157,3.3603656870009733
20158,6.163212567979798
20159,6.480792030328256
20160,2.540971810261974
20161,4.7730847181802325
20162,6.400251897561697
20163,4.545390278920948
20164,8.172771421337234
20165,9.313350705339738
20166,2.4786264459502174
20167,3.1284214919977926
20168,7.018390982636795
20169,7.405571938369386
20170,5.64763951798496
20171,4.78710765597804
20172,4.913716182814902
20173,4.679571865803124
20174,3.4613660816351555
20175,5.404386107934652
20176,7.732263435118716
20177,8.252673096231776
20178,1.7764970393614377
20179,7.874599107138696
20180,6.148543838802197
20181,8.45590040926438
20182,5.793010603502107
20183,8.649076870864763
20184,7.009405277822357
20185,6.227428412014546
20186,6.687775948048859
20187,6.851995402888956
20188,5.899043528907615
20189,3.5677174894795836
20190,3.996225249601604
20191,6.013802007158708
20192,8.303863959392832
20193,7.388729523150063
20194,6.8703633331505936
20195,6.98389227302583
20196,5.7773725922830295
20197,6.498929743809811
20198,7.8145856144997135
20199,8.890911589553749
20200,4.932897665015417
20201,8.390774260124951
20202,3.242727324001194
20203,6.905668181788208
20204,4.800785144042415
20205,7.262011081355091
20206,5.594993290458043
20207,5.760106241887087
20208,3.4816327318473745
20209,6.882566941091974
20210,8.407121992604148
20211,6.07060532639174
20212,4.493105410946321
20213,9.097212075286786
20214,4.32734900018398
20215,2.8422395476009843
20216,7.399038154548344
20217,6.483464630892248
20218,6.905878508091071
20219,5.933328813105284
20220,4.5109530554465245
20221,5.849045349595332
20222,6.865722540337941
20223,6.22600558763684
20224,5.929446071667881
20225,5.413970997089105
20226,5.221889182112125
20227,6.505452839981502
20228,7.770750806207949
20229,7.479987483521867
20230,5.855781110783705
20231,7.984605898602466
20232,7.428664012912435
20233,6.857390002871612
20234,8.940090486339917
20235,5.56106905856368
20236,6.515348980527971
20237,3.5847395954065884
20238,6.552934904972214
20239,4.907981384958715
20240,5.029388707074327
20241,2.2147246312824946
20242,6.698903388943538
20243,4.342436519674362
20244,7.932712990494324
20245,6.42804242022125
20246,6.780623663408476
20247,6.605891386572174
20248,6.082743331967004
20249,2.652790497507238
20250,5.821638132136194
20251,5.082920949998448
20252,6.491562286570796
20253,7.0502366807482595
20254,3.207422579494944
20255,2.373349481986008
20256,5.596661318608306
20257,2.753014308616753
20258,2.0043179840636953
20259,5.228711270638056
20260,7.832255647998911
20261,2.810389190920651
20262,6.148715189472483
20263,6.543732167451773
20264,6.6155860750561954
20265,8.952548455939866
20266,3.5958422642640695
20267,7.290222368026592
20268,2.7852660912681366
20269,5.2633267411540965
20270,5.509468458381885
20271,6.495882066905006
20272,5.406486675915048
20273,4.457133024114421
20274,1.4466050504669217
20275,10.0
20276,6.525973263270319
20277,5.765240839786628
20278,4.2015198142832055
20279,9.588986711398936
20280,5.447324086385194
20281,6.855204683276254
20282,6.351432121897676
20283,6.550038573551707
20284,4.298291750216786
20285,7.7136262986711595
20286,5.79716628909743
20287,6.317930743486899
20288,3.916822290466382
20289,5.617916352908007
20290,6.425535860546072
20291,5.584889678297744
20292,6.33817778633472
20293,8.186357830477654
20294,3.971644368506354
20295,7.252218254787858
20296,7.243673450893924
20297,3.2627943971849445
20298,6.40787001477807
20299,4.41885002207534
20300,6.1303204482147216
20301,5.440904225533243
20302,6.659924764525087
20303,2.844160991714959
20304,5.989778040702094
20305,8.5435433358038
20306,4.639994012572951
20307,8.542231583356353
20308,4.180096981038875
20309,6.322157464105407
20310,6.32128325435307
20311,4.432823393989693
20312,7.204747670697212
20313,8.276707477603479
20314,5.709705665681919
20315,6.6835854012235645
20316,4.426733956030485
20317,7.256493034992148
20318,5.129759628557801
20319,7.131821982853379
20320,5.909257381878632
20321,6.6527667586719685
20322,7.941605656080234
20323,8.059849402345948
20324,5.029059190456712
20325,4.793038757555716
20326,4.722673940141667
20327,7.532897568228252
20328,4.7557086404072475
20329,6.760231845238325
20330,4.039976199929807
20331,6.332337480426994
20332,7.156429361583953
20333,9.994882243492457
20334,7.043977054310337
20335,6.2088715191223915
20336,7.697269464110211
20337,4.259355513344405
20338,3.4226312420217355
20339,5.1244170427604905
20340,5.063429261304247
20341,7.343657523043027
20342,5.874980313519486
20343,7.794801304294887
20344,6.063016408004672
20345,7.458198581444364
20346,7.251382305169161
20347,4.64264950932518
20348,2.0870774991831014
20349,6.302148683016081
20350,7.075606001254688
20351,7.053874190987071
20352,8.1494862785476
20353,6.613399901789197
20354,5.756345185558097
20355,8.134645894450644
20356,6.632060933659866
20357,4.5484122005158385
20358,6.543524027158741
20359,8.02840371638936
20360,6.590916443438561
20361,4.541413995644869
20362,3.8097765751833244
20363,2.642778099732801
20364,5.468755981193745
20365,7.426078653750559
20366,7.894138660930209
20367,5.552577733650704
20368,5.410560196289058
20369,9.178253385223842
20370,4.5967713945363
20371,5.8965558037081784
20372,7.161421385027177
20373,7.268579702707402
20374,1.6916921421741216
20375,5.086301731713825
20376,3.5048567415752157
20377,4.410081500516696
20378,7.852164169934843
20379,4.347354059809998
20380,1.4340649051278864
20381,6.706346761080262
20382,7.352694490551986
20383,8.912745592044546
20384,7.811920268526735
20385,5.34585840218616
20386,3.8336531504816276
20387,4.764649023642613
20388,4.072488898613248
20389,4.367223764729916
20390,5.146246955808274
20391,5.685481602911193
20392,7.193457146022095
20393,8.60894648613238
20394,7.965843996246295
20395,7.00601525880917
20396,8.123660437559687
20397,3.3100483261607216
20398,3.5482267408340276
20399,7.680528304799462
20400,5.44333390114853
20401,7.398541371692481
20402,7.682242487230253
20403,6.2427230496018105
20404,8.748584026888498
20405,3.4406603347924833
20406,6.865568897051256
20407,7.017353737805174
20408,6.169665694676381
20409,6.245635279577207
20410,4.779020339509796
20411,5.573834764235252
20412,6.7321590549703565
20413,4.450704246121355
20414,4.9909128538465
20415,6.646142390754618
20416,7.501621210029434
20417,6.653813687429452
20418,4.3557144719432355
20419,6.327110186156934
20420,5.545992735411076
20421,3.6594183777902676
20422,8.005231214406109
20423,7.781263490563094
20424,7.377472317903891
20425,7.8158762883657165
20426,5.380973593515261
20427,4.961705375801804
20428,8.637233782222706
20429,4.062945462943601
20430,4.5971913642422555
20431,6.199594251843978
20432,6.419306138392965
20433,6.957332474087518
20434,4.502086761923994
20435,4.728992743253967
20436,5.17557512451195
20437,4.941375704047387
20438,8.010259496873331
20439,9.38227572917767
20440,4.950511502770326
20441,6.757556380262312
20442,4.100186240570486
20443,7.586233904789864
20444,6.106368281532653
20445,7.081495145313694
20446,7.357975519481025
20447,4.337475093432652
20448,3.371139331708503
20449,6.638465263533151
20450,5.049950764845775
20451,6.270983942665741
20452,7.6136888360314705
20453,3.433648737772478
20454,8.784502868502486
20455,4.533529542065904
20456,5.4377525044465305
20457,3.1647850512337197
20458,8.81535025989755
20459,8.620161517423362
20460,4.860671085424842
20461,1.498458857569025
20462,7.088352165389498
20463,6.636274527414493
20464,3.0212824022419165
20465,2.7134434412959183
20466,9.313958975103729
20467,6.25553957698717
20468,5.625316250501107
20469,6.512156544507827
20470,3.596964037368868
20471,1.262751833117854
20472,5.419677049024023
20473,4.8981968293416465
20474,6.753401472348669
20475,3.691159461799355
20476,6.30251733025487
20477,5.901991138554564
20478,2.3925773078152717
20479,3.79738995168803
20480,4.229276309309747
20481,8.829549051814663
20482,6.587901064824497
20483,4.812590785361455
20484,2.0894855235097007
20485,7.503752368655269
20486,7.3338164302528055
20487,4.915234703940543
20488,3.3203943245289023
20489,6.633253698773495
20490,4.385031190597367
20491,3.802480920668534
20492,3.6141368637705846
20493,9.784982215669567
20494,7.869300952189962
20495,3.511557559748312
20496,4.086023697405961
20497,7.498806373059473
20498,2.612662627655774
20499,8.484568680805932
20500,6.120095511574563
20501,7.900712416423541
20502,4.120089178830789
20503,5.896087160578652
20504,5.586610186867228
20505,6.134485410165081
20506,3.673781259412907
20507,7.540898929923602
20508,8.24470343435151
20509,6.425611822635842
20510,7.6343238550085415
20511,7.310898170890637
20512,3.05731363864492
20513,8.987980790421192
20514,1.9727067145992312
20515,4.128195324350047
20516,1.879866135629788
20517,5.462345023011499
20518,3.8448211002621235
20519,5.518826421094734
20520,3.482405231253253
20521,6.710911278210138
20522,5.50169457680675
20523,3.877250256726189
20524,7.167885607325455
20525,6.012245031176254
20526,5.267835516304945
20527,5.489051630887847
20528,7.976244037404997
20529,5.01221476265473
20530,7.487769532915223
20531,6.10224124917929
20532,3.1603630615216627
20533,6.084250034589105
20534,9.397476810824786
20535,7.495520212734247
20536,5.89196815812647
20537,9.020295502784634
20538,7.057185057257479
20539,5.366779581484371
20540,5.472487614412468
20541,6.213187895098939
20542,7.631130016043313
20543,6.221047405234925
20544,6.887597749839467
20545,4.874748114145243
20546,5.991560439110373
20547,4.431831857085202
20548,5.6458063340026055
20549,6.841503660365307
20550,2.874334781669558
20551,8.192474755689483
20552,8.101648800193894
20553,4.934910497331417
20554,7.40528825121992
20555,9.26707664587887
20556,8.275590382738741
20557,7.23427168735724
20558,8.348862479570442
20559,7.489936162347973
20560,10.0
20561,2.8156567415536458
20562,8.001186645384928
20563,8.33654934904342
20564,4.295679333648597
20565,8.915134150573888
20566,8.237181137388887
20567,5.6560573815198705
20568,5.5549959636732895
20569,8.816571596271174
20570,3.1078691673312755
20571,5.992811810786531
20572,7.123866940232225
20573,7.7924477420384735
20574,4.055819832679256
20575,6.528039940808356
20576,8.661654717138513
20577,9.197201461861468
20578,5.689548205102572
20579,7.002412526355543
20580,5.10103263359922
20581,6.236069726963686
20582,9.21045059552414
20583,6.484669186899638
20584,7.114425598170969
20585,7.820894440925433
20586,3.7815742593243926
20587,5.578413111107912
20588,7.122971712647937
20589,4.3743717559583155
20590,4.564256502719486
20591,4.677367463134339
20592,8.443391112323756
20593,5.926531008651564
20594,6.310003756609913
20595,7.919893235994285
20596,5.126063461385415
20597,1.7394775347705345
20598,5.467836183762083
20599,6.616540647779107
20600,2.521908692492078
20601,4.097179334621053
20602,2.600350335207259
20603,5.574218165007907
20604,6.155773242894184
20605,7.0437325265617865
20606,5.732414833134961
20607,3.941804770820383
20608,3.7949289763761884
20609,9.037227193394038
20610,6.7175694397500685
20611,9.411811638031063
20612,5.4775618480233215
20613,2.7823527580943255
20614,8.42923309977395
20615,6.4792134118022116
20616,2.0821921268371097
20617,5.3653648558425
20618,9.544560033020815
20619,8.207798723659934
20620,6.305369553823415
20621,6.002048790049487
20622,3.8655982729009692
20623,7.53250270276943
20624,7.287282226739782
20625,4.229838043647682
20626,7.1634774350906385
20627,9.252633340224804
20628,7.272389985436007
20629,9.595603234108104
20630,8.220215393432706
20631,4.67783555619383
20632,4.4917298578639775
20633,6.845481656680477
20634,6.357695394539989
20635,6.254941528129219
20636,5.548504573164737
20637,6.573496669464983
20638,5.25925755636893
20639,3.93148920537586
20640,5.916312846547969
20641,6.235321699154701
20642,7.377236124057744
20643,4.2558327570836525
20644,5.622796189345369
20645,4.402020929032003
20646,6.9814187420590175
20647,2.8364848512268352
20648,4.2697296817723025
20649,5.226524668239971
20650,5.955922133401226
20651,6.40749922370399
20652,7.035450083284449
20653,3.48347116243361
20654,2.7294826453414953
20655,5.992507407163988
20656,7.195628385479904
20657,9.198933957654862
20658,8.304505395379712
20659,3.665203084102246
20660,8.0625222998419
20661,8.125826987929361
20662,2.4398910499400066
20663,9.20549491816075
20664,6.044576792558061
20665,5.734554145279433
20666,5.599924462209221
20667,2.9618825569938165
20668,6.9474312352754595
20669,6.467552672591281
20670,8.014558414410043
20671,5.054861484571524
20672,7.048124061997401
20673,5.99304730337955
20674,7.865704103037406
20675,4.814495390062263
20676,7.396186832307357
20677,7.58424862738193
20678,7.835988746208265
20679,2.4962739898683584
20680,8.356590516889478
20681,3.5706074883782506
20682,5.813105319500863
20683,6.991605883320147
20684,4.672559623408482
20685,7.143494628492368
20686,7.642479780405761
20687,5.631698788216783
20688,7.42694544796368
20689,1.8775505730886664
20690,7.5583953948689135
20691,6.625200776253801
20692,6.931475697054375
20693,6.958206691680041
20694,7.07562304764856
20695,6.35131171163513
20696,5.12196067483101
20697,5.641045748793371
20698,5.174796855443987
20699,9.611221418474186
20700,3.033481011948493
20701,6.858851434627351
20702,7.9293580280001335
20703,7.993633760931737
20704,7.1942923486260515
20705,7.810653803367047
20706,5.391320629241181
20707,1.2301589645639956
20708,3.6003195402266597
20709,6.618872599321145
20710,8.105319278056163
20711,5.031759417256937
20712,5.595634664960622
20713,8.674802233695305
20714,8.354137812148704
20715,7.357794210319719
20716,6.192999966099824
20717,3.612594365289432
20718,8.537883526191674
20719,6.005103273662958
20720,7.194468204069891
20721,8.851419175791365
20722,3.099163899341408
20723,8.583459121323756
20724,5.532484499461964
20725,3.6803427849266206
20726,6.0520735012777624
20727,3.5819190223981994
20728,5.863874385917896
20729,5.767945752771208
20730,5.426399556378089
20731,2.5607451613699377
20732,3.6512286878140907
20733,8.043517086788727
20734,8.397832590921764
20735,5.125385754255885
20736,3.9632699361213732
20737,6.427079591473827
20738,5.297704828740288
20739,4.701185711339951
20740,4.685112094623352
20741,6.693359536058113
20742,5.923055739944465
20743,8.175610108861346
20744,5.153163125525644
20745,7.275632733272918
20746,4.525833696693446
20747,4.691529484186866
20748,7.391452048414703
20749,2.3183502117675725
20750,7.299364552044816
20751,4.109147030140737
20752,4.789359020743097
20753,8.35456526442913
20754,2.5921289696813594
20755,3.6312838431675494
20756,6.648207264076714
20757,8.466258365395078
20758,6.853220650277945
20759,6.615281848108898
20760,6.043685589490152
20761,6.112918626023651
20762,3.8188755594290003
20763,6.30122776388586
20764,4.5881126727721435
20765,9.277902355702574
20766,5.3175853342190535
20767,6.385198331474131
20768,3.1368644025050325
20769,8.412380771663356
20770,4.353453541755748
20771,5.534541498840922
20772,5.530166360731095
20773,7.745530171578239
20774,7.796489221199424
20775,5.578909151895102
20776,8.538061502301911
20777,4.341628224150931
20778,9.322263117647385
20779,5.04176673667372
20780,7.386912113203369
20781,8.209703341517086
20782,6.900638734120873
20783,5.972048273974379
20784,7.682835921949364
20785,6.146032342947458
20786,4.9676865002964625
20787,2.6241293802800407
20788,6.869560975245882
20789,1.6968343274093396
20790,5.833308624390916
20791,6.86056985597263
20792,7.701630045959212
20793,7.817108527206521
20794,7.532012987842142
20795,4.97662387218206
20796,7.108825582530003
20797,5.778390252636569
20798,4.4929488167227145
20799,7.141007324528561
20800,5.410065884331728
20801,6.417382402763884
20802,6.415967534961217
20803,4.4782773800361415
20804,6.326026645887185
20805,5.573454012897829
20806,5.865076531088644
20807,5.380849862361806
20808,9.534444742224357
20809,5.0417923834895335
20810,7.065043580116737
20811,7.450533254906547
20812,9.00552726297254
20813,3.3633830773863003
20814,8.345055031525401
20815,7.232520380906165
20816,6.9462786773261325
20817,5.890999730580285
20818,7.309500488368368
20819,7.398234063977855
20820,6.250335265689491
20821,7.728160407906106
20822,5.798328631027083
20823,3.731117546645915
20824,6.798935584662686
20825,6.67950846018016
20826,7.9473761116641075
20827,8.39875022234317
20828,4.829064886809886
20829,7.7149202033988145
20830,6.799727694410806
20831,4.20630053476077
20832,3.0119831452701433
20833,3.5917341692663327
20834,8.076297125477131
20835,6.908388031065183
20836,8.44075971603252
20837,6.622185067045529
20838,4.535990726948663
20839,4.6848252643753625
20840,8.397760767099745
20841,5.787414562382542
20842,8.686187810709832
20843,5.325565880998315
20844,2.5501979652682607
20845,5.567929591703596
20846,6.9942515481437475
20847,6.505250261082574
20848,6.935403705875401
20849,5.114974970542664
20850,6.345430245070938
20851,5.614490174549882
20852,8.207536524446189
20853,6.247395006571279
20854,5.721763003554649
20855,2.1169728325081056
20856,5.736646306784128
20857,6.079440415188625
20858,4.865821112384482
20859,2.0510747299639944
20860,2.9351698338794616
20861,6.951589951647091
20862,6.009174498381652
20863,5.83087837881393
20864,4.967228185834809
20865,7.193980123455685
20866,8.257945678166772
20867,8.469687750860555
20868,6.0642776265702745
20869,6.936719948117387
20870,6.657793376507855
20871,6.168620784815797
20872,8.926373026343438
20873,6.469770159166076
20874,6.5702547072594175
20875,4.63656736752729
20876,5.2838086992835995
20877,8.308414906913091
20878,6.921492705787447
20879,5.997185806217843
20880,10.0
20881,6.43707664004717
20882,6.029509577612729
20883,1.700999027682575
20884,5.7236636998193475
20885,4.174273199878337
20886,6.323784062808994
20887,5.948279208052787
20888,4.171042953835623
20889,7.899753929597278
20890,4.784321689242922
20891,8.148515537462316
20892,4.917305810072512
20893,2.8342784408230224
20894,7.966643086784539
20895,7.453494930743206
20896,5.792675335498949
20897,4.675126161570773
20898,5.391756177215802
20899,2.68556670318072
20900,5.203424437153225
20901,6.550576101552624
20902,9.064664569912832
20903,8.152451159620426
20904,5.349755002650544
20905,5.9937588597862
20906,8.616559267484602
20907,2.991527833311226
20908,8.924085495375447
20909,5.174565321329227
20910,5.35934255505121
20911,4.048242973249895
20912,6.561649892884572
20913,2.9179394607698734
20914,5.621098635987771
20915,9.096282377493065
20916,3.1273746052399707
20917,2.6246331222152213
20918,6.301542909095488
20919,3.49773855376302
20920,6.756593064943745
20921,7.349896799067475
20922,3.4737229386513375
20923,3.948360332995793
20924,7.765365865944219
20925,5.539248924252824
20926,5.293096052304819
20927,4.125595869802544
20928,5.9859434783450824
20929,4.481217530621475
20930,6.976115643337723
20931,6.711534625130363
20932,4.954152043695494
20933,5.828250336826188
20934,4.501617605498213
20935,3.40981645871138
20936,6.877368980027171
20937,8.034889932425724
20938,9.93708430777375
20939,8.780479090141476
20940,9.893280528088205
20941,8.398998643648914
20942,6.027526627120173
20943,6.964848242007358
20944,2.0642666771687397
20945,6.485494081628406
20946,7.68913255126996
20947,4.663749998074193
20948,8.37027372254075
20949,7.042370881469051
20950,3.3764824141091476
20951,5.104563309212575
20952,8.457410443387715
20953,8.529214367488624
20954,1.337903022326832
20955,3.5109823849158515
20956,5.320727393230618
20957,6.170087565480335
20958,7.849764501545673
20959,5.449163883661517
20960,4.961808136792909
20961,4.137085099160581
20962,6.518528283002869
20963,7.799927678748635
20964,6.974045752496185
20965,2.7327666235272354
20966,5.01609112448978
20967,3.4842908259025753
20968,2.4905084738267025
20969,5.464176585885121
20970,6.885171188751226
20971,4.200238289530573
20972,6.880818349452532
20973,6.708494843432063
20974,7.192673983426509
20975,7.888731514128336
20976,5.990520393002005
20977,3.9825591432280456
20978,4.892432570968095
20979,5.565796212034141
20980,5.948909746701056
20981,5.558243692763433
20982,5.309921689239866
20983,7.602018912960451
20984,5.838814759640423
20985,6.854832424303887
20986,8.00679960489316
20987,6.153957663072508
20988,6.850451121312748
20989,9.442380833690672
20990,8.725388565468556
20991,7.159257911591079
20992,5.147298499727103
20993,2.895770627408324
20994,5.163572337479019
20995,4.976668359463467
20996,6.960952188370334
20997,7.016178295645286
20998,7.303555265992901
20999,4.791905563459785
21000,3.9246508779611364
21001,7.009657162359662
21002,1.8474522156291766
21003,6.924087930420604
21004,5.355994755359554
21005,8.106726345194051
21006,5.187645856550706
21007,6.576603435064178
21008,4.719839327450282
21009,6.15587190535375
21010,5.965572808971164
21011,8.13979543434147
21012,5.994682964557007
21013,6.1709218109440265
21014,7.622656245869032
21015,5.596106281481133
21016,6.837977927182073
21017,5.4494922757137365
21018,5.700915615678041
21019,6.144945580853173
21020,5.789337046599435
21021,2.6225610936628043
21022,6.952275276600684
21023,3.581518171325453
21024,7.4080413272607855
21025,5.14991945727809
21026,4.937871147695651
21027,5.180444723588988
21028,6.501662019118759
21029,4.099933870795448
21030,2.7924239659405097
21031,3.5456565131855897
21032,7.99588744423964
21033,6.620675418747517
21034,3.1829764819322532
21035,3.4836797906160393
21036,7.014803602265861
21037,4.22228718439946
21038,6.319030607882347
21039,7.379597661962664
21040,8.785145859670148
21041,6.83198314754218
21042,4.798793741919617
21043,4.923814589818193
21044,6.485517557385564
21045,5.672176283727628
21046,7.436436724758318
21047,4.17645985234363
21048,4.408949017697585
21049,3.9597707322457043
21050,7.02354445294328
21051,4.95140031296815
21052,5.70998657252334
21053,6.954705083277285
21054,4.967349597614169
21055,7.849998251254528
21056,4.620406269405728
21057,4.211058844166217
21058,5.8154757276146185
21059,5.088012982430724
21060,4.05800981712725
21061,9.118960186818457
21062,2.90829348864209
21063,3.0333085861244458
21064,2.9054286113274763
21065,6.062670757810354
21066,5.977162977890142
21067,8.917727652723753
21068,2.98732345313981
21069,6.833692539401875
21070,2.1365097629639234
21071,2.6166432042236365
21072,4.235606956425413
21073,2.470530094550462
21074,9.441516938352589
21075,6.536332562602513
21076,9.380233496483413
21077,5.820019952060623
21078,2.020621727750147
21079,8.847376687410968
21080,2.837509786329723
21081,5.604272286268345
21082,7.634801371029155
21083,6.753561840270933
21084,7.255633144259294
21085,8.922788833680762
21086,8.38084416651472
21087,5.853059984977931
21088,4.129963351759047
21089,2.4935639420868116
21090,3.1246407835489793
21091,5.393426889194088
21092,5.160577746872769
21093,6.296530208591512
21094,7.5510999236762695
21095,7.947293843649846
21096,3.4731207045923966
21097,4.339168847650885
21098,4.629207061997742
21099,5.398487129105828
21100,5.682738442029822
21101,6.105476114895662
21102,5.164335308415176
21103,4.494380403088895
21104,4.686527829456446
21105,2.0944760802939713
21106,4.1099857896374905
21107,5.847450800916641
21108,4.7588225834410265
21109,4.542305996905112
21110,7.620360408638698
21111,5.172422446855922
21112,7.884703673810359
21113,7.34397245359282
21114,4.955405412778886
21115,5.611744278023602
21116,2.9844170585539045
21117,8.912191058358001
21118,6.627944607233096
21119,6.337018451600024
21120,3.4284464346817747
21121,4.161325950428665
21122,5.890541459331251
21123,5.154278489404348
21124,7.499232908445758
21125,6.462744415493567
21126,2.44626509054548
21127,6.611583237659825
21128,7.715188775702135
21129,8.126450854447658
21130,7.712495644768581
21131,7.296990758647032
21132,6.095943976037564
21133,6.638384663583974
21134,6.295469815109043
21135,3.261650796268063
21136,7.820558085864919
21137,7.498210730164366
21138,7.101564205030145
21139,5.164026739181164
21140,7.931920826237588
21141,7.092939336918741
21142,3.282892224890413
21143,3.558800238267172
21144,8.397611848914037
21145,5.779410588829278
21146,7.793985435455137
21147,5.037824634595092
21148,5.14905916699883
21149,6.624416826713315
21150,6.256279841425778
21151,6.125372946964962
21152,5.153085922132458
21153,7.147504615092932
21154,8.540399728694934
21155,3.249084433771902
21156,8.99503766674517
21157,6.422387661530869
21158,7.936274334405836
21159,7.737284134498062
21160,7.2298302712101234
21161,5.898367540630164
21162,4.191845961240605
21163,5.180205865046248
21164,7.490938392479078
21165,3.8816887730786602
21166,7.257508947771755
21167,7.905748469943783
21168,5.683423382788022
21169,6.883838765416567
21170,5.210287076211308
21171,8.094811918472649
21172,3.547470197408131
21173,5.091834022988067
21174,5.1332225848338835
21175,7.625354393658352
21176,5.355541415737142
21177,7.288023539141756
21178,6.255368230732145
21179,5.911406843866372
21180,5.895431223241143
21181,6.176607162207703
21182,4.001200062775187
21183,6.839016629255523
21184,5.085501205182968
21185,6.442464064053746
21186,6.205296501432755
21187,3.039623960826483
21188,8.254822624037372
21189,2.8844508432656664
21190,7.440749355414116
21191,8.243014180262342
21192,5.970612696404723
21193,7.568552424606832
21194,5.706854542999144
21195,7.147602060550128
21196,7.365538384606862
21197,7.108559332306794
21198,8.835141409132266
21199,2.5286780093634915
21200,6.485436473456577
21201,6.757954455105982
21202,8.811065556918152
21203,7.575001899489094
21204,7.478947904980261
21205,6.969972218300162
21206,7.41278403041763
21207,8.773653269320512
21208,5.881452634816428
21209,7.08553608612397
21210,1.3458249601092764
21211,6.5207067151255504
21212,8.747025685859054
21213,4.106649295729156
21214,2.908810038394939
21215,7.13268947069337
21216,4.435054756178257
21217,6.852524934464219
21218,6.102270179431898
21219,7.040718463782678
21220,7.792181344840166
21221,9.189467365481699
21222,5.745533672476004
21223,6.077691111077153
21224,3.074315380600558
21225,8.073579835194012
21226,7.046773800686907
21227,9.085814139266878
21228,8.916099868273514
21229,6.019162326477951
21230,6.119985612082203
21231,6.282317452497709
21232,4.348486128106607
21233,6.326074986657496
21234,4.975599326474977
21235,7.745901219976917
21236,7.402729715263889
21237,3.8609992114147094
21238,6.1597084653977765
21239,5.9277779655435285
21240,4.8604560093710685
21241,4.179454059588272
21242,9.556203616397003
21243,5.9243308981636424
21244,2.970751732509166
21245,6.241416559811599
21246,4.477487403432097
21247,6.0224085163804535
21248,6.026016251754088
21249,3.9742146693821474
21250,4.108859876218385
21251,6.8488523676073
21252,5.883212234589148
21253,6.0546654084596145
21254,7.524726524513554
21255,5.882002487890421
21256,8.126345944120427
21257,6.706164859362466
21258,6.275951338345472
21259,7.765441316388315
21260,4.7854053108168895
21261,2.0162431458387933
21262,4.780975629372322
21263,7.083311765307284
21264,7.333865865203107
21265,5.749316487703117
21266,5.412583608677726
21267,2.7893334247781327
21268,5.458243422449079
21269,8.19464340919531
21270,6.0877052007432875
21271,4.299649732883409
21272,4.495470764003966
21273,6.903201530641603
21274,8.041468497285598
21275,5.925452535156864
21276,5.569163768844207
21277,4.681769889265869
21278,1.5487306228777284
21279,8.487136266005272
21280,6.1374546015763
21281,7.79555242323126
21282,4.502220398702978
21283,7.780655858854565
21284,4.400530634092223
21285,6.241540729307593
21286,8.319370620612446
21287,3.6940946346404493
21288,6.246896639907173
21289,6.492289163212394
21290,8.87751184621879
21291,5.317167244878831
21292,4.795763177441983
21293,4.737489658948435
21294,6.87406095967241
21295,7.900887019623054
21296,8.125120672232148
21297,6.834920858278585
21298,1.6068047827257717
21299,4.824754821321862
21300,3.399309487911728
21301,5.170672948460528
21302,5.836737137648715
21303,6.191165291414146
21304,3.758210197016116
21305,8.073206630147647
21306,5.929532176095402
21307,4.336035485460859
21308,7.382856904327663
21309,6.519942931059772
21310,6.544245300382492
21311,5.817403173532052
21312,6.3828066486723
21313,7.322488585804143
21314,6.042518324437971
21315,4.508684415401921
21316,8.295727853135904
21317,3.5679012162158124
21318,3.263864331903775
21319,5.824899964717331
21320,4.034799981084809
21321,5.983231932108372
21322,4.213490224481649
21323,2.6719366135120093
21324,7.264915771624758
21325,7.174262645882512
21326,7.992441432348384
21327,6.0884581366533155
21328,8.195436337437256
21329,7.621031529590934
21330,6.773369474268853
21331,7.85073348210002
21332,4.387107415823574
21333,4.141542322615519
21334,8.97853906838642
21335,7.9613686384797315
21336,6.946727325222939
21337,7.380819584126342
21338,4.819301351457182
21339,3.1691763053698203
21340,3.3022379281757477
21341,7.423441406414247
21342,4.740459081358178
21343,2.420033182464075
21344,4.0229394731414745
21345,4.405678851447743
21346,4.69375253627415
21347,3.9728156406346975
21348,5.415695348404557
21349,5.402679071712762
21350,6.91471569926201
21351,6.1486723074816085
21352,7.877985496110248
21353,6.394058352605614
21354,5.5313891296673745
21355,4.358956421429291
21356,6.414958496391865
21357,9.097768639155621
21358,6.433488041355668
21359,7.359553823832239
21360,8.440766467370597
21361,6.351879428361762
21362,3.218841630336497
21363,6.12596346133555
21364,0.8722076479761975
21365,7.094039425704031
21366,8.774712439313722
21367,6.43346830759877
21368,5.7342094205239045
21369,7.131471681828017
21370,5.355727109879878
21371,7.048141819244842
21372,5.130446476978693
21373,4.843588102006757
21374,4.207211363790119
21375,4.439852903489747
21376,6.781850768684354
21377,4.458973826881222
21378,7.129318987310782
21379,7.672597988068642
21380,5.8229848381976
21381,6.861208392510136
21382,5.317415866800548
21383,5.321030537324208
21384,5.094538938738366
21385,7.414303417123956
21386,2.5880214321837793
21387,3.470454011536521
21388,4.7399389180856275
21389,6.333944018529309
21390,6.12991395332784
21391,7.001102060307916
21392,4.266707033797647
21393,3.6810977429717178
21394,5.832384320669802
21395,7.871326606430286
21396,5.1782636835327525
21397,7.651136585969013
21398,5.4824306848915665
21399,6.767330026694237
21400,3.1911956524695837
21401,6.873201692448732
21402,6.076703395346927
21403,9.161139910197557
21404,2.8029796625207064
21405,7.745893693477163
21406,6.055074265497635
21407,6.1490047621178645
21408,4.785489855223463
21409,2.0430872469765364
21410,5.683273379585763
21411,8.826226935957571
21412,6.326184835483923
21413,8.901801290851333
21414,6.588010778321464
21415,5.486359167046089
21416,2.8089106817550626
21417,8.1630985573971
21418,6.919476212986136
21419,9.169808471276726
21420,4.300089389419314
21421,4.256632781222592
21422,4.191831453051405
21423,3.5160303547606264
21424,6.89751555551732
21425,3.4127994318045336
21426,6.930176710118093
21427,5.273360405632412
21428,5.921851409794485
21429,4.659857728361929
21430,7.247931559459268
21431,2.462677141421251
21432,8.266169831842985
21433,8.218591117163278
21434,8.571354874143474
21435,5.83409632184596
21436,8.334888062260838
21437,9.38021132720662
21438,6.6541566027079275
21439,6.713010073858759
21440,8.159120814970576
21441,5.822756673743724
21442,4.221676791227852
21443,4.047442770703084
21444,6.572826044860776
21445,5.534857066681242
21446,6.104915381699169
21447,4.76030308126632
21448,7.037436914600851
21449,4.723919006280438
21450,5.122392538518001
21451,6.2786054905503486
21452,8.520535919446566
21453,8.588696766110262
21454,5.379270759175332
21455,6.557987353778917
21456,5.145273398739666
21457,8.992328637507851
21458,5.472612792552493
21459,3.1923589876783125
21460,3.5140264865401933
21461,7.240715345994862
21462,3.669621929006016
21463,8.374723984993967
21464,6.863491954786476
21465,7.844872187324986
21466,4.993094163354166
21467,8.590091830536512
21468,5.736768603003226
21469,3.86443484403187
21470,6.637029614603159
21471,4.225303287153967
21472,6.75797818782123
21473,5.905888941351826
21474,4.266581683400335
21475,3.375864188551479
21476,4.908171634627136
21477,4.295418813240097
21478,5.328946826736964
21479,6.653102176299199
21480,7.420616141953065
21481,4.490134325282834
21482,7.736742272245902
21483,7.707142108828536
21484,6.906627911342073
21485,6.303120588551192
21486,4.4297135675595625
21487,7.791827810874749
21488,3.012300821336719
21489,5.930501876869882
21490,6.684004285037347
21491,8.214831605647804
21492,4.575301857880279
21493,5.723172259231383
21494,7.666749877095792
21495,6.946802706262717
21496,4.5423811328986305
21497,5.3890853063879085
21498,7.735997482084115
21499,5.791638008482485
21500,6.085372963362371
21501,5.061645453447101
21502,5.855841888041249
21503,5.071015216552347
21504,6.7751669363791684
21505,4.95933305631781
21506,6.091589152226413
21507,4.913183446711648
21508,8.669057685238785
21509,6.364169718940808
21510,7.363650053788644
21511,6.242292718541715
21512,6.403049700943942
21513,6.075088273733685
21514,8.790971790891673
21515,4.32308519826382
21516,6.90088128692639
21517,5.246373138677443
21518,8.734003185725026
21519,5.912819643543571
21520,5.49466030957332
21521,3.8138002917902174
21522,7.253849668169218
21523,9.651511904167652
21524,6.9408985393980736
21525,6.864545021759268
21526,4.318352965985144
21527,5.9116638842962805
21528,7.968084036347401
21529,5.006815084317809
21530,6.232467972038349
21531,4.84767875971092
21532,10.0
21533,5.16494231370196
21534,4.2200369230793475
21535,4.356320228615031
21536,6.356396374233908
21537,8.656808094012415
21538,1.6850092003176869
21539,3.842430122851321
21540,3.979773273057549
21541,6.081886454343512
21542,6.177230369624525
21543,6.238198749671188
21544,8.319515055624022
21545,4.860730180218546
21546,1.8922848664775158
21547,7.068542367563082
21548,7.3001198074486116
21549,5.0374572784464
21550,8.581329547565014
21551,6.724208635283219
21552,2.5822412645726613
21553,6.590460858161912
21554,3.167153706415803
21555,5.403985542459186
21556,7.310227719293495
21557,6.750709915910682
21558,3.9067832440353083
21559,3.113703656395578
21560,8.693282323935199
21561,7.9261717424740485
21562,8.135686122303078
21563,5.0347224535860695
21564,3.2389082636485114
21565,5.871860503622793
21566,2.8679930343888875
21567,9.064792603317564
21568,8.156312813260891
21569,8.590800792025199
21570,6.137363581793238
21571,5.257245536900419
21572,8.255279349079482
21573,9.124585001323126
21574,4.176717191066115
21575,3.134847285214722
21576,8.111394223926933
21577,8.8661699249466
21578,7.133698326113468
21579,7.479949228458386
21580,6.011798973074644
21581,4.463789547040443
21582,4.8786999979443735
21583,6.413016451974579
21584,6.402405820747183
21585,6.369751825589403
21586,7.136463281841264
21587,5.242168347436142
21588,3.6198527627994643
21589,6.353683158113312
21590,4.590154147338853
21591,5.987200510791425
21592,8.221513650602894
21593,8.548372898985205
21594,3.064323877992613
21595,6.964765020698492
21596,5.540204667425126
21597,5.041331763947845
21598,4.598687315486755
21599,3.45658693935248
21600,7.913795787185958
21601,1.9380243806758524
21602,2.8783252870284017
21603,9.514026441315137
21604,5.226925019739954
21605,7.5066837848142995
21606,3.75217822742186
21607,4.904601517644382
21608,7.394021780931985
21609,4.213949978169596
21610,6.061569293300469
21611,5.3911038211961255
21612,3.809672048224002
21613,8.366719237746345
21614,6.485217214573271
21615,4.547343002175044
21616,6.214979673444871
21617,5.777694749805941
21618,9.322571559916257
21619,9.155977358162867
21620,3.8210700758604714
21621,8.47705586557924
21622,6.240375044048856
21623,7.405056674602382
21624,9.0520798596961
21625,6.655963678984312
21626,4.937082465984001
21627,6.218172733559562
21628,9.778784166929084
21629,7.277537753120882
21630,9.25230292743195
21631,3.3409930349716492
21632,5.233334433023965
21633,6.198240641060085
21634,2.78698728653605
21635,5.794284618355819
21636,5.529891143783762
21637,5.274450169702006
21638,6.8120025845196155
21639,7.8250653193594815
21640,9.479022739664337
21641,5.22586911694966
21642,7.780154355684325
21643,9.294230578121825
21644,4.650997288493299
21645,7.325757665821561
21646,4.614204172779361
21647,6.846907977849186
21648,6.037227805457213
21649,7.821021794676791
21650,3.0252804135292575
21651,4.094666972693023
21652,3.803111159573669
21653,4.844554467115383
21654,3.0765284963011252
21655,5.505352952094168
21656,7.848547398621419
21657,7.333128551876103
21658,7.3844746139851605
21659,3.927983010764353
21660,7.077196967539321
21661,2.6585912188178704
21662,4.532112584940806
21663,7.825385386612611
21664,3.3657293782076905
21665,4.533751362043156
21666,2.4895891435156208
21667,6.510532771926612
21668,6.279695349730261
21669,8.863490322797587
21670,1.723833885234617
21671,7.183675521476021
21672,5.260301801605676
21673,5.424079594949646
21674,4.031226901888156
21675,4.900803644189548
21676,7.891748157120397
21677,3.9707065815372986
21678,6.264521024545094
21679,6.515166276189034
21680,5.3189402753411406
21681,1.5812101590272407
21682,7.592367018596456
21683,6.418112513990166
21684,5.851053342208243
21685,8.228527720828273
21686,5.713111726227571
21687,6.228592587574274
21688,6.939186393325845
21689,5.993176384367652
21690,8.446391247520978
21691,3.907269076257362
21692,6.491648401539044
21693,4.346390920996316
21694,7.547974930479223
21695,5.631109533253636
21696,10.0
21697,5.132555858570899
21698,2.7438689988541
21699,8.459677536084364
21700,5.744399968529055
21701,7.899857875292096
21702,3.7416179472636233
21703,5.955898300418219
21704,5.067656300805161
21705,8.724093099757528
21706,4.187709591337713
21707,8.726380041747372
21708,5.661345769345476
21709,5.726674447773246
21710,9.140446390573622
21711,5.33775032070402
21712,4.553901727413948
21713,5.3738036545193895
21714,4.778490894733686
21715,4.781796549765476
21716,7.235681013762039
21717,6.88354023449319
21718,2.4154208403788884
21719,7.387286555431492
21720,5.051716569014885
21721,7.027840780808491
21722,9.360903440206808
21723,6.118667733006535
21724,7.699712789822401
21725,5.377584435320241
21726,8.928154443271001
21727,6.760125157792553
21728,5.417461617597504
21729,5.513448287527212
21730,5.865546314957214
21731,6.917789767825918
21732,2.138880567473789
21733,4.394321665931679
21734,4.249391586430584
21735,7.4269705076978365
21736,6.033921232997538
21737,7.313804584726939
21738,2.192477669379682
21739,8.02878202147022
21740,8.66372836300538
21741,6.691503153017269
21742,4.202229093369927
21743,5.844845945423931
21744,4.6134326428866546
21745,5.629087899070087
21746,6.294590465915532
21747,3.0967737283686056
21748,9.60361637293459
21749,7.012825399648611
21750,6.691881350994082
21751,6.883617742738074
21752,7.404022088976863
21753,8.428392723745437
21754,7.3324082667956025
21755,6.760278973186492
21756,4.591646381138738
21757,4.8399779360608575
21758,6.536455430108631
21759,5.195918720555241
21760,7.98282799086038
21761,5.231489275887337
21762,6.546268951223765
21763,5.967135458826689
21764,6.054585649609978
21765,5.929559944338944
21766,7.110964977665048
21767,2.8528924189594544
21768,6.802793044461122
21769,5.1702402140193175
21770,4.577568686857407
21771,2.985900580313175
21772,5.945081044820001
21773,1.8807683056781372
21774,2.48124951234496
21775,5.847926922809312
21776,5.613556184363915
21777,5.919442793102871
21778,6.075607150756452
21779,4.410531484428817
21780,8.140385330830757
21781,3.8819411064193465
21782,6.192464732292079
21783,3.672409565008491
21784,7.0064104248191645
21785,6.654702941450713
21786,5.554487114634107
21787,4.774417076195299
21788,9.146090013565468
21789,3.346678685840754
21790,5.473020732637963
21791,5.647756980161865
21792,7.461415969447664
21793,6.567386092847089
21794,6.67652686807833
21795,10.0
21796,6.242949627833196
21797,5.438730392052059
21798,0.8569258234402521
21799,5.415352352502332
21800,7.097539382977355
21801,2.9649450191670756
21802,4.490077101568472
21803,2.9227879311057134
21804,8.196113522627845
21805,5.540861473760765
21806,6.495968950560708
21807,8.306680199960516
21808,3.2848061789461402
21809,5.155645445328774
21810,3.2652965653001464
21811,7.025693855196625
21812,7.987285262120876
21813,9.661366313770033
21814,7.527558368745419
21815,8.811506374257505
21816,6.5813112191028225
21817,8.846029666648006
21818,6.712091731217338
21819,7.080352503305863
21820,5.768785003506261
21821,6.596401998310519
21822,7.798756236886444
21823,7.503965828379802
21824,8.30112913386371
21825,6.201486575840952
21826,6.574048262056131
21827,8.069752458633516
21828,6.431868687191884
21829,4.0395932139082165
21830,4.334680854065659
21831,3.626173787959365
21832,2.852590074340686
21833,5.357880919541885
21834,5.740857630535074
21835,6.252967791065712
21836,6.234371851017814
21837,5.206652765049113
21838,8.50793645082516
21839,3.3109569050783545
21840,8.359455764095335
21841,7.36430406803617
21842,0.9590469245819232
21843,9.790767041258647
21844,7.664721067950443
21845,7.44831007151665
21846,7.086603289750549
21847,5.87944056745644
21848,3.5301839453656885
21849,5.328388139816853
21850,3.5312359189705473
21851,3.9475216313893378
21852,6.209540015632323
21853,7.209678567161114
21854,5.170393998739182
21855,6.03601573314789
21856,5.250363756879035
21857,7.847835679858979
21858,4.9147851940922616
21859,7.182009213849556
21860,6.8956269837543225
21861,1.8956650362468066
21862,7.617725559535091
21863,3.79044622225034
21864,9.050453633687631
21865,7.015997538867728
21866,10.0
21867,4.341252575829683
21868,5.854276262775174
21869,7.446920084408428
21870,5.460670078277183
21871,6.410384697161342
21872,5.23344875199633
21873,6.943421171548297
21874,6.645959074432208
21875,9.001500508597816
21876,5.695840544160041
21877,5.756842817217245
21878,5.480292299629183
21879,6.453940355824211
21880,7.521719832397749
21881,5.508539360860443
21882,4.800258069673698
21883,5.002018826150587
21884,6.7278153802796945
21885,8.817946408358216
21886,3.54510178001527
21887,3.8785617584344516
21888,7.638209770060892
21889,5.95963083775224
21890,5.7727866316941885
21891,5.264011534248287
21892,5.527688265037309
21893,6.0955839085683685
21894,6.372443523404522
21895,8.571099901207909
21896,6.038151348674583
21897,4.9710545307239276
21898,6.2024100223046945
21899,6.8027288094091665
21900,3.5857332319866164
21901,5.164966248676336
21902,5.149847261715164
21903,8.066480882917553
21904,4.1285001833950075
21905,7.538838577903564
21906,6.313183963625518
21907,4.794045198860398
21908,7.92263564502785
21909,5.0711443880787686
21910,4.405143938477996
21911,4.394753868561826
21912,5.028345028762509
21913,7.90090134705914
21914,9.113484096733657
21915,5.563684282102198
21916,6.672915680498074
21917,4.757946647398424
21918,5.557875708521839
21919,8.735075879099217
21920,9.257789630388139
21921,7.76507163608198
21922,7.4064841602305505
21923,6.768565150015367
21924,6.803166082205644
21925,7.1069796289095954
21926,6.331394506528129
21927,5.829410093651447
21928,7.096494374768259
21929,8.443762750310468
21930,5.8314055574963195
21931,9.269604390075497
21932,4.598806891817381
21933,5.830777120298314
21934,3.156809824554708
21935,5.9102019973898825
21936,7.304479077428627
21937,7.405204917636278
21938,8.537040000295127
21939,7.500095515809658
21940,4.617806968449607
21941,5.8535723704551765
21942,9.086998143306388
21943,4.15954925364301
21944,5.973802455843758
21945,5.951214848982765
21946,5.642209754903441
21947,9.000933169885684
21948,4.808087584080678
21949,8.413589320939575
21950,6.098152665753158
21951,7.985554827606012
21952,3.910222470374245
21953,6.274790292413625
21954,2.9872650737552355
21955,7.895505745690203
21956,5.055511635928194
21957,8.907295881088773
21958,7.666831565750219
21959,5.555619439665402
21960,5.116365926751808
21961,5.0128832518341
21962,7.0595144393712035
21963,8.314284207580286
21964,8.214036540774632
21965,9.8673275808611
21966,5.054805053718454
21967,3.554992270728865
21968,8.111875281330745
21969,9.127978650469544
21970,5.526635706334615
21971,3.4282910366531687
21972,4.9250343266069025
21973,5.98889739699693
21974,8.364740187597917
21975,3.2102102573747033
21976,7.340221324201268
21977,5.545614061760476
21978,8.37437305704705
21979,5.163020247174144
21980,6.836238008423177
21981,5.061707426737673
21982,5.733608179100394
21983,3.2139373552164607
21984,5.637219839083432
21985,6.925992980499883
21986,8.983246154563487
21987,4.312728041137237
21988,7.032936541000377
21989,8.356740568968442
21990,8.16941087291542
21991,6.895094130785618
21992,5.396782309669265
21993,6.149769202763552
21994,3.134834033955414
21995,3.5956993205469914
21996,6.0214601034404165
21997,3.3050672493963664
21998,5.936417851291793
21999,5.123484319093974
22000,5.103335582222769
22001,5.2269848165524015
22002,4.7214000865242
22003,1.9062419595029572
22004,5.840515100335957
22005,7.031890220851852
22006,4.730784326405746
22007,9.659977282947635
22008,5.556309077736008
22009,6.949751410976319
22010,2.9426639401964865
22011,6.547316411942238
22012,6.36496955524656
22013,4.89268559031922
22014,6.240688934939611
22015,5.8765502944018495
22016,5.396606899161413
22017,5.0714172762990035
22018,3.710358936389622
22019,3.521779008165986
22020,4.154843636447337
22021,7.427010420069195
22022,7.251966236866262
22023,4.1985615834611485
22024,3.703172636953341
22025,5.706478966602472
22026,4.064294234604532
22027,8.696831303768013
22028,8.408201702347306
22029,7.548428934958657
22030,7.5226013455265
22031,7.681997674396625
22032,4.2085465744333765
22033,7.864208196619395
22034,5.102788808692544
22035,9.053077489529517
22036,5.219715258966845
22037,4.869276255224647
22038,5.557618692588933
22039,4.452836531815439
22040,7.478448319115034
22041,5.921806807265138
22042,2.846839616210734
22043,6.901314645877759
22044,8.836291861577042
22045,5.335375496783155
22046,7.7843764160098035
22047,5.2014940812472235
22048,7.994454117941048
22049,3.368298671558666
22050,5.473712741940372
22051,3.1569348824524055
22052,6.664115344231916
22053,8.83117989963127
22054,6.592695108334766
22055,8.141664975313473
22056,6.4645017121905175
22057,7.547471436546785
22058,4.4491266299781165
22059,5.52304173619981
22060,8.121149174455306
22061,6.068947398153789
22062,3.6581172464555842
22063,6.319237240435287
22064,7.197231687450506
22065,5.237433610787307
22066,4.022283217944668
22067,6.720164834663998
22068,6.449302349159091
22069,6.902714841861805
22070,5.529368140329802
22071,6.462107637088221
22072,5.2306175446024135
22073,8.038309291427039
22074,5.0522572957377285
22075,5.938511471766526
22076,5.57371573638946
22077,9.165264122556207
22078,7.21528573833561
22079,8.242096680964892
22080,5.126957237733338
22081,8.645041426197901
22082,3.4140595068334463
22083,8.957892271049682
22084,1.8920908387666544
22085,3.94541186449286
22086,6.673461282826897
22087,2.489504181986895
22088,6.237129704657526
22089,4.609645730166533
22090,5.7689651462813005
22091,6.765286777892804
22092,8.984740367530152
22093,7.652283914448098
22094,7.15722458803745
22095,5.061482490435583
22096,7.132318592685756
22097,6.014821107128749
22098,6.1733162242886825
22099,8.572560391722854
22100,3.5004204625882753
22101,5.3421308411486965
22102,8.18275542161525
22103,8.182702213483843
22104,1.7909112774522886
22105,5.683249223241802
22106,5.2694158462040415
22107,7.019787176920732
22108,6.227769069612895
22109,3.757386858710969
22110,5.752285242266636
22111,4.81862148639048
22112,6.4920651572975085
22113,6.058585300564085
22114,7.9977026682003185
22115,6.642728287191167
22116,4.531912714669979
22117,5.2453321496130085
22118,7.547381972274821
22119,4.8585323946403705
22120,4.510431102800367
22121,7.60497531277906
22122,6.19579642445357
22123,4.669460644609463
22124,7.174111303740907
22125,5.906124221616378
22126,6.487933285425975
22127,7.140730260025547
22128,4.2258032036469695
22129,7.356648847568563
22130,6.94692458339722
22131,4.813400177399365
22132,5.250096326097583
22133,3.534363394188869
22134,5.500798540126439
22135,6.796421370000394
22136,4.522535169853928
22137,4.83973600375742
22138,4.4079003535209695
22139,6.122375141990388
22140,7.186254693070035
22141,7.68565164717744
22142,5.039153956474808
22143,7.331239551848555
22144,8.008144617392228
22145,4.625075759983333
22146,3.002274384978969
22147,3.8860335775207706
22148,1.316767837602759
22149,5.98032912931308
22150,4.682895328769518
22151,2.854917496862096
22152,7.261057432814821
22153,4.349951689620242
22154,4.0522690317728465
22155,5.827360065861819
22156,3.8830230142131423
22157,5.88698304903713
22158,8.777171833821697
22159,6.444751563275965
22160,8.89500566252852
22161,5.9796164742152875
22162,5.59667278609395
22163,4.442327040937273
22164,4.719857053580264
22165,6.848075755234569
22166,5.393465835054738
22167,7.7377292177672246
22168,7.801886935616845
22169,4.027189743712509
22170,4.460182881230146
22171,5.095689696893551
22172,3.521638616637469
22173,4.601138144380481
22174,5.616636391195287
22175,5.565360644052777
22176,3.7852738189807904
22177,2.203867292521016
22178,8.21377275727749
22179,6.885861103268855
22180,8.325791042441347
22181,5.6529002813674785
22182,4.573601917516549
22183,6.621059056628874
22184,6.316284752282597
22185,6.40954831507563
22186,5.676459443292283
22187,7.7760198887802385
22188,6.728245435857932
22189,2.885092337583004
22190,5.726828245310198
22191,4.957973502458218
22192,5.678981182363635
22193,7.417486280976899
22194,3.8494403701920317
22195,4.481167859579088
22196,4.848990095334376
22197,6.288039194018324
22198,7.015855456305349
22199,5.485436579570044
22200,5.1145636427080605
22201,5.496382048943017
22202,3.987245817749072
22203,8.882512034001532
22204,5.2788055012056505
22205,5.388740097704618
22206,7.803484623583255
22207,2.209786666526155
22208,3.316602498403294
22209,7.106415304716085
22210,8.013602031425295
22211,9.209444149336166
22212,4.439507456538336
22213,6.3979440121017195
22214,5.130081959369015
22215,6.942313520408839
22216,7.197178369017299
22217,5.069743956346391
22218,5.843242507781027
22219,7.536582283442201
22220,1.4899165233389144
22221,7.523722165256924
22222,5.275743673447245
22223,7.003559178838621
22224,3.5137324827084044
22225,4.481337462949203
22226,5.516339451092506
22227,3.2965025503236474
22228,7.6278237079225075
22229,5.725968988603485
22230,5.604573792001916
22231,7.543595954235409
22232,6.210477434968123
22233,8.810050482314528
22234,4.834143023231292
22235,6.837696471294952
22236,0.8425854341453813
22237,2.0347981008964684
22238,7.142956572140748
22239,4.0677791868087985
22240,5.977422268667006
22241,7.3329086392447325
22242,5.477113960402797
22243,5.1332656497915465
22244,5.42645438833396
22245,7.484327409632227
22246,7.873290163420643
22247,6.279564486489911
22248,8.97640033492294
22249,5.00558296718042
22250,6.82156761097587
22251,3.1662066435851135
22252,4.388468062713483
22253,8.865829253216058
22254,8.723667045003118
22255,7.005678140306997
22256,6.644824692599046
22257,9.270262228001073
22258,7.102278378955557
22259,1.452674628409916
22260,2.300133859721045
22261,4.846812494928771
22262,4.2163609698414755
22263,6.988560912615812
22264,4.464505637440378
22265,6.737459121595576
22266,5.044445829097174
22267,4.025897499773496
22268,3.4912530218346114
22269,4.028223226064175
22270,5.754209331814435
22271,3.8460159635080635
22272,7.3254120229829365
22273,2.400959064556095
22274,5.264206715753524
22275,6.794120684446135
22276,7.227493876033332
22277,8.763718831372806
22278,7.016100931673619
22279,2.568253134703763
22280,8.532492243753783
22281,4.458473436250862
22282,4.207047557230349
22283,5.7990411699524325
22284,8.465355160662224
22285,6.361173664396072
22286,4.89621572890864
22287,6.406382438025251
22288,7.638437461807565
22289,8.96762372552944
22290,4.378583040031038
22291,4.71296930851894
22292,9.307159736814661
22293,5.852909402057147
22294,8.296458646074436
22295,10.0
22296,3.207947298518361
22297,3.939231692380651
22298,5.400116339003465
22299,6.07856645938029
22300,3.5597039238107713
22301,8.760878992904537
22302,6.201077068549813
22303,6.052688854955007
22304,5.654642423112164
22305,6.558619646131194
22306,7.5172780070769765
22307,6.42780675981789
22308,9.074887025747373
22309,5.845095566066854
22310,9.782350940696231
22311,4.542242474206686
22312,6.014989498571957
22313,3.014473994632861
22314,6.347102243411926
22315,5.715281023769797
22316,4.411642564554727
22317,8.929059325364506
22318,2.7423457362486205
22319,5.134585120817028
22320,6.204681634445616
22321,4.535884883111697
22322,5.53565407105535
22323,6.146184710792128
22324,6.988177745579572
22325,2.8730020478303375
22326,3.4684119841350047
22327,4.348312710052543
22328,5.61179029492484
22329,6.140129057411387
22330,7.427671253000756
22331,5.191416830719409
22332,4.140360962782335
22333,7.919587730742211
22334,9.042781801864034
22335,5.405705433984885
22336,6.155989202054065
22337,6.226193077246175
22338,4.856386730972835
22339,7.5493277765505535
22340,9.252054087591942
22341,3.625402089377556
22342,4.667835375796714
22343,6.677060286466554
22344,5.166033837878505
22345,7.792312220584488
22346,3.6551417477945907
22347,7.283026182867401
22348,5.817245151664294
22349,6.491398860358642
22350,6.1759995678438315
22351,3.0666662206481052
22352,6.383596527763461
22353,6.840090033078505
22354,5.621012883133823
22355,5.121944778915624
22356,7.166577618670232
22357,6.1438837301810025
22358,5.403949233797661
22359,6.520611784383025
22360,6.273487645011879
22361,2.7964504425994057
22362,7.586013653579954
22363,3.6934963929771243
22364,8.786137346430232
22365,7.396002364430312
22366,7.190636302791433
22367,4.825432677952444
22368,4.720187814190084
22369,9.000081772724942
22370,3.8141042994534455
22371,7.30102059622056
22372,8.075289848884722
22373,3.1896690077674807
22374,7.305696991677567
22375,4.347021634761448
22376,9.152680818359366
22377,4.801616208567718
22378,3.7640426524851898
22379,8.431773845788753
22380,6.9271619494416194
22381,3.510807562298943
22382,7.425427573802973
22383,8.825313953988246
22384,5.976565812893506
22385,4.83317987534158
22386,7.8194311236050495
22387,4.015552028334048
22388,1.182247222935107
22389,7.4145543095140525
22390,3.03695436685854
22391,4.7911954236060845
22392,7.164332697250306
22393,6.6136585885431405
22394,9.226432981128
22395,6.482098230376394
22396,8.264142784365195
22397,8.227087766912339
22398,7.087199623384727
22399,1.7955207901087764
22400,4.998999016797851
22401,6.5637265084995144
22402,8.653673213653205
22403,6.940606168510829
22404,6.6701045074449175
22405,6.620787189662354
22406,8.453523207958133
22407,3.944930936555921
22408,8.133739444462785
22409,4.07182958727731
22410,5.0110612456281345
22411,2.7884893435168823
22412,8.587059392639421
22413,7.885256622573977
22414,7.063852063845163
22415,2.8714872381814773
22416,4.824301841719614
22417,8.440941521204968
22418,6.5026596364939735
22419,8.531251131178982
22420,5.675959190786583
22421,5.942504126227617
22422,4.902560193514548
22423,5.119095966924286
22424,8.31777003758708
22425,3.9367542985799298
22426,6.354832880571976
22427,8.152374853545664
22428,8.543227136357762
22429,3.9577857975658053
22430,7.477667681482126
22431,4.249370840588792
22432,4.703474248235143
22433,2.8375954351811683
22434,6.028868223762333
22435,5.050365112669828
22436,6.971569469761118
22437,8.836314549652712
22438,5.5471854820191995
22439,1.887557645832791
22440,5.479396671626985
22441,6.669622188806943
22442,8.750187066814998
22443,8.704698947536556
22444,6.790414211402027
22445,6.300246489767048
22446,4.278100053512611
22447,2.5755691273147714
22448,8.176997812337694
22449,5.738651400393406
22450,4.574195262255837
22451,7.312299642832679
22452,7.119936257684012
22453,5.2085473759231204
22454,4.370626004621906
22455,2.796041714490704
22456,6.252707277112086
22457,6.582666316225721
22458,4.79178799137687
22459,3.6875084440453034
22460,7.070850026947836
22461,6.853126479584675
22462,3.591865742362379
22463,6.837812108395021
22464,6.179329065833049
22465,5.126411982919454
22466,8.401619827871837
22467,4.5332480478799
22468,5.2202013669120975
22469,7.1875044841623765
22470,6.406886454443151
22471,7.999007682843894
22472,4.991221242575445
22473,4.797870552860345
22474,7.196885092748096
22475,2.4332658384674177
22476,8.466606718147169
22477,7.2720778744308525
22478,7.718717421799197
22479,6.852177054050375
22480,4.62604256389392
22481,8.766913033937833
22482,4.483860952295932
22483,6.390865025226171
22484,5.696502866792032
22485,2.6129212070819556
22486,3.0378749261530174
22487,7.450186045768862
22488,3.721727166010024
22489,5.002897733377035
22490,6.659169880888396
22491,6.654644656591887
22492,7.758906028647112
22493,6.895578190052335
22494,5.844808856089624
22495,7.542468807424576
22496,3.891789969901557
22497,8.482567665245488
22498,6.126928089722583
22499,8.35771632563165
22500,6.308730298903478
22501,4.42403177478754
22502,2.927530688462795
22503,8.457075615216283
22504,3.52458917440771
22505,5.178623416698645
22506,8.056209515798047
22507,2.8167273403622164
22508,2.4241974692811583
22509,5.993031592221519
22510,6.405851200267196
22511,2.6638150410896695
22512,6.977752292664244
22513,4.4379400756866305
22514,5.727370199687556
22515,9.030887314041943
22516,6.050988712498443
22517,4.99707672801037
22518,6.712890638489887
22519,7.684327507261746
22520,7.044226960408218
22521,5.085515044404724
22522,5.713641265909368
22523,9.62315522655453
22524,4.7782803369783355
22525,3.5261271919156982
22526,7.9538493498951945
22527,5.891712490553146
22528,2.2256907653297686
22529,7.454296718691786
22530,4.616508350003584
22531,7.2856661881580775
22532,4.484008050749562
22533,5.338768376512994
22534,7.5420295267604045
22535,4.36754517438695
22536,5.012652396314313
22537,2.3857722413801614
22538,3.584233459740546
22539,5.023490228233325
22540,7.485116370421771
22541,8.065892921306775
22542,5.627023455690336
22543,6.0918041506088665
22544,6.762311404910704
22545,7.071630002925109
22546,7.475732246928046
22547,5.673472504301003
22548,5.099708232399433
22549,6.040841214508277
22550,6.383446463340771
22551,6.96829560346359
22552,7.284777729209522
22553,4.311422403230158
22554,7.459052039694931
22555,4.2016606520669
22556,4.820344801380058
22557,6.484314000125899
22558,7.767418364565316
22559,7.4631250700015705
22560,6.060448084015154
22561,2.5870922284516227
22562,6.230983075871494
22563,4.451157229117087
22564,7.516807880969912
22565,6.921403415921478
22566,4.516097460865169
22567,4.9543979260414615
22568,7.73001162298137
22569,8.862900436396613
22570,2.3483801045964303
22571,7.117784816192834
22572,4.523875442418368
22573,4.7821654540540495
22574,6.0527800199214585
22575,7.80240243746477
22576,5.191307624592722
22577,3.8837646408381405
22578,6.749177035651349
22579,5.568462173438504
22580,3.779974699886227
22581,5.98930569961469
22582,6.185387423102514
22583,2.612900409066671
22584,3.108430423510637
22585,4.646380024544821
22586,3.8051359010877737
22587,3.5542067035609644
22588,3.3760399220618993
22589,5.178404761659206
22590,6.175020656297739
22591,9.08559350266678
22592,3.8991569669261046
22593,5.896014919559313
22594,7.889109407994654
22595,7.485784577545972
22596,6.387285991474253
22597,2.5045979930135465
22598,6.79950893316021
22599,7.864756181561662
22600,5.01116824944764
22601,3.026127429634542
22602,5.2149600805230865
22603,7.044238941402908
22604,7.808479365195803
22605,6.063530539253314
22606,4.538013886923105
22607,7.0077978685948805
22608,2.5295366730360307
22609,4.111030534053118
22610,6.32623707526911
22611,8.793944652929415
22612,5.5347946622507385
22613,4.117438132539858
22614,2.6980122043449426
22615,4.4969788133135955
22616,7.3280665421441
22617,4.9088821088826045
22618,5.819095520783444
22619,7.583543456830673
22620,4.403584955419248
22621,6.901018324850033
22622,7.9545069989402375
22623,5.319338154720382
22624,4.292083206020058
22625,5.898046793791228
22626,6.963696795309546
22627,6.255487533601912
22628,8.049453937671188
22629,7.49463790515724
22630,6.901817480987808
22631,6.193415921482998
22632,3.1259323217083
22633,8.144359597109476
22634,8.98835460488324
22635,7.608705726020438
22636,8.151531107453623
22637,8.727390656350332
22638,6.681149353040739
22639,6.094011258473845
22640,3.5583089451434646
22641,6.639953866053138
22642,7.055060484296325
22643,1.005210455039161
22644,7.8670614296907955
22645,5.155560723482145
22646,6.560008158437395
22647,2.911327551510164
22648,5.826747747128512
22649,7.770593069146776
22650,7.911019898884704
22651,1.9020775146819842
22652,6.744315905600272
22653,5.186542598442243
22654,4.144107179731179
22655,6.615759410349687
22656,7.860393330500431
22657,3.2111768599087456
22658,5.162578825925201
22659,5.524581160939227
22660,4.206292698076933
22661,6.914358535240695
22662,6.146073680795343
22663,7.804635666169833
22664,8.44018395427599
22665,7.350707320005015
22666,5.339064269645975
22667,4.992705665626866
22668,7.781718450322219
22669,4.599698094167963
22670,6.2816197009752734
22671,7.412627594885421
22672,5.013020680520691
22673,6.413210592705899
22674,8.238283079478679
22675,4.4436017060367
22676,7.315863086653458
22677,4.528509254733511
22678,5.428755345364751
22679,4.940717630368859
22680,7.264233593472449
22681,2.8063282061868016
22682,4.979840006912789
22683,9.076881472615048
22684,7.680403900626818
22685,5.988944359115407
22686,3.1668768745303604
22687,4.998884395561429
22688,4.080010539554132
22689,5.801813376593095
22690,7.324022265464459
22691,4.871696131553331
22692,4.777221863754999
22693,4.892325549959808
22694,7.166469960453631
22695,3.0731517083818645
22696,5.122245636437141
22697,4.209130692899145
22698,2.3367512268992434
22699,4.423962531405671
22700,7.6676372661899475
22701,5.325728289325909
22702,6.159834747099002
22703,5.8775162387529285
22704,6.891773058861526
22705,4.690640261188731
22706,5.716854167105386
22707,4.91536665758592
22708,4.817670258577903
22709,8.051590808274177
22710,7.561225572355174
22711,4.877522611205048
22712,5.942807334837817
22713,6.962249550706932
22714,4.950465901152983
22715,5.722785180060207
22716,7.698891543850414
22717,2.902994963724171
22718,7.327216958051067
22719,3.4082790742411553
22720,7.76826644053326
22721,5.7524430580638
22722,6.789965310171874
22723,4.380388753410129
22724,9.541870693140849
22725,7.384772014816369
22726,5.7483985362775165
22727,6.559709175860504
22728,8.587353624197506
22729,1.3717862844219895
22730,6.39820859513443
22731,5.05723782212811
22732,3.8832772979741708
22733,8.375257682100143
22734,8.365959872930597
22735,8.633291148952871
22736,7.753263189863422
22737,5.98245049269676
22738,6.865843775375002
22739,3.918724660129765
22740,4.937776440824681
22741,6.010995216618917
22742,5.028636022679336
22743,7.432178638399503
22744,3.629132988287742
22745,7.3807722423354045
22746,2.7031281864966457
22747,6.408960565718746
22748,8.75718712451678
22749,6.270288696630176
22750,3.121078735658146
22751,6.314163009678484
22752,4.084373822200481
22753,4.610459280898865
22754,4.704838750968536
22755,5.719111200303666
22756,4.329267353994543
22757,6.167068381145541
22758,5.444727062570891
22759,4.04974130967584
22760,8.282301415993894
22761,8.167307750700811
22762,8.243166555832278
22763,8.022145491708365
22764,8.246123209725178
22765,6.079496183714937
22766,5.914809014051644
22767,6.60899745252343
22768,6.383617158538904
22769,5.576685384053318
22770,6.652153014630174
22771,4.154247016327331
22772,7.400966448307993
22773,5.453631429831431
22774,5.407908599746285
22775,6.897570775937604
22776,6.4504842836208836
22777,5.157546647541748
22778,7.84238796213358
22779,9.420750580972207
22780,4.684036214595274
22781,5.633345188842604
22782,6.935407337065461
22783,7.4151143448243335
22784,4.458276898876773
22785,3.5993756589549744
22786,7.00245253752255
22787,9.464261310160266
22788,4.985645641091492
22789,4.806652319928065
22790,7.094126350692215
22791,8.814730086923632
22792,4.845086695548239
22793,4.6797712918691765
22794,5.932883746027773
22795,9.643043258919953
22796,7.270136758216841
22797,3.9517156727447684
22798,5.499267459580178
22799,6.4187413990765005
22800,5.969910564660879
22801,7.829475390498803
22802,6.315203518890195
22803,8.279710446563668
22804,5.908442178952415
22805,9.380591547612534
22806,5.792782126423916
22807,6.832414903386073
22808,5.06487970407125
22809,6.195623170485856
22810,4.954663143474736
22811,5.026993006209845
22812,5.294329262065089
22813,7.165882800230416
22814,6.916245761583181
22815,7.133856432189631
22816,7.971698776179564
22817,2.814129750745394
22818,2.702051286765202
22819,4.666272257156491
22820,6.188200166072823
22821,6.789461094090239
22822,5.898224426124656
22823,7.426153739242944
22824,7.409901998177803
22825,6.025491099575542
22826,8.681541425916045
22827,7.370262376974654
22828,3.5676363265560624
22829,5.745923451810346
22830,4.4675155824701145
22831,4.303265503453585
22832,5.857360589849929
22833,4.462935391198863
22834,7.956202169527004
22835,6.146462312678138
22836,7.862282473209033
22837,5.298375660922819
22838,6.808603609081067
22839,6.233140057910172
22840,2.3030168628798435
22841,2.7088236368525886
22842,8.097369731713536
22843,8.642297184457226
22844,4.9555574499676
22845,7.335607048088372
22846,7.576671943561701
22847,7.127770580860967
22848,2.6874533775574956
22849,8.990814576823377
22850,3.411024589451474
22851,6.699962324277981
22852,4.007240929149421
22853,6.199464794153175
22854,4.572957085255471
22855,5.680076605530616
22856,6.017359443659931
22857,5.328813065613741
22858,5.397423652564969
22859,5.009045374972841
22860,9.1094505857444
22861,3.953187576421893
22862,6.235620857312806
22863,4.237048051105411
22864,6.394432388118257
22865,8.42469831283395
22866,8.094904126153857
22867,5.517062743329896
22868,8.28925495779156
22869,4.078460064892545
22870,8.4213078297697
22871,5.649509658689191
22872,5.610064978150311
22873,6.706469622167679
22874,6.780343291974171
22875,5.083456381474138
22876,3.1863897237471153
22877,8.283457197323203
22878,4.246675468722344
22879,6.176113036826611
22880,4.084452643036183
22881,4.167207055320522
22882,3.638629852622596
22883,4.884393981909545
22884,5.375512047872969
22885,8.552712859743496
22886,8.418462404800888
22887,4.399153751748329
22888,4.647442755623284
22889,5.989270145598031
22890,7.214563671883907
22891,4.967817625143635
22892,3.626532080523824
22893,4.522396550164144
22894,5.93326633326886
22895,6.976852478389725
22896,8.926565615746725
22897,5.79550179916988
22898,3.8860715590754777
22899,2.436671318819027
22900,5.443003945572814
22901,2.821805435589906
22902,8.373771640916157
22903,2.5473006396947175
22904,4.406013838691307
22905,7.541919636717389
22906,8.737096869541572
22907,6.703028706135744
22908,7.507641808106123
22909,7.006980482285556
22910,8.260509285695944
22911,7.375259836958428
22912,9.552569435106971
22913,3.612107775116817
22914,2.2570968833269887
22915,5.4727017031273455
22916,3.0097301389267486
22917,6.187781991100501
22918,4.596632922311354
22919,2.943374117533563
22920,8.676498266558564
22921,6.701595627908631
22922,3.5835942828850174
22923,6.550171777740584
22924,7.261007521124952
22925,5.64036906839485
22926,3.098827448942938
22927,5.120503887348468
22928,8.113915814876233
22929,7.02337313382505
22930,6.880255486778155
22931,2.6513717293196883
22932,5.136086096242757
22933,7.143141823660628
22934,6.768373438178654
22935,8.76742794555547
22936,2.3597176731094582
22937,5.804759670182567
22938,5.457337112162717
22939,7.820196930713319
22940,5.59606592228583
22941,4.885207884452691
22942,8.273953131561287
22943,3.1956782105573036
22944,7.4419097188136965
22945,5.331340459775446
22946,4.261271326208778
22947,5.997389147547339
22948,5.765926214110673
22949,4.9250236727529
22950,5.964589039793909
22951,7.345562199721846
22952,5.205097748382897
22953,5.4632901751962155
22954,6.536599626994643
22955,5.055580985194535
22956,2.597116983257539
22957,2.978276176976267
22958,6.25966093205446
22959,6.042426258214387
22960,6.606603964420201
22961,6.7731061635495236
22962,7.505155651428616
22963,3.3500335518783184
22964,4.427936940718456
22965,5.942310482799714
22966,3.8691109671678476
22967,4.187993819813863
22968,4.067500685483687
22969,2.6179993027676858
22970,3.3721184816001086
22971,9.687103840929986
22972,5.955735872018565
22973,4.819184849404864
22974,7.701884878065846
22975,5.388634768442719
22976,2.4177788194861436
22977,4.005202066958203
22978,5.821272707796427
22979,4.576281600122084
22980,7.807180038962872
22981,6.9877734361559
22982,6.9336412508630225
22983,6.516891053855022
22984,6.949422600825796
22985,5.507629378530909
22986,6.387888659574941
22987,8.450865477285094
22988,9.240160840354703
22989,6.016282187006518
22990,5.224381474509367
22991,7.4793333356047835
22992,3.4147990739431315
22993,7.972079298035078
22994,3.52867665142413
22995,4.918763133083587
22996,3.6574791452184474
22997,6.639277928196059
22998,2.585897913634171
22999,6.648106502341048
23000,2.0047552530512727
23001,6.960432818664567
23002,7.979766778182253
23003,6.358573992174255
23004,8.8481358195476
23005,6.738294026435747
23006,2.8757038367152092
23007,8.543263253185893
23008,5.075377543232111
23009,8.215381782771017
23010,5.385240719411425
23011,5.397710647806881
23012,4.601090644613407
23013,6.189396914329026
23014,7.543988179934105
23015,3.3182055164172137
23016,6.873918093799157
23017,4.8614288846254174
23018,3.6734313522970647
23019,8.363238197810022
23020,6.225697598712078
23021,5.70244707438459
23022,4.727311060398215
23023,5.836414303461794
23024,5.204546966160997
23025,3.5837574223269892
23026,4.578893329476894
23027,4.354612183751418
23028,6.72016672754487
23029,5.469287851692869
23030,7.014574876809679
23031,5.603993713953574
23032,5.568491030959009
23033,4.016162927065821
23034,8.31969131170543
23035,5.618012867589842
23036,5.7168258587715
23037,4.797429268129427
23038,7.542833579292895
23039,4.609648817305723
23040,5.679565809233764
23041,2.8663843525681982
23042,6.343519068520618
23043,5.4665000693590855
23044,5.994033525853333
23045,2.5133823642218283
23046,6.257694233983646
23047,8.205799942133295
23048,3.4176981607784502
23049,4.8998455919146835
23050,6.525425339443682
23051,10.0
23052,4.14631169414626
23053,4.838978668467213
23054,6.534943016821509
23055,5.514329970323436
23056,8.074409108964332
23057,6.195754633508504
23058,8.622398301288943
23059,7.430971949635752
23060,8.25953061289589
23061,5.474996991256657
23062,6.714747695932938
23063,4.3321352832671405
23064,6.384859684703077
23065,6.164615478184336
23066,3.9268992549769455
23067,5.963143019831505
23068,3.6440413586454734
23069,7.098406964070194
23070,3.8679349107518717
23071,5.439456628055762
23072,8.321089219713606
23073,5.363493302121819
23074,7.384819775671018
23075,5.753180902253866
23076,5.951136984348838
23077,7.754895457932591
23078,7.00032923086904
23079,3.995833804635064
23080,8.664851592398758
23081,7.647572100485394
23082,6.42263484956266
23083,6.576775931423301
23084,7.0255750991719275
23085,6.1622135861448015
23086,5.871960186191336
23087,8.283062003757664
23088,7.405462655338065
23089,7.075686610732744
23090,5.187753068932684
23091,6.119658338215332
23092,5.053643437312251
23093,6.444763527113753
23094,7.200267339325994
23095,5.878807196970962
23096,8.353850195548194
23097,5.265954789330908
23098,5.378825926217927
23099,8.178080404695182
23100,6.542027510066398
23101,7.713164357863284
23102,1.2222020374048421
23103,7.884623724626915
23104,5.555385595499179
23105,5.3278597590500985
23106,5.150795240008073
23107,4.797814470192434
23108,8.68498102669476
23109,5.4996241335133265
23110,3.309056826252974
23111,4.330798461816508
23112,7.202664585466087
23113,4.386546439120079
23114,7.235821521082753
23115,7.9099326231627
23116,1.0107341847045916
23117,7.053074522735883
23118,6.855508320237525
23119,7.607052385848261
23120,8.666412617707008
23121,7.192217086523035
23122,7.724884733600496
23123,7.847727688724737
23124,4.887108870193136
23125,6.9030536625103665
23126,7.782915212117848
23127,5.221032011559847
23128,7.550111549321054
23129,6.0805134593732
23130,3.4299885930887153
23131,5.433780923999105
23132,7.533629698043791
23133,5.189671918447255
23134,6.334744322338985
23135,5.763521858711539
23136,8.26518021977227
23137,5.14212084693799
23138,3.9495356919549067
23139,8.364534172700472
23140,6.6458836604676135
23141,5.822465027000188
23142,4.618524799213418
23143,4.158629288965018
23144,5.247201656674634
23145,5.404871396423615
23146,7.408144165567087
23147,6.466740273527593
23148,4.422217693557704
23149,7.1783724093416446
23150,7.418186370147448
23151,7.20909378532756
23152,5.648577824149985
23153,4.661865140467983
23154,4.621665949851805
23155,4.013594938959078
23156,0.7472188153980303
23157,6.182905119202601
23158,5.258694499759632
23159,4.576367948618915
23160,6.784092895512402
23161,6.063510182766187
23162,2.4987510356507063
23163,7.3806813418225
23164,4.144836959845797
23165,5.9777892434262805
23166,8.729321996953542
23167,8.35034829778381
23168,7.035710392369252
23169,7.180920894949667
23170,6.658032945074882
23171,2.952265194968375
23172,7.899685929641309
23173,7.027953254659119
23174,1.0870509773010226
23175,5.4901854438593976
23176,6.323264250187458
23177,7.643133285685462
23178,8.893520649898075
23179,7.019487698066754
23180,9.376055439699385
23181,6.120860513710523
23182,4.452500387203496
23183,5.061901486004687
23184,7.942750168395303
23185,7.092234476157076
23186,6.962509040934597
23187,6.968645966084992
23188,3.726639238293898
23189,5.245145664285544
23190,7.48955013588329
23191,7.827581766655993
23192,5.395917194715389
23193,8.137057343706314
23194,6.074636202108994
23195,6.312010834295633
23196,3.9936830043420795
23197,4.256519200361535
23198,6.74344761519778
23199,6.5402173909206684
23200,5.215674691832254
23201,7.274239875284875
23202,4.2362249430904555
23203,5.735344898735348
23204,7.6579111572262875
23205,5.892836819774504
23206,5.284650093384035
23207,5.659505769421288
23208,2.668131407225486
23209,5.474892772682183
23210,1.6821778082179222
23211,4.128199095662693
23212,6.859910113243254
23213,3.3884043197728997
23214,7.577859899404794
23215,5.3081740521384475
23216,6.973161156958721
23217,3.337201114303846
23218,6.7299103745944855
23219,6.754980978602305
23220,4.654832200618924
23221,4.948283957035277
23222,4.213107260915389
23223,4.295180982488649
23224,5.225007346375314
23225,7.105552370392561
23226,7.297730899460563
23227,6.229889485463419
23228,7.707404382576119
23229,6.692259553184365
23230,5.73378702067639
23231,6.891544945227178
23232,7.13704088236045
23233,6.676164148098278
23234,4.669579513920779
23235,3.774056585347587
23236,6.3836619888189645
23237,4.523828694458103
23238,6.652323698437369
23239,7.058481874766315
23240,2.281428497261946
23241,5.300628218878707
23242,4.61453065528024
23243,4.8555002885602505
23244,5.965940894246519
23245,6.398952886922947
23246,5.856282665527283
23247,5.924200631589909
23248,6.921001486250803
23249,4.235184355174678
23250,4.942317357047639
23251,6.880393753187919
23252,6.003807532321822
23253,5.589190885423301
23254,1.8540250443906372
23255,8.589941824296494
23256,7.85476511345441
23257,4.220316178689099
23258,3.3618110278483746
23259,8.807111660343793
23260,8.478760915744179
23261,5.978849784935068
23262,1.3620491836905164
23263,7.9064333499668304
23264,7.498476860975486
23265,5.2947695804509545
23266,6.682239300371231
23267,5.627976456191361
23268,5.815624490422671
23269,8.726239641966353
23270,6.474373817402537
23271,5.78121555369421
23272,5.989095367104773
23273,7.797469187995066
23274,6.831680845737722
23275,8.045345064410732
23276,7.368188062221279
23277,3.3796707620492925
23278,4.247430064099016
23279,5.246828375961329
23280,6.366710251195335
23281,4.813817461715764
23282,6.024597874719666
23283,4.712354932390441
23284,4.6082192579382415
23285,6.038374320508144
23286,5.052968590438674
23287,5.3125278415051085
23288,4.344551698359883
23289,7.090164061546785
23290,7.301876521944049
23291,6.793165099172168
23292,5.723549094615975
23293,5.810562152823246
23294,7.594072236758835
23295,6.376389345682557
23296,9.644313855149626
23297,7.083308243937127
23298,7.952020769820295
23299,7.117827079179757
23300,5.297808738340579
23301,4.675285110385467
23302,7.765049657906219
23303,8.223535640212454
23304,5.635362198885311
23305,4.9361058283592545
23306,7.004295659691166
23307,8.493413597363833
23308,8.811273168216966
23309,5.409278978490489
23310,6.314600573180809
23311,5.413752835802649
23312,8.079344793503742
23313,4.172219962242868
23314,6.173957862608804
23315,5.391808480151921
23316,9.012590342823508
23317,5.218765619119839
23318,8.711320739979671
23319,6.899506777878157
23320,2.625124125472245
23321,4.44847088288421
23322,7.965066945088471
23323,6.779263262728936
23324,7.574726938692935
23325,7.448331380438392
23326,7.053814933230951
23327,3.901487504255596
23328,5.97413834232733
23329,4.948912536907113
23330,9.159888487189699
23331,5.5834145919768
23332,7.14652966326052
23333,5.0346245170781385
23334,5.14669942996203
23335,3.843862781083359
23336,3.1111214409059613
23337,5.090564069695342
23338,5.788511982883675
23339,7.964114569784022
23340,7.095820886546481
23341,8.68161307154563
23342,5.223260635010595
23343,5.628089269531792
23344,6.10931929728122
23345,7.994359120896635
23346,6.827477592665159
23347,3.363665109889459
23348,3.8405841629415822
23349,2.3316144066262243
23350,5.56935542728208
23351,5.515769549949079
23352,7.172157610640573
23353,4.659667946465702
23354,4.171079736351298
23355,8.96183114827873
23356,6.1010020556232485
23357,7.2911955312685
23358,9.58890462968436
23359,5.585646002515475
23360,5.350602204874915
23361,7.548930532909157
23362,7.712155846577465
23363,3.318094147921037
23364,4.307507986208367
23365,4.175369643677473
23366,7.564041185617727
23367,5.490103537534432
23368,6.92027234559235
23369,4.866452766292069
23370,4.136419851086617
23371,3.284486287710133
23372,5.929958721108593
23373,8.989725837502611
23374,4.420043112232402
23375,4.860093505961381
23376,8.6670195172875
23377,4.968328138610568
23378,3.3532462367417315
23379,6.597243849676357
23380,3.923593135787018
23381,6.602354896567007
23382,4.562110034470696
23383,5.380225008395596
23384,7.609476017085913
23385,3.9850952354952014
23386,3.782863057540812
23387,4.421625047179535
23388,3.2624526243349776
23389,2.425664772680714
23390,4.763219655307912
23391,7.32246001946383
23392,2.4606861208232065
23393,7.2887951871323775
23394,6.836471338318655
23395,4.412438315525608
23396,6.215997204211243
23397,5.683663049638241
23398,1.5935278825511145
23399,5.9111604362639625
23400,8.90347344738121
23401,1.6302065352133128
23402,6.431318899717712
23403,5.143480077472147
23404,6.109350035849398
23405,4.566470818121988
23406,8.776772627319566
23407,8.67314892969808
23408,4.887574871358851
23409,2.913206092440534
23410,8.982099471401227
23411,6.154633064001205
23412,4.912559475780591
23413,7.988608524251053
23414,2.075514269094888
23415,7.181959214195315
23416,6.0284811307326365
23417,6.020479402981455
23418,6.4259542761525115
23419,3.611362826149191
23420,7.001982870623569
23421,3.8322663190142503
23422,6.9879243831697835
23423,7.302926151476124
23424,7.6469461208688525
23425,6.814586090524875
23426,7.6627624059641715
23427,9.054516811348694
23428,2.5800677763581277
23429,3.071348659543024
23430,7.34191745812541
23431,4.946279327663365
23432,7.471563679855749
23433,3.663400798210902
23434,5.534584928912889
23435,6.336769425620184
23436,8.003778693897623
23437,8.504266333588292
23438,4.242399843263625
23439,2.4262939750463275
23440,2.539633526150361
23441,4.427571883042422
23442,4.127027332418241
23443,5.603600460819843
23444,4.9496666995958565
23445,7.319577239455789
23446,7.14423131798679
23447,6.729785307686002
23448,3.829046638148239
23449,6.378726410960487
23450,7.359573758263206
23451,4.116962578918088
23452,7.106909924731495
23453,4.440113181766206
23454,8.242927622059463
23455,3.7362103906185564
23456,6.685777266382608
23457,6.622721680602106
23458,3.668243273951366
23459,2.2169760374648297
23460,3.771124333878227
23461,8.89332351513922
23462,7.409797134372422
23463,6.663552817418532
23464,7.351105489777589
23465,6.047234259751214
23466,8.330500976787038
23467,9.043602872405213
23468,5.5766659232321905
23469,4.931609725971848
23470,7.984690447273066
23471,4.953019789973087
23472,5.324331989655553
23473,8.403732566000132
23474,5.929446715443874
23475,4.335479336764899
23476,1.6601316384765363
23477,6.476926045629422
23478,6.714223030898403
23479,3.6401033454179985
23480,6.293894562307908
23481,4.104342195409243
23482,9.034807313315824
23483,5.762444866138052
23484,7.949677161921169
23485,7.521211355460112
23486,7.978336434345111
23487,6.6317155922611235
23488,8.679916277772481
23489,4.333222468798611
23490,4.073139560403785
23491,3.9154033792140877
23492,4.808012893488248
23493,8.195174667441176
23494,3.5469962602493603
23495,5.032954908305266
23496,7.056572273276494
23497,3.8982766205880184
23498,3.901575867780757
23499,5.6910721915989475
23500,2.7006134081714954
23501,7.3459565736523045
23502,9.849537833824867
23503,6.8927604061625685
23504,6.375770223445128
23505,8.08662245631272
23506,6.703275604639891
23507,6.326301896208796
23508,7.765775661201054
23509,9.774498586896922
23510,4.273959264235208
23511,6.712556723136147
23512,4.4636369435319
23513,4.811079532287923
23514,6.909080352519833
23515,2.7581969094872796
23516,8.353584062468052
23517,6.726147212321589
23518,5.081876096760203
23519,4.703826457017497
23520,6.265266334810414
23521,8.001207725194979
23522,7.075637779273027
23523,5.919319069138426
23524,6.1250807396931615
23525,3.72457779256308
23526,7.809158915454014
23527,1.730063276146204
23528,3.36594321020111
23529,8.659551777618864
23530,9.207018389224647
23531,4.116279946157144
23532,5.19974310600157
23533,7.042832721876904
23534,6.285400564525963
23535,5.666439979114066
23536,6.545432280199588
23537,1.752222813204309
23538,7.597856145994169
23539,2.0422338152849684
23540,4.470441479137446
23541,4.340323299575477
23542,2.898100685499465
23543,4.854095579676831
23544,4.660229065192301
23545,5.893661968600224
23546,3.321125395720087
23547,8.724011433278969
23548,6.126782554380287
23549,6.70221471414084
23550,6.792816750309322
23551,5.525902110257524
23552,5.407562562794807
23553,5.052193624990058
23554,2.8552675819086457
23555,5.682193218392108
23556,7.166529993778378
23557,7.4175800032427635
23558,4.36060511891818
23559,8.357082901095543
23560,6.590659030208033
23561,8.5640691126777
23562,5.738001172741891
23563,7.627602670613706
23564,4.520017057928965
23565,4.978640408705649
23566,5.636173366006922
23567,4.467738896883441
23568,5.803644399332983
23569,2.616235659696969
23570,7.132623508805671
23571,5.811733213845663
23572,4.6761047001862535
23573,4.349201873500906
23574,4.327881589383581
23575,4.832753940866643
23576,6.487301901733832
23577,6.943713895606403
23578,2.875333252832907
23579,6.912202879560815
23580,4.862516004159553
23581,4.40076049992532
23582,6.315191813964776
23583,5.74483058518946
23584,6.62884591108329
23585,5.132740145606158
23586,3.1246297373361975
23587,5.6049307761790415
23588,3.762977907161996
23589,5.00373366804046
23590,9.037510247500139
23591,6.376289445373586
23592,4.659931570048922
23593,4.809386451093821
23594,3.477817002604017
23595,6.86664823238242
23596,3.7900545074479743
23597,2.1728890995053645
23598,7.726005250226532
23599,3.3027551375632993
23600,3.0334432796388504
23601,7.375858075653747
23602,6.732823477782765
23603,5.700697929423894
23604,1.9206260151486827
23605,9.502162380121483
23606,4.318167777909624
23607,5.082479250863594
23608,7.557037651136578
23609,8.291821337981995
23610,2.076465391746839
23611,2.655594772135694
23612,3.58645400084689
23613,7.313557732528612
23614,6.699714532508538
23615,2.3687377129990916
23616,6.716224157996384
23617,6.698533196796695
23618,6.370428362862168
23619,2.2425810268079998
23620,5.028993238992449
23621,5.492724896670035
23622,6.784323324733045
23623,6.9004826184840455
23624,5.448108675891212
23625,9.117850435375027
23626,6.596124129572861
23627,7.241807297751793
23628,1.241908579650116
23629,8.750207039941513
23630,5.591777469713684
23631,7.386056513382099
23632,4.5233073513879125
23633,7.739270828507141
23634,6.294640360212014
23635,4.8128936195722645
23636,5.58208255512804
23637,5.611225575589495
23638,7.427047862635329
23639,9.071417019948504
23640,4.804372578642105
23641,8.456831706831338
23642,4.816725805220238
23643,4.735730907239824
23644,7.742396722979032
23645,7.006592570933892
23646,2.1421969524579643
23647,5.73904920379423
23648,6.0181304097763135
23649,5.604576316796761
23650,6.498847611454501
23651,7.341403692340327
23652,7.035770236605864
23653,5.534675992417982
23654,4.809625280646974
23655,6.994943405896068
23656,6.5750053305598835
23657,4.996679791542216
23658,5.995031949995197
23659,5.1076737390734435
23660,6.480651595926768
23661,6.834184203997459
23662,7.059286761504786
23663,5.189440037957989
23664,3.124579542431841
23665,7.142840751761321
23666,6.376799193842564
23667,8.47245795845224
23668,6.909055473671193
23669,6.948353238940494
23670,5.144216581158935
23671,5.920585861411799
23672,8.934009399311439
23673,7.128884655069373
23674,6.914188827580694
23675,4.73411589257644
23676,6.191485201337129
23677,7.924077060333752
23678,6.593931501761856
23679,10.0
23680,3.315202649298313
23681,5.939672962954425
23682,7.099622846815168
23683,5.83418827686672
23684,4.452412826437231
23685,4.656181439542532
23686,8.13233645541968
23687,4.959527337642337
23688,6.316940486106349
23689,6.718784885002576
23690,2.635503885894107
23691,6.350793208966615
23692,4.329270618737203
23693,9.609373646646164
23694,5.933483691605178
23695,2.3456846570811436
23696,3.7902016641696474
23697,8.260992065045636
23698,7.5240855260877115
23699,3.8228352076653267
23700,6.878017269581859
23701,4.743937923538572
23702,4.9347560347393
23703,7.928105297298035
23704,6.888519559124749
23705,7.640237331889178
23706,5.748440087554531
23707,7.1790115924359075
23708,6.023632529158521
23709,7.106692464771708
23710,5.328394169993817
23711,2.031433018300837
23712,6.317993519415427
23713,5.8419680230231865
23714,8.01632888895788
23715,2.659941855517409
23716,3.3212346190023876
23717,8.461427881974368
23718,5.319028376641153
23719,7.528554266696445
23720,5.719247857701734
23721,3.215415486246324
23722,1.6478348390221798
23723,5.518772990068698
23724,4.7650308345696155
23725,4.552087773182724
23726,6.085926432271841
23727,5.867350230946828
23728,6.961449483621058
23729,8.874413198006613
23730,1.5908236353867917
23731,3.9717583121848765
23732,5.88212002482268
23733,6.672941129081554
23734,8.669529364507309
23735,6.155139331243329
23736,3.3508362380719103
23737,7.55890736367735
23738,4.8249621910112825
23739,8.678829128494755
23740,8.92825002338931
23741,2.7041666544812775
23742,4.1050749948648155
23743,4.746473022309065
23744,7.442959962898522
23745,7.711693108415009
23746,2.600297232027064
23747,8.080574881741684
23748,7.587805688275214
23749,7.860823467130931
23750,4.700890455127661
23751,4.593732869973141
23752,5.950518031407258
23753,8.122090167703105
23754,6.6157249276046795
23755,7.22895909306938
23756,3.5472172471056838
23757,4.323702333774335
23758,4.59680308009864
23759,5.182692065755822
23760,7.781351271575461
23761,3.168016434089535
23762,5.246409699506712
23763,4.710602712142215
23764,7.919210990562259
23765,4.706325068850445
23766,2.0257522806806163
23767,6.72228390629818
23768,4.459343251934805
23769,5.044399736940905
23770,3.1792175652113968
23771,6.3382858938365665
23772,4.355068029135872
23773,9.557534933423712
23774,7.35047753546435
23775,7.43344496184244
23776,5.3365978926930255
23777,8.301656431014376
23778,5.616567042223102
23779,3.8878153357810943
23780,3.3222245904903502
23781,3.0990675189032633
23782,3.249727511185329
23783,7.175646298531868
23784,5.287696033056322
23785,6.704858849607317
23786,7.34928466256367
23787,8.209569993030518
23788,6.717131379027756
23789,6.701516303235122
23790,3.524389062642267
23791,3.095958711129422
23792,7.202567892264297
23793,6.288067294572163
23794,6.848847625929868
23795,3.6035877936715734
23796,5.634975538437737
23797,7.302321601201196
23798,5.8432932045593144
23799,7.656237477663574
23800,2.3442399047633162
23801,6.751712327629955
23802,6.40678035153117
23803,4.9104588189150915
23804,5.145440823755448
23805,6.556016015058147
23806,5.956143926092569
23807,7.406870670527666
23808,3.395172852409543
23809,1.3061191544928776
23810,3.6425684718100224
23811,4.812338658472867
23812,3.0640846026449777
23813,2.3388844257936308
23814,6.227256886933332
23815,5.793837284643542
23816,3.8272458410109134
23817,3.91268281397101
23818,5.873733536050608
23819,8.560742207445232
23820,8.78798962752915
23821,7.713098116857765
23822,5.363934014383647
23823,6.886647564814202
23824,7.782462308743175
23825,6.67547873566363
23826,6.118958759844075
23827,4.103800043671934
23828,7.757908090530733
23829,4.761697680866755
23830,6.849800936536832
23831,0.46641632315358555
23832,3.4246652067166186
23833,1.7861312479186016
23834,8.087086560550745
23835,2.672832420109459
23836,5.892324545227649
23837,5.396516123783836
23838,3.4995597743923286
23839,5.102039567383848
23840,2.5866385482852827
23841,4.916076686445505
23842,6.310213260007676
23843,7.323611990479441
23844,2.3179838995427895
23845,4.2759741086314556
23846,4.033340120396126
23847,8.85787638569736
23848,4.290698844438965
23849,7.5275367520306125
23850,7.511040264583113
23851,5.217563455081527
23852,6.91763358570032
23853,8.620931621338471
23854,3.6818864630463204
23855,7.028413731604449
23856,6.985122465169945
23857,6.052646412212035
23858,2.8535599448224036
23859,9.188622998783815
23860,5.176924398917638
23861,8.106937128849278
23862,7.2230703871073985
23863,8.48253971376466
23864,2.177576842034098
23865,6.953839653402195
23866,4.312080860494351
23867,4.281730266588268
23868,3.776584838847063
23869,5.831297892582174
23870,4.496852408743039
23871,10.0
23872,6.104224036058574
23873,4.4724660070444315
23874,4.110197044299295
23875,6.65158357055338
23876,9.297628474558179
23877,6.738370618821986
23878,7.538502649584339
23879,5.576617412213064
23880,6.368217606158456
23881,1.3134101275890961
23882,7.857993610924943
23883,2.305023825939055
23884,5.299849103931871
23885,4.324489728423981
23886,7.031268066727473
23887,6.696668603644408
23888,5.906150331934324
23889,4.753971884305846
23890,8.687683485862548
23891,6.626406379618662
23892,5.827658924363219
23893,6.055520118034596
23894,3.6998537073970725
23895,4.132246618605502
23896,4.054058334123271
23897,6.646084948112361
23898,7.234764350515376
23899,2.8481785062095097
23900,2.6845290267448507
23901,6.602929919189358
23902,5.2717953145183785
23903,6.699068761581032
23904,6.7440525019842275
23905,8.085593623666956
23906,7.484101465433885
23907,6.833040598257357
23908,3.4673520238252604
23909,6.993329840551686
23910,7.29548387584928
23911,6.11172164934127
23912,7.359882988009393
23913,6.212707711196859
23914,5.736955615853261
23915,8.339822480691083
23916,5.252640051383282
23917,2.894588034876543
23918,4.802265234127206
23919,4.617844726931261
23920,8.70416968846802
23921,7.700286278816086
23922,1.1861390794887408
23923,5.322397981610714
23924,6.87693304320994
23925,4.058297662705056
23926,6.478768915796186
23927,8.116028405205347
23928,1.2824639511518452
23929,5.095147721380679
23930,4.242142296838847
23931,3.303140062868146
23932,5.00986902921447
23933,6.265599195946372
23934,6.2777205752638725
23935,5.976306563942808
23936,4.115011624488584
23937,5.544957663430924
23938,4.687450833981888
23939,2.5049108643298217
23940,6.464007981894142
23941,5.147372907357275
23942,4.038432018451854
23943,8.334095536843451
23944,6.65533455374571
23945,5.784053835265344
23946,8.440477474706155
23947,5.481875983615396
23948,4.423856410255317
23949,5.316240263105196
23950,6.527125554267956
23951,5.523643190121018
23952,7.073009694396998
23953,5.210728439476615
23954,7.439205267981223
23955,2.131987531734334
23956,2.7247167441997275
23957,4.181200504542006
23958,8.263593750161224
23959,10.0
23960,5.2205168609461525
23961,6.3876088583664785
23962,5.156602067695041
23963,4.146859798269084
23964,6.183017006613564
23965,4.65989708002023
23966,1.7675410035863701
23967,6.564645917698077
23968,6.572968634265608
23969,5.652227481040361
23970,4.95766751664651
23971,6.91753195646332
23972,2.9510097551326
23973,7.43327211233936
23974,6.72328368355878
23975,8.579938306736492
23976,5.539930250852143
23977,8.104404474921019
23978,7.20801402543627
23979,8.110151789756424
23980,4.171335765967888
23981,8.5277752109143
23982,7.071186962539801
23983,5.062571200348951
23984,5.345294114027811
23985,8.050313704750254
23986,6.009231103835893
23987,7.1915363672476404
23988,6.297709416586851
23989,5.145339253643678
23990,4.302102442302416
23991,6.695989627855974
23992,4.2989352238418075
23993,8.67406488602791
23994,4.786168164066645
23995,6.139899108960835
23996,3.48767029308254
23997,3.7079746057278227
23998,5.326977984789333
23999,5.022172138721511
24000,3.238690764185788
