id,bilissel_performans_skoru
1,5.981784915924072
2,6.394165802001953
3,2.842897891998291
4,7.103512096405029
5,3.7454337596893312
6,5.292935848236084
7,3.437105894088745
8,7.380300521850586
9,3.7600561141967774
10,3.56534104347229
11,8.542723274230957
12,4.200736236572266
13,6.50264539718628
14,7.036254596710205
15,6.025394439697266
16,4.290076732635498
17,7.28878812789917
18,8.187728691101075
19,6.9624144554138185
20,4.740079879760742
21,4.379063892364502
22,7.285956573486328
23,2.677068853378296
24,5.311129474639893
25,7.277219772338867
26,6.568709182739258
27,7.1294482231140135
28,8.198458862304687
29,3.8956806659698486
30,7.85073766708374
31,7.029862594604492
32,6.6040746688842775
33,5.514977741241455
34,5.512341785430908
35,4.494981098175049
36,5.475800514221191
37,5.033921432495117
38,6.111662483215332
39,7.394700050354004
40,8.189191818237305
41,6.432776355743409
42,5.851871681213379
43,6.944551467895508
44,5.499408912658692
45,8.769710540771484
46,1.5417511940002442
47,5.201282501220703
48,6.761502075195312
49,4.945526027679444
50,7.803167343139648
51,7.181856155395508
52,3.1342175960540772
53,6.884918975830078
54,7.508316326141357
55,4.414293384552002
56,5.698557567596436
57,2.4404869556427
58,3.6493921279907227
59,4.507834434509277
60,4.321714591979981
61,8.844156646728516
62,8.554376602172852
63,7.600669097900391
64,5.391369819641113
65,4.716540718078614
66,6.118055534362793
67,4.941436672210694
68,5.489944934844971
69,7.632414150238037
70,3.157525062561035
71,4.5265453338623045
72,8.366340827941894
73,8.426255798339843
74,5.946426582336426
75,2.869462585449219
76,7.478527164459228
77,4.6041178703308105
78,3.792771100997925
79,8.902259254455567
80,5.939284420013427
81,3.9038228511810305
82,4.772419071197509
83,6.070909118652343
84,7.367056560516358
85,5.715604972839356
86,7.222008228302002
87,7.4350334167480465
88,7.672699737548828
89,2.985373306274414
90,8.46166114807129
91,4.231735515594482
92,2.7393003940582275
93,5.835504150390625
94,7.80111083984375
95,5.751627635955811
96,7.580454921722412
97,4.8217698097229
98,3.9513103008270263
99,6.155387592315674
100,8.706113815307617
101,5.187686634063721
102,6.02576322555542
103,5.438394260406494
104,3.759614181518555
105,6.113047790527344
106,5.578172779083252
107,7.99155330657959
108,8.784701728820801
109,7.820277309417724
110,7.830635356903076
111,4.15170841217041
112,2.91794171333313
113,6.951644229888916
114,5.705591869354248
115,7.08344669342041
116,8.199468612670898
117,7.9330462455749515
118,7.458357334136963
119,8.567571258544922
120,3.441844081878662
121,1.4411004066467286
122,6.276071357727051
123,7.20684700012207
124,3.7207489967346192
125,3.4615071773529054
126,8.168290424346925
127,4.351209259033203
128,7.180848598480225
129,4.7434721946716305
130,8.38140697479248
131,5.733702373504639
132,5.520302963256836
133,4.809476757049561
134,6.745790576934814
135,7.213676071166992
136,7.374679660797119
137,7.383027744293213
138,6.538730621337891
139,4.662337112426758
140,6.492011260986328
141,7.358302402496338
142,4.9853898048400875
143,3.6064785957336425
144,4.779813480377197
145,5.978165817260742
146,8.214127922058106
147,6.194382572174073
148,8.109491729736328
149,3.5730525970458986
150,6.896028137207031
151,7.970467376708984
152,2.4130609035491943
153,4.952941417694092
154,7.869699287414551
155,5.943856716156006
156,8.705670738220215
157,4.409927845001221
158,4.881730079650879
159,4.786710548400879
160,4.519026279449463
161,4.529125022888183
162,6.205792045593261
163,4.611096286773682
164,4.072682666778564
165,8.569835090637207
166,5.79360933303833
167,8.340576553344727
168,4.092815017700195
169,7.871217823028564
170,7.649906253814697
171,6.834443378448486
172,7.77940149307251
173,3.230010986328125
174,4.896249008178711
175,7.989000129699707
176,6.020102310180664
177,6.413750267028808
178,5.8658116340637205
179,1.7367834806442262
180,6.23473596572876
181,3.563674306869507
182,3.245038890838623
183,3.8848658084869383
184,4.113562393188476
185,9.31530704498291
186,6.025487995147705
187,4.590131378173828
188,9.222128868103027
189,5.78996057510376
190,6.252591609954834
191,4.368565940856934
192,2.823574590682983
193,5.535379314422608
194,3.878079652786255
195,9.178059387207032
196,8.251571464538575
197,6.569229316711426
198,7.351562595367431
199,6.883228588104248
200,2.8960299491882324
201,8.94285774230957
202,6.786551856994629
203,5.420000648498535
204,4.5241455078125
205,8.492260551452636
206,6.006370544433594
207,6.586117172241211
208,3.7921008110046386
209,6.25173978805542
210,6.528625965118408
211,4.696105670928955
212,8.300138664245605
213,2.9479782581329346
214,5.3449958801269535
215,6.269328975677491
216,9.287888526916504
217,8.240374946594239
218,4.5207275390625
219,5.598358058929444
220,5.118625450134277
221,0.7866621255874634
222,5.357644748687744
223,2.65694055557251
224,8.326914596557618
225,5.924889945983887
226,8.365169525146484
227,7.619105625152588
228,5.304072570800781
229,3.7293259143829345
230,2.760435438156128
231,7.4497864723205565
232,7.408462810516357
233,3.8528176307678224
234,1.2811331510543824
235,6.511680030822754
236,5.51132116317749
237,6.901216888427735
238,5.7505415916442875
239,7.55449161529541
240,4.024091529846191
241,8.9582124710083
242,6.621664905548096
243,4.489059066772461
244,4.5973810195922855
245,4.099915504455566
246,1.6680609226226806
247,7.5629535675048825
248,6.271533966064453
249,6.913621139526367
250,8.481324386596679
251,6.605828475952149
252,6.803921794891357
253,7.133658123016358
254,5.479928874969483
255,2.2791443824768067
256,8.77333469390869
257,4.323768615722656
258,4.78356409072876
259,6.432903194427491
260,6.380823802947998
261,2.029940629005432
262,5.5659502983093265
263,6.131706428527832
264,4.7260692596435545
265,4.654084587097168
266,6.343944358825683
267,4.046303653717041
268,8.937671661376953
269,7.448915004730225
270,2.123673439025879
271,4.841757678985596
272,9.664944267272949
273,3.65848445892334
274,5.749111366271973
275,9.1668270111084
276,6.166162109375
277,9.372572326660157
278,5.366799545288086
279,4.002153635025024
280,2.08664333820343
281,5.139066123962403
282,8.652968597412109
283,6.218584156036377
284,6.15516242980957
285,7.584448146820068
286,3.397135543823242
287,3.304017496109009
288,8.18480567932129
289,3.6926997661590577
290,4.333175849914551
291,3.167976140975952
292,4.000487518310547
293,5.465572166442871
294,8.92238712310791
295,7.151199913024902
296,4.848924827575684
297,6.248438167572021
298,7.681610488891602
299,4.775697517395019
300,4.474842929840088
301,8.775586128234863
302,3.2751800060272216
303,7.3946808815002445
304,3.5951091289520263
305,8.891907501220704
306,8.04105749130249
307,6.868605422973633
308,4.984720039367676
309,5.145165061950683
310,4.421115303039551
311,5.68792085647583
312,5.3208307266235355
313,9.26683692932129
314,7.157986068725586
315,5.638414669036865
316,5.776039409637451
317,2.2737597465515136
318,5.447484493255615
319,5.101115131378174
320,3.8722373962402346
321,5.505385303497315
322,5.392351055145264
323,3.57745099067688
324,5.005433559417725
325,7.64687147140503
326,7.4569189071655275
327,6.691824340820313
328,7.090342807769775
329,3.7109617233276366
330,8.962917900085449
331,9.135560226440429
332,6.824754428863526
333,4.72355899810791
334,8.65608024597168
335,6.708975315093994
336,6.088871574401855
337,5.4264678955078125
338,7.599535179138184
339,5.06171932220459
340,7.082077693939209
341,3.866112232208252
342,2.3359142303466798
343,6.808157444000244
344,4.509947204589844
345,5.561454391479492
346,5.951207256317138
347,5.7442466735839846
348,6.269970893859863
349,4.3238836288452145
350,4.184297180175781
351,6.397899913787842
352,4.136179876327515
353,7.155880069732666
354,6.328978824615478
355,3.3331299781799317
356,5.460216903686524
357,6.57215518951416
358,5.474593830108643
359,3.2015673160552978
360,8.44779052734375
361,6.776554679870605
362,5.505432987213135
363,1.4550018787384034
364,2.9918142318725587
365,6.767556858062744
366,5.496497726440429
367,3.693544340133667
368,7.111664485931397
369,6.593214607238769
370,3.8192447662353515
371,8.403205680847169
372,6.348889350891113
373,6.727695941925049
374,3.965047597885132
375,6.162387847900391
376,7.679261016845703
377,6.13778018951416
378,8.22599811553955
379,6.565571880340576
380,8.591307258605957
381,8.677593612670899
382,3.3933740139007567
383,3.8440279960632324
384,6.765642833709717
385,7.915196323394776
386,6.6689859390258786
387,9.191459465026856
388,7.703525829315185
389,9.733338546752929
390,6.327902603149414
391,5.392579078674316
392,3.8985612869262694
393,3.9531061172485353
394,8.754896545410157
395,5.232469177246093
396,5.479257678985595
397,5.887872982025146
398,0.5857727289199829
399,8.609930229187011
400,6.985967636108398
401,7.553661632537842
402,3.349365568161011
403,4.25594129562378
404,6.937296962738037
405,7.889935398101807
406,4.010727977752685
407,5.649944877624511
408,5.666726875305176
409,6.045898342132569
410,5.310124397277832
411,4.66443567276001
412,6.7982643127441404
413,5.4369306564331055
414,6.4845788955688475
415,4.969929790496826
416,4.918751430511475
417,5.175636196136475
418,6.127932929992676
419,5.966991329193116
420,3.114250373840332
421,4.007255125045776
422,6.619745922088623
423,4.772989273071289
424,3.1893711566925047
425,6.266564273834229
426,5.110469245910645
427,3.6193023681640626
428,4.05683069229126
429,6.259804630279541
430,5.98477144241333
431,7.547439765930176
432,6.540080451965332
433,7.590517234802246
434,4.337034511566162
435,4.900182723999023
436,4.23433666229248
437,6.196577262878418
438,7.311880493164063
439,4.083379936218262
440,7.780689239501953
441,7.924029541015625
442,2.7318076610565187
443,6.34017505645752
444,5.37228946685791
445,2.1793594360351562
446,3.7360572814941406
447,8.134475708007812
448,2.4489312171936035
449,8.736870384216308
450,6.098736572265625
451,7.858568000793457
452,6.931283855438233
453,8.60315818786621
454,5.154157543182373
455,4.399812412261963
456,7.575282287597656
457,5.0330768585205075
458,4.823063373565674
459,6.333801364898681
460,6.611222553253174
461,3.980660915374756
462,7.285953235626221
463,8.95883674621582
464,5.135151481628418
465,5.611758613586426
466,8.26296329498291
467,6.565820407867432
468,5.243425369262695
469,5.154850959777832
470,6.5263245582580565
471,5.785238361358642
472,7.0072376251220705
473,8.481999397277832
474,4.007151031494141
475,4.51450834274292
476,4.941003704071045
477,7.390883350372315
478,6.511866092681885
479,8.05664882659912
480,4.669894886016846
481,6.531948375701904
482,8.308705902099609
483,4.448115062713623
484,5.822914791107178
485,7.653878974914551
486,7.361692810058594
487,2.2506078720092773
488,6.423065090179444
489,6.514410209655762
490,5.8630626678466795
491,9.959309959411621
492,2.958828020095825
493,6.342514133453369
494,0.3910301923751831
495,6.449168395996094
496,6.904411697387696
497,6.862077236175537
498,7.584696865081787
499,3.77545166015625
500,6.548037147521972
501,4.9158172607421875
502,4.6833113670349125
503,8.683377647399903
504,5.075852012634277
505,3.545035409927368
506,5.163876152038574
507,7.554401302337647
508,6.467209529876709
509,8.28248462677002
510,2.4511101245880127
511,8.318313026428223
512,6.571688175201416
513,4.549145126342774
514,7.2109297752380375
515,5.170688152313232
516,8.85344123840332
517,4.7652629852294925
518,6.426664638519287
519,3.8509467124938963
520,3.661306095123291
521,7.9084419250488285
522,5.726455974578857
523,1.400222110748291
524,9.388894653320312
525,7.260924816131592
526,4.638365364074707
527,4.611728000640869
528,3.5520395278930663
529,7.853000259399414
530,7.54913101196289
531,6.302392292022705
532,2.294302558898926
533,9.049664878845215
534,8.706163215637208
535,6.6120750427246096
536,6.094219112396241
537,6.881211280822754
538,8.753029441833496
539,2.5540589809417726
540,4.380220699310303
541,5.469636058807373
542,6.941248607635498
543,8.262270736694337
544,6.8408026695251465
545,9.606157493591308
546,4.603260612487793
547,4.526286983489991
548,7.427928638458252
549,6.360045337677002
550,7.178922080993653
551,4.46626033782959
552,7.27203140258789
553,8.957281684875488
554,6.741822242736816
555,6.58422441482544
556,8.13496379852295
557,5.614515209197998
558,5.60023078918457
559,4.536159515380859
560,3.001172161102295
561,8.808010292053222
562,7.898456382751465
563,6.054965877532959
564,6.217221641540528
565,4.7768762588500975
566,2.8792224884033204
567,7.3569666862487795
568,6.5716300964355465
569,4.440948009490967
570,8.446949768066407
571,6.309610652923584
572,8.734576225280762
573,4.715774440765381
574,8.77192554473877
575,5.904208564758301
576,5.219582271575928
577,7.6358061790466305
578,4.4485015869140625
579,6.711277675628662
580,6.101974868774414
581,7.1714277267456055
582,4.049840879440308
583,5.15347146987915
584,4.541415119171143
585,6.5774658203125
586,6.0277430534362795
587,4.681608390808106
588,5.753198146820068
589,5.669257164001465
590,7.247318744659424
591,3.959997463226318
592,3.1991722106933596
593,7.279163932800293
594,5.919521808624268
595,6.071782779693604
596,9.800268936157227
597,5.604214191436768
598,3.2410338878631593
599,6.698022842407227
600,7.927020454406739
601,7.824687480926514
602,4.43097333908081
603,5.391434192657471
604,1.8257849216461182
605,1.646693515777588
606,8.464842414855957
607,6.562146759033203
608,5.389990901947021
609,5.596674919128418
610,5.9574079513549805
611,5.2367040634155275
612,4.830386066436768
613,6.813339614868164
614,3.8829984188079836
615,6.583081436157227
616,8.24759750366211
617,7.154687023162841
618,8.360202026367187
619,1.927795672416687
620,5.868135547637939
621,4.709514904022217
622,4.810210227966309
623,2.1385177612304687
624,7.833878993988037
625,5.53429479598999
626,4.930392265319824
627,6.28009262084961
628,4.769939327239991
629,5.456418037414551
630,5.297748851776123
631,6.603004074096679
632,4.058714246749878
633,8.626861953735352
634,5.850372219085694
635,2.5604745388031005
636,4.854926681518554
637,7.978471183776856
638,5.189836502075195
639,4.650087833404541
640,5.830303764343261
641,3.3459543704986574
642,8.819938850402831
643,3.663234806060791
644,6.052461433410644
645,5.196421432495117
646,4.379855537414551
647,9.563817405700684
648,6.468754291534424
649,7.340890026092529
650,3.011087417602539
651,9.836577796936036
652,5.845691585540772
653,4.558365535736084
654,5.008661079406738
655,6.79981107711792
656,5.440724277496338
657,7.415170478820801
658,7.9680558204650875
659,7.017570209503174
660,3.7814128398895264
661,3.3917078495025637
662,7.014174270629883
663,7.514564037322998
664,7.364356899261475
665,4.9264250755310055
666,9.009517288208007
667,4.367018699645996
668,6.395308113098144
669,6.522268581390381
670,8.238779640197754
671,5.230965900421142
672,7.116857719421387
673,5.365167808532715
674,8.230508422851562
675,7.14124641418457
676,8.088044834136962
677,5.646987438201904
678,8.03660535812378
679,4.045909023284912
680,8.298532295227051
681,2.526781129837036
682,5.52593584060669
683,3.4757734298706056
684,8.646586990356445
685,3.698026514053345
686,6.733547019958496
687,5.440939712524414
688,6.387895011901856
689,8.74637336730957
690,6.533053684234619
691,6.688119697570801
692,5.677544784545899
693,5.309030246734619
694,5.00757417678833
695,8.366253852844238
696,5.708860397338867
697,7.134756278991699
698,6.373808574676514
699,2.375456953048706
700,3.4946269512176515
701,8.353905296325683
702,4.542525386810302
703,4.26945858001709
704,2.3513121128082277
705,6.672959041595459
706,7.883508205413818
707,3.3158719062805178
708,7.158068466186523
709,7.65712423324585
710,3.608580493927002
711,7.848125362396241
712,8.017377376556396
713,9.297862815856934
714,6.634990882873535
715,4.009350061416626
716,2.3787081718444822
717,3.8715819835662844
718,6.551031684875488
719,5.051945400238037
720,6.146413421630859
721,6.132109069824219
722,5.878441619873047
723,8.031937599182129
724,9.814481353759765
725,3.4147026538848877
726,6.090379333496093
727,6.950769996643066
728,6.333592796325684
729,6.180618572235107
730,4.751044654846192
731,8.298523712158204
732,9.400802993774414
733,3.988291025161743
734,2.422620439529419
735,7.745204162597656
736,7.532270050048828
737,5.534930896759033
738,4.920972537994385
739,4.762655639648438
740,4.583188152313232
741,5.555484485626221
742,7.794772148132324
743,7.373047733306885
744,7.510004043579102
745,4.623507881164551
746,2.712182331085205
747,8.899444389343262
748,5.509437370300293
749,8.134248161315918
750,6.304683685302734
751,4.250296211242675
752,7.822629833221436
753,7.441575813293457
754,4.841467952728271
755,6.545588111877441
756,8.170955848693847
757,4.262844753265381
758,2.9028947830200194
759,4.121184062957764
760,7.99655704498291
761,5.308975124359131
762,6.394904708862304
763,5.456241607666016
764,6.902461433410645
765,9.25261173248291
766,8.463678550720214
767,8.4246187210083
768,3.388692569732666
769,0.8598627090454102
770,7.274010753631591
771,6.4004895210266115
772,4.97238826751709
773,6.435277462005615
774,7.124403285980224
775,5.1808045387268065
776,6.978448867797852
777,5.439376640319824
778,4.5086627960205075
779,5.762668037414551
780,4.456720924377441
781,7.109899044036865
782,7.611614799499511
783,8.762379455566407
784,4.157279777526855
785,7.424342918395996
786,6.051788806915283
787,5.1413298606872555
788,6.995683860778809
789,4.356207942962646
790,7.314951801300049
791,5.696196174621582
792,5.885452461242676
793,7.97896671295166
794,8.332580375671387
795,5.892449569702149
796,4.975611686706543
797,5.17285385131836
798,2.6406721591949465
799,7.20954999923706
800,6.012037658691407
801,5.1527907371521
802,6.64762601852417
803,6.7118183135986325
804,6.266132068634033
805,5.929404544830322
806,4.782607746124268
807,8.08059720993042
808,3.21028733253479
809,6.423813724517823
810,5.246282863616943
811,8.598918914794922
812,9.065677833557128
813,5.68045015335083
814,7.227351570129395
815,3.136305093765259
816,5.802646350860596
817,4.190018367767334
818,2.2209856033325197
819,5.237567329406739
820,5.1136674880981445
821,7.2397102355957035
822,5.605036067962646
823,5.781888008117676
824,5.409203243255615
825,2.966865301132202
826,5.596982192993164
827,5.030869770050049
828,7.147799301147461
829,5.335534763336182
830,4.464525127410889
831,5.341414451599121
832,7.729714012145996
833,5.252686405181885
834,5.845026111602783
835,8.950442504882812
836,3.4814319133758547
837,6.923545551300049
838,4.642851161956787
839,6.9826994895935055
840,6.58369550704956
841,8.326948928833009
842,8.22133140563965
843,7.181258964538574
844,7.403341388702392
845,4.126761245727539
846,5.24459810256958
847,5.423281860351563
848,7.49179162979126
849,3.3622143268585205
850,3.316276264190674
851,8.143892860412597
852,7.33041296005249
853,6.152413749694825
854,7.556097888946534
855,9.914124488830566
856,3.6902797698974608
857,2.4842864990234377
858,3.189926815032959
859,5.461969184875488
860,8.1772216796875
861,7.000273895263672
862,6.217871284484863
863,6.0052821159362795
864,6.5523216247558596
865,5.049831295013428
866,8.925178146362304
867,4.140813159942627
868,4.221466064453125
869,2.749949836730957
870,6.272074031829834
871,6.800431632995606
872,6.660196781158447
873,7.605749320983887
874,4.063016891479492
875,9.54508285522461
876,4.128294849395752
877,7.475455570220947
878,4.710786628723144
879,7.799563217163086
880,7.173409366607666
881,6.647182464599609
882,7.753161907196045
883,4.875751113891601
884,7.878686904907227
885,3.6214590072631836
886,2.4118834495544434
887,2.8415252208709716
888,3.8790170192718505
889,5.254855823516846
890,7.896620082855224
891,6.533593940734863
892,7.125223159790039
893,5.716463375091553
894,6.771290302276611
895,6.3422730445861815
896,3.987168312072754
897,4.837902069091797
898,4.977357292175293
899,8.400699806213378
900,8.757024192810059
901,6.907786655426025
902,4.437837791442871
903,9.46950855255127
904,1.1567243218421936
905,4.80043306350708
906,7.848488712310791
907,7.695392036437989
908,3.971744918823242
909,3.940714645385742
910,7.08456449508667
911,2.6735276222229003
912,9.584510803222656
913,7.242342376708985
914,5.658761215209961
915,5.464745998382568
916,3.4750916957855225
917,5.718780422210694
918,7.074291610717774
919,4.89963960647583
920,6.333417129516602
921,7.301688575744629
922,7.084626197814941
923,7.040757274627685
924,5.084216785430908
925,8.364420318603516
926,8.209346771240234
927,7.806106090545654
928,5.955613899230957
929,8.512986183166504
930,5.5948528289794925
931,9.704461860656739
932,7.4197509765625
933,4.0171609878540036
934,3.187852716445923
935,3.057376766204834
936,2.8619746208190917
937,8.030112075805665
938,6.8720703125
939,7.088304328918457
940,3.644727849960327
941,6.736575317382813
942,2.2163320064544676
943,9.4076904296875
944,6.178332424163818
945,7.904720401763916
946,7.519640636444092
947,7.914174938201905
948,9.689747428894043
949,6.223814296722412
950,7.0778779029846195
951,4.926553058624267
952,4.536343097686768
953,5.547199249267578
954,4.040166521072388
955,6.072785377502441
956,6.7091316223144535
957,4.359409046173096
958,2.634951591491699
959,3.7505259037017824
960,4.263644599914551
961,7.6536633491516115
962,8.363543510437012
963,4.3485157012939455
964,7.871292495727539
965,2.7890220642089845
966,6.46510648727417
967,3.90153546333313
968,5.170914649963379
969,5.483049964904785
970,4.325067138671875
971,5.435496139526367
972,6.280078506469726
973,7.1979554176330565
974,4.299488353729248
975,6.882724189758301
976,5.116821193695069
977,4.915882682800293
978,8.346385955810547
979,5.543557929992676
980,5.2687067031860355
981,7.757577896118164
982,8.890375328063964
983,9.33932704925537
984,6.299826717376709
985,1.633350658416748
986,8.10675926208496
987,8.491756439208984
988,1.6139599561691285
989,4.321031188964843
990,4.956811237335205
991,5.398197841644287
992,4.140107917785644
993,6.488547611236572
994,4.566272449493408
995,6.85760612487793
996,4.612756252288818
997,8.105223846435546
998,3.8472615242004395
999,4.669892406463623
1000,5.98975248336792
1001,5.130245304107666
1002,7.518222332000732
1003,6.9009888648986815
1004,7.738844299316407
1005,4.895905590057373
1006,4.253830051422119
1007,5.770368194580078
1008,7.36469669342041
1009,5.181861782073975
1010,6.319491577148438
1011,5.7538715362548825
1012,7.481937122344971
1013,5.96456995010376
1014,6.612775039672852
1015,7.564327049255371
1016,8.69176025390625
1017,8.13055648803711
1018,9.542337799072266
1019,6.422225761413574
1020,4.875102138519287
1021,3.7617233276367186
1022,4.447582149505616
1023,6.810962295532226
1024,5.075537300109863
1025,6.415186786651612
1026,7.643372917175293
1027,6.818547344207763
1028,5.398421669006348
1029,3.1303000450134277
1030,5.564796066284179
1031,8.040283298492431
1032,7.682055282592773
1033,8.39225902557373
1034,8.093766117095948
1035,6.809411525726318
1036,4.874516105651855
1037,7.834125423431397
1038,5.3291949272155765
1039,8.186063957214355
1040,7.727225589752197
1041,6.0856578826904295
1042,5.562832832336426
1043,6.559224605560303
1044,8.513075637817384
1045,5.889776134490967
1046,5.28752498626709
1047,6.413845348358154
1048,3.649849843978882
1049,4.437703227996826
1050,6.952712059020996
1051,8.55268726348877
1052,6.3280463218688965
1053,3.5416808128356934
1054,6.071682071685791
1055,3.2165298461914062
1056,4.260160064697265
1057,2.794078826904297
1058,7.881079006195068
1059,6.479035377502441
1060,5.0124695777893065
1061,9.2871524810791
1062,7.13709077835083
1063,4.987722110748291
1064,6.153145885467529
1065,5.086447429656983
1066,5.58457088470459
1067,8.269882583618164
1068,7.68259449005127
1069,8.705380058288574
1070,6.236146450042725
1071,9.601495170593262
1072,7.194620895385742
1073,5.885181903839111
1074,9.222370910644532
1075,7.711084842681885
1076,4.409892654418945
1077,5.593367195129394
1078,7.294073677062988
1079,3.8071248054504396
1080,4.456101989746093
1081,10.0
1082,6.797321128845215
1083,5.187008476257324
1084,3.4997291564941406
1085,5.065435600280762
1086,4.133993911743164
1087,4.007248020172119
1088,2.690517807006836
1089,2.549210262298584
1090,7.818292236328125
1091,3.638652801513672
1092,5.4102376937866214
1093,6.595249176025391
1094,6.626233196258545
1095,6.071329975128174
1096,9.18506031036377
1097,5.741877555847168
1098,5.105210208892823
1099,5.962840366363525
1100,5.294897556304932
1101,5.628124332427978
1102,7.26760196685791
1103,4.019410800933838
1104,5.176166534423828
1105,5.774824047088623
1106,5.403279209136963
1107,8.352635955810547
1108,5.593948459625244
1109,8.279608535766602
1110,4.486187839508057
1111,3.7618421077728272
1112,4.332237815856933
1113,6.835239219665527
1114,2.8701290130615233
1115,4.818498992919922
1116,2.020377016067505
1117,6.115517711639404
1118,5.990761089324951
1119,9.651965141296387
1120,8.525779151916504
1121,8.590568351745606
1122,6.713418960571289
1123,6.836522769927979
1124,5.5833464622497555
1125,3.4831058025360107
1126,5.573876857757568
1127,2.6562926292419435
1128,7.989362812042236
1129,3.1662428855895994
1130,5.96025857925415
1131,3.2112071037292482
1132,6.694225788116455
1133,6.462527179718018
1134,3.180090856552124
1135,5.556578063964844
1136,7.488210773468017
1137,3.912702941894531
1138,4.197866344451905
1139,6.798614406585694
1140,7.1577543258667
1141,5.140516853332519
1142,2.6736539363861085
1143,7.767344570159912
1144,4.380493450164795
1145,2.2836918115615843
1146,8.331144332885742
1147,1.8354859352111816
1148,3.442111587524414
1149,5.349618434906006
1150,5.959428215026856
1151,7.7307209968566895
1152,6.4239452362060545
1153,5.22575798034668
1154,3.846103572845459
1155,4.916840553283691
1156,5.092891693115234
1157,4.702356147766113
1158,3.6113870620727537
1159,3.4245200634002684
1160,6.45834493637085
1161,6.603299713134765
1162,7.345417594909668
1163,7.266574096679688
1164,4.9850438117980955
1165,7.645288181304932
1166,6.96653184890747
1167,6.898504161834717
1168,6.265899181365967
1169,5.753771781921387
1170,5.808459186553955
1171,5.133574485778809
1172,6.753221035003662
1173,3.7976733207702638
1174,6.802954292297363
1175,3.76566219329834
1176,4.000167655944824
1177,4.619713592529297
1178,6.1177599906921385
1179,6.886119365692139
1180,3.2281402111053468
1181,5.500528812408447
1182,9.671796989440917
1183,3.3025702476501464
1184,4.038140392303466
1185,7.268712902069092
1186,5.1545875549316404
1187,4.558920669555664
1188,7.735128784179688
1189,4.687627124786377
1190,7.06608829498291
1191,3.5248032093048094
1192,5.041601943969726
1193,3.911493110656738
1194,7.560964107513428
1195,4.112156200408935
1196,2.3356125831604
1197,7.894816589355469
1198,4.71397819519043
1199,6.427346801757812
1200,3.034790849685669
1201,6.141537189483643
1202,8.568556594848634
1203,5.3087259292602536
1204,7.431948947906494
1205,4.990909004211426
1206,5.584324359893799
1207,4.160730266571045
1208,6.117114162445068
1209,8.080695152282715
1210,6.412355041503906
1211,7.603883171081543
1212,5.984042358398438
1213,8.904102897644043
1214,7.169284152984619
1215,5.566956520080566
1216,4.170872926712036
1217,7.299736022949219
1218,3.3109585285186767
1219,4.548121643066406
1220,7.7180994033813475
1221,5.939573955535889
1222,7.1523768424987795
1223,4.91276273727417
1224,5.164311504364013
1225,7.320582294464112
1226,8.659905433654785
1227,7.085429668426514
1228,3.641811418533325
1229,6.930536556243896
1230,6.90038833618164
1231,9.963080406188965
1232,6.4861797332763675
1233,7.9678881645202635
1234,6.471963214874267
1235,6.662463188171387
1236,8.286104011535645
1237,3.4260844230651855
1238,7.818073463439942
1239,3.7058948993682863
1240,7.699105453491211
1241,5.664126873016357
1242,6.023927211761475
1243,2.763205909729004
1244,6.729842185974121
1245,4.656322383880616
1246,5.614429092407226
1247,5.468010807037354
1248,4.647143268585205
1249,6.437333583831787
1250,4.874688148498535
1251,8.536244201660157
1252,5.693813133239746
1253,9.136063957214356
1254,3.6556692600250242
1255,5.232626342773438
1256,6.6690410614013675
1257,5.606046581268311
1258,4.47360668182373
1259,6.497094058990479
1260,6.007502269744873
1261,8.878924942016601
1262,8.067492294311524
1263,5.927872562408448
1264,8.195710563659668
1265,6.888491439819336
1266,7.279071235656739
1267,9.306329727172852
1268,8.070359325408935
1269,7.338705062866211
1270,9.568658447265625
1271,6.164808082580566
1272,4.722511863708496
1273,5.246034622192383
1274,7.266170597076416
1275,7.741417598724365
1276,5.470773696899414
1277,1.1036738634109498
1278,5.494761276245117
1279,4.016775226593017
1280,5.660862159729004
1281,4.698452758789062
1282,6.123383522033691
1283,3.262296772003174
1284,6.20834379196167
1285,6.159648609161377
1286,2.3978747367858886
1287,4.945567798614502
1288,6.107237243652344
1289,7.892531490325927
1290,3.122582197189331
1291,8.229664421081543
1292,5.561113929748535
1293,4.877822017669677
1294,3.397789478302002
1295,7.062112617492676
1296,8.254681587219238
1297,4.4787548065185545
1298,2.40200514793396
1299,2.6629491806030274
1300,7.681422996520996
1301,7.1812972068786625
1302,6.086379337310791
1303,6.602298069000244
1304,4.161513805389404
1305,6.930481052398681
1306,3.8680397987365724
1307,5.376465129852295
1308,6.0029278755187985
1309,5.80697021484375
1310,5.046554183959961
1311,1.6274782419204712
1312,6.90890474319458
1313,5.403168869018555
1314,7.54490098953247
1315,2.4605767726898193
1316,8.704479026794434
1317,1.940424346923828
1318,2.6556259632110595
1319,1.7610896587371827
1320,7.674955177307129
1321,3.8982314109802245
1322,5.068899250030517
1323,6.157969188690186
1324,5.8071037292480465
1325,8.614837265014648
1326,8.61296558380127
1327,5.318149089813232
1328,2.4691926002502442
1329,6.780759716033936
1330,5.563306713104248
1331,7.165284442901611
1332,8.256171035766602
1333,7.584446811676026
1334,5.928515434265137
1335,4.883528041839599
1336,5.668495178222656
1337,3.1268418788909913
1338,4.754557800292969
1339,6.546417140960694
1340,6.45904130935669
1341,6.101890563964844
1342,7.402428722381591
1343,4.6571601867675785
1344,6.318998622894287
1345,3.460557985305786
1346,5.2814023971557615
1347,6.9579291343688965
1348,3.903530788421631
1349,7.000634765625
1350,6.934747982025146
1351,4.1421074867248535
1352,6.587291526794433
1353,4.767934322357178
1354,6.89660062789917
1355,7.169698905944824
1356,4.551156520843506
1357,5.719568061828613
1358,7.648730373382568
1359,5.718929195404053
1360,4.867606067657471
1361,8.491018104553223
1362,8.715147018432617
1363,4.031816911697388
1364,7.0157757759094235
1365,4.140977096557617
1366,5.350229167938233
1367,9.773345947265625
1368,5.717991065979004
1369,7.649405574798584
1370,5.077492618560791
1371,7.507737922668457
1372,4.905959129333496
1373,7.37795057296753
1374,4.548088264465332
1375,7.072837448120117
1376,7.2441709518432615
1377,5.595092296600342
1378,5.829690074920654
1379,5.941544246673584
1380,5.50045337677002
1381,1.9922261714935303
1382,9.207819747924805
1383,3.320244789123535
1384,7.3291033744812015
1385,7.935021781921387
1386,5.495957946777343
1387,5.373661518096924
1388,6.629007148742676
1389,6.450424003601074
1390,4.498661613464355
1391,4.799237442016602
1392,3.821841859817505
1393,6.388833618164062
1394,5.001607894897461
1395,4.878371047973633
1396,7.040659046173095
1397,7.273158359527588
1398,7.509964084625244
1399,5.064459419250488
1400,3.8898435115814207
1401,4.878949737548828
1402,7.839693927764893
1403,7.588030624389648
1404,5.0101926803588865
1405,6.223360633850097
1406,5.119179630279541
1407,3.0099578380584715
1408,5.1590574264526365
1409,6.3253686904907225
1410,5.723120975494385
1411,8.39701442718506
1412,5.223495578765869
1413,6.701702404022217
1414,8.307932567596435
1415,9.168894195556641
1416,4.494449424743652
1417,1.5465148448944093
1418,6.203724575042725
1419,6.239317512512207
1420,2.7487677574157714
1421,7.7383856773376465
1422,9.011039543151856
1423,7.052364826202393
1424,7.652853775024414
1425,9.238066673278809
1426,7.94369068145752
1427,1.6833370685577393
1428,2.6444210052490233
1429,4.974046421051026
1430,2.941316604614258
1431,7.003499126434326
1432,4.738398551940918
1433,7.954713153839111
1434,5.364772510528565
1435,7.6567987442016605
1436,8.656671333312989
1437,7.55540018081665
1438,8.025354194641114
1439,7.164846706390381
1440,7.852054786682129
1441,5.025478744506836
1442,7.190152740478515
1443,7.108775901794433
1444,1.4006179809570312
1445,8.772165107727051
1446,6.5565143585205075
1447,6.58409423828125
1448,9.064001655578613
1449,5.668552589416504
1450,8.1700288772583
1451,7.45185022354126
1452,7.2399908065795895
1453,5.9843018531799315
1454,7.379008674621582
1455,7.29203462600708
1456,7.645403003692627
1457,6.4880091667175295
1458,4.427327632904053
1459,8.233891105651855
1460,2.6015583515167235
1461,6.262618160247802
1462,4.288635540008545
1463,3.349077272415161
1464,4.774291133880615
1465,3.5808448791503906
1466,7.13355827331543
1467,6.456457805633545
1468,6.89641170501709
1469,8.924997138977051
1470,2.4359693050384523
1471,6.220885467529297
1472,3.884371852874756
1473,7.982468509674073
1474,5.107694816589356
1475,4.6395221710205075
1476,7.802803421020508
1477,6.483608341217041
1478,7.0708660125732425
1479,3.888567066192627
1480,6.911680221557617
1481,6.997335529327392
1482,7.029542255401611
1483,4.934699630737304
1484,4.824937248229981
1485,8.190076541900634
1486,1.6380332708358765
1487,2.920032596588135
1488,2.079506754875183
1489,4.484991836547851
1490,4.200651168823242
1491,6.8103635787963865
1492,6.414700889587403
1493,8.877848625183105
1494,3.874400329589844
1495,7.724453735351562
1496,5.2167102813720705
1497,5.240486335754395
1498,6.4612586975097654
1499,4.767286968231201
1500,8.362722206115723
1501,6.163981628417969
1502,6.8643230438232425
1503,5.636512279510498
1504,5.287707328796387
1505,3.860611581802368
1506,7.334649085998535
1507,6.876804637908935
1508,6.158298015594482
1509,3.26345157623291
1510,4.655655765533448
1511,8.015702438354491
1512,2.5693023681640623
1513,3.4238640308380126
1514,8.559191513061524
1515,5.661401844024658
1516,5.24668140411377
1517,7.513300132751465
1518,8.07205286026001
1519,6.298537731170654
1520,5.168946266174316
1521,4.981596755981445
1522,8.038093376159669
1523,5.842573547363282
1524,3.022957134246826
1525,3.798208475112915
1526,9.090418815612793
1527,3.9224844932556153
1528,5.779973888397217
1529,7.158587837219239
1530,8.151142692565918
1531,4.8134300231933596
1532,4.284683322906494
1533,6.1268799781799315
1534,4.407110023498535
1535,5.244138908386231
1536,8.830011558532714
1537,5.314735412597656
1538,6.648390865325927
1539,4.592220115661621
1540,6.695660972595215
1541,6.607951259613037
1542,7.025681209564209
1543,8.681563186645509
1544,6.602408313751221
1545,3.5994412899017334
1546,7.671285629272461
1547,4.757948875427246
1548,7.750531196594238
1549,5.968347549438477
1550,6.154118251800537
1551,3.130686092376709
1552,5.711539173126221
1553,4.23566951751709
1554,5.907089614868164
1555,5.728410243988037
1556,7.848880863189697
1557,7.520373249053955
1558,4.381989288330078
1559,5.446550464630127
1560,7.968650913238525
1561,5.29614667892456
1562,8.138692855834961
1563,5.40211238861084
1564,4.634979724884033
1565,5.127670669555664
1566,7.651132106781006
1567,6.417042636871338
1568,5.056654357910157
1569,3.4115506172180177
1570,5.441680240631103
1571,5.223905754089356
1572,9.050010681152344
1573,2.6927459716796873
1574,6.35069465637207
1575,4.101399517059326
1576,7.417506694793701
1577,5.256104183197022
1578,7.3695732116699215
1579,4.174343299865723
1580,7.342141246795654
1581,6.668016338348389
1582,2.6105682849884033
1583,3.3485859870910644
1584,4.962620258331299
1585,7.397217559814453
1586,5.21423921585083
1587,6.759663200378418
1588,7.878866481781006
1589,5.733206558227539
1590,4.891422462463379
1591,8.210318660736084
1592,7.787494277954101
1593,3.5728362083435057
1594,4.352080345153809
1595,1.4332619905471802
1596,2.550183343887329
1597,5.536476898193359
1598,7.18589563369751
1599,6.362419128417969
1600,2.6971077919006348
1601,6.407248401641846
1602,7.534122467041016
1603,5.74189977645874
1604,7.529532051086425
1605,5.91225528717041
1606,9.531318855285644
1607,9.24463939666748
1608,5.220959663391113
1609,5.411284065246582
1610,8.561662864685058
1611,7.492518615722656
1612,7.665328788757324
1613,6.85748291015625
1614,5.349718761444092
1615,3.1130860805511475
1616,5.739170265197754
1617,5.647157478332519
1618,5.794806098937988
1619,7.668086814880371
1620,5.8821793556213375
1621,4.389620971679688
1622,5.374249076843261
1623,7.368399620056152
1624,6.397517204284668
1625,7.375209331512451
1626,7.795718002319336
1627,7.8646927833557125
1628,5.149599361419678
1629,6.6717143058776855
1630,4.141957807540893
1631,9.896136665344239
1632,8.414552307128906
1633,8.954311561584472
1634,7.38712511062622
1635,8.581507682800293
1636,6.1176858901977536
1637,7.876614952087403
1638,7.816161632537842
1639,8.327855491638184
1640,5.246253871917725
1641,5.651900959014893
1642,4.605571556091308
1643,5.125421333312988
1644,7.179950904846192
1645,7.870868682861328
1646,6.09867115020752
1647,6.479610919952393
1648,8.902769851684571
1649,4.809441947937012
1650,4.438156509399414
1651,4.349496364593506
1652,8.004865550994873
1653,2.6382399082183836
1654,5.762742424011231
1655,7.008853435516357
1656,3.362193059921265
1657,7.3124589920043945
1658,3.783355140686035
1659,6.52876844406128
1660,8.6061767578125
1661,7.3778228759765625
1662,7.353345680236816
1663,4.662234878540039
1664,6.337904262542724
1665,6.095661640167236
1666,4.898609924316406
1667,4.090769481658936
1668,6.683081722259521
1669,7.083856678009033
1670,6.690260314941407
1671,3.7049325466156007
1672,3.8335869789123533
1673,9.548413848876953
1674,6.4357044219970705
1675,2.737079048156738
1676,7.597944736480713
1677,6.111297130584717
1678,3.068177032470703
1679,5.854996967315674
1680,3.5691262245178224
1681,5.775219917297363
1682,1.6360429286956788
1683,7.435325336456299
1684,7.0970556259155275
1685,7.350358676910401
1686,4.528510093688965
1687,2.4940303325653077
1688,7.16290979385376
1689,7.036454391479492
1690,3.4036086559295655
1691,7.442905712127685
1692,9.299744606018066
1693,6.8956019401550295
1694,2.982615327835083
1695,3.168673038482666
1696,6.221197414398193
1697,6.154408550262451
1698,6.725262832641602
1699,5.052027702331543
1700,5.185026073455811
1701,4.785801124572754
1702,4.02175498008728
1703,7.311070537567138
1704,6.801821994781494
1705,5.630373287200928
1706,5.4009369850158695
1707,5.043227005004883
1708,7.581089210510254
1709,8.254173278808594
1710,6.44713249206543
1711,7.3436071395874025
1712,5.862251567840576
1713,5.256425952911377
1714,7.900112056732178
1715,8.608133506774902
1716,6.267938041687012
1717,3.5614129543304442
1718,4.818075942993164
1719,6.705319786071778
1720,8.449567413330078
1721,6.616792106628418
1722,2.280237007141113
1723,7.39177770614624
1724,3.2496400356292723
1725,7.576926898956299
1726,6.133719062805175
1727,3.619244194030762
1728,6.403439712524414
1729,3.8752721309661866
1730,4.67638521194458
1731,7.158951759338379
1732,8.02972869873047
1733,6.19337911605835
1734,5.226875877380371
1735,2.548554229736328
1736,8.199116134643555
1737,7.608421993255615
1738,8.6745023727417
1739,6.642412376403809
1740,7.2315315246582035
1741,3.573425531387329
1742,6.8640456199646
1743,6.837061500549316
1744,6.593609809875488
1745,6.5276265144348145
1746,6.633942794799805
1747,5.655393886566162
1748,7.727471160888672
1749,2.06277015209198
1750,6.2476411819458
1751,6.9646687507629395
1752,7.893763637542724
1753,7.2525581359863285
1754,6.707178974151612
1755,5.7692841529846195
1756,6.422344303131103
1757,9.768584632873536
1758,5.058291721343994
1759,5.38860673904419
1760,5.195642566680908
1761,3.267851400375366
1762,4.954419898986816
1763,3.8432592868804933
1764,4.356661033630371
1765,5.417975997924804
1766,6.4398353576660154
1767,4.136445045471191
1768,8.17071828842163
1769,6.3074675559997555
1770,5.861835861206055
1771,4.794572639465332
1772,5.278469848632812
1773,4.142206478118896
1774,6.892857551574707
1775,6.849654579162598
1776,5.175328636169434
1777,8.600023078918458
1778,6.494729995727539
1779,8.005447006225586
1780,8.230663681030274
1781,7.4150982856750485
1782,6.971742725372314
1783,6.385411357879638
1784,6.961518001556397
1785,3.6481516361236572
1786,4.6308235168457035
1787,2.774142599105835
1788,5.96581335067749
1789,8.467691040039062
1790,8.961573028564453
1791,8.097790145874024
1792,5.550782775878906
1793,5.329604911804199
1794,6.426928424835205
1795,5.388070297241211
1796,6.717310428619385
1797,7.805603981018066
1798,5.0951433181762695
1799,3.6133946895599367
1800,6.570470523834229
1801,3.3929914951324465
1802,5.200598621368409
1803,9.303277015686035
1804,7.11801061630249
1805,9.026912117004395
1806,4.513662624359131
1807,1.399877119064331
1808,5.2391770362854
1809,6.178746604919434
1810,9.225875282287598
1811,5.020946788787842
1812,7.088799953460693
1813,5.883311653137207
1814,4.724826145172119
1815,6.649394512176514
1816,6.4653017044067385
1817,1.9213646411895753
1818,6.764315986633301
1819,7.406495666503906
1820,7.158186435699463
1821,8.115034103393555
1822,7.220365333557129
1823,4.777233219146728
1824,8.032711124420166
1825,5.881087112426758
1826,5.838392734527588
1827,9.459892654418946
1828,5.451594352722168
1829,3.367790126800537
1830,4.2186661720275875
1831,5.857658767700196
1832,5.64925184249878
1833,5.6119897842407225
1834,3.788711166381836
1835,6.431177711486816
1836,7.072642040252686
1837,2.9117547512054442
1838,5.216301441192627
1839,7.514337348937988
1840,7.249538516998291
1841,4.664078426361084
1842,6.3406500816345215
1843,7.407413482666016
1844,3.732536029815674
1845,7.385371303558349
1846,6.477510452270508
1847,7.76703987121582
1848,8.491324615478515
1849,5.396697521209717
1850,5.41365270614624
1851,5.518031787872315
1852,1.9913849353790283
1853,4.6544671058654785
1854,5.114689826965332
1855,6.4090149879455565
1856,3.2261060237884522
1857,3.9767927169799804
1858,3.018328905105591
1859,4.540708255767822
1860,5.038676643371582
1861,3.959809970855713
1862,8.083559131622314
1863,5.283653640747071
1864,5.672954559326172
1865,6.4534708023071286
1866,8.599110794067382
1867,7.312349510192871
1868,7.419271564483642
1869,6.691544532775879
1870,5.076479530334472
1871,3.706581687927246
1872,5.918114280700683
1873,7.067832946777344
1874,1.093078327178955
1875,5.63743782043457
1876,5.8525214195251465
1877,6.910765552520752
1878,5.364995861053467
1879,2.8319599628448486
1880,5.593620681762696
1881,3.3066108226776123
1882,7.497312355041504
1883,5.272730159759521
1884,9.528786659240723
1885,7.697849369049072
1886,3.8321383476257322
1887,6.7268718719482425
1888,4.322293376922607
1889,8.270141410827637
1890,5.023510551452636
1891,6.5794677734375
1892,8.422692108154298
1893,7.740147495269776
1894,6.780494213104248
1895,7.377733135223389
1896,6.463931846618652
1897,6.563461685180664
1898,6.069453144073487
1899,8.786137580871582
1900,7.400157833099366
1901,6.479086208343506
1902,5.578579330444336
1903,4.331951713562011
1904,5.81942892074585
1905,3.685524082183838
1906,5.239120292663574
1907,5.018284511566162
1908,7.279218959808349
1909,5.972129249572754
1910,5.88276777267456
1911,6.33711519241333
1912,7.226701545715332
1913,6.76933479309082
1914,7.474669742584228
1915,2.3272998332977295
1916,3.5058493614196777
1917,4.0973447322845455
1918,7.072831058502198
1919,4.174562740325928
1920,7.497125816345215
1921,5.682278251647949
1922,5.948353099822998
1923,5.026591682434082
1924,8.03598575592041
1925,8.214876174926758
1926,6.681776428222657
1927,5.17028694152832
1928,6.57632417678833
1929,5.486226654052734
1930,7.4248627662658695
1931,2.924951696395874
1932,7.886722373962402
1933,3.736306619644165
1934,6.553437900543213
1935,6.14753360748291
1936,2.6731258392333985
1937,7.507394027709961
1938,2.0786608934402464
1939,5.211865234375
1940,3.730786180496216
1941,4.758448123931885
1942,4.156826400756836
1943,8.435654830932616
1944,2.126883602142334
1945,4.5501477241516115
1946,8.127848052978516
1947,8.4188627243042
1948,8.305545616149903
1949,6.799091720581055
1950,1.2418111562728882
1951,6.807183742523193
1952,8.603632545471191
1953,4.652632522583008
1954,3.8487008094787596
1955,5.041053295135498
1956,6.608915233612061
1957,3.620310068130493
1958,8.084214782714843
1959,2.3868245124816894
1960,8.668687629699708
1961,6.004554367065429
1962,4.185808277130127
1963,8.326851654052735
1964,5.396397590637207
1965,5.073853206634522
1966,7.95627908706665
1967,4.1055481910705565
1968,6.630300045013428
1969,6.901769733428955
1970,5.338514041900635
1971,5.854608058929443
1972,8.606328392028809
1973,7.075461196899414
1974,4.630119132995605
1975,6.351406097412109
1976,5.472078514099121
1977,5.856154727935791
1978,7.687783718109131
1979,7.115839672088623
1980,5.8024286270141605
1981,2.027759885787964
1982,6.335932445526123
1983,7.082805824279785
1984,8.932765579223632
1985,4.1251121997833256
1986,3.4341858863830566
1987,4.553815841674805
1988,7.465828704833984
1989,4.066607093811035
1990,7.615901851654053
1991,5.770602416992188
1992,9.068486785888672
1993,4.15084810256958
1994,5.677761268615723
1995,6.1541187286376955
1996,6.715393352508545
1997,8.82340030670166
1998,4.766797256469727
1999,3.7512099742889404
2000,8.642779922485351
2001,3.8992527961730956
2002,8.581524085998534
2003,5.161781692504883
2004,6.202493381500244
2005,7.669552612304687
2006,7.114404487609863
2007,5.132822704315186
2008,3.7946067810058595
2009,3.0443698883056642
2010,6.646556949615478
2011,5.824694347381592
2012,6.391557407379151
2013,8.59319896697998
2014,5.675412654876709
2015,4.208564376831054
2016,4.289388656616211
2017,4.625271415710449
2018,6.7530817031860355
2019,6.8049242973327635
2020,6.9320649147033695
2021,3.32048020362854
2022,6.878371810913086
2023,5.517549514770508
2024,6.299906444549561
2025,7.755552196502686
2026,8.098016357421875
2027,7.581131935119629
2028,2.9836065769195557
2029,2.174504041671753
2030,7.89177303314209
2031,3.7325376510620116
2032,8.986501502990723
2033,6.674036121368408
2034,4.289136695861816
2035,4.651554107666016
2036,7.613096809387207
2037,5.594750308990479
2038,4.118042707443237
2039,7.658957481384277
2040,7.547381114959717
2041,4.685587692260742
2042,4.822099208831787
2043,5.533366298675537
2044,5.776707744598388
2045,5.613289833068848
2046,6.655760192871094
2047,6.869940948486328
2048,2.525311803817749
2049,5.611330795288086
2050,2.1934364795684815
2051,5.4291768074035645
2052,0.7340092658996582
2053,5.084285926818848
2054,6.8364283561706545
2055,6.462974643707275
2056,3.688698577880859
2057,7.018480014801026
2058,5.3019720077514645
2059,7.148714542388916
2060,4.643234729766846
2061,2.771729612350464
2062,4.5369384765625
2063,6.631294631958008
2064,4.986926746368408
2065,4.730385875701904
2066,8.994180488586426
2067,9.928953552246094
2068,8.346421432495116
2069,5.087213516235352
2070,6.2243701934814455
2071,6.509202384948731
2072,4.242440319061279
2073,4.456941604614258
2074,4.186504077911377
2075,3.9112940788269044
2076,3.5149183750152586
2077,5.4741355895996096
2078,4.89818115234375
2079,6.895217609405518
2080,7.624153995513916
2081,8.68433666229248
2082,6.07822265625
2083,6.17921142578125
2084,6.654524517059326
2085,8.165724754333496
2086,8.032289123535156
2087,4.3426543235778805
2088,8.079309844970703
2089,9.177112770080566
2090,8.844987487792968
2091,5.7531732559204105
2092,2.631828451156616
2093,6.622295284271241
2094,5.3553516387939455
2095,4.048235654830933
2096,4.282511425018311
2097,6.360801029205322
2098,7.126545333862305
2099,1.6319167852401733
2100,7.277632141113282
2101,3.6488238334655763
2102,7.201244449615478
2103,8.547824096679687
2104,5.9040600776672365
2105,5.113244819641113
2106,7.853610992431641
2107,2.9417874813079834
2108,2.9372913360595705
2109,4.164814376831055
2110,6.65769100189209
2111,5.234770011901856
2112,4.170402336120605
2113,6.01511173248291
2114,7.381753921508789
2115,3.6016207218170164
2116,5.321410179138184
2117,8.707403945922852
2118,5.7892965316772464
2119,6.651395225524903
2120,7.913873672485352
2121,4.9633331298828125
2122,3.2609665393829346
2123,3.207192373275757
2124,6.796952438354492
2125,6.687774276733398
2126,5.121566390991211
2127,6.352496719360351
2128,7.685031795501709
2129,4.477376461029053
2130,5.536495971679687
2131,5.093155479431152
2132,6.31343297958374
2133,5.52545394897461
2134,5.484814643859863
2135,3.051851987838745
2136,2.5085243225097655
2137,6.945323085784912
2138,3.0735013008117678
2139,5.958425140380859
2140,3.4396087646484377
2141,7.234628105163575
2142,2.8573486328125
2143,6.706185913085937
2144,6.650625324249267
2145,9.601837921142579
2146,7.558836269378662
2147,7.153589153289795
2148,5.627327251434326
2149,8.514776420593261
2150,6.695734882354737
2151,5.103089141845703
2152,4.928642463684082
2153,6.53852481842041
2154,6.579030513763428
2155,6.390221977233887
2156,7.125501441955566
2157,5.720330715179443
2158,7.942395114898682
2159,8.564222145080567
2160,4.685420799255371
2161,2.478829050064087
2162,7.978818416595459
2163,5.845755767822266
2164,5.206049060821533
2165,5.746170902252198
2166,6.8178534507751465
2167,7.448619842529297
2168,6.302822494506836
2169,7.340695381164551
2170,7.1241135597229
2171,6.283617305755615
2172,8.319090270996094
2173,2.208301830291748
2174,4.029793071746826
2175,5.188008213043213
2176,8.427918434143066
2177,6.4530855178833
2178,7.166863822937012
2179,4.587501430511475
2180,5.4402820587158205
2181,2.7169602870941163
2182,5.068773174285889
2183,5.459505462646485
2184,9.131527709960938
2185,8.464607238769531
2186,7.538103485107422
2187,3.791317510604858
2188,5.286552906036377
2189,6.224388313293457
2190,3.6920251846313477
2191,5.904288101196289
2192,8.79682445526123
2193,4.217537593841553
2194,6.277501010894776
2195,7.600506114959717
2196,9.006039237976074
2197,7.485852146148682
2198,4.01082181930542
2199,5.876316356658935
2200,7.496523761749268
2201,7.9936775207519535
2202,7.675394439697266
2203,4.670593738555908
2204,8.452158737182618
2205,8.714000129699707
2206,5.16454496383667
2207,7.724685001373291
2208,7.206423664093018
2209,8.430698776245118
2210,1.3325023412704469
2211,6.176436519622802
2212,9.120965766906739
2213,7.162502002716065
2214,7.4346660614013675
2215,8.105415153503419
2216,3.2289606094360352
2217,7.40791883468628
2218,3.94565806388855
2219,3.1281259059906006
2220,8.439269638061523
2221,8.1763427734375
2222,6.61314582824707
2223,4.222476768493652
2224,5.654196929931641
2225,7.2605993270874025
2226,6.749478816986084
2227,6.714388275146485
2228,4.963992309570313
2229,8.178359603881836
2230,7.348895263671875
2231,6.248007678985596
2232,6.514648151397705
2233,5.880041217803955
2234,7.709814071655273
2235,7.0644937515258786
2236,4.823514747619629
2237,4.886768245697022
2238,4.4134012222290036
2239,7.252881908416748
2240,5.5051069259643555
2241,4.657357883453369
2242,5.073993396759033
2243,9.15502758026123
2244,6.734159374237061
2245,7.07584285736084
2246,7.057782459259033
2247,9.360750579833985
2248,7.911990356445313
2249,4.790151214599609
2250,5.341744518280029
2251,7.11149263381958
2252,7.816946792602539
2253,5.384574127197266
2254,8.568929100036621
2255,3.5421660900115968
2256,6.518343257904053
2257,5.245830631256103
2258,6.305639934539795
2259,4.078269672393799
2260,4.811608982086182
2261,7.825046157836914
2262,7.832314586639404
2263,3.473684883117676
2264,8.76189022064209
2265,6.09541654586792
2266,6.840018463134766
2267,5.209602928161621
2268,1.7121692180633545
2269,8.055429363250733
2270,7.256982135772705
2271,6.453057956695557
2272,3.0139979839324953
2273,4.993964576721192
2274,5.36549482345581
2275,8.643839073181152
2276,9.593421936035156
2277,6.174371433258057
2278,5.2009735107421875
2279,9.44008274078369
2280,3.678254222869873
2281,5.725959205627442
2282,4.113153648376465
2283,5.753432750701904
2284,6.1491986274719235
2285,4.2662934303283695
2286,5.447796249389649
2287,3.7793779373168945
2288,4.088655805587768
2289,5.801960182189942
2290,7.470726013183594
2291,8.185965538024902
2292,8.16231632232666
2293,8.21450252532959
2294,2.91747465133667
2295,7.361605453491211
2296,7.960798835754394
2297,5.645026969909668
2298,8.137767601013184
2299,7.880476284027099
2300,4.489148044586182
2301,5.704543781280518
2302,8.178395080566407
2303,6.415686321258545
2304,5.487285232543945
2305,4.918464469909668
2306,6.342889976501465
2307,5.852688789367676
2308,7.743334865570068
2309,4.410155963897705
2310,3.416429805755615
2311,6.771883106231689
2312,4.974616146087646
2313,8.650181770324707
2314,6.995957565307617
2315,3.21931676864624
2316,8.892772102355957
2317,6.666676807403564
2318,6.597784519195557
2319,7.269617176055908
2320,6.12875919342041
2321,6.2657472610473635
2322,3.1689184665679933
2323,7.632099246978759
2324,7.0826152801513675
2325,7.609429454803466
2326,4.921421241760254
2327,5.951321315765381
2328,4.751770973205566
2329,4.992619132995605
2330,5.040746021270752
2331,2.7995887279510496
2332,5.4862895011901855
2333,6.906035327911377
2334,6.104681968688965
2335,7.152447128295899
2336,5.380212306976318
2337,4.28065824508667
2338,9.218556022644043
2339,4.613756847381592
2340,3.156356430053711
2341,1.9242272138595582
2342,3.885950469970703
2343,4.527917194366455
2344,7.067693901062012
2345,5.575401401519775
2346,2.8509366035461428
2347,9.345481872558594
2348,7.586033821105957
2349,4.016206121444702
2350,4.148848962783814
2351,5.543124866485596
2352,3.8955371379852295
2353,6.221970081329346
2354,6.2276407241821286
2355,8.5121431350708
2356,6.914797306060791
2357,5.28599443435669
2358,5.609275913238525
2359,7.5785924911499025
2360,6.561848831176758
2361,4.809214115142822
2362,3.459207010269165
2363,8.50533561706543
2364,7.457022380828858
2365,4.703632831573486
2366,8.306402397155761
2367,6.850441265106201
2368,6.271238136291504
2369,1.7561941146850586
2370,2.940211868286133
2371,6.466628837585449
2372,6.0927022933959964
2373,7.2493854522705075
2374,3.3867958545684815
2375,3.354435110092163
2376,7.017584419250488
2377,6.330702400207519
2378,8.698559951782226
2379,4.345773983001709
2380,5.476926231384278
2381,9.012947082519531
2382,8.105655670166016
2383,3.4250601291656495
2384,7.904953479766846
2385,6.132663917541504
2386,5.437739753723145
2387,5.982736492156983
2388,4.4508391380310055
2389,5.701392555236817
2390,7.286877918243408
2391,8.752976417541504
2392,6.022000885009765
2393,7.614329624176025
2394,5.559934139251709
2395,3.423552370071411
2396,8.215264701843262
2397,7.235132122039795
2398,4.2270402908325195
2399,8.594017791748048
2400,9.251691246032715
2401,4.601885223388672
2402,9.042122268676758
2403,2.5072559833526613
2404,7.060995483398438
2405,7.959176063537598
2406,7.258228588104248
2407,2.024694299697876
2408,8.150984001159667
2409,5.1120563507080075
2410,5.435087585449219
2411,8.090141582489014
2412,4.5517885208129885
2413,6.169082927703857
2414,4.333555030822754
2415,6.023909854888916
2416,6.4818267822265625
2417,8.161569023132325
2418,6.551442623138428
2419,4.743785858154297
2420,6.142342662811279
2421,5.154529762268067
2422,7.99089994430542
2423,2.4078932762145997
2424,5.254849624633789
2425,0.7638964176177978
2426,8.363270378112793
2427,4.8092680931091305
2428,1.2957745313644409
2429,7.244011974334716
2430,4.647757434844971
2431,4.310898399353027
2432,7.81116418838501
2433,4.592652034759522
2434,6.583737182617187
2435,6.163031768798828
2436,5.585289573669433
2437,6.635666751861573
2438,6.82842378616333
2439,5.995728015899658
2440,8.060243892669678
2441,4.600517272949219
2442,5.064684772491455
2443,6.429154777526856
2444,8.626539039611817
2445,8.372355270385743
2446,6.565336513519287
2447,7.160363101959229
2448,9.480013656616212
2449,4.423770618438721
2450,5.212111473083496
2451,6.554314708709716
2452,7.558569240570068
2453,4.780419635772705
2454,6.108179569244385
2455,6.328406429290771
2456,3.482308340072632
2457,8.518608665466308
2458,8.207301330566406
2459,6.9111714363098145
2460,4.40812406539917
2461,6.396685409545898
2462,3.3949963569641115
2463,5.301568794250488
2464,7.524088191986084
2465,8.942469215393066
2466,5.319231986999512
2467,7.618520641326905
2468,7.381643676757813
2469,8.278391933441162
2470,5.20645227432251
2471,4.315919685363769
2472,5.485038185119629
2473,4.892274665832519
2474,5.823984813690186
2475,5.21484899520874
2476,5.4315080642700195
2477,6.112314510345459
2478,8.15462131500244
2479,6.233605670928955
2480,8.468092727661134
2481,4.965976142883301
2482,7.656513786315918
2483,3.330649423599243
2484,7.65759687423706
2485,3.371973466873169
2486,6.809576988220215
2487,5.198591995239258
2488,4.343353652954102
2489,3.523698568344116
2490,4.313407039642334
2491,3.651437187194824
2492,4.022256851196289
2493,7.079707527160645
2494,8.513583183288574
2495,6.057012844085693
2496,5.726014137268066
2497,7.2457661628723145
2498,5.354278087615967
2499,4.516215229034424
2500,4.518287277221679
2501,6.816018772125244
2502,6.554109764099121
2503,6.51032018661499
2504,4.132689714431763
2505,7.117586231231689
2506,7.400880432128906
2507,4.107045269012451
2508,4.884470653533936
2509,3.8768152713775637
2510,7.1195070266723635
2511,9.362961578369141
2512,4.734039306640625
2513,4.531979370117187
2514,6.938866901397705
2515,6.100984001159668
2516,2.195511484146118
2517,7.385065078735352
2518,5.672373485565186
2519,5.188090515136719
2520,3.245824432373047
2521,5.635294628143311
2522,9.634630966186524
2523,6.311430549621582
2524,3.958708667755127
2525,9.739745330810546
2526,7.262904262542724
2527,7.945259666442871
2528,5.312048244476318
2529,2.3930320262908937
2530,8.803186416625977
2531,8.887492179870605
2532,8.761129379272461
2533,4.55893087387085
2534,6.6545055389404295
2535,5.761528873443604
2536,6.491637706756592
2537,7.407038021087646
2538,6.756227016448975
2539,7.634723758697509
2540,9.339906883239745
2541,5.61941556930542
2542,8.145558929443359
2543,9.043674278259278
2544,3.3809072494506838
2545,5.863769054412842
2546,5.461683177947998
2547,5.367199802398682
2548,5.390923500061035
2549,7.310510730743408
2550,8.183981704711915
2551,3.4510252475738525
2552,5.434162521362305
2553,7.850081253051758
2554,4.979641342163086
2555,5.463537120819092
2556,3.2792335510253907
2557,7.105446910858154
2558,8.049984169006347
2559,7.841707801818847
2560,6.760814571380616
2561,6.114366340637207
2562,4.143473529815674
2563,5.660079383850098
2564,5.509890174865722
2565,4.740330028533935
2566,6.695303344726563
2567,8.5156831741333
2568,4.498105525970459
2569,2.9947325706481935
2570,5.744057369232178
2571,8.952816772460938
2572,5.689152812957763
2573,4.343052768707276
2574,9.351092720031739
2575,9.086174964904785
2576,6.675005912780762
2577,4.974125480651855
2578,5.21695384979248
2579,3.507338285446167
2580,5.418620967864991
2581,9.93638210296631
2582,6.482088661193847
2583,7.701034450531006
2584,4.8453775405883786
2585,6.39050064086914
2586,4.300228214263916
2587,2.881081962585449
2588,7.2896825790405275
2589,6.016226482391358
2590,7.923932647705078
2591,8.536606597900391
2592,8.096382904052735
2593,3.6377805709838866
2594,7.321365833282471
2595,3.5855403423309324
2596,3.5940506935119627
2597,8.215920066833496
2598,8.709090614318848
2599,3.303132438659668
2600,4.4285565376281735
2601,4.196377372741699
2602,7.587667179107666
2603,5.510615634918213
2604,4.957266044616699
2605,3.8131962776184083
2606,4.720611667633056
2607,7.0822303771972654
2608,8.107116985321046
2609,7.390488624572754
2610,5.7022576332092285
2611,6.664012622833252
2612,4.876862621307373
2613,8.964751052856446
2614,2.09394690990448
2615,3.103602981567383
2616,7.494029712677002
2617,5.29799633026123
2618,7.367399883270264
2619,9.00645580291748
2620,1.112474513053894
2621,3.846917724609375
2622,8.36880111694336
2623,6.984655570983887
2624,8.701723098754883
2625,7.277224349975586
2626,8.522181701660156
2627,5.871386241912842
2628,1.8659462213516236
2629,8.539285659790039
2630,5.659326648712158
2631,3.644476222991943
2632,8.752177619934082
2633,7.706424617767334
2634,7.460522747039795
2635,3.0427975177764894
2636,4.8527203559875485
2637,7.060522937774659
2638,5.971119785308838
2639,6.07068567276001
2640,6.647467517852784
2641,6.197950649261474
2642,5.587659454345703
2643,8.100489330291747
2644,6.995425605773926
2645,8.094408988952637
2646,4.821130180358887
2647,5.809785938262939
2648,9.068111991882324
2649,7.775071048736573
2650,4.674108409881592
2651,7.5270086288452145
2652,6.8440323829650875
2653,5.587454605102539
2654,6.018951034545898
2655,7.013297271728516
2656,9.274545097351075
2657,6.486179161071777
2658,5.524734401702881
2659,3.9449418067932127
2660,5.692170810699463
2661,6.896761798858643
2662,5.363960075378418
2663,6.674288940429688
2664,8.005404376983643
2665,5.722529792785645
2666,2.7636604785919188
2667,8.015089797973634
2668,5.941190242767334
2669,5.257094383239746
2670,5.732781410217285
2671,6.7239837646484375
2672,2.4076512336730955
2673,6.693403911590576
2674,5.7970281600952145
2675,8.273759269714356
2676,7.986521530151367
2677,4.927116966247558
2678,7.360614871978759
2679,7.104006576538086
2680,3.781854248046875
2681,3.353354835510254
2682,8.054553985595703
2683,5.8706231117248535
2684,5.232772731781006
2685,4.202052879333496
2686,4.360203742980957
2687,7.349482917785645
2688,2.739160442352295
2689,7.546559047698975
2690,2.6777752876281737
2691,5.854646492004394
2692,9.48524055480957
2693,3.315765047073364
2694,4.956822395324707
2695,5.5485259056091305
2696,2.2469276905059816
2697,4.207592868804932
2698,4.6584981918334964
2699,8.605139541625977
2700,1.184051513671875
2701,4.834500694274903
2702,5.501700592041016
2703,7.657882213592529
2704,8.533667945861817
2705,5.5643705368042
2706,6.554043865203857
2707,5.525526618957519
2708,4.346319580078125
2709,1.2938064336776733
2710,6.679555034637451
2711,6.7307336807250975
2712,4.517839050292968
2713,9.284504318237305
2714,3.3423512458801268
2715,3.5985763549804686
2716,3.5766275405883787
2717,1.9379109144210815
2718,4.421402263641357
2719,4.758072090148926
2720,5.411777782440185
2721,5.934450721740722
2722,7.5527314186096195
2723,6.797112941741943
2724,3.517323684692383
2725,7.28639030456543
2726,8.293318367004394
2727,7.863144111633301
2728,7.79251651763916
2729,2.655451774597168
2730,7.149338722229004
2731,6.786643600463867
2732,5.872961235046387
2733,5.765326690673828
2734,8.085896301269532
2735,9.143447875976562
2736,5.034185886383057
2737,5.201074028015137
2738,5.483797168731689
2739,7.248421669006348
2740,5.448508548736572
2741,5.564575862884522
2742,5.568682479858398
2743,3.197841835021973
2744,2.078970956802368
2745,9.078520965576171
2746,6.537560367584229
2747,2.0298263788223267
2748,6.527781772613525
2749,6.461466312408447
2750,6.521870517730713
2751,6.46273136138916
2752,7.297967433929443
2753,7.267099094390869
2754,6.372049331665039
2755,7.012470531463623
2756,4.327920246124267
2757,5.751817035675049
2758,6.2068994522094725
2759,3.7942764282226564
2760,6.891127872467041
2761,7.012372398376465
2762,3.1325657844543455
2763,6.009535121917724
2764,6.13753662109375
2765,6.964260005950928
2766,5.7129732131958
2767,8.238960456848144
2768,4.171583461761474
2769,4.702817153930664
2770,2.426448202133179
2771,4.405856990814209
2772,4.74707555770874
2773,7.733392333984375
2774,7.934433650970459
2775,8.841079139709473
2776,8.727695274353028
2777,6.916563510894775
2778,6.4921012878417965
2779,7.467417812347412
2780,6.279682350158692
2781,4.296189641952514
2782,9.311021423339843
2783,7.0204164505004885
2784,7.645968437194824
2785,4.866922092437744
2786,5.2809600830078125
2787,6.89377269744873
2788,6.587039566040039
2789,6.050995349884033
2790,2.8446324825286866
2791,9.008030319213868
2792,2.457188272476196
2793,2.4560386180877685
2794,2.829922151565552
2795,2.861663818359375
2796,7.951995182037353
2797,6.887471866607666
2798,6.735777854919434
2799,3.8108392715454102
2800,3.200231504440308
2801,3.6232583045959474
2802,8.303560256958008
2803,5.561555671691894
2804,3.925633430480957
2805,6.938569641113281
2806,4.803491687774658
2807,7.716733646392822
2808,8.001134300231934
2809,6.6082884788513185
2810,7.592661190032959
2811,2.878458786010742
2812,7.0585111618042
2813,2.865992879867554
2814,5.253111934661865
2815,8.922029495239258
2816,6.492234992980957
2817,6.135020351409912
2818,2.3757424354553223
2819,6.973180294036865
2820,7.804256725311279
2821,7.08441743850708
2822,3.4360246658325195
2823,4.6023256301879885
2824,5.946442794799805
2825,4.251680183410644
2826,10.0
2827,7.301072597503662
2828,6.37857723236084
2829,7.374416255950928
2830,5.413516235351563
2831,6.016391658782959
2832,7.92576847076416
2833,1.6964912176132203
2834,5.350683784484863
2835,6.455604934692383
2836,4.159770393371582
2837,5.680827808380127
2838,8.600104141235352
2839,5.457520484924316
2840,5.908423233032226
2841,2.515433692932129
2842,8.14021577835083
2843,6.2188310623168945
2844,6.964245891571045
2845,4.37891321182251
2846,7.796413135528565
2847,6.496130275726318
2848,6.0665875434875485
2849,5.337960910797119
2850,3.6829553127288817
2851,2.0008183240890505
2852,7.144561290740967
2853,5.163272285461426
2854,5.2163246154785154
2855,8.630701065063477
2856,3.345866346359253
2857,9.446806526184082
2858,7.244793224334717
2859,6.439388561248779
2860,7.033878898620605
2861,7.383072853088379
2862,8.805645942687988
2863,7.418378162384033
2864,7.466595077514649
2865,4.935941600799561
2866,8.102920150756836
2867,6.720228767395019
2868,8.679394912719726
2869,9.52223472595215
2870,6.05410680770874
2871,6.819442081451416
2872,6.183724498748779
2873,7.716580486297607
2874,5.033917331695557
2875,6.70434341430664
2876,4.250907897949219
2877,3.8489423274993895
2878,5.651821136474609
2879,5.752450656890869
2880,3.909120559692383
2881,9.639490509033203
2882,5.249655437469483
2883,5.633245849609375
2884,6.548897647857666
2885,6.30670166015625
2886,0.5824985265731811
2887,6.584255981445312
2888,8.320708465576171
2889,6.932267093658448
2890,7.64182767868042
2891,7.961131191253662
2892,8.519745445251464
2893,5.221973705291748
2894,9.50517520904541
2895,2.992208194732666
2896,8.218032455444336
2897,4.870796585083008
2898,3.4734992027282714
2899,3.150047445297241
2900,5.430030441284179
2901,3.3852428913116457
2902,9.432855796813964
2903,8.061090469360352
2904,4.490907287597656
2905,7.56263427734375
2906,8.05314826965332
2907,6.825727367401123
2908,6.010123157501221
2909,1.593793272972107
2910,5.856733512878418
2911,9.015898132324219
2912,4.241504764556884
2913,6.811062908172607
2914,3.7491969585418703
2915,5.852126502990723
2916,8.40980224609375
2917,3.2598772048950195
2918,8.327206993103028
2919,4.404998874664306
2920,6.663254928588867
2921,7.804973888397217
2922,3.5177538871765135
2923,7.41417350769043
2924,7.504400730133057
2925,6.503865528106689
2926,7.412194156646729
2927,1.8499306678771972
2928,3.897044277191162
2929,7.841419219970703
2930,5.100658321380616
2931,4.157877016067505
2932,6.2007753372192385
2933,3.297882413864136
2934,2.476026678085327
2935,6.370453643798828
2936,9.610749435424804
2937,4.648478221893311
2938,4.531322956085205
2939,6.035741233825684
2940,5.640701007843018
2941,9.042686271667481
2942,5.12528018951416
2943,5.819495773315429
2944,4.87583818435669
2945,7.44372444152832
2946,7.9811427116394045
2947,6.875644779205322
2948,1.825506067276001
2949,6.289591217041016
2950,7.617326164245606
2951,5.186310863494873
2952,5.421867370605469
2953,5.375725364685058
2954,6.089491939544677
2955,3.7546413421630858
2956,5.130311012268066
2957,6.549607849121093
2958,7.665343475341797
2959,5.803151416778564
2960,6.345775318145752
2961,3.411319541931152
2962,8.321038818359375
2963,7.742238616943359
2964,2.5386099815368652
2965,3.10636625289917
2966,4.916502189636231
2967,5.655290126800537
2968,6.325895977020264
2969,5.32450008392334
2970,3.1656594276428223
2971,8.7517520904541
2972,9.983906936645507
2973,6.246406173706054
2974,5.06533784866333
2975,5.601096153259277
2976,7.081041431427002
2977,4.907483959197998
2978,7.907059097290039
2979,6.756499576568603
2980,3.734099340438843
2981,9.722114944458008
2982,4.635406875610352
2983,4.725721263885498
2984,8.452508163452148
2985,6.659161949157715
2986,6.524302577972412
2987,8.871835899353027
2988,6.689889144897461
2989,9.603771209716797
2990,6.449542903900147
2991,4.888876342773438
2992,6.464519596099853
2993,6.480044746398926
2994,6.13387098312378
2995,6.193193054199218
2996,7.182401943206787
2997,9.389338493347168
2998,6.339528942108155
2999,4.709829521179199
3000,8.990981292724609
3001,8.28906536102295
3002,6.954815483093261
3003,5.32310209274292
3004,7.629642295837402
3005,6.005381488800049
3006,6.6476256370544435
3007,6.565836334228516
3008,9.123350715637207
3009,7.193632984161377
3010,4.3744159698486325
3011,4.360349464416504
3012,7.992192077636719
3013,6.966119766235352
3014,4.912596797943115
3015,1.4351282596588135
3016,8.386747550964355
3017,5.7577940940856935
3018,8.617269706726074
3019,4.181285285949707
3020,4.084398889541626
3021,6.378702163696289
3022,4.716645240783691
3023,6.182617092132569
3024,7.771445274353027
3025,2.7052734375
3026,3.8229018211364747
3027,6.006041812896728
3028,7.552290916442871
3029,4.710057353973388
3030,6.971025562286377
3031,4.418087196350098
3032,7.131824111938476
3033,5.111337375640869
3034,7.254062461853027
3035,7.928250312805176
3036,7.004581451416016
3037,6.197520446777344
3038,6.092808055877685
3039,8.851525497436523
3040,6.459402179718017
3041,6.694398307800293
3042,2.226988363265991
3043,4.89011812210083
3044,5.6209790229797365
3045,7.713403415679932
3046,9.33125
3047,6.334566211700439
3048,4.810206413269043
3049,7.911408805847168
3050,6.091212749481201
3051,8.472643280029297
3052,2.7152774810791014
3053,6.48431978225708
3054,7.359358882904052
3055,6.735738277435303
3056,6.681190109252929
3057,7.433639049530029
3058,9.053092193603515
3059,8.143424606323242
3060,4.107791805267334
3061,5.4032511711120605
3062,3.727967691421509
3063,4.467501544952393
3064,4.300610542297363
3065,4.323664951324463
3066,7.474558639526367
3067,7.222668552398682
3068,3.106044816970825
3069,3.3797956466674806
3070,5.767868709564209
3071,7.157232570648193
3072,4.917829418182373
3073,6.839896774291992
3074,4.771582126617432
3075,7.247572422027588
3076,3.341837215423584
3077,6.574713325500488
3078,8.263259315490723
3079,8.126907348632812
3080,8.900625610351563
3081,6.141159629821777
3082,7.7908470153808596
3083,7.153444004058838
3084,6.493201828002929
3085,8.613274765014648
3086,5.9771160125732425
3087,6.061924076080322
3088,3.8538041591644285
3089,5.440014839172363
3090,9.27540283203125
3091,4.779401779174805
3092,2.8246299266815185
3093,4.05233907699585
3094,3.7767995834350585
3095,3.7159584522247315
3096,4.095794296264648
3097,5.6474048614501955
3098,7.921421909332276
3099,3.56991925239563
3100,3.133466863632202
3101,3.7184638500213625
3102,8.050750541687012
3103,8.216877746582032
3104,5.166665840148926
3105,5.592772960662842
3106,7.122414207458496
3107,6.70617904663086
3108,6.6870368957519535
3109,8.515020179748536
3110,6.5439292907714846
3111,4.567184352874756
3112,7.022911548614502
3113,5.282989025115967
3114,5.185321903228759
3115,6.075776386260986
3116,6.07893934249878
3117,7.045816040039062
3118,4.169791412353516
3119,8.482961845397949
3120,6.095252609252929
3121,6.173807144165039
3122,6.736082267761231
3123,6.036556148529053
3124,4.0809056758880615
3125,5.8453898429870605
3126,6.983450603485108
3127,4.565245532989502
3128,2.6939693450927735
3129,5.306954383850098
3130,5.224012660980224
3131,4.726910209655761
3132,4.650623321533203
3133,6.61712875366211
3134,7.284494209289551
3135,5.384520816802978
3136,3.759743499755859
3137,2.2149436473846436
3138,3.9708560943603515
3139,6.684810066223145
3140,9.8092866897583
3141,7.099750614166259
3142,5.384450626373291
3143,6.170688438415527
3144,6.241517448425293
3145,3.1836249351501467
3146,5.524096488952637
3147,6.24179515838623
3148,2.7910474300384522
3149,8.065559577941894
3150,6.740360355377197
3151,4.523469638824463
3152,5.732441329956055
3153,3.952731895446777
3154,3.918454074859619
3155,2.969877099990845
3156,7.394618034362793
3157,7.75242052078247
3158,6.514960289001465
3159,6.217137336730957
3160,2.9212732791900633
3161,8.270073699951173
3162,6.611079502105713
3163,7.264570808410644
3164,8.343184280395509
3165,6.777578353881836
3166,4.622634983062744
3167,3.673955202102661
3168,8.990779304504395
3169,4.181628465652466
3170,6.63690710067749
3171,5.239394855499268
3172,6.595555400848388
3173,3.7843761920928953
3174,6.870248222351075
3175,1.7110138177871703
3176,5.524895763397216
3177,6.9563164710998535
3178,5.0196634292602536
3179,3.0769566535949706
3180,7.157541179656983
3181,5.112740898132325
3182,5.896854019165039
3183,6.966274547576904
3184,8.010080242156983
3185,5.158862495422364
3186,4.810703277587891
3187,5.209349632263184
3188,5.324764823913574
3189,3.2388497829437255
3190,2.5216830730438233
3191,8.347856712341308
3192,5.254942607879639
3193,5.715083599090576
3194,7.419186973571778
3195,2.9096375465393067
3196,8.596828842163086
3197,6.563352775573731
3198,7.414010715484619
3199,3.867383623123169
3200,5.9100934028625485
3201,8.63763484954834
3202,7.195443630218506
3203,6.031147193908692
3204,7.875644969940185
3205,6.674714279174805
3206,5.668026256561279
3207,7.509964466094971
3208,5.379847717285156
3209,3.39806866645813
3210,6.156819534301758
3211,3.490132236480713
3212,1.545389175415039
3213,8.712650108337403
3214,5.149365615844727
3215,5.110179138183594
3216,5.5646740913391115
3217,4.956714820861817
3218,2.4183794975280763
3219,6.1793793678283695
3220,7.255597305297852
3221,7.352711200714111
3222,6.933032131195068
3223,7.287168025970459
3224,3.8408453464508057
3225,3.858027458190918
3226,5.02116289138794
3227,9.017278671264648
3228,4.007209253311157
3229,8.467596435546875
3230,8.801343536376953
3231,7.648308563232422
3232,5.675871086120606
3233,4.902443981170654
3234,4.726646423339844
3235,8.097204971313477
3236,5.644215679168701
3237,7.136832809448242
3238,3.5987228870391847
3239,6.643366813659668
3240,5.438257026672363
3241,8.08052110671997
3242,4.938740158081055
3243,4.073061800003051
3244,7.47530164718628
3245,6.280285739898682
3246,2.263732385635376
3247,6.819251823425293
3248,9.086847114562989
3249,2.1203497886657714
3250,5.365774440765381
3251,5.673491477966309
3252,6.092339706420899
3253,5.954395008087158
3254,4.755616474151611
3255,4.73715181350708
3256,7.896925354003907
3257,6.610061454772949
3258,8.369625473022461
3259,6.881797981262207
3260,6.983697032928466
3261,8.212623786926269
3262,8.136123657226562
3263,9.358324241638183
3264,5.717534923553467
3265,8.201236915588378
3266,7.21477165222168
3267,8.300693893432618
3268,7.263787460327149
3269,5.371564102172852
3270,6.397531509399414
3271,5.290955352783203
3272,6.848255634307861
3273,7.861838054656983
3274,1.9148880958557128
3275,6.874228191375733
3276,6.413496589660644
3277,1.8426525115966796
3278,4.342567443847656
3279,9.642773056030274
3280,6.638436031341553
3281,5.0031030654907225
3282,7.011376094818115
3283,7.657554054260254
3284,6.992835617065429
3285,7.261814308166504
3286,4.263182830810547
3287,9.162759971618652
3288,5.623801803588867
3289,6.550235080718994
3290,5.494522285461426
3291,4.789270973205566
3292,3.7220859050750734
3293,5.686997604370117
3294,6.636270999908447
3295,4.932037353515625
3296,6.76367416381836
3297,6.948884391784668
3298,6.592602729797363
3299,5.121848297119141
3300,5.441211223602295
3301,5.58203821182251
3302,5.717665195465088
3303,5.150202369689941
3304,5.469859504699707
3305,6.07312240600586
3306,5.968836879730224
3307,6.497908401489258
3308,2.3748796939849854
3309,7.316514682769776
3310,6.52752275466919
3311,8.214152526855468
3312,4.968327236175537
3313,6.252045059204102
3314,6.322882843017578
3315,4.6224315643310545
3316,6.895314121246338
3317,7.6234783172607425
3318,1.5262581348419189
3319,8.43990364074707
3320,6.898168563842773
3321,4.312403011322021
3322,1.935694432258606
3323,8.405978202819824
3324,6.644686317443847
3325,6.347617244720459
3326,9.991165924072266
3327,7.2457249641418455
3328,6.356574821472168
3329,4.672513484954834
3330,7.028864955902099
3331,7.139344787597656
3332,5.484444427490234
3333,5.554956245422363
3334,4.958132362365722
3335,6.517976474761963
3336,4.370986652374268
3337,2.735195589065552
3338,6.393262100219727
3339,4.680988025665283
3340,8.056515312194824
3341,8.207018280029297
3342,7.10710506439209
3343,5.930016040802002
3344,5.1393256187438965
3345,6.6864911079406735
3346,6.656005859375
3347,9.23381061553955
3348,8.399428749084473
3349,7.554360675811767
3350,8.52260913848877
3351,5.100698757171631
3352,5.535726261138916
3353,7.063369464874268
3354,7.25451889038086
3355,6.390908336639404
3356,7.255591964721679
3357,8.04161376953125
3358,8.976014328002929
3359,6.247654438018799
3360,6.544632053375244
3361,8.068309783935547
3362,7.382318687438965
3363,6.07257776260376
3364,7.302349090576172
3365,2.0860211133956907
3366,5.044135570526123
3367,5.619750213623047
3368,7.395008182525634
3369,5.918493747711182
3370,4.311726093292236
3371,6.546975803375244
3372,7.021652698516846
3373,7.55380220413208
3374,6.149027156829834
3375,5.506364917755127
3376,8.770740699768066
3377,4.187559604644775
3378,7.225733375549316
3379,5.647678470611572
3380,6.532193660736084
3381,8.161393165588379
3382,3.472235822677612
3383,6.489275360107422
3384,6.628914260864258
3385,7.861757373809814
3386,4.465427303314209
3387,8.304298782348633
3388,8.725111198425292
3389,7.521841239929199
3390,8.063507461547852
3391,7.8384346008300785
3392,3.7523510456085205
3393,7.2588249206542965
3394,6.593857479095459
3395,5.560459232330322
3396,4.484987354278564
3397,9.614434242248535
3398,9.887062644958496
3399,2.5844070434570314
3400,9.456043243408203
3401,6.201125812530518
3402,6.4381061553955075
3403,5.6062548637390135
3404,6.136659240722656
3405,6.219844818115234
3406,7.660780143737793
3407,7.473777770996094
3408,6.147400569915772
3409,4.679864692687988
3410,4.923837089538575
3411,5.067886447906494
3412,3.918060779571533
3413,6.522923183441162
3414,5.917528438568115
3415,6.574096012115478
3416,5.650398254394531
3417,5.888141822814942
3418,4.718105602264404
3419,6.351578330993652
3420,4.6084918022155765
3421,5.8770195007324215
3422,7.211605167388916
3423,4.589721202850342
3424,7.537012100219727
3425,5.219343662261963
3426,9.250302124023438
3427,4.503145599365235
3428,5.639778327941895
3429,7.193819618225097
3430,6.514046001434326
3431,6.021256732940674
3432,1.9909057140350341
3433,7.359377861022949
3434,6.586843681335449
3435,6.374559116363526
3436,5.183374500274658
3437,4.51269760131836
3438,8.754963874816895
3439,5.404562473297119
3440,5.9494325637817385
3441,3.1439230918884276
3442,7.517287635803223
3443,2.855316162109375
3444,5.579435539245606
3445,6.813611221313477
3446,8.853710746765136
3447,7.953586864471435
3448,5.373990154266357
3449,5.176973915100097
3450,5.28439416885376
3451,9.044634056091308
3452,9.671401214599609
3453,8.64367389678955
3454,2.4246337890625
3455,3.9748780727386475
3456,4.957417583465576
3457,6.415239143371582
3458,4.410076141357422
3459,8.458870697021485
3460,1.7552713394165038
3461,5.998374080657959
3462,6.1344606399536135
3463,4.154758024215698
3464,7.486392974853516
3465,5.542625427246094
3466,6.913218879699707
3467,4.880601596832276
3468,4.974148368835449
3469,4.30062084197998
3470,5.858693027496338
3471,4.961059093475342
3472,3.943647766113281
3473,5.351381111145019
3474,9.05316619873047
3475,4.572292327880859
3476,2.1854429721832274
3477,3.8828557968139648
3478,5.1286696434021
3479,7.143435287475586
3480,6.386935043334961
3481,3.6346366882324217
3482,6.638874912261963
3483,8.96401081085205
3484,5.368888187408447
3485,5.9038825035095215
3486,6.016646385192871
3487,5.218044948577881
3488,5.822416877746582
3489,3.9770910263061525
3490,3.8939463615417482
3491,8.039124393463135
3492,8.400446510314941
3493,7.432062816619873
3494,9.155535316467285
3495,6.12513542175293
3496,8.03527889251709
3497,2.199684500694275
3498,6.025662231445312
3499,6.498286247253418
3500,8.639659118652343
3501,4.379269981384278
3502,2.473475980758667
3503,4.33095874786377
3504,3.996869134902954
3505,1.335146999359131
3506,6.0776143074035645
3507,7.667722606658936
3508,7.074474716186524
3509,7.076773738861084
3510,4.765580558776856
3511,6.339935779571533
3512,6.053004455566406
3513,6.263000392913819
3514,6.641780090332031
3515,5.180513000488281
3516,5.166579723358154
3517,9.28392333984375
3518,1.19808509349823
3519,6.8541666030883786
3520,5.4567845344543455
3521,6.3940530776977536
3522,8.813571548461914
3523,5.43693323135376
3524,7.333506107330322
3525,8.779487800598144
3526,3.0668482780456543
3527,5.575378131866455
3528,7.743120765686035
3529,9.695646858215332
3530,8.35578899383545
3531,4.312265872955322
3532,6.337120246887207
3533,7.5925984382629395
3534,6.876033210754395
3535,9.38858470916748
3536,6.408144187927246
3537,4.12410306930542
3538,7.418758964538574
3539,7.4161989212036135
3540,5.592180824279785
3541,6.8752217292785645
3542,7.4609020233154295
3543,6.196251678466797
3544,8.428849220275879
3545,7.791315364837646
3546,7.678564834594726
3547,6.570822811126709
3548,6.031836414337159
3549,4.9151304244995115
3550,6.388726234436035
3551,8.555913162231445
3552,8.131436920166015
3553,7.93638973236084
3554,5.159418296813965
3555,7.632913303375244
3556,5.740091705322266
3557,2.9048823356628417
3558,3.1944629192352294
3559,5.330751609802246
3560,4.120394706726074
3561,6.149657344818115
3562,5.222423267364502
3563,7.748992538452148
3564,8.192942428588868
3565,5.931934070587158
3566,5.391880035400391
3567,4.70276985168457
3568,6.976539039611817
3569,7.219997406005859
3570,5.747532749176026
3571,6.051515388488769
3572,2.030579710006714
3573,8.574449348449708
3574,5.335897827148438
3575,5.05259256362915
3576,7.848937225341797
3577,4.20966796875
3578,8.702172660827637
3579,5.332368564605713
3580,5.03812255859375
3581,1.7392108678817748
3582,6.361790752410888
3583,5.762778568267822
3584,2.9062118530273438
3585,8.081262493133545
3586,6.498942947387695
3587,5.68048210144043
3588,4.781471920013428
3589,4.9907347679138185
3590,2.7731518745422363
3591,7.444843292236328
3592,5.705020999908447
3593,7.991444206237793
3594,6.509436416625976
3595,4.9095032691955565
3596,7.8250936508178714
3597,6.449224376678467
3598,5.567600727081299
3599,6.543978691101074
3600,5.020159339904785
3601,6.689786815643311
3602,3.216632127761841
3603,8.759968757629395
3604,5.42111177444458
3605,5.737841510772705
3606,0.9495213031768799
3607,4.6564301490783695
3608,6.396456050872803
3609,5.525383567810058
3610,5.454830551147461
3611,8.953284072875977
3612,6.121697521209716
3613,4.894642925262451
3614,3.8835035800933837
3615,1.314071273803711
3616,7.767872905731201
3617,6.225951194763184
3618,7.44951810836792
3619,6.2334192276000975
3620,5.485103511810303
3621,4.221852493286133
3622,6.3213903427124025
3623,4.694685077667236
3624,8.519595336914062
3625,6.5217461585998535
3626,8.83091468811035
3627,6.617990112304687
3628,6.447577953338623
3629,3.998478078842163
3630,6.094033145904541
3631,1.7487976789474486
3632,9.50066909790039
3633,6.223294448852539
3634,5.892148971557617
3635,6.011433887481689
3636,6.2349700927734375
3637,2.074182891845703
3638,5.552978801727295
3639,3.5306887149810793
3640,4.166723537445068
3641,3.601030397415161
3642,3.489066743850708
3643,7.594048595428466
3644,7.187750720977784
3645,7.353093433380127
3646,3.346687126159668
3647,6.279479598999023
3648,7.588376522064209
3649,9.72337760925293
3650,8.176558113098144
3651,7.5925976753234865
3652,8.868171310424804
3653,6.389973735809326
3654,5.354578971862793
3655,8.773185539245606
3656,3.1953321933746337
3657,8.622372436523438
3658,5.634160041809082
3659,4.241260051727295
3660,7.817376518249512
3661,7.078213214874268
3662,5.956979370117187
3663,5.3685098648071286
3664,8.305340576171876
3665,4.293754196166992
3666,7.997247695922852
3667,6.779428768157959
3668,7.624540615081787
3669,4.774300479888916
3670,3.4317864894866945
3671,6.9820808410644535
3672,3.2311587810516356
3673,6.5048291206359865
3674,2.494090747833252
3675,2.240178442001343
3676,5.577764511108398
3677,5.484313583374023
3678,5.9400941848754885
3679,6.486865139007568
3680,9.878586196899414
3681,5.509232139587402
3682,8.978746223449708
3683,8.932337379455566
3684,1.4000826835632325
3685,5.22071475982666
3686,7.159465503692627
3687,6.385808277130127
3688,3.025446653366089
3689,6.986359977722168
3690,5.624878025054931
3691,7.1523590087890625
3692,7.911729049682617
3693,9.00958023071289
3694,6.317184066772461
3695,7.519916248321533
3696,6.291117763519287
3697,8.37230987548828
3698,4.739468288421631
3699,4.91731595993042
3700,3.0492337226867674
3701,4.057374477386475
3702,9.484597969055176
3703,3.803611898422241
3704,7.33623046875
3705,6.990221691131592
3706,3.5117424011230467
3707,4.616186332702637
3708,2.6107051372528076
3709,6.12746753692627
3710,6.123836612701416
3711,8.427496147155761
3712,5.547140789031983
3713,3.8625298500061036
3714,5.029223155975342
3715,7.82567024230957
3716,5.331276512145996
3717,6.259584712982178
3718,6.7805249214172365
3719,6.852815723419189
3720,7.693801021575927
3721,8.06135311126709
3722,7.182758140563965
3723,4.124592113494873
3724,8.236661911010742
3725,6.313360404968262
3726,2.7987579822540285
3727,6.5818939208984375
3728,7.087744235992432
3729,6.729727840423584
3730,0.30221166014671325
3731,6.47175178527832
3732,5.070409488677979
3733,7.373146629333496
3734,6.794760227203369
3735,2.093331480026245
3736,6.33832197189331
3737,7.494749546051025
3738,5.60117359161377
3739,8.775175857543946
3740,6.8359678268432615
3741,3.8131906032562255
3742,8.813541030883789
3743,4.749761772155762
3744,5.652376270294189
3745,4.679738712310791
3746,9.499278450012207
3747,7.786881065368652
3748,6.888873672485351
3749,7.439120292663574
3750,2.7293360233306885
3751,3.7335790157318116
3752,6.278884506225586
3753,3.70775728225708
3754,4.220076179504394
3755,6.021664047241211
3756,3.464312505722046
3757,7.7840855598449705
3758,7.929145812988281
3759,6.842922306060791
3760,8.765366363525391
3761,7.105247211456299
3762,4.242233753204346
3763,8.342977905273438
3764,4.454796218872071
3765,9.10367031097412
3766,3.520405912399292
3767,5.971525764465332
3768,6.0251997947692875
3769,6.107683944702148
3770,3.790961742401123
3771,5.843694019317627
3772,3.0456629753112794
3773,4.659230518341064
3774,6.1281050682067875
3775,6.6721680641174315
3776,7.510048961639404
3777,1.258639121055603
3778,6.178631019592285
3779,3.7918937683105467
3780,2.900054454803467
3781,4.105199146270752
3782,5.533754539489746
3783,3.803277921676636
3784,4.194165420532227
3785,8.170880126953126
3786,2.268589448928833
3787,8.278979873657226
3788,5.004059982299805
3789,7.563966083526611
3790,7.68945083618164
3791,5.215181159973144
3792,8.737622261047363
3793,4.448004913330078
3794,4.598117160797119
3795,4.5677801132202145
3796,4.011580562591552
3797,6.593923664093017
3798,3.536821222305298
3799,6.1992522239685055
3800,4.839967823028564
3801,8.786360931396484
3802,3.837222623825073
3803,1.517510461807251
3804,8.975211906433106
3805,1.9822538375854493
3806,8.036470985412597
3807,3.0718074321746824
3808,4.071773052215576
3809,9.11669921875
3810,4.898712253570556
3811,7.343724250793457
3812,6.408910751342773
3813,6.830631065368652
3814,4.960312366485596
3815,6.710083866119385
3816,5.4954606056213375
3817,6.342585659027099
3818,4.4772289276123045
3819,5.997082996368408
3820,8.576790237426758
3821,4.514867687225342
3822,7.936644268035889
3823,7.16893253326416
3824,8.594822883605957
3825,7.930305099487304
3826,4.608688831329346
3827,9.349316787719726
3828,6.221782207489014
3829,5.798878574371338
3830,6.4841437339782715
3831,8.984445190429687
3832,7.532353687286377
3833,5.195959758758545
3834,5.8428147315979
3835,8.629634284973145
3836,5.560182189941406
3837,3.5493974685668945
3838,6.825659942626953
3839,3.961510944366455
3840,8.835522079467774
3841,7.230430316925049
3842,5.618220329284668
3843,5.761197948455811
3844,4.710732364654541
3845,8.855284500122071
3846,2.7021172046661377
3847,5.826238536834717
3848,6.519589519500732
3849,3.810878849029541
3850,9.13920726776123
3851,3.3146831512451174
3852,4.739708805084229
3853,5.96705322265625
3854,3.1363600730895995
3855,4.146527576446533
3856,5.30950813293457
3857,7.1955183982849125
3858,9.480214309692382
3859,3.73387770652771
3860,5.661472320556641
3861,6.993545627593994
3862,2.5276508808135985
3863,4.714888000488282
3864,8.071499633789063
3865,6.052771377563476
3866,5.504026317596436
3867,6.276310157775879
3868,4.302609539031982
3869,6.355828666687012
3870,7.0448939323425295
3871,6.113742065429688
3872,6.298167133331299
3873,5.4253558158874515
3874,6.873590087890625
3875,6.0464530944824215
3876,7.847590541839599
3877,6.8856276512146
3878,7.155000019073486
3879,1.8638614654541015
3880,7.085334587097168
3881,5.147684097290039
3882,7.287111377716064
3883,8.339180374145508
3884,7.914830303192138
3885,4.170303726196289
3886,2.016546702384949
3887,2.350181770324707
3888,7.776616096496582
3889,6.525044918060303
3890,9.365900802612305
3891,6.871621894836426
3892,3.090347146987915
3893,3.1801486015319824
3894,7.403109836578369
3895,5.774748611450195
3896,5.588594150543213
3897,3.5292051315307615
3898,6.390996360778809
3899,2.1278701782226563
3900,5.053695011138916
3901,6.973781490325928
3902,8.421108818054199
3903,8.719296646118163
3904,5.836057376861572
3905,7.212678050994873
3906,1.3570132732391358
3907,8.680852127075195
3908,3.621052122116089
3909,1.1581077575683594
3910,7.409257888793945
3911,6.864284896850586
3912,4.065111827850342
3913,5.016861820220948
3914,5.075999164581299
3915,6.199106884002686
3916,8.99977741241455
3917,2.0565577507019044
3918,6.30303955078125
3919,6.3503005027771
3920,0.3031760573387146
3921,6.161716365814209
3922,3.1381019592285155
3923,6.707913494110107
3924,5.704749870300293
3925,7.741629219055175
3926,6.537757873535156
3927,2.9817487716674806
3928,6.840337657928467
3929,2.287595796585083
3930,6.242128562927246
3931,4.4306341171264645
3932,3.3348914623260497
3933,5.7120038032531735
3934,1.3180805444717407
3935,4.66596097946167
3936,7.38954792022705
3937,5.062848663330078
3938,4.337023830413818
3939,4.478055191040039
3940,7.545669078826904
3941,3.3398701667785646
3942,3.537891912460327
3943,6.4459880828857425
3944,4.744265460968018
3945,4.242666244506836
3946,5.677259063720703
3947,8.125433921813965
3948,8.494656562805176
3949,3.7955318450927735
3950,2.1522470474243165
3951,6.086341476440429
3952,3.5955468654632567
3953,6.80944299697876
3954,6.109840202331543
3955,7.359072685241699
3956,5.664801502227784
3957,5.445008754730225
3958,4.7013500213623045
3959,8.258661842346191
3960,7.577201175689697
3961,3.717563104629517
3962,7.464127063751221
3963,4.322960567474365
3964,3.9659470558166503
3965,6.6552653312683105
3966,5.623961162567139
3967,4.891651725769043
3968,6.909011554718018
3969,1.4720099449157715
3970,9.16649112701416
3971,8.352415657043457
3972,6.355821704864502
3973,3.733585071563721
3974,9.267179489135742
3975,4.760800075531006
3976,8.739779281616212
3977,6.693830776214599
3978,3.1255205154418944
3979,7.168608665466309
3980,5.491844272613525
3981,7.692673015594482
3982,9.82732334136963
3983,6.839577007293701
3984,3.424385356903076
3985,9.512761878967286
3986,5.475497817993164
3987,5.300795650482177
3988,6.853056144714356
3989,7.420889854431152
3990,6.076767444610596
3991,2.253386116027832
3992,5.819338130950928
3993,7.908121395111084
3994,4.009592914581299
3995,4.0691508769989015
3996,8.591728210449219
3997,7.703805828094483
3998,5.659122371673584
3999,5.3108296394348145
4000,4.432978534698487
4001,6.036603260040283
4002,4.001843357086182
4003,4.56823616027832
4004,5.2597246170043945
4005,5.3756224632263185
4006,7.1254528045654295
4007,4.96311616897583
4008,8.810539627075196
4009,7.080369186401367
4010,5.702549076080322
4011,6.845677661895752
4012,2.2799814701080323
4013,3.0038124561309814
4014,3.2886380672454836
4015,5.1710131645202635
4016,4.177059841156006
4017,3.3176364421844484
4018,6.436045837402344
4019,5.675497055053711
4020,9.299127197265625
4021,2.220760774612427
4022,8.452528762817384
4023,5.607222652435302
4024,6.666113567352295
4025,1.7834074258804322
4026,7.424490737915039
4027,8.220110893249512
4028,5.67774076461792
4029,7.296697807312012
4030,6.006641960144043
4031,7.8303961753845215
4032,5.097178268432617
4033,8.917265701293946
4034,6.458358192443848
4035,6.213620662689209
4036,9.61946792602539
4037,6.664994525909424
4038,5.331789588928222
4039,4.845569324493408
4040,3.2723128318786623
4041,8.06038236618042
4042,7.136717510223389
4043,8.156161880493164
4044,6.45246992111206
4045,8.02132053375244
4046,5.05829267501831
4047,3.2780010223388674
4048,7.18123607635498
4049,4.2153715133667
4050,4.922079753875733
4051,2.1746659517288207
4052,4.101999568939209
4053,6.0639043807983395
4054,8.051433849334718
4055,4.10713939666748
4056,6.57014684677124
4057,7.691064167022705
4058,8.5292724609375
4059,6.632527160644531
4060,8.024727058410644
4061,6.838839149475097
4062,3.1822112083435057
4063,7.567046356201172
4064,6.384826564788819
4065,2.5326751232147218
4066,6.528335380554199
4067,5.506963920593262
4068,4.964405822753906
4069,7.743696975708008
4070,7.354395961761474
4071,3.1666657447814943
4072,7.414609622955322
4073,8.185459899902344
4074,6.15120153427124
4075,6.7546107292175295
4076,4.17998161315918
4077,5.598039627075195
4078,6.716528415679932
4079,6.900282478332519
4080,2.3747160911560057
4081,5.629469966888427
4082,5.22452974319458
4083,1.941421389579773
4084,7.154456996917725
4085,5.690228462219238
4086,8.007945823669434
4087,5.448117637634278
4088,5.87360725402832
4089,4.309539699554444
4090,5.174980545043946
4091,7.729830169677735
4092,7.919241619110108
4093,4.856904792785644
4094,8.710920143127442
4095,7.24150276184082
4096,7.3450532913208
4097,4.433297348022461
4098,7.312070846557617
4099,5.271266651153565
4100,1.3197671890258789
4101,7.232547855377197
4102,6.75289888381958
4103,5.400924301147461
4104,3.6038521766662597
4105,5.956073474884033
4106,7.450346660614014
4107,5.027065467834473
4108,5.900719928741455
4109,5.782327270507812
4110,5.525589179992676
4111,5.211733818054199
4112,9.211988067626953
4113,4.059003114700317
4114,6.544964408874511
4115,5.784092617034912
4116,9.06215991973877
4117,6.271602916717529
4118,1.3726033926010133
4119,6.355324554443359
4120,5.374401569366455
4121,4.878544044494629
4122,7.810791492462158
4123,5.373828887939453
4124,8.48315143585205
4125,4.908611679077149
4126,5.323499488830566
4127,4.315458297729492
4128,3.7774571418762206
4129,4.515866661071778
4130,3.4860952854156495
4131,6.348803901672364
4132,7.4732917785644535
4133,4.6061018943786625
4134,2.4066726684570314
4135,6.001988315582276
4136,6.090508651733399
4137,4.8651045799255375
4138,2.1820786237716674
4139,7.165737056732178
4140,4.122094202041626
4141,7.893302154541016
4142,3.9080230712890627
4143,7.816781520843506
4144,4.483268451690674
4145,5.34548864364624
4146,5.940628147125244
4147,4.62249641418457
4148,5.827248859405517
4149,7.2213822364807125
4150,3.366984510421753
4151,8.54421501159668
4152,2.6678306102752685
4153,7.305892467498779
4154,7.573924255371094
4155,8.125176811218262
4156,2.872883415222168
4157,6.216421413421631
4158,4.556211280822754
4159,4.06625542640686
4160,5.81083459854126
4161,6.811011505126953
4162,5.125214958190918
4163,5.525271320343018
4164,6.241581153869629
4165,3.0231549739837646
4166,1.3146670579910278
4167,6.523184585571289
4168,5.153328227996826
4169,5.114743900299072
4170,3.161238098144531
4171,2.750174808502197
4172,5.188505172729492
4173,7.947652149200439
4174,6.503133773803711
4175,7.404871940612793
4176,5.076670360565186
4177,6.5847412109375
4178,3.1174628734588623
4179,7.565349674224853
4180,6.87126350402832
4181,3.7432836532592773
4182,7.716477870941162
4183,5.049606513977051
4184,5.09138298034668
4185,5.323269653320312
4186,6.355467319488525
4187,8.527181434631348
4188,6.840138721466064
4189,7.832974910736084
4190,4.462948989868164
4191,7.150699520111084
4192,6.874419021606445
4193,5.407010841369629
4194,3.0600622653961183
4195,8.721334648132324
4196,7.152085494995117
4197,3.1422697067260743
4198,3.826907682418823
4199,9.509976196289063
4200,5.827871417999267
4201,8.578373336791993
4202,7.199617767333985
4203,5.945399475097656
4204,7.524221992492675
4205,3.5834935188293455
4206,5.605602359771728
4207,7.5772504806518555
4208,2.740292453765869
4209,5.580383586883545
4210,5.061804103851318
4211,4.688809013366699
4212,7.337537097930908
4213,4.61042423248291
4214,6.24849042892456
4215,5.697875308990478
4216,6.37062406539917
4217,6.701041603088379
4218,5.3976410865783695
4219,6.01003065109253
4220,5.767458915710449
4221,6.519411563873291
4222,4.951927185058594
4223,7.393740177154541
4224,3.970638608932495
4225,4.490109252929687
4226,7.4666972160339355
4227,4.092160081863403
4228,1.5168922185897826
4229,3.410797643661499
4230,5.607579326629638
4231,4.988641357421875
4232,6.316990661621094
4233,3.3984721660614015
4234,6.912359428405762
4235,6.165788364410401
4236,7.527810192108154
4237,7.129956531524658
4238,5.989083957672119
4239,7.9529845237731935
4240,8.30140724182129
4241,7.715038871765136
4242,7.769648742675781
4243,6.2462584495544435
4244,6.5266642570495605
4245,6.785146427154541
4246,5.517770004272461
4247,8.030646800994873
4248,3.6630789756774904
4249,8.206766128540039
4250,3.531737232208252
4251,2.100362467765808
4252,7.665857124328613
4253,3.900723934173584
4254,5.421935749053955
4255,4.488152027130127
4256,6.04416790008545
4257,4.93145866394043
4258,8.513771438598633
4259,9.141741180419922
4260,7.1986712455749515
4261,1.7890209197998046
4262,5.115710258483887
4263,5.50565996170044
4264,3.417737579345703
4265,4.585557556152343
4266,6.935217571258545
4267,4.7180217742919925
4268,7.056343078613281
4269,5.098377227783203
4270,3.4905794143676756
4271,8.64924201965332
4272,6.826679801940918
4273,4.313770961761475
4274,3.9175527572631834
4275,6.312139797210693
4276,5.7832310676574705
4277,7.028209209442139
4278,6.839442729949951
4279,2.799618053436279
4280,8.32540225982666
4281,8.577713966369629
4282,5.328469944000244
4283,4.878932094573974
4284,6.885714149475097
4285,6.364722633361817
4286,5.168603324890137
4287,4.3859374046325685
4288,6.0645421028137205
4289,6.405536746978759
4290,9.21208610534668
4291,5.887295722961426
4292,9.001387977600098
4293,5.602397537231445
4294,7.405044269561768
4295,4.633327484130859
4296,5.175301933288575
4297,2.8019922733306886
4298,1.976629090309143
4299,3.5837881088256838
4300,7.456212329864502
4301,5.379756832122803
4302,8.326837158203125
4303,6.398123645782471
4304,4.3229063034057615
4305,7.477718734741211
4306,8.288789749145508
4307,7.005702686309815
4308,6.412598991394043
4309,4.864120006561279
4310,8.351951599121094
4311,6.807354927062988
4312,7.948680782318116
4313,6.254103469848633
4314,7.915765762329102
4315,4.668984317779541
4316,6.378042984008789
4317,6.817001152038574
4318,6.074701976776123
4319,4.655606937408447
4320,6.175207614898682
4321,3.6284801959991455
4322,8.246242713928222
4323,6.505591583251953
4324,4.127429389953614
4325,8.386959075927734
4326,4.684483909606934
4327,5.950084972381592
4328,6.552231502532959
4329,5.184299659729004
4330,4.866146564483643
4331,2.3737677097320558
4332,3.6161143302917482
4333,4.103662014007568
4334,7.052974891662598
4335,5.338062763214111
4336,5.448182678222656
4337,4.887394618988037
4338,6.916923141479492
4339,3.937724208831787
4340,6.397315120697021
4341,3.2201586246490477
4342,2.809378671646118
4343,3.4157200336456297
4344,5.007373046875
4345,3.6672530651092528
4346,4.046850633621216
4347,5.741785144805908
4348,6.614024448394775
4349,6.9349510192871096
4350,8.825944519042968
4351,8.743708419799805
4352,7.4894367218017575
4353,5.728507709503174
4354,4.354559326171875
4355,5.887696552276611
4356,5.6227707862854
4357,6.401019859313965
4358,6.115444755554199
4359,6.379415798187256
4360,6.390717315673828
4361,6.377443504333496
4362,8.432856941223145
4363,3.281007671356201
4364,7.587113285064698
4365,8.80832633972168
4366,8.299223899841309
4367,4.322535514831543
4368,9.821350479125977
4369,3.256766414642334
4370,4.858789443969727
4371,3.4793202877044678
4372,2.4668411731719972
4373,8.880048179626465
4374,4.847255706787109
4375,6.45103645324707
4376,3.329174518585205
4377,6.9877677917480465
4378,6.61741886138916
4379,6.047003364562988
4380,5.289229011535644
4381,6.454232978820801
4382,6.047437477111816
4383,5.348477840423584
4384,7.84190149307251
4385,6.695999431610107
4386,9.800623512268066
4387,6.02738676071167
4388,7.17092227935791
4389,9.164704895019531
4390,4.030082035064697
4391,5.410121631622315
4392,9.305261421203614
4393,5.604636287689209
4394,9.72304039001465
4395,7.098859882354736
4396,4.604864311218262
4397,2.3472852230072023
4398,9.434323692321778
4399,6.587068557739258
4400,5.803952693939209
4401,3.710425615310669
4402,7.154972648620605
4403,4.461772346496582
4404,9.277530097961426
4405,8.170188522338867
4406,2.184719467163086
4407,7.9273881912231445
4408,3.530455780029297
4409,6.9964700698852536
4410,4.913959121704101
4411,3.350386619567871
4412,4.5952071189880375
4413,1.433557963371277
4414,5.130412483215332
4415,4.010335874557495
4416,5.2900182723999025
4417,5.625162887573242
4418,5.227145004272461
4419,4.32823371887207
4420,4.639562797546387
4421,7.38134651184082
4422,6.668495464324951
4423,6.9455766677856445
4424,4.568939113616944
4425,5.411725044250488
4426,8.73639736175537
4427,4.097276401519776
4428,5.027545547485351
4429,6.402010059356689
4430,5.383642292022705
4431,3.971591901779175
4432,3.19022274017334
4433,8.376671600341798
4434,4.708877372741699
4435,6.551506996154785
4436,5.797512435913086
4437,2.1582615852355955
4438,6.48176326751709
4439,6.409263610839844
4440,8.04909963607788
4441,9.292243385314942
4442,6.063828563690185
4443,8.829894256591796
4444,7.064759159088135
4445,4.173540687561035
4446,4.986126708984375
4447,5.859530353546143
4448,5.93047866821289
4449,5.181246185302735
4450,3.967533254623413
4451,7.2050378799438475
4452,5.510607719421387
4453,6.026706409454346
4454,4.198184204101563
4455,6.264041900634766
4456,8.038569355010987
4457,6.998375415802002
4458,4.712265396118164
4459,9.287406730651856
4460,7.85441255569458
4461,7.059309768676758
4462,3.553376865386963
4463,2.6699389457702636
4464,5.8420511245727536
4465,4.624527454376221
4466,8.067511653900146
4467,4.34145679473877
4468,6.810001277923584
4469,8.66967716217041
4470,6.065230655670166
4471,7.879432201385498
4472,3.7189263820648195
4473,1.4126595735549927
4474,4.905533027648926
4475,4.84145679473877
4476,5.773176860809326
4477,4.39482364654541
4478,4.1189652442932125
4479,7.144991874694824
4480,4.543928241729736
4481,6.318007755279541
4482,5.605542850494385
4483,5.023900318145752
4484,7.608672428131103
4485,6.825643634796142
4486,4.5849096298217775
4487,9.699192237854003
4488,5.5539957046508786
4489,6.314127254486084
4490,5.601891613006591
4491,5.429030036926269
4492,9.529083061218262
4493,5.366485500335694
4494,8.500683784484863
4495,2.285330963134766
4496,4.75621223449707
4497,4.586792850494385
4498,3.3258482456207275
4499,3.9234056949615477
4500,6.022229480743408
4501,6.136595916748047
4502,2.100633478164673
4503,2.0202800750732424
4504,4.581068801879883
4505,7.218491935729981
4506,3.185287618637085
4507,8.551333808898926
4508,9.242841529846192
4509,6.212802791595459
4510,4.516783618927002
4511,7.296787166595459
4512,7.266635513305664
4513,7.267008972167969
4514,8.911183738708496
4515,8.239315032958984
4516,4.354508399963379
4517,6.576783943176269
4518,6.744239330291748
4519,0.944212019443512
4520,6.885993194580078
4521,5.281686401367187
4522,4.821345424652099
4523,6.701810836791992
4524,4.458157920837403
4525,6.871685409545899
4526,6.5643630027771
4527,7.773261451721192
4528,7.31864709854126
4529,6.902100849151611
4530,7.28815803527832
4531,5.254902458190918
4532,2.7786560535430906
4533,9.612020683288574
4534,9.592184066772461
4535,5.8277161598205565
4536,7.637173652648926
4537,8.185792160034179
4538,5.805728435516357
4539,7.009459590911865
4540,3.372128391265869
4541,4.450753211975098
4542,4.23377046585083
4543,3.989448308944702
4544,6.253673076629639
4545,6.101654815673828
4546,5.525453758239746
4547,5.044454574584961
4548,3.6220312118530273
4549,8.766236305236816
4550,7.017664051055908
4551,4.993479442596436
4552,4.609177303314209
4553,7.845889854431152
4554,4.280036067962646
4555,9.881978797912598
4556,5.566416931152344
4557,8.179262351989745
4558,3.220935583114624
4559,8.044892024993896
4560,6.600196361541748
4561,7.3764690399169925
4562,3.5543224811553955
4563,4.1391692638397215
4564,7.643787956237793
4565,1.8202233076095582
4566,7.989012813568115
4567,5.304273700714111
4568,5.2084839820861815
4569,6.0968170166015625
4570,5.922134780883789
4571,3.86306095123291
4572,6.6471028327941895
4573,7.212353324890136
4574,6.18255500793457
4575,4.128571891784668
4576,5.969296932220459
4577,4.372152709960938
4578,6.242926692962646
4579,7.3665289878845215
4580,8.673831748962403
4581,8.628483009338378
4582,7.817310619354248
4583,8.583738136291505
4584,3.7518423557281495
4585,7.1929058074951175
4586,7.718087005615234
4587,7.587008953094482
4588,8.149247646331787
4589,8.348226356506348
4590,6.069906425476074
4591,8.171922874450683
4592,7.39498872756958
4593,6.661294174194336
4594,6.2251945495605465
4595,2.507041311264038
4596,3.9483460426330566
4597,7.139757823944092
4598,7.484176731109619
4599,3.407958984375
4600,6.9588624954223635
4601,6.180341529846191
4602,5.548481845855713
4603,8.445341873168946
4604,5.4693022727966305
4605,9.204147720336914
4606,6.39854326248169
4607,8.299563789367676
4608,6.8923334121704105
4609,7.127920532226563
4610,4.354867267608642
4611,5.510523891448974
4612,3.4748153686523438
4613,4.184968376159668
4614,7.538686943054199
4615,6.797342014312744
4616,7.285176849365234
4617,7.893515014648438
4618,6.0038501739501955
4619,6.506375408172607
4620,9.13907470703125
4621,6.91470365524292
4622,6.618019390106201
4623,4.1787182807922365
4624,6.035120677947998
4625,2.388936758041382
4626,7.0605549812316895
4627,9.01243190765381
4628,4.722159957885742
4629,4.500763988494873
4630,6.244289112091065
4631,4.709569835662842
4632,5.441375827789306
4633,8.769843101501465
4634,6.913168334960938
4635,5.430652904510498
4636,6.088621330261231
4637,6.445063209533691
4638,7.383882713317871
4639,5.33918399810791
4640,8.725901794433593
4641,6.426592922210693
4642,5.734079170227051
4643,7.271333026885986
4644,4.807628345489502
4645,8.486084175109863
4646,6.4576311111450195
4647,3.5408393859863283
4648,5.74281005859375
4649,7.414084243774414
4650,5.4550048828125
4651,9.203616523742676
4652,5.904827022552491
4653,9.58536891937256
4654,6.439660263061524
4655,7.7919587135314945
4656,6.9481932640075685
4657,5.421122264862061
4658,3.95716552734375
4659,8.398169708251952
4660,6.707927131652832
4661,5.775236797332764
4662,1.5551547050476073
4663,8.491893768310547
4664,6.245407676696777
4665,4.293321895599365
4666,7.269549179077148
4667,4.714046478271484
4668,8.22556800842285
4669,5.50125207901001
4670,4.9195527076721195
4671,8.28502368927002
4672,4.244043636322021
4673,8.596198654174804
4674,8.752628517150878
4675,3.354466676712036
4676,7.921878528594971
4677,3.2490256309509276
4678,6.436024761199951
4679,6.310505676269531
4680,6.394397354125976
4681,6.967586898803711
4682,2.1524694681167604
4683,7.915568923950195
4684,8.773247146606446
4685,5.607840728759766
4686,8.030470657348634
4687,4.172780466079712
4688,6.6965012550354
4689,10.0
4690,4.109155750274658
4691,7.229736328125
4692,7.207817554473877
4693,7.963514041900635
4694,5.323703956604004
4695,5.6019209861755375
4696,7.811209392547608
4697,4.109478950500488
4698,7.780366611480713
4699,6.781167221069336
4700,3.954620838165283
4701,4.825767707824707
4702,7.408671283721924
4703,4.91980390548706
4704,5.062597370147705
4705,3.393596124649048
4706,3.3772172927856445
4707,5.108893489837646
4708,6.14359827041626
4709,4.310832405090332
4710,7.38952751159668
4711,5.076278209686279
4712,6.54691801071167
4713,5.183243656158448
4714,5.320696926116943
4715,3.8606701374053953
4716,5.86046667098999
4717,4.069515800476074
4718,5.851914596557617
4719,3.91312575340271
4720,7.499986267089843
4721,1.7632510900497436
4722,4.960558605194092
4723,7.773171997070312
4724,5.71037073135376
4725,4.367626285552978
4726,5.356898307800293
4727,4.163494396209717
4728,8.572289085388183
4729,2.4196351528167725
4730,6.886305618286133
4731,5.648828792572021
4732,5.685648727416992
4733,8.550653266906739
4734,7.1676420211792
4735,8.269300270080567
4736,6.732856369018554
4737,5.33884859085083
4738,9.292148017883301
4739,8.463267135620118
4740,5.693043804168701
4741,7.070434856414795
4742,5.483654117584228
4743,6.114066123962402
4744,5.959756183624267
4745,5.7556922912597654
4746,3.54996018409729
4747,9.214055252075195
4748,5.135514736175537
4749,4.766695594787597
4750,7.936314868927002
4751,6.496786308288574
4752,7.095153903961181
4753,0.6713535904884338
4754,6.814284992218018
4755,6.720814418792725
4756,5.600510883331299
4757,7.961878776550293
4758,8.53903865814209
4759,4.489809894561768
4760,3.529422664642334
4761,5.682971000671387
4762,6.688418292999268
4763,6.579624462127685
4764,5.2125931739807125
4765,6.696734809875489
4766,6.723294258117676
4767,5.633422470092773
4768,4.829210567474365
4769,2.933580827713013
4770,3.0885037899017336
4771,5.371092987060547
4772,6.7882506370544435
4773,6.011072063446045
4774,4.6185681343078615
4775,6.893410110473633
4776,6.405262756347656
4777,6.754314708709717
4778,6.075870227813721
4779,9.231598854064941
4780,6.273722076416016
4781,4.748165035247803
4782,7.265402317047119
4783,1.9079134702682494
4784,5.044601917266846
4785,5.460245513916016
4786,7.791922569274902
4787,6.302392768859863
4788,9.097220039367675
4789,6.372777462005615
4790,6.226294231414795
4791,8.025607109069824
4792,5.00554141998291
4793,6.437287044525147
4794,6.137049865722656
4795,6.566547107696533
4796,6.022805786132812
4797,2.749275636672974
4798,3.2886464595794678
4799,5.913408946990967
4800,4.991818141937256
4801,9.28943748474121
4802,7.4477620124816895
4803,4.706496524810791
4804,6.427427291870117
4805,6.407891845703125
4806,6.183674907684326
4807,4.6757279396057125
4808,6.234014320373535
4809,6.358826065063477
4810,6.953974819183349
4811,2.644559717178345
4812,3.71889443397522
4813,7.046391201019287
4814,2.840423345565796
4815,6.424004745483399
4816,5.421543407440185
4817,6.66232967376709
4818,5.751384162902832
4819,4.99925127029419
4820,7.7407958984375
4821,5.573887920379638
4822,4.529078197479248
4823,6.69207878112793
4824,3.613034963607788
4825,8.077225875854491
4826,7.38569974899292
4827,4.7363152503967285
4828,7.882693195343018
4829,7.087387752532959
4830,4.956795597076416
4831,4.555342102050782
4832,6.843184185028076
4833,6.234423637390137
4834,3.5358009338378906
4835,4.612491798400879
4836,8.384952354431153
4837,5.0948714256286625
4838,5.737288570404052
4839,7.859604263305664
4840,5.679396152496338
4841,1.807548451423645
4842,6.780673599243164
4843,7.79558916091919
4844,7.2620930671691895
4845,7.6756815910339355
4846,6.7416383743286135
4847,5.463803482055664
4848,5.645825481414795
4849,3.2508203029632567
4850,1.4992303133010865
4851,7.557890605926514
4852,5.853785514831543
4853,4.179594230651856
4854,6.936783790588379
4855,5.589681720733642
4856,2.727962350845337
4857,6.410109233856201
4858,6.116967678070068
4859,6.4515973091125485
4860,8.796856117248534
4861,5.738930988311767
4862,5.557809066772461
4863,4.4068585395812985
4864,6.647472095489502
4865,6.999973583221435
4866,2.1064341068267822
4867,3.4857435703277586
4868,5.979025363922119
4869,5.421676731109619
4870,7.334599876403809
4871,6.807155609130859
4872,5.546109008789062
4873,4.765428447723389
4874,5.228546142578125
4875,6.581565570831299
4876,8.941826820373535
4877,5.548707389831543
4878,4.564952182769775
4879,5.728910446166992
4880,6.803149127960205
4881,8.764212036132813
4882,2.49965615272522
4883,5.040827941894531
4884,5.911588954925537
4885,6.935142898559571
4886,4.323764801025391
4887,9.585456848144531
4888,8.44892921447754
4889,3.756475496292114
4890,3.8318390369415285
4891,5.499820804595947
4892,5.469100856781006
4893,4.804943656921386
4894,5.138683795928955
4895,3.778614044189453
4896,5.646267890930176
4897,7.994398784637451
4898,7.885970973968506
4899,7.24795970916748
4900,6.45471420288086
4901,5.240182018280029
4902,6.361146545410156
4903,5.447938060760498
4904,5.471549797058105
4905,5.902904891967774
4906,5.207496929168701
4907,8.47205638885498
4908,1.9906924724578858
4909,8.030568313598632
4910,8.43067455291748
4911,6.1892725944519045
4912,5.752253723144531
4913,6.679801273345947
4914,7.692187690734864
4915,5.210268783569336
4916,3.718919277191162
4917,5.647833156585693
4918,4.1338146209716795
4919,7.404441261291504
4920,6.212631702423096
4921,6.742885398864746
4922,5.164385509490967
4923,5.5738729476928714
4924,7.803768825531006
4925,3.1173026084899904
4926,3.1477541446685793
4927,6.015964508056641
4928,5.835795116424561
4929,4.4659699440002445
4930,8.63930721282959
4931,5.494751262664795
4932,6.404985523223877
4933,8.223212814331054
4934,4.6689732551574705
4935,7.8487548828125
4936,5.0945967674255375
4937,6.9200516700744625
4938,2.2547871112823485
4939,2.471937656402588
4940,6.003544807434082
4941,5.386401748657226
4942,4.466150856018066
4943,6.254360294342041
4944,9.145670509338379
4945,6.258273887634277
4946,5.557513236999512
4947,7.867524147033691
4948,1.2364644885063172
4949,5.597408485412598
4950,2.6509916305541994
4951,7.837428951263428
4952,5.538248538970947
4953,6.287393283843994
4954,4.772634029388428
4955,5.37190523147583
4956,6.700048351287842
4957,7.563480377197266
4958,7.171669960021973
4959,3.3655029296875
4960,6.094498062133789
4961,2.8738884925842285
4962,7.8158753395080565
4963,6.2164788246154785
4964,4.418853759765625
4965,7.460546970367432
4966,7.440740776062012
4967,7.614751243591309
4968,2.6435564041137694
4969,6.298303604125977
4970,7.324754619598389
4971,5.347698497772217
4972,5.028105735778809
4973,0.9470257878303527
4974,3.2700376987457274
4975,8.370014190673828
4976,3.2392351627349854
4977,8.044290161132812
4978,6.0959878921508786
4979,3.228266477584839
4980,6.0164971351623535
4981,6.074441051483154
4982,6.915872383117676
4983,3.759291076660156
4984,7.958197402954101
4985,5.43475112915039
4986,7.462770557403564
4987,3.864918518066406
4988,3.1208565711975096
4989,7.036406707763672
4990,8.244560050964356
4991,6.21946907043457
4992,5.562073421478272
4993,8.122225856781006
4994,6.315299224853516
4995,6.76188325881958
4996,7.518808269500733
4997,4.784960460662842
4998,5.972346019744873
4999,7.348009300231934
5000,5.068448925018311
5001,3.479994297027588
5002,5.338825798034668
5003,5.515006637573242
5004,5.963142395019531
5005,6.585018730163574
5006,4.659504795074463
5007,8.21445198059082
5008,3.6490575790405275
5009,6.272947978973389
5010,4.309745597839355
5011,7.0488996505737305
5012,8.167610549926758
5013,3.3787867069244384
5014,4.518289470672608
5015,6.255492305755615
5016,6.485021591186523
5017,4.80990629196167
5018,6.393107509613037
5019,7.648140525817871
5020,7.429394245147705
5021,8.475711631774903
5022,5.739570999145508
5023,4.872811031341553
5024,6.904293155670166
5025,3.6481946468353272
5026,7.5232696533203125
5027,6.005931186676025
5028,5.243724250793457
5029,4.644208526611328
5030,3.968015718460083
5031,7.222105216979981
5032,8.812892150878906
5033,6.519549560546875
5034,8.91096477508545
5035,3.1605388164520263
5036,5.516342639923096
5037,7.333036136627197
5038,9.868473625183105
5039,6.2709756851196286
5040,6.143903827667236
5041,4.5298174858093265
5042,7.7369636535644535
5043,8.262004089355468
5044,5.596999168395996
5045,6.305596256256104
5046,3.941740369796753
5047,4.175100421905517
5048,4.666336536407471
5049,8.680717658996581
5050,4.206436061859131
5051,4.084311056137085
5052,4.952266979217529
5053,7.358741569519043
5054,3.1591472148895265
5055,1.9228902816772462
5056,7.338001155853272
5057,5.887864208221435
5058,5.648740959167481
5059,4.864489269256592
5060,5.749775123596192
5061,6.337104225158692
5062,7.142602252960205
5063,1.9893714666366578
5064,9.061893844604493
5065,7.614912223815918
5066,5.737450122833252
5067,6.235641384124756
5068,8.688264846801758
5069,4.523625183105469
5070,8.614328956604004
5071,7.566087818145752
5072,7.089344215393067
5073,7.568574237823486
5074,5.069788551330566
5075,4.807081794738769
5076,5.961775398254394
5077,4.184033536911011
5078,6.125791549682617
5079,4.105191564559936
5080,7.414942455291748
5081,7.560800552368164
5082,3.9885931968688966
5083,6.931179714202881
5084,3.950066089630127
5085,2.173453140258789
5086,5.574154281616211
5087,3.660266876220703
5088,7.960987949371338
5089,5.753304290771484
5090,5.8356812477111815
5091,5.9186708450317385
5092,3.774273729324341
5093,8.213931655883789
5094,4.958856773376465
5095,4.602144050598144
5096,0.6675464272499084
5097,4.718003559112549
5098,5.422293567657471
5099,8.554649543762206
5100,4.611240291595459
5101,6.020028972625733
5102,8.017594623565675
5103,5.625497150421142
5104,9.138300514221191
5105,2.703319025039673
5106,6.194964599609375
5107,5.907881450653076
5108,4.938214302062988
5109,5.300711059570313
5110,6.529919719696045
5111,4.845665359497071
5112,6.658487606048584
5113,6.430767631530761
5114,4.497159862518311
5115,1.6610390901565553
5116,9.163796424865723
5117,6.050879001617432
5118,4.688253116607666
5119,4.061630916595459
5120,6.449016380310058
5121,5.923225688934326
5122,7.433632946014404
5123,8.085273456573486
5124,6.6969348907470705
5125,4.2603222846984865
5126,4.217081546783447
5127,5.424106597900391
5128,5.680294609069824
5129,7.701152324676514
5130,6.1921836853027346
5131,8.69781036376953
5132,4.228461265563965
5133,7.69626522064209
5134,4.3430256843566895
5135,2.83060359954834
5136,7.343374252319336
5137,6.36008996963501
5138,9.169180297851563
5139,6.219140815734863
5140,5.181519317626953
5141,0.0
5142,6.021708297729492
5143,4.067566537857056
5144,4.99817476272583
5145,6.975195026397705
5146,5.448210048675537
5147,5.261152648925782
5148,5.973038101196289
5149,3.5686310291290284
5150,5.168734931945801
5151,6.7525145530700685
5152,8.556752586364746
5153,7.194576740264893
5154,6.007868957519531
5155,5.733659172058106
5156,5.2331493377685545
5157,7.0444317817687985
5158,4.404181385040284
5159,5.301132583618164
5160,4.3149665832519535
5161,4.064033699035645
5162,7.705784511566162
5163,4.269897842407227
5164,7.801942348480225
5165,8.144352531433105
5166,7.5163346290588375
5167,3.221764087677002
5168,9.768774223327636
5169,0.9791805863380432
5170,6.056553077697754
5171,4.946145343780517
5172,5.88635950088501
5173,5.425572395324707
5174,6.060873031616211
5175,4.802563285827636
5176,9.354548263549805
5177,8.830556106567382
5178,8.037055110931396
5179,1.1960811853408813
5180,6.0300897598266605
5181,1.18235684633255
5182,6.360180950164795
5183,6.484581756591797
5184,7.309499931335449
5185,5.34487886428833
5186,4.995863914489746
5187,5.9385944366455075
5188,5.088575935363769
5189,2.8315567493438722
5190,6.181344413757325
5191,5.552138710021973
5192,6.2499011039733885
5193,7.583152770996094
5194,5.32279109954834
5195,3.501460075378418
5196,4.467977619171142
5197,4.197833919525147
5198,3.64581298828125
5199,5.4495899200439455
5200,5.515117168426514
5201,5.812044239044189
5202,7.452998447418213
5203,3.2348418712615965
5204,5.592333221435547
5205,8.943314743041991
5206,2.556548547744751
5207,6.8559314727783205
5208,4.301680183410644
5209,3.4470048427581785
5210,7.1931804656982425
5211,4.889949703216553
5212,7.761605644226075
5213,4.67056827545166
5214,6.927878761291504
5215,9.267943572998046
5216,8.511627960205079
5217,3.2356963634490965
5218,7.227420043945313
5219,6.433948993682861
5220,5.71641902923584
5221,6.6247382164001465
5222,2.8290669918060303
5223,6.367894554138184
5224,7.472087669372558
5225,6.845693683624267
5226,3.7748785972595216
5227,4.987034320831299
5228,6.867050075531006
5229,6.264572429656982
5230,5.908131790161133
5231,6.136818599700928
5232,6.5402750968933105
5233,3.87087197303772
5234,3.6321004390716554
5235,7.689151763916016
5236,5.304794597625732
5237,7.298407936096192
5238,6.8303914070129395
5239,6.648112678527832
5240,4.722949409484864
5241,7.526942157745362
5242,8.712335395812989
5243,3.744633340835571
5244,5.8272552490234375
5245,5.192878341674804
5246,8.111920833587646
5247,7.814310741424561
5248,4.5077790260314945
5249,8.522308921813964
5250,6.999703407287598
5251,6.445316791534424
5252,6.269517040252685
5253,6.990014171600341
5254,3.2868539333343505
5255,5.575246906280517
5256,7.4878744125366214
5257,3.0231868743896486
5258,7.437314033508301
5259,4.223449611663819
5260,4.2027466773986815
5261,7.9057599067687985
5262,3.523565435409546
5263,6.463215446472168
5264,6.581904315948487
5265,7.211398124694824
5266,6.249982738494873
5267,6.750632476806641
5268,6.487303447723389
5269,5.9609375
5270,10.0
5271,6.252610778808593
5272,6.760730457305908
5273,4.806623554229736
5274,4.600860214233398
5275,2.9186439037323
5276,5.0726673126220705
5277,5.948484897613525
5278,7.527699661254883
5279,7.692303848266602
5280,4.980760765075684
5281,5.918250370025635
5282,7.958571052551269
5283,2.458653450012207
5284,4.76857738494873
5285,6.223914718627929
5286,9.132717704772949
5287,8.649658393859863
5288,5.738243675231933
5289,5.77008056640625
5290,6.278567218780518
5291,5.519642734527588
5292,7.135938930511474
5293,5.57063856124878
5294,5.365314769744873
5295,5.202587127685547
5296,5.690176296234131
5297,5.778095817565918
5298,6.40415096282959
5299,9.033640480041504
5300,2.3215231895446777
5301,7.621937942504883
5302,4.14988374710083
5303,3.26812162399292
5304,3.6049336433410644
5305,7.818559074401856
5306,4.295964622497559
5307,2.0277906179428102
5308,7.75150318145752
5309,6.098763179779053
5310,5.108096122741699
5311,6.3658805847167965
5312,6.465612316131592
5313,2.195003366470337
5314,7.0280708312988285
5315,5.279012203216553
5316,5.827334880828857
5317,4.155729961395264
5318,5.144501209259033
5319,3.7597374439239504
5320,8.337490272521972
5321,3.3236927509307863
5322,6.334661483764648
5323,4.906278610229492
5324,6.619894504547119
5325,5.545397472381592
5326,6.489365100860596
5327,6.068183326721192
5328,5.425471401214599
5329,7.212531661987304
5330,1.7055487632751465
5331,7.94482011795044
5332,1.8424143314361572
5333,4.436443328857422
5334,4.851312255859375
5335,3.075541114807129
5336,5.810656356811523
5337,4.41095552444458
5338,6.529965877532959
5339,6.447912883758545
5340,7.612388992309571
5341,7.719577407836914
5342,2.675471830368042
5343,7.597963047027588
5344,5.456519317626953
5345,5.409897518157959
5346,5.360924434661865
5347,3.692405652999878
5348,6.479153442382812
5349,6.824806499481201
5350,3.6194111347198485
5351,3.841508388519287
5352,6.301535892486572
5353,6.943003177642822
5354,6.8238273620605465
5355,5.930931472778321
5356,4.938472747802734
5357,2.586389446258545
5358,9.180631065368653
5359,6.74782075881958
5360,7.098880100250244
5361,6.362656974792481
5362,7.404272556304932
5363,6.787282657623291
5364,8.645515441894531
5365,1.2479417085647584
5366,6.962650108337402
5367,6.089940071105957
5368,5.348100280761718
5369,1.802190899848938
5370,7.733810234069824
5371,8.221898651123047
5372,8.481246376037598
5373,2.15423047542572
5374,4.759552955627441
5375,6.430378341674805
5376,8.047339725494385
5377,4.4380998611450195
5378,6.023178291320801
5379,7.370283508300782
5380,5.271989631652832
5381,5.476519966125489
5382,5.38876428604126
5383,6.760341358184815
5384,4.547698593139648
5385,7.521429443359375
5386,4.546734714508057
5387,8.096319198608398
5388,3.8074281215667725
5389,7.448998832702637
5390,7.068587589263916
5391,7.595508480072022
5392,6.092418384552002
5393,8.908237075805664
5394,6.229897689819336
5395,8.945462799072265
5396,3.4011075496673584
5397,1.6610488414764404
5398,6.966054534912109
5399,4.256551265716553
5400,3.6087321758270265
5401,6.598284530639648
5402,7.992630577087402
5403,2.9876219749450685
5404,4.22032995223999
5405,7.769121551513672
5406,6.705222129821777
5407,5.857036304473877
5408,5.409051704406738
5409,6.80300121307373
5410,3.937296962738037
5411,9.88371524810791
5412,3.646112632751465
5413,7.3859583854675295
5414,8.506926155090332
5415,6.487755966186524
5416,6.597550773620606
5417,7.938617324829101
5418,4.283031988143921
5419,5.030847263336182
5420,7.657423496246338
5421,6.852582836151123
5422,3.882440280914307
5423,5.079692554473877
5424,5.086814975738525
5425,4.503742790222168
5426,5.470262908935547
5427,2.7283918857574463
5428,5.986870288848877
5429,8.690646553039551
5430,2.741769027709961
5431,6.015271186828613
5432,9.125897026062011
5433,2.9299079895019533
5434,6.141656684875488
5435,6.701701545715332
5436,4.137852334976197
5437,4.560766983032226
5438,4.051711797714233
5439,5.94696798324585
5440,4.089413452148437
5441,9.159573364257813
5442,7.830542469024659
5443,7.650613498687744
5444,8.281508255004884
5445,6.1811981201171875
5446,8.123902130126954
5447,4.040224027633667
5448,7.3603339195251465
5449,6.978853988647461
5450,3.1037283420562742
5451,6.876924324035644
5452,9.919801902770995
5453,4.354875659942627
5454,4.976592350006103
5455,2.9563069343566895
5456,4.494443893432617
5457,5.349814796447754
5458,6.800727653503418
5459,5.464497661590576
5460,4.089338397979736
5461,4.609714603424072
5462,7.219202995300293
5463,6.357603740692139
5464,6.765818119049072
5465,5.668766212463379
5466,5.081079578399658
5467,2.336726999282837
5468,4.7811685562133786
5469,6.388938045501709
5470,2.8405117988586426
5471,8.914053344726563
5472,3.1000221252441404
5473,7.527906036376953
5474,5.612541198730469
5475,4.977701473236084
5476,6.213150405883789
5477,7.701780128479004
5478,5.852440452575683
5479,3.407724952697754
5480,5.114723777770996
5481,8.93930606842041
5482,6.408724403381347
5483,4.575244045257568
5484,7.25936918258667
5485,7.186705875396728
5486,5.9784746170043945
5487,7.507989883422852
5488,4.636506462097168
5489,5.226746368408203
5490,2.1374650478363035
5491,8.778997421264648
5492,2.4846325874328614
5493,3.6464359760284424
5494,8.209679794311523
5495,4.361970996856689
5496,4.7167562484741214
5497,8.48452262878418
5498,7.057237243652343
5499,7.334107875823975
5500,4.854328918457031
5501,6.460627746582031
5502,3.7537733554840087
5503,7.619347763061524
5504,4.637139415740966
5505,7.157439231872559
5506,5.345053958892822
5507,6.365855312347412
5508,6.550551319122315
5509,4.4906000137329105
5510,9.018081665039062
5511,7.515942859649658
5512,7.171263217926025
5513,8.825804519653321
5514,5.831625175476074
5515,8.375970458984375
5516,4.6169463157653805
5517,6.799247169494629
5518,4.35159969329834
5519,8.616137313842774
5520,4.3161615371704105
5521,7.708259868621826
5522,4.189085865020752
5523,7.111166954040527
5524,3.025083637237549
5525,6.198849391937256
5526,6.42748384475708
5527,6.508831214904785
5528,6.265675163269043
5529,6.595393466949463
5530,3.8946125507354736
5531,6.254576110839844
5532,5.258612728118896
5533,6.696046924591064
5534,6.601440143585205
5535,7.230601215362549
5536,8.89295654296875
5537,6.762934303283691
5538,3.5383334159851074
5539,3.9879502773284914
5540,2.9300493240356444
5541,5.064237308502197
5542,5.077230453491211
5543,6.926746273040772
5544,5.539723587036133
5545,7.468115425109863
5546,4.205203056335449
5547,5.903682231903076
5548,5.563472557067871
5549,7.8618483543396
5550,5.392513370513916
5551,6.151656723022461
5552,8.249170112609864
5553,3.453522825241089
5554,6.294252395629883
5555,9.194856452941895
5556,5.770497035980225
5557,6.656182765960693
5558,3.3430546283721925
5559,5.377358913421631
5560,3.857067584991455
5561,4.356832599639892
5562,4.695641231536865
5563,6.667199325561524
5564,5.725806427001953
5565,4.585872936248779
5566,5.891287040710449
5567,3.8004877090454103
5568,8.095184516906738
5569,7.488164806365967
5570,3.523412656784058
5571,3.925816869735718
5572,5.891967391967773
5573,5.930378818511963
5574,2.596003198623657
5575,9.773136329650878
5576,6.6806377410888675
5577,1.4348001956939698
5578,6.11442985534668
5579,9.53107795715332
5580,6.300152397155761
5581,5.869607925415039
5582,7.308803653717041
5583,8.473044776916504
5584,8.132868194580078
5585,5.8030821800231935
5586,4.592801189422607
5587,2.63918719291687
5588,9.931557846069335
5589,7.0269012451171875
5590,6.920547866821289
5591,4.959057426452636
5592,3.649378204345703
5593,5.950043964385986
5594,6.549333381652832
5595,5.706243515014648
5596,4.0203498840332035
5597,7.613186073303223
5598,8.339309310913086
5599,5.543170070648193
5600,4.760036468505859
5601,5.004141139984131
5602,3.5900121212005613
5603,5.320829105377197
5604,4.9482008934021
5605,7.315297412872314
5606,4.825737380981446
5607,3.6035299777984617
5608,8.650394439697266
5609,4.440964126586914
5610,7.3228484153747555
5611,4.902013206481934
5612,6.7665633201599125
5613,5.97335729598999
5614,3.4156360149383547
5615,5.9175599098205565
5616,7.0264771461486815
5617,4.011173439025879
5618,4.232929229736328
5619,7.270842742919922
5620,7.867677783966064
5621,3.675175905227661
5622,6.69345874786377
5623,2.961483097076416
5624,4.809825420379639
5625,5.575802803039551
5626,6.236297512054444
5627,3.3915883541107177
5628,7.833784389495849
5629,7.715408611297607
5630,5.366673755645752
5631,3.1361096858978272
5632,5.28196382522583
5633,5.832905673980713
5634,6.789872169494629
5635,5.622450351715088
5636,7.146262073516846
5637,9.437446594238281
5638,7.017021942138672
5639,5.325637245178223
5640,3.5787453174591066
5641,4.209786128997803
5642,7.631795501708984
5643,4.608718013763427
5644,6.1684798240661625
5645,1.5185858249664306
5646,3.7162376403808595
5647,4.882018947601319
5648,5.042027854919434
5649,2.7781567096710207
5650,6.05456018447876
5651,3.3561498165130614
5652,1.8565243482589722
5653,6.618759059906006
5654,7.244991207122803
5655,6.007594013214112
5656,8.689066314697266
5657,1.271893811225891
5658,1.6142346620559693
5659,5.3731913566589355
5660,8.00996265411377
5661,3.879163980484009
5662,7.853906631469727
5663,5.900731182098388
5664,5.934906101226806
5665,6.685863018035889
5666,1.2430728912353515
5667,7.070597171783447
5668,2.1223549604415894
5669,8.843819618225098
5670,4.306238174438477
5671,8.2644868850708
5672,5.204654502868652
5673,6.699253368377685
5674,3.7110800743103027
5675,6.363115692138672
5676,7.256857109069824
5677,6.697263526916504
5678,6.900768375396728
5679,8.92827033996582
5680,6.788262271881104
5681,3.6585461616516115
5682,2.0717036962509154
5683,8.308246612548828
5684,7.354791927337646
5685,5.540081882476807
5686,7.867998886108398
5687,4.399452209472656
5688,6.597308731079101
5689,6.1333088874816895
5690,6.7158597946167
5691,6.554152774810791
5692,8.139395713806152
5693,7.141531181335449
5694,6.422848892211914
5695,4.295799446105957
5696,6.896573257446289
5697,3.699245643615723
5698,7.059832954406739
5699,4.781958103179932
5700,6.885196590423584
5701,1.750845193862915
5702,5.059666442871094
5703,4.728181171417236
5704,5.745643615722656
5705,6.261119365692139
5706,2.1799209117889404
5707,6.774242877960205
5708,8.20385456085205
5709,6.9914813995361325
5710,7.558748626708985
5711,6.380756759643555
5712,8.573638153076171
5713,6.375628280639648
5714,6.299449062347412
5715,6.965525150299072
5716,1.1972453594207764
5717,6.230067729949951
5718,2.6478230476379396
5719,6.277594184875488
5720,5.233313083648682
5721,3.943050479888916
5722,8.67362117767334
5723,4.815414524078369
5724,4.271527576446533
5725,8.496427726745605
5726,5.0775275230407715
5727,7.645430564880371
5728,5.196578598022461
5729,6.649154949188232
5730,2.6282392024993895
5731,4.2581579208374025
5732,6.476069736480713
5733,6.677245616912842
5734,7.8612336158752445
5735,4.731483078002929
5736,6.698621463775635
5737,5.45696611404419
5738,4.997536754608154
5739,4.286767768859863
5740,7.544368171691895
5741,2.788282585144043
5742,9.688300323486327
5743,5.721815299987793
5744,4.944265842437744
5745,6.910050868988037
5746,6.228104972839356
5747,3.246184539794922
5748,6.5384947776794435
5749,5.090963745117188
5750,6.138387870788574
5751,5.450056457519532
5752,2.821997117996216
5753,7.48984432220459
5754,6.00088939666748
5755,6.835211277008057
5756,1.7028256177902221
5757,4.829596519470215
5758,6.712816905975342
5759,9.405852127075196
5760,5.1231128692626955
5761,6.15129919052124
5762,3.7337613105773926
5763,3.358519268035889
5764,6.48120527267456
5765,6.669090652465821
5766,4.178246212005615
5767,7.953473854064941
5768,3.354322385787964
5769,6.84380521774292
5770,0.2720975697040558
5771,4.997303199768067
5772,8.065170097351075
5773,4.770322799682617
5774,6.714635848999023
5775,5.250067806243896
5776,2.8168045043945313
5777,5.959202480316162
5778,4.724906349182129
5779,8.122298431396484
5780,5.568380546569824
5781,6.2517266273498535
5782,2.486764097213745
5783,2.831262969970703
5784,4.701696586608887
5785,3.028446912765503
5786,7.593677043914795
5787,7.492511940002442
5788,7.671922969818115
5789,6.046004295349121
5790,8.338970756530761
5791,4.186546707153321
5792,5.394682884216309
5793,7.039346694946289
5794,3.679589605331421
5795,8.814009475708009
5796,6.082205486297608
5797,9.426816368103028
5798,8.964650917053223
5799,4.026858472824097
5800,6.672124576568604
5801,5.289460563659668
5802,6.216009426116943
5803,8.252952575683594
5804,4.5656942367553714
5805,7.7605236053466795
5806,5.892888736724854
5807,9.574861907958985
5808,7.217202281951904
5809,5.78268985748291
5810,7.076412868499756
5811,5.34950590133667
5812,6.390949153900147
5813,8.828664588928223
5814,5.55308895111084
5815,4.832263088226318
5816,6.643747043609619
5817,7.042631435394287
5818,5.47927770614624
5819,7.737767505645752
5820,7.80782413482666
5821,9.206342506408692
5822,5.958157920837403
5823,6.731964111328125
5824,7.111275959014892
5825,7.563556480407715
5826,9.270901489257813
5827,4.990193653106689
5828,8.57613296508789
5829,5.229780292510986
5830,3.2261796474456785
5831,5.455684661865234
5832,4.181179428100586
5833,4.4605437278747555
5834,5.922669506072998
5835,3.185294246673584
5836,4.683255958557129
5837,6.441507148742676
5838,6.3036789894104
5839,7.909034252166748
5840,4.86023530960083
5841,4.791763019561768
5842,7.481985473632813
5843,8.43173885345459
5844,8.621526145935059
5845,9.058358955383301
5846,3.6025890350341796
5847,4.884207439422608
5848,7.697712039947509
5849,5.815921497344971
5850,4.648288440704346
5851,5.787862014770508
5852,5.860045719146728
5853,7.058774662017822
5854,7.056991481781006
5855,4.185167455673218
5856,7.320068645477295
5857,6.5135047912597654
5858,8.666996955871582
5859,8.32280673980713
5860,6.579090690612793
5861,5.754657840728759
5862,5.36004638671875
5863,5.458211135864258
5864,8.97585563659668
5865,6.593516635894775
5866,2.5676150798797606
5867,3.3444330215454103
5868,3.472058916091919
5869,6.623141860961914
5870,2.332201433181763
5871,5.571815776824951
5872,5.557015419006348
5873,7.235525894165039
5874,6.959777355194092
5875,6.310543441772461
5876,3.659607267379761
5877,6.614533805847168
5878,5.9236266136169435
5879,3.52557373046875
5880,6.276470470428467
5881,5.547199058532715
5882,2.6879118919372558
5883,4.426316547393799
5884,7.136167335510254
5885,4.565830039978027
5886,5.487310695648193
5887,7.725599002838135
5888,9.236799049377442
5889,6.069177627563477
5890,7.006896591186523
5891,5.153259658813477
5892,6.57325963973999
5893,8.929633331298827
5894,5.65973424911499
5895,7.72199821472168
5896,5.945994472503662
5897,3.8912196159362793
5898,7.168713665008545
5899,5.705642127990723
5900,6.550346183776855
5901,5.805634021759033
5902,4.3359698295593265
5903,6.6046833992004395
5904,8.630962371826172
5905,7.224666118621826
5906,1.3142456769943238
5907,5.46747236251831
5908,6.519114303588867
5909,4.266452693939209
5910,2.153283381462097
5911,6.135060405731201
5912,5.668956279754639
5913,6.613425445556641
5914,4.304092788696289
5915,7.102542972564697
5916,7.438997554779053
5917,8.600039291381837
5918,6.442456912994385
5919,4.269573307037353
5920,7.511807823181153
5921,6.499409484863281
5922,5.769025611877441
5923,4.787824249267578
5924,9.94137954711914
5925,8.739923095703125
5926,6.321064472198486
5927,7.503230953216553
5928,4.0412520408630375
5929,6.424433994293213
5930,6.623833274841308
5931,7.3596117973327635
5932,7.970241069793701
5933,4.801557922363282
5934,8.022381401062011
5935,3.8177968502044677
5936,5.539384460449218
5937,6.977374935150147
5938,4.890843772888184
5939,6.616167068481445
5940,7.7948943138122555
5941,7.265222263336182
5942,3.924423360824585
5943,6.054512977600098
5944,7.579720115661621
5945,8.960062408447266
5946,9.662254905700683
5947,4.927867221832275
5948,5.358351612091065
5949,4.668879222869873
5950,0.07665353529155254
5951,5.98238353729248
5952,4.318862342834473
5953,4.979762935638428
5954,7.62934455871582
5955,7.534981536865234
5956,8.842104530334472
5957,7.993041610717773
5958,5.607739448547363
5959,5.709111118316651
5960,5.002893257141113
5961,8.139388942718506
5962,5.13848466873169
5963,4.129250621795654
5964,4.408535194396973
5965,5.719595336914063
5966,6.525076866149902
5967,8.38792724609375
5968,3.0145390033721924
5969,5.052404594421387
5970,4.87123212814331
5971,5.452490234375
5972,8.850113677978516
5973,6.318387985229492
5974,5.919851303100586
5975,8.034698295593262
5976,7.3907464981079105
5977,8.854868698120118
5978,6.377008724212646
5979,9.466552734375
5980,4.829700469970703
5981,7.321237564086914
5982,6.554934120178222
5983,7.405552673339844
5984,6.675188255310059
5985,7.671978187561035
5986,6.684902954101562
5987,4.937413311004638
5988,5.460776138305664
5989,4.951366519927978
5990,6.030934524536133
5991,8.9735258102417
5992,5.670177555084228
5993,7.705577373504639
5994,4.288569831848145
5995,2.984784984588623
5996,5.532866096496582
5997,5.855807971954346
5998,6.012436771392823
5999,5.500114822387696
6000,6.3911408424377445
6001,7.488258934020996
6002,5.998915290832519
6003,4.6958184242248535
6004,4.854832649230957
6005,5.957887077331543
6006,9.051987457275391
6007,8.576922988891601
6008,9.313661003112793
6009,5.177393436431885
6010,7.102804660797119
6011,6.0468220710754395
6012,0.933483874797821
6013,4.289949512481689
6014,5.729935836791992
6015,6.236784648895264
6016,8.413219833374024
6017,5.491707420349121
6018,8.639188957214355
6019,8.204825401306152
6020,3.9360773086547853
6021,9.055998992919921
6022,6.7004396438598635
6023,3.9613153457641603
6024,4.555387687683106
6025,6.284982204437256
6026,8.256619262695313
6027,8.380811500549317
6028,3.7583617687225344
6029,7.638508224487305
6030,6.35533561706543
6031,7.729632759094239
6032,9.840879821777344
6033,6.542597770690918
6034,4.920194339752197
6035,6.275595378875733
6036,8.93464298248291
6037,7.845090866088867
6038,6.434624767303466
6039,8.309579277038575
6040,3.72395339012146
6041,7.385846424102783
6042,7.236782455444336
6043,8.892292785644532
6044,8.34005298614502
6045,6.3088713645935055
6046,6.569358825683594
6047,1.5575350761413573
6048,3.878306770324707
6049,6.7259856224060055
6050,8.30147590637207
6051,3.813266706466675
6052,4.8974262237548825
6053,3.443205738067627
6054,7.313802814483642
6055,4.857293891906738
6056,4.1993061065673825
6057,5.267198848724365
6058,8.864923477172852
6059,4.661338996887207
6060,1.5038661718368531
6061,6.709865665435791
6062,7.493581771850586
6063,6.451505565643311
6064,5.752014827728272
6065,5.190485954284668
6066,7.123393726348877
6067,3.95692138671875
6068,6.894146537780761
6069,2.0016189336776735
6070,4.131174850463867
6071,6.37974443435669
6072,5.409183692932129
6073,4.307376098632813
6074,5.781472492218017
6075,3.18643856048584
6076,6.1396636962890625
6077,4.6346992492675785
6078,6.6414063453674315
6079,2.920484018325806
6080,3.55150465965271
6081,8.585583877563476
6082,3.446306037902832
6083,6.538277626037598
6084,6.508116245269775
6085,5.3239030838012695
6086,7.891946125030517
6087,5.229272365570068
6088,4.80441837310791
6089,5.861181640625
6090,5.534635925292969
6091,5.144998836517334
6092,6.7389976501464846
6093,6.38047571182251
6094,7.439639091491699
6095,6.623350048065186
6096,7.806357669830322
6097,4.19669542312622
6098,7.5590251922607425
6099,8.432161331176758
6100,4.899425506591797
6101,6.326268196105957
6102,5.64437427520752
6103,3.851280164718628
6104,7.2785063743591305
6105,7.8688031196594235
6106,6.471131420135498
6107,6.694146823883057
6108,5.633417987823487
6109,8.964997482299804
6110,2.990589809417725
6111,5.95287446975708
6112,5.151618099212646
6113,6.273774814605713
6114,5.020106506347656
6115,7.180281734466552
6116,5.028970241546631
6117,8.29825668334961
6118,7.718170166015625
6119,5.01373291015625
6120,4.402831172943115
6121,8.67192554473877
6122,3.8575114727020265
6123,2.7394902229309084
6124,7.015734100341797
6125,9.735554504394532
6126,7.937331867218018
6127,8.671700859069825
6128,4.4708044052124025
6129,3.4717952728271486
6130,4.958348369598388
6131,6.471372509002686
6132,4.8454893112182615
6133,6.297551822662354
6134,7.701227474212646
6135,3.001635503768921
6136,4.052355098724365
6137,4.63845739364624
6138,4.403518867492676
6139,5.022055721282959
6140,6.2204032897949215
6141,4.532028102874756
6142,5.731920051574707
6143,7.942979049682617
6144,5.852977085113525
6145,5.1603114128112795
6146,6.721901988983154
6147,6.693806076049805
6148,7.606799983978272
6149,4.706133556365967
6150,7.922248363494873
6151,2.8940969944000243
6152,7.006628513336182
6153,5.731665515899659
6154,6.038054943084717
6155,9.359885787963867
6156,3.0697842597961427
6157,6.169900131225586
6158,5.52390193939209
6159,6.226794910430908
6160,5.052310657501221
6161,5.322111701965332
6162,7.266394519805909
6163,6.406684303283692
6164,5.229499626159668
6165,3.6168622970581055
6166,6.5955242156982425
6167,7.0833282470703125
6168,6.049216270446777
6169,3.603701591491699
6170,6.427361679077149
6171,4.133624029159546
6172,4.808094215393067
6173,5.578572463989258
6174,3.734547472000122
6175,5.73649034500122
6176,7.8449522972106935
6177,6.870687198638916
6178,7.824626541137695
6179,9.093461418151856
6180,7.461036109924317
6181,3.123401927947998
6182,5.284432125091553
6183,2.149521255493164
6184,4.422080135345459
6185,4.085260915756225
6186,7.493454933166504
6187,4.285235118865967
6188,4.542207145690918
6189,9.648795700073242
6190,6.954959964752197
6191,6.315710830688476
6192,6.173910617828369
6193,6.761513614654541
6194,7.205767726898193
6195,2.3126781463623045
6196,4.952710723876953
6197,4.777168083190918
6198,4.703396606445312
6199,7.54742202758789
6200,7.859893417358398
6201,5.390863418579102
6202,3.7711105346679688
6203,4.710722160339356
6204,3.308785104751587
6205,7.54091100692749
6206,7.2201155662536625
6207,3.8780921459198
6208,7.942232418060303
6209,4.472692394256592
6210,5.196447372436523
6211,4.534098529815674
6212,6.083519649505615
6213,7.204977798461914
6214,5.90884952545166
6215,4.2927295684814455
6216,7.639723110198974
6217,8.705322074890137
6218,4.363188743591309
6219,6.369155788421631
6220,3.6307564258575438
6221,5.505820083618164
6222,4.520699882507325
6223,5.636309814453125
6224,4.77313756942749
6225,6.311689758300782
6226,7.41746187210083
6227,4.814316844940185
6228,7.059007930755615
6229,5.496984767913818
6230,7.513221073150635
6231,5.581159019470215
6232,6.069863510131836
6233,9.584904670715332
6234,8.03114013671875
6235,7.315876007080078
6236,5.054306983947754
6237,6.58319616317749
6238,8.941935539245605
6239,5.114597797393799
6240,6.958133029937744
6241,5.0974678039550785
6242,5.872735500335693
6243,4.328701019287109
6244,6.187632465362549
6245,5.36632661819458
6246,8.169199371337891
6247,6.01745719909668
6248,9.174751663208008
6249,5.109752655029297
6250,2.957886981964111
6251,10.0
6252,3.864906072616577
6253,6.790274906158447
6254,5.612704086303711
6255,6.832272624969482
6256,5.608294868469239
6257,5.7174993515014645
6258,4.0397806644439695
6259,3.4158987998962402
6260,3.2427459239959715
6261,6.037592887878418
6262,8.614613723754882
6263,8.650628089904785
6264,5.8611273765563965
6265,6.679068374633789
6266,2.3848411083221435
6267,4.632738208770752
6268,5.533047294616699
6269,6.429328918457031
6270,5.593387126922607
6271,4.1857555389404295
6272,1.6672987699508668
6273,7.613276386260987
6274,4.428986358642578
6275,4.505933570861816
6276,5.449147891998291
6277,5.141394710540771
6278,7.200705337524414
6279,7.045895385742187
6280,6.595948600769043
6281,2.5736193656921387
6282,4.7202808380126955
6283,5.855255889892578
6284,7.179087448120117
6285,8.099714088439942
6286,4.219327735900879
6287,5.342888450622558
6288,9.216888618469238
6289,3.6202762603759764
6290,6.041094875335693
6291,3.7850110054016115
6292,2.2168931007385253
6293,6.293328189849854
6294,6.0266519546508786
6295,5.84572925567627
6296,7.792919540405274
6297,6.732273292541504
6298,6.785488510131836
6299,4.349941062927246
6300,5.250466442108154
6301,4.7398681640625
6302,5.923576545715332
6303,3.806721496582031
6304,3.450710391998291
6305,7.046578884124756
6306,6.407075309753418
6307,6.704195499420166
6308,4.8164064407348635
6309,5.864714336395264
6310,5.201631546020508
6311,8.846374320983887
6312,7.161389350891113
6313,3.1808589935302733
6314,7.23192081451416
6315,4.956365013122559
6316,7.90025224685669
6317,9.557129287719727
6318,3.3679619312286375
6319,4.054990530014038
6320,5.508246326446534
6321,5.185195827484131
6322,7.902209377288818
6323,2.6274206161499025
6324,3.9106175899505615
6325,6.935802745819092
6326,6.423670673370362
6327,4.384591770172119
6328,5.082109069824218
6329,9.206077194213867
6330,5.022290515899658
6331,7.094834327697754
6332,6.165668869018555
6333,7.879431343078613
6334,6.762663269042969
6335,6.181996250152588
6336,7.035456943511963
6337,3.323873233795166
6338,7.699264907836914
6339,2.686029291152954
6340,5.418797874450684
6341,4.73665771484375
6342,4.807256984710693
6343,7.011144828796387
6344,1.7588145971298217
6345,3.082609987258911
6346,6.91931266784668
6347,6.62448091506958
6348,5.412433528900147
6349,7.130742454528809
6350,6.877114772796631
6351,7.711537265777588
6352,2.2970227718353273
6353,7.133322906494141
6354,9.221868133544922
6355,6.995119190216064
6356,5.39369421005249
6357,3.9875370025634767
6358,6.201220703125
6359,6.740117454528809
6360,7.400514411926269
6361,6.0924232482910154
6362,9.35682544708252
6363,6.6242091178894045
6364,5.483100032806396
6365,6.742799949645996
6366,8.336572647094727
6367,6.651282215118409
6368,7.65982837677002
6369,7.9531866073608395
6370,4.363130378723144
6371,8.280878257751464
6372,3.836581230163574
6373,5.726746273040772
6374,9.215303802490235
6375,8.854559707641602
6376,4.655037498474121
6377,4.36336669921875
6378,3.371760368347168
6379,9.068420219421387
6380,4.452126789093017
6381,1.4978856563568115
6382,2.097333836555481
6383,7.193343639373779
6384,7.236906051635742
6385,7.880119895935058
6386,7.854458808898926
6387,5.288312339782715
6388,6.060458183288574
6389,5.697562026977539
6390,8.699519157409668
6391,7.256099510192871
6392,4.352685356140137
6393,4.467281627655029
6394,2.929335927963257
6395,6.071792411804199
6396,4.490387058258056
6397,4.890466690063477
6398,5.732020568847656
6399,5.224445724487305
6400,7.340938472747803
6401,6.958600425720215
6402,7.620722484588623
6403,8.29698314666748
6404,1.0045955300331115
6405,8.610071754455566
6406,7.120618915557861
6407,5.081172180175781
6408,7.644899368286133
6409,6.405415725708008
6410,5.74119119644165
6411,9.438276100158692
6412,4.338962268829346
6413,4.138206481933594
6414,2.420600700378418
6415,4.530768585205078
6416,1.5264203071594238
6417,4.282992649078369
6418,6.350046157836914
6419,8.747558784484863
6420,5.942294311523438
6421,9.764268684387208
6422,7.6649940490722654
6423,6.351576042175293
6424,9.65041217803955
6425,8.471673393249512
6426,4.882657909393311
6427,4.680163478851318
6428,6.41742639541626
6429,3.4743135929107667
6430,6.459690952301026
6431,3.473030662536621
6432,7.927233505249023
6433,2.674843740463257
6434,7.407636642456055
6435,8.557462120056153
6436,4.666361713409424
6437,6.966574954986572
6438,7.788291549682617
6439,6.247500038146972
6440,6.103693580627441
6441,6.286761379241943
6442,2.442241382598877
6443,4.101419734954834
6444,7.656808090209961
6445,7.978382110595703
6446,9.694951057434082
6447,6.030441379547119
6448,4.930086994171143
6449,4.854479789733887
6450,5.820130729675293
6451,9.060860443115235
6452,9.872158813476563
6453,3.9517021656036375
6454,6.997359943389893
6455,7.701199531555176
6456,5.518832683563232
6457,8.287276649475098
6458,4.553495693206787
6459,2.8444926738739014
6460,6.268729400634766
6461,8.282734680175782
6462,8.025019454956055
6463,6.636426639556885
6464,7.976547336578369
6465,8.503164291381836
6466,5.033425521850586
6467,7.326778984069824
6468,4.292372322082519
6469,7.134391784667969
6470,8.795197677612304
6471,7.1503527641296385
6472,4.912323951721191
6473,3.8567402362823486
6474,7.356873607635498
6475,5.143152236938477
6476,4.971529102325439
6477,8.573716735839843
6478,7.360995674133301
6479,8.33759822845459
6480,7.849066162109375
6481,6.299685668945313
6482,5.057749462127686
6483,5.759068202972412
6484,5.653809547424316
6485,7.678355121612549
6486,5.245183944702148
6487,4.2521978378295895
6488,10.0
6489,5.477972412109375
6490,2.617261600494385
6491,4.794481182098389
6492,5.942186260223389
6493,3.0793206691741943
6494,4.471236801147461
6495,5.297469997406006
6496,7.910396671295166
6497,5.860848426818848
6498,5.833675670623779
6499,5.598458671569825
6500,8.831846809387207
6501,2.7501513004302978
6502,2.444719696044922
6503,7.99840898513794
6504,9.220839500427246
6505,4.774459266662598
6506,4.127997875213623
6507,6.663098526000977
6508,5.751380825042725
6509,6.276475811004639
6510,6.770626735687256
6511,7.44002628326416
6512,6.489152336120606
6513,6.50415449142456
6514,4.422440814971924
6515,4.027648782730102
6516,9.555231857299805
6517,6.093891048431397
6518,4.543550968170166
6519,6.273344421386719
6520,7.665283679962158
6521,3.06443772315979
6522,3.8157418727874757
6523,3.3620678424835204
6524,8.39138240814209
6525,7.8434814453125
6526,8.706214141845702
6527,4.273930549621582
6528,6.431313133239746
6529,4.117199516296386
6530,6.442927551269531
6531,7.4639787673950195
6532,2.7478853702545165
6533,8.818772506713866
6534,5.626219081878662
6535,5.835467052459717
6536,6.819036483764648
6537,6.486663818359375
6538,5.093354892730713
6539,6.994341278076172
6540,5.987296104431152
6541,6.595104122161866
6542,4.319989490509033
6543,7.316163825988769
6544,7.003011417388916
6545,6.062580299377442
6546,7.987503719329834
6547,3.8437172889709474
6548,5.870244884490967
6549,3.476945972442627
6550,6.727918815612793
6551,3.305698537826538
6552,5.273344421386719
6553,6.8772327423095705
6554,5.624182605743409
6555,2.3559117317199707
6556,7.260540199279785
6557,2.6405067443847656
6558,7.155634498596191
6559,6.661963176727295
6560,4.416298675537109
6561,6.262368106842041
6562,5.186240768432617
6563,5.629291820526123
6564,3.15335373878479
6565,4.380729484558105
6566,9.3229829788208
6567,7.825714111328125
6568,7.233103942871094
6569,2.7714635372161864
6570,7.555113697052002
6571,7.4929296493530275
6572,3.0013654708862303
6573,3.926512908935547
6574,8.103800010681152
6575,5.810835552215576
6576,4.544840908050537
6577,6.642901420593262
6578,7.8198997497558596
6579,4.5544713020324705
6580,3.701891851425171
6581,4.078774642944336
6582,8.666896438598632
6583,8.82647876739502
6584,8.29696216583252
6585,8.780619621276855
6586,7.765702915191651
6587,6.594517612457276
6588,2.328661060333252
6589,5.780874538421631
6590,5.824085426330567
6591,9.348003005981445
6592,7.9942731857299805
6593,6.298620796203613
6594,5.987091541290283
6595,6.754535770416259
6596,6.4114421844482425
6597,6.156568241119385
6598,7.122664546966552
6599,5.745485782623291
6600,8.272672653198242
6601,7.697673797607422
6602,3.907686138153076
6603,7.624580669403076
6604,6.801822185516357
6605,6.470528697967529
6606,7.618293190002442
6607,4.8262018203735355
6608,6.93307409286499
6609,2.5877429008483888
6610,0.1362537018954754
6611,7.165592098236084
6612,6.498758983612061
6613,3.9405918598175047
6614,2.676486873626709
6615,6.570566558837891
6616,4.421060562133789
6617,3.733071231842041
6618,7.629005241394043
6619,2.860351324081421
6620,1.980016565322876
6621,5.066810512542725
6622,8.02956714630127
6623,6.645397090911866
6624,4.075518560409546
6625,7.099642086029053
6626,3.611753463745117
6627,7.899225330352783
6628,4.541882801055908
6629,7.640614986419678
6630,5.909912872314453
6631,6.74876594543457
6632,5.782572460174561
6633,7.899756526947021
6634,7.350252246856689
6635,7.585903358459473
6636,5.461052513122558
6637,1.7593437910079956
6638,4.447578048706054
6639,5.424162578582764
6640,5.744073867797852
6641,6.590937614440918
6642,6.520638847351075
6643,4.148733186721802
6644,5.978518676757813
6645,7.765635395050049
6646,9.20364818572998
6647,2.227387547492981
6648,3.712679719924927
6649,5.755501556396484
6650,4.530082511901855
6651,5.368459892272949
6652,8.606905937194824
6653,6.229025936126709
6654,9.322811889648438
6655,6.226749610900879
6656,7.243833541870117
6657,7.644165992736816
6658,8.376891899108887
6659,3.1987544536590575
6660,3.7977190017700195
6661,7.326374626159668
6662,9.218475914001464
6663,8.00042495727539
6664,6.399359798431396
6665,6.02222318649292
6666,8.735853958129884
6667,5.991502285003662
6668,6.5502725601196286
6669,9.637982177734376
6670,6.174644947052002
6671,5.662847328186035
6672,5.018663120269776
6673,6.07956018447876
6674,7.498501205444336
6675,6.382403564453125
6676,7.2006572723388675
6677,8.98941650390625
6678,7.268237781524658
6679,7.087566375732422
6680,7.006777000427246
6681,5.197552871704102
6682,6.917189025878907
6683,7.072338104248047
6684,5.455481815338135
6685,5.978849411010742
6686,6.478337955474854
6687,7.3910901069641115
6688,6.301490402221679
6689,7.232035541534424
6690,6.70483808517456
6691,6.241607666015625
6692,9.295245170593262
6693,4.111445331573487
6694,7.575425910949707
6695,6.82813196182251
6696,4.346422004699707
6697,5.841342639923096
6698,5.91333532333374
6699,4.523815155029297
6700,3.7306843757629395
6701,4.3327325820922855
6702,8.990682792663574
6703,7.697331523895263
6704,6.777386951446533
6705,7.401482105255127
6706,9.425935554504395
6707,4.207777690887451
6708,7.838516902923584
6709,3.2955794811248778
6710,6.9484892845153805
6711,8.199213027954102
6712,7.693668365478516
6713,4.815675354003906
6714,6.019367122650147
6715,4.506875324249267
6716,6.997236347198486
6717,5.6118879318237305
6718,3.4377933979034423
6719,6.507897090911865
6720,6.0856325149536135
6721,3.779499387741089
6722,4.43683967590332
6723,8.789266395568848
6724,8.190057373046875
6725,6.296135902404785
6726,2.2056880474090574
6727,7.629926872253418
6728,3.053968620300293
6729,5.595661163330078
6730,9.099329948425293
6731,3.83634352684021
6732,4.496979904174805
6733,7.16621503829956
6734,7.746956920623779
6735,3.642356443405151
6736,7.516860389709473
6737,4.737240505218506
6738,5.941621112823486
6739,6.001780414581299
6740,6.902550601959229
6741,7.216266250610351
6742,9.02108383178711
6743,5.641458034515381
6744,9.247886466979981
6745,1.3535268306732178
6746,6.131464576721191
6747,8.15422763824463
6748,4.196326828002929
6749,8.909987640380859
6750,5.159988594055176
6751,5.757744598388672
6752,8.997183990478515
6753,6.94327449798584
6754,7.360991287231445
6755,7.28139295578003
6756,5.439577579498291
6757,5.076323127746582
6758,5.403249454498291
6759,2.0193957805633547
6760,7.255954551696777
6761,5.349011993408203
6762,5.849361419677734
6763,7.340799713134766
6764,4.040013456344605
6765,4.524454879760742
6766,2.497158336639404
6767,8.399791145324707
6768,6.608392238616943
6769,5.575288772583008
6770,5.963640975952148
6771,4.154432964324951
6772,8.116056823730469
6773,1.1564913272857666
6774,4.6779711723327635
6775,6.976419162750244
6776,3.0057698249816895
6777,6.553450393676758
6778,7.037843894958496
6779,5.744544219970703
6780,6.533349609375
6781,5.6598219871521
6782,7.2707945823669435
6783,6.059810447692871
6784,4.790714740753174
6785,6.363500118255615
6786,6.204617309570312
6787,6.6315999031066895
6788,5.836788558959961
6789,2.305967378616333
6790,5.0303651809692385
6791,4.0317995071411135
6792,7.066801929473877
6793,5.840456199645996
6794,6.490923309326172
6795,4.785075283050537
6796,8.206221008300782
6797,5.587942790985108
6798,4.279024696350097
6799,8.988366889953614
6800,8.367795944213867
6801,5.841452026367188
6802,6.1262617111206055
6803,8.251987648010253
6804,5.6750490188598635
6805,4.9873250961303714
6806,2.6604959964752197
6807,3.2247425079345704
6808,5.107234191894531
6809,7.015200614929199
6810,4.660198974609375
6811,4.862129592895508
6812,5.976323413848877
6813,8.71425952911377
6814,6.4181255340576175
6815,2.730509042739868
6816,9.585993766784668
6817,3.7432870864868164
6818,7.139836597442627
6819,6.407664012908936
6820,6.2455973625183105
6821,3.1376549243927
6822,1.702204418182373
6823,6.98816499710083
6824,3.3905836582183837
6825,6.173455619812012
6826,7.185801792144775
6827,9.492780876159667
6828,5.469991970062256
6829,4.119271087646484
6830,6.219973087310791
6831,8.240944480895996
6832,2.1337496042251587
6833,7.666411304473877
6834,4.743787097930908
6835,7.226362228393555
6836,7.252262973785401
6837,9.95479221343994
6838,4.186677932739258
6839,7.6284181594848635
6840,5.015437602996826
6841,5.768387317657471
6842,7.525852870941162
6843,1.7893495082855224
6844,5.340052795410156
6845,7.980729007720948
6846,6.323191928863525
6847,5.195828628540039
6848,6.673402404785156
6849,4.434629249572754
6850,5.287295341491699
6851,3.332277011871338
6852,5.493336009979248
6853,5.300945663452149
6854,9.011465072631836
6855,5.383351802825928
6856,2.3315369129180907
6857,8.737334060668946
6858,7.0931640625
6859,7.739602565765381
6860,4.12941346168518
6861,4.407683086395264
6862,7.806081104278564
6863,4.664290237426758
6864,3.826940393447876
6865,6.545146751403808
6866,3.242700958251953
6867,8.824691200256348
6868,4.874140071868896
6869,7.6187742233276365
6870,5.351045227050781
6871,6.497079849243164
6872,5.3843381881713865
6873,3.4779249668121337
6874,8.603075981140137
6875,4.480551052093506
6876,6.647010803222656
6877,6.66599702835083
6878,4.34337158203125
6879,4.364111137390137
6880,7.682636070251465
6881,5.810329246520996
6882,5.884867763519287
6883,5.769199180603027
6884,8.614876556396485
6885,7.998208904266358
6886,3.716488265991211
6887,5.142093658447266
6888,4.837120246887207
6889,8.05369529724121
6890,3.581592893600464
6891,6.637552261352539
6892,7.630336761474609
6893,5.392367362976074
6894,8.546737480163575
6895,7.4327291488647464
6896,5.491787433624268
6897,4.04653000831604
6898,8.333279418945313
6899,7.079151344299317
6900,4.298282718658447
6901,9.841142272949218
6902,8.483300590515137
6903,6.396731948852539
6904,5.150797367095947
6905,5.922062110900879
6906,5.804108142852783
6907,4.330568027496338
6908,7.7202400207519535
6909,8.25626449584961
6910,4.312452888488769
6911,4.751429176330566
6912,2.9819851398468016
6913,7.458638095855713
6914,6.540244102478027
6915,7.22053279876709
6916,5.569570636749267
6917,5.973870944976807
6918,7.3269868850708
6919,5.9886432647705075
6920,1.7119280099868774
6921,5.357486343383789
6922,8.91223430633545
6923,7.640524196624756
6924,7.349195957183838
6925,6.37819881439209
6926,2.604371738433838
6927,6.225525379180908
6928,7.684088325500488
6929,7.543180274963379
6930,9.095815849304199
6931,5.421263790130615
6932,7.538821697235107
6933,6.204386901855469
6934,6.176579570770263
6935,9.443236351013184
6936,2.895218563079834
6937,8.892274284362793
6938,7.758987998962402
6939,8.243620109558105
6940,2.475882339477539
6941,6.485084533691406
6942,4.060134172439575
6943,3.842703342437744
6944,5.060282135009766
6945,4.527244663238525
6946,7.129889488220215
6947,4.777305698394775
6948,4.823713397979736
6949,3.231832981109619
6950,5.17234239578247
6951,4.451359462738037
6952,6.283672618865967
6953,2.6847838878631594
6954,3.664075994491577
6955,6.831923770904541
6956,6.358992385864258
6957,7.3374631881713865
6958,5.769763946533203
6959,4.122956275939941
6960,4.215100574493408
6961,5.595236110687256
6962,8.066556453704834
6963,7.3109996795654295
6964,3.839285373687744
6965,9.96213150024414
6966,5.098555374145508
6967,5.613266181945801
6968,2.5194427490234377
6969,5.749382209777832
6970,7.318280029296875
6971,7.334025096893311
6972,4.164328384399414
6973,3.521384620666504
6974,4.317213535308838
6975,6.36429796218872
6976,5.926519393920898
6977,6.2829179763793945
6978,7.538830280303955
6979,8.289333724975586
6980,4.0695741176605225
6981,3.186432361602783
6982,4.624152278900146
6983,5.222029781341552
6984,6.610262680053711
6985,8.059448051452637
6986,3.7269962310791014
6987,3.0618075370788573
6988,9.208706283569336
6989,5.414343452453613
6990,3.699740743637085
6991,3.3740675926208494
6992,6.885669708251953
6993,4.218769073486328
6994,5.897121143341065
6995,5.210763645172119
6996,3.245571660995483
6997,3.8679171085357664
6998,7.07906665802002
6999,8.14090461730957
7000,4.361293983459473
7001,8.114281463623048
7002,6.825432395935058
7003,4.117451858520508
7004,7.6759796142578125
7005,6.3669451713562015
7006,7.703904724121093
7007,6.402719116210937
7008,8.346391487121583
7009,6.890070819854737
7010,6.469698810577393
7011,2.4060661792755127
7012,7.373813438415527
7013,9.388995361328124
7014,3.5516210556030274
7015,4.503286743164063
7016,6.470630645751953
7017,2.728325939178467
7018,7.463354587554932
7019,5.72426929473877
7020,9.296166610717773
7021,4.085131978988647
7022,3.040281057357788
7023,6.221272754669189
7024,4.83669080734253
7025,2.9445102214813232
7026,5.332521057128906
7027,8.196303367614746
7028,4.280170440673828
7029,7.778915214538574
7030,7.450345230102539
7031,8.241929054260254
7032,4.193228816986084
7033,6.6182292938232425
7034,6.968056678771973
7035,5.914161109924317
7036,7.444749164581299
7037,7.372787761688232
7038,8.330212783813476
7039,5.99567813873291
7040,8.905301094055176
7041,8.65626049041748
7042,5.009087753295899
7043,2.688205051422119
7044,6.109509372711182
7045,4.708933162689209
7046,9.281089973449706
7047,3.1347841739654543
7048,5.019229888916016
7049,7.889065361022949
7050,8.869523239135741
7051,5.771798229217529
7052,7.137313556671143
7053,4.677480983734131
7054,5.163159370422363
7055,6.275035762786866
7056,4.3020751953125
7057,4.721603870391846
7058,6.976082038879395
7059,7.792390632629394
7060,5.674241447448731
7061,3.4568030834198
7062,6.026554775238037
7063,7.649761581420899
7064,4.432483768463134
7065,7.225031089782715
7066,1.382061743736267
7067,4.38109188079834
7068,7.249844741821289
7069,3.749295711517334
7070,2.766241931915283
7071,8.390172958374023
7072,7.672400856018067
7073,4.822270298004151
7074,4.98498420715332
7075,9.00805606842041
7076,9.393060111999512
7077,8.383426094055176
7078,6.17993574142456
7079,8.228620338439942
7080,5.028029918670654
7081,6.556096076965332
7082,7.510327625274658
7083,4.3192485809326175
7084,6.82270622253418
7085,3.296197700500488
7086,7.9853771209716795
7087,6.229446220397949
7088,4.190951251983643
7089,6.863091564178466
7090,9.525098991394042
7091,6.3468098640441895
7092,4.679697322845459
7093,5.001232528686524
7094,9.13271541595459
7095,4.53557767868042
7096,4.742269992828369
7097,8.271292877197265
7098,4.523395633697509
7099,7.7346185684204105
7100,7.061630630493164
7101,6.087550830841065
7102,8.028210926055909
7103,6.900901985168457
7104,7.736779022216797
7105,6.285325908660889
7106,3.262747955322266
7107,5.037143230438232
7108,7.231033706665039
7109,6.54484224319458
7110,4.429093647003174
7111,5.595385265350342
7112,4.119460201263427
7113,6.767232990264892
7114,5.950017356872559
7115,8.486199951171875
7116,8.853267478942872
7117,4.904736137390136
7118,6.374934196472168
7119,7.630083656311035
7120,5.036832714080811
7121,5.1848094940185545
7122,4.855484390258789
7123,4.530011081695557
7124,3.820694160461426
7125,5.285422039031983
7126,7.643110466003418
7127,5.154390048980713
7128,7.236713314056397
7129,6.673359203338623
7130,7.313825035095215
7131,7.074306201934815
7132,6.832560443878174
7133,7.449626159667969
7134,7.248043155670166
7135,6.6785351753234865
7136,4.510098552703857
7137,6.197746276855469
7138,4.931536293029785
7139,4.773036289215088
7140,4.131065702438354
7141,9.80343837738037
7142,5.845122337341309
7143,5.366884708404541
7144,3.2239553928375244
7145,5.34241304397583
7146,4.79209794998169
7147,8.037111568450928
7148,5.523915004730225
7149,7.240823364257812
7150,5.733069705963135
7151,7.712344169616699
7152,6.224857425689697
7153,1.7031890392303466
7154,9.22708339691162
7155,6.8488993644714355
7156,1.9197217226028442
7157,4.5347014427185055
7158,4.210216808319092
7159,5.628968143463135
7160,5.284397888183594
7161,6.678157234191895
7162,6.110520553588867
7163,6.655339241027832
7164,8.71534423828125
7165,8.680723953247071
7166,3.6074535846710205
7167,6.338807010650635
7168,4.564497947692871
7169,5.608022594451905
7170,6.681808853149414
7171,4.510756874084473
7172,6.426796913146973
7173,8.093074703216553
7174,8.979348373413085
7175,4.245675754547119
7176,7.4344532012939455
7177,3.620027256011963
7178,8.565203666687012
7179,6.499526405334473
7180,4.897042179107666
7181,6.575474071502685
7182,5.935346603393555
7183,7.813618564605713
7184,2.2156590938568117
7185,6.037812805175781
7186,7.157923698425293
7187,5.116979503631592
7188,2.3198544502258303
7189,5.675090408325195
7190,5.468768882751465
7191,2.925380229949951
7192,8.583925819396972
7193,8.181521034240722
7194,3.215299367904663
7195,7.6378655433654785
7196,5.739991760253906
7197,6.5351180076599125
7198,5.882201480865478
7199,7.951690196990967
7200,7.31120080947876
7201,5.5482177734375
7202,6.531000423431396
7203,6.142830848693848
7204,6.200238800048828
7205,3.224474239349365
7206,6.812261581420898
7207,5.771385955810547
7208,6.1777952194213865
7209,5.966744136810303
7210,7.058995056152344
7211,5.789953994750976
7212,5.280517196655273
7213,5.750927925109863
7214,5.986009502410889
7215,5.192696571350098
7216,4.2633284568786625
7217,7.238434886932373
7218,5.9438882827758786
7219,7.77129898071289
7220,3.995003652572632
7221,7.540998363494873
7222,4.937794589996338
7223,6.707418155670166
7224,6.2579937934875485
7225,7.309314155578614
7226,6.828704738616944
7227,6.063508224487305
7228,3.716516351699829
7229,8.617095756530762
7230,6.337490272521973
7231,3.1815489768981933
7232,7.598311996459961
7233,8.084388160705567
7234,2.804030418395996
7235,5.224379444122315
7236,8.091897964477539
7237,5.88438310623169
7238,8.398725700378417
7239,5.766208934783935
7240,3.3217782020568847
7241,4.018267965316772
7242,8.407413673400878
7243,8.882819175720215
7244,3.110753583908081
7245,4.023345232009888
7246,3.404272174835205
7247,4.1696113586425785
7248,4.008516550064087
7249,5.678611755371094
7250,7.683871555328369
7251,6.297922897338867
7252,5.249295997619629
7253,7.831137752532959
7254,8.105899429321289
7255,4.113930368423462
7256,6.805112838745117
7257,4.1390305519104
7258,2.8077871799468994
7259,5.714116096496582
7260,9.410734176635742
7261,5.778814601898193
7262,5.350906467437744
7263,4.751597118377686
7264,3.10765118598938
7265,8.057651138305664
7266,4.38272762298584
7267,2.837331676483154
7268,6.342341423034668
7269,4.861427211761475
7270,7.051244449615479
7271,4.190920066833496
7272,7.324086284637451
7273,6.631042766571045
7274,5.221010780334472
7275,6.782264041900635
7276,6.187112712860108
7277,5.311808300018311
7278,6.002321434020996
7279,6.48045597076416
7280,6.4118654251098635
7281,8.72767505645752
7282,5.98098611831665
7283,5.5245692253112795
7284,8.758815002441406
7285,7.435820579528809
7286,2.9394752025604247
7287,4.570530414581299
7288,5.9740277290344235
7289,5.204238033294677
7290,6.78811674118042
7291,3.769764041900635
7292,5.723219871520996
7293,4.771432685852051
7294,5.186500072479248
7295,9.428234672546386
7296,7.996905136108398
7297,6.817491340637207
7298,5.427781677246093
7299,7.33386116027832
7300,4.571788311004639
7301,6.793863105773926
7302,5.200423812866211
7303,5.003895282745361
7304,8.33997745513916
7305,5.843565654754639
7306,5.1422430038452145
7307,6.997232246398926
7308,4.723490810394287
7309,7.876649570465088
7310,1.9820572137832642
7311,7.302982807159424
7312,7.660969829559326
7313,6.32325439453125
7314,5.7336431503295895
7315,5.722670173645019
7316,4.270373821258545
7317,7.692354488372803
7318,2.5979629039764403
7319,7.295540809631348
7320,3.7231879234313965
7321,4.474003505706787
7322,5.577615737915039
7323,5.950667095184326
7324,4.521922302246094
7325,6.5440727233886715
7326,5.682283973693847
7327,3.9528925895690916
7328,7.040834903717041
7329,3.3774100303649903
7330,7.663674545288086
7331,4.009192562103271
7332,7.411110591888428
7333,7.883672523498535
7334,6.008329200744629
7335,5.99865198135376
7336,5.980815315246582
7337,4.109268856048584
7338,4.745059585571289
7339,5.032514381408691
7340,5.41773796081543
7341,4.415674877166748
7342,4.706473255157471
7343,7.843778228759765
7344,6.147390270233155
7345,3.5171407222747804
7346,7.57506799697876
7347,8.015595817565918
7348,7.328111743927002
7349,6.395799350738526
7350,4.819176292419433
7351,5.21610107421875
7352,6.113061141967774
7353,5.23342113494873
7354,6.8555957794189455
7355,7.64203290939331
7356,5.458418464660644
7357,8.73420238494873
7358,6.718153858184815
7359,5.9972210884094235
7360,8.131808090209962
7361,9.065633964538574
7362,7.396093559265137
7363,3.7271685123443605
7364,6.58469877243042
7365,6.355450534820557
7366,6.105925273895264
7367,5.912000274658203
7368,3.6946707725524903
7369,8.32119140625
7370,6.238418483734131
7371,9.009897041320801
7372,6.309711837768555
7373,8.52338466644287
7374,6.39124698638916
7375,4.109824371337891
7376,5.452106380462647
7377,5.655550384521485
7378,2.6207891941070556
7379,9.284264373779298
7380,6.787005424499512
7381,6.001615810394287
7382,7.924643230438233
7383,3.3295963287353514
7384,8.19174861907959
7385,4.818564128875733
7386,5.905571842193604
7387,6.351238059997558
7388,5.547657585144043
7389,5.113614273071289
7390,6.313164806365966
7391,7.143174552917481
7392,5.990440082550049
7393,9.394166183471679
7394,7.508292198181152
7395,3.597195863723755
7396,5.808203506469726
7397,8.008899879455566
7398,2.1306035995483397
7399,4.505030822753906
7400,7.8611146926879885
7401,4.343037223815918
7402,3.2912994384765626
7403,9.424937629699707
7404,6.358516788482666
7405,5.1522448539733885
7406,7.487610149383545
7407,7.619451236724854
7408,7.41654052734375
7409,8.32933235168457
7410,7.463103103637695
7411,8.103896713256836
7412,2.940604019165039
7413,4.756753826141358
7414,4.855327606201172
7415,5.916816711425781
7416,5.792883682250976
7417,6.992198467254639
7418,3.9561774730682373
7419,6.003783798217773
7420,5.101733589172364
7421,3.4096282958984374
7422,5.785707664489746
7423,8.44393367767334
7424,9.603557014465332
7425,3.0439220905303954
7426,5.079489898681641
7427,5.656798839569092
7428,4.04246301651001
7429,3.5855016231536867
7430,2.3104084491729737
7431,6.037860584259033
7432,6.4421388626098635
7433,5.019330596923828
7434,4.388383579254151
7435,4.885171508789062
7436,7.650607395172119
7437,8.915703010559081
7438,4.664174747467041
7439,6.0204469680786135
7440,8.527866744995118
7441,6.359415912628174
7442,3.821574020385742
7443,8.729470443725585
7444,6.158523082733154
7445,7.900851535797119
7446,4.171124839782715
7447,8.052029132843018
7448,5.070544052124023
7449,5.4752349853515625
7450,8.642868804931641
7451,6.151949119567871
7452,6.1184000968933105
7453,4.105676460266113
7454,6.916623973846436
7455,4.093573951721192
7456,6.81796932220459
7457,7.104325485229492
7458,5.436095905303955
7459,4.028835344314575
7460,7.273664379119873
7461,8.226464653015137
7462,3.2583991050720216
7463,7.8037269592285154
7464,5.952859115600586
7465,8.753586769104004
7466,6.832119464874268
7467,9.012807846069336
7468,6.7443702697753904
7469,3.9462459087371826
7470,6.424104690551758
7471,6.37662296295166
7472,3.386634635925293
7473,6.02676477432251
7474,5.36740026473999
7475,3.146140956878662
7476,4.662258529663086
7477,2.3231500148773194
7478,6.474018859863281
7479,4.824316596984863
7480,8.755197143554687
7481,7.065369606018066
7482,4.515062046051026
7483,7.741598224639892
7484,8.278064155578614
7485,5.029979801177978
7486,8.851421928405761
7487,4.752651882171631
7488,5.29834098815918
7489,5.429815578460693
7490,5.397488975524903
7491,4.131214237213134
7492,4.618079090118409
7493,8.579743194580079
7494,6.082753753662109
7495,6.952527046203613
7496,7.218449974060059
7497,6.348897075653076
7498,6.532205104827881
7499,9.289870071411134
7500,5.891871070861816
7501,6.30483865737915
7502,8.003044986724854
7503,4.417570400238037
7504,7.282472801208496
7505,6.285265922546387
7506,6.3441314697265625
7507,8.558399963378907
7508,5.106901073455811
7509,0.8506801128387451
7510,8.89345417022705
7511,5.244256973266602
7512,5.549856662750244
7513,5.436632919311523
7514,7.965558052062988
7515,4.87918062210083
7516,7.37383451461792
7517,2.853483057022095
7518,5.541504764556885
7519,2.6548702239990236
7520,4.571370220184326
7521,8.962269973754882
7522,5.862784290313721
7523,3.723223352432251
7524,8.249486923217773
7525,6.350184535980224
7526,7.405924892425537
7527,6.135696029663086
7528,3.7015758991241454
7529,7.391864967346192
7530,5.608075428009033
7531,5.446832942962646
7532,9.40474796295166
7533,6.897017765045166
7534,6.935379409790039
7535,5.32366247177124
7536,7.662685108184815
7537,7.649748706817627
7538,6.449468040466309
7539,5.8295293807983395
7540,6.19869031906128
7541,3.883524227142334
7542,7.718919181823731
7543,5.449050617218018
7544,2.2996428489685057
7545,5.097077751159668
7546,5.374812126159668
7547,4.250171852111817
7548,7.349389553070068
7549,7.7766416549682615
7550,4.799237632751465
7551,7.915151977539063
7552,5.991186428070068
7553,6.7181473731994625
7554,8.952142715454102
7555,6.649075031280518
7556,6.03322925567627
7557,8.143526649475097
7558,4.22573413848877
7559,2.8760952949523926
7560,2.2876101970672607
7561,5.879345035552978
7562,4.756111145019531
7563,7.535907173156739
7564,6.538967418670654
7565,8.577851486206054
7566,5.636788272857666
7567,6.910400390625
7568,7.430067634582519
7569,6.066481018066407
7570,3.1026506423950195
7571,6.699632167816162
7572,7.196605777740478
7573,9.703519821166992
7574,6.007669925689697
7575,7.5357461929321286
7576,4.83563642501831
7577,7.2509331703186035
7578,6.09450216293335
7579,7.852636909484863
7580,4.03607292175293
7581,6.892190933227539
7582,1.8005702018737793
7583,5.888487243652344
7584,4.229354667663574
7585,6.325388622283936
7586,3.8931143283843994
7587,6.397651481628418
7588,4.583047485351562
7589,8.124905204772949
7590,1.8134895324707032
7591,3.4178889751434327
7592,6.299188327789307
7593,6.2117949485778805
7594,3.528434324264526
7595,6.5875099182128904
7596,3.2425321102142335
7597,6.513931179046631
7598,6.14390459060669
7599,3.9538059711456297
7600,7.507002830505371
7601,9.050006866455078
7602,0.9430615186691285
7603,3.893262767791748
7604,3.5983782768249513
7605,5.433682060241699
7606,6.245167064666748
7607,8.23500099182129
7608,8.819293594360351
7609,7.75295877456665
7610,4.873879432678223
7611,5.257698345184326
7612,6.718778514862061
7613,7.9644349098205565
7614,7.163411712646484
7615,7.940811729431152
7616,6.475708484649658
7617,7.178507137298584
7618,5.6693462371826175
7619,3.715412902832031
7620,4.082780265808106
7621,8.102801513671874
7622,3.9290746688842773
7623,7.479940509796142
7624,6.690293979644776
7625,5.428053760528565
7626,1.0392951726913453
7627,5.458903408050537
7628,5.641071796417236
7629,4.172720241546631
7630,3.299207067489624
7631,6.396127796173095
7632,8.391769790649414
7633,6.998757648468017
7634,1.554534387588501
7635,4.985358047485351
7636,7.620464515686035
7637,2.420865058898926
7638,6.752614593505859
7639,7.724491977691651
7640,8.537740135192871
7641,6.592008018493653
7642,8.861382484436035
7643,5.7308379173278805
7644,5.598455333709717
7645,6.793717956542968
7646,5.409708309173584
7647,4.791930103302002
7648,3.4702977657318117
7649,4.12457046508789
7650,6.514938545227051
7651,5.539622688293457
7652,5.994472885131836
7653,2.961693000793457
7654,6.185291385650634
7655,7.365055847167969
7656,9.45839729309082
7657,7.210153388977051
7658,4.4099384307861325
7659,1.3822392225265503
7660,4.091428661346436
7661,3.893816423416138
7662,6.944482326507568
7663,2.5920084953308105
7664,7.693916606903076
7665,6.388495540618896
7666,6.042143630981445
7667,5.178775787353516
7668,4.953522777557373
7669,6.974238491058349
7670,8.763297843933106
7671,6.008260726928711
7672,6.124785232543945
7673,4.942592811584473
7674,5.030395984649658
7675,8.90939884185791
7676,3.000282335281372
7677,5.323127555847168
7678,8.900368309020996
7679,8.103341484069825
7680,7.709475994110107
7681,5.593521595001221
7682,4.032124948501587
7683,5.517317771911621
7684,4.804907035827637
7685,9.738140106201172
7686,6.493171310424804
7687,8.729017066955567
7688,4.117408084869385
7689,2.959137773513794
7690,6.359913539886475
7691,3.6343595504760744
7692,8.21299343109131
7693,8.016473770141602
7694,5.103419780731201
7695,4.724656963348389
7696,8.798589134216309
7697,3.7214179039001465
7698,5.0019536972045895
7699,6.671223926544189
7700,7.258441543579101
7701,5.045718574523926
7702,3.3620779037475588
7703,5.179890441894531
7704,5.014602565765381
7705,4.070808029174804
7706,2.1140822172164917
7707,7.034074115753174
7708,6.520049953460694
7709,7.590365409851074
7710,6.898095035552979
7711,7.905947017669678
7712,8.201377487182617
7713,5.235859107971192
7714,9.770666313171386
7715,5.477058410644531
7716,6.730703830718994
7717,7.319227027893066
7718,8.152131271362304
7719,6.442672443389893
7720,8.786523628234864
7721,3.451852560043335
7722,3.5341891288757323
7723,3.9564615726470946
7724,6.2805554389953615
7725,5.594228744506836
7726,4.948570728302002
7727,7.236213111877442
7728,5.658250999450684
7729,3.1761637687683106
7730,6.344194507598877
7731,3.425800657272339
7732,7.566032409667969
7733,5.521121883392334
7734,5.736849308013916
7735,8.491820526123046
7736,6.651113796234131
7737,5.56032428741455
7738,6.4450115203857425
7739,4.3323992729187015
7740,6.486772727966309
7741,5.565709018707276
7742,4.938351154327393
7743,5.228285217285157
7744,3.5603613376617433
7745,9.330433082580566
7746,6.151425552368164
7747,6.181608009338379
7748,5.899463367462158
7749,6.616444492340088
7750,3.6717388153076174
7751,6.63992919921875
7752,8.149663925170898
7753,5.619459533691407
7754,4.956006240844727
7755,8.561840057373047
7756,8.239177322387695
7757,7.610203742980957
7758,6.49846887588501
7759,8.798626518249511
7760,6.869790649414062
7761,7.678322601318359
7762,5.299186897277832
7763,6.291693305969238
7764,7.279587078094482
7765,5.018086051940918
7766,6.733686447143555
7767,4.279985952377319
7768,5.014855766296387
7769,3.4736902713775635
7770,8.97982120513916
7771,2.738073205947876
7772,5.364271068572998
7773,4.746281719207763
7774,5.14366979598999
7775,7.514455318450928
7776,6.38433141708374
7777,7.050052165985107
7778,8.029698753356934
7779,4.658760643005371
7780,6.656021404266357
7781,5.53874397277832
7782,2.7500803470611572
7783,6.1334531784057615
7784,8.238375091552735
7785,2.434437799453735
7786,2.0752340078353884
7787,2.9474854469299316
7788,8.613847160339356
7789,1.3477574348449708
7790,6.751575565338134
7791,3.8123446464538575
7792,7.806622791290283
7793,8.359660530090332
7794,6.318872261047363
7795,6.842288303375244
7796,6.811662769317627
7797,5.920853137969971
7798,7.99883394241333
7799,4.902770042419434
7800,3.79685583114624
7801,2.8416511535644533
7802,3.145334005355835
7803,4.712214946746826
7804,5.344251441955566
7805,7.752281856536865
7806,7.532473754882813
7807,4.827509784698487
7808,6.137358665466309
7809,7.7644390106201175
7810,5.638304138183594
7811,4.6208117485046385
7812,5.090639400482178
7813,6.443705654144287
7814,3.7333080768585205
7815,4.366181182861328
7816,6.944675445556641
7817,3.38450288772583
7818,3.3688323497772217
7819,6.346919155120849
7820,5.428689575195312
7821,6.807181453704834
7822,6.571861457824707
7823,7.571733188629151
7824,6.56864185333252
7825,6.052545642852783
7826,5.797060585021972
7827,4.42990894317627
7828,7.823052310943604
7829,7.385748100280762
7830,7.162823486328125
7831,7.307240009307861
7832,2.8354094982147218
7833,7.604710865020752
7834,7.8658853530883786
7835,3.9107470989227293
7836,7.520804405212402
7837,5.929781723022461
7838,5.079604148864746
7839,5.206155014038086
7840,8.721217918395997
7841,8.317560005187989
7842,7.787923049926758
7843,7.0820516586303714
7844,5.166464614868164
7845,5.782583332061767
7846,5.798477268218994
7847,9.026584815979003
7848,4.469213676452637
7849,2.4987852573394775
7850,4.169111633300782
7851,4.300242137908936
7852,7.97215518951416
7853,5.553603267669677
7854,4.5066819190979
7855,8.140839767456054
7856,6.518517875671387
7857,9.505060195922852
7858,7.1732686996459964
7859,9.75044288635254
7860,6.757441234588623
7861,9.803826713562012
7862,4.953822231292724
7863,5.367929553985595
7864,7.859568405151367
7865,9.277898025512695
7866,6.632134437561035
7867,9.753488349914551
7868,5.097729206085205
7869,7.540594959259034
7870,8.656240272521973
7871,1.8915579319000244
7872,6.498577117919922
7873,8.226973533630371
7874,6.907701301574707
7875,3.905454158782959
7876,4.098484849929809
7877,5.699916076660156
7878,4.518427181243896
7879,2.0768028020858766
7880,3.7347569942474363
7881,5.9542686462402346
7882,7.749170017242432
7883,4.676283073425293
7884,3.4537493705749513
7885,6.8762030601501465
7886,4.828537178039551
7887,6.175896263122558
7888,7.264020729064941
7889,8.615559005737305
7890,3.8497844696044923
7891,6.1596705436706545
7892,6.403310775756836
7893,2.666455554962158
7894,7.436949920654297
7895,3.8226876258850098
7896,3.8298511028289797
7897,8.748381996154786
7898,3.0521268367767336
7899,7.513735580444336
7900,3.912192726135254
7901,7.471971702575684
7902,4.152099990844727
7903,4.261654281616211
7904,6.1839557647705075
7905,4.9047776222229
7906,7.856558227539063
7907,4.07760763168335
7908,7.843241119384766
7909,7.707449436187744
7910,7.407544040679932
7911,7.232596588134766
7912,6.2905529022216795
7913,4.35546760559082
7914,3.1639713287353515
7915,5.455881881713867
7916,6.443195438385009
7917,6.9857298851013185
7918,4.207382488250732
7919,7.347846221923828
7920,9.337348556518554
7921,6.3144759178161625
7922,5.000218486785888
7923,6.448531818389893
7924,8.399632835388184
7925,4.310505771636963
7926,6.346161937713623
7927,5.518583297729492
7928,4.6336791038513185
7929,8.572046661376953
7930,8.153288459777832
7931,7.568154335021973
7932,5.5013528823852536
7933,5.474339485168457
7934,8.098637104034424
7935,8.102927112579346
7936,5.494373989105225
7937,3.6444363594055176
7938,5.954242134094239
7939,8.362027740478515
7940,3.727330207824707
7941,3.8578846931457518
7942,4.023467254638672
7943,6.291027355194092
7944,6.2415876388549805
7945,5.756875324249267
7946,4.590037536621094
7947,5.298897647857666
7948,7.4386876106262205
7949,5.790132808685303
7950,6.500000095367431
7951,7.014858531951904
7952,7.8357264518737795
7953,5.844348430633545
7954,3.672861909866333
7955,5.391518020629883
7956,6.836305141448975
7957,3.0601960182189942
7958,3.1855239868164062
7959,4.87598934173584
7960,6.125790309906006
7961,5.577384090423584
7962,6.8635259628295895
7963,7.182315158843994
7964,6.277888202667237
7965,6.18494291305542
7966,7.132648849487305
7967,4.539599227905273
7968,6.27213716506958
7969,7.355925369262695
7970,7.544816398620606
7971,6.621541595458984
7972,5.794134712219238
7973,7.706764507293701
7974,5.895610904693603
7975,7.140283584594727
7976,6.361336517333984
7977,8.037796783447266
7978,0.7465761065483093
7979,5.745075416564942
7980,7.838133239746094
7981,6.164690208435059
7982,3.215807342529297
7983,5.631079006195068
7984,5.9380796432495115
7985,5.667528343200684
7986,6.885070323944092
7987,4.106758975982666
7988,9.892572212219239
7989,7.302786922454834
7990,8.002668094635009
7991,0.4374680191278458
7992,2.863492250442505
7993,6.665532875061035
7994,4.145415782928467
7995,2.8550928115844725
7996,5.87294340133667
7997,8.035263156890869
7998,2.0790417194366455
7999,6.514613246917724
8000,5.456191158294677
8001,7.16690673828125
8002,3.2938390731811524
8003,8.072744750976563
8004,4.85611629486084
8005,7.817648792266846
8006,6.3057514190673825
8007,9.007408714294433
8008,5.352226448059082
8009,5.772971725463867
8010,6.493316173553467
8011,4.6871137619018555
8012,6.573880577087403
8013,2.3430315494537353
8014,5.2468267440795895
8015,5.150914287567138
8016,6.099699020385742
8017,4.003621768951416
8018,4.351108646392822
8019,6.014969253540039
8020,4.6352513313293455
8021,2.744254398345947
8022,5.371913623809815
8023,2.496526575088501
8024,5.748313236236572
8025,6.5957433700561525
8026,8.708403015136719
8027,8.892447090148925
8028,5.553091430664063
8029,6.5210185050964355
8030,3.236040544509888
8031,4.874461078643799
8032,4.62439546585083
8033,8.594934844970703
8034,4.230991458892822
8035,5.091373348236084
8036,2.133825159072876
8037,5.179975509643555
8038,7.1273932456970215
8039,7.461117076873779
8040,6.323204421997071
8041,6.060443592071533
8042,8.249494361877442
8043,3.3233985900878906
8044,6.0655824661254885
8045,5.859047794342041
8046,7.6785379409790036
8047,3.7493499755859374
8048,7.225037288665772
8049,3.076609182357788
8050,7.2016448974609375
8051,7.206238555908203
8052,9.036913299560547
8053,9.971208953857422
8054,7.018048477172852
8055,7.8252054214477536
8056,5.426793956756592
8057,6.90704460144043
8058,2.8580742835998536
8059,8.237944221496582
8060,5.327476501464844
8061,8.813895225524902
8062,4.645006465911865
8063,8.457067489624023
8064,8.88295841217041
8065,6.433995056152344
8066,5.872901821136475
8067,4.3754425048828125
8068,3.078001594543457
8069,5.030055522918701
8070,5.1212082862854
8071,8.130362415313721
8072,5.732637023925781
8073,9.340036392211914
8074,7.986357116699219
8075,7.263435935974121
8076,4.660101413726807
8077,4.100076961517334
8078,5.395033264160157
8079,9.565494346618653
8080,8.77826976776123
8081,8.202437400817871
8082,2.589650583267212
8083,6.355957698822022
8084,7.970702743530273
8085,8.663699722290039
8086,5.864089393615723
8087,4.908876037597656
8088,7.3005012512207035
8089,5.709933567047119
8090,5.199699211120605
8091,5.916916942596435
8092,4.687063598632813
8093,3.5364876270294188
8094,5.450577354431152
8095,6.691495609283447
8096,2.8802050590515136
8097,8.955793762207032
8098,6.125484657287598
8099,7.04578742980957
8100,5.455332469940186
8101,7.903479480743409
8102,6.590527820587158
8103,9.10984935760498
8104,4.285271072387696
8105,4.775129508972168
8106,1.1097698092460633
8107,4.645890235900879
8108,5.334870529174805
8109,4.578637313842774
8110,5.018049430847168
8111,5.230753231048584
8112,8.374549293518067
8113,5.848350715637207
8114,2.876209783554077
8115,5.58725872039795
8116,8.218416595458985
8117,6.479050159454346
8118,6.694061374664306
8119,5.628043460845947
8120,5.416593837738037
8121,2.6284124851226807
8122,5.803243732452392
8123,5.646627712249756
8124,5.628357791900635
8125,7.393958568572998
8126,7.870274829864502
8127,3.088195466995239
8128,9.082932662963866
8129,9.089164543151856
8130,4.493279457092285
8131,7.606660175323486
8132,9.090204811096191
8133,6.404564666748047
8134,7.332545280456543
8135,4.348907947540283
8136,6.023712825775147
8137,4.952879619598389
8138,8.277191543579102
8139,7.622088432312012
8140,2.614106273651123
8141,2.6937944412231447
8142,8.661550712585449
8143,2.7649835109710694
8144,6.106352424621582
8145,7.0608399391174315
8146,4.326844787597656
8147,9.336644172668457
8148,4.834551906585693
8149,4.951312065124512
8150,8.6007474899292
8151,4.67252550125122
8152,4.07541332244873
8153,4.537536525726319
8154,4.68728666305542
8155,8.5924467086792
8156,4.713415718078613
8157,4.275529861450195
8158,5.0274303436279295
8159,8.771721839904785
8160,1.6526595592498778
8161,6.471582984924316
8162,9.304482078552246
8163,6.3096026420593265
8164,7.516823959350586
8165,4.602085399627685
8166,4.6531005859375
8167,5.835856151580811
8168,4.249861526489258
8169,3.209260940551758
8170,6.820267295837402
8171,6.21690731048584
8172,7.790144920349121
8173,4.74508695602417
8174,6.739835929870606
8175,5.517029190063477
8176,7.116307353973388
8177,5.6662603378295895
8178,1.7636683940887452
8179,5.95920467376709
8180,5.158973693847656
8181,4.654737663269043
8182,6.976098251342774
8183,3.7717512607574464
8184,7.936337184906006
8185,6.7588887214660645
8186,7.664507102966309
8187,5.782796955108642
8188,8.350469207763672
8189,6.874390506744385
8190,8.869570922851562
8191,7.832546901702881
8192,8.88747615814209
8193,4.559899425506591
8194,6.837073612213135
8195,7.195763874053955
8196,4.210832977294922
8197,3.327722120285034
8198,7.2618053436279295
8199,0.580332624912262
8200,5.3771851539611815
8201,7.185756206512451
8202,4.018605089187622
8203,4.521977329254151
8204,5.568372917175293
8205,8.997970390319825
8206,4.133653402328491
8207,7.997629451751709
8208,4.070407867431641
8209,4.8955175399780275
8210,5.355643081665039
8211,6.791026592254639
8212,4.212525224685669
8213,5.49632682800293
8214,6.170437812805176
8215,6.288340091705322
8216,2.8671918869018556
8217,5.841018009185791
8218,2.5607051849365234
8219,7.077954483032227
8220,8.97802448272705
8221,4.298162460327148
8222,4.24306001663208
8223,7.94989652633667
8224,3.924587345123291
8225,7.104884338378906
8226,6.963994789123535
8227,5.40961332321167
8228,4.979613971710205
8229,3.9964766025543215
8230,9.114017486572266
8231,7.518239212036133
8232,2.313081455230713
8233,5.3562932968139645
8234,8.22661895751953
8235,5.205812263488769
8236,9.28864402770996
8237,6.776199245452881
8238,4.11811466217041
8239,9.928188896179199
8240,6.378490352630616
8241,4.808085155487061
8242,3.1922658920288085
8243,6.818916893005371
8244,3.367254686355591
8245,5.536955642700195
8246,3.3343099117279054
8247,7.3618816375732425
8248,3.498110771179199
8249,4.852820873260498
8250,6.719261646270752
8251,6.217015647888184
8252,6.15756311416626
8253,6.7161811828613285
8254,4.947538566589356
8255,5.849809741973877
8256,5.062853050231934
8257,1.8448269367218018
8258,4.587056827545166
8259,4.021364307403564
8260,4.599390506744385
8261,3.480990505218506
8262,7.017859840393067
8263,3.3940781593322753
8264,7.603601932525635
8265,4.880723762512207
8266,6.525401973724366
8267,7.614795112609864
8268,6.3762866973876955
8269,3.272459602355957
8270,4.741071510314941
8271,6.666410064697265
8272,3.866182041168213
8273,8.111999607086181
8274,7.059002780914307
8275,9.963293647766113
8276,4.772768115997314
8277,5.434141540527344
8278,4.285534954071045
8279,4.152296447753907
8280,7.364106845855713
8281,8.347735786437989
8282,6.660519123077393
8283,4.569969749450683
8284,3.779934120178223
8285,8.28790740966797
8286,7.823306941986084
8287,5.026306915283203
8288,7.848294830322265
8289,4.927921772003174
8290,6.215916633605957
8291,4.992430114746094
8292,8.846183395385742
8293,7.255524444580078
8294,6.169655799865723
8295,5.624963188171387
8296,2.6400194644927977
8297,7.11364860534668
8298,4.177185916900635
8299,9.481095314025879
8300,1.2082704067230225
8301,8.178466415405273
8302,4.151112842559814
8303,2.869455909729004
8304,5.5991661071777346
8305,4.430577373504638
8306,2.4164628982543945
8307,7.5075836181640625
8308,7.126736831665039
8309,6.108646202087402
8310,6.384083366394043
8311,7.123040199279785
8312,7.563241386413575
8313,5.405371952056885
8314,6.522589302062988
8315,2.746490812301636
8316,7.130091190338135
8317,6.911185455322266
8318,8.438103675842285
8319,3.96964054107666
8320,5.092090797424317
8321,5.3675127029418945
8322,7.472275161743164
8323,6.005841255187988
8324,4.146205615997315
8325,4.7004999160766605
8326,5.270969009399414
8327,7.948287487030029
8328,7.679985809326172
8329,7.848778533935547
8330,7.780443477630615
8331,5.734248065948487
8332,3.121951532363892
8333,6.336545372009278
8334,4.29269437789917
8335,5.72225866317749
8336,7.197708797454834
8337,4.44736795425415
8338,2.4274409770965577
8339,7.82804126739502
8340,4.816121292114258
8341,8.763307189941406
8342,1.713567280769348
8343,8.531485557556152
8344,6.5145305633544925
8345,7.612545299530029
8346,7.0297972679138185
8347,7.151200675964356
8348,7.677010154724121
8349,5.050552749633789
8350,5.303312206268311
8351,6.602034091949463
8352,8.10369701385498
8353,1.312693452835083
8354,9.682654571533202
8355,5.751982116699219
8356,6.825340747833252
8357,1.9493798971176148
8358,6.82342643737793
8359,9.33259983062744
8360,4.391813659667969
8361,6.366097450256348
8362,9.864531517028809
8363,6.94948673248291
8364,4.663697528839111
8365,8.036541175842284
8366,8.951411628723145
8367,3.321480226516724
8368,7.171012115478516
8369,5.741123390197754
8370,3.083576536178589
8371,5.50244255065918
8372,5.926731204986572
8373,5.198513412475586
8374,2.535992240905762
8375,7.334488582611084
8376,7.858749961853027
8377,8.2042387008667
8378,4.037448358535767
8379,6.505428695678711
8380,2.4946780681610106
8381,1.9257328033447265
8382,5.662323474884033
8383,7.459148216247558
8384,8.303897666931153
8385,3.811614179611206
8386,8.235538101196289
8387,5.2400201797485355
8388,7.8579504013061525
8389,7.292481327056885
8390,9.122558212280273
8391,9.399114799499511
8392,6.4733357429504395
8393,3.7218968868255615
8394,7.6077880859375
8395,5.690841388702393
8396,6.189056873321533
8397,6.057648658752441
8398,6.241023540496826
8399,6.103857135772705
8400,6.488352680206299
8401,8.683949279785157
8402,6.088499259948731
8403,7.181887245178222
8404,6.685721588134766
8405,3.9067875862121584
8406,4.949964141845703
8407,5.8330036163330075
8408,7.809281730651856
8409,7.56966609954834
8410,5.4000249862670895
8411,6.395713901519775
8412,6.944896221160889
8413,6.1654657363891605
8414,4.337711811065674
8415,8.46779670715332
8416,7.396758365631103
8417,3.946737003326416
8418,5.453575706481933
8419,6.657579135894776
8420,2.5597230434417724
8421,1.460553526878357
8422,6.210610008239746
8423,6.267393016815186
8424,4.456058597564697
8425,4.45472526550293
8426,7.132125663757324
8427,5.4497559547424315
8428,8.936092185974122
8429,1.6512516736984253
8430,6.0308490753173825
8431,3.9280274391174315
8432,6.605748462677002
8433,7.803806304931641
8434,8.107630348205566
8435,5.220722198486328
8436,5.092851448059082
8437,3.8119972705841065
8438,8.13914222717285
8439,7.100448989868164
8440,3.2856258869171144
8441,3.2080536842346192
8442,8.550069999694824
8443,9.92660961151123
8444,8.046468448638915
8445,8.502843284606934
8446,8.031343841552735
8447,7.358557415008545
8448,2.76975531578064
8449,3.7605544567108153
8450,3.1935847759246827
8451,6.296256256103516
8452,6.651267719268799
8453,2.755982685089111
8454,2.9202733516693113
8455,8.368333625793458
8456,6.293930912017823
8457,8.891601753234863
8458,2.6396310329437256
8459,7.624065780639649
8460,8.663696479797363
8461,5.825574493408203
8462,6.130369472503662
8463,7.598109149932862
8464,2.711811399459839
8465,7.201844692230225
8466,4.1396815299987795
8467,2.9707873344421385
8468,7.493798065185547
8469,5.746871280670166
8470,4.637471771240234
8471,8.462002372741699
8472,4.0425238609313965
8473,5.09691743850708
8474,4.439479541778565
8475,6.251048374176025
8476,6.497169780731201
8477,7.987942123413086
8478,7.112503147125244
8479,5.92857027053833
8480,4.397586059570313
8481,6.71463098526001
8482,6.612384510040283
8483,6.178857517242432
8484,6.136949253082276
8485,6.155738067626953
8486,9.047901153564453
8487,4.358936405181884
8488,4.0707543849945065
8489,6.541833019256591
8490,5.0721972465515135
8491,4.639398574829102
8492,6.382588577270508
8493,6.244814205169678
8494,6.87739896774292
8495,6.552009868621826
8496,3.3900044918060304
8497,6.863484573364258
8498,7.474885940551758
8499,6.332233142852783
8500,6.2987113952636715
8501,1.5094784259796143
8502,4.762628173828125
8503,2.573797512054443
8504,7.171801948547364
8505,6.758101940155029
8506,5.539417266845703
8507,7.037059688568116
8508,6.910446071624756
8509,9.199582290649413
8510,8.461093330383301
8511,6.909266948699951
8512,4.680134391784668
8513,7.0278936386108395
8514,7.272885990142822
8515,6.946351146697998
8516,6.9675849914550785
8517,6.6441929817199705
8518,4.880559349060059
8519,5.979923152923584
8520,3.448053073883057
8521,9.883034896850585
8522,3.820964288711548
8523,8.100643920898438
8524,4.575761795043945
8525,7.7451026916503904
8526,7.750978088378906
8527,7.458285999298096
8528,5.827653217315674
8529,5.020853805541992
8530,5.825377750396728
8531,3.208077907562256
8532,7.434089279174804
8533,8.664525604248047
8534,3.910842514038086
8535,6.283232975006103
8536,2.7268699645996093
8537,7.95110502243042
8538,9.759147644042969
8539,6.416828918457031
8540,6.9543137550354
8541,5.484520721435547
8542,1.3406258344650268
8543,3.734194278717041
8544,8.270754623413087
8545,7.239889907836914
8546,4.140186834335327
8547,7.085549545288086
8548,5.507093143463135
8549,7.497097015380859
8550,6.9992931365966795
8551,7.813126277923584
8552,7.081122779846192
8553,5.724972915649414
8554,2.1676932334899903
8555,7.983839511871338
8556,7.058532238006592
8557,6.291291427612305
8558,4.990963363647461
8559,6.087842273712158
8560,4.19870433807373
8561,5.920059680938721
8562,7.67165994644165
8563,8.991253662109376
8564,7.243825435638428
8565,4.997977066040039
8566,6.928412342071534
8567,7.624820899963379
8568,7.2211181640625
8569,8.176541328430176
8570,9.919207000732422
8571,3.235766363143921
8572,5.150062370300293
8573,7.355623435974121
8574,5.201699542999267
8575,1.880458402633667
8576,5.957165145874024
8577,7.2002129554748535
8578,8.285161399841309
8579,6.174416828155517
8580,5.2965902328491214
8581,5.144572448730469
8582,6.837191390991211
8583,6.075114059448242
8584,5.673774242401123
8585,7.74213924407959
8586,3.2193108558654786
8587,7.660734462738037
8588,5.875031280517578
8589,4.638650035858154
8590,9.380916023254395
8591,7.138527297973633
8592,2.9970532417297364
8593,7.007536602020264
8594,7.415091705322266
8595,3.9173230648040773
8596,7.914920711517334
8597,7.378037071228027
8598,6.252786445617676
8599,3.245862102508545
8600,2.3048680305480955
8601,7.617599678039551
8602,2.465786170959473
8603,1.4534176111221313
8604,5.087423038482666
8605,6.291907596588135
8606,6.94901065826416
8607,3.2615896224975587
8608,7.8268723487854
8609,5.914906120300293
8610,6.151664543151855
8611,8.034857654571534
8612,4.31784839630127
8613,4.980476570129395
8614,4.842379188537597
8615,7.718349647521973
8616,5.082793045043945
8617,8.58495273590088
8618,5.499460887908936
8619,7.093524932861328
8620,7.749535465240479
8621,8.594010734558106
8622,7.8708525657653805
8623,6.153108310699463
8624,6.271359539031982
8625,7.25576639175415
8626,4.825342464447021
8627,5.755238342285156
8628,6.517598724365234
8629,2.3991403579711914
8630,6.300471305847168
8631,6.895267581939697
8632,6.519590377807617
8633,6.84385929107666
8634,5.8128382682800295
8635,7.715436267852783
8636,6.522380065917969
8637,6.275906276702881
8638,8.848945236206054
8639,4.916177272796631
8640,9.39664363861084
8641,5.462971973419189
8642,1.0039798140525817
8643,3.8727867603302
8644,6.572674083709717
8645,7.6185197830200195
8646,6.571310901641846
8647,7.578174209594726
8648,5.464905071258545
8649,8.842001724243165
8650,6.770806789398193
8651,5.815639686584473
8652,4.8086894989013675
8653,7.938108253479004
8654,4.426889133453369
8655,7.692577075958252
8656,5.481257534027099
8657,3.931667423248291
8658,7.296794509887695
8659,4.883303165435791
8660,3.0018943309783936
8661,5.076504898071289
8662,6.953787040710449
8663,4.945038223266602
8664,5.737206363677979
8665,5.6804791450500485
8666,4.3004837989807125
8667,6.699823951721191
8668,5.113587284088135
8669,5.888725471496582
8670,7.060655212402343
8671,8.937789916992188
8672,4.8880716323852536
8673,5.519412326812744
8674,7.0953688621521
8675,4.40233793258667
8676,6.975809478759766
8677,6.425664710998535
8678,6.563050174713135
8679,7.324294376373291
8680,8.180147743225097
8681,7.999438953399658
8682,4.3460901260375975
8683,3.73897500038147
8684,9.795641326904297
8685,4.3642738342285154
8686,6.078560256958008
8687,6.854578018188477
8688,8.139874076843261
8689,7.16931848526001
8690,5.954062652587891
8691,4.44367790222168
8692,7.991733074188232
8693,9.978596115112305
8694,3.426922416687012
8695,6.3130546569824215
8696,6.489814949035645
8697,3.2167923927307127
8698,6.106027889251709
8699,4.5024871826171875
8700,8.799246025085449
8701,3.5696715831756594
8702,6.550250911712647
8703,9.909389877319336
8704,7.8853440284729
8705,5.935919380187988
8706,4.846113586425782
8707,7.958143043518066
8708,3.16216402053833
8709,4.804148864746094
8710,3.852478361129761
8711,7.002774429321289
8712,3.3226710319519044
8713,5.123081493377685
8714,9.423228645324707
8715,3.554703617095947
8716,4.357215690612793
8717,6.160590744018554
8718,6.685227394104004
8719,6.12284517288208
8720,5.685942459106445
8721,4.238748359680176
8722,4.422435569763183
8723,2.392255163192749
8724,4.731927490234375
8725,3.349263048171997
8726,3.4355462551116944
8727,8.182601356506348
8728,8.893792343139648
8729,3.8112769603729246
8730,4.898766803741455
8731,7.776661109924317
8732,9.644243240356445
8733,8.240300941467286
8734,5.522589683532715
8735,7.297288322448731
8736,7.99363899230957
8737,7.9219718933105465
8738,8.089226531982423
8739,8.12040376663208
8740,3.403670597076416
8741,5.749623203277588
8742,6.169363880157471
8743,5.346927356719971
8744,8.54683895111084
8745,6.4170843124389645
8746,6.929266452789307
8747,9.338621520996094
8748,3.209087085723877
8749,4.216243648529053
8750,2.9839531898498537
8751,5.158333206176758
8752,5.649152374267578
8753,7.741996574401855
8754,5.1771265983581545
8755,6.735513973236084
8756,6.867467403411865
8757,0.09619337320327759
8758,4.678939151763916
8759,3.1971882820129394
8760,5.131900024414063
8761,5.782033061981201
8762,6.205618286132813
8763,7.875475883483887
8764,3.390756130218506
8765,9.173904609680175
8766,6.9624247550964355
8767,9.204067420959472
8768,3.7448808670043947
8769,7.525260066986084
8770,9.128657722473145
8771,7.597726249694825
8772,8.434968566894531
8773,5.452166366577148
8774,5.718698978424072
8775,4.903071022033691
8776,6.695764350891113
8777,6.637714385986328
8778,6.508891010284424
8779,5.8643241882324215
8780,6.935931777954101
8781,4.822332859039307
8782,6.284571266174316
8783,6.961950397491455
8784,7.77476749420166
8785,3.396858549118042
8786,3.591965103149414
8787,2.7298739910125733
8788,5.496109199523926
8789,6.5335461616516115
8790,8.58321762084961
8791,6.773995685577392
8792,8.276640319824219
8793,5.329614353179932
8794,5.1159087181091305
8795,5.175520992279052
8796,3.1002682209014893
8797,4.3590411186218265
8798,7.545857906341553
8799,5.406335353851318
8800,5.217864322662353
8801,2.999240684509277
8802,5.381008625030518
8803,6.722629070281982
8804,7.915188121795654
8805,7.323374271392822
8806,7.181962966918945
8807,4.33292236328125
8808,7.302173709869384
8809,5.648938465118408
8810,4.5916729927062985
8811,4.932652282714844
8812,6.243349933624268
8813,6.699599552154541
8814,7.243634986877441
8815,9.111952972412109
8816,6.5504683494567875
8817,6.553732681274414
8818,5.9352668762207035
8819,4.883909702301025
8820,3.016364574432373
8821,9.425435829162598
8822,5.38370189666748
8823,7.858561992645264
8824,5.906424045562744
8825,8.379463386535644
8826,9.391072463989257
8827,5.742813587188721
8828,6.291594123840332
8829,6.0544336318969725
8830,5.090965366363525
8831,6.7722467422485355
8832,9.068676376342774
8833,5.5858453750610355
8834,3.091981363296509
8835,7.864682292938232
8836,7.475022506713867
8837,8.195684242248536
8838,5.484119510650634
8839,6.515352725982666
8840,6.172604179382324
8841,5.812412929534912
8842,4.6421788215637205
8843,5.8017449378967285
8844,8.55875301361084
8845,4.0746049880981445
8846,6.358756446838379
8847,5.040445041656494
8848,6.176809501647949
8849,7.708129405975342
8850,7.133798599243164
8851,5.725771713256836
8852,4.79188871383667
8853,4.725650405883789
8854,6.50861291885376
8855,9.033295631408691
8856,4.758484840393066
8857,4.471840667724609
8858,8.567220306396484
8859,5.8424077987670895
8860,3.760172462463379
8861,6.021900177001953
8862,4.331172180175781
8863,6.6240466117858885
8864,6.3205243110656735
8865,6.325386428833008
8866,6.795301628112793
8867,5.236458110809326
8868,6.732904434204102
8869,6.63980712890625
8870,6.725135803222656
8871,8.484053039550782
8872,6.809606552124023
8873,3.8022015571594237
8874,3.2001548290252684
8875,7.152214908599854
8876,2.3505895137786865
8877,9.133484077453613
8878,2.775297021865845
8879,7.331826877593994
8880,9.211344528198243
8881,7.862403106689453
8882,4.816895771026611
8883,7.173243141174316
8884,4.0052306175231935
8885,4.9594886779785154
8886,5.14282751083374
8887,5.16370267868042
8888,5.08450870513916
8889,5.597947692871093
8890,7.775914192199707
8891,3.786248970031738
8892,6.069401359558105
8893,6.051185417175293
8894,7.611308002471924
8895,2.1308915853500365
8896,8.147650146484375
8897,5.434758567810059
8898,7.800071334838867
8899,5.136950397491455
8900,3.845225954055786
8901,7.735378742218018
8902,4.5249433517456055
8903,6.19910364151001
8904,2.9152432441711427
8905,7.264748668670654
8906,6.566312026977539
8907,6.159697818756103
8908,6.666291522979736
8909,4.042715930938721
8910,7.915755558013916
8911,5.856328773498535
8912,5.265043640136719
8913,5.381002521514892
8914,5.481918716430664
8915,6.202275276184082
8916,3.020365810394287
8917,5.023739337921143
8918,3.6616862297058104
8919,6.724062061309814
8920,5.13689661026001
8921,6.44455919265747
8922,6.495778179168701
8923,6.5290196418762205
8924,6.187459945678711
8925,6.083185386657715
8926,3.4238290786743164
8927,6.646836853027343
8928,5.808336067199707
8929,5.532383728027344
8930,6.858750057220459
8931,6.982641506195068
8932,7.715045833587647
8933,8.072903060913086
8934,6.408079147338867
8935,8.649837112426757
8936,7.472758007049561
8937,7.755053520202637
8938,5.484770679473877
8939,3.2913312911987305
8940,6.89798583984375
8941,5.621063899993897
8942,2.0789143562316896
8943,6.968499374389649
8944,8.620380401611328
8945,4.99524621963501
8946,5.791424655914307
8947,6.5208738327026365
8948,7.858335685729981
8949,6.04462833404541
8950,6.340042686462402
8951,4.65972261428833
8952,3.419039726257324
8953,5.854281997680664
8954,7.31209020614624
8955,4.380192852020263
8956,5.080076217651367
8957,4.93283748626709
8958,5.67161340713501
8959,6.992342185974121
8960,9.051733207702636
8961,5.994757747650146
8962,3.8182182788848875
8963,6.481750869750977
8964,6.082004070281982
8965,5.238998126983643
8966,5.152508068084717
8967,9.314254570007325
8968,4.974839401245117
8969,7.902515697479248
8970,6.095428085327148
8971,4.361298370361328
8972,8.254598426818848
8973,7.883935928344727
8974,6.472311019897461
8975,5.154157447814941
8976,8.493080520629883
8977,6.03308334350586
8978,9.249770355224609
8979,6.666139411926269
8980,4.488150978088379
8981,6.688776874542237
8982,7.485012722015381
8983,8.647079467773438
8984,5.890914440155029
8985,3.883605194091797
8986,3.6780724048614504
8987,5.148478889465332
8988,3.84324254989624
8989,4.011830997467041
8990,7.102042579650879
8991,5.1382551193237305
8992,4.189876079559326
8993,5.932880401611328
8994,4.160567378997802
8995,8.444069290161133
8996,5.425063991546631
8997,6.9156983375549315
8998,7.126866722106934
8999,7.827185344696045
9000,7.054586696624756
9001,7.161871528625488
9002,8.109112548828126
9003,6.381955337524414
9004,7.748772525787354
9005,3.052288055419922
9006,6.6856279373168945
9007,8.83164119720459
9008,5.835178089141846
9009,6.283394432067871
9010,7.837214851379395
9011,5.1046473503112795
9012,2.3938081741333006
9013,6.945716094970703
9014,7.960234260559082
9015,3.7992079734802244
9016,4.603740978240967
9017,6.662760543823242
9018,5.844660663604737
9019,3.618820905685425
9020,6.321768951416016
9021,4.484510040283203
9022,7.666876029968262
9023,6.2326353073120115
9024,7.091491794586181
9025,6.207277584075928
9026,5.698530197143555
9027,6.769086933135986
9028,5.617515754699707
9029,4.501895141601563
9030,5.415416526794433
9031,6.176870822906494
9032,5.341862583160401
9033,4.892043209075927
9034,7.380602741241455
9035,6.37747049331665
9036,1.8321197986602784
9037,5.8909648895263675
9038,6.693725490570069
9039,5.45961332321167
9040,6.913378715515137
9041,4.725850677490234
9042,4.185263919830322
9043,5.989619159698487
9044,4.539926815032959
9045,2.138250494003296
9046,6.476321220397949
9047,9.61531047821045
9048,8.119264030456543
9049,9.989842414855957
9050,4.212069892883301
9051,4.696220111846924
9052,7.290222835540772
9053,3.6906765937805175
9054,3.9159013748168947
9055,8.203969764709473
9056,8.019602394104004
9057,8.41365032196045
9058,9.4159761428833
9059,5.918652439117432
9060,7.453282451629638
9061,2.397874355316162
9062,5.563872051239014
9063,5.057220935821533
9064,6.422947216033935
9065,6.587777519226075
9066,5.149421691894531
9067,3.694396495819092
9068,6.2079270362854
9069,6.360991954803467
9070,6.8889467239379885
9071,5.710745429992675
9072,8.725791740417481
9073,4.416990756988525
9074,2.8678989887237547
9075,6.258857917785645
9076,4.904513645172119
9077,4.870406818389893
9078,5.987425231933594
9079,5.3991780281066895
9080,3.5620024681091307
9081,3.7008230209350588
9082,7.117069911956787
9083,10.0
9084,7.311116313934326
9085,8.277981567382813
9086,4.714873313903809
9087,8.163816547393798
9088,4.179225826263428
9089,7.173605728149414
9090,6.518997383117676
9091,1.8537872314453125
9092,4.634346961975098
9093,8.07531270980835
9094,3.9995972156524657
9095,7.491582012176513
9096,9.326656913757324
9097,7.487608242034912
9098,4.416963386535644
9099,4.993036270141602
9100,9.711457824707031
9101,7.357203674316406
9102,5.641401672363282
9103,6.425030612945557
9104,4.670331764221191
9105,7.743770408630371
9106,3.9952141284942626
9107,4.728337287902832
9108,3.95130033493042
9109,6.721152210235596
9110,7.214572429656982
9111,5.504303932189941
9112,2.171333885192871
9113,6.278963375091553
9114,4.602747249603271
9115,6.238380241394043
9116,3.3317644596099854
9117,6.529377269744873
9118,8.03896884918213
9119,6.58454532623291
9120,5.414123058319092
9121,9.442810821533204
9122,4.288715267181397
9123,7.869050598144531
9124,9.666150665283203
9125,6.308980655670166
9126,4.8385392189025875
9127,3.787049388885498
9128,5.815293598175049
9129,4.540261459350586
9130,5.963811302185059
9131,5.110523891448975
9132,7.119000339508057
9133,2.337180995941162
9134,4.811779403686524
9135,4.794583511352539
9136,6.679515838623047
9137,7.598767185211182
9138,4.785183715820312
9139,5.502625751495361
9140,6.017960834503174
9141,5.743698501586914
9142,8.209089851379394
9143,5.714945316314697
9144,2.041492533683777
9145,4.094768905639649
9146,6.0946831703186035
9147,6.364951324462891
9148,6.772790431976318
9149,5.733583259582519
9150,5.6907493591308596
9151,5.4300507545471195
9152,6.66412353515625
9153,5.015064716339111
9154,5.900702857971192
9155,5.681575584411621
9156,9.130306816101074
9157,5.341799926757813
9158,5.460595989227295
9159,5.497471904754638
9160,4.655859851837159
9161,7.8848411560058596
9162,6.517868614196777
9163,4.881686115264893
9164,6.6669151306152346
9165,8.283034133911134
9166,6.291143608093262
9167,4.219825363159179
9168,6.350262451171875
9169,7.54190092086792
9170,5.61368989944458
9171,5.347474193572998
9172,8.114610767364502
9173,6.294322681427002
9174,5.30477933883667
9175,5.212169933319092
9176,4.1220269203186035
9177,4.9922950744628904
9178,4.462859058380127
9179,4.572570514678955
9180,7.26887149810791
9181,3.8996575355529783
9182,6.53825044631958
9183,9.938314437866211
9184,6.997347640991211
9185,5.846534347534179
9186,4.122586822509765
9187,8.211661911010742
9188,4.738601589202881
9189,4.56517219543457
9190,5.736249923706055
9191,9.598819732666016
9192,5.806746768951416
9193,5.133253860473633
9194,7.599552249908447
9195,8.40307331085205
9196,8.897748374938965
9197,5.5070140838623045
9198,4.01368408203125
9199,7.740590572357178
9200,4.816975402832031
9201,7.061788940429688
9202,4.094204711914062
9203,3.8799965381622314
9204,1.911266565322876
9205,7.904803943634033
9206,7.1438569068908695
9207,4.505093765258789
9208,3.2809142112731933
9209,4.538912773132324
9210,8.892417335510254
9211,5.650483512878418
9212,5.436898708343506
9213,3.730863618850708
9214,5.785766696929931
9215,6.626223754882813
9216,4.0614770412445065
9217,6.78064546585083
9218,5.504497528076172
9219,3.903732442855835
9220,6.498955249786377
9221,5.244315528869629
9222,2.271353769302368
9223,4.435848331451416
9224,5.969738101959228
9225,3.271333837509155
9226,5.064323425292969
9227,5.778496932983399
9228,5.063008880615234
9229,9.556153869628906
9230,8.79078254699707
9231,0.7026503443717956
9232,8.885442924499511
9233,5.684163761138916
9234,3.8602242946624754
9235,3.1851565837860107
9236,4.433290481567383
9237,3.7996294021606447
9238,6.784353160858155
9239,4.056051731109619
9240,2.832642698287964
9241,6.72379093170166
9242,2.8494170188903807
9243,5.9456586837768555
9244,5.720500373840332
9245,9.16724796295166
9246,8.316072273254395
9247,4.433703327178955
9248,5.813110065460205
9249,3.6552032470703124
9250,6.503614711761474
9251,5.817565536499023
9252,5.14871826171875
9253,6.126153469085693
9254,6.019637584686279
9255,2.9847769260406496
9256,2.8999430656433107
9257,4.5236893653869625
9258,7.233838081359863
9259,3.8823352813720704
9260,6.726737689971924
9261,4.999424743652344
9262,5.595254898071289
9263,8.607218742370605
9264,2.6179765701293944
9265,5.391977405548095
9266,6.4031778335571286
9267,7.645398330688477
9268,8.675965690612793
9269,7.225884819030762
9270,6.035110759735107
9271,5.702018928527832
9272,7.215102291107177
9273,8.148995399475098
9274,9.345794486999512
9275,4.408194065093994
9276,9.601552772521973
9277,4.2342448234558105
9278,6.384687042236328
9279,8.580171585083008
9280,6.234272289276123
9281,5.494581127166748
9282,3.548328733444214
9283,4.1603443145751955
9284,6.94443645477295
9285,4.444543075561524
9286,5.9383447647094725
9287,2.07700138092041
9288,2.025705885887146
9289,7.418890953063965
9290,8.537535095214844
9291,1.872705054283142
9292,7.440288829803467
9293,5.461154460906982
9294,2.3238335609436036
9295,4.793083000183105
9296,5.496614074707031
9297,7.5528840065002445
9298,4.951154136657715
9299,6.1991290092468265
9300,7.5620135307312015
9301,3.8025388717651367
9302,5.051156425476075
9303,1.7446014165878296
9304,2.8829910278320314
9305,5.797069454193116
9306,3.144926118850708
9307,2.066046714782715
9308,5.220674228668213
9309,6.244091129302978
9310,8.040027618408203
9311,9.027069473266602
9312,2.318901300430298
9313,7.060843276977539
9314,9.246752548217774
9315,6.82640380859375
9316,4.330382347106934
9317,2.3538052082061767
9318,5.8020782470703125
9319,6.510007286071778
9320,6.809681034088134
9321,8.319836616516113
9322,8.218280410766601
9323,1.2789306163787841
9324,2.4830634117126467
9325,6.250653839111328
9326,7.672286510467529
9327,6.856443691253662
9328,3.9468126773834227
9329,3.554362726211548
9330,1.795091938972473
9331,4.685413932800293
9332,2.9367156505584715
9333,4.420534324645996
9334,7.479330825805664
9335,7.014187049865723
9336,4.710951423645019
9337,9.001324462890626
9338,7.229969310760498
9339,8.923335647583007
9340,7.426919841766358
9341,5.761977672576904
9342,6.3437458038330075
9343,6.488282871246338
9344,6.99287052154541
9345,5.526743030548095
9346,5.019717979431152
9347,9.395591735839844
9348,4.8358180046081545
9349,6.390346813201904
9350,4.829095935821533
9351,5.247938442230224
9352,7.051685905456543
9353,4.697416305541992
9354,4.972961807250977
9355,8.433447456359863
9356,5.725110626220703
9357,5.364169597625732
9358,4.669460773468018
9359,7.837831974029541
9360,6.057426071166992
9361,4.870246315002442
9362,6.005416011810302
9363,4.972880840301514
9364,6.715726470947265
9365,3.4677385807037355
9366,7.040671539306641
9367,8.653909683227539
9368,7.785353946685791
9369,7.805289649963379
9370,9.41770534515381
9371,6.377762794494629
9372,6.142863082885742
9373,4.616839027404785
9374,4.12935152053833
9375,4.599623394012451
9376,6.915488338470459
9377,7.3476580619812015
9378,3.4461472034454346
9379,6.564148044586181
9380,3.926794481277466
9381,6.417701625823975
9382,3.2860984802246094
9383,4.909432220458984
9384,8.427383995056152
9385,5.498728561401367
9386,4.317116641998291
9387,4.9079187393188475
9388,4.733535385131836
9389,7.767609596252441
9390,6.257119178771973
9391,7.217144584655761
9392,6.305377101898193
9393,6.7748494148254395
9394,5.058925151824951
9395,7.019394016265869
9396,5.376687908172608
9397,5.418459033966064
9398,5.163012218475342
9399,2.627956199645996
9400,3.770287275314331
9401,5.201268863677979
9402,0.6369916796684265
9403,8.52764835357666
9404,6.29749870300293
9405,5.547136497497559
9406,5.0035813331604
9407,7.035787582397461
9408,5.235593700408936
9409,6.575063991546631
9410,4.609646415710449
9411,3.5652997493743896
9412,5.892926025390625
9413,6.8826391220092775
9414,6.308909606933594
9415,2.666587495803833
9416,9.569749069213866
9417,5.75360107421875
9418,7.736357688903809
9419,5.037605571746826
9420,2.9621437549591065
9421,4.27811632156372
9422,5.560330772399903
9423,4.225392436981201
9424,8.474491119384766
9425,5.5758264541625975
9426,7.246784114837647
9427,8.740445327758788
9428,1.974055528640747
9429,9.04477825164795
9430,5.061390590667725
9431,6.855652618408203
9432,2.5762863159179688
9433,7.704408264160156
9434,4.533052062988281
9435,8.317162704467773
9436,5.808061408996582
9437,7.305549430847168
9438,7.104185104370117
9439,5.928356552124024
9440,0.44989398717880247
9441,0.9422513604164123
9442,3.9167594432830812
9443,3.8568252086639405
9444,5.007837867736816
9445,8.473752975463867
9446,8.117513847351074
9447,7.885348606109619
9448,7.612758445739746
9449,5.4904521942138675
9450,4.66973648071289
9451,7.502914237976074
9452,8.559482002258301
9453,3.435167980194092
9454,8.595281982421875
9455,7.335939884185791
9456,7.399329566955567
9457,5.833399391174316
9458,8.128862380981445
9459,4.6082444190979
9460,7.09752836227417
9461,6.09948034286499
9462,8.081115913391113
9463,5.0207501411437985
9464,3.1698378562927245
9465,4.156960678100586
9466,8.227742195129395
9467,3.9812819957733154
9468,6.220723056793213
9469,2.45161612033844
9470,6.15257158279419
9471,6.756570529937744
9472,6.061588764190674
9473,4.911178302764893
9474,0.7827215075492859
9475,6.362034606933594
9476,3.6406371116638185
9477,5.93891544342041
9478,6.803229713439942
9479,7.287149429321289
9480,6.4755044937133786
9481,6.106790065765381
9482,4.455406761169433
9483,7.027159404754639
9484,3.033879613876343
9485,8.968607139587402
9486,6.038203716278076
9487,7.499341201782227
9488,7.813446044921875
9489,5.617491817474365
9490,1.938716173171997
9491,6.2975132942199705
9492,6.634260463714599
9493,6.536462783813477
9494,6.954469394683838
9495,3.4664011001586914
9496,2.9133622646331787
9497,6.88598222732544
9498,6.279406452178955
9499,5.9197734832763675
9500,6.294244575500488
9501,3.3460363864898683
9502,9.286142158508301
9503,2.685613441467285
9504,9.059786605834962
9505,4.686194992065429
9506,6.742480087280273
9507,9.011306762695312
9508,7.178502559661865
9509,3.3903949737548826
9510,8.404400444030761
9511,4.649706077575684
9512,4.749032783508301
9513,3.960640573501587
9514,5.348713111877442
9515,9.11795482635498
9516,6.446733188629151
9517,6.507783126831055
9518,4.904464817047119
9519,5.639181900024414
9520,8.58874454498291
9521,5.912819957733154
9522,2.7110936641693115
9523,5.322908782958985
9524,6.0232795715332035
9525,6.980336380004883
9526,8.982242584228516
9527,7.828303432464599
9528,5.559776878356933
9529,3.450165128707886
9530,4.844197463989258
9531,4.486397933959961
9532,6.57180643081665
9533,5.323290634155273
9534,5.14531717300415
9535,5.283896541595459
9536,5.233742141723633
9537,6.429779052734375
9538,6.2799248695373535
9539,5.924330425262451
9540,3.7867109298706056
9541,2.872076463699341
9542,5.329953575134278
9543,5.0775093078613285
9544,4.245193386077881
9545,5.779620933532715
9546,3.0838291168212892
9547,7.510066795349121
9548,4.7945610046386715
9549,9.149546813964843
9550,2.2818922996520996
9551,6.553675365447998
9552,5.323143005371094
9553,2.2815295696258544
9554,6.316579532623291
9555,5.272770977020263
9556,5.590166664123535
9557,6.841073799133301
9558,5.309812736511231
9559,4.673857688903809
9560,3.954216814041138
9561,7.301281261444092
9562,8.975614547729492
9563,2.1711735010147093
9564,5.6664628982543945
9565,7.8776164054870605
9566,6.0837935447692875
9567,3.6241535186767577
9568,5.565065193176269
9569,4.5324102401733395
9570,3.409591293334961
9571,4.531812572479248
9572,4.520607280731201
9573,7.004541969299316
9574,7.788277339935303
9575,7.0649169921875
9576,7.9099091529846195
9577,5.385947608947754
9578,5.988481903076172
9579,6.037762260437011
9580,6.539777374267578
9581,8.0225510597229
9582,4.655873584747314
9583,8.65992031097412
9584,3.0005340576171875
9585,6.843614292144776
9586,5.516302394866943
9587,7.635066127777099
9588,3.88781533241272
9589,6.09973258972168
9590,5.982172298431396
9591,5.72602596282959
9592,7.3512654304504395
9593,5.4635039329528805
9594,5.6297284126281735
9595,6.373055267333984
9596,9.215394973754883
9597,6.573753070831299
9598,5.630955982208252
9599,6.494249629974365
9600,6.169778728485108
9601,4.646638202667236
9602,5.875512313842774
9603,6.111695003509522
9604,9.011553001403808
9605,5.31126651763916
9606,6.602745246887207
9607,4.805987167358398
9608,6.254533576965332
9609,2.7476444244384766
9610,5.947604370117188
9611,8.4436429977417
9612,4.061116790771484
9613,7.255710506439209
9614,3.747818613052368
9615,7.717743587493897
9616,6.711056137084961
9617,5.90297794342041
9618,7.177850914001465
9619,6.091367721557617
9620,4.543198108673096
9621,5.320530891418457
9622,5.240148067474365
9623,7.464148235321045
9624,6.265149688720703
9625,6.304454326629639
9626,7.248415279388428
9627,5.160009288787842
9628,7.442947864532471
9629,4.290968894958496
9630,7.407119655609131
9631,3.097998285293579
9632,2.0833714962005616
9633,4.085559511184693
9634,7.084370708465576
9635,4.459693336486817
9636,3.6650434017181395
9637,4.148140907287598
9638,7.777217864990234
9639,5.69621696472168
9640,7.192394161224366
9641,3.72590651512146
9642,3.777187156677246
9643,4.717528629302978
9644,6.219432735443116
9645,5.805825233459473
9646,8.088653755187988
9647,8.108948516845704
9648,2.6935417652130127
9649,8.348917007446289
9650,5.792321968078613
9651,7.9624560356140135
9652,9.478166198730468
9653,6.163141441345215
9654,8.238338088989257
9655,4.341650867462159
9656,10.0
9657,7.83176851272583
9658,3.61260724067688
9659,6.82176399230957
9660,5.065183639526367
9661,7.804268646240234
9662,1.5399625301361084
9663,2.040677285194397
9664,3.2923588275909426
9665,7.648782062530517
9666,7.883378982543945
9667,7.995381450653076
9668,3.013141632080078
9669,6.500867080688477
9670,4.094263124465942
9671,2.6240726947784423
9672,5.883505725860596
9673,7.769612216949463
9674,4.5538102149963375
9675,6.13962345123291
9676,6.334606075286866
9677,8.704570770263672
9678,5.1848796844482425
9679,5.451684665679932
9680,4.806826114654541
9681,7.538579082489013
9682,4.2847648620605465
9683,5.969279861450195
9684,5.768922996520996
9685,6.12370023727417
9686,5.859919738769531
9687,8.251985168457031
9688,5.921221923828125
9689,9.272595977783203
9690,6.0778172492980955
9691,7.327763938903809
9692,7.208895111083985
9693,5.483436584472656
9694,3.54097900390625
9695,5.883136367797851
9696,8.829921913146972
9697,7.751259708404541
9698,6.506755924224853
9699,4.167400550842285
9700,5.746769714355469
9701,6.145127487182617
9702,5.155969429016113
9703,5.001843643188477
9704,9.894793510437012
9705,8.549648857116699
9706,7.155766868591309
9707,5.879355716705322
9708,7.144135665893555
9709,5.3604076385498045
9710,2.665836954116821
9711,5.794047546386719
9712,9.030762481689454
9713,7.918907260894775
9714,7.045528697967529
9715,7.085456085205078
9716,4.464219093322754
9717,0.8204565159976482
9718,6.795987319946289
9719,4.569233989715576
9720,8.642225456237792
9721,3.169387149810791
9722,6.050854587554932
9723,4.428368377685547
9724,6.741596317291259
9725,8.474302864074707
9726,6.930984401702881
9727,6.5193772315979
9728,6.855468368530273
9729,5.181582927703857
9730,4.855432510375977
9731,3.4458990573883055
9732,6.759710121154785
9733,8.740377807617188
9734,6.82054328918457
9735,7.83658390045166
9736,3.1749305725097656
9737,8.117540168762208
9738,3.3780938625335692
9739,7.895294570922852
9740,5.666291522979736
9741,6.7490771293640135
9742,3.288647699356079
9743,6.9628586769104
9744,5.226752376556396
9745,5.8315221786499025
9746,6.79466028213501
9747,4.890628814697266
9748,6.203889274597168
9749,5.46216344833374
9750,2.1261338233947753
9751,5.595631217956543
9752,3.8305548667907714
9753,8.972254180908203
9754,8.816537666320801
9755,6.682803440093994
9756,6.513622379302978
9757,6.8754472732543945
9758,7.3470151901245115
9759,5.858051776885986
9760,6.719040203094482
9761,6.605915451049805
9762,7.0818277359008786
9763,3.540413665771484
9764,9.280417442321777
9765,5.913107299804688
9766,5.493503379821777
9767,5.943061637878418
9768,2.578923559188843
9769,4.131829261779785
9770,3.5037930488586424
9771,5.5048675537109375
9772,5.241273307800293
9773,5.800018692016602
9774,9.385745239257812
9775,3.311904048919678
9776,4.784554290771484
9777,6.578330707550049
9778,8.089095878601075
9779,8.17460594177246
9780,5.719240379333496
9781,8.844794654846192
9782,6.915090465545655
9783,7.367264938354492
9784,5.590876197814941
9785,5.963731098175049
9786,8.571485328674317
9787,3.2673969745635985
9788,4.240806770324707
9789,8.199406623840332
9790,4.794217491149903
9791,2.5544299125671386
9792,3.679560327529907
9793,9.703118515014648
9794,6.597729873657227
9795,7.097611331939698
9796,4.237060165405273
9797,5.983935546875
9798,7.078794670104981
9799,4.614708137512207
9800,6.058688831329346
9801,6.978683185577393
9802,8.525570297241211
9803,3.8859701633453367
9804,3.4025917053222656
9805,4.69722261428833
9806,5.735849380493164
9807,5.4861876487731935
9808,6.592432308197021
9809,7.445183753967285
9810,2.2476993083953856
9811,7.9935304641723635
9812,3.352281379699707
9813,4.345749759674073
9814,5.851416397094726
9815,5.191068172454834
9816,2.3175806522369387
9817,4.867776107788086
9818,8.298866844177246
9819,3.1754270076751707
9820,6.838977241516114
9821,5.200802326202393
9822,5.2259800910949705
9823,6.495445346832275
9824,6.314415645599365
9825,8.27527904510498
9826,7.80720739364624
9827,5.416957569122315
9828,6.831539249420166
9829,7.149892139434814
9830,4.185823822021485
9831,6.989825057983398
9832,6.822484111785888
9833,4.851107788085938
9834,8.103930854797364
9835,5.529060363769531
9836,5.643239116668701
9837,4.623573970794678
9838,4.681588172912598
9839,5.126938247680664
9840,7.699639892578125
9841,8.778956985473632
9842,4.943937683105469
9843,6.4254889488220215
9844,9.840514945983887
9845,5.117782974243164
9846,8.235573005676269
9847,4.387162399291992
9848,8.673191261291503
9849,3.454261589050293
9850,6.475177478790283
9851,5.906145286560059
9852,7.939030551910401
9853,6.541854572296143
9854,6.291929244995117
9855,5.921320915222168
9856,5.744856071472168
9857,3.593213176727295
9858,7.168108177185059
9859,8.237829399108886
9860,6.327217388153076
9861,5.674109745025635
9862,7.129330062866211
9863,5.761537647247314
9864,4.5136185646057125
9865,4.919082832336426
9866,5.901757717132568
9867,8.47354564666748
9868,8.739690780639648
9869,2.4182345390319826
9870,6.5017250061035154
9871,2.863687610626221
9872,9.260823440551757
9873,5.786837768554688
9874,6.746197700500488
9875,5.581545829772949
9876,5.220697593688965
9877,7.735734844207764
9878,4.980377674102783
9879,4.11282320022583
9880,5.744751071929931
9881,5.058339786529541
9882,4.627569484710693
9883,7.06909589767456
9884,5.200704765319824
9885,6.675067043304443
9886,3.9951122760772706
9887,3.783229398727417
9888,3.4696462154388428
9889,7.557661628723144
9890,3.5527204990386965
9891,7.834299945831299
9892,7.606940364837646
9893,7.481637382507325
9894,5.415433025360107
9895,7.0050098419189455
9896,4.656431102752686
9897,6.802383136749268
9898,8.373846435546875
9899,6.482843399047852
9900,6.761241912841797
9901,6.6362730979919435
9902,2.845991277694702
9903,6.870855522155762
9904,7.34898738861084
9905,2.235796880722046
9906,8.049449348449707
9907,5.210883712768554
9908,4.523888778686524
9909,3.728367805480957
9910,8.706210517883301
9911,8.25196418762207
9912,7.85113115310669
9913,4.082674217224121
9914,9.417818641662597
9915,4.047520875930786
9916,5.337516117095947
9917,7.054401111602783
9918,4.8995942115783695
9919,5.001411819458008
9920,6.158110332489014
9921,8.208124160766602
9922,5.128276062011719
9923,7.597489356994629
9924,6.663826751708984
9925,6.464983749389648
9926,3.4154483795166017
9927,3.7019341468811033
9928,6.405409622192383
9929,2.743858575820923
9930,6.416423320770264
9931,7.017697429656982
9932,2.984167194366455
9933,7.86452054977417
9934,7.283161735534668
9935,6.730830287933349
9936,6.278465270996094
9937,3.4419304370880126
9938,5.658940315246582
9939,7.182580184936524
9940,5.046929168701172
9941,9.190446853637695
9942,5.030553150177002
9943,2.8443523406982423
9944,7.208200073242187
9945,4.961962890625
9946,2.3002455711364744
9947,6.562993144989013
9948,5.473925971984864
9949,6.418568229675293
9950,6.603009128570557
9951,7.785300922393799
9952,6.94163932800293
9953,4.8084893226623535
9954,4.683811855316162
9955,6.2000456809997555
9956,4.113362264633179
9957,5.67060604095459
9958,5.1368858337402346
9959,4.282261848449707
9960,5.610696315765381
9961,5.627947425842285
9962,5.760215473175049
9963,5.884503269195557
9964,4.437007427215576
9965,7.6522908210754395
9966,5.054072093963623
9967,4.384309196472168
9968,7.628792667388916
9969,7.124928283691406
9970,4.640025234222412
9971,0.5913996040821076
9972,9.967058372497558
9973,4.283197212219238
9974,6.114407539367676
9975,5.3555481910705565
9976,3.6742364406585692
9977,6.24279146194458
9978,1.9943833827972413
9979,7.22716760635376
9980,3.9888824462890624
9981,5.806021404266358
9982,8.22396240234375
9983,4.657905769348145
9984,7.781432723999023
9985,6.750897789001465
9986,8.702298736572265
9987,6.831649875640869
9988,8.163934707641602
9989,3.1609206676483153
9990,6.246381759643555
9991,6.174567604064942
9992,3.0331538200378416
9993,2.710133171081543
9994,4.2403564453125
9995,6.194156646728516
9996,6.690414047241211
9997,7.678987979888916
9998,5.650850677490235
9999,2.8357425212860106
10000,6.875787544250488
10001,5.061612224578857
10002,3.8104279041290283
10003,6.663966464996338
10004,5.465577220916748
10005,1.9844887018203736
10006,8.129555130004883
10007,8.824205589294433
10008,8.05185146331787
10009,4.761538696289063
10010,3.0097060203552246
10011,5.876718425750733
10012,4.588182163238526
10013,5.933917808532715
10014,8.082055473327637
10015,7.481640815734863
10016,6.622398567199707
10017,8.102234840393066
10018,4.219402217864991
10019,5.263674640655518
10020,9.222611808776856
10021,4.5455550193786625
10022,5.197968006134033
10023,5.363099765777588
10024,3.437131643295288
10025,4.177365112304687
10026,5.846597290039062
10027,6.200752544403076
10028,7.033924674987793
10029,4.504479312896729
10030,5.645231914520264
10031,7.4592592239379885
10032,7.866654872894287
10033,6.103063011169434
10034,6.08697099685669
10035,2.91083345413208
10036,3.7768605232238768
10037,6.513292980194092
10038,5.382178688049317
10039,3.7724966049194335
10040,6.874760437011719
10041,1.1282282829284669
10042,6.841162395477295
10043,1.9802876710891724
10044,5.0311784744262695
10045,7.359174156188965
10046,5.912978744506836
10047,3.929799461364746
10048,5.102528285980225
10049,8.172006034851075
10050,5.847003650665283
10051,5.1436175346374515
10052,5.57689266204834
10053,5.040956115722656
10054,3.4429260730743407
10055,5.233036899566651
10056,9.349083709716798
10057,6.301678276062011
10058,5.279121589660645
10059,5.960962867736816
10060,8.377101135253906
10061,7.255428886413574
10062,3.3751322746276857
10063,4.8887909889221195
10064,5.8106952667236325
10065,2.8305676937103272
10066,8.591431999206543
10067,5.624940490722656
10068,9.633023834228515
10069,5.587211227416992
10070,4.742481803894043
10071,6.573644542694092
10072,3.5275776386260986
10073,4.2724635124206545
10074,8.635850524902343
10075,8.128353118896484
10076,4.3243636131286625
10077,9.026441192626953
10078,4.343496799468994
10079,5.02755298614502
10080,7.753821754455567
10081,4.014357185363769
10082,3.817451810836792
10083,7.4486985206604
10084,5.827038288116455
10085,3.5965060234069823
10086,8.113688659667968
10087,2.4331979751586914
10088,5.111655807495117
10089,3.5511258602142335
10090,7.171606063842773
10091,1.2665888309478759
10092,5.523083305358886
10093,7.683719444274902
10094,6.754045486450195
10095,7.829883193969726
10096,2.4809497356414796
10097,6.868770408630371
10098,5.095409774780274
10099,7.448069286346436
10100,5.106805801391602
10101,7.300896072387696
10102,3.5845703125
10103,5.2419593811035154
10104,7.586593341827393
10105,6.655443382263184
10106,7.277407264709472
10107,6.625234508514405
10108,7.77667989730835
10109,3.371681976318359
10110,2.609774446487427
10111,8.244800567626953
10112,7.219641590118409
10113,8.598436737060547
10114,7.466817569732666
10115,6.403715991973877
10116,6.442764663696289
10117,6.8761241912841795
10118,5.333966827392578
10119,6.60753231048584
10120,5.7848219871521
10121,6.774642276763916
10122,5.472548103332519
10123,7.464825820922852
10124,8.088145732879639
10125,5.738886547088623
10126,4.803571987152099
10127,9.093213844299317
10128,6.97667179107666
10129,7.745514965057373
10130,5.035836982727051
10131,8.107214260101319
10132,5.374312782287598
10133,4.016419458389282
10134,3.4988966941833497
10135,5.762367534637451
10136,3.395415449142456
10137,4.35005292892456
10138,4.313452816009521
10139,6.57761516571045
10140,7.6769102096557615
10141,7.794922542572022
10142,3.6936584949493407
10143,6.583473014831543
10144,8.923292541503907
10145,9.98835506439209
10146,2.319790554046631
10147,4.226882839202881
10148,7.893912696838379
10149,9.32717399597168
10150,7.274565887451172
10151,2.2541285514831544
10152,7.636325645446777
10153,2.579311752319336
10154,6.5570862770080565
10155,6.134082984924317
10156,4.658088970184326
10157,7.7338587760925295
10158,5.223653793334961
10159,6.698299503326416
10160,5.916370487213134
10161,2.448971080780029
10162,7.462136459350586
10163,7.298375129699707
10164,8.057067680358887
10165,6.919251728057861
10166,3.4259712219238283
10167,8.400153541564942
10168,5.040741729736328
10169,9.031717872619629
10170,6.327137851715088
10171,6.161984825134278
10172,6.9087732315063475
10173,2.0381240844726562
10174,6.405585765838623
10175,7.643332004547119
10176,5.138833522796631
10177,4.702416896820068
10178,2.910072898864746
10179,7.0673596382141115
10180,6.889897060394287
10181,3.8457170963287353
10182,6.305210018157959
10183,2.941780376434326
10184,6.277023983001709
10185,6.386246395111084
10186,4.90003023147583
10187,4.458012580871582
10188,2.157150983810425
10189,8.714813232421875
10190,5.2974447250366214
10191,9.618127250671387
10192,5.331818294525147
10193,7.193249797821045
10194,6.5447896957397464
10195,5.569992256164551
10196,7.33445110321045
10197,5.091302108764649
10198,5.976196575164795
10199,5.074013710021973
10200,7.45955753326416
10201,3.749010992050171
10202,1.4659055709838866
10203,8.299402618408203
10204,7.768621635437012
10205,7.604190349578857
10206,5.747149848937989
10207,8.47603874206543
10208,5.221192073822022
10209,3.399556064605713
10210,7.229740333557129
10211,6.6703857421875
10212,5.17572431564331
10213,5.793857860565185
10214,4.778826808929443
10215,5.4446595191955565
10216,7.104300212860108
10217,8.54090690612793
10218,6.491488838195801
10219,6.384307861328125
10220,7.082369613647461
10221,4.8395617485046385
10222,7.73298864364624
10223,2.7956310272216798
10224,4.630834007263184
10225,7.859653186798096
10226,5.681684875488282
10227,1.970607089996338
10228,2.9209208488464355
10229,4.10105266571045
10230,6.952376365661621
10231,6.173831653594971
10232,4.986606597900391
10233,3.961914396286011
10234,8.200557327270507
10235,5.998843479156494
10236,5.546171092987061
10237,6.310528945922852
10238,4.350148391723633
10239,3.8283418655395507
10240,6.152068042755127
10241,5.550437927246094
10242,3.1526612758636476
10243,5.574740695953369
10244,3.4346375942230223
10245,4.564533615112305
10246,3.0858387470245363
10247,7.720736694335938
10248,3.934914255142212
10249,7.835127353668213
10250,7.986592483520508
10251,8.729011917114258
10252,5.855568790435791
10253,3.9892788887023927
10254,5.050214576721191
10255,4.395391750335693
10256,6.879848957061768
10257,4.712204360961914
10258,4.131211662292481
10259,6.230107402801513
10260,6.194047641754151
10261,6.281515502929688
10262,5.372846412658691
10263,7.798712158203125
10264,6.006206226348877
10265,3.0732030391693117
10266,6.4044397354125975
10267,4.528977489471435
10268,7.094623756408692
10269,7.920244979858398
10270,7.257632923126221
10271,4.287178707122803
10272,5.241752433776855
10273,8.698708152770996
10274,5.831060409545898
10275,6.024049758911133
10276,5.310815906524658
10277,5.728219127655029
10278,7.380166721343994
10279,5.194726181030274
10280,8.55156135559082
10281,6.807809448242187
10282,5.93808765411377
10283,4.384863090515137
10284,8.69648380279541
10285,5.630149936676025
10286,9.095888900756837
10287,6.427807426452636
10288,7.2047089576721195
10289,5.569367408752441
10290,4.671682357788086
10291,7.6199298858642575
10292,8.047338104248047
10293,3.771048927307129
10294,5.950553512573242
10295,5.712971019744873
10296,9.175313758850098
10297,3.226007318496704
10298,8.614680862426757
10299,6.562096118927002
10300,7.167227935791016
10301,9.518571281433106
10302,6.986289310455322
10303,7.138294792175293
10304,7.743747043609619
10305,4.197379779815674
10306,4.158080387115478
10307,7.243254566192627
10308,5.280093860626221
10309,6.233873558044434
10310,6.736721038818359
10311,3.0412023067474365
10312,4.6497471809387205
10313,5.084656524658203
10314,5.771691226959229
10315,5.382113361358643
10316,9.578940391540527
10317,3.1775081157684326
10318,3.1016969680786133
10319,3.7502755641937258
10320,5.669204807281494
10321,4.175149250030517
10322,6.94031286239624
10323,7.818338775634766
10324,2.1497366189956666
10325,6.026443576812744
10326,4.144810962677002
10327,7.371941471099854
10328,4.5018078804016115
10329,0.8821954131126404
10330,8.795810127258301
10331,2.697513389587402
10332,8.840850448608398
10333,4.014569711685181
10334,5.573921585083008
10335,8.356136131286622
10336,7.596467304229736
10337,9.338551330566407
10338,3.7342123985290527
10339,4.045683765411377
10340,8.154812049865722
10341,9.799523162841798
10342,5.819088935852051
10343,5.2343950271606445
10344,8.466803932189942
10345,5.572975826263428
10346,6.138103485107422
10347,1.8590058088302612
10348,6.896793556213379
10349,6.223792648315429
10350,4.156133031845092
10351,3.193739414215088
10352,8.395807456970214
10353,3.9347488403320314
10354,5.854746532440186
10355,6.26732759475708
10356,4.901591682434082
10357,7.410103988647461
10358,4.126287889480591
10359,4.751269721984864
10360,6.359760856628418
10361,8.568599128723145
10362,3.435134840011597
10363,6.16737117767334
10364,3.7246091842651365
10365,4.575658988952637
10366,3.4954267501831056
10367,2.6915050029754637
10368,6.868191909790039
10369,5.377779865264893
10370,8.972105598449707
10371,7.0313413619995115
10372,7.421915721893311
10373,3.878956127166748
10374,4.4999799728393555
10375,3.4489635944366457
10376,4.068518114089966
10377,4.996527194976807
10378,3.732294702529907
10379,5.315775966644287
10380,7.793533802032471
10381,4.503986072540283
10382,7.669104290008545
10383,8.388060760498046
10384,4.1205511569976805
10385,2.0683338165283205
10386,5.416453552246094
10387,4.066616487503052
10388,6.339557075500489
10389,8.16203956604004
10390,8.359120750427246
10391,9.47970371246338
10392,6.043140411376953
10393,5.193458938598633
10394,5.077054595947265
10395,3.8102389335632325
10396,2.1445982694625854
10397,4.100826025009155
10398,6.696751594543457
10399,2.611319398880005
10400,2.021982479095459
10401,5.400597763061524
10402,8.120028495788574
10403,3.1241045951843263
10404,5.983052349090576
10405,7.380603313446045
10406,2.0745092391967774
10407,8.96259765625
10408,3.39133563041687
10409,1.9957566499710082
10410,3.3963682651519775
10411,9.883596992492675
10412,4.416452121734619
10413,7.863122081756591
10414,9.139070892333985
10415,6.1801739692687985
10416,3.383741331100464
10417,4.118758869171143
10418,8.227716445922852
10419,2.4474910259246827
10420,6.431276130676269
10421,7.054726600646973
10422,8.901339149475097
10423,6.626781845092774
10424,6.264100170135498
10425,7.1430891990661625
10426,6.389163589477539
10427,8.653266143798827
10428,6.303015327453613
10429,7.92991304397583
10430,6.934422302246094
10431,8.258221054077149
10432,7.711087703704834
10433,6.548415565490723
10434,6.303203392028808
10435,6.700398063659668
10436,4.8606085777282715
10437,7.615814208984375
10438,5.250261974334717
10439,6.773568344116211
10440,4.423381805419922
10441,7.839589309692383
10442,7.149535369873047
10443,5.31889009475708
10444,6.449153804779053
10445,3.46927809715271
10446,6.112525749206543
10447,4.549900245666504
10448,4.808193206787109
10449,3.253005361557007
10450,7.069425868988037
10451,4.052437210083008
10452,8.32359561920166
10453,7.469075012207031
10454,7.926867389678955
10455,5.124248600006103
10456,6.126265144348144
10457,6.166497230529785
10458,7.263004779815674
10459,6.9058832168579105
10460,6.1316736221313475
10461,6.060343551635742
10462,4.274533939361572
10463,1.3248724222183228
10464,5.53663444519043
10465,1.7973639488220214
10466,9.205875968933105
10467,5.227935123443603
10468,9.028563690185546
10469,7.336610889434814
10470,4.099791240692139
10471,5.239558506011963
10472,7.281529712677002
10473,4.102934217453003
10474,8.288419342041015
10475,7.789147758483887
10476,8.116314888000488
10477,4.907777976989746
10478,9.590200233459473
10479,5.251682567596435
10480,6.696641349792481
10481,6.016596889495849
10482,4.037878942489624
10483,4.861606502532959
10484,4.846937274932861
10485,3.8789965152740478
10486,7.214581871032715
10487,2.356085205078125
10488,6.113911914825439
10489,2.6677244186401365
10490,3.9568822383880615
10491,7.505251121520996
10492,5.911701393127442
10493,8.10494613647461
10494,3.0274519443511965
10495,9.539760971069336
10496,8.753492164611817
10497,7.0302752494812015
10498,4.4562074661254885
10499,5.899651050567627
10500,5.952501583099365
10501,7.9022825241088865
10502,3.9819084644317626
10503,3.199390935897827
10504,8.192324829101562
10505,7.504009151458741
10506,5.777965259552002
10507,9.282755661010743
10508,3.802172565460205
10509,3.117397165298462
10510,1.9007930278778076
10511,5.068490505218506
10512,4.566865921020508
10513,1.5299441814422607
10514,5.884438610076904
10515,7.263517379760742
10516,6.552701568603515
10517,6.452455234527588
10518,5.05358772277832
10519,3.8257899284362793
10520,2.0927050352096557
10521,7.95395679473877
10522,9.990239524841309
10523,8.093761825561524
10524,8.492632484436035
10525,4.4901751518249515
10526,6.744303607940674
10527,6.6679534912109375
10528,9.9221622467041
10529,8.544131469726562
10530,3.4505892753601075
10531,4.64677619934082
10532,7.196334171295166
10533,7.265009498596191
10534,9.020659255981446
10535,4.638283061981201
10536,6.816188621520996
10537,5.989808082580566
10538,7.203256034851075
10539,8.050237083435059
10540,8.076978397369384
10541,5.696381759643555
10542,3.322910785675049
10543,3.597772645950317
10544,4.407929706573486
10545,6.7410272598266605
10546,6.301227855682373
10547,8.15815258026123
10548,7.625966548919678
10549,6.869352626800537
10550,3.8796810626983644
10551,4.602377319335938
10552,7.020932292938232
10553,4.416459751129151
10554,6.117581844329834
10555,2.741291618347168
10556,7.830429935455323
10557,5.5522536277771
10558,5.86062183380127
10559,6.116154766082763
10560,7.485134220123291
10561,1.4008684635162354
10562,7.554128932952881
10563,4.808931922912597
10564,3.7324588775634764
10565,6.032287216186523
10566,9.67610855102539
10567,5.573505496978759
10568,9.771638679504395
10569,1.6686126232147216
10570,5.693391895294189
10571,8.435308456420898
10572,5.414634037017822
10573,4.048537826538086
10574,5.460465145111084
10575,6.033611488342285
10576,3.4697278499603272
10577,6.7762377738952635
10578,5.7204976081848145
10579,4.425322151184082
10580,7.42194299697876
10581,6.045860290527344
10582,9.356582641601562
10583,7.423558521270752
10584,3.848070526123047
10585,2.2579903602600098
10586,4.711142063140869
10587,5.818319988250733
10588,5.574934005737305
10589,3.650663471221924
10590,6.940584182739258
10591,6.522403430938721
10592,3.2536147117614744
10593,8.856793212890626
10594,6.9508233070373535
10595,2.6521111488342286
10596,6.010393142700195
10597,7.834554672241211
10598,5.419677257537842
10599,5.886544227600098
10600,3.1676584243774415
10601,4.5513739585876465
10602,7.833962059020996
10603,7.6431145668029785
10604,4.643718528747558
10605,8.439008522033692
10606,3.8733075618743897
10607,8.005317211151123
10608,4.630155086517334
10609,4.788927459716797
10610,5.756067848205566
10611,7.44924259185791
10612,3.470664644241333
10613,6.75931339263916
10614,5.857446575164795
10615,6.721435546875
10616,3.3472392082214357
10617,5.616401481628418
10618,5.374129295349121
10619,7.31105785369873
10620,4.477252674102783
10621,7.7596314430236815
10622,4.133552980422974
10623,6.584813117980957
10624,6.944825839996338
10625,5.878748226165771
10626,7.801342487335205
10627,7.766620063781739
10628,5.153439712524414
10629,6.326734828948974
10630,6.3753763198852536
10631,5.708774280548096
10632,8.701487350463868
10633,5.873223400115966
10634,5.688558959960938
10635,6.790137195587159
10636,7.866491413116455
10637,5.549372863769531
10638,4.96739501953125
10639,3.805014419555664
10640,6.374503707885742
10641,1.9818513870239258
10642,8.822279930114746
10643,7.7315033912658695
10644,9.023613166809081
10645,5.616756439208984
10646,3.6108616828918456
10647,3.7978351593017576
10648,4.306872081756592
10649,2.979469728469849
10650,7.618324184417725
10651,7.46104793548584
10652,0.979748272895813
10653,6.606870365142822
10654,8.7439453125
10655,1.4456104516983033
10656,7.716215324401856
10657,4.6307391166687015
10658,7.118431949615479
10659,9.679175186157227
10660,5.083159732818603
10661,4.472787952423095
10662,4.124366569519043
10663,1.9384076356887818
10664,5.868555641174316
10665,8.308219146728515
10666,9.38568286895752
10667,6.469038963317871
10668,5.423665142059326
10669,5.553560256958008
10670,6.603919219970703
10671,8.503739356994629
10672,3.7410023689270018
10673,6.244442272186279
10674,4.740980911254883
10675,9.314525413513184
10676,5.58414478302002
10677,5.916759777069092
10678,6.610227394104004
10679,2.302686929702759
10680,6.85645694732666
10681,5.157409191131592
10682,7.394299507141113
10683,9.258050346374512
10684,7.916926479339599
10685,6.048065853118897
10686,4.933131313323974
10687,4.581088066101074
10688,5.898542404174805
10689,4.108683681488037
10690,5.964848232269287
10691,4.913062953948975
10692,8.704624938964844
10693,5.890692615509034
10694,2.280802774429321
10695,8.323038101196289
10696,4.534853458404541
10697,6.580456256866455
10698,8.973343658447266
10699,6.8198771476745605
10700,7.694529724121094
10701,8.749551391601562
10702,5.75924072265625
10703,8.217692565917968
10704,5.1699137687683105
10705,6.556945896148681
10706,9.0008150100708
10707,6.409310531616211
10708,6.480943012237549
10709,3.9077406883239747
10710,4.71579875946045
10711,8.29932518005371
10712,4.309491920471191
10713,4.0800535678863525
10714,6.188052463531494
10715,3.1955785751342773
10716,5.148410034179688
10717,7.485149669647217
10718,4.209992980957031
10719,5.781291770935058
10720,6.5396686553955075
10721,6.552624130249024
10722,6.205547046661377
10723,4.828728485107422
10724,3.8646754741668703
10725,4.927922534942627
10726,5.074998950958252
10727,6.949100208282471
10728,5.629777431488037
10729,8.349216842651368
10730,6.779023838043213
10731,6.308457851409912
10732,5.461672019958496
10733,8.017185401916503
10734,8.09550895690918
10735,3.941590929031372
10736,6.7744975090026855
10737,2.966089677810669
10738,5.008795547485351
10739,3.786383867263794
10740,7.300407791137696
10741,6.66024694442749
10742,5.929789733886719
10743,3.733006143569946
10744,7.7116169929504395
10745,7.741761016845703
10746,7.4700517654418945
10747,7.36155595779419
10748,8.095869445800782
10749,2.7220982551574706
10750,4.738461685180664
10751,1.0867136716842651
10752,9.381941986083984
10753,6.522859573364258
10754,4.302953147888184
10755,4.092980003356933
10756,5.697270298004151
10757,8.483475494384766
10758,4.631938934326172
10759,4.748328685760498
10760,3.410133171081543
10761,7.169416618347168
10762,4.837089252471924
10763,2.849180889129639
10764,0.705015417933464
10765,3.435930013656616
10766,6.471648025512695
10767,7.732637023925781
10768,7.548113918304443
10769,1.643732738494873
10770,5.1093628883361815
10771,7.4797563552856445
10772,3.781873321533203
10773,6.584615230560303
10774,2.179017353057861
10775,3.9775576114654543
10776,6.441060256958008
10777,4.937051582336426
10778,4.673359203338623
10779,4.936609840393066
10780,3.260382795333862
10781,3.8249448776245116
10782,7.600722312927246
10783,4.3016010284423825
10784,7.635890197753906
10785,3.321880912780762
10786,5.865528774261475
10787,5.211472988128662
10788,6.629757213592529
10789,7.997021865844727
10790,3.5292186737060547
10791,4.449452495574951
10792,8.410795402526855
10793,8.056793022155762
10794,6.328413677215576
10795,7.070583915710449
10796,4.9966388702392575
10797,6.021126365661621
10798,2.87802791595459
10799,8.086213302612304
10800,4.539064693450928
10801,7.838642978668213
10802,5.134074878692627
10803,8.710723304748536
10804,7.013781642913818
10805,3.991421842575073
10806,5.205831241607666
10807,7.7342547416687015
10808,8.535746002197266
10809,7.772011470794678
10810,6.09676456451416
10811,7.3183488845825195
10812,5.9220586776733395
10813,6.450473976135254
10814,6.608459568023681
10815,7.612545394897461
10816,8.220519828796387
10817,7.780222320556641
10818,8.331793212890625
10819,2.910082769393921
10820,8.046034622192384
10821,6.109219074249268
10822,6.707063674926758
10823,1.5534904956817628
10824,4.086903858184814
10825,6.044434833526611
10826,9.340846061706543
10827,4.884070777893067
10828,4.588474178314209
10829,6.813264656066894
10830,4.867703247070312
10831,7.959157562255859
10832,5.67790994644165
10833,7.7302696228027346
10834,5.185360240936279
10835,6.361348247528076
10836,7.390085506439209
10837,4.06358232498169
10838,6.739454650878907
10839,4.9111615180969235
10840,3.2684871673583986
10841,7.9706062316894535
10842,2.2768654823303223
10843,7.377941989898682
10844,7.690799140930176
10845,5.503359699249268
10846,7.230308723449707
10847,6.030030632019043
10848,7.376158905029297
10849,5.717655658721924
10850,4.855104732513428
10851,4.454584693908691
10852,5.685309600830078
10853,3.973745346069336
10854,4.612647247314453
10855,6.139945030212402
10856,5.537363338470459
10857,4.627645111083984
10858,1.022971498966217
10859,7.873956203460693
10860,7.300595378875732
10861,6.1438089370727536
10862,6.020381259918213
10863,6.473812007904053
10864,5.122340679168701
10865,3.9788625240325928
10866,6.035535621643066
10867,5.76522912979126
10868,5.54470682144165
10869,7.057700157165527
10870,4.595186996459961
10871,6.701242828369141
10872,2.490794610977173
10873,5.331475257873535
10874,7.09876823425293
10875,8.74699878692627
10876,7.0860950469970705
10877,4.489971065521241
10878,5.78114881515503
10879,6.748111248016357
10880,3.2854812145233154
10881,6.909085655212403
10882,6.099460792541504
10883,5.278391647338867
10884,4.092471313476563
10885,6.380960083007812
10886,4.448170757293701
10887,7.094217681884766
10888,6.2324631690979
10889,5.483293533325195
10890,5.847394371032715
10891,3.8321276187896727
10892,7.346845817565918
10893,6.929593086242676
10894,5.008535766601563
10895,7.206628704071045
10896,4.554614639282226
10897,7.097944355010986
10898,5.446056175231933
10899,1.931685781478882
10900,7.843434810638428
10901,6.324468040466309
10902,6.7987110137939455
10903,4.269793510437012
10904,4.28150691986084
10905,1.9150320529937743
10906,4.608592414855957
10907,3.2176974296569822
10908,5.955696487426758
10909,7.283337116241455
10910,4.990758895874023
10911,7.939120197296143
10912,8.175116920471192
10913,5.74047622680664
10914,5.946386337280273
10915,7.347108364105225
10916,1.4120777606964112
10917,4.243052196502686
10918,3.964551877975464
10919,5.777686023712159
10920,6.207966232299805
10921,7.29440221786499
10922,5.2087348937988285
10923,5.13712854385376
10924,7.670340728759766
10925,9.004232215881348
10926,7.3367759704589846
10927,5.9993537902832035
10928,2.3149725914001467
10929,8.03142852783203
10930,2.760612058639526
10931,7.722307300567627
10932,3.286852550506592
10933,6.737034606933594
10934,8.124007225036621
10935,5.610812187194824
10936,2.3202789306640623
10937,5.7927244186401365
10938,5.873405456542969
10939,2.347434425354004
10940,2.7520796775817873
10941,2.8679303169250487
10942,6.591424655914307
10943,5.4813737869262695
10944,4.546704959869385
10945,8.679192161560058
10946,5.441326141357422
10947,5.251275062561035
10948,7.346961879730225
10949,6.693280410766602
10950,6.53491792678833
10951,8.931817626953125
10952,6.777566432952881
10953,6.540048313140869
10954,5.652147197723389
10955,7.21056432723999
10956,6.701128959655762
10957,6.501487159729004
10958,9.964313125610351
10959,6.276052951812744
10960,4.148995399475098
10961,6.402567195892334
10962,2.495745801925659
10963,4.7340843200683596
10964,8.946925354003906
10965,6.499065208435058
10966,4.469197940826416
10967,5.5279511451721195
10968,7.770547485351562
10969,4.483699321746826
10970,5.154109954833984
10971,7.345482635498047
10972,9.088153839111328
10973,5.50595178604126
10974,3.5942034244537355
10975,2.751562547683716
10976,4.725099277496338
10977,7.772999286651611
10978,5.091904258728027
10979,3.194275999069214
10980,8.985254859924316
10981,6.464219570159912
10982,7.315206623077392
10983,8.831424522399903
10984,6.626051235198974
10985,8.754213333129883
10986,8.666387748718261
10987,4.066983890533447
10988,6.473333263397217
10989,5.314456558227539
10990,2.8261062622070314
10991,4.699964427947998
10992,5.921431255340576
10993,6.3677215576171875
10994,6.521640491485596
10995,6.785076045989991
10996,4.880842018127441
10997,5.658367252349853
10998,5.23065938949585
10999,3.137448787689209
11000,5.771954441070557
11001,9.213422393798828
11002,6.633831596374511
11003,7.306416416168213
11004,8.210453224182128
11005,8.10125560760498
11006,5.662248229980468
11007,7.148772525787353
11008,1.8687569856643678
11009,6.430410003662109
11010,5.693766498565674
11011,8.566594505310059
11012,5.910878086090088
11013,3.3088967323303224
11014,8.053411960601807
11015,6.684774589538574
11016,6.344663143157959
11017,7.350256061553955
11018,4.181133890151978
11019,6.987018871307373
11020,6.273511505126953
11021,7.692021465301513
11022,4.5156644821167
11023,2.199071764945984
11024,8.199592781066894
11025,1.2263988971710205
11026,2.8392712593078615
11027,8.21061954498291
11028,4.059778022766113
11029,8.41415901184082
11030,4.447355842590332
11031,9.38374137878418
11032,4.077966260910034
11033,5.381777572631836
11034,6.2762956619262695
11035,4.911997699737549
11036,6.475369453430176
11037,7.290334033966064
11038,1.4433271884918213
11039,6.6466998100280765
11040,4.700103664398194
11041,9.849918937683105
11042,1.918699026107788
11043,6.609338188171387
11044,7.438775730133057
11045,7.075321102142334
11046,6.272963523864746
11047,6.667896556854248
11048,5.661320686340332
11049,3.2722344398498535
11050,2.7393392086029054
11051,8.01755886077881
11052,7.9074578285217285
11053,9.68492488861084
11054,7.819510746002197
11055,1.2194169998168944
11056,5.207656764984131
11057,6.002476978302002
11058,6.083308982849121
11059,6.0746101379394535
11060,5.780777263641357
11061,6.206134033203125
11062,6.1406224250793455
11063,8.706914901733398
11064,7.1120611190795895
11065,6.690562629699707
11066,6.268174743652343
11067,6.965223693847657
11068,4.784347152709961
11069,7.680514144897461
11070,3.849040460586548
11071,7.621149349212646
11072,5.212325859069824
11073,4.604679870605469
11074,9.946164321899413
11075,6.314661121368408
11076,5.92912073135376
11077,5.051451969146728
11078,7.133924388885498
11079,3.0750967025756837
11080,7.17953634262085
11081,7.124447250366211
11082,5.458113288879394
11083,3.803661823272705
11084,3.5384522438049317
11085,5.5931743621826175
11086,3.957792854309082
11087,3.9728410243988037
11088,7.220099353790284
11089,6.306555461883545
11090,7.075693798065186
11091,3.0528128147125244
11092,4.303962135314942
11093,6.737511444091797
11094,5.010531997680664
11095,4.2879862785339355
11096,6.635201454162598
11097,4.120296907424927
11098,5.35477466583252
11099,6.21673698425293
11100,4.673554992675781
11101,1.4633811950683593
11102,6.163236522674561
11103,7.930814266204834
11104,7.652965641021728
11105,2.993108940124512
11106,7.199573802947998
11107,6.266865253448486
11108,5.268848514556884
11109,7.629412078857422
11110,4.272499847412109
11111,4.364416790008545
11112,7.65873155593872
11113,3.209268569946289
11114,6.054489803314209
11115,9.933533859252929
11116,7.475779628753662
11117,6.549635696411133
11118,4.7727540016174315
11119,6.7397332191467285
11120,6.586020469665527
11121,6.602301979064942
11122,6.5852056503295895
11123,7.355172729492187
11124,6.162121295928955
11125,5.621366119384765
11126,6.795918083190918
11127,6.174185085296631
11128,8.567211532592774
11129,3.2799484729766846
11130,9.965847206115722
11131,7.570164585113526
11132,4.204418039321899
11133,2.877536106109619
11134,6.536366748809814
11135,6.142733383178711
11136,5.627770900726318
11137,7.337456703186035
11138,6.566664218902588
11139,6.36623706817627
11140,5.134591007232666
11141,5.383001232147217
11142,4.903245830535889
11143,7.780366897583008
11144,4.828475856781006
11145,5.340551567077637
11146,7.15932788848877
11147,7.01365442276001
11148,7.482104969024658
11149,7.5626836776733395
11150,5.869586753845215
11151,9.282434463500977
11152,7.307439708709717
11153,6.842969989776611
11154,5.892337322235107
11155,5.13497314453125
11156,6.911705207824707
11157,5.5504608154296875
11158,6.487273502349853
11159,6.592769908905029
11160,2.642702102661133
11161,6.2307380676269535
11162,6.839014720916748
11163,6.265230941772461
11164,7.742945575714112
11165,7.383151531219482
11166,7.324211978912354
11167,1.167584776878357
11168,7.984375286102295
11169,5.554114627838135
11170,7.414109802246093
11171,7.9884966850280765
11172,4.087175083160401
11173,8.095162487030029
11174,3.4487289428710937
11175,3.0228641986846925
11176,4.693861103057861
11177,9.225703620910645
11178,5.59754524230957
11179,3.122812795639038
11180,6.73940076828003
11181,8.585451889038087
11182,5.991375255584717
11183,4.20228853225708
11184,8.843567657470704
11185,8.572118759155273
11186,4.59315938949585
11187,5.879325294494629
11188,4.13303952217102
11189,3.2487767696380616
11190,2.437195062637329
11191,4.75998363494873
11192,4.1046241283416744
11193,7.327132511138916
11194,6.036057186126709
11195,3.863095760345459
11196,6.588119220733643
11197,2.5316946029663088
11198,7.9488321304321286
11199,5.9107770919799805
11200,7.823994827270508
11201,7.67863655090332
11202,5.332418441772461
11203,4.711408996582032
11204,6.099442768096924
11205,8.927486419677734
11206,7.028245162963867
11207,4.74320068359375
11208,5.885706901550293
11209,2.342370557785034
11210,8.59782829284668
11211,6.733354187011718
11212,4.01237154006958
11213,4.465342998504639
11214,6.137957286834717
11215,5.589657306671143
11216,6.922720432281494
11217,8.402493286132813
11218,7.745396614074707
11219,6.857719039916992
11220,5.38238935470581
11221,5.448193359375
11222,0.967043113708496
11223,5.5034771919250485
11224,8.74155044555664
11225,6.7460356712341305
11226,4.1597900390625
11227,4.615541076660156
11228,7.269000053405762
11229,4.849713325500488
11230,3.7770164012908936
11231,3.342293119430542
11232,5.790881252288818
11233,6.4954780578613285
11234,2.336491250991821
11235,5.286884403228759
11236,6.128790473937988
11237,7.733249282836914
11238,9.106483650207519
11239,8.79661293029785
11240,3.247667694091797
11241,7.565429973602295
11242,7.881064796447754
11243,3.9419530391693116
11244,3.622597408294678
11245,7.267269134521484
11246,6.703393459320068
11247,4.445425224304199
11248,5.017999744415283
11249,7.323661994934082
11250,8.012130451202392
11251,5.8731001853942875
11252,6.278624439239502
11253,1.8605522632598877
11254,7.491215229034424
11255,4.979383373260498
11256,5.11961727142334
11257,6.998649215698242
11258,7.290564060211182
11259,7.91689977645874
11260,6.286666488647461
11261,4.275673675537109
11262,8.422829818725585
11263,1.4512298345565795
11264,7.025677585601807
11265,4.616801929473877
11266,6.917360877990722
11267,7.307683277130127
11268,6.803633022308349
11269,7.571483135223389
11270,5.821889495849609
11271,7.775758361816406
11272,5.255406665802002
11273,5.001347637176513
11274,6.708089828491211
11275,6.672568702697754
11276,6.337943649291992
11277,5.173534297943116
11278,6.94437313079834
11279,4.769684600830078
11280,5.641536045074463
11281,9.758991050720216
11282,3.3505131721496584
11283,7.014364528656006
11284,6.584409523010254
11285,5.038826274871826
11286,7.096505355834961
11287,7.118650722503662
11288,6.653179931640625
11289,4.089400053024292
11290,7.572830677032471
11291,7.011644458770752
11292,5.999463367462158
11293,3.779519557952881
11294,1.6974122524261475
11295,6.738651084899902
11296,3.829620885848999
11297,7.643128204345703
11298,8.328032302856446
11299,5.031599330902099
11300,8.789143180847168
11301,8.502624893188477
11302,7.583011531829834
11303,6.780549430847168
11304,5.238085842132568
11305,6.83360185623169
11306,8.245827293395996
11307,5.835773468017578
11308,5.320595741271973
11309,7.178156471252441
11310,5.644782161712646
11311,2.884089946746826
11312,6.681140518188476
11313,6.631027030944824
11314,8.891553688049317
11315,4.708033180236816
11316,4.33588342666626
11317,8.292496299743652
11318,6.14490442276001
11319,8.787425804138184
11320,5.647471141815186
11321,4.855886840820313
11322,2.0984835386276246
11323,5.006653881072998
11324,6.344028568267822
11325,4.417405700683593
11326,7.109467029571533
11327,7.566099357604981
11328,4.512595176696777
11329,6.955358695983887
11330,3.389336585998535
11331,6.338151836395264
11332,8.901168060302734
11333,2.3235713481903075
11334,4.2181802749633786
11335,6.2886608123779295
11336,7.231038284301758
11337,8.047705745697021
11338,6.532529258728028
11339,6.4672869682312015
11340,4.655494213104248
11341,3.023257350921631
11342,6.876971244812012
11343,5.472134780883789
11344,5.121047115325927
11345,7.295713329315186
11346,6.469912815093994
11347,5.049767208099365
11348,3.287610721588135
11349,6.226132583618164
11350,3.6501280784606935
11351,5.623338985443115
11352,9.075059700012208
11353,9.188373565673828
11354,9.254888916015625
11355,5.700821590423584
11356,7.821853256225586
11357,8.391649055480958
11358,4.377565860748291
11359,3.9946574211120605
11360,6.3616235733032225
11361,9.070473098754883
11362,6.093920803070068
11363,3.1511395454406737
11364,8.7795560836792
11365,9.028213500976562
11366,3.2953357696533203
11367,6.209436416625977
11368,6.534191608428955
11369,5.0925065040588375
11370,7.148888874053955
11371,4.873633193969726
11372,9.456685066223145
11373,8.355235290527343
11374,9.257264137268066
11375,7.170642375946045
11376,6.063588047027588
11377,5.9201685905456545
11378,7.1484143257141115
11379,8.265017318725587
11380,4.154806518554688
11381,4.120013332366943
11382,3.0277458667755126
11383,6.702403450012207
11384,7.248881149291992
11385,8.193341827392578
11386,1.67274808883667
11387,5.214176368713379
11388,5.373001670837402
11389,5.831457996368409
11390,7.32020206451416
11391,7.168514442443848
11392,4.3444091796875
11393,5.154150676727295
11394,5.741600894927979
11395,3.6796634674072264
11396,5.889791679382324
11397,6.564971446990967
11398,7.6004620552062985
11399,1.1989806413650512
11400,4.7708330154418945
11401,6.9202549934387205
11402,7.633439064025879
11403,4.955922412872314
11404,5.4044571876525875
11405,7.148564434051513
11406,7.133069610595703
11407,4.338619518280029
11408,4.435937786102295
11409,3.9968902111053466
11410,7.820898532867432
11411,9.058455085754394
11412,3.6936599731445314
11413,5.698986434936524
11414,5.852854156494141
11415,5.25135383605957
11416,6.433883380889893
11417,6.197626781463623
11418,8.271895790100098
11419,7.028150177001953
11420,5.425944232940674
11421,4.142400026321411
11422,6.1422889709472654
11423,3.4670498371124268
11424,7.891066932678223
11425,0.6678185164928436
11426,2.334584856033325
11427,7.522607803344727
11428,8.6868408203125
11429,7.942718029022217
11430,3.766952466964722
11431,2.5565526485443115
11432,4.307783031463623
11433,6.192060089111328
11434,6.006929874420166
11435,3.5096921920776367
11436,7.158722972869873
11437,6.13494348526001
11438,7.449480819702148
11439,7.71677827835083
11440,3.690925645828247
11441,4.746558570861817
11442,3.9594067096710206
11443,4.797090339660644
11444,4.706141185760498
11445,8.903596305847168
11446,8.05973949432373
11447,2.1657079696655273
11448,6.276714038848877
11449,6.818590831756592
11450,6.272561550140381
11451,6.699227905273437
11452,3.021449661254883
11453,7.8716785430908205
11454,4.480996227264404
11455,5.623598670959472
11456,6.416462707519531
11457,6.539896297454834
11458,7.854187488555908
11459,8.948817253112793
11460,6.369584655761718
11461,5.806401538848877
11462,5.311220264434814
11463,4.755751419067383
11464,5.71292781829834
11465,6.391832733154297
11466,8.039862823486327
11467,7.1351978302001955
11468,4.995346546173096
11469,5.809154319763183
11470,5.185993576049805
11471,8.049449825286866
11472,6.619529151916504
11473,4.158933973312378
11474,5.073345756530761
11475,6.785053539276123
11476,5.092110443115234
11477,4.108035373687744
11478,6.147291374206543
11479,6.214098358154297
11480,7.541828250885009
11481,5.9972230911254885
11482,6.942265510559082
11483,8.305466842651366
11484,7.468246078491211
11485,7.573340225219726
11486,6.589201164245606
11487,2.2667777061462404
11488,5.915250205993653
11489,7.678015613555909
11490,6.358834171295166
11491,3.1195822238922117
11492,7.305124092102051
11493,4.648381233215332
11494,4.793119144439697
11495,4.9492942810058596
11496,6.112069892883301
11497,5.958419704437256
11498,5.252291202545166
11499,6.38319206237793
11500,1.9094921350479126
11501,4.880544185638428
11502,5.302898311614991
11503,3.5257826328277586
11504,4.830930519104004
11505,2.829818868637085
11506,8.822936630249023
11507,1.0863101363182068
11508,6.130303382873535
11509,7.060343647003174
11510,7.970445919036865
11511,6.314214515686035
11512,7.73378620147705
11513,9.988258171081544
11514,4.811487007141113
11515,6.186105346679687
11516,3.9458751678466797
11517,2.4041154384613037
11518,6.374574279785156
11519,6.169351959228516
11520,8.506978034973145
11521,8.633958625793458
11522,4.700877571105957
11523,4.219877433776856
11524,6.9463645935058596
11525,5.132532024383545
11526,6.273041248321533
11527,4.307276916503906
11528,6.44306116104126
11529,2.2391738891601562
11530,6.948194408416748
11531,5.626347351074219
11532,7.076693916320801
11533,2.656938934326172
11534,3.549549102783203
11535,5.6597779273986815
11536,4.5673072814941404
11537,6.099876976013183
11538,7.565431690216064
11539,7.021806621551514
11540,6.478042411804199
11541,5.149987697601318
11542,8.273109245300294
11543,5.844861698150635
11544,5.007470321655274
11545,1.8351699829101562
11546,6.738176441192627
11547,6.008999633789062
11548,7.564813041687012
11549,5.129188442230225
11550,5.604475498199463
11551,6.344925308227539
11552,8.086670875549316
11553,6.497623443603516
11554,4.320877933502198
11555,4.033544731140137
11556,5.263598155975342
11557,5.914146900177002
11558,6.218107032775879
11559,6.62713041305542
11560,6.522104930877686
11561,2.3345046043395996
11562,2.855383062362671
11563,2.2545477390289306
11564,5.422738742828369
11565,5.531408405303955
11566,8.804189491271973
11567,5.5277200698852536
11568,7.448121547698975
11569,4.026841449737549
11570,7.15157413482666
11571,7.950807666778564
11572,6.25622444152832
11573,6.4780668258667
11574,5.365362167358398
11575,7.9402186393737795
11576,7.6492901802062985
11577,6.156794261932373
11578,7.061782646179199
11579,6.271640205383301
11580,3.2570979595184326
11581,6.0426582336425785
11582,6.208445930480957
11583,6.924497032165528
11584,6.699903583526611
11585,2.8789463520050047
11586,4.986270809173584
11587,4.402050113677978
11588,7.95185956954956
11589,8.811522674560546
11590,5.2611946105957035
11591,6.645036315917968
11592,2.4349663734436033
11593,1.8262277603149415
11594,6.191430759429932
11595,7.522847652435303
11596,3.821950578689575
11597,5.0921485900878904
11598,7.112901401519776
11599,5.063095760345459
11600,2.7500091075897215
11601,5.365152835845947
11602,4.0794079303741455
11603,6.5084303855896
11604,6.95428466796875
11605,7.5974931716918945
11606,8.788766670227051
11607,4.639452075958252
11608,4.013133382797241
11609,6.777217864990234
11610,6.488033485412598
11611,4.419303035736084
11612,7.282986831665039
11613,8.746958160400391
11614,5.412747764587403
11615,7.871111869812012
11616,8.25119228363037
11617,5.584345722198487
11618,6.9800630569458
11619,4.4217242240905765
11620,5.373170948028564
11621,7.884069919586182
11622,6.673255062103271
11623,5.178696537017823
11624,7.460215377807617
11625,6.436267757415772
11626,7.098470687866211
11627,1.209718680381775
11628,6.036085224151611
11629,7.478008842468261
11630,7.167434787750244
11631,6.783492469787598
11632,1.851038408279419
11633,3.207426071166992
11634,8.503661727905273
11635,5.852708721160889
11636,4.773027229309082
11637,6.010090255737305
11638,5.665875339508057
11639,7.846163177490235
11640,6.201493930816651
11641,4.416176891326904
11642,10.0
11643,6.5748598098754885
11644,5.672986793518066
11645,4.838333511352539
11646,3.860361671447754
11647,4.665277004241943
11648,2.983494758605957
11649,7.754349613189698
11650,5.898723030090332
11651,4.492589950561523
11652,5.206620693206787
11653,4.402866458892822
11654,6.746308708190918
11655,9.016745376586915
11656,7.118070507049561
11657,5.025657367706299
11658,7.157742214202881
11659,6.767941093444824
11660,7.4365612983703615
11661,7.159390258789062
11662,6.040413475036621
11663,7.873111152648926
11664,7.256416702270508
11665,8.440799713134766
11666,6.97271318435669
11667,7.630283164978027
11668,6.275980472564697
11669,8.009338092803954
11670,3.8181689739227296
11671,5.148838901519776
11672,4.320167303085327
11673,8.365517807006835
11674,6.725308132171631
11675,4.585903263092041
11676,7.938704013824463
11677,3.6420036792755126
11678,3.2014173030853272
11679,2.4098650932312013
11680,3.817083644866943
11681,5.451508808135986
11682,6.274799156188965
11683,8.965541648864747
11684,3.4479976177215574
11685,4.082866477966308
11686,3.9804650783538817
11687,4.673291015625
11688,9.817194366455078
11689,7.959137916564941
11690,3.293845272064209
11691,5.663416481018066
11692,3.3296757698059083
11693,9.427628517150879
11694,7.8717827796936035
11695,4.822328853607178
11696,1.7710312128067016
11697,5.974263477325439
11698,9.359438133239745
11699,3.017061948776245
11700,7.06085729598999
11701,1.2537214756011963
11702,2.551117467880249
11703,6.98304853439331
11704,8.171512413024903
11705,3.2049677848815916
11706,5.4425498962402346
11707,7.17845516204834
11708,6.980324649810791
11709,6.291394424438477
11710,6.796109771728515
11711,3.830193042755127
11712,7.680372619628907
11713,1.4336637735366822
11714,8.181755065917969
11715,6.081409931182861
11716,5.671129131317139
11717,9.524987411499023
11718,2.891869068145752
11719,8.985212135314942
11720,7.662939262390137
11721,6.953401374816894
11722,1.3520248413085938
11723,7.667629432678223
11724,9.119765281677246
11725,5.438043212890625
11726,2.6103968620300293
11727,8.568941497802735
11728,6.618477058410645
11729,6.394065475463867
11730,4.091807126998901
11731,5.753772258758545
11732,5.214992427825928
11733,7.66475887298584
11734,5.530467510223389
11735,4.972940254211426
11736,2.2471240043640135
11737,7.418721771240234
11738,7.979338455200195
11739,5.939169311523438
11740,3.999682378768921
11741,3.574443531036377
11742,5.032681655883789
11743,3.2428333282470705
11744,6.74100170135498
11745,6.514596080780029
11746,2.2007468700408936
11747,8.205435943603515
11748,1.8331180095672608
11749,5.1867499351501465
11750,8.858820915222168
11751,5.806791019439697
11752,7.422979259490967
11753,5.294949340820312
11754,7.59980993270874
11755,8.450026702880859
11756,2.4979195594787598
11757,5.611422920227051
11758,6.5564040184021
11759,5.962795829772949
11760,4.493434619903565
11761,7.355538940429687
11762,3.8242915630340577
11763,6.556030368804931
11764,9.664831161499023
11765,5.240647792816162
11766,6.084156703948975
11767,6.991501808166504
11768,5.046573448181152
11769,7.4582256317138675
11770,6.523579406738281
11771,1.8632640838623047
11772,6.395689296722412
11773,6.174983024597168
11774,5.773801326751709
11775,5.359598159790039
11776,6.486384773254395
11777,3.45826940536499
11778,7.094612693786621
11779,7.7381712913513185
11780,6.263228034973144
11781,8.014813899993896
11782,4.409684181213379
11783,6.725976848602295
11784,6.66293478012085
11785,8.396873474121094
11786,8.648740005493163
11787,4.735778427124023
11788,7.066724967956543
11789,4.727975463867187
11790,6.325449275970459
11791,4.120689964294433
11792,9.706644439697266
11793,6.0653462409973145
11794,8.022092342376709
11795,8.493669128417968
11796,5.2448066711425785
11797,8.78486499786377
11798,6.863870620727539
11799,3.409086227416992
11800,3.80568413734436
11801,7.062078762054443
11802,3.529692459106445
11803,7.947561645507813
11804,5.5953906059265135
11805,6.754301261901856
11806,4.822262287139893
11807,7.977560329437256
11808,7.640244388580323
11809,4.56306676864624
11810,8.330871963500977
11811,5.989090824127198
11812,5.0846607208251955
11813,5.707048225402832
11814,6.458484649658203
11815,6.126083660125732
11816,6.204071998596191
11817,4.233203792572022
11818,3.5444733619689943
11819,5.365298843383789
11820,7.070268154144287
11821,2.8955265998840334
11822,4.40082426071167
11823,4.924405574798584
11824,7.889971828460693
11825,9.922400665283202
11826,7.074991703033447
11827,6.38904447555542
11828,4.038920736312866
11829,6.05186014175415
11830,2.717933940887451
11831,3.013334369659424
11832,3.866822338104248
11833,5.184220218658448
11834,2.920824670791626
11835,7.4457581520080565
11836,5.23668794631958
11837,4.57853889465332
11838,5.511301898956299
11839,5.237800788879395
11840,6.901361465454102
11841,4.494258785247803
11842,3.0294408321380617
11843,6.367573547363281
11844,6.702094078063965
11845,4.2655950546264645
11846,9.025350570678711
11847,8.161709213256836
11848,8.130168151855468
11849,3.4088706016540526
11850,3.8460400104522705
11851,9.429263496398926
11852,6.915817642211914
11853,8.35261936187744
11854,5.652742671966553
11855,6.31836166381836
11856,7.045174884796142
11857,8.173433113098145
11858,7.271963882446289
11859,6.128007507324218
11860,7.473595046997071
11861,3.324055528640747
11862,6.57694149017334
11863,5.658878326416016
11864,6.342604541778565
11865,5.333390426635742
11866,2.859955167770386
11867,5.7058361053466795
11868,5.352411365509033
11869,2.757090711593628
11870,3.1837223529815675
11871,7.001375675201416
11872,9.024109840393066
11873,5.33161735534668
11874,6.76420783996582
11875,4.748350715637207
11876,9.46907444000244
11877,4.690120601654053
11878,10.0
11879,8.511321830749512
11880,2.842685413360596
11881,4.793249225616455
11882,3.1749971389770506
11883,3.1579304695129395
11884,5.315269660949707
11885,3.8972341060638427
11886,6.372632598876953
11887,4.9608180046081545
11888,1.9226895332336427
11889,7.21047420501709
11890,4.858931064605713
11891,8.196070861816406
11892,1.6831640481948853
11893,6.412908744812012
11894,4.091579627990723
11895,7.338908576965332
11896,6.61836805343628
11897,5.936309146881103
11898,3.8004661560058595
11899,6.847234439849854
11900,7.713366222381592
11901,7.205127906799317
11902,9.36460247039795
11903,5.136281585693359
11904,6.987187290191651
11905,6.526578140258789
11906,6.0124125480651855
11907,4.922459411621094
11908,9.028907012939452
11909,7.232682418823242
11910,8.613986396789551
11911,4.97735824584961
11912,5.8338319778442385
11913,3.1804030418395994
11914,5.185577392578125
11915,7.0107708930969235
11916,5.8049298286437985
11917,5.728689670562744
11918,6.977705574035644
11919,5.316670227050781
11920,8.61289577484131
11921,8.003003978729248
11922,5.869736671447754
11923,6.021707153320312
11924,4.226272010803223
11925,4.436139011383057
11926,7.775181865692138
11927,3.9724349975585938
11928,6.088677501678466
11929,6.437798309326172
11930,6.205043697357178
11931,7.737299633026123
11932,7.019930648803711
11933,9.72829818725586
11934,4.89306869506836
11935,3.2455913543701174
11936,4.062326908111572
11937,7.3539989471435545
11938,6.281363868713379
11939,6.863458251953125
11940,2.5740394115448
11941,5.5981348037719725
11942,6.205916976928711
11943,5.575713157653809
11944,1.9801330327987672
11945,9.234920501708984
11946,8.076152515411376
11947,2.9843742847442627
11948,6.539662647247314
11949,3.7156800270080566
11950,4.011625576019287
11951,6.734350872039795
11952,7.055924415588379
11953,6.245816612243653
11954,7.74478816986084
11955,9.798080825805664
11956,4.71361083984375
11957,5.356185531616211
11958,5.039625835418701
11959,7.1198677062988285
11960,4.179672527313232
11961,7.21029806137085
11962,6.870141220092774
11963,9.927431297302245
11964,6.845799827575684
11965,5.3316650390625
11966,8.601287841796875
11967,5.85366039276123
11968,8.218467903137206
11969,6.55656213760376
11970,4.835903835296631
11971,3.614463472366333
11972,4.399188804626465
11973,7.390097332000733
11974,6.567066192626953
11975,4.008615303039551
11976,7.650026035308838
11977,4.385960388183594
11978,1.8119032621383666
11979,5.941442966461182
11980,4.089151763916016
11981,9.380352020263672
11982,7.391064834594727
11983,5.565618324279785
11984,6.917254447937012
11985,9.25653018951416
11986,4.837569999694824
11987,7.079690074920654
11988,5.366291236877442
11989,6.292891597747802
11990,7.554689979553222
11991,6.081948471069336
11992,4.691022872924805
11993,3.9231606483459474
11994,9.357214164733886
11995,6.867718696594238
11996,3.8804264068603516
11997,6.3231243133544925
11998,4.653396415710449
11999,5.48753023147583
12000,8.76524486541748
12001,7.858075332641602
12002,5.301473903656006
12003,1.6211372375488282
12004,6.606190872192383
12005,4.106987333297729
12006,5.284062290191651
12007,8.757081031799316
12008,8.45353660583496
12009,6.472325038909912
12010,4.414202880859375
12011,4.235856914520264
12012,3.1087464809417726
12013,5.158606815338135
12014,6.371368408203125
12015,3.9717617988586427
12016,8.258539199829102
12017,3.624776077270508
12018,4.282069396972656
12019,5.070232391357422
12020,5.159760189056397
12021,2.678273820877075
12022,4.87994613647461
12023,4.17562780380249
12024,5.092414665222168
12025,5.268152713775635
12026,4.201980304718018
12027,4.978546524047852
12028,6.509591484069825
12029,4.099583625793457
12030,9.392667198181153
12031,5.011541080474854
12032,5.437771129608154
12033,8.463106536865235
12034,7.980272960662842
12035,9.704055976867675
12036,6.643143081665039
12037,7.453198432922363
12038,9.462103080749511
12039,2.9659207820892335
12040,7.686528205871582
12041,6.878785514831543
12042,7.484999752044677
12043,2.5594787120819094
12044,5.264211559295655
12045,6.343099212646484
12046,6.810050010681152
12047,4.18856782913208
12048,6.159148406982422
12049,8.187592697143554
12050,6.659949684143067
12051,7.535405445098877
12052,8.875107383728027
12053,6.881625080108643
12054,6.243965339660645
12055,7.646211624145508
12056,8.839922142028808
12057,8.921404266357422
12058,6.862282848358154
12059,3.79829478263855
12060,9.601374053955078
12061,8.000997257232665
12062,5.496684455871582
12063,6.485846138000488
12064,7.657225322723389
12065,7.779831504821777
12066,5.385507297515869
12067,9.709090042114259
12068,5.169897079467773
12069,6.182239818572998
12070,8.524543190002442
12071,7.277846813201904
12072,6.31200065612793
12073,3.4585876941680906
12074,5.900156116485595
12075,8.520250129699708
12076,6.140118885040283
12077,3.1874284744262695
12078,4.203745269775391
12079,5.521534061431884
12080,6.485614681243897
12081,4.368005752563477
12082,1.8650182962417603
12083,5.113667774200439
12084,6.8127031326293945
12085,6.226163101196289
12086,6.823421573638916
12087,7.9348348617553714
12088,7.0920978546142575
12089,6.228663063049316
12090,5.303843021392822
12091,3.2902377605438233
12092,6.541989707946778
12093,5.9158556938171385
12094,4.859989070892334
12095,1.8551378965377807
12096,6.334790420532227
12097,3.5265449047088624
12098,6.243801212310791
12099,6.140593147277832
12100,4.3906909942626955
12101,7.801147747039795
12102,8.614287757873536
12103,5.9057928085327145
12104,6.0970076560974125
12105,8.743622016906738
12106,5.366295909881591
12107,8.128188323974609
12108,5.666745567321778
12109,6.905917739868164
12110,6.736519908905029
12111,6.140114784240723
12112,6.183402729034424
12113,6.016742610931397
12114,7.555525493621826
12115,7.221113204956055
12116,7.148539447784424
12117,5.927327823638916
12118,5.719430637359619
12119,7.027261734008789
12120,5.694110488891601
12121,3.999258279800415
12122,5.245324420928955
12123,9.856787300109863
12124,5.424344158172607
12125,7.954328727722168
12126,9.00014133453369
12127,7.1877906799316404
12128,7.907549953460693
12129,6.841976547241211
12130,5.638225650787353
12131,7.8326735496521
12132,4.736972999572754
12133,5.81950740814209
12134,6.147428035736084
12135,4.5822652816772464
12136,4.267219924926758
12137,1.2544093370437621
12138,2.804825448989868
12139,3.3407926082611086
12140,3.8177631378173826
12141,9.115740966796874
12142,8.81964111328125
12143,7.272736549377441
12144,4.772972869873047
12145,8.457134437561034
12146,9.217912483215333
12147,7.607616710662842
12148,8.02483777999878
12149,5.594710350036621
12150,2.5531360626220705
12151,7.981597232818603
12152,7.986404514312744
12153,9.092382621765136
12154,6.9211736679077145
12155,6.354946613311768
12156,9.445487594604492
12157,4.214984035491943
12158,7.222007083892822
12159,8.56884536743164
12160,9.072566032409668
12161,2.5404720306396484
12162,2.7445324420928956
12163,7.577501106262207
12164,6.032934093475342
12165,7.9154383659362795
12166,7.878078174591065
12167,6.157742023468018
12168,7.309067153930664
12169,3.3234694957733155
12170,6.759155750274658
12171,5.763093376159668
12172,5.807620620727539
12173,1.7855085372924804
12174,2.7596628189086916
12175,5.882103157043457
12176,7.467439079284668
12177,9.750584602355957
12178,4.622830009460449
12179,7.301134204864502
12180,9.378458595275879
12181,3.518700122833252
12182,6.931561851501465
12183,2.7846173286437987
12184,7.269938564300537
12185,6.65301742553711
12186,4.099014043807983
12187,7.483771514892578
12188,4.681044197082519
12189,4.971708297729492
12190,1.445097017288208
12191,7.264786338806152
12192,7.7946898460388185
12193,8.426828765869141
12194,6.621587753295898
12195,8.223657608032227
12196,6.433193778991699
12197,6.919462490081787
12198,8.653877067565919
12199,2.7451329231262207
12200,5.3931090354919435
12201,4.4749266624450685
12202,1.99783194065094
12203,2.7459686279296873
12204,6.216499137878418
12205,4.5044553756713865
12206,5.073667049407959
12207,6.064274787902832
12208,2.8696990489959715
12209,5.3007549285888675
12210,5.187858200073242
12211,5.276394557952881
12212,8.183423805236817
12213,5.946685791015625
12214,4.399542236328125
12215,4.426653289794922
12216,7.527344417572022
12217,5.099303150177002
12218,5.912768173217773
12219,5.098796367645264
12220,8.530049514770507
12221,4.690877056121826
12222,3.3593606472015383
12223,8.244809913635255
12224,4.540083980560302
12225,6.233693981170655
12226,7.756693267822266
12227,8.557534408569335
12228,4.726515769958496
12229,8.091023063659668
12230,7.2746001243591305
12231,7.797936534881591
12232,4.543583965301513
12233,8.133716773986816
12234,5.831481170654297
12235,5.916398334503174
12236,8.669315719604493
12237,6.849618434906006
12238,9.397523117065429
12239,4.231875324249268
12240,8.429441261291505
12241,3.081600618362427
12242,7.4613910675048825
12243,6.161145114898682
12244,6.186739826202393
12245,3.430037832260132
12246,3.3319910049438475
12247,6.609596252441406
12248,3.4621701717376707
12249,7.238393020629883
12250,5.777559089660644
12251,9.00068016052246
12252,4.009797477722168
12253,9.01824722290039
12254,6.440981864929199
12255,7.7356620788574215
12256,3.765378713607788
12257,6.226648807525635
12258,5.052427101135254
12259,3.6689297676086428
12260,2.725016736984253
12261,4.095141458511352
12262,8.040144348144532
12263,6.3371916770935055
12264,5.2433418273925785
12265,6.38110876083374
12266,5.00482587814331
12267,5.807453918457031
12268,4.576140403747559
12269,7.059325790405273
12270,6.711937141418457
12271,2.9351642608642576
12272,3.9514373302459718
12273,5.569179439544678
12274,5.121733665466309
12275,8.547349739074708
12276,6.013793849945069
12277,7.272324085235596
12278,4.260237216949463
12279,6.699314880371094
12280,6.354065418243408
12281,6.207027721405029
12282,9.144926261901855
12283,4.402541065216065
12284,5.438673305511474
12285,7.614477252960205
12286,8.072933864593505
12287,4.783690357208252
12288,7.914020729064942
12289,4.089807462692261
12290,4.278523635864258
12291,5.011980819702148
12292,5.370454502105713
12293,7.247951793670654
12294,5.765386772155762
12295,3.3810226917266846
12296,4.235892581939697
12297,3.7658055782318116
12298,8.15736141204834
12299,4.111018705368042
12300,3.9239887237548827
12301,6.518937492370606
12302,2.428487205505371
12303,2.359077787399292
12304,3.9959778785705566
12305,3.7342962265014648
12306,6.361803340911865
12307,9.264151000976563
12308,4.732431793212891
12309,5.349779510498047
12310,7.341372871398926
12311,5.366263008117675
12312,5.159657001495361
12313,7.871021366119384
12314,6.46887788772583
12315,4.021855592727661
12316,7.788156223297119
12317,5.46066722869873
12318,4.263930034637451
12319,5.2644730567932125
12320,6.046544075012207
12321,6.767434692382812
12322,5.667481517791748
12323,7.4778313636779785
12324,4.424989891052246
12325,8.100504684448243
12326,4.066543340682983
12327,9.080064392089843
12328,4.89142255783081
12329,6.454701042175293
12330,8.245234107971191
12331,4.0441450595855715
12332,6.179751777648926
12333,6.832490730285644
12334,7.9020661354064945
12335,6.771668434143066
12336,5.8333512306213375
12337,3.0440365791320803
12338,5.925921249389648
12339,6.769405841827393
12340,6.441452503204346
12341,7.235290908813477
12342,7.242203235626221
12343,9.993643188476563
12344,3.195386838912964
12345,1.9927263021469117
12346,4.749145030975342
12347,4.139842987060547
12348,7.641458415985108
12349,6.976294040679932
12350,8.901687049865723
12351,8.922385787963867
12352,6.424726390838623
12353,5.289591217041016
12354,6.771712970733643
12355,6.7768630027771
12356,8.857558631896973
12357,3.783260440826416
12358,6.524347591400146
12359,4.8570027351379395
12360,4.615038013458252
12361,6.155468368530274
12362,4.901999568939209
12363,6.822449207305908
12364,4.590646266937256
12365,7.825477123260498
12366,8.017548942565918
12367,3.597701168060303
12368,4.594933986663818
12369,8.789991569519042
12370,5.097044563293457
12371,5.454625034332276
12372,5.8566163063049315
12373,5.868019104003906
12374,6.7416050910949705
12375,7.571548175811768
12376,9.0552734375
12377,9.570862579345704
12378,8.820787239074708
12379,6.696331787109375
12380,8.174079513549804
12381,4.264505338668823
12382,4.777966403961182
12383,5.938398170471191
12384,0.8611706137657166
12385,4.282082843780517
12386,5.413327884674072
12387,3.958598756790161
12388,3.049607515335083
12389,6.9658585548400875
12390,4.367168235778808
12391,4.827086448669434
12392,7.353256893157959
12393,5.201096534729004
12394,3.2775230407714844
12395,6.058721733093262
12396,8.657747268676758
12397,7.192662143707276
12398,6.54995698928833
12399,4.5614828109741214
12400,8.341845893859864
12401,3.4164504051208495
12402,7.279956817626953
12403,6.227584266662598
12404,5.744573593139648
12405,3.9375330448150634
12406,5.960193538665772
12407,4.853898239135742
12408,3.8995048999786377
12409,6.352778720855713
12410,4.394453144073486
12411,5.385731029510498
12412,8.944988632202149
12413,8.113207244873047
12414,5.912779426574707
12415,6.428321456909179
12416,4.145962190628052
12417,0.9008008360862731
12418,6.282763862609864
12419,8.877393913269042
12420,4.796666049957276
12421,7.207316303253174
12422,4.856669330596924
12423,8.171487617492676
12424,2.828227186203003
12425,6.49426851272583
12426,3.314601182937622
12427,7.971638965606689
12428,7.59633502960205
12429,4.54976978302002
12430,7.69613676071167
12431,3.741542387008667
12432,6.230866813659668
12433,6.444190502166748
12434,8.99349308013916
12435,7.597575855255127
12436,5.091970920562744
12437,9.8613525390625
12438,5.427359867095947
12439,6.207518196105957
12440,9.335747718811035
12441,6.850822925567627
12442,4.642272186279297
12443,8.118060684204101
12444,6.3806966781616214
12445,6.385156917572021
12446,5.422669792175293
12447,6.595766258239746
12448,5.803076648712159
12449,6.515808773040772
12450,8.617869186401368
12451,9.196277236938476
12452,5.729557609558105
12453,7.356165504455566
12454,6.888675117492676
12455,5.2672038078308105
12456,4.6113810539245605
12457,8.403203582763672
12458,5.6678147315979
12459,0.037271815538406375
12460,6.166008758544922
12461,9.399345397949219
12462,6.128445148468018
12463,4.377039909362793
12464,7.056206321716308
12465,7.162706089019776
12466,5.406250381469727
12467,7.889082527160644
12468,7.650396060943604
12469,8.234233283996582
12470,6.27790002822876
12471,5.341711139678955
12472,5.241733551025391
12473,5.536387920379639
12474,7.772071647644043
12475,3.507054662704468
12476,1.5778698921203613
12477,8.706989097595216
12478,9.2582857131958
12479,5.51845417022705
12480,7.6081077575683596
12481,4.534571743011474
12482,9.59300651550293
12483,6.322346782684326
12484,4.944746971130371
12485,5.249149799346924
12486,6.137958812713623
12487,6.736652565002442
12488,6.332371807098388
12489,5.413321304321289
12490,7.086929988861084
12491,4.639714908599854
12492,6.1762800216674805
12493,5.697267532348633
12494,7.585801601409912
12495,6.14617338180542
12496,8.612106895446777
12497,7.750481796264649
12498,8.498905181884766
12499,1.3112680912017822
12500,3.1086306095123293
12501,3.9796778678894045
12502,6.564106845855713
12503,5.575820732116699
12504,3.772581100463867
12505,4.999488639831543
12506,0.7519369006156922
12507,7.218921184539795
12508,8.159878730773926
12509,5.208827877044678
12510,7.1365065574646
12511,5.466678333282471
12512,9.300319290161132
12513,6.1695562362670895
12514,5.813499641418457
12515,5.720051383972168
12516,4.315396404266357
12517,4.480208396911621
12518,5.485172176361084
12519,6.026104545593261
12520,7.883302497863769
12521,4.675594329833984
12522,6.48220739364624
12523,4.228562259674073
12524,6.605083560943603
12525,1.937403631210327
12526,3.6524603366851807
12527,7.130732727050781
12528,6.582328033447266
12529,5.789104747772217
12530,8.559517860412598
12531,6.172786617279053
12532,4.825066375732422
12533,5.962617874145508
12534,4.094885635375976
12535,7.1142258644104
12536,4.195845890045166
12537,4.583326721191407
12538,3.542773485183716
12539,5.3381028175354
12540,8.531009292602539
12541,7.137499809265137
12542,8.839051437377929
12543,5.298364734649658
12544,9.450035285949706
12545,6.222418880462646
12546,6.527165699005127
12547,7.20398530960083
12548,7.9583563804626465
12549,6.040348052978516
12550,5.540826225280762
12551,1.6101986646652222
12552,4.67699613571167
12553,7.479908752441406
12554,1.9710683822631836
12555,9.965438079833984
12556,8.458920097351074
12557,8.189904403686523
12558,3.6125807762145996
12559,5.6419219970703125
12560,5.2220964431762695
12561,8.691169166564942
12562,6.428234577178955
12563,3.1303287029266356
12564,7.867007541656494
12565,6.828115653991699
12566,6.34935884475708
12567,3.6159008979797362
12568,6.287985610961914
12569,6.33166732788086
12570,6.130842304229736
12571,8.490128707885741
12572,5.213278865814209
12573,2.8952813148498535
12574,6.929388618469238
12575,5.850098514556885
12576,2.851091909408569
12577,5.5115477561950685
12578,6.125596046447754
12579,6.202632999420166
12580,6.279375839233398
12581,5.733611583709717
12582,4.321454811096191
12583,5.892800235748291
12584,7.349258899688721
12585,4.030924081802368
12586,7.362422275543213
12587,7.980216121673584
12588,2.340992641448975
12589,3.2618662834167482
12590,8.80332908630371
12591,7.307711505889893
12592,6.259884452819824
12593,6.915646266937256
12594,2.9115411758422853
12595,7.253143215179444
12596,7.626859378814697
12597,7.071861267089844
12598,4.815792083740234
12599,6.192729473114014
12600,4.415551948547363
12601,6.061216354370117
12602,5.543960094451904
12603,8.647450256347657
12604,9.449531745910644
12605,9.667473220825196
12606,6.092856693267822
12607,4.593066024780273
12608,7.189570713043213
12609,4.486179447174072
12610,4.880195808410645
12611,4.434521198272705
12612,5.58476448059082
12613,8.395345306396484
12614,6.20525484085083
12615,4.9300024032592775
12616,8.24686336517334
12617,2.0211741447448732
12618,5.25725679397583
12619,6.605658912658692
12620,8.41633358001709
12621,7.653243541717529
12622,5.5790118217468265
12623,6.793096923828125
12624,6.830791568756103
12625,7.243001556396484
12626,6.321386528015137
12627,5.732605743408203
12628,7.717713356018066
12629,7.9858051300048825
12630,7.153284549713135
12631,6.125680065155029
12632,4.361575603485107
12633,6.78899621963501
12634,4.988164710998535
12635,4.973200416564941
12636,8.296770095825195
12637,7.507315826416016
12638,4.192482852935791
12639,7.025899410247803
12640,4.339372158050537
12641,5.940922737121582
12642,5.504077816009522
12643,7.283427715301514
12644,2.85960111618042
12645,6.43380708694458
12646,8.291120910644532
12647,6.967862701416015
12648,7.563107013702393
12649,4.630837535858154
12650,4.562108898162842
12651,4.829106998443604
12652,6.684138011932373
12653,5.951694393157959
12654,3.894009160995483
12655,4.992201519012451
12656,4.84007682800293
12657,7.217433261871338
12658,8.27690315246582
12659,6.105290699005127
12660,6.06237211227417
12661,3.675488758087158
12662,6.203255939483642
12663,5.547259712219239
12664,4.308982467651367
12665,8.806450843811035
12666,4.6180750846862795
12667,8.506630516052246
12668,5.507782363891602
12669,6.482970237731934
12670,5.425289154052734
12671,7.800092506408691
12672,6.803274726867675
12673,2.908316993713379
12674,8.51810817718506
12675,4.364528751373291
12676,7.975943851470947
12677,9.992697143554688
12678,8.88615894317627
12679,6.223226833343506
12680,6.560931396484375
12681,6.578251838684082
12682,7.4661602020263675
12683,6.4031750679016115
12684,6.810495090484619
12685,7.444724273681641
12686,7.318420696258545
12687,8.52486057281494
12688,6.044457054138183
12689,4.456188488006592
12690,8.905069160461426
12691,5.903681468963623
12692,8.299185943603515
12693,8.025121307373047
12694,5.30784854888916
12695,4.621609306335449
12696,4.661656284332276
12697,4.054371118545532
12698,8.12707748413086
12699,6.434908866882324
12700,8.140591239929199
12701,5.761915969848633
12702,5.403679370880127
12703,5.729555988311768
12704,1.4654629230499268
12705,3.1171642780303954
12706,6.7694621086120605
12707,2.8536469459533693
12708,5.823298645019531
12709,7.9323522567749025
12710,6.706314659118652
12711,2.1203381061553954
12712,5.516123199462891
12713,5.394313716888428
12714,4.065838146209717
12715,4.853898525238037
12716,7.5961737632751465
12717,6.0550004005432125
12718,5.327472496032715
12719,4.849898910522461
12720,5.929558658599854
12721,8.743010520935059
12722,4.2498527526855465
12723,6.465730953216553
12724,8.226701164245606
12725,6.23906831741333
12726,7.200073623657227
12727,4.598416709899903
12728,8.184230422973632
12729,3.9143279075622557
12730,7.3885448455810545
12731,9.113508796691894
12732,5.2367242813110355
12733,4.40272798538208
12734,6.840101051330566
12735,7.753685569763183
12736,5.968642711639404
12737,8.14108657836914
12738,8.095564460754394
12739,8.582073974609376
12740,5.145047664642334
12741,2.168531370162964
12742,5.912702846527099
12743,8.48955192565918
12744,6.245382308959961
12745,8.869933700561523
12746,3.8503957271575926
12747,5.637181568145752
12748,6.261751556396485
12749,4.5280719757080075
12750,4.801182270050049
12751,3.567930746078491
12752,6.991174030303955
12753,7.805751705169678
12754,3.100531530380249
12755,8.811346626281738
12756,7.2402678489685055
12757,8.280135917663575
12758,5.3756204605102536
12759,6.515635204315186
12760,8.555353355407714
12761,3.780649423599243
12762,8.83732852935791
12763,2.190201473236084
12764,4.583035659790039
12765,7.009555912017822
12766,8.105068111419678
12767,5.238704204559326
12768,5.4930274963378904
12769,3.997604322433472
12770,6.70186824798584
12771,6.595127296447754
12772,2.5674060344696046
12773,1.514397430419922
12774,7.68230972290039
12775,5.041528415679932
12776,5.279496669769287
12777,6.824013614654541
12778,8.193562316894532
12779,8.110014724731446
12780,7.221681880950928
12781,3.244909381866455
12782,4.546430873870849
12783,7.070126533508301
12784,6.333417224884033
12785,4.283536815643311
12786,6.725908660888672
12787,7.554838752746582
12788,3.9443854331970214
12789,4.135683345794678
12790,8.788905334472656
12791,6.310235118865966
12792,8.824872016906738
12793,7.242229270935058
12794,6.884769153594971
12795,7.149046611785889
12796,8.147050857543945
12797,4.864852428436279
12798,7.495930099487305
12799,6.216008853912354
12800,3.161079263687134
12801,6.098748588562012
12802,8.718097114562989
12803,3.8701992988586427
12804,5.480456829071045
12805,2.9047128677368166
12806,8.529245376586914
12807,4.666438484191895
12808,4.847186279296875
12809,4.7117085456848145
12810,5.721070384979248
12811,7.421836853027344
12812,8.528715133666992
12813,7.542848300933838
12814,7.7944670677185055
12815,7.46290168762207
12816,6.37570219039917
12817,4.913206291198731
12818,9.173624610900879
12819,4.656133651733398
12820,8.30791130065918
12821,3.2268568515777587
12822,5.767600154876709
12823,4.9450562477111815
12824,9.508110046386719
12825,9.273578643798828
12826,8.418074417114259
12827,6.249731063842773
12828,6.404990863800049
12829,6.077099800109863
12830,9.168794059753418
12831,6.14360818862915
12832,5.588090610504151
12833,7.617412376403808
12834,7.100571537017823
12835,6.331572437286377
12836,8.477958679199219
12837,4.9607854843139645
12838,6.633400535583496
12839,4.366474628448486
12840,8.7482421875
12841,5.321338558197022
12842,4.263239097595215
12843,7.088703250885009
12844,5.4714428901672365
12845,1.9675949573516847
12846,7.596755123138427
12847,4.111982536315918
12848,4.977203750610352
12849,7.433149623870849
12850,6.850979137420654
12851,4.501548480987549
12852,5.704401206970215
12853,5.842609214782715
12854,2.710820198059082
12855,5.799636554718018
12856,4.471981334686279
12857,4.443880367279053
12858,5.285999870300293
12859,4.839950084686279
12860,8.526017570495606
12861,7.140248107910156
12862,6.421005630493164
12863,8.814945220947266
12864,5.168978595733643
12865,6.424333000183106
12866,7.368682765960694
12867,4.426999473571778
12868,6.2182512283325195
12869,8.835036849975586
12870,5.147280502319336
12871,7.0795823097229
12872,4.288748073577881
12873,7.826678371429443
12874,5.206149101257324
12875,1.7331607818603516
12876,8.083363151550293
12877,4.74031982421875
12878,5.175083446502685
12879,8.846233940124511
12880,7.257979679107666
12881,9.43649787902832
12882,6.311666965484619
12883,7.837711048126221
12884,3.8961267948150633
12885,7.538860416412353
12886,8.544735336303711
12887,6.79842176437378
12888,5.198791027069092
12889,8.607613563537598
12890,4.504542541503906
12891,8.356050109863281
12892,4.636036205291748
12893,6.861571311950684
12894,3.30928258895874
12895,5.622088050842285
12896,5.55098819732666
12897,3.4317349433898925
12898,6.767410850524902
12899,8.207035446166993
12900,1.643062996864319
12901,7.44302453994751
12902,6.5291131973266605
12903,7.033902359008789
12904,4.873833084106446
12905,9.18665428161621
12906,6.546517372131348
12907,1.851291823387146
12908,6.4308818817138675
12909,3.7398424625396727
12910,9.043589782714843
12911,5.765768146514892
12912,3.0712841987609862
12913,6.6180524826049805
12914,4.325977325439453
12915,5.342828750610352
12916,6.9971592903137205
12917,7.803894138336181
12918,3.374795150756836
12919,7.145406913757324
12920,6.373973655700683
12921,4.695817279815674
12922,6.890277481079101
12923,5.705398082733154
12924,6.657041549682617
12925,2.4371928215026855
12926,5.387086582183838
12927,6.013190269470215
12928,6.734207534790039
12929,8.237191581726075
12930,3.9782504081726073
12931,5.047900390625
12932,8.376852035522461
12933,8.339229774475097
12934,4.747161769866944
12935,7.697737216949463
12936,4.617292213439941
12937,8.180813598632813
12938,8.336940383911132
12939,6.940050029754639
12940,9.491661643981933
12941,4.131739473342895
12942,3.744604206085205
12943,9.068900299072265
12944,6.724536895751953
12945,6.30747356414795
12946,6.947750759124756
12947,5.610900974273681
12948,4.806150817871094
12949,8.975764274597168
12950,6.429683589935303
12951,1.862979245185852
12952,5.652509784698486
12953,6.046083259582519
12954,8.89401626586914
12955,2.159597373008728
12956,5.32382173538208
12957,6.164662933349609
12958,8.633344078063965
12959,3.506317901611328
12960,2.11187105178833
12961,7.348680305480957
12962,5.298357772827148
12963,4.915207195281982
12964,7.612198543548584
12965,4.684952640533448
12966,2.780662727355957
12967,5.200264549255371
12968,5.1650896072387695
12969,4.659650897979736
12970,6.290828800201416
12971,4.3580756187438965
12972,5.490831089019776
12973,7.070565986633301
12974,2.9925458431243896
12975,5.691157436370849
12976,7.42791166305542
12977,2.9163851737976074
12978,8.751873779296876
12979,8.103034591674804
12980,4.938165283203125
12981,3.0316275119781495
12982,9.858719825744629
12983,6.542306804656983
12984,5.269097423553466
12985,2.945244026184082
12986,7.794834327697754
12987,8.189934921264648
12988,7.667385482788086
12989,4.234879875183106
12990,5.924393939971924
12991,4.645300769805909
12992,5.181259250640869
12993,3.704525518417358
12994,7.126206779479981
12995,6.327353286743164
12996,4.510337924957275
12997,7.287327003479004
12998,6.3872734069824215
12999,6.216343402862549
13000,4.397508907318115
13001,7.561059856414795
13002,9.553837966918945
13003,4.880477619171143
13004,8.902592658996582
13005,1.3145920753479003
13006,3.848862648010254
13007,5.458075046539307
13008,4.5254237174987795
13009,8.611483955383301
13010,5.116061210632324
13011,7.409353256225586
13012,8.178890228271484
13013,5.473175144195556
13014,5.372788715362549
13015,6.255776882171631
13016,6.781285953521729
13017,6.060738563537598
13018,2.4171140670776365
13019,4.376985549926758
13020,4.6947990417480465
13021,7.123845386505127
13022,9.127894973754882
13023,6.024286460876465
13024,5.068523597717285
13025,5.898990345001221
13026,5.394583415985108
13027,7.531460952758789
13028,7.67408447265625
13029,4.942389965057373
13030,4.9024101257324215
13031,4.926120376586914
13032,3.269570302963257
13033,6.738057327270508
13034,4.2112809181213375
13035,7.500173473358155
13036,7.24682846069336
13037,5.351184558868408
13038,7.141254711151123
13039,6.482619571685791
13040,5.045689487457276
13041,3.079998779296875
13042,3.5646057605743406
13043,1.737520432472229
13044,5.457773876190186
13045,5.3958484649658205
13046,5.019264221191406
13047,8.586547660827637
13048,7.5970683097839355
13049,7.063561630249024
13050,8.319824981689454
13051,4.368739604949951
13052,6.593193626403808
13053,6.910704231262207
13054,8.800582122802734
13055,5.214967060089111
13056,3.7582038402557374
13057,2.0544580936431887
13058,6.723198127746582
13059,6.0413713455200195
13060,6.079124546051025
13061,4.529979801177978
13062,7.165158271789551
13063,9.328843879699708
13064,1.8258745193481445
13065,4.400148010253906
13066,6.899908828735351
13067,9.086877632141114
13068,7.391747283935547
13069,7.243936061859131
13070,4.53626651763916
13071,4.916832351684571
13072,6.025493144989014
13073,6.4430821418762205
13074,3.8593523502349854
13075,3.543714666366577
13076,4.743332958221435
13077,5.721588134765625
13078,6.557012557983398
13079,4.193861389160157
13080,7.736168289184571
13081,6.038778972625733
13082,4.0907395362854
13083,3.6588415145874023
13084,5.084689140319824
13085,4.498049736022949
13086,5.688579654693603
13087,3.024100351333618
13088,3.4636754512786867
13089,9.366831588745118
13090,7.963805866241455
13091,7.867280006408691
13092,7.5706884384155275
13093,5.825607776641846
13094,3.0013001441955565
13095,5.335815715789795
13096,5.980110836029053
13097,4.135804891586304
13098,6.370068168640136
13099,8.582723236083984
13100,4.1907957077026365
13101,5.526196098327636
13102,1.4996628046035767
13103,6.986175537109375
13104,6.532983016967774
13105,6.878568267822265
13106,6.032481479644775
13107,3.632506513595581
13108,8.89487190246582
13109,5.85759859085083
13110,4.632712459564209
13111,5.5877382278442385
13112,7.385386562347412
13113,5.766167736053466
13114,8.629744911193848
13115,6.465185165405273
13116,8.070293712615968
13117,1.8623005390167235
13118,9.847505569458008
13119,6.472574138641358
13120,2.8836520195007322
13121,5.642220783233642
13122,6.789013195037842
13123,5.814082336425781
13124,4.241263771057129
13125,5.178865623474121
13126,4.246050643920898
13127,2.1528948545455933
13128,7.670563125610352
13129,4.669443130493164
13130,7.249059867858887
13131,2.205732727050781
13132,6.04124174118042
13133,5.125921821594238
13134,7.486607551574707
13135,5.002229499816894
13136,2.2348676204681395
13137,7.180280113220215
13138,6.857353401184082
13139,4.847613048553467
13140,8.74783763885498
13141,6.639986324310303
13142,4.351578235626221
13143,8.354180335998535
13144,7.698837852478027
13145,5.991003799438476
13146,7.2083028793334964
13147,6.5864208221435545
13148,6.647769355773926
13149,7.37129774093628
13150,3.767199754714966
13151,2.816598129272461
13152,7.203739356994629
13153,3.9031021118164064
13154,4.418913841247559
13155,7.399146270751953
13156,4.642855167388916
13157,4.564648723602295
13158,5.128042602539063
13159,6.731416511535644
13160,5.873652648925781
13161,10.0
13162,8.121998596191407
13163,4.157836151123047
13164,7.753802871704101
13165,3.808208703994751
13166,2.8454097270965577
13167,6.252367401123047
13168,3.7323898792266847
13169,5.841049766540527
13170,7.402695369720459
13171,7.107448291778565
13172,6.33533411026001
13173,9.345517349243163
13174,6.505820655822754
13175,4.564091205596924
13176,5.56761474609375
13177,7.700757217407227
13178,3.3676702976226807
13179,8.702524757385254
13180,4.613914585113525
13181,3.531544399261475
13182,8.249938011169434
13183,5.671351528167724
13184,6.654345321655273
13185,7.288963031768799
13186,7.872010612487793
13187,7.190816879272461
13188,4.478003787994385
13189,4.5913313865661625
13190,5.875689315795898
13191,3.354448366165161
13192,8.472560119628906
13193,7.543490314483643
13194,8.544331550598145
13195,6.141469478607178
13196,5.446346759796143
13197,6.0866741180419925
13198,7.174118614196777
13199,6.2044414520263675
13200,9.21460781097412
13201,2.628100538253784
13202,5.297782325744629
13203,6.767344284057617
13204,4.63281831741333
13205,6.191836643218994
13206,4.209726142883301
13207,3.3216222286224366
13208,3.8475558280944826
13209,2.6623854637145996
13210,2.624042844772339
13211,2.4750528812408445
13212,6.842044544219971
13213,6.596064186096191
13214,5.119968223571777
13215,2.7177173137664794
13216,6.020844841003418
13217,6.113593006134034
13218,7.923843574523926
13219,5.839422607421875
13220,6.469102096557617
13221,6.4649608612060545
13222,9.381518745422364
13223,4.6846921920776365
13224,4.25362377166748
13225,7.779296779632569
13226,6.003111553192139
13227,5.3408561706542965
13228,8.481667709350585
13229,9.053357887268067
13230,6.156564331054687
13231,4.333993339538575
13232,7.710928916931152
13233,0.5735013127326966
13234,5.611913776397705
13235,6.662035751342773
13236,6.52614393234253
13237,7.444536113739014
13238,5.454977035522461
13239,5.105981063842774
13240,3.6608745098114013
13241,7.417957973480225
13242,5.169337463378906
13243,6.754133129119873
13244,5.880849933624267
13245,5.063747501373291
13246,7.296195793151855
13247,8.21754035949707
13248,4.715657138824463
13249,4.784318828582764
13250,7.6659900665283205
13251,5.260495567321778
13252,7.8449748992919925
13253,5.516949081420899
13254,3.233103609085083
13255,5.719356346130371
13256,6.706651973724365
13257,7.128264331817627
13258,8.4897705078125
13259,5.195887756347656
13260,8.521288871765137
13261,9.650700759887695
13262,4.680149745941162
13263,6.478369235992432
13264,3.4686043739318846
13265,5.5425567626953125
13266,6.263664817810058
13267,4.391630458831787
13268,2.8365548133850096
13269,7.034509181976318
13270,7.433674144744873
13271,5.068099021911621
13272,8.559959411621094
13273,7.815960025787353
13274,8.388728713989257
13275,8.181903266906739
13276,6.345745658874511
13277,6.885465431213379
13278,0.9467234015464783
13279,3.739078235626221
13280,5.349127101898193
13281,6.26327543258667
13282,5.819579029083252
13283,5.451976203918457
13284,5.000089073181153
13285,7.296946620941162
13286,6.6688087463378904
13287,7.1346358299255375
13288,5.275574493408203
13289,6.761212921142578
13290,8.76040153503418
13291,2.822508955001831
13292,4.722471618652344
13293,4.100709533691406
13294,6.879043960571289
13295,7.665296649932861
13296,5.654574203491211
13297,6.185021877288818
13298,8.051427364349365
13299,5.899517345428467
13300,6.163458061218262
13301,6.3030930519104
13302,4.802902126312256
13303,7.1959099769592285
13304,6.08073844909668
13305,4.400465297698974
13306,5.925525379180908
13307,7.047363567352295
13308,4.398328018188477
13309,2.9264848232269287
13310,3.1137682437896728
13311,5.682179641723633
13312,0.9305372595787048
13313,5.360882568359375
13314,7.636514472961426
13315,8.91479549407959
13316,4.49984769821167
13317,3.0061155796051025
13318,5.4037073135375975
13319,5.972060108184815
13320,4.616946697235107
13321,6.109465408325195
13322,7.400733280181885
13323,7.583317375183105
13324,6.9753083229064945
13325,3.4134084224700927
13326,7.953190517425537
13327,7.128219699859619
13328,6.457729625701904
13329,7.078160285949707
13330,6.881351280212402
13331,5.533560657501221
13332,1.898976707458496
13333,5.265767669677734
13334,2.6219332695007322
13335,9.970610237121582
13336,1.5148327112197877
13337,6.931928825378418
13338,8.50120735168457
13339,8.65186595916748
13340,7.93723201751709
13341,9.322404861450195
13342,5.495783710479737
13343,6.390916252136231
13344,2.8687047958374023
13345,3.3518308639526366
13346,3.5695965766906737
13347,8.685895347595215
13348,4.024003696441651
13349,2.721246433258057
13350,3.4666162014007567
13351,2.7673416137695312
13352,5.473270034790039
13353,8.05218210220337
13354,8.12751750946045
13355,3.3774755954742433
13356,7.191964340209961
13357,3.895040225982666
13358,8.140497779846191
13359,5.388799858093262
13360,8.264368057250977
13361,6.696977710723877
13362,4.036870908737183
13363,6.749589538574218
13364,5.159399890899659
13365,8.938526153564453
13366,8.322126579284667
13367,5.053967761993408
13368,5.633591842651367
13369,6.823561763763427
13370,4.372126865386963
13371,3.29118127822876
13372,3.7813841819763185
13373,8.025209712982178
13374,6.7654619216918945
13375,3.947633695602417
13376,5.079423522949218
13377,6.63497314453125
13378,8.727565574645997
13379,5.092327213287353
13380,2.4009308338165285
13381,8.727975845336914
13382,3.899300050735474
13383,7.476309680938721
13384,3.554282474517822
13385,7.533647060394287
13386,3.1168628215789793
13387,2.616251087188721
13388,6.071469497680664
13389,6.33479642868042
13390,8.560597610473632
13391,6.638115119934082
13392,8.340619087219238
13393,5.479819107055664
13394,4.622046661376953
13395,8.847163772583007
13396,8.826233863830566
13397,7.995606708526611
13398,4.7587440490722654
13399,7.018972301483155
13400,7.736780071258545
13401,6.330486392974853
13402,3.8940226078033446
13403,8.407085990905761
13404,5.839191722869873
13405,10.0
13406,3.943405294418335
13407,3.1136324405670166
13408,3.482303237915039
13409,7.476711082458496
13410,9.342748832702636
13411,5.490956974029541
13412,5.9918625831604
13413,8.442817497253419
13414,5.419242572784424
13415,7.101444244384766
13416,8.362873840332032
13417,5.75317268371582
13418,6.770604610443115
13419,7.276470756530761
13420,6.97393569946289
13421,4.884973049163818
13422,5.223713302612305
13423,6.468302822113037
13424,8.269942283630371
13425,6.739780426025391
13426,5.74920654296875
13427,6.622505187988281
13428,5.299312496185303
13429,4.0907529354095455
13430,3.8857758045196533
13431,7.837114238739014
13432,7.789340305328369
13433,5.100683403015137
13434,5.742858505249023
13435,6.159604740142822
13436,8.811312675476074
13437,1.900786328315735
13438,2.7724723339080812
13439,9.966780471801759
13440,8.197749137878418
13441,4.146984338760376
13442,6.7361939430236815
13443,5.815691184997559
13444,5.987017059326172
13445,6.699219417572022
13446,9.044581604003906
13447,2.345748472213745
13448,2.843096303939819
13449,5.474361896514893
13450,7.678500080108643
13451,5.691728401184082
13452,7.081097602844238
13453,4.841147327423096
13454,8.372895240783691
13455,4.947192668914795
13456,2.5000889778137205
13457,8.086587142944335
13458,8.172764205932618
13459,7.174686431884766
13460,6.271991634368897
13461,4.601853752136231
13462,4.62993803024292
13463,3.0188522338867188
13464,4.243059253692627
13465,1.299989914894104
13466,7.900578308105469
13467,4.090927219390869
13468,6.713030910491943
13469,4.740196990966797
13470,6.501699733734131
13471,5.070696544647217
13472,3.5969271659851074
13473,7.4551100730896
13474,5.1640928268432615
13475,7.382345485687256
13476,6.8873169898986815
13477,3.861789512634277
13478,3.2437744140625
13479,5.151021575927734
13480,6.319643211364746
13481,4.669055938720703
13482,7.542269992828369
13483,7.74735803604126
13484,6.174090003967285
13485,6.9613934516906735
13486,5.729506015777588
13487,5.044822311401367
13488,3.263683032989502
13489,2.2929959297180176
13490,4.433863162994385
13491,5.9582093238830565
13492,6.203796005249023
13493,7.591986083984375
13494,4.352166175842285
13495,4.374615478515625
13496,5.020203590393066
13497,5.6666075706481935
13498,6.383818244934082
13499,7.487433624267578
13500,4.6159234046936035
13501,6.693412017822266
13502,4.818801021575927
13503,7.057122230529785
13504,8.206960678100586
13505,4.5815225601196286
13506,9.079401588439941
13507,3.3636701583862303
13508,3.6320268154144286
13509,8.343630027770995
13510,8.135624885559082
13511,4.221565914154053
13512,6.9905179977417
13513,2.5427091121673584
13514,8.43242130279541
13515,7.634845638275147
13516,4.1946868896484375
13517,5.746219444274902
13518,8.873831176757813
13519,8.63505516052246
13520,6.106485366821289
13521,5.462080001831055
13522,4.270212459564209
13523,3.6897613048553466
13524,6.434575366973877
13525,6.066932201385498
13526,3.20858473777771
13527,4.128460025787353
13528,9.354094123840332
13529,7.130945873260498
13530,2.0057037830352784
13531,6.376626300811767
13532,6.984357452392578
13533,2.954086494445801
13534,6.084223937988281
13535,3.0547052383422852
13536,5.178617382049561
13537,4.977537727355957
13538,6.275179767608643
13539,3.992352342605591
13540,4.809676551818848
13541,8.885756492614746
13542,3.598562145233154
13543,5.371534824371338
13544,5.385920906066895
13545,7.946107196807861
13546,7.49540901184082
13547,8.289128303527832
13548,4.033295631408691
13549,2.6605408668518065
13550,4.838328838348389
13551,7.533502769470215
13552,6.726254653930664
13553,6.815999603271484
13554,4.4331048965454105
13555,6.678208446502685
13556,6.200503826141357
13557,9.781968879699708
13558,6.864979934692383
13559,8.957709884643554
13560,5.694837474822998
13561,4.5999726295471195
13562,5.129593849182129
13563,6.639158630371094
13564,6.584697246551514
13565,6.259781169891357
13566,4.374671459197998
13567,5.650857448577881
13568,5.494567489624023
13569,2.445240354537964
13570,5.200249671936035
13571,6.433436393737793
13572,6.978641986846924
13573,7.246090030670166
13574,9.132461738586425
13575,7.908833026885986
13576,6.078438949584961
13577,9.031523132324219
13578,2.7078857898712156
13579,4.337763404846191
13580,4.040114068984986
13581,6.0835926055908205
13582,4.728163719177246
13583,7.856949043273926
13584,7.219056606292725
13585,8.402016639709473
13586,3.274459648132324
13587,8.304853439331055
13588,0.7590089082717896
13589,8.516143035888671
13590,5.301331996917725
13591,5.991533184051514
13592,8.706979942321777
13593,6.254879093170166
13594,5.730278873443604
13595,5.434682846069336
13596,8.4887451171875
13597,5.146375560760498
13598,6.775697135925293
13599,1.7102344274520873
13600,8.80749568939209
13601,4.7041584014892575
13602,9.244591522216798
13603,3.459449863433838
13604,7.727760601043701
13605,8.012986660003662
13606,5.893260669708252
13607,4.557158374786377
13608,1.2935560464859008
13609,3.573064184188843
13610,6.372865200042725
13611,5.501803016662597
13612,9.49463119506836
13613,1.8430715560913087
13614,5.006503772735596
13615,4.670593929290772
13616,4.4194317817687985
13617,7.045675945281983
13618,7.762336730957031
13619,5.720915794372559
13620,3.4530467987060547
13621,1.4667969703674317
13622,6.113949489593506
13623,6.383924865722657
13624,9.96740550994873
13625,5.42259578704834
13626,6.06242094039917
13627,9.506686973571778
13628,5.139962482452392
13629,3.6495712757110597
13630,4.015500450134278
13631,8.173366928100586
13632,5.093352508544922
13633,4.8390092849731445
13634,6.92825756072998
13635,4.2587285995483395
13636,6.3768316268920895
13637,7.310000991821289
13638,4.755391407012939
13639,5.134558010101318
13640,5.450367259979248
13641,7.436309909820556
13642,7.263889026641846
13643,7.334089279174805
13644,3.3376628875732424
13645,4.128304719924927
13646,9.326151084899902
13647,3.867064046859741
13648,9.234564971923827
13649,4.933912944793701
13650,5.5468034744262695
13651,7.352098369598389
13652,6.4875664710998535
13653,6.612236404418946
13654,5.754793262481689
13655,6.5566047668457035
13656,4.333278942108154
13657,4.228917026519776
13658,2.7563161849975586
13659,5.060002613067627
13660,7.666057300567627
13661,7.428726863861084
13662,4.759906578063965
13663,4.968529510498047
13664,7.238435840606689
13665,7.109880161285401
13666,6.730669784545898
13667,6.72428331375122
13668,7.190699863433838
13669,2.8782558917999266
13670,8.189245414733886
13671,6.247640991210938
13672,8.766547012329102
13673,7.056777477264404
13674,5.283015537261963
13675,6.053962898254395
13676,7.144797229766846
13677,8.63037986755371
13678,6.737731266021728
13679,3.4953004837036135
13680,5.229171371459961
13681,5.626096534729004
13682,5.170962810516357
13683,7.440962409973144
13684,5.675181484222412
13685,6.491876125335693
13686,5.580423736572266
13687,7.213823699951172
13688,6.690654850006103
13689,7.316000843048096
13690,7.7007911682128904
13691,8.773167610168457
13692,4.473568153381348
13693,7.2674027442932125
13694,5.182000160217285
13695,6.213575649261474
13696,7.601416301727295
13697,8.027806854248047
13698,5.294984626770019
13699,6.54981746673584
13700,5.32744722366333
13701,3.7103203773498534
13702,4.522362899780274
13703,5.638488388061523
13704,3.195414638519287
13705,4.541323280334472
13706,8.34736385345459
13707,5.801006126403808
13708,7.8014781951904295
13709,8.611039924621583
13710,5.488468647003174
13711,6.898204135894775
13712,4.991674900054932
13713,6.510191345214844
13714,4.925332641601562
13715,6.399037170410156
13716,6.078559112548828
13717,2.399580955505371
13718,4.55942554473877
13719,6.940538215637207
13720,7.7832659721374515
13721,8.969427871704102
13722,4.96351728439331
13723,3.5390151023864744
13724,6.8072535514831545
13725,6.51665620803833
13726,1.5858404874801635
13727,6.535897350311279
13728,4.087998485565185
13729,6.760636234283448
13730,8.303232574462891
13731,6.7100543022155765
13732,4.363591003417969
13733,8.843600845336914
13734,2.399733877182007
13735,5.336706638336182
13736,8.315453910827637
13737,3.2231852531433107
13738,5.350745677947998
13739,5.342075824737549
13740,9.434149169921875
13741,5.7699487686157225
13742,6.772945690155029
13743,7.8564189910888675
13744,5.751403903961181
13745,8.471151733398438
13746,6.5917867660522464
13747,9.416363716125488
13748,6.254888248443604
13749,5.228061389923096
13750,6.084786605834961
13751,7.524214172363282
13752,5.430832099914551
13753,8.55405044555664
13754,5.31012372970581
13755,5.864909267425537
13756,4.931845855712891
13757,7.021504878997803
13758,5.142862319946289
13759,7.152071571350097
13760,8.36797046661377
13761,9.230999183654784
13762,4.832599925994873
13763,6.861643981933594
13764,6.013986206054687
13765,4.364368057250976
13766,7.726064395904541
13767,4.305788135528564
13768,5.232852935791016
13769,4.346106243133545
13770,6.479424858093262
13771,1.2232085466384888
13772,6.9970439910888675
13773,8.313257026672364
13774,8.94886074066162
13775,4.888399219512939
13776,3.3760955810546873
13777,6.927309989929199
13778,7.694904708862305
13779,7.587261772155761
13780,7.322762584686279
13781,6.099177646636963
13782,7.4724915504455565
13783,6.670975399017334
13784,9.183621406555176
13785,3.6135411262512207
13786,7.2167657852172855
13787,7.1021120071411135
13788,5.529232692718506
13789,6.15094108581543
13790,5.515713691711426
13791,4.903461933135986
13792,7.299918842315674
13793,5.759574317932129
13794,4.997527599334717
13795,4.92896203994751
13796,5.160727787017822
13797,4.491744518280029
13798,6.2547831535339355
13799,7.275398826599121
13800,4.755062198638916
13801,3.657012367248535
13802,4.848044204711914
13803,2.2743467807769777
13804,4.026994514465332
13805,3.3613550662994385
13806,8.123111724853516
13807,4.175249528884888
13808,5.2759167671203615
13809,4.478550624847412
13810,6.867385292053223
13811,5.868241786956787
13812,7.265313053131104
13813,8.017594814300537
13814,8.43934898376465
13815,4.532277297973633
13816,8.599015808105468
13817,3.593907880783081
13818,6.179352474212647
13819,4.899059009552002
13820,8.19223575592041
13821,9.132009887695313
13822,7.092982578277588
13823,6.5822125434875485
13824,6.232473278045655
13825,6.5800727844238285
13826,5.331489086151123
13827,4.734978866577149
13828,6.134817504882813
13829,7.580504703521728
13830,3.564120578765869
13831,7.729289722442627
13832,7.6247635841369625
13833,8.300298309326172
13834,6.291209411621094
13835,2.5273208141326906
13836,4.59500150680542
13837,5.504420375823974
13838,8.811078453063965
13839,6.012908935546875
13840,5.472576522827149
13841,7.923127555847168
13842,8.045818328857422
13843,8.22436065673828
13844,8.696439361572265
13845,9.71099910736084
13846,1.9103105783462524
13847,6.589002227783203
13848,6.525847721099853
13849,4.838086891174316
13850,4.505222320556641
13851,2.5092785358428955
13852,4.754922103881836
13853,9.752652359008788
13854,5.23182954788208
13855,6.986280155181885
13856,3.479760026931763
13857,7.2100855827331545
13858,5.556791305541992
13859,7.363755702972412
13860,8.864152717590333
13861,5.590962886810303
13862,4.720061206817627
13863,8.757817649841309
13864,7.076831245422364
13865,5.855320453643799
13866,6.890392208099366
13867,4.442456245422363
13868,5.344830894470215
13869,8.119285202026367
13870,8.707588005065919
13871,8.829305458068848
13872,5.690961074829102
13873,9.453025436401367
13874,7.275981903076172
13875,9.002073669433594
13876,6.938896656036377
13877,6.353339767456054
13878,6.186709403991699
13879,5.657198238372803
13880,8.073703002929687
13881,6.166232013702393
13882,5.630220222473144
13883,7.836416149139405
13884,6.106881809234619
13885,3.5319130420684814
13886,6.27654390335083
13887,7.316242504119873
13888,8.173696708679199
13889,7.983242321014404
13890,3.104974317550659
13891,7.2362573623657225
13892,6.405099582672119
13893,9.459865951538086
13894,7.173171710968018
13895,6.726976108551026
13896,5.657706069946289
13897,6.91808500289917
13898,4.771376037597657
13899,7.3981107711792
13900,6.854873466491699
13901,6.616691303253174
13902,2.1138014793395996
13903,7.272568321228027
13904,2.950318431854248
13905,5.518816566467285
13906,6.0823588371276855
13907,5.5505626678466795
13908,7.3405252456665036
13909,7.650720596313477
13910,6.635121822357178
13911,8.119927978515625
13912,2.6424551963806153
13913,7.476539611816406
13914,0.8611203193664551
13915,5.7005339622497555
13916,7.444022750854492
13917,7.834380722045898
13918,8.172643661499023
13919,7.777049160003662
13920,6.4120691299438475
13921,2.693420934677124
13922,5.039888095855713
13923,8.646706008911133
13924,7.084641647338867
13925,5.517522525787354
13926,7.58471155166626
13927,8.415310096740722
13928,6.7587995529174805
13929,6.56825590133667
13930,6.435672760009766
13931,6.892750549316406
13932,6.784944534301758
13933,6.309000301361084
13934,7.204152584075928
13935,3.147134304046631
13936,7.086520957946777
13937,4.151335763931274
13938,2.6886672496795656
13939,7.111794185638428
13940,6.434831809997559
13941,4.37578592300415
13942,3.957445526123047
13943,4.9099852561950685
13944,6.694700717926025
13945,6.595955276489258
13946,6.47052116394043
13947,4.733476066589356
13948,8.332756042480469
13949,1.808450174331665
13950,7.497379779815674
13951,7.325410938262939
13952,4.5329591751098635
13953,5.18758716583252
13954,8.067545700073243
13955,4.242407608032226
13956,1.9967339038848877
13957,1.4719316720962525
13958,8.108372116088868
13959,6.059297275543213
13960,5.6594157218933105
13961,7.214754390716553
13962,5.618850040435791
13963,8.188060760498047
13964,5.5251030921936035
13965,4.355008602142334
13966,5.482184600830078
13967,4.523401069641113
13968,6.066015529632568
13969,5.510470771789551
13970,9.28967227935791
13971,6.044986248016357
13972,8.790534400939942
13973,5.60109167098999
13974,1.5061443090438842
13975,6.421497535705567
13976,7.095253849029541
13977,6.275755405426025
13978,7.056486415863037
13979,6.825508689880371
13980,8.484074211120605
13981,6.589192485809326
13982,5.137773418426514
13983,4.884057426452637
13984,3.1010557651519775
13985,7.359904193878174
13986,7.782468795776367
13987,7.379592323303223
13988,5.651354694366455
13989,6.518921279907227
13990,2.0418484210968018
13991,5.033400249481201
13992,7.021088123321533
13993,7.21089735031128
13994,3.2280051708221436
13995,8.305032348632812
13996,5.952847480773926
13997,6.728316688537598
13998,7.240309143066407
13999,4.332897567749024
14000,7.780664539337158
14001,9.278243064880371
14002,5.248703861236573
14003,8.849715614318848
14004,7.669134521484375
14005,7.013383579254151
14006,2.999653768539429
14007,7.91607027053833
14008,6.813242053985595
14009,3.297005319595337
14010,8.445347023010253
14011,3.544170045852661
14012,3.7501792430877687
14013,6.719016170501709
14014,4.106113862991333
14015,3.4571453094482423
14016,5.013588809967041
14017,6.242724227905273
14018,5.938277053833008
14019,8.425572395324707
14020,8.989953804016114
14021,8.321131896972656
14022,6.990433025360107
14023,7.154256820678711
14024,5.088811588287354
14025,1.3993967771530151
14026,5.883469581604004
14027,8.429272842407226
14028,6.064743709564209
14029,6.048311424255371
14030,4.976976776123047
14031,1.9226680517196655
14032,4.780033969879151
14033,5.540846252441407
14034,7.882027721405029
14035,3.992031764984131
14036,8.2132963180542
14037,7.774592494964599
14038,5.661979293823242
14039,7.691901302337646
14040,8.378593063354492
14041,4.932332611083984
14042,5.191790390014648
14043,6.260495567321778
14044,2.9231687068939207
14045,4.264005565643311
14046,5.2486891746521
14047,4.357551002502442
14048,8.46949806213379
14049,6.337929534912109
14050,5.085001754760742
14051,7.624597263336182
14052,6.2454681396484375
14053,3.351408529281616
14054,9.454260635375977
14055,7.1559593200683596
14056,6.779913902282715
14057,5.1710365295410154
14058,5.113988971710205
14059,4.549359226226807
14060,1.1554898977279664
14061,4.348958969116211
14062,4.467317771911621
14063,4.49616174697876
14064,2.5794445991516115
14065,1.062190592288971
14066,9.181767654418945
14067,1.786381149291992
14068,4.62900333404541
14069,6.1476224899292
14070,6.769619750976562
14071,4.687371063232422
14072,4.6940155029296875
14073,8.265822410583496
14074,5.641701793670654
14075,4.91804838180542
14076,6.94212007522583
14077,3.9494322299957276
14078,7.206269550323486
14079,6.258291530609131
14080,3.876828336715698
14081,7.6076781272888185
14082,5.952383708953858
14083,5.167668437957763
14084,2.1762423515319824
14085,5.823229598999023
14086,5.611139869689941
14087,8.172531414031983
14088,6.160622310638428
14089,6.233585071563721
14090,2.151522731781006
14091,6.8900227546691895
14092,5.830585765838623
14093,2.8174476623535156
14094,4.437298107147217
14095,7.308071327209473
14096,7.692674827575684
14097,5.821864128112793
14098,7.420070171356201
14099,7.429123878479004
14100,7.3843916893005375
14101,4.511178588867187
14102,3.827072858810425
14103,7.727996349334717
14104,6.519973850250244
14105,5.524355697631836
14106,5.501173305511474
14107,5.625514030456543
14108,5.206618118286133
14109,7.57537202835083
14110,4.694902992248535
14111,1.9741963624954224
14112,5.9206085205078125
14113,5.001638698577881
14114,10.0
14115,6.2710490226745605
14116,6.400502109527588
14117,8.355847549438476
14118,6.6531774520874025
14119,6.249312400817871
14120,6.2908014297485355
14121,3.794198179244995
14122,3.6935261249542237
14123,4.747749614715576
14124,5.406530666351318
14125,7.953660297393799
14126,7.265700721740723
14127,7.906727504730225
14128,5.000570487976074
14129,3.286879825592041
14130,4.259388828277588
14131,5.464082813262939
14132,7.3143760681152346
14133,9.829323959350585
14134,6.682909965515137
14135,6.055695915222168
14136,6.63718957901001
14137,6.4308497428894045
14138,4.536206817626953
14139,7.755193042755127
14140,8.797872543334961
14141,7.420407962799072
14142,6.29116735458374
14143,6.106864070892334
14144,6.372447872161866
14145,7.830381584167481
14146,4.237941455841065
14147,4.792676258087158
14148,7.69202356338501
14149,9.704097366333007
14150,3.366038513183594
14151,5.2309599876403805
14152,2.984984588623047
14153,9.54310302734375
14154,6.626279258728028
14155,7.435383415222168
14156,8.093202590942383
14157,6.109963035583496
14158,7.3281909942626955
14159,5.117256450653076
14160,3.829559564590454
14161,6.978431701660156
14162,4.81398229598999
14163,4.847123527526856
14164,8.004800415039062
14165,6.371793460845947
14166,6.617664337158203
14167,8.88606128692627
14168,7.0413994789123535
14169,9.37442226409912
14170,6.081411647796631
14171,2.1844269752502443
14172,4.24202823638916
14173,6.646719551086425
14174,6.54923791885376
14175,4.827440643310547
14176,7.410815048217773
14177,8.372356796264649
14178,8.170855712890624
14179,7.00318021774292
14180,4.842939758300782
14181,8.713430404663086
14182,5.5049491882324215
14183,7.428283023834228
14184,8.351299667358399
14185,5.80084114074707
14186,6.633659362792969
14187,6.052940559387207
14188,7.058026504516602
14189,6.72348051071167
14190,5.9854353904724125
14191,8.407204055786133
14192,7.422278785705567
14193,7.361009407043457
14194,7.10364351272583
14195,4.88224687576294
14196,6.972800636291504
14197,5.9306872367858885
14198,5.5249734878540036
14199,5.217093467712402
14200,7.738379287719726
14201,3.9740028381347656
14202,4.331293106079102
14203,5.9637024879455565
14204,2.781586027145386
14205,8.29007167816162
14206,4.949256801605225
14207,4.607874774932862
14208,6.397736740112305
14209,8.897669410705566
14210,9.161539649963379
14211,6.47985258102417
14212,6.809686660766602
14213,8.536112403869629
14214,7.553063869476318
14215,2.2531063556671143
14216,6.55907096862793
14217,9.033764839172363
14218,9.197829818725586
14219,5.384416198730468
14220,8.381033515930175
14221,2.743270826339722
14222,4.711263656616211
14223,5.131353759765625
14224,5.621104145050049
14225,7.4474037170410154
14226,2.0513663291931152
14227,6.1679689407348635
14228,6.6812817573547365
14229,6.132205295562744
14230,3.973368835449219
14231,5.186386013031006
14232,7.025775337219239
14233,5.162269496917725
14234,6.001875019073486
14235,3.6991028785705566
14236,3.758586025238037
14237,3.677150917053223
14238,6.931968688964844
14239,9.382650566101074
14240,4.316478729248047
14241,8.52501163482666
14242,5.4328044891357425
14243,3.872484540939331
14244,5.584205532073975
14245,5.6066028594970705
14246,7.103360939025879
14247,5.352869987487793
14248,6.764366912841797
14249,5.209047412872314
14250,8.846244430541992
14251,3.1624641895294188
14252,3.317081880569458
14253,9.763529586791993
14254,6.64567289352417
14255,8.05062494277954
14256,5.418523216247559
14257,4.5465672492980955
14258,7.811760807037354
14259,6.0659589767456055
14260,1.7625430345535278
14261,7.592744064331055
14262,5.130964279174805
14263,1.5286429882049561
14264,9.637238693237304
14265,5.299697208404541
14266,5.584496879577637
14267,5.163248348236084
14268,4.667952823638916
14269,7.166995811462402
14270,2.8083357334136965
14271,2.0805487871170043
14272,7.543021869659424
14273,7.169567108154297
14274,6.519806671142578
14275,1.981631350517273
14276,7.60146427154541
14277,8.202240562438964
14278,7.734184837341308
14279,7.166713619232178
14280,6.090607929229736
14281,5.105107593536377
14282,1.9230435371398926
14283,4.766176223754883
14284,6.582805728912353
14285,3.809566354751587
14286,4.712094116210937
14287,9.07007713317871
14288,5.116105270385742
14289,8.00190258026123
14290,6.7942253112792965
14291,5.858643627166748
14292,5.933452033996582
14293,7.676880264282227
14294,6.412760257720947
14295,6.453747367858886
14296,6.095357894897461
14297,5.193067455291748
14298,4.4703803062438965
14299,6.244216728210449
14300,8.177212333679199
14301,5.356094741821289
14302,6.281205940246582
14303,6.650458431243896
14304,2.33431715965271
14305,7.058803462982178
14306,3.2868680477142336
14307,8.27992000579834
14308,3.25453724861145
14309,6.1784255027771
14310,3.3935050487518312
14311,7.503823947906494
14312,4.392208671569824
14313,7.473388671875
14314,3.410743474960327
14315,4.316499328613281
14316,2.794433927536011
14317,7.528030872344971
14318,6.385870170593262
14319,5.791515731811524
14320,6.46103982925415
14321,7.0660045623779295
14322,6.125601673126221
14323,4.548000621795654
14324,3.7565353870391847
14325,5.347906017303467
14326,9.495562553405762
14327,5.438292121887207
14328,5.648028373718262
14329,4.651644134521485
14330,6.7166773796081545
14331,8.036121654510499
14332,8.344342613220215
14333,9.053433990478515
14334,9.497509384155274
14335,6.561390209197998
14336,5.531832981109619
14337,4.172463321685791
14338,6.350518417358399
14339,7.472023391723633
14340,8.85724754333496
14341,7.130144119262695
14342,9.247755432128907
14343,7.293883037567139
14344,5.937638473510742
14345,9.526829528808594
14346,5.757153797149658
14347,5.280755043029785
14348,6.671127414703369
14349,4.12362585067749
14350,6.948431015014648
14351,4.032886648178101
14352,8.301324462890625
14353,4.532246494293213
14354,8.317885780334473
14355,6.3538518905639645
14356,7.688406181335449
14357,8.591660690307616
14358,2.6372223854064942
14359,6.765830421447754
14360,7.7215804100036625
14361,8.408181953430176
14362,6.399985599517822
14363,4.793317985534668
14364,8.543552589416503
14365,2.6613048553466796
14366,5.599891948699951
14367,6.570469856262207
14368,5.181618404388428
14369,5.061827659606934
14370,7.55547981262207
14371,4.365201187133789
14372,7.568376255035401
14373,7.4407754898071286
14374,6.755183410644531
14375,5.850660419464111
14376,2.2581947803497315
14377,5.914716053009033
14378,7.238388729095459
14379,3.823901128768921
14380,6.42490177154541
14381,8.508011054992675
14382,9.206565475463867
14383,7.466127014160156
14384,7.151950168609619
14385,9.444316101074218
14386,8.968886566162109
14387,7.391906070709228
14388,7.101024723052978
14389,3.593127727508545
14390,6.227348041534424
14391,7.1319708824157715
14392,7.218481636047363
14393,2.4994007110595704
14394,7.942997646331787
14395,8.792426872253419
14396,5.45681095123291
14397,6.695210266113281
14398,5.340169429779053
14399,5.495271968841553
14400,1.2250797271728515
14401,5.543284320831299
14402,5.9498899459838865
14403,7.962044048309326
14404,5.775119400024414
14405,9.388908767700196
14406,6.331678295135498
14407,7.971552085876465
14408,7.509554672241211
14409,6.216656112670899
14410,7.862406826019287
14411,7.846243953704834
14412,6.717772483825684
14413,2.8411648273468018
14414,7.377972507476807
14415,6.891796398162842
14416,5.821329116821289
14417,5.857516765594482
14418,3.503042793273926
14419,6.248785877227784
14420,5.25733699798584
14421,8.290276336669923
14422,1.1947298765182495
14423,4.630353260040283
14424,3.2789777755737304
14425,7.22375602722168
14426,8.118746662139893
14427,5.648479747772217
14428,6.614135265350342
14429,5.743401432037354
14430,7.213050365447998
14431,3.779290962219238
14432,3.287863779067993
14433,7.117128372192383
14434,5.241688632965088
14435,8.830917167663575
14436,8.258977127075195
14437,7.256968879699707
14438,6.786327648162842
14439,5.12751522064209
14440,5.90582799911499
14441,3.5783466339111327
14442,2.852225971221924
14443,7.658933830261231
14444,5.504015636444092
14445,3.5038567543029786
14446,1.457727837562561
14447,8.363121795654298
14448,8.258052825927734
14449,3.2012102603912354
14450,3.022830581665039
14451,6.370814418792724
14452,3.096614360809326
14453,5.205368137359619
14454,8.109707069396972
14455,4.254421329498291
14456,7.413907814025879
14457,6.846404075622559
14458,7.187796688079834
14459,3.7005271434783937
14460,4.05693941116333
14461,8.611832809448241
14462,4.1415102005004885
14463,9.778526878356933
14464,5.292473602294922
14465,7.066875362396241
14466,2.2290173053741453
14467,3.7402819633483886
14468,5.338505268096924
14469,6.7335409164428714
14470,9.054501914978028
14471,5.037939071655273
14472,8.91860466003418
14473,4.794659614562988
14474,5.171806049346924
14475,8.829131507873536
14476,4.152794933319091
14477,4.508999347686768
14478,6.077430725097656
14479,7.966541576385498
14480,4.715745639801026
14481,4.424978160858155
14482,0.38329485058784485
14483,3.6097487926483156
14484,5.0682580947875975
14485,9.285233116149902
14486,4.8969015121459964
14487,9.261877632141113
14488,7.480698680877685
14489,4.039358234405517
14490,2.9328727245330812
14491,5.60859899520874
14492,5.656859016418457
14493,6.305056381225586
14494,3.12685112953186
14495,1.7844367504119873
14496,2.0715161561965942
14497,3.9571203231811523
14498,3.8820311546325685
14499,9.611919403076172
14500,8.135005760192872
14501,6.365460300445557
14502,6.091907787322998
14503,1.6206974029541015
14504,4.45660810470581
14505,7.4309405326843265
14506,5.10844783782959
14507,7.652505683898926
14508,6.789268207550049
14509,7.65045394897461
14510,4.637425708770752
14511,4.598067378997802
14512,6.173566150665283
14513,9.442679405212402
14514,5.945503616333008
14515,4.635884571075439
14516,6.640637397766113
14517,4.343231201171875
14518,3.2545076847076415
14519,6.148198032379151
14520,6.268374347686768
14521,8.069350719451904
14522,7.115439128875733
14523,2.3084277629852297
14524,2.1749517917633057
14525,3.176361322402954
14526,4.564122104644776
14527,6.935406494140625
14528,3.6410633087158204
14529,5.402378273010254
14530,6.821329021453858
14531,9.415521049499512
14532,6.409022521972656
14533,8.381618309020997
14534,8.945013809204102
14535,3.3955337047576903
14536,4.989822959899902
14537,8.391812896728515
14538,7.856267356872559
14539,7.08490743637085
14540,3.851983070373535
14541,8.208707046508788
14542,7.585388946533203
14543,7.401263809204101
14544,8.339898490905762
14545,6.586033725738526
14546,3.8433295249938966
14547,4.435780620574951
14548,5.0631050109863285
14549,7.172830200195312
14550,5.198835372924805
14551,5.893338680267334
14552,2.3223408699035644
14553,7.049576950073242
14554,7.851741790771484
14555,7.412162590026855
14556,7.076145076751709
14557,3.5836417198181154
14558,6.159128093719483
14559,6.1419703483581545
14560,8.42727451324463
14561,6.774876117706299
14562,2.014611291885376
14563,8.762399673461914
14564,6.390198612213135
14565,5.567917823791504
14566,6.723362255096435
14567,3.2708898067474363
14568,3.7179667472839357
14569,6.096903228759766
14570,7.545617008209229
14571,4.324663352966309
14572,5.934592056274414
14573,8.205176162719727
14574,9.193843269348145
14575,5.358475399017334
14576,1.2417437314987183
14577,4.604502868652344
14578,5.841003894805908
14579,4.48471851348877
14580,7.507482433319092
14581,1.0095614433288573
14582,3.4421130180358888
14583,4.809556388854981
14584,4.665424633026123
14585,6.985481929779053
14586,5.176973438262939
14587,7.231942939758301
14588,4.252461528778076
14589,5.676675319671631
14590,8.591655921936034
14591,4.457789421081543
14592,4.980282402038574
14593,3.7960289478302003
14594,8.741514015197755
14595,2.0339935064315795
14596,2.720437479019165
14597,7.714737319946289
14598,3.5049639701843263
14599,8.919966125488282
14600,4.620734691619873
14601,5.9409379959106445
14602,6.991242599487305
14603,6.703995990753174
14604,6.162008380889892
14605,6.451284885406494
14606,8.484220695495605
14607,8.242308044433594
14608,5.779598617553711
14609,7.433836841583252
14610,4.528311061859131
14611,8.231242370605468
14612,7.550923442840576
14613,6.370067405700683
14614,4.363607501983642
14615,7.743783187866211
14616,3.8567176818847657
14617,6.181546783447265
14618,6.504836654663086
14619,4.321252822875977
14620,4.826238346099854
14621,5.063055896759034
14622,7.548985862731934
14623,9.452339363098144
14624,6.222409725189209
14625,8.475559425354003
14626,1.9573894739151
14627,7.634909725189209
14628,7.237028789520264
14629,6.299858570098877
14630,5.744187831878662
14631,8.04380292892456
14632,3.435447597503662
14633,4.608714580535889
14634,4.92452039718628
14635,5.592157173156738
14636,5.599443244934082
14637,3.0179684162139893
14638,6.203220558166504
14639,6.491418743133545
14640,5.2092560768127445
14641,5.573458003997803
14642,5.002482986450195
14643,5.656811714172363
14644,7.863434314727783
14645,0.6514697134494781
14646,5.472273254394532
14647,3.6421162128448485
14648,7.572122192382812
14649,1.884448480606079
14650,7.492115116119384
14651,6.183425998687744
14652,6.082615661621094
14653,2.6639885902404785
14654,4.343009281158447
14655,4.764126777648926
14656,6.256484508514404
14657,6.196658515930176
14658,5.417127990722657
14659,8.29902400970459
14660,9.321988487243653
14661,4.576930904388428
14662,3.468784236907959
14663,6.749552536010742
14664,8.727420997619628
14665,7.456847476959228
14666,7.92909517288208
14667,2.7422935485839846
14668,8.390463829040527
14669,7.71030445098877
14670,4.6310748100280765
14671,8.23970890045166
14672,8.689294052124023
14673,6.998907470703125
14674,6.143211746215821
14675,7.017489337921143
14676,4.416809558868408
14677,7.4490703582763675
14678,1.103124737739563
14679,6.802497386932373
14680,6.961369609832763
14681,6.2089437484741214
14682,4.713183116912842
14683,5.272720050811768
14684,3.6408923625946046
14685,6.180154609680176
14686,5.304545497894287
14687,8.314215278625488
14688,9.626234436035157
14689,4.927930164337158
14690,4.6510927200317385
14691,4.2903587341308596
14692,6.081884384155273
14693,5.069370174407959
14694,4.557321453094483
14695,8.424141883850098
14696,4.015274953842163
14697,3.062463903427124
14698,8.615877914428712
14699,4.1632513999938965
14700,4.963933277130127
14701,5.893470096588135
14702,6.906450080871582
14703,3.807975196838379
14704,4.780952072143554
14705,2.1141207695007322
14706,3.140414762496948
14707,2.1590688705444334
14708,6.06449613571167
14709,3.84562349319458
14710,4.6676959037780765
14711,8.165752696990968
14712,5.252392196655274
14713,6.0387907981872555
14714,6.21383228302002
14715,4.89542064666748
14716,7.1986613273620605
14717,4.462642765045166
14718,3.451200580596924
14719,5.855050563812256
14720,7.207276248931885
14721,6.444980812072754
14722,7.931022834777832
14723,4.45908031463623
14724,9.311897087097169
14725,6.0331073760986325
14726,7.88554630279541
14727,8.510988807678222
14728,6.596539306640625
14729,2.893137264251709
14730,4.628202819824219
14731,5.761107444763184
14732,3.2018510341644286
14733,5.128892517089843
14734,3.362813377380371
14735,1.9524537563323974
14736,7.443209266662597
14737,8.059002113342284
14738,4.1497527122497555
14739,6.261336803436279
14740,3.3878287792205812
14741,6.542116355895996
14742,8.26366081237793
14743,0.19178825072012842
14744,5.931371021270752
14745,6.968032550811768
14746,5.3762232780456545
14747,9.276966094970703
14748,7.118488025665283
14749,5.54252290725708
14750,8.582231330871583
14751,4.292746925354004
14752,8.68918285369873
14753,4.704900455474854
14754,6.832880210876465
14755,5.093858242034912
14756,4.884414196014404
14757,5.531398773193359
14758,8.250664520263673
14759,4.6467209815979
14760,7.180398845672608
14761,7.027251148223877
14762,3.3237452507019043
14763,8.034513854980469
14764,7.452715015411377
14765,2.9362998962402345
14766,1.6239957094192505
14767,5.1478582382202145
14768,5.81015625
14769,3.578442668914795
14770,7.365117835998535
14771,3.3287930488586426
14772,5.219396591186523
14773,5.755826950073242
14774,4.824388790130615
14775,6.0691125869750975
14776,9.037196922302247
14777,5.955430698394776
14778,4.470469188690186
14779,7.611429214477539
14780,4.720369434356689
14781,6.67498779296875
14782,7.543326282501221
14783,7.040551471710205
14784,6.2968981742858885
14785,7.5535684585571286
14786,7.854739475250244
14787,6.229193115234375
14788,3.8492871284484864
14789,6.267603397369385
14790,7.208512020111084
14791,7.556551933288574
14792,6.071305561065674
14793,2.2777659416198732
14794,2.315218448638916
14795,8.483578872680663
14796,7.958330059051514
14797,7.678616523742676
14798,5.190805816650391
14799,5.015218734741211
14800,8.392383003234864
14801,3.1676839351654054
14802,1.9560832500457763
14803,8.586347770690917
14804,5.196287822723389
14805,8.294769477844238
14806,7.02747745513916
14807,3.9133937835693358
14808,8.57905559539795
14809,5.807048416137695
14810,7.121938610076905
14811,7.278265190124512
14812,7.361206150054931
14813,2.331609106063843
14814,4.774557209014892
14815,6.4663468360900875
14816,5.134620475769043
14817,1.9076890468597412
14818,4.46458101272583
14819,5.051639366149902
14820,7.907062721252442
14821,4.460578441619873
14822,8.050503921508788
14823,5.478505611419678
14824,5.078944110870362
14825,5.09901876449585
14826,4.2668462753295895
14827,5.712651157379151
14828,5.253672695159912
14829,7.550549697875977
14830,4.764613056182862
14831,7.493559646606445
14832,5.683470916748047
14833,8.131218338012696
14834,3.919451093673706
14835,7.602844333648681
14836,6.034350967407226
14837,6.104496479034424
14838,5.095645332336426
14839,4.501938247680664
14840,4.620152854919434
14841,4.499344158172607
14842,7.642950534820557
14843,6.762554740905761
14844,2.0231059551239015
14845,6.911501026153564
14846,8.38036003112793
14847,5.567669296264649
14848,5.616655349731445
14849,5.688692092895508
14850,6.064087200164795
14851,8.636541938781738
14852,2.2685274124145507
14853,7.078496646881104
14854,8.282349586486816
14855,2.9718053340911865
14856,5.723044204711914
14857,4.281998157501221
14858,4.807510280609131
14859,3.7761431694030763
14860,2.097569131851196
14861,6.7330011367797855
14862,1.2063831567764283
14863,7.649439430236816
14864,6.339894580841064
14865,7.192281341552734
14866,6.9239777565002445
14867,4.152451992034912
14868,6.148096942901612
14869,3.3619476318359376
14870,4.054570293426513
14871,6.8661394119262695
14872,5.488785362243652
14873,6.847618865966797
14874,6.819253158569336
14875,2.3396978855133055
14876,3.927207660675049
14877,5.953086280822754
14878,6.931505012512207
14879,8.82313175201416
14880,2.040899705886841
14881,6.677676582336426
14882,5.391848945617676
14883,7.136234951019287
14884,4.118815612792969
14885,4.803814125061035
14886,6.146281337738037
14887,4.9608259201049805
14888,7.465884876251221
14889,8.11262903213501
14890,2.8112271785736085
14891,6.993776035308838
14892,4.866823196411133
14893,5.412094020843506
14894,4.890130043029785
14895,7.957422828674316
14896,3.3518418312072753
14897,5.446526050567627
14898,4.7212292671203615
14899,4.430469036102295
14900,4.197377014160156
14901,9.7166898727417
14902,7.184777164459229
14903,6.735548210144043
14904,6.770798873901367
14905,5.011999034881592
14906,8.652144432067871
14907,4.678778553009034
14908,6.024799919128418
14909,6.885281276702881
14910,5.218283843994141
14911,7.292111015319824
14912,4.922787857055664
14913,8.716911315917969
14914,5.996308898925781
14915,7.574095439910889
14916,5.351242923736573
14917,6.823707962036133
14918,1.7642037868499756
14919,4.800057029724121
14920,4.9264472961425785
14921,1.2284976243972778
14922,6.246098136901855
14923,6.135764408111572
14924,6.334824085235596
14925,6.778973388671875
14926,3.516075086593628
14927,4.326149654388428
14928,6.504222965240478
14929,7.442922687530517
14930,4.445757961273193
14931,7.384992790222168
14932,5.733535480499268
14933,9.67909870147705
14934,8.451047897338867
14935,4.560841464996338
14936,7.964435291290283
14937,5.785188961029053
14938,4.993839454650879
14939,8.434716987609864
14940,8.248210144042968
14941,7.477193069458008
14942,7.867456150054932
14943,8.449278831481934
14944,2.746137189865112
14945,9.328050994873047
14946,8.149179458618164
14947,5.707864665985108
14948,5.358201026916504
14949,5.232776165008545
14950,9.59540615081787
14951,6.729563236236572
14952,7.15669527053833
14953,5.754356956481933
14954,4.6877178192138675
14955,4.1742369651794435
14956,7.25530252456665
14957,7.756951332092285
14958,7.3910175323486325
14959,5.788400554656983
14960,3.6434014320373533
14961,6.327498912811279
14962,4.99965124130249
14963,6.976973628997802
14964,6.434254455566406
14965,2.650361156463623
14966,5.752850723266602
14967,6.092806148529053
14968,3.731648588180542
14969,8.622062873840331
14970,5.577235126495362
14971,9.675870513916015
14972,7.014713191986084
14973,4.777492809295654
14974,5.82952995300293
14975,9.493160438537597
14976,5.42781925201416
14977,6.183252048492432
14978,5.671196746826172
14979,8.166488456726075
14980,3.6279754638671875
14981,4.185330009460449
14982,6.700023651123047
14983,7.075677490234375
14984,7.13412561416626
14985,5.5633463859558105
14986,4.637720394134521
14987,6.664926052093506
14988,2.0637173414230348
14989,9.349415397644043
14990,4.255172824859619
14991,8.452131843566894
14992,4.413138294219971
14993,5.140506935119629
14994,3.614695644378662
14995,7.853613376617432
14996,9.026207733154298
14997,6.398702621459961
14998,7.423387622833252
14999,5.949197292327881
15000,5.466444301605224
15001,4.722332954406738
15002,7.288500118255615
15003,4.528723812103271
15004,8.955212593078613
15005,7.941810989379883
15006,7.479132175445557
15007,3.432819890975952
15008,6.224708080291748
15009,5.304776859283447
15010,0.0
15011,6.940136432647705
15012,6.166011238098145
15013,5.3293780326843265
15014,8.412975120544434
15015,8.222058486938476
15016,6.375972557067871
15017,2.573621082305908
15018,6.789371204376221
15019,3.43257212638855
15020,3.7312583446502687
15021,8.6282169342041
15022,6.884914684295654
15023,4.3153605461120605
15024,7.697913360595703
15025,6.508729743957519
15026,5.7592510223388675
15027,7.6402383804321286
15028,8.175608444213868
15029,5.267056465148926
15030,8.732702445983886
15031,7.052892971038818
15032,7.379340076446534
15033,4.756915473937989
15034,5.433559322357178
15035,5.2144670486450195
15036,5.81603479385376
15037,4.281747436523437
15038,8.678062057495117
15039,5.457812881469726
15040,7.367986869812012
15041,5.602186965942383
15042,7.479147434234619
15043,8.492364692687989
15044,4.792159080505371
15045,6.88671293258667
15046,4.949565982818603
15047,5.709423923492432
15048,2.9932944774627686
15049,0.5372335493564606
15050,8.579706954956055
15051,4.908888339996338
15052,6.220761775970459
15053,5.515136814117431
15054,9.279528617858887
15055,9.224174499511719
15056,5.980555152893066
15057,5.635208415985107
15058,6.91945161819458
15059,5.599961280822754
15060,7.941927433013916
15061,3.7823220252990724
15062,6.437444114685059
15063,8.496612548828125
15064,5.539860725402832
15065,7.561151313781738
15066,5.811225128173828
15067,8.581943893432618
15068,6.600238037109375
15069,6.612023830413818
15070,7.399196529388428
15071,5.943789863586426
15072,6.867362403869629
15073,7.321212387084961
15074,4.4415514945983885
15075,6.437092304229736
15076,7.850340843200684
15077,7.196010303497315
15078,7.030755710601807
15079,7.883878993988037
15080,5.632503700256348
15081,6.5238526344299315
15082,7.50834379196167
15083,6.2807722091674805
15084,2.2408530712127686
15085,4.050748825073242
15086,5.608999156951905
15087,5.247743034362793
15088,8.006064224243165
15089,6.601530838012695
15090,7.400177001953125
15091,3.265985107421875
15092,6.63072452545166
15093,2.916373443603516
15094,4.009576845169067
15095,5.419851779937744
15096,7.370818138122559
15097,5.977807903289795
15098,6.992370128631592
15099,5.825169372558594
15100,6.4079021453857425
15101,7.273445701599121
15102,8.242794227600097
15103,6.309745788574219
15104,5.014746952056885
15105,2.287819194793701
15106,3.9133821964263915
15107,6.955277633666992
15108,7.573225688934326
15109,4.662828350067139
15110,4.70330057144165
15111,6.475724697113037
15112,3.4220635890960693
15113,5.376405239105225
15114,5.9486008644104
15115,3.8585695743560793
15116,5.083346271514893
15117,6.015662670135498
15118,4.399004173278809
15119,8.521907615661622
15120,7.771075630187989
15121,5.721682739257813
15122,9.106223487854004
15123,4.137146806716919
15124,5.98315019607544
15125,9.459065818786621
15126,8.450382423400878
15127,6.917832660675049
15128,6.8630295753479
15129,8.044919395446778
15130,7.1189474105834964
15131,9.668638229370117
15132,4.990298938751221
15133,4.244302558898926
15134,7.595007991790771
15135,6.433481597900391
15136,5.757208824157715
15137,6.828913688659668
15138,6.434150314331054
15139,4.507026481628418
15140,1.1910977840423584
15141,8.838099670410156
15142,6.37722692489624
15143,4.889253044128418
15144,7.009954166412354
15145,3.4430160522460938
15146,3.466212797164917
15147,7.595320224761963
15148,8.052643394470214
15149,4.419952297210694
15150,4.038097763061524
15151,6.41581163406372
15152,6.737832260131836
15153,3.920627975463867
15154,6.300715160369873
15155,7.830458259582519
15156,5.368722534179687
15157,5.082794952392578
15158,6.528945350646973
15159,6.194159603118896
15160,3.981717920303345
15161,3.3150100708007812
15162,8.450767707824706
15163,2.109843897819519
15164,3.347974967956543
15165,5.245536994934082
15166,4.082216787338257
15167,4.528202056884766
15168,8.282999038696289
15169,4.47611436843872
15170,3.717289400100708
15171,5.5848236083984375
15172,9.068830871582032
15173,5.652704429626465
15174,8.062563228607178
15175,6.623637676239014
15176,4.731468677520752
15177,4.993877410888672
15178,8.581147766113281
15179,3.8512879371643067
15180,8.615368461608886
15181,6.19961986541748
15182,4.523945140838623
15183,8.96147632598877
15184,2.8013789653778076
15185,7.283092212677002
15186,4.253772258758545
15187,5.452231693267822
15188,5.33239860534668
15189,6.207366847991944
15190,7.9764101028442385
15191,9.000202178955078
15192,3.4297747135162355
15193,5.1154521942138675
15194,5.339342975616455
15195,7.404411697387696
15196,2.6621943950653075
15197,7.138192749023437
15198,5.445820903778076
15199,6.571433162689209
15200,9.559954261779785
15201,6.012421035766602
15202,2.6015679359436037
15203,3.8665648460388184
15204,4.968444061279297
15205,5.881897354125977
15206,4.751711082458496
15207,7.593455791473389
15208,2.757580041885376
15209,6.400114059448242
15210,3.9124313831329345
15211,4.469127464294433
15212,7.109786128997802
15213,7.057017421722412
15214,8.46456241607666
15215,7.9854532241821286
15216,4.472046279907227
15217,3.802845335006714
15218,4.563709545135498
15219,3.680371809005737
15220,6.484877300262451
15221,8.535448265075683
15222,6.9144035339355465
15223,5.456595039367675
15224,6.040656280517578
15225,3.546326446533203
15226,4.083246564865112
15227,7.318993663787841
15228,4.84318962097168
15229,9.227342414855958
15230,3.0691346168518066
15231,8.923389053344726
15232,3.6091258049011232
15233,2.4422802448272707
15234,5.7049110412597654
15235,7.055703639984131
15236,7.536426258087158
15237,7.268006324768066
15238,3.963666582107544
15239,6.867866802215576
15240,8.256839179992676
15241,3.129071092605591
15242,3.842264461517334
15243,3.312754440307617
15244,4.918812847137451
15245,7.254392433166504
15246,7.962477397918701
15247,5.327237892150879
15248,5.223878192901611
15249,5.760611915588379
15250,8.80535068511963
15251,8.472332000732422
15252,6.110610103607177
15253,8.872083282470703
15254,6.078207206726074
15255,3.4164692401885985
15256,3.275032377243042
15257,3.173120355606079
15258,5.241490268707276
15259,6.6229248046875
15260,6.441939926147461
15261,5.627707386016846
15262,6.043574810028076
15263,6.122686100006104
15264,6.89830846786499
15265,2.7151177406311033
15266,5.519805812835694
15267,3.0138914585113525
15268,5.705239486694336
15269,7.314576721191406
15270,7.1238607406616214
15271,2.7358993530273437
15272,7.674120807647705
15273,5.699899578094483
15274,2.0341886043548585
15275,9.241858863830567
15276,3.824906349182129
15277,6.659330558776856
15278,6.045970726013183
15279,3.8873269081115724
15280,6.65784387588501
15281,8.36487274169922
15282,8.02063512802124
15283,5.443095016479492
15284,7.143315601348877
15285,6.590621852874756
15286,4.750402355194092
15287,5.315802097320557
15288,7.882565021514893
15289,6.450464344024658
15290,5.339209365844726
15291,3.927031135559082
15292,3.7000640869140624
15293,1.4540664672851562
15294,6.570738697052002
15295,6.551578617095947
15296,5.013503837585449
15297,8.193292617797852
15298,2.364062786102295
15299,6.765485954284668
15300,6.264876174926758
15301,9.607618713378907
15302,5.772231388092041
15303,7.5783154487609865
15304,6.902287769317627
15305,7.644847202301025
15306,6.959029293060302
15307,9.519307708740234
15308,5.738159275054931
15309,3.293676519393921
15310,6.62379674911499
15311,4.819764709472656
15312,7.072196960449219
15313,8.020736408233642
15314,7.1232586860656735
15315,5.062508392333984
15316,7.107944297790527
15317,5.111402320861816
15318,3.913866138458252
15319,5.404289436340332
15320,6.107639980316162
15321,7.304417133331299
15322,4.833078384399414
15323,7.134010887145996
15324,9.195733642578125
15325,1.3717487573623657
15326,7.734399509429932
15327,6.879037189483642
15328,6.274285125732422
15329,8.374778747558594
15330,4.456981563568116
15331,9.113962554931641
15332,4.95726318359375
15333,5.185616302490234
15334,4.576079273223877
15335,6.283860778808593
15336,6.656680011749268
15337,6.462807655334473
15338,5.964237213134766
15339,5.984516048431397
15340,3.2732569694519045
15341,5.39566478729248
15342,4.56313419342041
15343,4.121867704391479
15344,5.339177417755127
15345,5.270288372039795
15346,6.343666744232178
15347,5.061108016967774
15348,5.632913303375244
15349,6.734420585632324
15350,7.239329719543457
15351,6.630581188201904
15352,3.5356159687042235
15353,5.2068681716918945
15354,2.2472553730010985
15355,8.45261344909668
15356,5.054617214202881
15357,6.240201568603515
15358,8.056979751586914
15359,7.35067834854126
15360,6.533074283599854
15361,5.946611022949218
15362,4.806387233734131
15363,1.4158632040023804
15364,5.4324366569519045
15365,6.473596572875977
15366,4.595161247253418
15367,7.9671834945678714
15368,5.203200626373291
15369,5.1094663619995115
15370,2.2949206829071045
15371,4.195326137542724
15372,3.9310986518859865
15373,3.1221222400665285
15374,1.6384245157241821
15375,8.390255737304688
15376,8.048172950744629
15377,5.393440437316895
15378,4.816117763519287
15379,5.643705749511719
15380,8.014917755126953
15381,7.073557376861572
15382,7.419309425354004
15383,3.8477102756500243
15384,3.411238431930542
15385,5.52187328338623
15386,8.786237525939942
15387,0.5676836967468262
15388,6.6235730171203615
15389,9.233828735351562
15390,4.430276012420654
15391,6.261743640899658
15392,2.6898340940475465
15393,4.805956554412842
15394,5.364518642425537
15395,6.602141380310059
15396,5.439897346496582
15397,6.651080131530762
15398,2.4647058963775637
15399,3.0728816032409667
15400,6.358085823059082
15401,3.2970487594604494
15402,6.364090633392334
15403,6.98477783203125
15404,7.870270252227783
15405,9.359607124328614
15406,6.38607816696167
15407,5.852251815795898
15408,4.077381229400634
15409,4.7296854019165036
15410,5.626211166381836
15411,7.604433345794678
15412,6.075623893737793
15413,7.842100048065186
15414,3.2399352550506593
15415,3.704296350479126
15416,5.823053073883057
15417,8.838459587097168
15418,5.580493927001953
15419,6.381474590301513
15420,5.177722644805908
15421,9.728150939941406
15422,2.3629353523254393
15423,3.9425938606262205
15424,8.185251998901368
15425,1.0384099721908568
15426,6.983969020843506
15427,7.532606029510498
15428,7.646417140960693
15429,7.64884386062622
15430,6.07618932723999
15431,3.7934677600860596
15432,6.870961380004883
15433,5.363124752044678
15434,5.647689533233643
15435,3.5925244808197023
15436,5.67989559173584
15437,4.749222087860107
15438,7.5344648361206055
15439,7.518532466888428
15440,4.925265502929688
15441,7.786389636993408
15442,7.075683689117431
15443,7.000855350494385
15444,7.0401918411254885
15445,5.891776084899902
15446,3.704478216171265
15447,5.357216167449951
15448,3.449402189254761
15449,7.949275207519531
15450,4.421193695068359
15451,1.3624333381652831
15452,5.230173873901367
15453,6.034000968933105
15454,4.157088661193848
15455,7.578704833984375
15456,5.920703029632568
15457,9.387330436706543
15458,4.423350048065186
15459,6.682621192932129
15460,5.497691440582275
15461,9.12968406677246
15462,0.8861552119255066
15463,7.3543314933776855
15464,6.211568164825439
15465,8.277775382995605
15466,5.916360855102539
15467,9.072644424438476
15468,5.57499418258667
15469,5.280239582061768
15470,3.9530258178710938
15471,3.6471052169799805
15472,8.553082847595215
15473,6.848749256134033
15474,8.24914608001709
15475,3.995819330215454
15476,6.048590660095215
15477,4.436563110351562
15478,6.631044578552246
15479,4.997403335571289
15480,8.047158336639404
15481,7.706182670593262
15482,6.317505264282227
15483,1.3083446025848389
15484,9.677122879028321
15485,5.829074954986572
15486,6.640433883666992
15487,5.262496566772461
15488,9.285559272766113
15489,8.563889503479004
15490,2.68675537109375
15491,4.357809543609619
15492,4.394047355651855
15493,4.42581844329834
15494,4.266775989532471
15495,5.138009452819825
15496,8.577571296691895
15497,4.288089752197266
15498,4.117176532745361
15499,6.567488670349121
15500,7.376628494262695
15501,5.190163612365723
15502,8.048063278198242
15503,6.930306339263916
15504,7.0337090492248535
15505,5.140475654602051
15506,8.147008323669434
15507,3.7632492542266847
15508,7.526691818237305
15509,4.387811374664307
15510,6.204831981658936
15511,5.501403045654297
15512,3.15667085647583
15513,5.058148193359375
15514,7.137013530731201
15515,8.089185619354248
15516,3.9783321380615235
15517,5.5259123802185055
15518,6.815962791442871
15519,7.811971282958984
15520,2.7285712718963624
15521,3.8437757015228273
15522,4.199052429199218
15523,2.259512758255005
15524,3.9344136238098146
15525,8.23534870147705
15526,4.4286798477172855
15527,6.779743576049805
15528,2.0602079391479493
15529,5.915108108520508
15530,3.4218939304351808
15531,4.796848201751709
15532,2.626347017288208
15533,7.928476047515869
15534,8.45310344696045
15535,6.571626758575439
15536,4.721177005767823
15537,6.1131011009216305
15538,6.270124816894532
15539,5.101177787780761
15540,8.535904693603516
15541,7.177595424652099
15542,5.585819339752197
15543,6.678525638580322
15544,3.567308235168457
15545,4.148400354385376
15546,4.039939069747925
15547,5.166588020324707
15548,7.375474643707276
15549,4.114411449432373
15550,7.506465339660645
15551,8.085309410095215
15552,5.482731056213379
15553,4.3404419898986815
15554,8.077485847473145
15555,5.576731014251709
15556,4.377877330780029
15557,3.788733196258545
15558,1.92637460231781
15559,5.849052619934082
15560,9.577865028381348
15561,8.139695358276366
15562,7.520655155181885
15563,5.887563991546631
15564,7.7083333969116214
15565,5.200877952575683
15566,6.324805831909179
15567,8.971459770202637
15568,5.872904300689697
15569,3.687876844406128
15570,8.74959716796875
15571,5.922972393035889
15572,3.746018123626709
15573,6.532681465148926
15574,6.034958171844482
15575,3.169212245941162
15576,3.2777562141418457
15577,8.800164222717285
15578,6.491861248016358
15579,5.712318229675293
15580,3.2350715160369874
15581,5.105337429046631
15582,3.676029586791992
15583,3.5573493003845216
15584,2.814168405532837
15585,2.1479968070983886
15586,6.860850620269775
15587,4.05113205909729
15588,7.952669143676758
15589,7.010224437713623
15590,7.427930068969727
15591,1.9129549264907837
15592,5.669273090362549
15593,3.5755929946899414
15594,7.643363666534424
15595,7.760233974456787
15596,7.37124080657959
15597,7.898377323150635
15598,8.390271186828613
15599,7.5056788444519045
15600,6.0023932456970215
15601,5.846357250213623
15602,4.757496547698975
15603,7.252930355072022
15604,6.869871616363525
15605,3.758700942993164
15606,7.482681083679199
15607,0.9608727097511292
15608,8.442071723937989
15609,8.370737075805664
15610,5.393223094940185
15611,3.0525136470794676
15612,5.425328254699707
15613,4.891018581390381
15614,4.836885166168213
15615,7.599899864196777
15616,5.7393999099731445
15617,3.730699872970581
15618,5.0840987205505375
15619,4.4912864685058596
15620,5.439188766479492
15621,4.401658535003662
15622,8.137438011169433
15623,2.676735496520996
15624,4.9746785163879395
15625,6.028341293334961
15626,2.3652119636535645
15627,4.82967176437378
15628,8.617419624328614
15629,5.816233062744141
15630,4.5781759262084964
15631,4.287246513366699
15632,2.9036826133728026
15633,2.71651029586792
15634,7.625733280181885
15635,4.484244632720947
15636,4.4664312362670895
15637,1.457506275177002
15638,5.627376842498779
15639,6.442879295349121
15640,6.915923404693603
15641,7.920617008209229
15642,6.4415301322937015
15643,5.743162822723389
15644,6.942651176452637
15645,5.544491767883301
15646,2.930518293380737
15647,4.723928451538086
15648,4.111672019958496
15649,4.911681747436523
15650,8.018204402923583
15651,5.4534204483032225
15652,4.512999820709228
15653,8.094834518432616
15654,2.9507500171661376
15655,7.337830924987793
15656,4.345582580566406
15657,6.269681453704834
15658,4.165116882324218
15659,6.983633613586425
15660,6.275314712524414
15661,8.040483379364014
15662,4.099840354919434
15663,5.384311962127685
15664,8.624522399902343
15665,8.465473747253418
15666,2.634693145751953
15667,6.89481782913208
15668,6.2859721183776855
15669,7.133148288726806
15670,1.9151086807250977
15671,6.3840044975280765
15672,6.362559127807617
15673,6.729024505615234
15674,5.7544934272766115
15675,8.474353981018066
15676,8.559052848815918
15677,4.778876876831054
15678,7.715554237365723
15679,4.991405582427978
15680,6.526530361175537
15681,6.397907161712647
15682,4.199312591552735
15683,8.764850616455078
15684,4.467667770385742
15685,3.1874592781066893
15686,7.943143463134765
15687,1.0857911705970764
15688,9.548428916931153
15689,6.8872322082519535
15690,6.146047973632813
15691,5.749622058868408
15692,7.231830024719239
15693,7.167161560058593
15694,4.857032012939453
15695,4.535227108001709
15696,3.9528778076171873
15697,8.588295173645019
15698,3.558092737197876
15699,6.8909735679626465
15700,4.195049667358399
15701,6.167584037780761
15702,9.489969635009766
15703,6.048808670043945
15704,3.96974401473999
15705,4.292085361480713
15706,4.494138908386231
15707,5.978228950500489
15708,2.021418881416321
15709,6.022970199584961
15710,6.056869888305664
15711,6.525066661834717
15712,5.318337917327881
15713,6.54944076538086
15714,4.46115255355835
15715,2.050058364868164
15716,6.315941238403321
15717,8.6475040435791
15718,4.2685778617858885
15719,5.018502807617187
15720,6.589828872680664
15721,6.377101707458496
15722,7.223414325714112
15723,8.953187561035156
15724,2.8495468616485597
15725,4.998128414154053
15726,6.351933765411377
15727,4.708178234100342
15728,6.3886998176574705
15729,9.860628700256347
15730,6.551673793792725
15731,6.153457260131836
15732,4.422436141967774
15733,5.081936359405518
15734,2.5422705173492433
15735,2.8930927753448485
15736,5.430532169342041
15737,4.947415828704834
15738,4.236579513549804
15739,5.487851238250732
15740,3.2744209289550783
15741,1.3490626096725464
15742,8.311318016052246
15743,4.387234401702881
15744,6.4331862449646
15745,5.378891944885254
15746,2.192130136489868
15747,6.839122009277344
15748,5.012295818328857
15749,6.973324775695801
15750,6.516743469238281
15751,3.5340537548065187
15752,5.872946166992188
15753,8.004772472381593
15754,5.069592571258545
15755,4.6129073143005375
15756,3.625684881210327
15757,4.529089450836182
15758,4.768309497833252
15759,8.253874397277832
15760,4.1371994972229
15761,6.8729016304016115
15762,3.468035936355591
15763,2.7245984077453613
15764,3.7041130542755125
15765,4.706998252868653
15766,5.292654800415039
15767,3.6087287425994874
15768,9.166065979003907
15769,4.853273200988769
15770,5.568440246582031
15771,4.828333377838135
15772,5.235354042053222
15773,8.403721046447753
15774,3.6408143520355223
15775,4.3205334663391115
15776,7.791920280456543
15777,5.824921894073486
15778,6.677886009216309
15779,3.322249937057495
15780,6.557290649414062
15781,8.600796318054199
15782,3.6749763965606688
15783,7.4732873916625975
15784,4.305895709991455
15785,8.55050220489502
15786,4.653337478637695
15787,5.61612024307251
15788,7.084448432922363
15789,8.107205963134765
15790,4.07743124961853
15791,4.96650333404541
15792,4.392285442352295
15793,6.81679048538208
15794,6.3585960388183596
15795,5.482429313659668
15796,5.670484828948974
15797,9.797638130187988
15798,6.921380424499512
15799,6.0470987319946286
15800,6.935523128509521
15801,4.973814201354981
15802,6.7349419593811035
15803,2.812404203414917
15804,7.474378395080566
15805,3.442972993850708
15806,5.219569396972656
15807,7.669646072387695
15808,5.885151290893555
15809,8.379040145874024
15810,1.3985278606414795
15811,2.430294466018677
15812,6.03720874786377
15813,7.857487583160401
15814,4.625153636932373
15815,5.051246929168701
15816,4.739301490783691
15817,6.278856372833252
15818,5.887787342071533
15819,5.068427276611328
15820,8.8734920501709
15821,5.446152400970459
15822,5.524483680725098
15823,5.010461330413818
15824,6.673622131347656
15825,7.4097137451171875
15826,5.6008576393127445
15827,5.4029217720031735
15828,5.219610977172851
15829,7.0819549560546875
15830,5.724691009521484
15831,8.48700180053711
15832,3.560160255432129
15833,5.79481315612793
15834,8.110207843780518
15835,6.374174022674561
15836,6.9531371116638185
15837,5.417368602752686
15838,4.252256107330322
15839,7.081115245819092
15840,7.216225337982178
15841,4.217200183868409
15842,5.720968246459961
15843,3.8348947048187254
15844,6.1832225799560545
15845,6.704297637939453
15846,1.6640307188034058
15847,1.4324493646621703
15848,2.0212082624435426
15849,7.587078094482422
15850,9.634501647949218
15851,4.400337982177734
15852,6.678605842590332
15853,6.432972812652588
15854,6.475184440612793
15855,6.746990585327149
15856,7.798692131042481
15857,8.557268142700195
15858,8.9378173828125
15859,3.264675188064575
15860,4.781914329528808
15861,6.468329811096192
15862,8.424155044555665
15863,8.622859382629395
15864,8.766768646240234
15865,7.246420860290527
15866,7.8969886779785154
15867,7.105209732055664
15868,5.902327919006348
15869,4.704053974151611
15870,3.879154109954834
15871,8.621440887451172
15872,4.5902925491333
15873,4.5750175476074215
15874,1.2017056465148925
15875,7.034638690948486
15876,9.67704792022705
15877,3.0064274787902834
15878,6.264262008666992
15879,6.6720808982849125
15880,7.168589687347412
15881,6.430808162689209
15882,6.787074375152588
15883,7.842787170410157
15884,6.794022750854492
15885,5.474743270874024
15886,5.700259113311768
15887,9.662275505065917
15888,5.1874950408935545
15889,3.6033396244049074
15890,5.932405757904053
15891,5.7014586448669435
15892,7.604291820526123
15893,5.873793888092041
15894,3.798048162460327
15895,9.557319068908692
15896,4.628074264526367
15897,3.5393232822418215
15898,5.872083950042724
15899,8.55449104309082
15900,2.8927501678466796
15901,7.188052749633789
15902,6.417079067230224
15903,7.004433727264404
15904,5.064256858825684
15905,5.260497283935547
15906,9.114760971069336
15907,7.64308443069458
15908,6.099543190002441
15909,9.084679412841798
15910,4.66498327255249
15911,7.5074536323547365
15912,5.591306591033936
15913,3.003999376296997
15914,5.107056045532227
15915,5.684865188598633
15916,8.20377082824707
15917,7.450362205505371
15918,6.727985954284668
15919,7.560794353485107
15920,5.922783374786377
15921,6.592935562133789
15922,6.495347690582276
15923,3.3814430236816406
15924,2.4712868690490724
15925,7.199777221679687
15926,4.525024127960205
15927,6.98906717300415
15928,3.6190864562988283
15929,3.689479351043701
15930,7.151890277862549
15931,8.278644180297851
15932,3.6016671657562256
15933,6.963226699829102
15934,5.562462997436524
15935,5.631919860839844
15936,5.05901346206665
15937,6.1799072265625
15938,5.378482913970947
15939,8.993744277954102
15940,6.155822658538819
15941,7.360001564025879
15942,5.178552055358887
15943,4.510229015350342
15944,3.1435288906097414
15945,8.74258213043213
15946,3.6029333114624023
15947,5.080670928955078
15948,7.449001979827881
15949,5.995147228240967
15950,6.748395156860352
15951,6.0214338302612305
15952,3.9638437271118163
15953,8.819466400146485
15954,7.522074413299561
15955,2.2207182168960573
15956,4.296077919006348
15957,7.688461971282959
15958,4.18876371383667
15959,2.4139485359191895
15960,8.218245506286621
15961,6.496766567230225
15962,6.0501378059387205
15963,5.430197048187256
15964,6.130099678039551
15965,3.6453032970428465
15966,1.8287840127944945
15967,3.384050989151001
15968,6.242247009277344
15969,4.054529285430908
15970,8.402645301818847
15971,5.325732040405273
15972,8.875314140319825
15973,4.64785099029541
15974,9.027889060974122
15975,4.545613193511963
15976,3.38453950881958
15977,8.144031524658203
15978,4.920095634460449
15979,4.805870532989502
15980,6.050255298614502
15981,0.8743700385093689
15982,6.337756538391114
15983,4.101194858551025
15984,8.282187461853027
15985,5.5991209030151365
15986,7.068263244628906
15987,4.718707847595215
15988,8.363141059875488
15989,5.429950809478759
15990,3.5510950088500977
15991,8.601481056213379
15992,5.9717741966247555
15993,5.22063684463501
15994,7.126787281036377
15995,3.642624521255493
15996,7.291002368927002
15997,3.176570701599121
15998,2.8423264980316163
15999,8.247528648376464
16000,5.548603343963623
16001,6.099670028686523
16002,5.155601978302002
16003,5.07971076965332
16004,6.510903358459473
16005,7.879988098144532
16006,5.724649238586426
16007,3.12944655418396
16008,3.6160918712615966
16009,6.093031692504883
16010,7.165433406829834
16011,4.850186347961426
16012,7.181704521179199
16013,8.619403839111328
16014,2.8644593715667725
16015,8.105781745910644
16016,6.570784568786621
16017,8.015777015686036
16018,5.764300441741943
16019,5.852210521697998
16020,4.522482585906983
16021,6.224331855773926
16022,3.508887243270874
16023,5.9648621559143065
16024,1.3975336074829101
16025,6.69899959564209
16026,5.5547162055969235
16027,3.323189449310303
16028,8.675883865356445
16029,6.481970024108887
16030,8.63019256591797
16031,4.05564513206482
16032,9.398637771606445
16033,7.731803226470947
16034,6.799335193634033
16035,5.270477676391602
16036,7.486698818206787
16037,6.025129890441894
16038,5.887436103820801
16039,6.414175415039063
16040,3.861610269546509
16041,5.652597427368164
16042,1.3682003498077393
16043,5.423496150970459
16044,2.9233791828155518
16045,5.527877998352051
16046,6.6707884788513185
16047,7.947633171081543
16048,6.785755157470703
16049,7.690213680267334
16050,3.951433277130127
16051,8.024591636657714
16052,5.623694229125976
16053,7.616509342193604
16054,7.785361003875733
16055,6.603356742858887
16056,9.223371124267578
16057,4.410236263275147
16058,4.804808044433594
16059,5.557882690429688
16060,1.9849615335464477
16061,5.696626472473144
16062,5.944649982452392
16063,5.275070667266846
16064,5.037353229522705
16065,7.164121818542481
16066,6.8883411407470705
16067,6.4011177062988285
16068,4.584430122375489
16069,8.098777198791504
16070,4.522591590881348
16071,5.217911720275879
16072,5.719382095336914
16073,1.672768807411194
16074,7.247753524780274
16075,5.871019554138184
16076,8.56013889312744
16077,5.1129469871521
16078,4.178625583648682
16079,8.772259330749511
16080,4.606283569335938
16081,2.6754715919494627
16082,6.86989803314209
16083,5.135159969329834
16084,7.968377113342285
16085,5.79413070678711
16086,6.559995079040528
16087,7.379536247253418
16088,6.899480533599854
16089,6.9168497085571286
16090,7.9591961860656735
16091,6.152263832092285
16092,5.8364612579345705
16093,2.0381722688674926
16094,3.963230276107788
16095,6.4850303649902346
16096,6.0122654914855955
16097,7.482282066345215
16098,7.524567985534668
16099,6.225530338287354
16100,7.485749435424805
16101,4.641340541839599
16102,6.565831565856934
16103,3.5816783905029297
16104,5.072696876525879
16105,5.82125072479248
16106,4.703273296356201
16107,5.431135654449463
16108,4.717088603973389
16109,6.346452236175537
16110,6.156140422821045
16111,4.7735649108886715
16112,3.647083377838135
16113,5.648244476318359
16114,3.4084094047546385
16115,9.719877433776855
16116,5.2486348152160645
16117,7.535152435302734
16118,5.458639144897461
16119,4.650551128387451
16120,5.204668140411377
16121,3.4926331996917725
16122,8.589720535278321
16123,6.941724395751953
16124,6.420836734771728
16125,5.559904003143311
16126,4.532664108276367
16127,5.742848873138428
16128,7.746921062469482
16129,6.1638360023498535
16130,5.749787902832031
16131,4.446481132507325
16132,6.308009243011474
16133,5.748829078674317
16134,6.8279258728027346
16135,7.813607788085937
16136,9.697521781921386
16137,7.390248394012451
16138,4.448918151855469
16139,5.26260347366333
16140,2.8613995552062987
16141,7.672731399536133
16142,6.805829429626465
16143,7.586077499389648
16144,5.648491096496582
16145,5.745931243896484
16146,8.120959854125976
16147,5.804161834716797
16148,3.786570405960083
16149,6.425467300415039
16150,5.939111518859863
16151,5.378173160552978
16152,3.2772342681884767
16153,5.0713982582092285
16154,6.946681880950928
16155,3.663296365737915
16156,4.531128883361816
16157,6.487421131134033
16158,4.730733871459961
16159,9.360729217529297
16160,8.680678176879884
16161,3.4861645221710207
16162,7.135657691955567
16163,4.6173069953918455
16164,7.869826984405518
16165,2.003282928466797
16166,7.667720127105713
16167,8.213299179077149
16168,6.442585849761963
16169,5.883765411376953
16170,5.188212585449219
16171,7.465639877319336
16172,8.76808433532715
16173,2.8316156387329103
16174,8.87695484161377
16175,4.574914646148682
16176,8.078230476379394
16177,4.238079071044922
16178,7.739634895324707
16179,6.19536771774292
16180,6.906535339355469
16181,5.080364036560058
16182,2.0268531799316407
16183,8.58659782409668
16184,6.137278270721436
16185,2.9464293479919434
16186,4.33733024597168
16187,7.202492904663086
16188,4.227693271636963
16189,5.332887268066406
16190,4.212461519241333
16191,4.564632701873779
16192,8.995556259155274
16193,5.497952842712403
16194,6.702428245544434
16195,9.20757598876953
16196,4.45643892288208
16197,4.410795211791992
16198,7.273415470123291
16199,2.816258764266968
16200,7.4476221084594725
16201,6.4967958450317385
16202,9.160636138916015
16203,7.545178985595703
16204,8.167924118041991
16205,5.2201032638549805
16206,9.360917091369629
16207,4.220062732696533
16208,7.167776012420655
16209,3.578489875793457
16210,6.260821723937989
16211,5.76035623550415
16212,4.201350975036621
16213,4.643965435028076
16214,6.97705078125
16215,7.078007602691651
16216,8.067707443237305
16217,2.197025680541992
16218,5.616265487670899
16219,5.644455528259277
16220,7.198217964172363
16221,7.94594087600708
16222,4.135682678222656
16223,8.830433082580566
16224,5.565159702301026
16225,8.924976539611816
16226,6.630111503601074
16227,3.6634531021118164
16228,8.521262931823731
16229,7.790202236175537
16230,5.30177869796753
16231,6.344620895385742
16232,5.242021560668945
16233,5.679383659362793
16234,5.760404205322265
16235,2.831699752807617
16236,6.505731582641602
16237,7.6115007400512695
16238,2.6958908081054687
16239,6.75131664276123
16240,8.218089485168457
16241,9.446719741821289
16242,4.873506164550781
16243,7.338996410369873
16244,5.244785308837891
16245,7.6566893577575685
16246,5.817551040649414
16247,3.7460372924804686
16248,8.186480903625489
16249,7.758169078826905
16250,7.620178127288819
16251,6.3530374526977536
16252,6.10171422958374
16253,7.071585178375244
16254,3.4805214405059814
16255,9.672319793701172
16256,4.783326148986816
16257,5.16541109085083
16258,2.4976932048797607
16259,5.016431140899658
16260,5.680207824707031
16261,4.657842636108398
16262,6.27410364151001
16263,6.035612678527832
16264,5.3569722175598145
16265,7.4509045600891115
16266,4.0018926620483395
16267,6.98462438583374
16268,6.405019283294678
16269,6.120547676086426
16270,9.274511909484863
16271,4.19938383102417
16272,6.8355100631713865
16273,5.736697769165039
16274,2.4090408802032472
16275,6.286190795898437
16276,7.461371231079101
16277,8.873351669311523
16278,5.198204612731933
16279,7.458141613006592
16280,7.956698799133301
16281,8.742708778381347
16282,2.1655108451843263
16283,7.690036106109619
16284,6.630436420440674
16285,6.373117256164551
16286,6.736900901794433
16287,4.9251784324646
16288,4.883350276947022
16289,3.2401293754577636
16290,6.12506856918335
16291,2.926158618927002
16292,6.544256496429443
16293,7.333983325958252
16294,7.439979553222656
16295,7.0895954132080075
16296,3.37389554977417
16297,4.784200000762939
16298,4.957881736755371
16299,4.5553995132446286
16300,5.647524738311768
16301,5.345746231079102
16302,5.709478855133057
16303,6.950754070281983
16304,5.973309516906738
16305,5.564114379882812
16306,9.193242073059082
16307,4.416353988647461
16308,6.58995885848999
16309,5.553355598449707
16310,5.137771320343018
16311,4.559321880340576
16312,7.242096996307373
16313,4.995790672302246
16314,2.946416664123535
16315,1.3205732822418212
16316,6.125478363037109
16317,4.870730304718018
16318,7.672172164916992
16319,9.735089302062988
16320,7.5677460670471195
16321,5.984392833709717
16322,0.7164837837219238
16323,7.806306838989258
16324,9.46069622039795
16325,7.164143848419189
16326,6.640472793579102
16327,8.304258155822755
16328,4.956590557098389
16329,7.866733264923096
16330,5.79390869140625
16331,5.46624174118042
16332,7.908334064483642
16333,8.175115394592286
16334,6.102586174011231
16335,3.482995843887329
16336,3.0406368255615233
16337,4.562221431732178
16338,6.977240943908692
16339,8.06959285736084
16340,4.242788410186767
16341,6.652047824859619
16342,7.93853063583374
16343,8.150704193115235
16344,7.031238746643067
16345,7.3740945816040036
16346,4.784502792358398
16347,6.8169022560119625
16348,6.029767227172852
16349,4.530838871002198
16350,7.499796772003174
16351,5.113695240020752
16352,5.249444389343262
16353,3.8655540466308596
16354,0.7561856150627136
16355,6.871293449401856
16356,6.482803630828857
16357,8.529297637939454
16358,7.624285697937012
16359,5.34717903137207
16360,3.8465952396392824
16361,5.208675479888916
16362,7.2297508239746096
16363,5.084432315826416
16364,8.542866325378418
16365,7.036248779296875
16366,4.1951775550842285
16367,4.518455123901367
16368,3.960022306442261
16369,6.605179977416992
16370,7.571205997467041
16371,6.788585472106933
16372,1.7734643459320067
16373,7.343373107910156
16374,6.050439643859863
16375,1.9530930757522582
16376,4.51724796295166
16377,4.482692432403565
16378,4.4951554298400875
16379,7.6185907363891605
16380,4.443764305114746
16381,6.700713634490967
16382,4.569307804107666
16383,2.4734775543212892
16384,5.8972487449646
16385,8.324868202209473
16386,3.168507766723633
16387,8.200898933410645
16388,4.926291847229004
16389,2.2644986152648925
16390,6.307512950897217
16391,5.142649745941162
16392,8.318626022338867
16393,2.8805686950683596
16394,4.729323005676269
16395,4.802072525024414
16396,6.845804691314697
16397,6.699274730682373
16398,6.799907207489014
16399,7.72381820678711
16400,8.115805053710938
16401,8.341762161254882
16402,8.471622085571289
16403,5.547313404083252
16404,8.466376304626465
16405,4.0348841667175295
16406,5.722493267059326
16407,2.9259406089782716
16408,0.8881723523139954
16409,3.7527875900268555
16410,3.7503544330596923
16411,2.7424464225769043
16412,6.226778602600097
16413,9.0000244140625
16414,4.405047416687012
16415,4.436090660095215
16416,4.628936290740967
16417,7.183747005462647
16418,6.653525638580322
16419,8.363929939270019
16420,6.689274692535401
16421,7.631460094451905
16422,1.9831056118011474
16423,3.416789102554321
16424,7.311260128021241
16425,6.775310516357422
16426,5.902418708801269
16427,7.23031005859375
16428,5.38228588104248
16429,7.029028129577637
16430,6.428118801116943
16431,4.590465259552002
16432,8.058437252044678
16433,4.722548770904541
16434,6.958996677398682
16435,5.3650134086608885
16436,6.545233917236328
16437,9.129455757141113
16438,7.4057611465454105
16439,5.346936321258545
16440,7.157168769836426
16441,6.37465877532959
16442,7.661046504974365
16443,2.5948527812957765
16444,7.877816009521484
16445,3.5701488971710207
16446,2.7886737823486327
16447,6.060060501098633
16448,6.113748359680176
16449,7.934228610992432
16450,8.006914329528808
16451,4.807724285125732
16452,8.35614070892334
16453,8.936323547363282
16454,5.191330814361573
16455,5.424644660949707
16456,2.3505000114440917
16457,9.876058769226074
16458,1.8306968688964844
16459,7.703611087799072
16460,1.5648250579833984
16461,3.0042676448822023
16462,2.6360469818115235
16463,5.892449188232422
16464,8.975826835632324
16465,3.6640062808990477
16466,8.442655944824219
16467,2.6027272224426268
16468,6.912205600738526
16469,7.712031555175781
16470,6.943346214294434
16471,4.614432334899902
16472,3.2116517543792726
16473,4.665048599243164
16474,7.226139640808105
16475,3.6550021171569824
16476,4.690620040893554
16477,5.899060535430908
16478,4.791005420684814
16479,5.033883094787598
16480,2.8652749061584473
16481,2.9017781257629394
16482,5.063727569580078
16483,3.154640531539917
16484,5.834650230407715
16485,7.069891834259034
16486,7.892003536224365
16487,6.500223636627197
16488,3.303904628753662
16489,7.635480308532715
16490,5.002305316925049
16491,7.746794319152832
16492,9.2451171875
16493,4.545673942565918
16494,7.4530926704406735
16495,3.8416487693786623
16496,6.860889911651611
16497,8.663784599304199
16498,3.802182149887085
16499,8.611399841308593
16500,9.64090690612793
16501,6.099473857879639
16502,9.519829940795898
16503,9.036946296691895
16504,7.264575099945068
16505,2.6617545604705812
16506,6.0325299263000485
16507,5.518499660491943
16508,7.7761280059814455
16509,9.158930206298828
16510,9.548016548156738
16511,5.574871253967285
16512,4.743007946014404
16513,9.145228385925293
16514,6.705778980255127
16515,5.653271484375
16516,8.121222305297852
16517,9.473832511901856
16518,5.375231456756592
16519,4.304755306243896
16520,6.032078552246094
16521,7.373487663269043
16522,5.1854808807373045
16523,3.115585374832153
16524,5.032855796813965
16525,7.537553977966309
16526,6.362224864959717
16527,3.832133102416992
16528,9.171756172180176
16529,5.148604488372802
16530,5.1721855163574215
16531,8.50025806427002
16532,5.321676731109619
16533,4.354135131835937
16534,6.586611366271972
16535,4.403025913238525
16536,5.8847856521606445
16537,7.708645915985107
16538,6.52160415649414
16539,9.043492889404297
16540,5.633337879180909
16541,4.361118030548096
16542,3.4886898040771483
16543,9.03966407775879
16544,5.497466278076172
16545,4.2228553771972654
16546,6.560343265533447
16547,6.944703865051269
16548,6.253063678741455
16549,6.12703275680542
16550,6.437533378601074
16551,4.120687484741211
16552,5.908816814422607
16553,3.781450366973877
16554,7.235757732391358
16555,7.277240467071533
16556,5.556452083587646
16557,4.845954132080078
16558,8.770078468322755
16559,6.569218540191651
16560,9.222915267944336
16561,3.8655973434448243
16562,9.073180389404296
16563,7.302316665649414
16564,1.5089847803115846
16565,6.412814426422119
16566,5.279127788543701
16567,7.836304473876953
16568,4.319335079193115
16569,8.039282417297363
16570,3.6217535018920897
16571,6.262146377563477
16572,7.427147006988525
16573,7.33071928024292
16574,9.083709335327148
16575,4.138590240478516
16576,8.564200019836425
16577,7.45865831375122
16578,7.704138088226318
16579,7.533136940002441
16580,5.6115669250488285
16581,7.151405334472656
16582,6.912600898742676
16583,5.822084999084472
16584,7.183960819244385
16585,2.4630589485168457
16586,6.950219917297363
16587,6.627947044372559
16588,4.909369945526123
16589,8.459678268432617
16590,7.77996187210083
16591,8.14734706878662
16592,8.243450927734376
16593,8.393934631347657
16594,6.907101631164551
16595,6.775535011291504
16596,7.375357532501221
16597,4.5454075813293455
16598,3.3678810596466064
16599,3.2634655952453615
16600,6.361976623535156
16601,8.267724609375
16602,6.0344953536987305
16603,1.6113148212432862
16604,6.608530712127686
16605,2.2085959911346436
16606,6.166018962860107
16607,5.1421998023986815
16608,5.032494258880615
16609,5.484608554840088
16610,9.447014999389648
16611,6.24124116897583
16612,5.131983852386474
16613,5.2729268074035645
16614,3.6346946239471434
16615,7.757543754577637
16616,6.483668422698974
16617,9.574974822998048
16618,6.517376041412353
16619,5.3097662925720215
16620,4.175384998321533
16621,7.002752304077148
16622,6.757065200805664
16623,2.412577772140503
16624,5.291135025024414
16625,7.338572597503662
16626,4.6551100730896
16627,4.014513826370239
16628,8.736889457702636
16629,6.792182159423828
16630,5.74874963760376
16631,5.373059558868408
16632,4.178920936584473
16633,8.2679838180542
16634,8.451083183288574
16635,6.729386615753174
16636,6.050217819213867
16637,5.580998039245605
16638,3.7651272296905516
16639,5.650186061859131
16640,8.177717971801759
16641,5.48383092880249
16642,6.546441268920899
16643,6.045784568786621
16644,4.78150110244751
16645,7.412769031524658
16646,7.678678035736084
16647,7.741832637786866
16648,8.595773506164551
16649,7.675386714935303
16650,8.874788665771485
16651,8.261540412902832
16652,2.2679673194885255
16653,6.720302772521973
16654,7.272284603118896
16655,5.068198013305664
16656,6.346623325347901
16657,4.779902458190918
16658,6.891058158874512
16659,4.00314564704895
16660,6.998253536224365
16661,9.99479923248291
16662,7.649065399169922
16663,7.131887149810791
16664,5.88099775314331
16665,2.102606511116028
16666,6.057470703125
16667,6.403338527679443
16668,6.366472625732422
16669,7.090023326873779
16670,7.8492461204528805
16671,8.644281959533691
16672,2.9869344234466553
16673,6.21177921295166
16674,6.842897987365722
16675,7.796236324310303
16676,9.824527931213378
16677,9.125277900695801
16678,4.763574123382568
16679,5.526166820526123
16680,9.27090835571289
16681,3.622475337982178
16682,6.924179935455323
16683,6.693305110931396
16684,6.025646781921386
16685,8.455102157592773
16686,7.013621997833252
16687,6.388126850128174
16688,4.849192905426025
16689,5.646264457702637
16690,6.410409832000733
16691,6.273107051849365
16692,6.342912673950195
16693,5.1556251525878904
16694,6.697982597351074
16695,7.031151676177979
16696,5.894569015502929
16697,2.8569494247436524
16698,5.258900928497314
16699,6.599569034576416
16700,4.600541973114014
16701,3.624263286590576
16702,6.976574897766113
16703,7.18633394241333
16704,6.2389984130859375
16705,7.103867053985596
16706,6.791002368927002
16707,6.3390528678894045
16708,6.961475467681884
16709,2.7469584465026857
16710,5.724266815185547
16711,7.01966495513916
16712,6.541722393035888
16713,8.732501792907716
16714,7.313887691497802
16715,5.197501373291016
16716,7.498345279693604
16717,7.610297775268554
16718,6.059983539581299
16719,8.590810585021973
16720,4.649190235137939
16721,1.6951355934143066
16722,7.721612071990966
16723,3.1702756881713867
16724,4.759192085266113
16725,4.686131286621094
16726,4.639565563201904
16727,8.086296844482423
16728,2.2304279804229736
16729,6.047890281677246
16730,5.340345573425293
16731,7.415341186523437
16732,8.653530311584472
16733,6.092096042633057
16734,4.983684253692627
16735,2.0137730836868286
16736,7.568691730499268
16737,3.974629354476929
16738,5.489863109588623
16739,8.047397994995118
16740,8.035226917266845
16741,8.270720100402832
16742,7.652061462402344
16743,4.244121360778808
16744,6.972635078430176
16745,7.975910663604736
16746,8.726945114135741
16747,4.377725410461426
16748,6.385460567474365
16749,6.754071998596191
16750,6.018231678009033
16751,6.564982795715332
16752,5.775392341613769
16753,7.373456382751465
16754,7.473813247680664
16755,7.166981887817383
16756,7.198558235168457
16757,5.747513675689698
16758,5.461173057556152
16759,6.583671569824219
16760,3.2437613010406494
16761,6.606658554077148
16762,4.912582588195801
16763,4.407276821136475
16764,2.01356782913208
16765,6.3306292533874515
16766,3.899042844772339
16767,9.205996322631837
16768,4.591840171813965
16769,7.621224689483642
16770,2.7664222240448
16771,8.28871021270752
16772,4.193195915222168
16773,3.5546654224395753
16774,2.4168679237365724
16775,5.703532314300537
16776,6.911232376098633
16777,3.3387153148651123
16778,7.3198810577392575
16779,6.2230428695678714
16780,6.210390663146972
16781,3.99068546295166
16782,8.417972946166993
16783,5.227768230438232
16784,7.621550369262695
16785,6.690696334838867
16786,7.75747594833374
16787,5.003073787689209
16788,5.370255947113037
16789,8.462795448303222
16790,8.358428955078125
16791,7.673247528076172
16792,8.866262817382813
16793,5.833716678619385
16794,3.186675500869751
16795,4.268164825439453
16796,2.3639278411865234
16797,6.252889251708984
16798,5.224996566772461
16799,8.514753150939942
16800,8.817118644714355
16801,3.2453524112701415
16802,5.907705307006836
16803,1.5433088302612306
16804,6.667024707794189
16805,7.0056990623474125
16806,7.27328634262085
16807,7.2532227516174315
16808,3.002422904968262
16809,5.680299091339111
16810,5.875181770324707
16811,7.153855419158935
16812,5.912905502319336
16813,8.413486099243164
16814,7.084595966339111
16815,8.331905364990234
16816,8.348132705688476
16817,4.568209838867188
16818,4.0078435897827145
16819,5.516643142700195
16820,5.093892002105713
16821,5.157804393768311
16822,5.5850982666015625
16823,5.802426147460937
16824,6.136575984954834
16825,7.481784915924072
16826,4.474443531036377
16827,6.778917407989502
16828,5.885169982910156
16829,2.7176210403442385
16830,3.98167142868042
16831,6.2788440704345705
16832,7.173357391357422
16833,6.796711158752442
16834,3.2062031269073485
16835,8.032781600952148
16836,5.816382980346679
16837,4.982302188873291
16838,2.9537911891937254
16839,8.560120391845704
16840,5.361242198944092
16841,2.15875301361084
16842,5.794604682922364
16843,4.780617046356201
16844,7.155306625366211
16845,5.079592895507813
16846,8.017928504943848
16847,7.189162826538086
16848,6.212905693054199
16849,8.417209053039551
16850,5.6675080299377445
16851,4.104488897323608
16852,5.212304878234863
16853,3.7632803916931152
16854,9.510924339294434
16855,7.353159618377686
16856,8.245651245117188
16857,9.907707595825196
16858,4.785354328155518
16859,7.09224910736084
16860,9.538048362731933
16861,8.919574737548828
16862,5.4305215835571286
16863,4.832425117492676
16864,6.3120626449584964
16865,9.526139640808106
16866,2.5995673179626464
16867,8.511414337158204
16868,5.927094554901123
16869,7.134638881683349
16870,6.735760974884033
16871,6.257430744171143
16872,5.662822151184082
16873,8.222161293029785
16874,4.727828025817871
16875,5.41471300125122
16876,1.425807237625122
16877,4.283018684387207
16878,5.981355667114258
16879,4.8415473937988285
16880,6.6222147941589355
16881,7.780321216583252
16882,9.307568168640136
16883,9.267546463012696
16884,6.569615650177002
16885,7.556034851074219
16886,1.9065198183059693
16887,5.432859325408936
16888,1.7146761178970338
16889,6.334422969818116
16890,7.2643743515014645
16891,3.8339285850524902
16892,7.231402397155762
16893,8.783347702026367
16894,4.271999359130859
16895,4.192584419250489
16896,6.837434387207031
16897,6.852827358245849
16898,4.911619186401367
16899,8.980497360229492
16900,6.714768505096435
16901,6.440823650360107
16902,5.244508266448975
16903,8.634987068176269
16904,8.415729141235351
16905,7.5336840629577635
16906,3.4416597843170167
16907,9.406280899047852
16908,7.108472633361816
16909,3.53358850479126
16910,5.853677749633789
16911,6.337255382537842
16912,2.9640362739562987
16913,2.231498384475708
16914,8.83365249633789
16915,8.265589332580566
16916,4.1331969738006595
16917,7.240231037139893
16918,6.663622951507568
16919,4.010751533508301
16920,6.9025108337402346
16921,3.252268838882446
16922,7.661699199676514
16923,6.892278671264648
16924,7.409844017028808
16925,9.298970794677734
16926,4.189516639709472
16927,1.7343801021575929
16928,3.627412033081055
16929,5.781024360656739
16930,6.2124834060668945
16931,2.9232169151306153
16932,4.118241930007935
16933,4.323198509216309
16934,9.143900108337402
16935,2.772736072540283
16936,6.5978094100952145
16937,6.377716827392578
16938,8.027140522003174
16939,3.641189527511597
16940,3.9441569328308104
16941,7.542105197906494
16942,4.932189559936523
16943,5.2622840881347654
16944,6.738648891448975
16945,6.750023460388183
16946,5.403739547729492
16947,3.9662358283996584
16948,5.528559970855713
16949,3.7968636035919188
16950,7.488697624206543
16951,7.0020421028137205
16952,7.689953708648682
16953,5.398092555999756
16954,7.9502569198608395
16955,4.93630542755127
16956,6.577469253540039
16957,4.941352653503418
16958,0.7564225792884827
16959,3.414620113372803
16960,3.853389549255371
16961,7.963331127166748
16962,4.249453163146972
16963,5.94419584274292
16964,8.20083408355713
16965,3.0069464206695558
16966,2.9688318252563475
16967,6.0853630065917965
16968,6.84468641281128
16969,9.945688056945801
16970,3.4529793739318846
16971,7.452659225463867
16972,2.3791358947753904
16973,1.0683369636535645
16974,4.339615058898926
16975,9.390008544921875
16976,8.475290679931641
16977,8.656922531127929
16978,6.861349487304688
16979,5.014606666564942
16980,6.969009971618652
16981,3.2849683284759523
16982,5.514792251586914
16983,6.76063117980957
16984,7.24440450668335
16985,5.078577327728271
16986,7.250463008880615
16987,3.9770984649658203
16988,6.619591903686524
16989,4.110578918457032
16990,5.284495162963867
16991,7.525196170806884
16992,6.9066917419433596
16993,5.128024578094482
16994,7.192722225189209
16995,4.955652141571045
16996,8.745315742492675
16997,3.81532301902771
16998,5.265496253967285
16999,3.770515203475952
17000,7.724888706207276
17001,4.251174354553223
17002,6.729087829589844
17003,8.47147045135498
17004,8.967739868164063
17005,8.78068733215332
17006,4.390821838378907
17007,3.701738786697388
17008,5.236186790466308
17009,5.462927055358887
17010,4.152256870269776
17011,6.419036769866944
17012,6.186877822875976
17013,7.293500518798828
17014,5.38936939239502
17015,3.2379599094390867
17016,7.077974128723144
17017,7.099993419647217
17018,5.537115859985351
17019,7.564887142181396
17020,7.405184650421143
17021,5.116900253295898
17022,6.269452381134033
17023,6.89478178024292
17024,3.636212110519409
17025,5.6160224914550785
17026,5.204997825622558
17027,9.34899024963379
17028,1.194998037815094
17029,4.182391738891601
17030,6.650444793701172
17031,9.115403175354004
17032,3.613294982910156
17033,6.2976583480834964
17034,3.595507574081421
17035,6.792186737060547
17036,9.055222702026366
17037,2.8517080307006837
17038,3.33471999168396
17039,8.601660537719727
17040,6.639256191253662
17041,6.869523906707764
17042,4.25813570022583
17043,5.524300575256348
17044,5.830790615081787
17045,6.806484985351562
17046,5.45876293182373
17047,9.078996467590333
17048,4.666505336761475
17049,10.0
17050,6.810247707366943
17051,8.18136386871338
17052,6.654048442840576
17053,6.630712604522705
17054,3.795651912689209
17055,7.481174755096435
17056,3.6889587879180907
17057,5.373081493377685
17058,6.788308620452881
17059,7.241680335998535
17060,6.047773838043213
17061,5.676698112487793
17062,3.0429134368896484
17063,7.439317035675049
17064,7.0618775367736815
17065,6.841794967651367
17066,4.33274211883545
17067,4.7195182800292965
17068,7.416707515716553
17069,8.392961692810058
17070,6.443932723999024
17071,6.022954845428467
17072,5.442192840576172
17073,6.406673240661621
17074,4.0676319122314455
17075,4.548125171661377
17076,6.149181079864502
17077,8.257206344604493
17078,5.043673419952393
17079,6.311786651611328
17080,4.051740455627441
17081,6.223333072662354
17082,8.393431854248046
17083,5.101078891754151
17084,7.952311038970947
17085,3.9155598640441895
17086,0.965619695186615
17087,2.408345937728882
17088,6.832913970947265
17089,7.792331314086914
17090,6.7051623344421385
17091,8.135204696655274
17092,6.523312759399414
17093,8.476789665222167
17094,2.0473225116729736
17095,4.836213111877441
17096,1.4936592340469361
17097,2.967527151107788
17098,6.135243225097656
17099,2.130448651313782
17100,7.960077285766602
17101,6.357869625091553
17102,7.719627475738525
17103,4.540625476837159
17104,6.802665901184082
17105,7.554781341552735
17106,5.7645515441894535
17107,1.7152760028839111
17108,4.007093667984009
17109,8.52148151397705
17110,5.726937294006348
17111,4.876235771179199
17112,4.694205379486084
17113,6.753667831420898
17114,7.053698635101318
17115,6.629924774169922
17116,4.804633140563965
17117,4.51698579788208
17118,8.326176071166993
17119,3.5651856422424317
17120,5.34722318649292
17121,5.57134370803833
17122,8.497425651550293
17123,5.110857391357422
17124,7.518262767791748
17125,5.51494140625
17126,5.176763439178467
17127,5.710966777801514
17128,7.83148193359375
17129,1.5598215341567994
17130,9.380439949035644
17131,8.580040168762206
17132,5.543926239013672
17133,5.836183357238769
17134,5.083846855163574
17135,6.426308441162109
17136,3.7375932216644285
17137,7.923737525939941
17138,6.523435115814209
17139,9.858103370666504
17140,4.710828590393066
17141,5.970800876617432
17142,4.296810340881348
17143,4.574061870574951
17144,5.156055355072022
17145,2.6491440296173097
17146,2.8224127292633057
17147,7.618712902069092
17148,4.186043548583984
17149,6.4503357887268065
17150,1.5641370058059691
17151,6.078691196441651
17152,2.8773969650268554
17153,4.251459360122681
17154,3.531688594818115
17155,3.3030848503112793
17156,4.234996128082275
17157,7.384642887115478
17158,7.328036117553711
17159,8.152054119110108
17160,4.396287822723389
17161,6.685025691986084
17162,5.986906337738037
17163,8.075678253173828
17164,8.455584526062012
17165,6.045624256134033
17166,8.919735527038574
17167,6.290050792694092
17168,6.869296646118164
17169,6.102642250061035
17170,6.8319220542907715
17171,5.155520248413086
17172,7.061966896057129
17173,8.146741008758545
17174,4.589831066131592
17175,6.934275436401367
17176,6.345426464080811
17177,9.438946342468261
17178,6.166873931884766
17179,5.363127517700195
17180,8.09837074279785
17181,7.260074329376221
17182,3.958518218994141
17183,6.74300537109375
17184,2.8757466793060305
17185,8.47381420135498
17186,5.172108554840088
17187,3.518380641937256
17188,6.432456684112549
17189,2.9543241024017335
17190,4.55880298614502
17191,6.403791332244873
17192,4.078845596313476
17193,7.943851184844971
17194,2.764472150802612
17195,4.204883146286011
17196,8.798575973510742
17197,7.443170738220215
17198,7.773907566070557
17199,6.933795738220215
17200,4.850928020477295
17201,6.037613201141357
17202,6.706181144714355
17203,4.576020908355713
17204,7.169592189788818
17205,5.788661289215088
17206,3.6227503299713133
17207,4.039777374267578
17208,8.034411716461182
17209,8.507862663269043
17210,7.2770459175109865
17211,7.830623435974121
17212,3.351951742172241
17213,6.986839866638183
17214,9.244333648681641
17215,5.862654209136963
17216,9.911105728149414
17217,5.2997846603393555
17218,7.1859465599060055
17219,8.304863739013673
17220,3.2300658226013184
17221,6.127440166473389
17222,2.0717413902282713
17223,7.387385845184326
17224,5.722968006134034
17225,2.3336299896240233
17226,7.301877784729004
17227,5.705615520477295
17228,8.04864730834961
17229,5.593462562561035
17230,5.158694171905518
17231,3.742086887359619
17232,4.978323936462402
17233,4.849458312988281
17234,8.593342399597168
17235,8.6680326461792
17236,5.382285022735596
17237,7.4713726997375485
17238,4.15703010559082
17239,4.047338581085205
17240,3.822340393066406
17241,5.409267997741699
17242,4.233229351043701
17243,1.9645514249801637
17244,7.614157867431641
17245,5.821086311340332
17246,3.8406182765960692
17247,8.987347412109376
17248,4.522931861877441
17249,5.525000476837159
17250,3.982901430130005
17251,6.2105457305908205
17252,7.278501319885254
17253,8.611721611022949
17254,3.4494556427001952
17255,4.582958984375
17256,3.6163185119628904
17257,7.652306461334229
17258,8.36030445098877
17259,6.8040361404418945
17260,2.1742947101593018
17261,8.415323638916016
17262,3.1464921951293947
17263,6.797952938079834
17264,4.855526733398437
17265,7.4604363441467285
17266,5.5771379470825195
17267,8.345169830322266
17268,2.8767640590667725
17269,4.774953746795655
17270,6.824710941314697
17271,1.7888504266738892
17272,7.087911605834961
17273,3.7763099193573
17274,8.333107185363769
17275,6.940271663665771
17276,2.856467914581299
17277,4.343123054504394
17278,4.564899730682373
17279,8.940557479858398
17280,6.120245265960693
17281,5.662999534606934
17282,7.394876766204834
17283,7.0078226089477536
17284,3.4253096103668215
17285,6.427047348022461
17286,7.388075733184815
17287,8.268732452392578
17288,1.560566782951355
17289,4.795468044281006
17290,5.428732395172119
17291,4.469234466552734
17292,8.580240631103516
17293,3.965598773956299
17294,5.391241836547851
17295,3.0674514770507812
17296,6.787694835662842
17297,5.030607986450195
17298,6.8670001983642575
17299,6.194676494598388
17300,5.461089611053467
17301,3.915001153945923
17302,8.665438079833985
17303,6.478854179382324
17304,5.29864912033081
17305,5.806246757507324
17306,3.3719155311584474
17307,7.623940277099609
17308,7.574361324310303
17309,2.2094594955444338
17310,5.68743896484375
17311,7.0906493186950685
17312,5.942519760131836
17313,7.833776569366455
17314,8.321175956726075
17315,7.530545902252197
17316,9.089884948730468
17317,6.899307441711426
17318,8.107962799072265
17319,3.023744010925293
17320,7.179080390930176
17321,4.817407321929932
17322,4.043166780471802
17323,7.8776873588562015
17324,4.850660419464111
17325,6.30388822555542
17326,6.585246562957764
17327,6.015827751159668
17328,4.735504913330078
17329,6.512696075439453
17330,4.981993293762207
17331,7.821207046508789
17332,5.888005065917969
17333,8.633306503295898
17334,4.84031572341919
17335,7.205006694793701
17336,4.565272998809815
17337,3.501037836074829
17338,9.09864616394043
17339,2.379127931594849
17340,7.143399810791015
17341,5.4598160743713375
17342,3.6115506172180174
17343,5.79838285446167
17344,5.383279609680176
17345,8.554060554504394
17346,4.072468042373657
17347,6.3081028938293455
17348,3.311318588256836
17349,4.3056329727172855
17350,6.428726005554199
17351,6.898292160034179
17352,6.133470439910889
17353,5.971429538726807
17354,6.851678657531738
17355,5.743445682525635
17356,6.972983646392822
17357,4.273821544647217
17358,6.41640682220459
17359,2.5242036819458007
17360,2.3395642757415773
17361,5.545131397247315
17362,8.62911491394043
17363,5.482918834686279
17364,7.61384916305542
17365,4.863729476928711
17366,6.861528110504151
17367,8.408699226379394
17368,8.581061553955077
17369,5.184983634948731
17370,5.442371654510498
17371,8.155090236663819
17372,7.17785120010376
17373,7.324066638946533
17374,4.361423206329346
17375,6.197384166717529
17376,8.092757987976075
17377,8.291382217407227
17378,7.510505104064942
17379,5.618235874176025
17380,8.508583068847656
17381,3.9637074947357176
17382,7.032478141784668
17383,3.9646113872528077
17384,8.067858982086182
17385,6.550040340423584
17386,8.735689735412597
17387,8.846572494506836
17388,7.72459306716919
17389,7.659455680847168
17390,3.107972240447998
17391,4.0340962409973145
17392,5.484454536437989
17393,5.316494369506836
17394,7.557391548156739
17395,5.416062259674073
17396,6.938768005371093
17397,7.265611839294434
17398,3.6165263652801514
17399,7.358918762207031
17400,6.3073724746704105
17401,1.5439719200134276
17402,4.171219682693481
17403,7.241530704498291
17404,6.14277753829956
17405,4.352390003204346
17406,4.138102197647095
17407,4.359159278869629
17408,6.332884216308594
17409,4.836569595336914
17410,8.677050399780274
17411,5.439698696136475
17412,2.3902156829833983
17413,3.5997721195220946
17414,5.5564652442932125
17415,5.884678077697754
17416,7.02585391998291
17417,5.760210132598877
17418,4.761192035675049
17419,6.367260265350342
17420,5.240547466278076
17421,7.451948451995849
17422,5.946404647827149
17423,6.604541015625
17424,5.492858409881592
17425,6.755304336547852
17426,7.73221263885498
17427,4.64940767288208
17428,6.785080242156982
17429,6.162963104248047
17430,8.1055118560791
17431,4.031930780410766
17432,6.614005756378174
17433,7.792086124420166
17434,4.813636589050293
17435,5.0963160514831545
17436,6.914070320129395
17437,5.594746780395508
17438,6.852077865600586
17439,7.228019428253174
17440,6.376504039764404
17441,3.5989490509033204
17442,7.7238356590271
17443,4.877961921691894
17444,9.224799728393554
17445,5.447051334381103
17446,6.476492595672608
17447,5.436373901367188
17448,5.743269634246826
17449,4.160914421081543
17450,8.795988273620605
17451,7.88807373046875
17452,8.695075607299804
17453,6.340264797210693
17454,6.840734004974365
17455,3.420707082748413
17456,1.9097080945968627
17457,8.15850830078125
17458,5.383244514465332
17459,4.455434417724609
17460,7.157491683959961
17461,3.9230907917022706
17462,5.538361263275147
17463,7.403426170349121
17464,1.3094810962677002
17465,9.471967315673828
17466,3.361720085144043
17467,5.728770446777344
17468,6.636426639556885
17469,3.572723865509033
17470,4.270162200927734
17471,9.777447319030761
17472,7.911563301086426
17473,4.274214744567871
17474,3.90817813873291
17475,6.594066905975342
17476,6.930836009979248
17477,8.49592113494873
17478,7.236300754547119
17479,6.812468147277832
17480,4.529957962036133
17481,4.713812255859375
17482,1.8740432739257813
17483,5.399443912506103
17484,5.9151153564453125
17485,4.927241325378418
17486,5.188813400268555
17487,8.936994743347167
17488,6.548647117614746
17489,5.548814296722412
17490,3.706438970565796
17491,6.841156387329102
17492,5.939423084259033
17493,8.01024408340454
17494,6.26091833114624
17495,2.537511920928955
17496,8.351101875305176
17497,2.6881487369537354
17498,6.807977962493896
17499,8.542988586425782
17500,7.641449069976806
17501,3.2288608074188234
17502,5.912282657623291
17503,7.205129146575928
17504,2.8093249797821045
17505,2.6764037132263185
17506,7.531990242004395
17507,6.080098247528076
17508,7.626604843139648
17509,3.909411334991455
17510,5.591779804229736
17511,6.711826133728027
17512,3.324872636795044
17513,4.776872253417968
17514,2.050315761566162
17515,6.50217571258545
17516,5.563328647613526
17517,9.381766510009765
17518,2.2359076023101805
17519,5.693758201599121
17520,7.487774085998535
17521,3.883181428909302
17522,4.966125202178955
17523,7.583310127258301
17524,8.996156883239745
17525,5.073820304870606
17526,8.890208435058593
17527,5.137722969055176
17528,4.53988094329834
17529,5.029510593414306
17530,2.4055110454559325
17531,3.834979295730591
17532,6.5496094703674315
17533,8.005016136169434
17534,3.078852128982544
17535,8.41248664855957
17536,3.6866958141326904
17537,5.359586715698242
17538,6.588060760498047
17539,1.339322829246521
17540,7.497428894042969
17541,9.339761924743652
17542,4.717693233489991
17543,6.590853118896485
17544,5.209567260742188
17545,3.626048135757446
17546,1.6107532978057861
17547,7.492117691040039
17548,5.008680820465088
17549,6.517573070526123
17550,7.979938316345215
17551,6.030554866790771
17552,8.514023971557616
17553,6.486034107208252
17554,3.706692028045654
17555,7.297997951507568
17556,4.509772777557373
17557,6.297841358184814
17558,2.726930093765259
17559,5.6412537574768065
17560,6.230001163482666
17561,7.718227577209473
17562,8.501575469970703
17563,8.657501029968262
17564,5.914307022094727
17565,3.2908506393432617
17566,6.285717105865478
17567,6.430979251861572
17568,7.507152938842774
17569,6.614341831207275
17570,7.740705585479736
17571,8.209714698791505
17572,5.527974796295166
17573,2.5681693077087404
17574,5.446125793457031
17575,5.572536945343018
17576,4.977475547790528
17577,5.962839221954345
17578,5.52671070098877
17579,7.518314456939697
17580,8.259362030029298
17581,2.126563310623169
17582,6.777558517456055
17583,6.495891761779785
17584,5.711389541625977
17585,9.124034690856934
17586,5.7691725730896
17587,4.15329647064209
17588,5.544519233703613
17589,4.902022171020508
17590,4.3496959686279295
17591,5.731863689422608
17592,4.536594200134277
17593,6.4338888168334964
17594,7.735041522979737
17595,7.665654945373535
17596,9.94692268371582
17597,5.131586647033691
17598,6.843954849243164
17599,3.795005941390991
17600,9.39380054473877
17601,9.302025413513183
17602,4.999758338928222
17603,7.308725166320801
17604,3.002343988418579
17605,3.6827532768249513
17606,8.376316261291503
17607,4.88204517364502
17608,7.050976181030274
17609,5.957415294647217
17610,3.8396073818206786
17611,2.014477515220642
17612,7.341899967193603
17613,3.7837174415588377
17614,8.544768524169921
17615,7.741298389434815
17616,7.74517412185669
17617,6.815536880493164
17618,6.660728931427002
17619,6.403990173339844
17620,8.711173820495606
17621,6.216185188293457
17622,4.37758731842041
17623,7.80124864578247
17624,6.946605682373047
17625,3.914105701446533
17626,5.126662731170654
17627,6.649263381958008
17628,3.488796854019165
17629,4.835829639434815
17630,7.349037837982178
17631,4.99677267074585
17632,5.94105281829834
17633,6.092299842834473
17634,3.8113717079162597
17635,6.229600048065185
17636,7.1984789848327635
17637,3.3422664642333983
17638,6.124585819244385
17639,6.519717597961426
17640,8.427133750915527
17641,8.09859676361084
17642,4.668588638305664
17643,6.045377349853515
17644,7.849311065673828
17645,5.617451000213623
17646,6.923329067230225
17647,5.969316291809082
17648,5.725604057312012
17649,4.235457897186279
17650,5.851674556732178
17651,6.913987541198731
17652,6.3270234107971195
17653,4.87926549911499
17654,1.6061596155166626
17655,8.072953033447266
17656,4.216652965545654
17657,6.3754932403564455
17658,3.7075857162475585
17659,5.43122034072876
17660,5.716569995880127
17661,3.056414318084717
17662,1.99034526348114
17663,7.165965843200683
17664,6.5976968765258786
17665,9.785269737243652
17666,4.502962112426758
17667,5.982037830352783
17668,9.009487342834472
17669,7.853900623321533
17670,2.560538673400879
17671,6.072588729858398
17672,7.178792667388916
17673,9.0526762008667
17674,2.5982377529144287
17675,2.9745531558990477
17676,2.7737043380737303
17677,7.391809177398682
17678,4.986446475982666
17679,4.756740379333496
17680,8.730065155029298
17681,5.176845836639404
17682,7.019031047821045
17683,5.473840999603271
17684,7.907831001281738
17685,3.937201452255249
17686,5.938154029846191
17687,6.451363849639892
17688,4.070140600204468
17689,5.891909122467041
17690,9.538478469848632
17691,6.339671039581299
17692,5.99643087387085
17693,7.099654197692871
17694,5.020568466186523
17695,5.388245010375977
17696,7.778728771209717
17697,7.876108074188233
17698,8.100451374053955
17699,2.0476913690567016
17700,6.852206039428711
17701,6.73635311126709
17702,7.3670295715332035
17703,8.281376457214355
17704,4.0988586902618405
17705,7.002337837219239
17706,5.2171073913574215
17707,4.157436275482178
17708,4.3727803230285645
17709,9.01262092590332
17710,3.59274845123291
17711,7.78447904586792
17712,7.397802925109863
17713,4.050743579864502
17714,6.5949201583862305
17715,8.717262840270996
17716,6.197689628601074
17717,4.28814172744751
17718,5.645470809936524
17719,4.961768913269043
17720,6.620920276641845
17721,6.30419807434082
17722,6.548868083953858
17723,6.011548900604248
17724,9.188735580444336
17725,6.157324695587159
17726,6.028563404083252
17727,8.052383708953858
17728,1.6713426113128662
17729,3.5994686603546144
17730,8.622290992736817
17731,9.851164054870605
17732,6.691989612579346
17733,7.4286457061767575
17734,7.909561729431152
17735,8.101338005065918
17736,4.437997055053711
17737,8.880769157409668
17738,5.196647071838379
17739,3.9882553100585936
17740,8.013833808898926
17741,7.07777099609375
17742,9.295977210998535
17743,6.171536159515381
17744,7.464507675170898
17745,8.647074890136718
17746,8.563919639587402
17747,4.466275310516357
17748,8.12261142730713
17749,6.190974140167237
17750,4.6142433166503904
17751,4.436062526702881
17752,5.672368431091309
17753,7.238014793395996
17754,9.764647293090821
17755,5.009399890899658
17756,4.49200668334961
17757,5.783587074279785
17758,4.693324851989746
17759,0.060029516369104384
17760,6.541727352142334
17761,6.090916538238526
17762,6.896338844299317
17763,8.76675968170166
17764,7.184290790557862
17765,3.5036747455596924
17766,6.873428726196289
17767,4.950884532928467
17768,7.284860134124756
17769,7.027369594573974
17770,7.446288394927978
17771,2.8287098884582518
17772,6.072548580169678
17773,8.166092205047608
17774,7.917893791198731
17775,6.005240345001221
17776,5.932644367218018
17777,5.161974620819092
17778,9.330496978759765
17779,9.21098690032959
17780,5.193510341644287
17781,4.840579032897949
17782,4.629443168640137
17783,3.8929207801818846
17784,3.4679308414459227
17785,9.693622398376466
17786,8.298504447937011
17787,6.175040054321289
17788,7.718554592132568
17789,5.721932411193848
17790,8.293129348754883
17791,5.439926624298096
17792,4.183143997192383
17793,6.319890022277832
17794,5.379464149475098
17795,4.610573482513428
17796,3.878428602218628
17797,7.3525982856750485
17798,5.782776737213135
17799,6.272370433807373
17800,5.30389986038208
17801,6.140128326416016
17802,8.237872314453124
17803,5.77420654296875
17804,1.8919630527496338
17805,7.116004848480225
17806,7.309004497528076
17807,7.128024101257324
17808,5.733251953125
17809,7.314372730255127
17810,4.92676477432251
17811,3.7996018409729
17812,5.348676109313965
17813,7.289055061340332
17814,5.520020961761475
17815,2.4713548898696898
17816,6.3355710983276365
17817,5.3644712448120115
17818,5.509535694122315
17819,7.360740756988525
17820,6.865355205535889
17821,4.047896909713745
17822,7.3668254852294925
17823,8.489812850952148
17824,5.671503257751465
17825,3.572445821762085
17826,6.710898780822754
17827,4.841064929962158
17828,4.679869174957275
17829,6.220714473724366
17830,3.4075418949127196
17831,4.311524295806885
17832,8.02680253982544
17833,7.434757709503174
17834,6.109945392608642
17835,5.9786371231079105
17836,6.650412654876709
17837,6.917802429199218
17838,5.122334575653076
17839,6.446224403381348
17840,8.285003852844238
17841,3.9940226078033447
17842,5.378515911102295
17843,7.312494945526123
17844,6.323746967315674
17845,7.853019523620605
17846,4.2471747398376465
17847,5.280448627471924
17848,1.4904510498046875
17849,6.229726028442383
17850,5.322055912017822
17851,5.16835470199585
17852,5.127172946929932
17853,3.2391765117645264
17854,3.6636241912841796
17855,8.917137718200683
17856,6.553783321380616
17857,8.38586883544922
17858,6.0475239753723145
17859,8.637210083007812
17860,6.951179790496826
17861,4.482310104370117
17862,3.3273017406463623
17863,6.857652950286865
17864,4.889480018615723
17865,6.700262832641601
17866,5.734842109680176
17867,8.505305862426757
17868,9.028736877441407
17869,4.943348503112793
17870,7.296569919586181
17871,7.546316814422608
17872,8.475839805603027
17873,4.037054586410522
17874,9.43463363647461
17875,4.764265823364258
17876,7.512190151214599
17877,7.964679145812989
17878,6.372746562957763
17879,5.434851932525635
17880,6.511463832855225
17881,5.513731956481934
17882,8.121896934509277
17883,5.961515235900879
17884,1.4649467468261719
17885,2.5081858158111574
17886,6.140303134918213
17887,1.8787506580352784
17888,2.524177360534668
17889,8.025297832489013
17890,8.951797485351562
17891,7.0880051612854
17892,2.8418369770050047
17893,7.207154750823975
17894,5.158176517486572
17895,5.422932243347168
17896,4.416691589355469
17897,3.2986093521118165
17898,5.969898700714111
17899,5.134800624847412
17900,5.804920864105225
17901,6.019957828521728
17902,7.933535194396972
17903,5.718840503692627
17904,4.564520072937012
17905,6.458532619476318
17906,5.767111873626709
17907,8.750973892211913
17908,4.7260538101196286
17909,7.6111376762390135
17910,7.5543060302734375
17911,5.371931552886963
17912,6.930039024353027
17913,7.757423305511475
17914,6.709672164916992
17915,6.203659629821777
17916,5.576094341278076
17917,7.632728576660156
17918,4.965915203094482
17919,3.711745500564575
17920,6.945345306396485
17921,3.816546630859375
17922,9.024978256225586
17923,6.569726943969727
17924,2.492798900604248
17925,4.487620735168457
17926,4.953334331512451
17927,4.230374050140381
17928,8.635761833190918
17929,8.807326126098634
17930,5.7513774871826175
17931,3.907621431350708
17932,1.3681861639022828
17933,7.072554874420166
17934,6.358692169189453
17935,6.578964424133301
17936,6.822102832794189
17937,6.378277587890625
17938,4.642312622070312
17939,9.363668251037598
17940,8.711753654479981
17941,4.855209255218506
17942,5.143611145019531
17943,7.013777732849121
17944,5.370459461212159
17945,8.97051181793213
17946,6.507673835754394
17947,9.168148612976074
17948,2.5321627616882325
17949,4.081307649612427
17950,5.685893154144287
17951,7.7747455596923825
17952,7.016058444976807
17953,8.570659065246582
17954,3.9185572624206544
17955,9.643995666503907
17956,9.363346481323243
17957,7.657838344573975
17958,7.452808856964111
17959,6.926859760284424
17960,4.119940757751465
17961,5.936748790740967
17962,6.251068210601806
17963,6.309463691711426
17964,4.92811689376831
17965,7.841768074035644
17966,9.037640953063965
17967,6.326004695892334
17968,7.624075031280517
17969,5.868877792358399
17970,7.09735336303711
17971,3.8935149192810057
17972,7.628567695617676
17973,5.295893669128418
17974,8.063524341583252
17975,6.61966381072998
17976,7.728346157073974
17977,3.3725534439086915
17978,4.151001071929931
17979,5.219213390350342
17980,6.289604568481446
17981,4.484531497955322
17982,7.043916130065918
17983,5.648141002655029
17984,4.048017597198486
17985,9.48584156036377
17986,8.737393951416015
17987,7.954264736175537
17988,6.069917106628418
17989,5.907826900482178
17990,4.799629020690918
17991,6.010476684570312
17992,8.533671760559082
17993,5.417702770233154
17994,4.4061225891113285
17995,1.881878423690796
17996,6.51807975769043
17997,6.972634315490723
17998,4.946548652648926
17999,4.951520156860352
18000,3.902127170562744
18001,4.580629444122314
18002,5.308515548706055
18003,7.0211175918579105
18004,4.700600433349609
18005,3.916579580307007
18006,5.0502028465271
18007,4.06506986618042
18008,7.624963188171387
18009,1.7840026140213012
18010,5.908132457733155
18011,6.864065456390381
18012,4.146397304534912
18013,9.349470520019532
18014,5.370907402038574
18015,8.974159622192383
18016,8.77940731048584
18017,6.769343376159668
18018,7.603620147705078
18019,5.802703189849853
18020,7.509131908416748
18021,8.183428001403808
18022,5.468871593475342
18023,2.9942091941833495
18024,4.090050458908081
18025,9.047672462463378
18026,5.491934776306152
18027,5.088480854034424
18028,5.1519111633300785
18029,8.832984924316406
18030,7.548328971862793
18031,7.334692096710205
18032,8.008470630645752
18033,7.993323421478271
18034,4.660304069519043
18035,6.540318965911865
18036,4.686723804473877
18037,7.713369846343994
18038,6.864021587371826
18039,7.323336887359619
18040,7.134705829620361
18041,2.2109776020050047
18042,5.941875839233399
18043,6.749793338775635
18044,4.287861728668213
18045,6.576050853729248
18046,3.9264080047607424
18047,3.672690725326538
18048,5.443152046203613
18049,6.977475357055664
18050,8.92386589050293
18051,5.592142772674561
18052,4.906157493591309
18053,8.211808776855468
18054,5.713138103485107
18055,6.062156867980957
18056,5.898619174957275
18057,7.182194519042969
18058,6.537841129302978
18059,5.3544761657714846
18060,5.373324966430664
18061,7.565514087677002
18062,7.435176372528076
18063,2.420491886138916
18064,6.212604713439942
18065,7.5968633651733395
18066,4.945529651641846
18067,9.282530593872071
18068,7.133908462524414
18069,7.160773181915284
18070,5.641609954833984
18071,7.151560497283936
18072,8.174328994750976
18073,6.538930511474609
18074,4.345487022399903
18075,5.191072177886963
18076,7.102201461791992
18077,7.008487319946289
18078,6.03065185546875
18079,8.942895698547364
18080,2.1071820735931395
18081,8.453064155578613
18082,9.027310180664063
18083,7.499558544158935
18084,7.389332389831543
18085,0.5905278265476227
18086,5.6110199928283695
18087,5.075388813018799
18088,5.694369125366211
18089,6.884113407135009
18090,7.19966688156128
18091,5.970900249481201
18092,3.1558664321899412
18093,8.40209789276123
18094,6.092544269561768
18095,7.899626350402832
18096,6.039576435089112
18097,7.486797142028808
18098,4.779049491882324
18099,5.887695980072022
18100,7.061109256744385
18101,4.177831649780273
18102,8.71865634918213
18103,4.449741458892822
18104,2.9117876052856446
18105,6.33980541229248
18106,5.650642776489258
18107,3.8313920974731444
18108,7.339646911621093
18109,5.019776153564453
18110,6.7649751663208
18111,4.953742027282715
18112,9.116303443908691
18113,8.780252265930176
18114,6.6607695579528805
18115,2.978329229354858
18116,3.017026948928833
18117,4.563637733459473
18118,7.321134757995606
18119,5.145797443389893
18120,3.1821670055389406
18121,5.110418891906738
18122,5.148743534088135
18123,3.937110710144043
18124,5.060188579559326
18125,9.169145011901856
18126,2.711562967300415
18127,3.6531200408935547
18128,7.218833065032959
18129,1.5193289279937745
18130,2.3884765625
18131,2.678084707260132
18132,6.701688289642334
18133,7.157480525970459
18134,7.564409923553467
18135,6.476905632019043
18136,8.755645370483398
18137,4.709742450714112
18138,6.2240403175354
18139,7.311119842529297
18140,4.831882667541504
18141,3.243369960784912
18142,9.351593399047852
18143,5.338694286346436
18144,5.225195693969726
18145,6.057603931427002
18146,5.123317432403565
18147,7.203677177429199
18148,8.023276424407959
18149,8.33006706237793
18150,8.781066513061523
18151,7.558274745941162
18152,5.424570083618164
18153,5.049351787567138
18154,7.409553718566895
18155,6.938300609588623
18156,4.624716758728027
18157,9.773950576782227
18158,6.365108489990234
18159,3.0364465713500977
18160,9.13200855255127
18161,4.355309104919433
18162,5.242069911956787
18163,4.5423633575439455
18164,8.978403854370118
18165,3.239946174621582
18166,8.159617233276368
18167,2.937839460372925
18168,9.118067169189453
18169,8.170923233032227
18170,4.449615621566773
18171,6.337507152557373
18172,4.986608982086182
18173,6.03710412979126
18174,5.455173587799072
18175,7.563307189941407
18176,6.652913570404053
18177,7.765862274169922
18178,0.9488676190376282
18179,6.3811603546142575
18180,5.254339599609375
18181,9.598088264465332
18182,4.264705753326416
18183,5.58596019744873
18184,6.552763175964356
18185,6.736289596557617
18186,6.495999145507812
18187,4.042472791671753
18188,6.8928399085998535
18189,8.211523628234863
18190,8.373056221008301
18191,5.423980045318603
18192,5.837277603149414
18193,5.181615924835205
18194,3.3483253955841064
18195,6.394308471679688
18196,6.5570097923278805
18197,8.138068580627442
18198,8.461921501159669
18199,4.359404373168945
18200,7.991216087341309
18201,6.023000907897949
18202,5.7937335014343265
18203,9.082633018493652
18204,7.062376594543457
18205,6.943785381317139
18206,5.8547920227050785
18207,9.384391021728515
18208,7.233447456359864
18209,2.7377305030822754
18210,8.63366413116455
18211,8.501956176757812
18212,4.495630073547363
18213,8.772283172607422
18214,5.639759063720703
18215,6.943642616271973
18216,4.43678846359253
18217,5.471449089050293
18218,4.2284527778625485
18219,4.916111660003662
18220,7.981114292144776
18221,1.629298162460327
18222,4.677162837982178
18223,4.92996826171875
18224,5.052033996582031
18225,5.6850849151611325
18226,6.7797544479370115
18227,4.908548355102539
18228,5.0568897247314455
18229,6.633885478973388
18230,1.1883017539978027
18231,5.843961334228515
18232,3.448262023925781
18233,7.438707637786865
18234,7.216150188446045
18235,9.722872734069824
18236,5.596315193176269
18237,9.008990669250489
18238,5.300349330902099
18239,6.622524452209473
18240,8.20810604095459
18241,8.654446792602538
18242,6.601664447784424
18243,6.636299800872803
18244,5.56503849029541
18245,7.779208755493164
18246,2.9143843173980715
18247,4.949611854553223
18248,4.326500511169433
18249,6.891174983978272
18250,7.302890396118164
18251,6.270071887969971
18252,3.648095893859863
18253,7.978703403472901
18254,0.7665562868118286
18255,7.7452775001525875
18256,4.201429653167724
18257,8.252148818969726
18258,5.426278781890869
18259,6.3561347961425785
18260,9.088851165771484
18261,3.435284948348999
18262,7.461462783813476
18263,4.9714579582214355
18264,7.6421459197998045
18265,3.8725184917449953
18266,7.987536525726318
18267,5.348194026947022
18268,5.853125762939453
18269,8.791490364074708
18270,6.818029689788818
18271,5.827393913269043
18272,5.653345680236816
18273,5.572747802734375
18274,3.1301676273345946
18275,2.329840326309204
18276,4.387526512145996
18277,5.333911514282226
18278,3.542986345291138
18279,8.02479190826416
18280,6.2337311744689945
18281,7.51658353805542
18282,6.198780822753906
18283,2.649654817581177
18284,3.5276262283325197
18285,4.823152160644531
18286,4.036838960647583
18287,6.163807201385498
18288,7.121380805969238
18289,5.006025791168213
18290,6.16561279296875
18291,8.937381935119628
18292,4.556693458557129
18293,7.93834924697876
18294,6.766026210784912
18295,6.697256278991699
18296,8.127029991149902
18297,8.846706008911132
18298,0.6498727083206177
18299,2.2196789264678953
18300,6.347135257720947
18301,5.389971351623535
18302,5.947150707244873
18303,4.953316593170166
18304,6.786419200897217
18305,5.165418243408203
18306,6.629597854614258
18307,4.382141590118408
18308,5.78615255355835
18309,4.1735132217407225
18310,7.040297222137451
18311,4.73748254776001
18312,7.501072597503662
18313,4.9509021759033205
18314,6.328024673461914
18315,4.446522426605225
18316,9.941813278198243
18317,5.680985450744629
18318,5.731752395629883
18319,4.299961948394776
18320,4.443208503723144
18321,3.2206351280212404
18322,3.6408563613891602
18323,4.45282506942749
18324,5.083971691131592
18325,7.128266429901123
18326,4.311578750610352
18327,5.546078491210937
18328,4.160329151153564
18329,2.7376331329345702
18330,5.7266522407531735
18331,7.21062593460083
18332,5.913916397094726
18333,4.723131561279297
18334,6.0480982780456545
18335,6.815640449523926
18336,4.9959136009216305
18337,5.4745283126831055
18338,7.658016777038574
18339,7.45888500213623
18340,3.7756896018981934
18341,9.346870040893554
18342,3.5226593017578125
18343,3.7190861225128176
18344,5.212022876739502
18345,5.387612628936767
18346,3.850582218170166
18347,4.118006944656372
18348,6.749957656860351
18349,5.134445762634277
18350,5.5729875564575195
18351,4.906809902191162
18352,1.9711445331573487
18353,5.630750560760498
18354,4.093743181228637
18355,3.9262364387512205
18356,4.793373394012451
18357,3.7441215991973875
18358,8.351524925231933
18359,5.0500256538391115
18360,8.490163230895996
18361,7.401296329498291
18362,7.872732543945313
18363,5.218268013000488
18364,8.125013732910157
18365,7.014788722991943
18366,7.180732250213623
18367,6.859433364868164
18368,8.374916076660156
18369,4.366821765899658
18370,2.9331305503845213
18371,8.319931411743164
18372,7.244589328765869
18373,7.166328716278076
18374,5.924264907836914
18375,7.6789231300354
18376,4.072690725326538
18377,3.2821136951446532
18378,6.097468280792237
18379,5.606109237670898
18380,5.58814058303833
18381,4.016456460952758
18382,7.119923877716064
18383,3.9124941349029543
18384,6.856390953063965
18385,6.065156936645508
18386,6.114483261108399
18387,5.919110488891602
18388,7.775542259216309
18389,2.7894870758056642
18390,7.658921432495117
18391,2.862153148651123
18392,3.8362693786621094
18393,8.021817874908447
18394,8.053337478637696
18395,6.912157726287842
18396,6.557691764831543
18397,2.421549844741821
18398,7.098957443237305
18399,7.859964275360108
18400,6.760144805908203
18401,6.429114913940429
18402,4.595998287200928
18403,4.169092082977295
18404,3.776749038696289
18405,7.043067932128906
18406,8.176022148132324
18407,6.362343788146973
18408,5.682609272003174
18409,5.069819164276123
18410,9.680099296569825
18411,4.592165470123291
18412,5.038650226593018
18413,5.7567473411560055
18414,3.429584264755249
18415,5.035995864868164
18416,6.725980758666992
18417,6.2153631210327145
18418,6.4508442878723145
18419,6.197660636901856
18420,4.6305742263793945
18421,7.932944679260254
18422,5.280268001556396
18423,5.512631034851074
18424,8.752847671508789
18425,3.903722715377808
18426,6.359091663360596
18427,7.574162101745605
18428,5.2705769538879395
18429,7.618472290039063
18430,7.835778903961182
18431,2.4162660121917723
18432,4.740850353240967
18433,6.405895805358886
18434,6.420986175537109
18435,5.00183801651001
18436,3.943984842300415
18437,4.998581504821777
18438,4.507671260833741
18439,9.028681755065918
18440,6.852208042144776
18441,7.508539867401123
18442,0.6284795522689819
18443,5.084498882293701
18444,4.87056531906128
18445,5.0473182678222654
18446,8.012752628326416
18447,5.239548873901367
18448,5.749600982666015
18449,1.8321869850158692
18450,4.362652683258057
18451,4.663682365417481
18452,7.002079868316651
18453,2.526280403137207
18454,7.8771625518798825
18455,8.022533702850343
18456,4.923743724822998
18457,5.930203247070312
18458,7.099371814727784
18459,3.4627456665039062
18460,4.967593193054199
18461,4.024275636672973
18462,7.391606330871582
18463,4.582267570495605
18464,6.113585186004639
18465,7.498122596740723
18466,6.286397075653076
18467,3.7173420906066896
18468,7.7103804588317875
18469,5.359924697875977
18470,6.380392360687256
18471,7.670239448547363
18472,8.13499412536621
18473,4.388191509246826
18474,1.9344444036483766
18475,4.7501496315002445
18476,6.590663909912109
18477,7.108826446533203
18478,7.8473128318786625
18479,5.533519077301025
18480,6.9701920509338375
18481,2.2779765129089355
18482,4.91767110824585
18483,5.9778210639953615
18484,9.370326232910156
18485,4.302804851531983
18486,5.435769748687744
18487,5.506735706329346
18488,5.799847793579102
18489,2.133399796485901
18490,5.3908867835998535
18491,4.94902811050415
18492,4.190327930450439
18493,3.963639497756958
18494,3.7489734649658204
18495,5.588437271118164
18496,7.2943236351013185
18497,6.456130599975586
18498,7.708399391174316
18499,5.521623706817627
18500,4.071969890594483
18501,2.1868066787719727
18502,4.945899581909179
18503,8.05928020477295
18504,2.728075313568115
18505,5.446739292144775
18506,3.1350459098815917
18507,5.439850902557373
18508,2.1015353202819824
18509,5.240337944030761
18510,6.461716079711914
18511,5.339482116699219
18512,6.781631851196289
18513,5.635437107086181
18514,3.716356945037842
18515,4.6571831703186035
18516,7.817787837982178
18517,6.094480514526367
18518,5.424340629577637
18519,6.570486354827881
18520,7.292382049560547
18521,8.402227020263672
18522,6.637589931488037
18523,6.886697578430176
18524,0.0
18525,5.555043411254883
18526,5.56016206741333
18527,5.207417011260986
18528,8.723135185241699
18529,8.643183517456055
18530,4.52356595993042
18531,2.6290496349334718
18532,5.6770501136779785
18533,5.0931299209594725
18534,8.087231254577636
18535,8.263706588745118
18536,8.330310249328614
18537,3.625058078765869
18538,6.133135986328125
18539,4.756445217132568
18540,8.339277458190917
18541,3.897544527053833
18542,5.605667495727539
18543,9.216777038574218
18544,5.993626308441162
18545,3.6627471446990967
18546,4.198991680145264
18547,7.812308883666992
18548,3.7544065952301025
18549,5.549781608581543
18550,1.071746551990509
18551,8.143815994262695
18552,3.419743871688843
18553,6.032331943511963
18554,4.2354151725769045
18555,8.529753684997559
18556,4.737993907928467
18557,7.296109962463379
18558,5.500771999359131
18559,2.036355400085449
18560,5.2183403968811035
18561,5.074938011169434
18562,7.0422119140625
18563,6.983092594146728
18564,6.905875110626221
18565,3.7829540252685545
18566,9.149431228637695
18567,6.745438289642334
18568,2.4169508934021
18569,9.726539039611817
18570,3.1268944263458254
18571,7.491445636749267
18572,6.051453018188477
18573,5.478082847595215
18574,8.366301918029786
18575,5.735420989990234
18576,7.520945358276367
18577,6.3183893203735355
18578,6.572988891601563
18579,7.800197315216065
18580,4.423055171966553
18581,6.400115013122559
18582,6.081968975067139
18583,6.541044998168945
18584,5.819479656219483
18585,8.137139701843262
18586,8.192842102050781
18587,4.59111852645874
18588,7.941947078704834
18589,7.44447078704834
18590,7.448202610015869
18591,3.76578574180603
18592,7.297473049163818
18593,7.956985187530518
18594,7.881766891479492
18595,3.544110631942749
18596,5.471788597106934
18597,3.402470016479492
18598,4.458080863952636
18599,3.9616256237030028
18600,7.171313095092773
18601,8.446150016784667
18602,4.901371002197266
18603,4.715200901031494
18604,4.994774341583252
18605,5.891933250427246
18606,2.595351505279541
18607,5.278789806365967
18608,8.947516632080077
18609,4.719835376739502
18610,8.191655540466309
18611,6.600432968139648
18612,5.0184308052062985
18613,7.563416194915772
18614,4.575929355621338
18615,6.367991161346436
18616,2.1620610475540163
18617,3.0080711364746096
18618,7.39926586151123
18619,7.132569313049316
18620,5.89171142578125
18621,4.058802652359009
18622,6.389682292938232
18623,4.360337924957276
18624,6.930520915985108
18625,7.51691837310791
18626,3.777717638015747
18627,8.289546585083007
18628,8.070279502868653
18629,6.515497398376465
18630,5.182744693756104
18631,6.937126159667969
18632,3.0965314865112306
18633,9.274148178100585
18634,2.739962577819824
18635,5.431197452545166
18636,6.595874786376953
18637,5.808688449859619
18638,8.879049491882324
18639,5.671161651611328
18640,7.735488986968994
18641,0.3904292225837708
18642,3.3947287082672117
18643,4.839217948913574
18644,6.510299968719482
18645,7.58506669998169
18646,3.0768585205078125
18647,4.152730655670166
18648,6.000391960144043
18649,3.615552854537964
18650,5.707434177398682
18651,6.263200283050537
18652,4.616161251068116
18653,3.804961585998535
18654,5.030746269226074
18655,2.743416118621826
18656,9.426079368591308
18657,4.958550834655762
18658,5.2356038093566895
18659,5.276676654815674
18660,7.9165864944458
18661,7.1657875061035154
18662,4.881869125366211
18663,8.084138965606689
18664,4.643109703063965
18665,8.969799423217774
18666,5.146241474151611
18667,8.538992118835449
18668,6.5776630401611325
18669,6.9965105056762695
18670,6.75711841583252
18671,6.752066421508789
18672,5.84433012008667
18673,7.671160125732422
18674,5.027622222900391
18675,5.226918125152588
18676,5.9467973709106445
18677,4.808801555633545
18678,7.860945796966552
18679,6.486613845825195
18680,5.198720932006836
18681,6.780445194244384
18682,7.216043376922608
18683,6.708552837371826
18684,3.2608451366424562
18685,4.344786548614502
18686,4.822950077056885
18687,6.24708309173584
18688,9.305484771728516
18689,7.457981395721435
18690,2.9244033813476564
18691,6.057063961029053
18692,8.965440559387208
18693,8.078946495056153
18694,7.132221508026123
18695,3.479333209991455
18696,8.609554100036622
18697,3.012025737762451
18698,3.6286162376403808
18699,4.589882183074951
18700,7.671508026123047
18701,7.170695495605469
18702,7.847523880004883
18703,6.665074634552002
18704,3.910362720489502
18705,4.14114351272583
18706,4.8259283065795895
18707,8.40388469696045
18708,8.935438919067384
18709,5.978827857971192
18710,5.301859378814697
18711,7.694169902801514
18712,7.1256509780883786
18713,5.418522930145263
18714,7.765103912353515
18715,4.906668853759766
18716,6.8068568229675295
18717,5.304086017608642
18718,4.298659038543701
18719,5.352622413635254
18720,4.241602993011474
18721,5.2624608993530275
18722,6.168342876434326
18723,9.120672798156738
18724,7.573354339599609
18725,5.519182205200195
18726,9.14946403503418
18727,7.057171440124511
18728,5.942857456207276
18729,8.317920303344726
18730,3.6707645416259767
18731,6.706807327270508
18732,8.024856185913086
18733,4.54036054611206
18734,7.292023754119873
18735,6.298462390899658
18736,6.629000568389893
18737,8.016087913513184
18738,2.5746902942657472
18739,3.934689521789551
18740,6.50470609664917
18741,6.328759384155274
18742,7.1878620147705075
18743,5.268805408477784
18744,4.449156379699707
18745,7.839621353149414
18746,3.8423162937164306
18747,7.643068790435791
18748,8.469563102722168
18749,2.5211532592773436
18750,5.149576568603516
18751,8.342024421691894
18752,5.676259708404541
18753,8.302801895141602
18754,4.403389644622803
18755,5.031460952758789
18756,4.803334140777588
18757,7.20075626373291
18758,5.205167961120606
18759,3.9472359657287597
18760,6.463661861419678
18761,6.944587326049804
18762,7.3762712478637695
18763,5.324122524261474
18764,5.48541374206543
18765,8.606514739990235
18766,7.166044044494629
18767,4.621479129791259
18768,6.381384563446045
18769,0.779371702671051
18770,5.2144698143005375
18771,2.0069921731948854
18772,4.443977546691895
18773,8.46263599395752
18774,7.765719699859619
18775,7.3363744735717775
18776,7.62418041229248
18777,1.9743324279785157
18778,5.771538257598877
18779,8.61139793395996
18780,5.695998668670654
18781,9.123818397521973
18782,2.370779800415039
18783,7.944151782989502
18784,7.117670249938965
18785,5.7560220718383786
18786,8.34998722076416
18787,7.071580982208252
18788,7.700814437866211
18789,6.358101177215576
18790,10.0
18791,5.432880020141601
18792,9.08880157470703
18793,7.0578076362609865
18794,4.061889410018921
18795,8.684953117370606
18796,6.634898948669433
18797,6.133382511138916
18798,5.643352317810058
18799,5.146806812286377
18800,5.982397556304932
18801,5.780961799621582
18802,6.9785538673400875
18803,6.4414876937866214
18804,6.76196928024292
18805,8.61817512512207
18806,5.421531295776367
18807,4.760832500457764
18808,4.969375133514404
18809,7.630561447143554
18810,6.2509660720825195
18811,5.317968463897705
18812,7.073828792572021
18813,7.868984222412109
18814,5.7244157791137695
18815,5.5755585670471195
18816,4.045563364028931
18817,6.4221946716308596
18818,4.933174896240234
18819,5.349528789520264
18820,7.188152885437011
18821,4.916772079467774
18822,1.346760368347168
18823,5.217490100860596
18824,4.547299861907959
18825,2.7913318157196043
18826,5.820548725128174
18827,3.491702747344971
18828,3.513443660736084
18829,7.235811328887939
18830,4.480348205566406
18831,9.36897678375244
18832,5.7610166549682615
18833,8.523278045654298
18834,8.282946395874024
18835,7.524706649780273
18836,8.18680191040039
18837,5.067136669158936
18838,4.986202335357666
18839,8.089028644561768
18840,6.707725143432617
18841,6.352638530731201
18842,8.648075485229493
18843,8.40648136138916
18844,6.7442395210266115
18845,6.735731029510498
18846,6.066919040679932
18847,7.788111782073974
18848,4.680884170532226
18849,2.725729513168335
18850,8.614717292785645
18851,6.100278663635254
18852,6.56049919128418
18853,4.8888524055480955
18854,4.8597160339355465
18855,8.87653865814209
18856,5.39519681930542
18857,5.917329216003418
18858,8.550248718261718
18859,5.016148471832276
18860,5.600320625305176
18861,2.800380897521973
18862,7.0305867195129395
18863,6.600878524780273
18864,8.197006988525391
18865,9.009972763061523
18866,7.989760971069336
18867,6.8820477485656735
18868,9.231930160522461
18869,8.503763961791993
18870,4.628927612304688
18871,8.288980293273926
18872,5.993123149871826
18873,4.031777381896973
18874,5.706599426269531
18875,4.536754894256592
18876,1.8855015993118287
18877,5.783013820648193
18878,4.383640480041504
18879,7.17505578994751
18880,3.2437090396881105
18881,7.527480125427246
18882,7.880057430267334
18883,9.386309814453124
18884,4.425960445404053
18885,6.509067344665527
18886,7.86520357131958
18887,6.611567401885987
18888,4.435738563537598
18889,4.976761817932129
18890,3.604930543899536
18891,8.804004287719726
18892,4.7133275985717775
18893,9.75278377532959
18894,6.10772066116333
18895,7.560802268981933
18896,8.333694076538086
18897,5.975518703460693
18898,7.52636079788208
18899,5.271046924591064
18900,9.439442253112793
18901,4.306581783294678
18902,6.580587387084961
18903,6.409683609008789
18904,3.1483129501342773
18905,4.368080043792725
18906,6.298700141906738
18907,5.063502407073974
18908,7.645495510101318
18909,4.737199401855468
18910,5.109018802642822
18911,5.84385404586792
18912,6.045361328125
18913,6.5349047660827635
18914,3.3783251285552978
18915,3.953022336959839
18916,8.517008972167968
18917,5.547948932647705
18918,7.000878620147705
18919,5.861075973510742
18920,6.869275856018066
18921,6.335424709320068
18922,7.392257213592529
18923,6.224210643768311
18924,3.989501953125
18925,3.9771015644073486
18926,5.009865760803223
18927,6.574679279327393
18928,6.606177234649659
18929,6.243877792358399
18930,2.4333391189575195
18931,6.925543022155762
18932,7.175915622711182
18933,3.223952293395996
18934,7.423200607299805
18935,1.5333251476287841
18936,8.348841285705566
18937,7.738710594177246
18938,6.972962188720703
18939,9.992681503295898
18940,4.428790950775147
18941,8.0908353805542
18942,8.5267333984375
18943,8.398267936706542
18944,3.4023890495300293
18945,6.0912378311157225
18946,7.4144261360168455
18947,2.0840960502624513
18948,6.753492546081543
18949,6.2542445182800295
18950,5.408067131042481
18951,8.063225364685058
18952,8.497891044616699
18953,7.507382774353028
18954,6.320732593536377
18955,5.132751083374023
18956,6.022969150543213
18957,5.344672298431396
18958,7.377294254302979
18959,4.138330268859863
18960,8.066803646087646
18961,9.357239913940429
18962,6.851752853393554
18963,7.180256748199463
18964,4.71694507598877
18965,8.371299362182617
18966,4.950125026702881
18967,8.945258522033692
18968,6.258060169219971
18969,2.993154287338257
18970,4.0255420207977295
18971,6.179863548278808
18972,5.898865222930908
18973,5.251925945281982
18974,5.956223011016846
18975,4.681816101074219
18976,9.74769630432129
18977,7.287815284729004
18978,6.267572021484375
18979,4.873621082305908
18980,6.119823932647705
18981,2.3929457664489746
18982,5.618474102020263
18983,6.704747200012207
18984,2.862330198287964
18985,6.131626319885254
18986,2.4386892795562742
18987,4.100786304473877
18988,5.626004314422607
18989,7.057152652740479
18990,5.785314846038818
18991,6.540283489227295
18992,6.445502471923828
18993,8.844769477844238
18994,6.545301818847657
18995,3.794950580596924
18996,7.833893203735352
18997,3.0778154850006105
18998,6.278559780120849
18999,3.8409918785095214
19000,6.664974403381348
19001,3.126060724258423
19002,4.989686965942383
19003,3.907518434524536
19004,2.783114862442017
19005,5.35377311706543
19006,2.7230512142181396
19007,3.7508466243743896
19008,2.704232168197632
19009,4.3290105819702145
19010,7.146030426025391
19011,5.566417121887207
19012,9.643949508666992
19013,6.685033798217773
19014,8.376142692565917
19015,2.547120714187622
19016,2.2256428241729735
19017,4.057146787643433
19018,7.344012355804443
19019,7.424945449829101
19020,6.408600902557373
19021,6.153620052337646
19022,5.880801486968994
19023,3.3782975673675537
19024,8.087931632995605
19025,6.992684268951416
19026,6.441279411315918
19027,5.7409344673156735
19028,8.802257347106934
19029,2.2476046562194822
19030,6.068734645843506
19031,5.314401912689209
19032,4.2026385307312015
19033,6.202822971343994
19034,6.397611999511719
19035,7.064597129821777
19036,7.479534912109375
19037,3.559444952011108
19038,6.984257316589355
19039,6.512986660003662
19040,4.979815673828125
19041,4.472458839416504
19042,6.998319530487061
19043,5.797675228118896
19044,4.7117822647094725
19045,4.59263858795166
19046,5.477681827545166
19047,6.3902732849121096
19048,7.49588098526001
19049,6.882037830352783
19050,4.498959350585937
19051,4.904664802551269
19052,5.770134735107422
19053,5.582704639434814
19054,6.924959468841553
19055,6.9103961944580075
19056,8.390069389343262
19057,5.052502632141113
19058,5.636798000335693
19059,7.542179107666016
19060,2.558106803894043
19061,7.243600845336914
19062,6.629098224639892
19063,6.7819976806640625
19064,9.933765983581543
19065,1.0911214470863342
19066,4.02386474609375
19067,8.274399948120116
19068,7.79904956817627
19069,6.91225299835205
19070,6.011672306060791
19071,5.50384750366211
19072,9.66959285736084
19073,6.887049674987793
19074,7.408568668365478
19075,5.0486143112182615
19076,5.593152046203613
19077,5.49044189453125
19078,5.714409637451172
19079,6.271534633636475
19080,6.142597484588623
19081,4.149346828460693
19082,4.484188461303711
19083,7.122980403900146
19084,5.790107250213623
19085,3.464077615737915
19086,8.515378379821778
19087,6.301472568511963
19088,2.510300064086914
19089,1.7244354486465454
19090,7.531213665008545
19091,8.106835269927979
19092,7.3195343017578125
19093,1.9435702562332153
19094,1.9128164052963257
19095,7.278824806213379
19096,3.819580316543579
19097,5.67806224822998
19098,7.530224227905274
19099,3.2707143306732176
19100,3.0019225597381594
19101,6.799203777313233
19102,5.604930782318116
19103,5.913084220886231
19104,8.92479190826416
19105,5.923161506652832
19106,3.760093021392822
19107,7.138417816162109
19108,6.663024997711181
19109,5.515236854553223
19110,1.8664150714874268
19111,7.438597869873047
19112,5.155068969726562
19113,2.7497426509857177
19114,7.0065337181091305
19115,7.105610752105713
19116,7.215004825592041
19117,8.361833953857422
19118,4.7438887596130375
19119,9.254044723510741
19120,7.584789752960205
19121,9.072862815856933
19122,7.040175724029541
19123,5.139947128295899
19124,8.873941802978516
19125,4.816979122161865
19126,5.06694860458374
19127,7.093476390838623
19128,3.3216718673706054
19129,5.50233678817749
19130,7.2768635749816895
19131,6.701833629608155
19132,5.9886298179626465
19133,7.778914546966552
19134,3.3675198554992676
19135,9.174830436706543
19136,3.7104212760925295
19137,7.549110221862793
19138,8.4067138671875
19139,6.323553466796875
19140,5.7253717422485355
19141,9.518002700805663
19142,5.21760778427124
19143,8.900965309143066
19144,2.9600955486297607
19145,4.831289768218994
19146,2.823954200744629
19147,6.8537860870361325
19148,7.78267183303833
19149,4.738196182250976
19150,6.748167896270752
19151,8.89666805267334
19152,6.915598964691162
19153,4.866721439361572
19154,7.561428833007812
19155,4.055401134490967
19156,5.5867109298706055
19157,8.076044940948487
19158,7.011825656890869
19159,3.5891005992889404
19160,8.794670486450196
19161,3.8840261936187743
19162,9.549865531921387
19163,4.984210968017578
19164,5.322207450866699
19165,6.374944686889648
19166,3.6673176288604736
19167,6.454887390136719
19168,8.259110450744629
19169,7.9753340721130375
19170,6.432506561279297
19171,6.2876513481140135
19172,8.277775001525878
19173,3.9015769958496094
19174,7.799348831176758
19175,9.372601890563965
19176,6.545337390899658
19177,5.443252372741699
19178,4.749552917480469
19179,6.122629833221436
19180,7.026648712158203
19181,5.02680196762085
19182,9.034243202209472
19183,8.512249755859376
19184,4.811679553985596
19185,1.9246414661407472
19186,7.915088558197022
19187,7.677654075622558
19188,3.7726276397705076
19189,3.277243709564209
19190,7.901455497741699
19191,6.149329662322998
19192,6.967301654815674
19193,7.803119945526123
19194,1.9001285791397096
19195,4.110734128952027
19196,5.422341918945312
19197,6.677633380889892
19198,8.94197769165039
19199,4.802210140228271
19200,4.340169143676758
19201,6.678756618499756
19202,3.2490116596221923
19203,5.35988712310791
19204,8.71340560913086
19205,6.992514324188233
19206,6.143961238861084
19207,6.972585201263428
19208,3.826125144958496
19209,6.161113166809082
19210,6.8457893371582035
19211,6.025519847869873
19212,4.680558967590332
19213,7.991580963134766
19214,6.307385540008545
19215,3.7161303043365477
19216,5.585725975036621
19217,7.87697114944458
19218,4.509813213348389
19219,9.56564826965332
19220,7.077869319915772
19221,2.4060418605804443
19222,8.161728477478027
19223,5.297795391082763
19224,5.0717644691467285
19225,7.318837070465088
19226,2.752362060546875
19227,5.389790630340576
19228,3.0932085037231447
19229,4.107012176513672
19230,4.2573953628540036
19231,7.248570251464844
19232,7.032792282104492
19233,6.782515907287598
19234,9.03113956451416
19235,7.157574844360352
19236,4.905316257476807
19237,3.225883722305298
19238,4.824175453186035
19239,3.735923337936401
19240,6.407012176513672
19241,5.329047775268554
19242,2.8203986644744874
19243,7.742038345336914
19244,7.963323974609375
19245,5.460707759857177
19246,6.332205200195313
19247,6.674759292602539
19248,7.248287868499756
19249,8.919198417663575
19250,5.813270568847656
19251,6.564945793151855
19252,3.153944158554077
19253,6.031427192687988
19254,6.770347595214844
19255,6.236736488342285
19256,6.3918744087219235
19257,7.846966361999511
19258,3.3122627258300783
19259,4.786457633972168
19260,6.80477294921875
19261,2.2866587162017824
19262,7.249906158447265
19263,8.465689086914063
19264,2.7329675197601317
19265,2.0751474857330323
19266,7.675663661956787
19267,7.834959506988525
19268,6.093291854858398
19269,4.556111526489258
19270,4.596897602081299
19271,2.83717041015625
19272,5.593497562408447
19273,8.215855026245118
19274,2.8139467239379883
19275,5.840173244476318
19276,6.644311618804932
19277,7.444882488250732
19278,5.170141792297363
19279,5.468242835998535
19280,4.001864004135132
19281,2.252967119216919
19282,7.389332389831543
19283,5.168861293792725
19284,2.0381813287734984
19285,3.6449019432067873
19286,4.159391212463379
19287,5.724823474884033
19288,6.717875289916992
19289,2.206051731109619
19290,5.514162826538086
19291,7.25412769317627
19292,5.731581211090088
19293,5.524471473693848
19294,8.36920986175537
19295,5.307109928131103
19296,4.943058490753174
19297,4.999778079986572
19298,6.464846801757813
19299,6.400686550140381
19300,5.887739467620849
19301,7.216638469696045
19302,5.055524063110352
19303,6.87566385269165
19304,2.9447233200073244
19305,4.8273539543151855
19306,2.176150178909302
19307,4.884752941131592
19308,7.549722480773926
19309,1.6873819828033447
19310,6.793885040283203
19311,5.710066127777099
19312,3.9105103492736815
19313,7.186109924316407
19314,6.9843343734741214
19315,2.7851913928985597
19316,5.922037506103516
19317,6.14399824142456
19318,2.543576145172119
19319,4.460438060760498
19320,4.51380090713501
19321,7.993853378295898
19322,2.983839225769043
19323,5.217842674255371
19324,6.625801944732666
19325,6.297584342956543
19326,5.785809421539307
19327,8.024281024932861
19328,4.9068763732910154
19329,4.880813121795654
19330,7.354082012176514
19331,4.418729209899903
19332,7.457474708557129
19333,7.727258014678955
19334,7.833782768249511
19335,7.095162010192871
19336,7.886170101165772
19337,6.611427688598633
19338,5.247791957855225
19339,8.35707778930664
19340,5.946367359161377
19341,4.245503711700439
19342,3.8349438667297364
19343,5.871486473083496
19344,6.334120750427246
19345,2.798418426513672
19346,5.668640041351319
19347,4.983013343811035
19348,2.9524584770202638
19349,6.5262072563171385
19350,5.550525283813476
19351,3.3307979106903076
19352,8.964215660095215
19353,2.1595387935638426
19354,6.435329532623291
19355,6.735726165771484
19356,8.291114616394044
19357,7.8150371551513675
19358,6.759102630615234
19359,6.84942855834961
19360,7.8917186737060545
19361,6.688355255126953
19362,3.6521885871887205
19363,6.068567371368408
19364,6.054282855987549
19365,7.251497650146485
19366,4.748001480102539
19367,7.6882587432861325
19368,8.000763320922852
19369,8.711299896240234
19370,5.065110778808593
19371,6.253740882873535
19372,5.983439350128174
19373,7.062748527526855
19374,8.12824363708496
19375,6.310680294036866
19376,4.84570083618164
19377,4.210610294342041
19378,7.0634125709533695
19379,5.476463508605957
19380,6.584832191467285
19381,8.604593276977539
19382,7.761911106109619
19383,7.085994815826416
19384,5.982219409942627
19385,2.520671272277832
19386,5.678577613830567
19387,9.456248474121093
19388,5.735569000244141
19389,8.506558418273926
19390,5.301228046417236
19391,6.714867687225341
19392,4.0986425399780275
19393,4.138518524169922
19394,6.772227096557617
19395,4.629683208465576
19396,0.889276671409607
19397,3.8959186553955076
19398,7.603641223907471
19399,4.511081314086914
19400,5.43050184249878
19401,5.938847160339355
19402,8.635614395141602
19403,5.182382202148437
19404,8.338438034057617
19405,4.4742766380310055
19406,4.63275260925293
19407,6.726771259307862
19408,2.4122488021850588
19409,7.254757881164551
19410,5.682409381866455
19411,7.2699686050415036
19412,6.234837818145752
19413,7.754778671264648
19414,3.233234691619873
19415,7.803974437713623
19416,6.241340446472168
19417,5.343382740020752
19418,1.90603506565094
19419,7.650738716125488
19420,6.11501932144165
19421,5.5574951171875
19422,4.787161350250244
19423,7.474835586547852
19424,8.388063621520995
19425,6.778636646270752
19426,6.826764488220215
19427,6.14739408493042
19428,6.5318296432495115
19429,6.878740215301514
19430,5.700619220733643
19431,5.839613819122315
19432,5.870223712921143
19433,4.511496353149414
19434,8.660924911499023
19435,5.2543130874633786
19436,7.900029563903809
19437,5.21946496963501
19438,2.8819391250610353
19439,4.686577415466308
19440,5.7435609817504885
19441,6.255795860290528
19442,7.981967926025391
19443,5.591026496887207
19444,6.993719577789307
19445,5.624223423004151
19446,8.425699043273926
19447,8.275958442687989
19448,6.551006412506103
19449,9.296007347106933
19450,7.550386238098144
19451,8.022666358947754
19452,5.606467819213867
19453,6.308071136474609
19454,4.024732303619385
19455,5.700168514251709
19456,4.458589553833008
19457,4.101073408126831
19458,3.9320505619049073
19459,6.068621730804443
19460,5.699795341491699
19461,4.695098876953125
19462,5.897992038726807
19463,0.5850809276103973
19464,6.594726848602295
19465,6.971212768554688
19466,6.8442119598388675
19467,4.043185997009277
19468,5.393320941925049
19469,2.051436924934387
19470,4.819029140472412
19471,9.23340015411377
19472,3.6312570571899414
19473,7.024325847625732
19474,8.919768905639648
19475,4.656709289550781
19476,6.0698224067687985
19477,8.190590286254883
19478,3.402176523208618
19479,6.623577022552491
19480,5.700550270080567
19481,5.896817016601562
19482,6.499834728240967
19483,0.057731029391288755
19484,7.27007303237915
19485,8.227736282348634
19486,6.298183822631836
19487,5.489834117889404
19488,8.012761974334717
19489,5.824088859558105
19490,2.061837363243103
19491,8.200206756591797
19492,7.675422954559326
19493,7.5890401840209964
19494,6.8250932693481445
19495,9.13619155883789
19496,6.852549076080322
19497,5.54207935333252
19498,7.949164295196534
19499,5.98859395980835
19500,3.683670234680176
19501,6.2034156799316404
19502,8.863272285461425
19503,7.030542469024658
19504,5.325928020477295
19505,7.3540809631347654
19506,5.994322013854981
19507,6.6710350036621096
19508,5.994426536560058
19509,4.234078407287598
19510,8.478553009033202
19511,3.873121500015259
19512,7.63889217376709
19513,8.447868156433106
19514,8.443108558654785
19515,5.921281719207764
19516,3.159638452529907
19517,8.646932029724121
19518,2.5319964408874513
19519,6.73327054977417
19520,6.656204319000244
19521,3.621597099304199
19522,7.652960109710693
19523,4.105320262908935
19524,6.301437759399414
19525,5.62931604385376
19526,8.09236650466919
19527,8.43563232421875
19528,8.411883544921874
19529,5.980903053283692
19530,3.348717975616455
19531,5.27846622467041
19532,6.991399097442627
19533,6.864034652709961
19534,9.139588546752929
19535,7.36600694656372
19536,5.7868023872375485
19537,8.382969665527344
19538,7.843982410430908
19539,7.144963264465332
19540,4.829211902618408
19541,7.3362750053405765
19542,5.155033302307129
19543,2.0906625270843504
19544,9.976806449890137
19545,9.013112449645996
19546,3.7869821548461915
19547,6.750056743621826
19548,5.382959651947021
19549,5.177925777435303
19550,8.501322937011718
19551,6.509772109985351
19552,5.938178825378418
19553,6.0445221900939945
19554,6.421724510192871
19555,5.973504638671875
19556,5.014241123199463
19557,3.909905958175659
19558,5.394229507446289
19559,9.469320487976074
19560,8.286194038391113
19561,8.222116279602051
19562,8.404884529113769
19563,8.142671203613281
19564,4.115682744979859
19565,7.664056301116943
19566,8.585533142089844
19567,8.216669654846191
19568,8.100688362121582
19569,3.3338867664337157
19570,6.08186559677124
19571,6.2112373352050785
19572,6.8003946304321286
19573,7.054611492156982
19574,7.9330676078796385
19575,4.7405167579650875
19576,6.931476211547851
19577,3.6856614112854005
19578,7.728288841247559
19579,8.222490310668945
19580,7.987390422821045
19581,6.541748142242431
19582,3.6349539279937746
19583,5.384685230255127
19584,3.1902448654174806
19585,8.736547088623047
19586,4.213407945632935
19587,9.406528282165528
19588,9.467764282226563
19589,1.5482321500778198
19590,1.5718820095062256
19591,6.268645858764648
19592,3.653357648849487
19593,4.0985315322875975
19594,6.060439395904541
19595,7.826420783996582
19596,5.241378593444824
19597,4.452223396301269
19598,8.474370574951172
19599,6.523172187805176
19600,4.831373882293701
19601,5.5906774520874025
19602,3.9188202381134034
19603,1.9862745523452758
19604,7.598402309417724
19605,8.238858032226563
19606,10.0
19607,9.277126693725586
19608,8.054488182067871
19609,3.4839739322662355
19610,7.438650512695313
19611,6.481498527526855
19612,6.987291431427002
19613,4.232944679260254
19614,3.5815075397491456
19615,6.3872052192687985
19616,5.466454315185547
19617,4.563355731964111
19618,5.846484661102295
19619,4.381392765045166
19620,7.132394886016845
19621,6.126694297790527
19622,4.545592880249023
19623,8.09931993484497
19624,5.217308902740479
19625,5.939760780334472
19626,4.653846073150635
19627,4.519485569000244
19628,6.535735988616944
19629,4.910846614837647
19630,6.385660552978516
19631,6.330563259124756
19632,5.6757731437683105
19633,3.883366918563843
19634,6.444260883331299
19635,4.292856979370117
19636,6.372453117370606
19637,5.420361328125
19638,5.031420612335205
19639,5.888629150390625
19640,9.165993881225585
19641,5.7125975608825685
19642,7.085009384155273
19643,4.720053863525391
19644,1.562977409362793
19645,5.826865482330322
19646,7.332466793060303
19647,2.813458204269409
19648,6.224635887145996
19649,5.432382297515869
19650,7.101171207427979
19651,4.325523853302002
19652,4.404557704925537
19653,5.649930667877197
19654,5.7658812522888185
19655,4.709082984924317
19656,8.990656852722168
19657,8.619533348083497
19658,4.238976764678955
19659,6.864099979400635
19660,2.8387936115264893
19661,5.44965353012085
19662,6.439551734924317
19663,4.751871490478516
19664,7.876479530334473
19665,6.86638240814209
19666,6.6778356552124025
19667,5.643993377685547
19668,7.85870943069458
19669,3.5320696353912355
19670,3.8710469245910644
19671,7.000124168395996
19672,6.444368171691894
19673,4.732406520843506
19674,7.95774507522583
19675,8.719684982299805
19676,7.9735182762146
19677,9.388051414489746
19678,4.737440395355224
19679,7.006379890441894
19680,7.35906753540039
19681,9.384177970886231
19682,5.329640960693359
19683,2.7727170467376707
19684,4.333937263488769
19685,6.792737579345703
19686,5.58957576751709
19687,7.104671955108643
19688,7.100771903991699
19689,8.624650955200195
19690,2.076175594329834
19691,4.87485637664795
19692,9.326883316040039
19693,8.475200271606445
19694,6.814863681793213
19695,1.581320595741272
19696,6.6607271194458
19697,5.596388149261474
19698,5.621164703369141
19699,3.327420949935913
19700,7.744722461700439
19701,8.429938697814942
19702,5.535996341705323
19703,8.346736526489257
19704,7.939149665832519
19705,6.625408172607422
19706,6.745352554321289
19707,4.651081275939942
19708,4.74227123260498
19709,4.406025123596192
19710,9.414372062683105
19711,5.298424243927002
19712,9.05439109802246
19713,7.689206123352051
19714,4.628456115722656
19715,6.962818813323975
19716,8.437144470214843
19717,6.530924987792969
19718,4.095147371292114
19719,3.7719900608062744
19720,4.790775203704834
19721,5.296212196350098
19722,7.952131652832032
19723,7.660332298278808
19724,5.2157103538513185
19725,8.33333511352539
19726,4.638695144653321
19727,4.612670803070069
19728,0.31097634583711625
19729,5.895087432861328
19730,8.12892017364502
19731,5.295180034637451
19732,5.2028279304504395
19733,4.33255968093872
19734,7.470400714874268
19735,7.999094295501709
19736,3.4099926948547363
19737,4.526519298553467
19738,3.4071959018707276
19739,5.145632934570313
19740,6.961376190185547
19741,5.725695991516114
19742,4.278914070129394
19743,5.990943908691406
19744,6.000971031188965
19745,1.044732689857483
19746,3.1246875286102296
19747,8.28627643585205
19748,1.907238507270813
19749,4.86246509552002
19750,1.9053254127502441
19751,8.092270946502685
19752,4.322620582580567
19753,7.400752449035645
19754,5.5378974914550785
19755,5.888286018371582
19756,7.47701416015625
19757,3.9708584785461425
19758,4.4937948226928714
19759,6.475467300415039
19760,7.193981170654297
19761,6.483198165893555
19762,6.199809741973877
19763,5.831793403625488
19764,4.778270530700683
19765,7.130499744415284
19766,6.94619665145874
19767,7.595978450775147
19768,6.597182559967041
19769,7.253915786743164
19770,5.79279670715332
19771,4.126339387893677
19772,3.5295470714569093
19773,5.539153099060059
19774,4.087684154510498
19775,3.503738260269165
19776,9.053858184814453
19777,4.8300128936767575
19778,5.749983310699463
19779,7.61950912475586
19780,3.9994436264038087
19781,5.417138385772705
19782,7.451679801940918
19783,4.593655395507812
19784,7.750723266601563
19785,4.792027187347412
19786,5.536128330230713
19787,6.5468110084533695
19788,6.7161046981811525
19789,6.683028316497802
19790,7.311043357849121
19791,7.983469867706299
19792,5.986519908905029
19793,3.611864519119263
19794,7.352189636230468
19795,7.171264743804931
19796,2.7513319492340087
19797,4.981948184967041
19798,7.509222030639648
19799,3.395947790145874
19800,4.471507167816162
19801,5.551930046081543
19802,7.954629421234131
19803,7.230331325531006
19804,5.469239616394043
19805,7.230334758758545
19806,9.29486083984375
19807,8.482488059997559
19808,7.808401775360108
19809,6.125933742523193
19810,3.869034242630005
19811,4.55306224822998
19812,5.141817188262939
19813,6.675094890594482
19814,4.176025485992431
19815,7.650396537780762
19816,3.5563709259033205
19817,7.556849098205566
19818,8.446148872375488
19819,6.094907569885254
19820,5.152507305145264
19821,5.544783020019532
19822,6.3983962059021
19823,7.386590576171875
19824,9.078886795043946
19825,8.207976341247559
19826,8.645568084716796
19827,4.265263843536377
19828,8.254054641723632
19829,2.2402852535247804
19830,2.737831211090088
19831,5.516140747070312
19832,3.7478892326354982
19833,5.597274112701416
19834,4.005401611328125
19835,8.570310592651367
19836,6.984339237213135
19837,3.19616494178772
19838,4.0387931823730465
19839,9.015525245666504
19840,6.703316783905029
19841,3.976449966430664
19842,7.671110725402832
19843,6.0576423645019535
19844,5.931532669067383
19845,7.017231178283692
19846,8.30870532989502
19847,9.044436264038087
19848,7.62617826461792
19849,6.13143892288208
19850,4.074136590957641
19851,6.116879653930664
19852,4.999719715118408
19853,8.047757816314697
19854,5.913010215759277
19855,8.259060287475586
19856,9.141482543945312
19857,2.9213130474090576
19858,5.467774677276611
19859,3.6525073528289793
19860,7.872489643096924
19861,2.7958426475524902
19862,5.819835662841797
19863,7.144402313232422
19864,6.247461986541748
19865,9.50759391784668
19866,7.9736583709716795
19867,3.8023361206054687
19868,4.307998466491699
19869,6.3649341583251955
19870,7.889212226867675
19871,5.652925872802735
19872,5.8717649459838865
19873,4.580865955352783
19874,3.5638997077941896
19875,5.026081371307373
19876,4.704813289642334
19877,8.202312183380126
19878,8.633334350585937
19879,5.168773078918457
19880,7.1836811065673825
19881,7.41537561416626
19882,7.262979507446289
19883,6.104541778564453
19884,6.386642742156982
19885,6.2317403793334964
19886,5.913442516326905
19887,5.834874629974365
19888,6.329008102416992
19889,4.238436889648438
19890,5.5670960426330565
19891,3.8359951972961426
19892,1.9778181314468384
19893,5.725558280944824
19894,7.77877025604248
19895,7.409170436859131
19896,5.0571869850158695
19897,3.670015478134155
19898,5.229707145690918
19899,4.8471578598022464
19900,6.477018070220947
19901,6.251940155029297
19902,7.822643566131592
19903,8.381552124023438
19904,4.52073974609375
19905,10.0
19906,7.218626880645752
19907,9.241255950927734
19908,5.373883152008057
19909,6.274190998077392
19910,6.0008550643920895
19911,6.011179351806641
19912,6.442229843139648
19913,7.880962657928467
19914,4.4806321144104
19915,6.13973217010498
19916,6.708231830596924
19917,5.624848651885986
19918,4.592537212371826
19919,8.1830904006958
19920,8.198942947387696
19921,7.772987174987793
19922,6.8253357887268065
19923,7.167502689361572
19924,7.124798107147217
19925,6.475441646575928
19926,4.1762395858764645
19927,6.9596599578857425
19928,7.394120216369629
19929,5.525906753540039
19930,8.143109989166259
19931,4.289118957519531
19932,6.637905788421631
19933,8.200848007202149
19934,7.802854442596436
19935,5.003618621826172
19936,8.470221328735352
19937,8.044373607635498
19938,2.5406978130340576
19939,8.325146484375
19940,7.562407779693603
19941,8.82814426422119
19942,4.899970054626465
19943,7.082960796356201
19944,5.869503784179687
19945,3.7205667972564695
19946,4.5170389175415036
19947,1.6565216302871704
19948,3.3339117050170897
19949,5.558894252777099
19950,8.525732231140136
19951,3.791478729248047
19952,4.011583423614502
19953,5.831887531280517
19954,1.7030598163604735
19955,6.026814365386963
19956,7.0805134773254395
19957,8.523977088928223
19958,8.13199234008789
19959,8.582190132141113
19960,5.970321369171143
19961,4.33513650894165
19962,4.599292469024658
19963,6.498241233825683
19964,3.3354743480682374
19965,5.681887531280518
19966,2.4004164218902586
19967,8.487430191040039
19968,4.916762065887451
19969,7.0526878356933596
19970,7.251088619232178
19971,5.430250835418701
19972,6.425135612487793
19973,5.641471672058105
19974,5.69797420501709
19975,2.0844240188598633
19976,6.136861133575439
19977,3.3155848503112795
19978,4.034196901321411
19979,7.080360031127929
19980,3.055639362335205
19981,5.926245307922363
19982,7.31878080368042
19983,6.307656192779541
19984,4.004072761535644
19985,5.020503139495849
19986,7.486193656921387
19987,8.67468090057373
19988,5.009894180297851
19989,4.8225912094116214
19990,8.51070327758789
19991,4.433149814605713
19992,6.608872127532959
19993,6.186839771270752
19994,5.861807441711425
19995,8.675678062438966
19996,7.24265422821045
19997,3.6238571643829345
19998,3.7817816734313965
19999,5.261437702178955
20000,6.935050010681152
20001,8.662654876708984
20002,6.276924800872803
20003,3.2982882976531984
20004,3.4505124568939207
20005,6.264503765106201
20006,4.488961601257325
20007,5.432619953155518
20008,8.518613243103028
20009,5.606235599517822
20010,6.465548992156982
20011,5.767348003387451
20012,3.080313205718994
20013,6.996182823181153
20014,1.5290597915649413
20015,7.714226627349854
20016,4.473771762847901
20017,3.7208752632141113
20018,9.875406265258789
20019,3.746641683578491
20020,5.357808780670166
20021,5.207642841339111
20022,5.8344062805175785
20023,3.724686288833618
20024,6.449300479888916
20025,3.094035577774048
20026,3.8211172103881834
20027,8.185145378112793
20028,8.451630401611329
20029,6.813501644134521
20030,2.942047929763794
20031,6.699507808685302
20032,5.429627990722656
20033,8.59171199798584
20034,7.807211780548096
20035,4.78574161529541
20036,7.999976253509521
20037,5.94717378616333
20038,6.32445011138916
20039,7.851169013977051
20040,7.1614151954650875
20041,9.607084846496582
20042,8.2875825881958
20043,4.973005294799805
20044,6.819414234161377
20045,2.470336151123047
20046,6.086855030059814
20047,4.284394454956055
20048,7.2711647033691404
20049,3.036866235733032
20050,3.6624958992004393
20051,5.692569732666016
20052,6.774263763427735
20053,7.2905041694641115
20054,5.149135684967041
20055,4.279285335540772
20056,6.699892139434814
20057,5.307608795166016
20058,5.591280269622803
20059,6.834651470184326
20060,6.226432991027832
20061,4.9576667785644535
20062,5.378610134124756
20063,6.121425342559815
20064,1.5354461193084716
20065,5.44196310043335
20066,5.402734661102295
20067,8.642550659179687
20068,5.412820148468017
20069,4.897683143615723
20070,3.634642171859741
20071,6.8208849906921385
20072,6.323925590515136
20073,7.681398963928222
20074,7.900134086608887
20075,6.713411045074463
20076,3.1195530891418457
20077,3.725554847717285
20078,9.241769409179687
20079,6.204708576202393
20080,7.345541286468506
20081,8.773625946044922
20082,6.3243378639221195
20083,4.5693284034729
20084,5.492370891571045
20085,7.056781482696533
20086,6.944040775299072
20087,6.880727100372314
20088,6.045732498168945
20089,3.5756728649139404
20090,2.673586845397949
20091,6.2301582336425785
20092,8.043435955047608
20093,7.2950663566589355
20094,9.403292465209962
20095,7.616542530059815
20096,8.00955753326416
20097,4.934592533111572
20098,7.644130229949951
20099,4.0169912815094
20100,5.023324584960937
20101,4.667631340026856
20102,4.002900743484497
20103,4.2042555809021
20104,5.995223522186279
20105,7.77095251083374
20106,4.135911273956299
20107,5.033876991271972
20108,5.783733272552491
20109,4.1447821140289305
20110,3.4898029804229735
20111,8.467858123779298
20112,3.719209384918213
20113,9.6259370803833
20114,4.27736644744873
20115,5.018380832672119
20116,5.183725357055664
20117,4.9126640319824215
20118,3.1388716220855715
20119,5.465612983703613
20120,6.946072673797607
20121,6.312300491333008
20122,7.0548704147338865
20123,3.482949733734131
20124,2.5850441455841064
20125,6.963782024383545
20126,7.778227519989014
20127,3.3545307159423827
20128,6.790981388092041
20129,7.814406108856201
20130,3.91152400970459
20131,5.794995975494385
20132,6.796424770355225
20133,6.372519683837891
20134,5.533865737915039
20135,8.86182746887207
20136,5.625737953186035
20137,5.154003524780274
20138,3.7976001739501952
20139,9.452158355712891
20140,2.3914272785186768
20141,4.044573879241943
20142,5.97188892364502
20143,9.445890808105469
20144,5.473885917663575
20145,8.056834888458251
20146,8.672605323791505
20147,5.098760604858398
20148,4.820489978790283
20149,5.955035877227783
20150,6.242788219451905
20151,1.4114354372024536
20152,5.7938456535339355
20153,5.3128382682800295
20154,6.681855392456055
20155,7.177169132232666
20156,3.086567258834839
20157,2.9517197132110597
20158,6.241496753692627
20159,6.472520446777343
20160,2.6214820384979247
20161,4.6159820556640625
20162,6.511270427703858
20163,4.706153869628906
20164,8.177090835571288
20165,9.4551176071167
20166,2.0992506742477417
20167,3.5241135120391847
20168,6.728321647644043
20169,7.69300947189331
20170,5.547262668609619
20171,4.509497261047363
20172,4.76076021194458
20173,4.7724143981933596
20174,3.4447641372680664
20175,5.004255867004394
20176,7.607432651519775
20177,8.733466911315919
20178,1.9324758529663086
20179,7.845729351043701
20180,6.110896110534668
20181,8.733958625793457
20182,5.806908893585205
20183,8.738878440856933
20184,6.940369701385498
20185,6.3762866973876955
20186,6.631188297271729
20187,6.563668632507325
20188,5.8276971817016605
20189,2.9734488010406492
20190,4.176031303405762
20191,5.9093340873718265
20192,8.32980899810791
20193,7.276474571228027
20194,5.98522539138794
20195,6.994862174987793
20196,5.418209362030029
20197,6.562634086608886
20198,7.7165779113769535
20199,9.125121307373046
20200,4.839173698425293
20201,8.457106590270996
20202,3.141871786117554
20203,6.576516342163086
20204,4.690770149230957
20205,6.985726833343506
20206,5.254855060577393
20207,5.936881065368652
20208,3.1948416233062744
20209,6.798863124847412
20210,8.559770011901856
20211,5.779660034179687
20212,4.449433135986328
20213,9.110331535339355
20214,4.438247108459473
20215,2.5612496376037597
20216,7.253055381774902
20217,6.566310787200928
20218,7.065221977233887
20219,6.2528910636901855
20220,4.559960174560547
20221,5.941040992736816
20222,6.881289482116699
20223,6.109367370605469
20224,5.7565436363220215
20225,5.372532081604004
20226,5.190794372558594
20227,6.681826972961426
20228,7.886509227752685
20229,7.607712650299073
20230,6.109698104858398
20231,7.978398609161377
20232,7.322920036315918
20233,7.267732238769531
20234,8.981709098815918
20235,5.256532096862793
20236,6.697283744812012
20237,3.9885642528533936
20238,6.7362018585205075
20239,4.742948818206787
20240,4.949054145812989
20241,2.0813935518264772
20242,6.71007661819458
20243,4.061112785339356
20244,8.350104522705077
20245,6.563345527648925
20246,6.971660423278808
20247,6.255218124389648
20248,5.944203090667725
20249,2.4079832077026366
20250,5.6609352111816404
20251,5.424356746673584
20252,6.768834018707276
20253,6.903789329528808
20254,3.0962641716003416
20255,2.4573241233825684
20256,5.834446716308594
20257,2.3334144592285155
20258,1.9210047006607056
20259,5.0932210922241214
20260,7.944240760803223
20261,2.8540461540222166
20262,6.268226432800293
20263,6.333641624450683
20264,6.505906200408935
20265,9.194670104980469
20266,3.3649378299713133
20267,7.300311946868897
20268,2.9182387351989747
20269,4.985856056213379
20270,5.882780647277832
20271,6.479776096343994
20272,5.479915428161621
20273,3.747643518447876
20274,1.550002431869507
20275,9.991232299804688
20276,6.911267375946045
20277,5.8874436378479
20278,4.326640605926514
20279,9.70130786895752
20280,5.317195320129395
20281,7.0989398002624515
20282,6.7309223175048825
20283,7.711860847473145
20284,4.226688385009766
20285,7.885687732696534
20286,5.828474617004394
20287,6.322989177703858
20288,4.046355199813843
20289,5.260157585144043
20290,6.2753314018249515
20291,5.351298999786377
20292,6.354164028167725
20293,7.819242382049561
20294,4.328790664672852
20295,6.963847637176514
20296,7.146850967407227
20297,2.9230746746063234
20298,6.3843738555908205
20299,4.784411239624023
20300,6.3055671691894535
20301,5.284253311157227
20302,6.618891906738281
20303,2.0487127780914305
20304,5.622763156890869
20305,8.626641464233398
20306,4.761657810211181
20307,8.353111267089844
20308,4.495370578765869
20309,6.100227928161621
20310,6.079331588745117
20311,4.580112552642822
20312,6.882639217376709
20313,8.186235427856445
20314,5.980586242675781
20315,6.6415550231933596
20316,4.2811534881591795
20317,7.262711429595948
20318,4.899532985687256
20319,6.9506861686706545
20320,5.6068319320678714
20321,6.574697685241699
20322,8.083375930786133
20323,7.85960636138916
20324,5.066725444793701
20325,5.022106266021728
20326,4.675830841064453
20327,7.367496490478516
20328,4.297641944885254
20329,6.7363402366638185
20330,4.223539638519287
20331,5.760636329650879
20332,7.22373218536377
20333,9.867771911621094
20334,6.899485969543457
20335,6.356803703308105
20336,7.59643669128418
20337,4.1347003936767575
20338,3.2263220310211183
20339,5.09897289276123
20340,4.4966167449951175
20341,7.375086879730224
20342,6.014292240142822
20343,8.103215980529786
20344,5.939380550384522
20345,7.6169780731201175
20346,7.184607124328613
20347,4.517510414123535
20348,1.8743053436279298
20349,5.858458137512207
20350,6.965633296966553
20351,7.120212554931641
20352,8.3944580078125
20353,6.633171558380127
20354,5.313924884796142
20355,8.31089744567871
20356,6.609786796569824
20357,4.512608528137207
20358,6.629127502441406
20359,8.33361587524414
20360,6.458735084533691
20361,4.447859764099121
20362,3.670096588134766
20363,2.6529672622680662
20364,5.809475421905518
20365,7.653989696502686
20366,8.158756828308105
20367,5.669925308227539
20368,5.41779842376709
20369,9.267147445678711
20370,4.413119888305664
20371,6.104819011688233
20372,7.344674682617187
20373,7.238911056518555
20374,1.8415948867797851
20375,5.083934879302978
20376,3.5595720767974854
20377,4.476157569885254
20378,8.164420890808106
20379,4.594784736633301
20380,1.3933634042739869
20381,6.777909469604492
20382,7.271728897094727
20383,8.947171783447265
20384,7.878127098083496
20385,5.347271251678467
20386,3.7504103660583494
20387,4.711539554595947
20388,3.9036860942840574
20389,4.069748830795288
20390,4.695447158813477
20391,5.566631889343261
20392,7.122335910797119
20393,8.745547103881837
20394,8.019523429870606
20395,6.904988861083984
20396,8.04990749359131
20397,3.4304200649261474
20398,3.6368083477020265
20399,7.683487415313721
20400,5.261512279510498
20401,7.3758923530578615
20402,7.694083404541016
20403,6.357222557067871
20404,8.986625671386719
20405,3.1542243003845214
20406,6.797189426422119
20407,7.290633773803711
20408,6.2868047714233395
20409,6.168401622772217
20410,5.005921936035156
20411,5.503959083557129
20412,6.692595386505127
20413,4.711611938476563
20414,5.2052812576293945
20415,6.551358795166015
20416,7.90830659866333
20417,6.951101684570313
20418,4.194105625152588
20419,6.277781391143799
20420,5.608451557159424
20421,3.4163321971893312
20422,8.234673500061035
20423,8.018163299560547
20424,7.452832508087158
20425,7.748069190979004
20426,5.349565029144287
20427,4.966200065612793
20428,8.461386680603027
20429,4.0384468078613285
20430,4.662971782684326
20431,6.127120399475098
20432,6.428076457977295
20433,7.044097995758056
20434,4.828993320465088
20435,4.901525402069092
20436,5.250754547119141
20437,4.643204689025879
20438,8.270135498046875
20439,9.445186614990234
20440,5.334572792053223
20441,6.78738317489624
20442,4.085839653015137
20443,7.751451015472412
20444,6.2487997055053714
20445,7.261601066589355
20446,7.454686546325684
20447,4.231716346740723
20448,3.1014211654663084
20449,6.635846424102783
20450,4.94116735458374
20451,6.313333797454834
20452,7.481207370758057
20453,2.977019023895264
20454,8.738572311401366
20455,4.647974014282227
20456,5.550992393493653
20457,3.3204883098602296
20458,9.046692276000977
20459,8.85301685333252
20460,4.6368073463439945
20461,1.5035591840744018
20462,7.2761993408203125
20463,6.309714126586914
20464,2.9092519283294678
20465,2.8758492946624754
20466,9.381294250488281
20467,5.9295652389526365
20468,5.34269962310791
20469,6.342685985565185
20470,3.7142647743225097
20471,1.0884923458099365
20472,5.521928405761718
20473,4.822643852233886
20474,6.880026912689209
20475,3.8806253910064696
20476,6.379167366027832
20477,5.925015068054199
20478,2.3620752811431887
20479,3.5681943893432617
20480,3.9551430225372313
20481,9.060122108459472
20482,6.742577648162841
20483,4.8383747100830075
20484,1.8530641555786134
20485,7.46516752243042
20486,7.379376983642578
20487,4.768176937103272
20488,3.09169225692749
20489,6.861414527893066
20490,4.317812061309814
20491,3.8499929904937744
20492,3.50732684135437
20493,9.814749908447265
20494,7.48878173828125
20495,3.210685634613037
20496,3.631803560256958
20497,7.825350570678711
20498,2.664906454086304
20499,8.482785987854005
20500,6.094289016723633
20501,8.453739547729493
20502,3.864783191680908
20503,5.939306926727295
20504,5.757980060577393
20505,5.760643577575683
20506,3.9131829738616943
20507,7.844721794128418
20508,8.472894859313964
20509,6.2358800888061525
20510,7.73668270111084
20511,7.358535099029541
20512,3.08291335105896
20513,9.451027107238769
20514,1.3888316392898559
20515,4.417358779907227
20516,1.9927900552749633
20517,5.1136377334594725
20518,3.76415638923645
20519,5.741790103912353
20520,3.5545034408569336
20521,6.7167205810546875
20522,5.503983497619629
20523,3.9891119956970216
20524,7.439327526092529
20525,6.642777824401856
20526,5.245711708068848
20527,5.694567680358887
20528,7.7467756271362305
20529,5.206200695037841
20530,7.325379180908203
20531,6.21633825302124
20532,3.2835463523864745
20533,5.935105705261231
20534,9.493125915527344
20535,7.5252814292907715
20536,5.847113513946534
20537,9.238084411621093
20538,7.121213054656982
20539,5.211228466033935
20540,5.236682033538818
20541,6.19434232711792
20542,7.813152313232422
20543,6.26274299621582
20544,7.350894737243652
20545,4.877704048156739
20546,5.796293067932129
20547,4.422329330444336
20548,5.969190216064453
20549,6.976344013214112
20550,2.4944573402404786
20551,8.361709785461425
20552,8.252192878723145
20553,4.894452285766602
20554,7.384184455871582
20555,9.238137817382812
20556,8.382154846191407
20557,7.332828617095947
20558,8.589902687072755
20559,7.335649394989014
20560,10.0
20561,2.757729005813599
20562,8.13796615600586
20563,8.478685569763183
20564,4.35897970199585
20565,9.007881164550781
20566,7.938349914550781
20567,5.161092758178711
20568,5.0223430633544925
20569,9.084892082214356
20570,2.727132701873779
20571,5.998691082000732
20572,7.165571594238282
20573,7.977388381958008
20574,4.0517669200897215
20575,6.719789123535156
20576,8.882147026062011
20577,9.42594108581543
20578,6.149612998962402
20579,6.845861148834229
20580,4.978775978088379
20581,6.104074573516845
20582,9.410861587524414
20583,6.561376571655273
20584,7.088843917846679
20585,7.956356716156006
20586,3.9229681968688963
20587,5.329627323150635
20588,7.411337757110596
20589,4.264076519012451
20590,4.376457786560058
20591,4.685173988342285
20592,8.741772079467774
20593,5.769789028167724
20594,6.373310565948486
20595,7.8784613609313965
20596,5.222659778594971
20597,1.7869288206100464
20598,5.674750804901123
20599,6.5438179016113285
20600,1.9739904880523682
20601,4.237826728820801
20602,2.296818399429321
20603,5.594895362854004
20604,5.743176651000977
20605,6.899110507965088
20606,5.481960773468018
20607,4.143968391418457
20608,4.138034439086914
20609,9.019624519348145
20610,6.563370704650879
20611,9.568853950500488
20612,5.864163780212403
20613,2.7815247058868406
20614,8.652390480041504
20615,6.486176490783691
20616,1.9303238153457642
20617,5.541631603240967
20618,9.689850616455079
20619,8.72342300415039
20620,6.665975666046142
20621,6.287831592559814
20622,3.5411404609680175
20623,7.236317253112793
20624,7.298562145233154
20625,4.546748542785645
20626,7.085653495788574
20627,9.307172584533692
20628,7.317831707000733
20629,9.709567260742187
20630,8.234650039672852
20631,4.511836242675781
20632,4.491325092315674
20633,7.033557605743408
20634,6.5515296936035154
20635,6.171576881408692
20636,5.787911891937256
20637,6.895851421356201
20638,5.356104469299316
20639,3.843541955947876
20640,6.155788803100586
20641,6.686925983428955
20642,7.774333667755127
20643,4.042621231079101
20644,5.196566581726074
20645,4.291609573364258
20646,6.6404924392700195
20647,2.853757905960083
20648,3.899013566970825
20649,5.09148416519165
20650,5.952647972106933
20651,6.833276081085205
20652,7.330356884002685
20653,3.393267059326172
20654,2.434925985336304
20655,5.813059520721436
20656,7.410134506225586
20657,9.452039337158203
20658,8.259666252136231
20659,3.681843948364258
20660,8.316138458251952
20661,8.112741851806641
20662,2.3897525310516357
20663,9.078286170959473
20664,5.83215742111206
20665,5.791390609741211
20666,5.466487216949463
20667,3.2364441394805907
20668,6.950063419342041
20669,6.662013053894043
20670,8.130039405822753
20671,4.888687610626221
20672,6.862215137481689
20673,6.0815387725830075
20674,7.895517635345459
20675,4.175581312179565
20676,7.277836322784424
20677,7.921221160888672
20678,7.419851016998291
20679,2.589344310760498
20680,8.277210807800293
20681,3.593657445907593
20682,5.787789154052734
20683,6.962084674835205
20684,4.289426708221436
20685,7.244902324676514
20686,7.628049087524414
20687,5.915602970123291
20688,7.408601760864258
20689,2.449150896072388
20690,7.6815258979797365
20691,6.982867813110351
20692,7.0935163497924805
20693,6.74724063873291
20694,7.003718662261963
20695,6.1350329399108885
20696,4.785267543792725
20697,5.440238380432129
20698,5.192736625671387
20699,9.484675407409668
20700,2.4356111526489257
20701,6.662572383880615
20702,7.940484046936035
20703,7.851057434082032
20704,6.997197055816651
20705,7.8305927276611325
20706,6.360568714141846
20707,1.4121103048324586
20708,3.4815062999725344
20709,6.665989017486572
20710,8.27454433441162
20711,4.958617115020752
20712,5.613774299621582
20713,8.97525863647461
20714,8.553040885925293
20715,7.523971176147461
20716,5.926758193969727
20717,3.8099436283111574
20718,8.782766914367675
20719,5.695252132415772
20720,7.088775539398194
20721,8.639829444885255
20722,3.3494964599609376
20723,8.678253555297852
20724,5.507336616516113
20725,2.8997273445129395
20726,5.780945491790772
20727,3.040517044067383
20728,5.596301651000976
20729,5.430131721496582
20730,5.19654655456543
20731,2.326379346847534
20732,3.523861360549927
20733,8.299097442626953
20734,8.501415824890136
20735,5.370586395263672
20736,4.174122524261475
20737,6.450140285491943
20738,4.897955703735351
20739,4.260208702087402
20740,4.64080924987793
20741,6.580497360229492
20742,6.075113010406494
20743,8.254035758972169
20744,5.243245410919189
20745,7.35853910446167
20746,3.9621716499328614
20747,4.509230995178223
20748,7.48056697845459
20749,2.079474663734436
20750,7.0932541847229
20751,3.857690143585205
20752,4.88067102432251
20753,8.61363868713379
20754,2.4449485301971436
20755,3.032071256637573
20756,6.561123085021973
20757,8.224475479125976
20758,6.8646416664123535
20759,6.496227741241455
20760,5.810549259185791
20761,6.418095302581787
20762,3.9860933303833006
20763,6.307573032379151
20764,4.5959752082824705
20765,9.583375167846679
20766,5.4461973190307615
20767,6.194210720062256
20768,2.903974103927612
20769,8.613642692565918
20770,4.424127292633057
20771,5.542386817932129
20772,5.430536556243896
20773,7.927587413787842
20774,7.677667140960693
20775,5.252892208099365
20776,8.900958442687989
20777,4.3839997291564945
20778,9.558372688293456
20779,5.188993835449219
20780,7.506589126586914
20781,8.231572723388672
20782,6.814278602600098
20783,5.61371488571167
20784,7.340445709228516
20785,5.9891942024230955
20786,4.909007549285889
20787,2.4641061782836915
20788,6.63629379272461
20789,1.5490352869033814
20790,6.1507744789123535
20791,6.512412071228027
20792,7.740463733673096
20793,7.962552642822265
20794,7.619935131072998
20795,5.040964508056641
20796,7.20464391708374
20797,5.981373596191406
20798,4.318513679504394
20799,7.5485223770141605
20800,5.2276026725769045
20801,6.403285217285156
20802,6.595864963531494
20803,4.33256778717041
20804,5.94545726776123
20805,5.77183952331543
20806,5.600648498535156
20807,4.8524885177612305
20808,9.81397590637207
20809,5.531128883361816
20810,6.815718936920166
20811,7.394048976898193
20812,9.271754455566406
20813,3.1813376426696776
20814,8.329254150390625
20815,6.976670455932617
20816,7.162302494049072
20817,5.534579658508301
20818,7.464347171783447
20819,7.555462169647217
20820,6.769133281707764
20821,7.812475204467773
20822,5.869223117828369
20823,3.7613547801971436
20824,6.339675712585449
20825,6.744679164886475
20826,7.889025402069092
20827,8.422688484191895
20828,4.8063328742980955
20829,7.6687421798706055
20830,6.685694026947021
20831,4.2213454246521
20832,3.0755797386169434
20833,3.2273855209350586
20834,8.311330413818359
20835,7.216402339935303
20836,8.421796417236328
20837,6.610014343261719
20838,4.541296482086182
20839,4.646940040588379
20840,8.48756217956543
20841,5.740789985656738
20842,8.46431369781494
20843,4.958478164672852
20844,2.407841920852661
20845,5.630414581298828
20846,7.085992431640625
20847,6.439227676391601
20848,6.775903415679932
20849,4.970931434631348
20850,6.5878511428833
20851,5.253886318206787
20852,7.8847757339477536
20853,5.913368988037109
20854,6.065030860900879
20855,1.8567758560180665
20856,5.5929971694946286
20857,5.607382774353027
20858,5.0836594581604
20859,1.8156294345855712
20860,2.9732359886169433
20861,6.676497840881348
20862,5.905155658721924
20863,6.007853889465332
20864,4.466361427307129
20865,7.28608341217041
20866,8.34241542816162
20867,8.402223777770995
20868,6.278210544586182
20869,6.833957004547119
20870,6.769999599456787
20871,6.210963344573974
20872,9.105437850952148
20873,6.590169143676758
20874,6.309177207946777
20875,4.484485721588134
20876,5.312533855438232
20877,8.47794303894043
20878,6.548993110656738
20879,5.968630123138428
20880,10.0
20881,6.399758338928223
20882,5.941686534881592
20883,1.4920912504196167
20884,5.941524600982666
20885,4.075653028488159
20886,6.098034286499024
20887,5.8612621307373045
20888,4.026027631759644
20889,7.643925380706787
20890,4.912286281585693
20891,8.07585334777832
20892,4.812284183502197
20893,2.5710782527923586
20894,8.041576194763184
20895,7.9399733543396
20896,5.864134693145752
20897,4.9808989524841305
20898,4.974440479278565
20899,2.9536297798156737
20900,5.426016616821289
20901,6.705912017822266
20902,9.546799659729004
20903,8.23626251220703
20904,5.583422088623047
20905,6.202826118469238
20906,8.690262603759766
20907,3.108265686035156
20908,8.983283615112304
20909,5.207813262939453
20910,5.545198059082031
20911,4.243187999725341
20912,6.4438063621521
20913,2.920015811920166
20914,5.366141605377197
20915,9.062637519836425
20916,2.936587762832642
20917,2.7307156562805175
20918,6.622460174560547
20919,3.521760606765747
20920,6.9035749435424805
20921,7.277428054809571
20922,3.260197877883911
20923,4.044248819351196
20924,7.818121528625488
20925,5.619307994842529
20926,4.966299343109131
20927,4.3906045913696286
20928,6.015118789672852
20929,4.202528572082519
20930,6.961707401275635
20931,6.805891609191894
20932,5.104247760772705
20933,6.16029462814331
20934,3.929090452194214
20935,3.3459471702575683
20936,6.911858558654785
20937,8.041940116882325
20938,9.86289119720459
20939,9.17446002960205
20940,9.990927124023438
20941,8.370172691345214
20942,5.6784931182861325
20943,7.266152477264404
20944,1.7608257055282592
20945,6.67913122177124
20946,7.614447498321534
20947,4.318551731109619
20948,8.398848342895509
20949,6.835159015655518
20950,3.3263476848602296
20951,5.355486011505127
20952,8.546949005126953
20953,8.40381908416748
20954,1.0854593515396118
20955,3.6893271446228026
20956,5.140063285827637
20957,6.337856006622315
20958,7.895265197753906
20959,5.685789966583252
20960,5.100721931457519
20961,4.170425510406494
20962,6.297374725341797
20963,7.827474308013916
20964,7.300206089019776
20965,2.8230913162231444
20966,5.117526435852051
20967,3.437354803085327
20968,2.6997382164001467
20969,5.436577987670899
20970,6.793379020690918
20971,4.183717346191406
20972,7.198335838317871
20973,6.584186840057373
20974,7.346006774902344
20975,7.93744010925293
20976,6.139578247070313
20977,4.1635712623596195
20978,4.737252330780029
20979,5.369294452667236
20980,5.756028652191162
20981,5.458892059326172
20982,5.591509628295898
20983,7.809981727600098
20984,5.69740047454834
20985,6.605939102172852
20986,7.991746711730957
20987,6.281907463073731
20988,6.979328441619873
20989,9.623255348205566
20990,8.84347743988037
20991,7.3175843238830565
20992,5.2129193305969235
20993,3.385524559020996
20994,5.2814301490783695
20995,4.79427433013916
20996,6.895828056335449
20997,6.668262577056884
20998,7.326238918304443
20999,4.675259113311768
21000,3.810675287246704
21001,6.789411544799805
21002,1.943221426010132
21003,7.062591171264648
21004,5.390134716033936
21005,8.440473937988282
21006,5.087727451324463
21007,6.635292720794678
21008,4.580101394653321
21009,6.049644470214844
21010,6.2708274841308596
21011,8.356296730041503
21012,6.285062408447265
21013,6.463724994659424
21014,7.718124675750732
21015,5.623056411743164
21016,7.075600337982178
21017,5.219592571258545
21018,5.628785037994385
21019,5.967428970336914
21020,6.004968547821045
21021,2.498286724090576
21022,6.8484649658203125
21023,4.1375157833099365
21024,7.584198760986328
21025,4.849782848358155
21026,4.703794193267822
21027,5.541633129119873
21028,6.216835594177246
21029,4.168335723876953
21030,2.385415029525757
21031,3.9523739337921144
21032,8.273134803771972
21033,6.4376726150512695
21034,3.5373695373535154
21035,3.5698965549468995
21036,7.116346168518066
21037,4.541131591796875
21038,6.085915565490723
21039,7.622724819183349
21040,8.830471801757813
21041,7.0596410751342775
21042,4.753725910186768
21043,4.891098308563232
21044,6.608101177215576
21045,5.671827793121338
21046,7.845097827911377
21047,4.551968193054199
21048,4.578568458557129
21049,3.7482472896575927
21050,6.632622814178466
21051,4.257656574249268
21052,5.504889869689942
21053,6.905890274047851
21054,5.148996353149414
21055,8.0373028755188
21056,4.850098705291748
21057,4.275578498840332
21058,5.8556805610656735
21059,5.319615173339844
21060,3.8486572742462157
21061,9.43539810180664
21062,2.9911282062530518
21063,3.300199604034424
21064,2.830776405334473
21065,6.175283527374267
21066,6.097500514984131
21067,8.903133201599122
21068,2.934828996658325
21069,7.023377799987793
21070,2.232314443588257
21071,2.4872012615203856
21072,4.2849444389343265
21073,2.3106534481048584
21074,9.326178359985352
21075,6.8125536918640135
21076,9.475243377685548
21077,5.848670768737793
21078,1.7152699947357177
21079,8.820487976074219
21080,2.920930814743042
21081,5.901541709899902
21082,8.246146965026856
21083,6.6774016380310055
21084,7.235174560546875
21085,8.85227336883545
21086,8.402433013916015
21087,5.389694404602051
21088,4.10951337814331
21089,1.8193575382232665
21090,2.89234037399292
21091,5.072024631500244
21092,5.196625423431397
21093,6.059084510803222
21094,7.535353183746338
21095,8.01543312072754
21096,3.7136732578277587
21097,4.022300958633423
21098,4.586570358276367
21099,5.1969483375549315
21100,5.441442489624023
21101,6.120445632934571
21102,5.039383220672607
21103,4.686281013488769
21104,4.794396495819091
21105,2.1805981397628784
21106,4.327347087860107
21107,5.6277463912963865
21108,4.581467723846435
21109,4.417219829559326
21110,7.907682132720947
21111,5.00674352645874
21112,8.282230949401855
21113,7.023686408996582
21114,4.658146476745605
21115,5.502198600769043
21116,2.8684612274169923
21117,8.956623649597168
21118,6.7819445610046385
21119,6.441500091552735
21120,3.5400383472442627
21121,3.984286642074585
21122,5.846329402923584
21123,4.926135540008545
21124,7.258140563964844
21125,5.870253181457519
21126,2.964409017562866
21127,6.834283828735352
21128,7.911474990844726
21129,8.181809139251708
21130,7.630441761016845
21131,7.454168319702148
21132,5.912901592254639
21133,6.494735145568848
21134,6.251987552642822
21135,3.5534746646881104
21136,8.05918025970459
21137,7.85904016494751
21138,7.150968742370606
21139,4.823628902435303
21140,8.32713279724121
21141,7.2889477729797365
21142,2.9367415428161623
21143,3.4687991619110106
21144,8.424235916137695
21145,5.582912349700928
21146,7.7500303268432615
21147,4.973980808258057
21148,5.097304439544677
21149,6.676061630249023
21150,6.113498306274414
21151,6.134481525421142
21152,5.370772838592529
21153,7.3348311424255375
21154,8.271192932128907
21155,2.9773900508880615
21156,9.03394718170166
21157,6.602791786193848
21158,8.076626873016357
21159,7.790991878509521
21160,7.389554977416992
21161,5.847207832336426
21162,4.160913181304932
21163,5.1261943817138675
21164,7.44149694442749
21165,3.485851860046387
21166,7.291030311584473
21167,7.669257354736328
21168,5.53473129272461
21169,6.855767440795899
21170,5.0405299186706545
21171,8.333820724487305
21172,3.4855807304382322
21173,5.485115432739258
21174,4.979783916473389
21175,8.048278427124023
21176,5.752773666381836
21177,7.327444648742675
21178,6.023395538330078
21179,6.529155921936035
21180,6.102143383026123
21181,5.909999179840088
21182,4.152657413482666
21183,6.657798099517822
21184,4.914644813537597
21185,6.008957767486573
21186,5.923411178588867
21187,3.4062254428863525
21188,7.891365242004395
21189,2.797801160812378
21190,7.568037509918213
21191,8.197322654724122
21192,5.703593635559082
21193,7.612282562255859
21194,5.6860147476196286
21195,7.344104385375976
21196,7.295038795471191
21197,7.306346035003662
21198,8.701580238342284
21199,1.9633015394210815
21200,6.365482807159424
21201,6.779849529266357
21202,8.967652320861816
21203,7.828689289093018
21204,7.480282497406006
21205,7.4218847274780275
21206,7.2553082466125485
21207,8.937984657287597
21208,5.940210819244385
21209,6.946349620819092
21210,1.1494187593460083
21211,6.760083389282227
21212,8.863708305358887
21213,4.2165450096130375
21214,2.784337854385376
21215,7.161417388916016
21216,4.302038478851318
21217,7.1004260063171385
21218,5.76284351348877
21219,7.061934089660644
21220,7.969051742553711
21221,9.185795402526855
21222,5.657394123077393
21223,5.819335460662842
21224,3.1122937202453613
21225,8.08014793395996
21226,7.22636137008667
21227,9.156686210632325
21228,8.985491752624512
21229,6.3833208084106445
21230,6.256915760040283
21231,6.265235042572021
21232,4.332200717926026
21233,6.322718811035156
21234,4.974955654144287
21235,8.181091690063477
21236,7.393293762207032
21237,3.705290126800537
21238,6.087690544128418
21239,5.87646255493164
21240,5.095667171478271
21241,4.219079971313477
21242,9.902868461608886
21243,5.655383205413818
21244,3.3194693088531495
21245,6.262800502777099
21246,4.684846210479736
21247,5.9317161560058596
21248,5.982182884216309
21249,4.205844306945801
21250,3.7623946189880373
21251,6.72866382598877
21252,5.697353267669678
21253,6.301355075836182
21254,7.6790718078613285
21255,5.5767851829528805
21256,8.129727745056153
21257,6.612039470672608
21258,6.262133598327637
21259,7.74588680267334
21260,4.6065877914428714
21261,1.8053998708724976
21262,4.858485317230224
21263,7.13375072479248
21264,7.627298736572266
21265,5.524265098571777
21266,5.993904495239258
21267,3.0174523830413817
21268,5.302210140228271
21269,8.346365928649902
21270,5.9988432884216305
21271,3.6847601890563966
21272,4.089362478256225
21273,7.671945667266845
21274,8.358538246154785
21275,6.06721248626709
21276,5.103147888183594
21277,4.7476788520812985
21278,1.5578429698944092
21279,8.760409927368164
21280,5.914771652221679
21281,7.972832202911377
21282,4.424733066558838
21283,8.161273384094239
21284,4.095556831359863
21285,6.250174617767334
21286,8.599412155151366
21287,3.894239139556885
21288,6.432827472686768
21289,6.711888027191162
21290,9.206862449645996
21291,4.82353105545044
21292,4.800551033020019
21293,4.762678241729736
21294,6.718948554992676
21295,7.987160015106201
21296,8.208191108703613
21297,6.5577881813049315
21298,1.1127618193626403
21299,5.064400100708008
21300,3.6827151775360107
21301,5.125416946411133
21302,5.905127811431885
21303,6.205654716491699
21304,3.574544334411621
21305,8.251637077331543
21306,6.086974334716797
21307,3.7756442070007323
21308,7.290937519073486
21309,6.442371845245361
21310,6.467694568634033
21311,5.547144508361816
21312,6.468014430999756
21313,7.312301826477051
21314,6.129771900177002
21315,4.50275764465332
21316,8.565149307250977
21317,3.447011041641235
21318,3.1207807064056396
21319,6.7325615882873535
21320,4.020127773284912
21321,6.249206924438477
21322,4.367108917236328
21323,2.670844078063965
21324,7.276856708526611
21325,7.643968486785889
21326,7.985529994964599
21327,5.923646354675293
21328,7.983067989349365
21329,7.471718788146973
21330,6.707900619506836
21331,7.885931015014648
21332,4.109326696395874
21333,4.161741542816162
21334,9.140992546081543
21335,7.884974670410156
21336,7.1088385581970215
21337,7.418459033966064
21338,4.782214546203614
21339,2.9936993598937987
21340,2.4538267135620115
21341,7.577966403961182
21342,4.4637548446655275
21343,2.477604532241821
21344,3.9903249740600586
21345,4.688827800750732
21346,4.375333595275879
21347,4.239773941040039
21348,5.209421920776367
21349,5.3892409324646
21350,6.961395740509033
21351,6.356615829467773
21352,7.978750610351563
21353,6.665816593170166
21354,5.344566917419433
21355,4.470857429504394
21356,6.756733036041259
21357,9.148108291625977
21358,6.968974304199219
21359,7.418231964111328
21360,8.57654972076416
21361,6.390784358978271
21362,3.1113150119781494
21363,6.273192977905273
21364,0.5882102370262146
21365,7.183105182647705
21366,9.209911727905274
21367,6.5354327201843265
21368,5.729807758331299
21369,6.970508575439453
21370,5.080215358734131
21371,7.286981868743896
21372,5.250586414337159
21373,4.729172801971435
21374,3.54659161567688
21375,4.273735523223877
21376,6.6800943374633786
21377,4.292811012268066
21378,7.2057013511657715
21379,7.915213966369629
21380,5.925442504882812
21381,7.171212959289551
21382,5.420633602142334
21383,4.8321154594421385
21384,5.267625427246093
21385,7.373757839202881
21386,2.4013656616210937
21387,2.9946592330932615
21388,4.897372055053711
21389,6.600734424591065
21390,6.259836101531983
21391,7.097721195220947
21392,4.653621578216553
21393,3.804443025588989
21394,6.235317993164062
21395,8.009985160827636
21396,4.923904228210449
21397,7.833663368225098
21398,5.5191650390625
21399,6.72596321105957
21400,3.249864912033081
21401,6.9379654884338375
21402,6.1635161399841305
21403,9.118717575073243
21404,2.6081518173217773
21405,7.733065605163574
21406,5.915121269226074
21407,6.115851402282715
21408,4.636062335968018
21409,2.327501678466797
21410,5.796667671203613
21411,8.815029335021972
21412,6.47769947052002
21413,8.829478073120118
21414,6.708329486846924
21415,5.52847146987915
21416,2.7571526527404786
21417,8.32520408630371
21418,7.239128684997558
21419,9.337075805664062
21420,4.159822273254394
21421,4.34943208694458
21422,4.178158903121949
21423,3.588628339767456
21424,6.881139087677002
21425,3.4685683250427246
21426,6.948225593566894
21427,5.160887336730957
21428,5.918798160552979
21429,4.007939291000366
21430,7.4680376052856445
21431,2.2230772495269777
21432,8.205405807495117
21433,8.116118240356446
21434,8.529047966003418
21435,6.153448486328125
21436,8.337534713745118
21437,9.420950317382813
21438,6.571699333190918
21439,6.555485343933105
21440,8.255089378356933
21441,6.2031005859375
21442,3.9789734840393067
21443,4.006151390075684
21444,6.579389476776123
21445,5.832933044433593
21446,6.0854743957519535
21447,4.790215396881104
21448,7.073831272125244
21449,5.178003120422363
21450,5.170206832885742
21451,6.3305634498596195
21452,8.385087013244629
21453,8.559533309936523
21454,5.357397937774659
21455,6.679232025146485
21456,5.2949926376342775
21457,9.235248184204101
21458,5.7982102394104
21459,3.5937528133392336
21460,3.9521265506744383
21461,6.975386047363282
21462,3.5668286800384523
21463,8.636701774597167
21464,6.675609874725342
21465,8.063908576965332
21466,4.850261974334717
21467,8.873295974731445
21468,5.737965869903564
21469,3.5561813354492187
21470,6.121319103240967
21471,4.303398704528808
21472,6.7162925720214846
21473,6.140631675720215
21474,3.77562255859375
21475,3.2279279232025146
21476,4.756310844421387
21477,4.205998802185059
21478,5.701867580413818
21479,6.60756025314331
21480,7.078471660614014
21481,4.0171226978302
21482,7.625856399536133
21483,7.756148338317871
21484,7.094581508636475
21485,6.117232990264893
21486,4.07894549369812
21487,7.81232852935791
21488,2.6481698989868163
21489,5.893419361114502
21490,7.128104972839355
21491,8.516307830810547
21492,4.7099690437316895
21493,6.045210266113282
21494,7.8312982559204105
21495,6.918905639648438
21496,4.592502498626709
21497,5.56760311126709
21498,7.871134662628174
21499,5.44055061340332
21500,6.164103889465332
21501,4.981817245483398
21502,5.854452133178711
21503,5.115920829772949
21504,7.000195407867432
21505,5.049302577972412
21506,5.962385463714599
21507,4.611291027069091
21508,8.561369705200196
21509,6.669947910308838
21510,7.6047234535217285
21511,6.307052135467529
21512,6.375308036804199
21513,5.909475421905517
21514,8.920923042297364
21515,4.5146771430969235
21516,6.931366729736328
21517,5.0174308776855465
21518,8.874394416809082
21519,6.130509567260742
21520,5.326312255859375
21521,3.595187044143677
21522,7.158523368835449
21523,9.934417152404786
21524,7.114215564727783
21525,6.807455253601074
21526,4.504084968566895
21527,5.708662319183349
21528,7.666562843322754
21529,5.0837547302246096
21530,6.307270336151123
21531,4.977766799926758
21532,9.968198204040528
21533,5.065050411224365
21534,3.9506976127624513
21535,4.298647022247314
21536,6.345226097106933
21537,8.856703567504884
21538,1.9051537036895752
21539,4.057383871078491
21540,3.895889234542847
21541,6.179939270019531
21542,6.435199451446533
21543,6.3425520896911625
21544,8.961624717712402
21545,4.407993602752685
21546,2.056314778327942
21547,6.852741241455078
21548,7.609850025177002
21549,5.1926727294921875
21550,8.97317066192627
21551,6.5406084060668945
21552,1.964097785949707
21553,6.449436664581299
21554,3.106831407546997
21555,5.520925521850586
21556,7.281494522094727
21557,7.012208938598633
21558,4.064891815185547
21559,3.1103076934814453
21560,8.824639320373535
21561,7.741746425628662
21562,8.348328399658204
21563,4.620384788513183
21564,3.2576942920684813
21565,6.119535446166992
21566,2.874038028717041
21567,9.199431610107421
21568,8.164235877990723
21569,8.392597198486328
21570,6.04797477722168
21571,5.136537837982178
21572,8.404108047485352
21573,9.236164093017578
21574,4.2214674949646
21575,3.3123095989227296
21576,8.429808235168457
21577,9.1003662109375
21578,6.998053932189942
21579,7.210156059265136
21580,5.919100379943847
21581,4.398481273651123
21582,5.175702285766602
21583,6.3981610298156735
21584,6.230375671386719
21585,6.166398048400879
21586,7.188861465454101
21587,5.447778415679932
21588,3.486442470550537
21589,6.398640251159668
21590,4.4800950050354
21591,5.771025943756103
21592,8.523921775817872
21593,8.526948547363281
21594,2.8246247291564943
21595,7.2626598358154295
21596,5.806176853179932
21597,5.145921421051026
21598,4.408201026916504
21599,3.6298460006713866
21600,7.9085711479187015
21601,1.840391993522644
21602,2.578798007965088
21603,9.53504467010498
21604,5.136781406402588
21605,7.89465970993042
21606,3.4405354022979737
21607,4.801938533782959
21608,7.370184707641601
21609,4.046326303482056
21610,5.915315628051758
21611,5.300252246856689
21612,4.103881216049194
21613,8.39437026977539
21614,6.349531936645508
21615,4.517416954040527
21616,6.304012870788574
21617,5.539314842224121
21618,9.255339241027832
21619,9.402112579345703
21620,3.950079250335693
21621,8.720851135253906
21622,5.786536693572998
21623,7.972613334655762
21624,9.183806991577148
21625,6.650275993347168
21626,5.082177066802979
21627,6.163376903533935
21628,9.971047401428223
21629,7.20040111541748
21630,9.232856369018554
21631,3.223758363723755
21632,5.238659286499024
21633,6.2557692527771
21634,2.828011083602905
21635,5.942028331756592
21636,5.480822372436523
21637,5.039409255981445
21638,6.403119659423828
21639,7.9384026527404785
21640,9.575069046020507
21641,5.108342456817627
21642,7.758834934234619
21643,9.290173149108886
21644,4.240512275695801
21645,7.436287212371826
21646,4.531283187866211
21647,6.657939624786377
21648,5.665064907073974
21649,8.043487358093262
21650,2.6778797626495363
21651,4.056769752502442
21652,3.8892401218414308
21653,4.600507545471191
21654,2.9076194286346437
21655,5.496037292480469
21656,8.005981254577637
21657,7.4170050621032715
21658,7.330756759643554
21659,4.19959192276001
21660,7.452019786834716
21661,2.4648149967193604
21662,4.575146961212158
21663,7.834479236602784
21664,3.4748058319091797
21665,4.965380668640137
21666,2.4376116752624513
21667,6.558084297180176
21668,6.105477237701416
21669,8.981687927246094
21670,1.3461890697479248
21671,6.942132377624512
21672,5.546778869628906
21673,5.53243465423584
21674,4.178436374664306
21675,4.9165596008300785
21676,7.935273170471191
21677,4.134710788726807
21678,6.613488578796387
21679,6.410848617553711
21680,5.111192798614502
21681,1.719621467590332
21682,7.21248950958252
21683,6.484732532501221
21684,5.8173870086669925
21685,8.220717620849609
21686,5.737575054168701
21687,6.0554204940795895
21688,6.734038925170898
21689,5.738646984100342
21690,8.755459976196288
21691,3.8570363521575928
21692,6.171267414093018
21693,3.848281192779541
21694,7.382151317596436
21695,5.661381721496582
21696,9.950604820251465
21697,5.054364395141602
21698,2.995874547958374
21699,8.439871025085449
21700,5.8368730545043945
21701,7.866740322113037
21702,3.6440570831298826
21703,5.9482316970825195
21704,4.348294258117676
21705,8.932458305358887
21706,3.4225342750549315
21707,8.861818504333495
21708,5.586565971374512
21709,5.679205417633057
21710,9.161714363098145
21711,5.048623180389404
21712,4.032906198501587
21713,5.563408470153808
21714,4.677966022491455
21715,5.008313274383545
21716,7.367641162872315
21717,6.827784156799316
21718,2.6571712493896484
21719,8.044925594329834
21720,5.206152725219726
21721,6.931603050231933
21722,9.410342597961426
21723,6.245927619934082
21724,7.750417804718017
21725,5.785592937469483
21726,8.909027671813964
21727,6.870261001586914
21728,5.269388484954834
21729,5.571235942840576
21730,6.201481533050537
21731,6.838700866699218
21732,2.2309153079986572
21733,4.55145034790039
21734,3.752027225494385
21735,7.427369117736816
21736,6.121256637573242
21737,7.466589260101318
21738,2.025544548034668
21739,8.12465763092041
21740,8.923733520507813
21741,6.976150608062744
21742,4.1706873893737795
21743,5.9709573745727536
21744,4.444626045227051
21745,5.429360294342041
21746,5.916124153137207
21747,3.0562105655670164
21748,9.874734115600585
21749,7.111897563934326
21750,6.603954792022705
21751,6.826606941223145
21752,7.346843910217285
21753,8.537606620788575
21754,7.618028163909912
21755,6.835932826995849
21756,4.286332702636718
21757,4.851871109008789
21758,6.369350528717041
21759,5.003379535675049
21760,7.908824443817139
21761,5.115935325622559
21762,6.215252208709717
21763,6.024227619171143
21764,6.055095481872558
21765,5.812448120117187
21766,7.077015209197998
21767,2.5469449043273924
21768,6.795548057556152
21769,4.977601051330566
21770,4.527835273742676
21771,2.6704055786132814
21772,5.873842334747314
21773,1.7458976268768311
21774,2.696372127532959
21775,6.0642622947692875
21776,5.040059375762939
21777,5.430507850646973
21778,6.123158168792725
21779,4.388649272918701
21780,7.896138381958008
21781,3.382163333892822
21782,6.187086391448974
21783,3.651785469055176
21784,7.244808387756348
21785,6.663353538513183
21786,5.523178482055664
21787,4.4516369819641115
21788,9.173400688171387
21789,3.3372124671936034
21790,5.526219177246094
21791,5.458560180664063
21792,7.473596858978271
21793,6.526623153686524
21794,6.880850410461425
21795,9.673200416564942
21796,6.364286136627197
21797,5.587831783294678
21798,0.57539381980896
21799,5.290211486816406
21800,7.1503911972045895
21801,2.9921077251434327
21802,4.2881978988647464
21803,2.1890411376953125
21804,8.252766227722168
21805,5.381237983703613
21806,6.216599082946777
21807,8.245040321350098
21808,3.3206465244293213
21809,5.018657875061035
21810,3.3280925273895265
21811,7.0040285110473635
21812,8.156144142150879
21813,9.679298591613769
21814,7.377893447875977
21815,8.997917175292969
21816,6.2939772605896
21817,8.976428413391114
21818,6.35299015045166
21819,7.26162805557251
21820,5.774791526794433
21821,6.866814994812012
21822,8.269967651367187
21823,7.584548759460449
21824,7.904273796081543
21825,5.951989650726318
21826,6.303365325927734
21827,8.153990650177002
21828,6.18525915145874
21829,4.025412368774414
21830,4.520572471618652
21831,3.5175123691558836
21832,2.5344722747802733
21833,5.317759227752686
21834,5.681917953491211
21835,5.931274890899658
21836,6.1994274139404295
21837,5.109966087341308
21838,8.709106826782227
21839,3.1212491512298586
21840,8.340599822998048
21841,7.167954826354981
21842,0.8175838589668274
21843,9.73781509399414
21844,8.003740501403808
21845,7.20204792022705
21846,7.04266128540039
21847,5.964600276947022
21848,3.2363264083862306
21849,5.402309894561768
21850,3.6425830364227294
21851,3.767226791381836
21852,6.18536605834961
21853,7.118753719329834
21854,4.8519209861755375
21855,5.809107494354248
21856,5.361384010314941
21857,7.934146976470947
21858,4.447460079193116
21859,7.477592086791992
21860,6.859506893157959
21861,1.8240803956985474
21862,7.889046382904053
21863,3.694856357574463
21864,9.116366386413574
21865,7.092442321777344
21866,9.984260368347169
21867,3.9777101993560793
21868,5.820477867126465
21869,7.705949878692627
21870,5.334004497528076
21871,6.492745780944825
21872,5.249388885498047
21873,7.0927482604980465
21874,6.910201835632324
21875,9.03248405456543
21876,5.3723186492919925
21877,5.631242942810059
21878,5.325569343566895
21879,6.188888263702393
21880,7.716939067840576
21881,5.230787372589111
21882,4.771550464630127
21883,5.494862842559814
21884,6.813727283477784
21885,8.924448776245118
21886,3.532508134841919
21887,3.7457805633544923
21888,7.679614067077637
21889,5.981316947937012
21890,6.2650223731994625
21891,5.791530323028565
21892,5.333200168609619
21893,5.648277854919433
21894,6.292512130737305
21895,8.548788833618165
21896,6.390571403503418
21897,4.954763984680175
21898,6.115544414520263
21899,6.360938167572021
21900,3.8779183864593505
21901,4.756542110443116
21902,4.819096851348877
21903,7.582639884948731
21904,3.9887568950653076
21905,7.8401288986206055
21906,6.244576835632325
21907,4.581918334960937
21908,8.043648624420166
21909,5.690158557891846
21910,3.9234126567840577
21911,4.393343734741211
21912,5.0960290908813475
21913,7.839693069458008
21914,9.58121109008789
21915,5.778470420837403
21916,6.626741027832031
21917,5.000949764251709
21918,5.603279781341553
21919,8.593389701843261
21920,9.501590919494628
21921,7.639761734008789
21922,7.477487277984619
21923,6.661518287658692
21924,6.9466947555542
21925,7.023094272613525
21926,6.097969341278076
21927,6.005957794189453
21928,7.210941886901855
21929,8.574080467224121
21930,6.022750759124756
21931,9.052667617797852
21932,4.96913480758667
21933,5.7772187232971195
21934,3.098833417892456
21935,5.859674644470215
21936,7.2490509986877445
21937,7.200202560424804
21938,8.736265754699707
21939,7.695102882385254
21940,4.3843484878540036
21941,5.698581123352051
21942,9.172289276123047
21943,3.991388177871704
21944,6.232907962799072
21945,6.074188899993897
21946,6.151844024658203
21947,8.763916206359863
21948,4.756240940093994
21949,8.47061595916748
21950,6.144242763519287
21951,8.161474418640136
21952,3.438074731826782
21953,6.207720756530762
21954,3.0027983665466307
21955,7.8944731712341305
21956,5.303252696990967
21957,9.04038963317871
21958,7.585575294494629
21959,4.943313312530518
21960,5.04972620010376
21961,5.238425540924072
21962,7.24638729095459
21963,8.566005897521972
21964,8.558978652954101
21965,9.881895828247071
21966,4.690000343322754
21967,3.57511510848999
21968,8.054858493804932
21969,9.370085144042969
21970,5.842802619934082
21971,3.418603849411011
21972,4.7173127174377445
21973,5.847540855407715
21974,8.250366973876954
21975,2.9318469047546385
21976,7.3351188659667965
21977,5.327555847167969
21978,8.788058471679687
21979,5.2134167671203615
21980,6.7149700164794925
21981,5.09564733505249
21982,5.841129493713379
21983,3.3356258392333986
21984,5.855928134918213
21985,6.918200969696045
21986,8.813987350463867
21987,4.2788433074951175
21988,7.003784942626953
21989,8.54979305267334
21990,8.0890682220459
21991,6.617095851898194
21992,5.443341255187988
21993,6.13794355392456
21994,3.187386178970337
21995,3.4129236221313475
21996,5.87605848312378
21997,3.2544212341308594
21998,5.721783256530761
21999,5.2782035827636715
22000,5.119196224212646
22001,4.675764465332032
22002,4.728604125976562
22003,1.9051442623138428
22004,5.6798014640808105
22005,7.158820533752442
22006,5.026414203643799
22007,9.511964416503906
22008,5.732197570800781
22009,6.931352329254151
22010,2.6546868324279784
22011,6.231446361541748
22012,6.450200080871582
22013,4.82918872833252
22014,6.464554691314698
22015,5.745308208465576
22016,5.810282039642334
22017,4.969402408599853
22018,3.805823278427124
22019,3.5837071418762205
22020,4.09214973449707
22021,7.654111862182617
22022,7.154425716400146
22023,4.470011520385742
22024,3.7861873149871825
22025,5.403066635131836
22026,3.7834131717681885
22027,8.653687858581543
22028,8.374433898925782
22029,7.4786395072937015
22030,7.577593898773193
22031,7.662774181365966
22032,4.202850723266602
22033,7.890327835083008
22034,5.391453266143799
22035,8.644209671020509
22036,5.524521923065185
22037,4.309069061279297
22038,5.477342319488526
22039,4.581969261169434
22040,8.544233703613282
22041,6.052260780334473
22042,2.757595682144165
22043,6.796811866760254
22044,8.931989669799805
22045,5.545629787445068
22046,7.717055320739746
22047,5.395809745788574
22048,8.093727684020996
22049,3.386879730224609
22050,5.202025318145752
22051,3.3639158725738527
22052,6.488697147369384
22053,8.92234115600586
22054,6.5120463371276855
22055,8.322232818603515
22056,6.450036430358887
22057,7.856984043121338
22058,4.108602666854859
22059,5.359439182281494
22060,8.036697578430175
22061,6.324118518829346
22062,3.427615022659302
22063,6.369141960144043
22064,7.536925601959228
22065,5.236092948913575
22066,4.055687713623047
22067,7.2108643531799315
22068,6.3249763488769535
22069,6.983404350280762
22070,5.235809230804444
22071,6.230828094482422
22072,5.503723049163819
22073,8.265932655334472
22074,4.9978948593139645
22075,5.692287826538086
22076,5.894185543060303
22077,9.223161506652833
22078,7.21645336151123
22079,8.524998092651368
22080,5.144185352325439
22081,8.625327491760254
22082,3.1483967781066893
22083,9.258507919311523
22084,2.0010345458984373
22085,3.733380889892578
22086,6.4932280540466305
22087,2.4574452877044677
22088,5.89143648147583
22089,4.6865240097045895
22090,5.804939937591553
22091,6.921016502380371
22092,8.932190132141113
22093,7.568427658081054
22094,6.927209377288818
22095,4.789788246154785
22096,7.34061336517334
22097,5.678565120697021
22098,6.0598467826843265
22099,8.257464790344239
22100,3.510655069351196
22101,5.390090560913086
22102,8.2200927734375
22103,8.17426872253418
22104,1.6571428298950195
22105,5.520858478546143
22106,4.939608097076416
22107,7.302252388000488
22108,5.932619190216064
22109,3.7379796504974365
22110,5.532867431640625
22111,4.159140586853027
22112,6.1690093040466305
22113,6.182373332977295
22114,7.874683856964111
22115,6.310011196136474
22116,4.200691509246826
22117,4.783626937866211
22118,7.8164167404174805
22119,5.0304265975952145
22120,4.792730808258057
22121,7.439538383483887
22122,6.177090072631836
22123,4.587108993530274
22124,7.237876892089844
22125,5.965841770172119
22126,6.25072832107544
22127,7.314443492889405
22128,3.8688987731933593
22129,7.500346088409424
22130,6.9707683563232425
22131,5.010088062286377
22132,4.844141864776612
22133,3.584507465362549
22134,5.384141254425049
22135,6.6823248863220215
22136,4.6654973983764645
22137,4.405650997161866
22138,4.301627063751221
22139,6.155918025970459
22140,7.35034408569336
22141,7.872019672393799
22142,5.219926071166992
22143,7.321815109252929
22144,7.950181293487549
22145,4.776018810272217
22146,3.19958758354187
22147,3.9132970333099366
22148,0.9048943519592285
22149,6.291731834411621
22150,4.628085136413574
22151,2.7403091907501222
22152,7.637061977386475
22153,4.172928237915039
22154,4.079880428314209
22155,5.77116813659668
22156,3.3730979919433595
22157,5.628475189208984
22158,8.547563743591308
22159,6.535937881469726
22160,8.938139533996582
22161,5.939423274993897
22162,5.586968612670899
22163,4.284204196929932
22164,4.471589279174805
22165,6.709674453735351
22166,5.366413688659668
22167,7.71783447265625
22168,7.842434024810791
22169,3.870458698272705
22170,4.212704467773437
22171,5.242031288146973
22172,3.532959794998169
22173,4.8711034774780275
22174,5.2094827651977536
22175,5.711276912689209
22176,3.7855655670166017
22177,2.0884289741516113
22178,8.440192031860352
22179,6.605103969573975
22180,8.435307121276855
22181,5.382842636108398
22182,4.359422111511231
22183,6.5453948974609375
22184,6.2146021842956545
22185,6.73695707321167
22186,5.745049476623535
22187,7.769628047943115
22188,7.024005317687989
22189,2.66894736289978
22190,5.90001163482666
22191,4.391752147674561
22192,5.848682975769043
22193,7.07449197769165
22194,3.9153289794921875
22195,4.227077388763428
22196,4.961082935333252
22197,6.376562786102295
22198,6.897311019897461
22199,5.160106468200683
22200,4.8378527641296385
22201,5.27523717880249
22202,3.9995346069335938
22203,9.085844802856446
22204,5.191014385223388
22205,5.34162073135376
22206,7.771512603759765
22207,2.253430128097534
22208,3.3724057197570803
22209,6.930732536315918
22210,8.25574951171875
22211,9.158886337280274
22212,4.4269700050354
22213,6.301922416687011
22214,5.332156181335449
22215,7.181194591522217
22216,7.173164558410645
22217,5.359543037414551
22218,5.799009132385254
22219,7.8475910186767575
22220,1.6762441635131835
22221,7.443992328643799
22222,4.813784408569336
22223,6.70221176147461
22224,3.404486083984375
22225,4.6815900802612305
22226,5.444175720214844
22227,2.790570831298828
22228,7.4145934104919435
22229,5.60671443939209
22230,5.689497470855713
22231,7.731804847717285
22232,6.387382125854492
22233,8.929056358337402
22234,5.026647853851318
22235,7.27036771774292
22236,0.6375398159027099
22237,1.9536996841430665
22238,7.21633768081665
22239,3.5915202140808105
22240,5.821776962280273
22241,7.37436351776123
22242,5.659800815582275
22243,5.136802005767822
22244,5.051551342010498
22245,7.462939929962158
22246,7.972118186950683
22247,6.195573520660401
22248,8.895583724975586
22249,4.92246561050415
22250,6.276285839080811
22251,3.055371046066284
22252,4.2121350288391115
22253,8.866746139526366
22254,8.852309226989746
22255,7.014352512359619
22256,6.5184070587158205
22257,9.15061683654785
22258,6.780119609832764
22259,1.759140706062317
22260,2.0878165006637572
22261,4.115246534347534
22262,4.2709986686706545
22263,7.251562023162842
22264,4.419788360595703
22265,6.870087146759033
22266,4.907395458221435
22267,3.7984893321990967
22268,3.165658473968506
22269,3.930216598510742
22270,5.783977031707764
22271,3.7496943950653074
22272,7.30484790802002
22273,2.885083055496216
22274,5.467156887054443
22275,6.717882823944092
22276,7.307744121551513
22277,8.863582611083984
22278,7.077413177490234
22279,2.4716211318969727
22280,8.598025512695312
22281,4.435385513305664
22282,4.373180484771728
22283,5.823427295684814
22284,8.682844924926759
22285,6.418877220153808
22286,5.028249359130859
22287,6.359698486328125
22288,7.590654373168945
22289,9.087254333496094
22290,3.9234461307525637
22291,4.463401985168457
22292,9.41396369934082
22293,6.078208637237549
22294,8.40119514465332
22295,10.0
22296,3.1062324047088623
22297,3.8701210498809813
22298,5.5883454322814945
22299,6.016067981719971
22300,3.2742171764373778
22301,8.884869575500488
22302,6.111283969879151
22303,5.834367179870606
22304,5.560883235931397
22305,6.823256874084473
22306,7.53575439453125
22307,6.2924727439880375
22308,9.45586051940918
22309,6.265005111694336
22310,9.596388816833496
22311,4.425986576080322
22312,5.996122360229492
22313,3.141684103012085
22314,6.544630718231201
22315,5.932721328735352
22316,4.591733455657959
22317,9.18770809173584
22318,2.651837682723999
22319,4.897228622436524
22320,6.048763275146484
22321,4.62794246673584
22322,5.29851655960083
22323,6.242513847351074
22324,7.132575798034668
22325,2.552631139755249
22326,3.295495891571045
22327,4.295918655395508
22328,5.805501651763916
22329,6.08453483581543
22330,7.80649471282959
22331,5.1935303688049315
22332,3.883696699142456
22333,7.822257614135742
22334,9.409123039245605
22335,5.948263549804688
22336,5.956689262390137
22337,6.140568256378174
22338,4.3382237434387205
22339,7.761091232299805
22340,9.22340431213379
22341,3.422359895706177
22342,4.678711795806885
22343,6.784165573120117
22344,5.179045104980469
22345,7.740645217895508
22346,3.462363862991333
22347,7.944153118133545
22348,5.68001708984375
22349,6.532246112823486
22350,5.875285243988037
22351,3.1554423809051513
22352,6.5314531326293945
22353,6.940741443634034
22354,5.421349620819091
22355,4.9121650695800785
22356,7.033161354064942
22357,6.168451309204102
22358,5.642075157165527
22359,6.200185108184814
22360,6.060180377960205
22361,2.2454894542694093
22362,7.6326470375061035
22363,3.8501554489135743
22364,8.916202354431153
22365,7.6824750900268555
22366,7.588491535186767
22367,4.978291416168213
22368,4.743911647796631
22369,9.216758728027344
22370,3.1324235439300536
22371,6.899984455108642
22372,8.109069061279296
22373,3.3171401500701903
22374,7.231032466888427
22375,4.515577030181885
22376,9.079270362854004
22377,4.832962989807129
22378,3.759903573989868
22379,8.212456130981446
22380,7.257069492340088
22381,3.491515874862671
22382,7.550432968139648
22383,8.971389389038086
22384,6.118363285064698
22385,4.665781021118164
22386,8.121277618408204
22387,4.137993240356446
22388,1.378238558769226
22389,7.4707667350769045
22390,3.3531415939331053
22391,4.949658584594727
22392,7.073344612121582
22393,6.579425811767578
22394,9.502400398254395
22395,6.572218418121338
22396,8.323459815979003
22397,8.440806198120118
22398,7.084628677368164
22399,1.7578061819076538
22400,4.78631362915039
22401,6.582022476196289
22402,8.956735038757325
22403,7.230583953857422
22404,6.822476959228515
22405,6.579300403594971
22406,8.510271453857422
22407,3.2740755558013914
22408,8.071821117401123
22409,3.6451533794403077
22410,5.040179920196533
22411,2.355452871322632
22412,8.458704566955566
22413,8.060067653656006
22414,7.302591133117676
22415,2.342543888092041
22416,4.763569736480713
22417,8.733456039428711
22418,6.416972923278808
22419,8.313652992248535
22420,5.836893081665039
22421,6.1752245903015135
22422,4.838553524017334
22423,4.828880500793457
22424,8.315889167785645
22425,3.8475350379943847
22426,6.525880241394043
22427,8.22751350402832
22428,8.509048080444336
22429,3.9151237487792967
22430,7.310095882415771
22431,4.3715087890625
22432,4.666647148132324
22433,3.1084530353546143
22434,5.864014911651611
22435,4.913095378875733
22436,6.935712146759033
22437,8.94328784942627
22438,5.417209339141846
22439,1.2328369617462158
22440,5.980728054046631
22441,6.614638137817383
22442,8.96867847442627
22443,8.774593734741211
22444,7.029710292816162
22445,6.133260917663574
22446,4.246815586090088
22447,2.8933165073394775
22448,8.392083549499512
22449,5.741709136962891
22450,4.517831039428711
22451,7.252425003051758
22452,7.071848773956299
22453,4.976889991760254
22454,4.281598377227783
22455,2.8568716526031492
22456,6.744574165344238
22457,6.252427196502685
22458,4.699278354644775
22459,3.5242497444152834
22460,7.308976459503174
22461,7.0713273048400875
22462,3.1010597705841065
22463,6.527893733978272
22464,6.499161338806152
22465,4.8015213966369625
22466,8.403348922729492
22467,4.377134227752686
22468,5.110952854156494
22469,7.993325519561767
22470,6.335325241088867
22471,8.218230247497559
22472,4.831920051574707
22473,5.0491691589355465
22474,7.2624256134033205
22475,2.211942195892334
22476,8.640076446533204
22477,7.226789474487305
22478,7.851739978790283
22479,6.927305889129639
22480,4.190987873077392
22481,8.825969123840332
22482,4.593621444702149
22483,6.522974491119385
22484,5.669924068450928
22485,2.404555082321167
22486,3.30954532623291
22487,7.467303371429443
22488,3.7107941150665282
22489,4.936683177947998
22490,6.364617538452149
22491,6.610888481140137
22492,8.094848442077637
22493,6.7588653564453125
22494,5.723146152496338
22495,7.728202819824219
22496,4.290970039367676
22497,8.700235939025879
22498,5.913371658325195
22499,8.357118606567383
22500,6.177908325195313
22501,4.530664157867432
22502,2.67466025352478
22503,8.638679885864258
22504,3.7176137924194337
22505,5.071086788177491
22506,8.268996238708496
22507,2.83945746421814
22508,2.42047061920166
22509,5.756227111816406
22510,6.624712085723877
22511,2.59089994430542
22512,7.009242916107178
22513,4.313399791717529
22514,5.558996486663818
22515,9.097566032409668
22516,5.943857574462891
22517,5.042375373840332
22518,6.884358215332031
22519,8.04298667907715
22520,7.145066833496093
22521,4.869445705413819
22522,5.8997729301452635
22523,9.683810043334962
22524,4.69119348526001
22525,3.233796215057373
22526,8.105735397338867
22527,5.244198131561279
22528,2.072232985496521
22529,7.342575168609619
22530,4.715677165985108
22531,7.238681030273438
22532,4.64465856552124
22533,5.277227115631104
22534,7.122430992126465
22535,4.5696183204650875
22536,4.662650299072266
22537,2.252672243118286
22538,2.835086727142334
22539,5.012574100494385
22540,7.337701320648193
22541,8.266264724731446
22542,5.526983451843262
22543,6.559840488433838
22544,6.938950729370117
22545,6.866355228424072
22546,7.4158814430236815
22547,5.736213207244873
22548,5.190692996978759
22549,5.905500793457032
22550,6.018442535400391
22551,6.847010231018066
22552,7.595486164093018
22553,4.284058380126953
22554,7.352996349334717
22555,3.926754903793335
22556,4.9281590461730955
22557,6.248100090026855
22558,7.814106845855713
22559,7.564711475372315
22560,6.311033916473389
22561,2.4619374752044676
22562,6.760875034332275
22563,3.7099802017211916
22564,7.532426357269287
22565,7.302451229095459
22566,4.348814678192139
22567,4.943474388122558
22568,7.681801414489746
22569,8.8655855178833
22570,2.4846983432769774
22571,7.368293952941895
22572,4.135556030273437
22573,4.550963020324707
22574,6.095546531677246
22575,8.063125133514404
22576,5.658544921875
22577,3.6836222648620605
22578,6.530832195281983
22579,5.610304355621338
22580,3.6338632106781006
22581,5.873499965667724
22582,6.243013191223144
22583,2.417202425003052
22584,2.8796298027038576
22585,4.552109813690185
22586,3.6336401462554933
22587,3.592523956298828
22588,3.4491424560546875
22589,5.295690727233887
22590,6.307419490814209
22591,9.187065315246581
22592,3.418847990036011
22593,5.681178283691406
22594,7.985235691070557
22595,7.450545597076416
22596,6.542884159088135
22597,2.2731998920440675
22598,6.965011119842529
22599,7.972137546539306
22600,4.738479137420654
22601,2.694934940338135
22602,5.169101142883301
22603,7.066610050201416
22604,8.03674144744873
22605,6.075057792663574
22606,4.724597072601318
22607,6.808053970336914
22608,2.213056516647339
22609,3.6544055938720703
22610,6.240347194671631
22611,9.51069507598877
22612,5.368565559387207
22613,4.254354190826416
22614,2.7507033824920653
22615,4.4627117156982425
22616,7.365746402740479
22617,4.693606281280518
22618,5.83662166595459
22619,7.98371696472168
22620,4.51726713180542
22621,7.016750049591065
22622,7.9313935279846195
22623,5.304377269744873
22624,4.606949520111084
22625,6.208942699432373
22626,7.027747440338135
22627,6.22517671585083
22628,8.32347755432129
22629,7.851488494873047
22630,6.878086853027344
22631,6.18230972290039
22632,3.2724710941314696
22633,8.217893600463867
22634,9.234167861938477
22635,8.315240859985352
22636,8.143862533569337
22637,8.807176208496093
22638,6.776337623596191
22639,6.628995323181153
22640,3.62987904548645
22641,6.820071506500244
22642,6.849094390869141
22643,0.8533213973045349
22644,7.886843872070313
22645,5.003596019744873
22646,6.680306053161621
22647,2.872341251373291
22648,5.3164647102355955
22649,7.919735145568848
22650,8.111777305603027
22651,1.942197561264038
22652,6.888358783721924
22653,5.233381175994873
22654,3.699448490142822
22655,6.553163051605225
22656,7.665904426574707
22657,3.2718417167663576
22658,5.110713386535645
22659,5.320311164855957
22660,3.688269567489624
22661,7.088176155090332
22662,6.074329662322998
22663,7.851190280914307
22664,8.302029609680176
22665,7.362588405609131
22666,5.196233749389648
22667,4.756484699249268
22668,8.09165163040161
22669,4.912080860137939
22670,6.375171279907226
22671,7.498740482330322
22672,4.84694356918335
22673,6.229912757873535
22674,8.499972915649414
22675,4.164613914489746
22676,7.612160301208496
22677,4.387977027893067
22678,5.311945533752441
22679,4.727072238922119
22680,7.1313605308532715
22681,2.7033299922943117
22682,4.815733623504639
22683,9.030223083496093
22684,7.228561019897461
22685,6.0294147491455075
22686,3.4376110553741457
22687,5.018408584594726
22688,3.9217326641082764
22689,5.879039287567139
22690,7.408340263366699
22691,5.108698463439941
22692,4.652960300445557
22693,4.884792137145996
22694,7.234857654571533
22695,3.081229400634766
22696,5.165075397491455
22697,4.426748466491699
22698,2.302091455459595
22699,4.418450450897216
22700,7.7100780487060545
22701,5.0476079940795895
22702,6.213156604766846
22703,6.102477645874023
22704,7.38803653717041
22705,4.729997158050537
22706,5.3807073593139645
22707,4.871901988983154
22708,5.048025894165039
22709,8.12618522644043
22710,8.156842803955078
22711,4.995343112945557
22712,5.800665950775146
22713,7.129818916320801
22714,4.739297389984131
22715,5.6399431228637695
22716,8.013235187530517
22717,2.5623021602630613
22718,7.6098016738891605
22719,3.487882614135742
22720,7.847081565856934
22721,5.383177852630615
22722,6.914502811431885
22723,4.930953502655029
22724,9.511278915405274
22725,7.134809684753418
22726,5.788832187652588
22727,6.612884616851806
22728,8.53384838104248
22729,1.3966095924377442
22730,6.079218006134033
22731,5.264862823486328
22732,3.6970827102661135
22733,8.543749046325683
22734,8.30599422454834
22735,8.90890998840332
22736,7.285754680633545
22737,6.183267498016358
22738,7.079536056518554
22739,3.739984083175659
22740,5.094855117797851
22741,5.75544548034668
22742,4.750316905975342
22743,7.64566125869751
22744,3.675974988937378
22745,7.342889308929443
22746,2.1129881620407103
22747,5.84334659576416
22748,8.741674995422363
22749,6.3091710090637205
22750,2.9397194385528564
22751,6.287802600860596
22752,4.118385124206543
22753,5.072009658813476
22754,4.80804672241211
22755,5.728931427001953
22756,4.199886417388916
22757,6.272313404083252
22758,5.248889827728272
22759,3.892845058441162
22760,8.020718383789063
22761,8.095490074157714
22762,8.328848838806152
22763,8.181848335266114
22764,8.286654281616212
22765,6.405398368835449
22766,5.84681339263916
22767,6.4028801918029785
22768,6.191756534576416
22769,5.267295169830322
22770,6.665165519714355
22771,4.131019973754883
22772,7.343742370605469
22773,5.593286323547363
22774,5.357419681549072
22775,6.7988306999206545
22776,6.270469379425049
22777,5.315183830261231
22778,7.6931661605834964
22779,9.5264253616333
22780,5.0642975807189945
22781,5.277553272247315
22782,7.005284118652344
22783,7.406745719909668
22784,4.276267623901367
22785,3.294211578369141
22786,6.818575859069824
22787,9.584995460510253
22788,4.607933139801025
22789,4.80624361038208
22790,7.108053588867188
22791,8.842274475097657
22792,4.706070518493652
22793,4.522996997833252
22794,6.049265384674072
22795,9.759905433654785
22796,7.315851497650146
22797,3.9255881309509277
22798,5.8227005958557125
22799,6.541238498687744
22800,5.988426589965821
22801,7.543102836608886
22802,6.49434757232666
22803,8.572644233703613
22804,5.92371826171875
22805,9.338465309143066
22806,5.984891700744629
22807,7.026768589019776
22808,5.11624002456665
22809,6.18934440612793
22810,5.142887306213379
22811,4.964625549316406
22812,5.474434757232666
22813,7.108966636657715
22814,7.0109480857849125
22815,7.306510734558105
22816,8.273653411865235
22817,3.486310863494873
22818,2.7656867504119873
22819,4.5674872398376465
22820,6.1983905792236325
22821,6.9383570671081545
22822,5.618853569030762
22823,7.540999507904052
22824,7.789605236053466
22825,5.985806560516357
22826,8.733168029785157
22827,7.376931476593017
22828,3.260198545455933
22829,5.564464092254639
22830,4.479999160766601
22831,3.8501101970672607
22832,6.137824440002442
22833,4.513814067840576
22834,8.104056358337402
22835,6.338979721069336
22836,7.617098426818847
22837,5.23773603439331
22838,6.8272052764892575
22839,6.1863349914550785
22840,2.6974805355072022
22841,2.3793718338012697
22842,8.193818664550781
22843,8.35367946624756
22844,5.086601734161377
22845,7.322470188140869
22846,7.661388683319092
22847,7.052459716796875
22848,2.758911466598511
22849,8.805072212219239
22850,3.1448583126068117
22851,6.762648677825927
22852,3.6897675037384032
22853,6.465337085723877
22854,4.8463140487670895
22855,5.823700332641602
22856,5.91129846572876
22857,5.148638725280762
22858,5.367504405975342
22859,5.2298264503479
22860,9.416494369506836
22861,3.959415102005005
22862,6.455144786834717
22863,3.7700636863708494
22864,6.312235736846924
22865,8.403851509094238
22866,8.147337532043457
22867,5.230313968658447
22868,8.095206451416015
22869,3.810482120513916
22870,8.319552612304687
22871,5.573427295684814
22872,5.669037914276123
22873,6.944457340240478
22874,6.667799854278565
22875,4.762282371520996
22876,3.874249887466431
22877,8.439794158935547
22878,4.187523269653321
22879,5.92712516784668
22880,3.764456033706665
22881,4.046972608566284
22882,3.7778878211975098
22883,4.607705116271973
22884,5.303255176544189
22885,8.475926780700684
22886,8.869863319396973
22887,4.422264957427979
22888,4.593449211120605
22889,5.969992542266846
22890,6.978450870513916
22891,4.828659629821777
22892,3.8022181034088134
22893,4.636256694793701
22894,5.964237308502197
22895,6.870612621307373
22896,9.06158390045166
22897,5.805460834503174
22898,4.098542165756226
22899,2.7080729007720947
22900,5.247612953186035
22901,2.932257652282715
22902,8.492709922790528
22903,2.5917171955108644
22904,4.025074768066406
22905,7.6092761039733885
22906,8.745151901245118
22907,6.619207954406738
22908,7.552830791473388
22909,7.090872001647949
22910,8.681834411621093
22911,7.356123352050782
22912,9.405072212219238
22913,3.6459906101226807
22914,2.2397761821746824
22915,5.887208747863769
22916,3.6261306762695313
22917,6.339160060882568
22918,4.528824520111084
22919,2.931399965286255
22920,8.415715789794922
22921,6.642537689208984
22922,3.3208245277404784
22923,6.908556747436523
22924,7.1453217506408695
22925,5.561906814575195
22926,2.965842294692993
22927,5.268815422058106
22928,8.252922248840331
22929,7.0130615234375
22930,7.067187976837158
22931,2.525237226486206
22932,5.366629409790039
22933,7.121836757659912
22934,7.117108154296875
22935,8.436312294006347
22936,2.408746767044067
22937,5.557517623901367
22938,5.365604019165039
22939,7.939552307128906
22940,5.3257488250732425
22941,4.417872905731201
22942,8.562166213989258
22943,3.2537487030029295
22944,7.33980073928833
22945,5.078674793243408
22946,4.667434215545654
22947,6.03063440322876
22948,5.449793815612793
22949,5.105459403991699
22950,5.836198234558106
22951,6.928307914733887
22952,4.511947154998779
22953,5.38505802154541
22954,6.1633401870727536
22955,4.924005508422852
22956,2.696153450012207
22957,2.809778165817261
22958,6.744076728820801
22959,6.027950096130371
22960,6.8672607421875
22961,6.332718181610107
22962,7.484290313720703
22963,3.4284668445587156
22964,4.256334400177002
22965,5.670349216461181
22966,4.206760311126709
22967,4.28200511932373
22968,3.9478394031524657
22969,2.506049108505249
22970,3.0007826328277587
22971,9.703315162658692
22972,5.896617412567139
22973,4.800625324249268
22974,7.907584190368652
22975,5.1748274803161625
22976,2.301839590072632
22977,3.939926767349243
22978,6.066870784759521
22979,4.576835250854492
22980,7.7389892578125
22981,6.914060020446778
22982,7.163559436798096
22983,6.21187744140625
22984,6.6847738265991214
22985,5.449878311157226
22986,6.312625789642334
22987,8.663996696472168
22988,9.383561515808106
22989,6.413224506378174
22990,5.360921192169189
22991,7.344880199432373
22992,3.611247205734253
22993,8.325491142272949
22994,3.467754364013672
22995,4.78087158203125
22996,3.3724823951721192
22997,7.072302913665771
22998,2.8219549655914307
22999,6.467525768280029
23000,2.414585065841675
23001,7.039045238494873
23002,7.873834133148193
23003,6.173130130767822
23004,9.32839756011963
23005,6.491464233398437
23006,2.5373308658599854
23007,8.80496006011963
23008,5.062030696868897
23009,8.268744659423827
23010,5.519872570037842
23011,5.33892822265625
23012,5.065683174133301
23013,6.062987804412842
23014,7.779860782623291
23015,3.23538498878479
23016,6.840641880035401
23017,4.860512733459473
23018,3.5508655548095702
23019,8.482791900634766
23020,6.291125106811523
23021,5.772608661651612
23022,4.769731903076172
23023,5.712070941925049
23024,4.914103317260742
23025,3.610716438293457
23026,4.4454601287841795
23027,4.1315178871154785
23028,6.221155738830566
23029,5.208765888214112
23030,6.977527332305908
23031,5.636380577087403
23032,5.586250591278076
23033,4.15190372467041
23034,8.451083946228028
23035,5.143661880493164
23036,5.716551208496094
23037,5.364433765411377
23038,7.66563310623169
23039,4.768979549407959
23040,5.87951889038086
23041,2.464339828491211
23042,6.051809692382813
23043,5.368405723571778
23044,5.86340742111206
23045,2.57028865814209
23046,6.42108736038208
23047,8.009620571136475
23048,3.3203405857086183
23049,5.0129883766174315
23050,6.264662265777588
23051,9.839573860168457
23052,4.023740434646607
23053,5.16849308013916
23054,6.663261032104492
23055,5.675411510467529
23056,8.02806396484375
23057,5.861594295501709
23058,8.802555274963378
23059,7.379654121398926
23060,8.118866157531738
23061,5.45089168548584
23062,6.784016132354736
23063,4.187897396087647
23064,6.6408062934875485
23065,6.983115482330322
23066,3.6915213108062743
23067,6.049029159545898
23068,3.775841236114502
23069,7.0998948097229
23070,3.4014216899871825
23071,5.498560237884521
23072,8.474486541748046
23073,5.41161699295044
23074,7.290205574035644
23075,5.539179706573487
23076,5.675942325592041
23077,7.839619731903076
23078,7.046385955810547
23079,3.5654436588287353
23080,8.651086616516114
23081,7.656500720977784
23082,6.794465827941894
23083,6.512615108489991
23084,7.1297327995300295
23085,5.6086241722106935
23086,5.5602367401123045
23087,8.630771827697753
23088,7.413857650756836
23089,7.435838794708252
23090,4.962972927093506
23091,6.156039905548096
23092,4.860928726196289
23093,6.366140937805175
23094,7.334998321533203
23095,5.94680233001709
23096,8.641795349121093
23097,5.3264542579650875
23098,5.2187744140625
23099,8.421443557739257
23100,6.480664920806885
23101,7.534606456756592
23102,1.1660680532455445
23103,7.948697280883789
23104,5.391384506225586
23105,5.601259422302246
23106,5.201190948486328
23107,4.901225471496582
23108,8.689577293395995
23109,5.189171218872071
23110,2.8994558811187745
23111,3.8539606094360352
23112,7.177668476104737
23113,4.396094417572021
23114,7.159190368652344
23115,8.224092102050781
23116,1.068580150604248
23117,6.907295227050781
23118,6.937843894958496
23119,7.582056045532227
23120,8.970064735412597
23121,6.84746618270874
23122,8.1078369140625
23123,7.909300041198731
23124,5.233320331573486
23125,7.213222885131836
23126,7.86317720413208
23127,5.079358673095703
23128,7.784183025360107
23129,5.975364685058594
23130,3.5117188930511474
23131,5.501887226104737
23132,7.6398039817810055
23133,5.121271705627441
23134,6.355327701568603
23135,5.486456394195557
23136,8.217706108093262
23137,5.137882900238037
23138,4.307966613769532
23139,8.307421875
23140,6.435866832733154
23141,5.739132690429687
23142,4.6013994216918945
23143,4.212549209594727
23144,5.009445571899414
23145,5.407196044921875
23146,7.309935760498047
23147,6.5464376449584964
23148,3.971601057052612
23149,7.141921520233154
23150,7.405678081512451
23151,7.098118877410888
23152,5.934004402160644
23153,4.583653259277344
23154,5.152895259857178
23155,3.4677010059356688
23156,0.8046838879585266
23157,5.940720558166504
23158,5.903714847564697
23159,4.354009628295898
23160,6.875131607055664
23161,6.209888076782226
23162,2.165755796432495
23163,7.6511434555053714
23164,3.92437162399292
23165,6.071073436737061
23166,8.54273338317871
23167,8.30839557647705
23168,7.158882522583008
23169,7.116173839569091
23170,6.719710636138916
23171,2.6851828575134276
23172,8.026403522491455
23173,7.139284420013428
23174,1.088290536403656
23175,5.710807609558105
23176,6.299027824401856
23177,7.728571987152099
23178,9.04391269683838
23179,6.923681640625
23180,9.370429801940919
23181,5.693058681488037
23182,4.216989898681641
23183,5.060647678375244
23184,8.498380088806153
23185,7.382234287261963
23186,7.0205302238464355
23187,7.31478910446167
23188,3.5521090984344483
23189,5.433683681488037
23190,7.49048080444336
23191,7.7016627311706545
23192,5.864721298217773
23193,8.319158363342286
23194,6.078286170959473
23195,6.3706354141235355
23196,3.769686460494995
23197,4.028484773635864
23198,6.906217575073242
23199,6.325297069549561
23200,5.413680362701416
23201,7.22775707244873
23202,4.4355573654174805
23203,6.016172122955322
23204,7.122399997711182
23205,5.976947402954101
23206,5.478491973876953
23207,5.740376758575439
23208,2.4057178020477297
23209,5.1795141220092775
23210,1.5078312397003173
23211,4.228674697875976
23212,7.0155455589294435
23213,3.120737886428833
23214,7.664174365997314
23215,5.359216499328613
23216,6.964086437225342
23217,2.852972221374512
23218,6.9115650177001955
23219,6.677189731597901
23220,4.772704315185547
23221,4.986204528808594
23222,4.257259750366211
23223,3.8925331115722654
23224,5.110207748413086
23225,7.332188892364502
23226,7.675945186614991
23227,6.4522699356079105
23228,7.84571647644043
23229,6.925940132141113
23230,5.752748680114746
23231,6.650212955474854
23232,7.147369480133056
23233,6.501039981842041
23234,4.755929183959961
23235,3.87581844329834
23236,6.520736503601074
23237,4.569036197662354
23238,6.770052814483643
23239,7.074698162078858
23240,2.0764249563217163
23241,5.458067226409912
23242,4.862399291992188
23243,4.338829517364502
23244,5.912267780303955
23245,6.2240931510925295
23246,5.915454769134522
23247,5.757957649230957
23248,6.737310409545898
23249,3.832273817062378
23250,4.7667115211486815
23251,6.414562702178955
23252,5.825667190551758
23253,5.317019653320313
23254,1.781708025932312
23255,8.598532485961915
23256,8.142782592773438
23257,4.5347700119018555
23258,3.3846195220947264
23259,9.031347465515136
23260,8.487165260314942
23261,6.066597270965576
23262,1.2863694429397583
23263,7.802074241638183
23264,7.55610876083374
23265,5.4491170883178714
23266,6.896035099029541
23267,5.624511241912842
23268,5.900630950927734
23269,8.802837371826172
23270,7.157620143890381
23271,5.672382831573486
23272,5.949133586883545
23273,7.674731636047364
23274,7.046231937408447
23275,8.171309471130371
23276,7.550779819488525
23277,3.6348049640655518
23278,3.671290063858032
23279,4.97224006652832
23280,6.177892112731934
23281,4.613919448852539
23282,6.417749214172363
23283,4.835133171081543
23284,4.595392513275146
23285,6.0460670471191404
23286,5.019150829315185
23287,5.33801383972168
23288,3.868973445892334
23289,7.322275066375733
23290,7.542876148223877
23291,6.725521087646484
23292,5.583424186706543
23293,5.762899494171142
23294,7.83881368637085
23295,6.303109264373779
23296,9.858920860290528
23297,7.198051643371582
23298,7.8167329788208
23299,7.12596492767334
23300,5.334829425811767
23301,4.664224910736084
23302,7.746423435211182
23303,8.211863136291504
23304,5.579086399078369
23305,4.964705276489258
23306,6.40992488861084
23307,8.195408248901368
23308,8.650386238098145
23309,5.458659553527832
23310,6.232296276092529
23311,5.428864860534668
23312,7.9026752471923825
23313,4.180349254608155
23314,6.560609531402588
23315,5.42857551574707
23316,8.901998901367188
23317,5.016114997863769
23318,9.036285781860352
23319,6.916068077087402
23320,2.298925685882568
23321,4.2706197738647464
23322,8.109806442260743
23323,6.8624955177307125
23324,7.767544269561768
23325,7.3903038024902346
23326,7.119285964965821
23327,3.947818470001221
23328,5.91713285446167
23329,4.708722877502441
23330,9.491021728515625
23331,5.79784746170044
23332,7.148605155944824
23333,5.362506675720215
23334,5.276655101776123
23335,3.968833160400391
23336,3.184762144088745
23337,5.092520523071289
23338,5.8586225509643555
23339,8.118011093139648
23340,7.11616153717041
23341,8.641109848022461
23342,4.986104202270508
23343,5.976571464538575
23344,6.16255521774292
23345,7.915032482147216
23346,7.016988277435303
23347,3.1017776012420653
23348,3.9258070945739747
23349,2.0721200466156007
23350,5.472518539428711
23351,5.73659725189209
23352,6.919381427764892
23353,4.678757381439209
23354,4.017853832244873
23355,8.789894294738769
23356,6.030226612091065
23357,7.227976512908936
23358,9.490585136413575
23359,5.5368812561035154
23360,5.565759658813477
23361,7.463194465637207
23362,7.657208728790283
23363,3.262422466278076
23364,4.21626615524292
23365,4.25119161605835
23366,7.365421867370605
23367,5.681015872955323
23368,6.2659049987792965
23369,4.960556888580323
23370,4.0828886985778805
23371,3.3204052448272705
23372,6.004805183410644
23373,9.343223571777344
23374,4.252740669250488
23375,4.709436988830566
23376,8.777506065368652
23377,4.538381195068359
23378,3.324949264526367
23379,6.44197998046875
23380,4.132970714569092
23381,6.756151485443115
23382,4.849819946289062
23383,5.4012024879455565
23384,7.581879711151123
23385,3.840878391265869
23386,3.6429848194122316
23387,4.200324249267578
23388,3.3593021392822267
23389,2.584466552734375
23390,4.529033851623535
23391,7.234593677520752
23392,2.2989197254180906
23393,7.710056018829346
23394,6.717394256591797
23395,3.77148118019104
23396,6.095421981811524
23397,6.076903533935547
23398,1.8609228134155273
23399,5.792131233215332
23400,9.091405296325684
23401,1.472524881362915
23402,6.377805900573731
23403,5.403212833404541
23404,6.02482852935791
23405,4.585048866271973
23406,8.993047142028809
23407,9.383515167236329
23408,4.738399505615234
23409,2.8348944187164307
23410,9.177914810180663
23411,6.144442462921143
23412,4.984024524688721
23413,8.20718879699707
23414,1.8894645929336549
23415,7.591391658782959
23416,5.924169540405273
23417,6.0126935005187985
23418,6.459342384338379
23419,3.661578893661499
23420,6.796567153930664
23421,3.702454423904419
23422,7.1851951599121096
23423,7.399620819091797
23424,7.67469425201416
23425,6.60416612625122
23426,7.867204666137695
23427,9.204783821105957
23428,2.457639694213867
23429,2.985148572921753
23430,7.307611083984375
23431,5.296035385131836
23432,7.672967624664307
23433,2.9247169971466063
23434,5.3965404510498045
23435,6.114145946502686
23436,7.884547519683838
23437,8.574186706542969
23438,4.458064270019531
23439,2.555472660064697
23440,2.479577970504761
23441,4.490994167327881
23442,3.9770920753479
23443,5.608976364135742
23444,4.960465145111084
23445,7.750344562530517
23446,7.282077312469482
23447,6.694195365905761
23448,3.5655150413513184
23449,6.337275791168213
23450,7.515293312072754
23451,3.9621753215789797
23452,7.123196983337403
23453,4.234712409973144
23454,8.26466121673584
23455,3.6701872825622557
23456,6.837602138519287
23457,6.877623558044434
23458,3.832953596115112
23459,2.2565783500671386
23460,3.681836223602295
23461,8.900846862792969
23462,7.587637901306152
23463,6.683016681671143
23464,7.614569091796875
23465,5.7912016868591305
23466,8.257833290100098
23467,9.297666549682617
23468,5.957404899597168
23469,4.818590927124023
23470,8.054040908813477
23471,5.040620422363281
23472,5.657724094390869
23473,8.358976745605469
23474,5.711230278015137
23475,4.288634204864502
23476,2.0411455631256104
23477,6.440785598754883
23478,6.706775856018067
23479,3.6166193008422853
23480,6.410421085357666
23481,3.991601276397705
23482,9.1898344039917
23483,5.668160057067871
23484,7.807107448577881
23485,7.6141969680786135
23486,7.649104881286621
23487,6.728969764709473
23488,8.69858455657959
23489,4.624038982391357
23490,3.9607186317443848
23491,3.9219406127929686
23492,4.875816059112549
23493,8.510579872131348
23494,3.489365339279175
23495,4.805070495605468
23496,7.049149036407471
23497,3.805739498138428
23498,3.467944860458374
23499,5.678913497924805
23500,2.6277018070220945
23501,7.636717033386231
23502,10.0
23503,6.960667896270752
23504,6.764520263671875
23505,8.22008056640625
23506,6.726868343353272
23507,6.183725643157959
23508,7.463346481323242
23509,9.973299789428712
23510,4.172111129760742
23511,6.807499504089355
23512,4.540808010101318
23513,4.385695171356201
23514,6.5032917022705075
23515,2.6349024295806887
23516,8.275635719299316
23517,6.405084037780762
23518,5.091455459594727
23519,4.781245708465576
23520,6.548132514953613
23521,8.189151954650878
23522,7.163125038146973
23523,6.20424747467041
23524,5.730907535552978
23525,3.523388957977295
23526,7.898273563385009
23527,1.4926376581192016
23528,3.3257572650909424
23529,8.27646369934082
23530,9.238458633422852
23531,3.999463701248169
23532,4.886709976196289
23533,6.719102573394776
23534,6.390835380554199
23535,5.649126148223877
23536,6.707553958892822
23537,2.0199358224868775
23538,7.3048680305480955
23539,1.9308787345886231
23540,4.694505500793457
23541,4.385316181182861
23542,3.0524149417877195
23543,4.946387100219726
23544,4.373014640808106
23545,5.981245422363282
23546,3.1434789180755613
23547,8.875757789611816
23548,6.0917518615722654
23549,6.416900157928467
23550,6.6718038558959964
23551,5.3950684547424315
23552,5.437786006927491
23553,5.458513164520264
23554,2.5841370105743406
23555,5.49587345123291
23556,7.452917575836182
23557,7.1743245124816895
23558,3.89472918510437
23559,9.135420417785644
23560,6.784153652191162
23561,8.895548820495605
23562,5.5786150932312015
23563,7.773072719573975
23564,4.499276065826416
23565,5.070232963562011
23566,5.694820880889893
23567,4.6827727317810055
23568,5.441590595245361
23569,2.9034379959106444
23570,7.155221939086914
23571,5.779235363006592
23572,4.58379716873169
23573,4.097834348678589
23574,4.442187881469726
23575,4.74567174911499
23576,6.595145606994629
23577,6.913140201568604
23578,2.8233863353729247
23579,7.099501991271973
23580,4.581610202789307
23581,4.457522869110107
23582,6.203169059753418
23583,5.905984497070312
23584,6.69385175704956
23585,4.751731014251709
23586,2.949742078781128
23587,5.595811367034912
23588,3.5477128982543946
23589,4.8956657409667965
23590,9.440571784973145
23591,6.060355091094971
23592,4.584100151062012
23593,4.846798419952393
23594,3.3793997287750246
23595,6.840120792388916
23596,3.3261810302734376
23597,2.236021041870117
23598,7.705262184143066
23599,3.174989414215088
23600,2.739159679412842
23601,7.526622867584228
23602,6.451231861114502
23603,5.506624507904053
23604,1.7002623319625854
23605,9.840644454956054
23606,4.421195411682129
23607,5.193635940551758
23608,7.439039897918701
23609,8.484426498413086
23610,1.6076223373413085
23611,2.6618916511535646
23612,3.541485548019409
23613,7.435659027099609
23614,6.518573474884033
23615,2.6412771701812745
23616,6.673602485656739
23617,6.444703578948975
23618,6.136552810668945
23619,2.3712275981903077
23620,5.187096118927002
23621,5.364374732971191
23622,6.357175636291504
23623,6.9492875099182125
23624,5.314156627655029
23625,8.964084815979003
23626,6.412996387481689
23627,7.1858570098876955
23628,0.9031422138214111
23629,8.844697952270508
23630,5.907167911529541
23631,7.330783271789551
23632,4.659560108184815
23633,7.653876876831054
23634,6.291553497314453
23635,4.360508060455322
23636,5.522795295715332
23637,5.508607578277588
23638,7.628303909301758
23639,9.29555778503418
23640,4.707623291015625
23641,8.586082458496094
23642,4.741520786285401
23643,4.571333885192871
23644,7.693981456756592
23645,7.312274360656739
23646,2.297919511795044
23647,5.803123188018799
23648,6.067671012878418
23649,5.2730988502502445
23650,6.73705472946167
23651,7.425008392333984
23652,6.928431701660156
23653,5.759451198577881
23654,4.750836944580078
23655,6.923096752166748
23656,6.653926753997803
23657,5.012315464019776
23658,6.021136379241943
23659,5.77078275680542
23660,6.512634372711181
23661,6.824722385406494
23662,6.847925186157227
23663,5.077351665496826
23664,3.0593124866485595
23665,7.327239227294922
23666,6.655590152740478
23667,8.742037773132324
23668,7.140549373626709
23669,6.9429624557495115
23670,4.891481685638428
23671,5.965452766418457
23672,8.828847122192382
23673,7.147668170928955
23674,6.4912186622619625
23675,4.99107084274292
23676,6.167202758789062
23677,8.023781204223633
23678,6.621665573120117
23679,10.0
23680,3.7622100353240966
23681,6.037937927246094
23682,7.039265441894531
23683,5.8821056365966795
23684,4.3500875473022464
23685,4.828906059265137
23686,8.20450267791748
23687,4.515134620666504
23688,6.299453544616699
23689,7.090538406372071
23690,2.1615911960601806
23691,6.067119026184082
23692,4.076764011383057
23693,9.69154624938965
23694,6.108286285400391
23695,2.349936676025391
23696,4.0396506786346436
23697,8.368014717102051
23698,7.544293785095215
23699,3.7027109146118162
23700,6.697716808319091
23701,4.7933696746826175
23702,4.906768894195556
23703,7.813572216033935
23704,6.883676147460937
23705,7.527315998077393
23706,5.533972358703613
23707,7.225403499603272
23708,6.201955127716064
23709,7.004077911376953
23710,5.374741458892823
23711,1.445944356918335
23712,6.927527713775635
23713,5.8041542053222654
23714,8.024982166290282
23715,2.8612389087677004
23716,3.573687505722046
23717,8.62308292388916
23718,5.125603199005127
23719,7.761059093475342
23720,5.22485122680664
23721,3.250809335708618
23722,1.4825004100799561
23723,5.392493724822998
23724,4.706302165985107
23725,4.7364448547363285
23726,6.103020095825196
23727,5.547014331817627
23728,7.024343204498291
23729,9.109672546386719
23730,1.1774174094200134
23731,3.8111476421356203
23732,6.154227066040039
23733,6.381576347351074
23734,8.972082328796386
23735,6.356320190429687
23736,3.525127077102661
23737,7.493783283233642
23738,4.763205814361572
23739,8.849954223632812
23740,9.218818283081054
23741,2.2542354106903075
23742,4.162081098556518
23743,5.015647506713867
23744,7.554705429077148
23745,7.812041759490967
23746,1.7051934719085693
23747,8.174896049499512
23748,7.777226352691651
23749,7.8075159072875975
23750,5.113707637786865
23751,4.594383716583252
23752,6.090295028686524
23753,7.857313823699951
23754,6.5576740264892575
23755,7.328444766998291
23756,3.8855756759643554
23757,3.9535601139068604
23758,4.750255966186524
23759,5.68300724029541
23760,7.926904964447021
23761,3.2520877361297607
23762,5.178605556488037
23763,4.5869701385498045
23764,7.825507545471192
23765,4.691375064849853
23766,2.0211315870285036
23767,6.41280345916748
23768,4.168271255493164
23769,4.975591468811035
23770,2.729443979263306
23771,6.549680423736572
23772,4.1006523132324215
23773,9.878241539001465
23774,7.62343397140503
23775,7.568714046478272
23776,5.575359916687011
23777,8.182522964477538
23778,5.698094367980957
23779,3.527596044540405
23780,3.006338691711426
23781,2.924876260757446
23782,3.0894619464874267
23783,6.9988702774047855
23784,5.225644207000732
23785,7.006500148773194
23786,7.420790100097657
23787,7.986769104003907
23788,6.873726654052734
23789,6.615772342681884
23790,3.327443742752075
23791,2.991137170791626
23792,7.1615385055542
23793,6.297716426849365
23794,6.514105415344238
23795,3.7074793338775636
23796,5.318101787567139
23797,6.981602668762207
23798,5.828295516967773
23799,7.475711441040039
23800,2.5464179515838623
23801,7.116613864898682
23802,6.084618282318115
23803,4.809158706665039
23804,5.058190250396729
23805,6.342638969421387
23806,6.10142068862915
23807,7.6130499839782715
23808,3.1492683410644533
23809,1.1999592661857605
23810,3.7738760471343995
23811,4.727515411376953
23812,2.5192810535430907
23813,2.1123058795928955
23814,6.7278059959411625
23815,5.945951843261719
23816,3.5586888790130615
23817,4.13376636505127
23818,5.9430536270141605
23819,8.76449146270752
23820,8.907516860961914
23821,8.025106811523438
23822,5.983400535583496
23823,6.999805736541748
23824,8.042472076416015
23825,6.580397415161133
23826,5.906358528137207
23827,3.9651608943939207
23828,7.578097629547119
23829,4.16930923461914
23830,6.649988746643066
23831,0.29056756794452665
23832,3.403523302078247
23833,1.797049880027771
23834,8.236060333251952
23835,2.5507837772369384
23836,5.5323385238647464
23837,5.44150857925415
23838,3.2485333919525146
23839,5.2631385803222654
23840,2.237235975265503
23841,5.112598514556884
23842,6.303894519805908
23843,7.514435195922852
23844,1.975127148628235
23845,3.9577863693237303
23846,4.249844646453857
23847,8.976439285278321
23848,3.758456802368164
23849,7.714038562774658
23850,7.448485565185547
23851,4.897910690307617
23852,7.166947937011718
23853,8.926694297790528
23854,3.9088692665100098
23855,6.966031455993653
23856,7.411707782745362
23857,6.032837390899658
23858,3.107099914550781
23859,9.417488479614258
23860,5.044079303741455
23861,8.301106643676757
23862,7.762354469299316
23863,8.218953323364257
23864,2.526547431945801
23865,7.252335071563721
23866,4.309409713745117
23867,4.081916618347168
23868,3.8473272800445555
23869,5.780100631713867
23870,4.447893333435059
23871,10.0
23872,6.112129402160645
23873,4.549751663208008
23874,4.437470436096191
23875,6.453884410858154
23876,9.542472076416015
23877,6.637166690826416
23878,7.469853019714355
23879,5.2502867698669435
23880,6.468667125701904
23881,1.5045918464660644
23882,7.6596955299377445
23883,2.4383543014526365
23884,5.232059288024902
23885,3.986238384246826
23886,7.367158985137939
23887,6.519626426696777
23888,5.880144023895264
23889,4.938084125518799
23890,8.720984077453613
23891,6.819607162475586
23892,5.426812076568604
23893,6.008285427093506
23894,3.151165771484375
23895,4.390312957763672
23896,3.3917052268981935
23897,6.749853324890137
23898,7.422531032562256
23899,2.778418207168579
23900,2.4603026866912843
23901,6.609576797485351
23902,5.198345279693603
23903,6.778705215454101
23904,6.533034038543701
23905,8.166674423217774
23906,7.888391017913818
23907,6.950702953338623
23908,3.7551256656646728
23909,7.152676296234131
23910,7.237444591522217
23911,6.440996360778809
23912,7.256982803344727
23913,6.120736885070801
23914,5.739703273773193
23915,8.421035194396973
23916,5.322845077514648
23917,2.8701425552368165
23918,5.022455024719238
23919,3.910576915740967
23920,8.592657470703125
23921,7.647661399841309
23922,1.178183674812317
23923,5.266422748565674
23924,6.793077087402343
23925,3.997828817367554
23926,6.937054824829102
23927,8.182926750183105
23928,1.2652321815490724
23929,5.2254644393920895
23930,4.241226577758789
23931,3.4934278964996337
23932,5.101393795013427
23933,6.151966094970703
23934,6.214293956756592
23935,5.841050243377685
23936,3.7941658020019533
23937,5.460674285888672
23938,4.747107410430909
23939,2.803344202041626
23940,6.083985805511475
23941,5.424041080474853
23942,3.547885513305664
23943,8.504487228393554
23944,7.208903884887695
23945,5.598815822601319
23946,8.684017562866211
23947,5.028489398956299
23948,4.157326507568359
23949,4.757422637939453
23950,6.579867649078369
23951,5.277917575836182
23952,7.065618324279785
23953,5.527356243133545
23954,7.982945251464844
23955,1.9279073238372804
23956,2.712652158737183
23957,4.008856534957886
23958,8.35656280517578
23959,9.993664360046386
23960,5.090564727783203
23961,6.3991578102111815
23962,5.007569408416748
23963,4.327926254272461
23964,5.850610160827637
23965,4.643281650543213
23966,1.5903389215469361
23967,6.350002861022949
23968,6.768499565124512
23969,5.633437156677246
23970,4.77613935470581
23971,6.944409561157227
23972,2.8492754459381104
23973,7.210135555267334
23974,7.262248420715332
23975,8.656612777709961
23976,5.343931865692139
23977,8.27543773651123
23978,7.468148040771484
23979,8.529268074035645
23980,3.7313939571380614
23981,8.69886646270752
23982,7.21614351272583
23983,4.974099159240723
23984,5.175044536590576
23985,8.18996982574463
23986,6.180221843719482
23987,6.945436191558838
23988,6.249659252166748
23989,4.520185565948486
23990,3.756229305267334
23991,6.648223876953125
23992,4.252757835388183
23993,8.741602516174316
23994,5.204836654663086
23995,6.290577125549317
23996,3.3636277675628663
23997,3.6309913635253905
23998,5.365122318267822
23999,5.0831605911254885
24000,2.6572666645050047
