id,bilissel_performans_skoru
1,5.979947883468259
2,6.417565638385071
3,3.0113957915658176
4,7.12206972388866
5,3.643537501207436
6,5.512199241695431
7,3.249721550936743
8,7.48803457555867
9,3.698579254969716
10,3.6731226421377805
11,8.600398413731707
12,4.196789623513737
13,6.30518734207929
14,6.855174806682292
15,5.984492390906088
16,4.327656768791218
17,7.206707270421387
18,8.122427300961562
19,7.213578643859622
20,4.890816171307943
21,4.345166088851445
22,7.417629732244346
23,2.7907635320439996
24,5.469338648249282
25,7.293515653111892
26,6.740432642480161
27,7.1895148337765065
28,8.049751954222497
29,3.953196689582407
30,7.644402206630292
31,6.920366364647632
32,6.654339872542813
33,5.416304726122301
34,5.236921368029904
35,4.1649871217878
36,5.437112199828836
37,4.763793622204651
38,5.848716097991392
39,7.410732866323814
40,7.991145347701547
41,6.575233905450347
42,6.0562481426438275
43,6.849955791758679
44,5.469068361923195
45,8.936691715545152
46,1.7604933690271423
47,5.213196254998816
48,6.596895138569667
49,4.874930018026485
50,7.891797588013986
51,7.221591297951633
52,3.1956520652381433
53,6.895913076481958
54,7.400588288283743
55,4.173993170189182
56,5.856143789531418
57,2.461088747913822
58,3.559552264269219
59,4.56989879884079
60,4.038257765758294
61,8.836300039719053
62,8.538575017277926
63,7.4981987074255425
64,5.471681431077002
65,4.570353162468315
66,6.223405028580762
67,4.753377036514651
68,5.59072676606715
69,7.5845167085420915
70,3.0319087879348054
71,4.463127468579601
72,8.356889708178702
73,8.34516929484722
74,5.861928264523465
75,2.5879206467246227
76,7.26542418196689
77,4.510931185032364
78,3.8119643050289773
79,8.905534970367595
80,5.873246779039401
81,4.039065640160499
82,4.872518671522312
83,6.0981169910256465
84,7.301376872070444
85,5.696838584651552
86,7.102433862910738
87,7.458765307998957
88,7.455983734126663
89,3.0795712172086556
90,8.46130947938127
91,4.21316595390498
92,2.774032113095598
93,5.985156858481173
94,7.782843297824611
95,5.834563166072907
96,7.609606399736092
97,4.69575055905902
98,3.8469966061866536
99,6.033472940959887
100,8.842576258800829
101,5.168161837252588
102,6.075929863242741
103,5.349286331298245
104,3.7703516000938166
105,6.143048476047282
106,5.4196827575198485
107,8.044254327860678
108,8.785555031262131
109,7.914939293216994
110,8.02312645037679
111,4.0169705009688865
112,2.9490445781473276
113,6.716170035723768
114,5.784194910976298
115,7.034272712664685
116,8.233708730468734
117,7.845180547085144
118,7.467085820369195
119,8.687472870576752
120,3.4280765100773514
121,1.4333148980061814
122,6.238882115065555
123,7.204318544024969
124,3.672685739296597
125,3.37487627318477
126,8.107700160709333
127,4.375503324232807
128,7.109101322309206
129,4.581494132355824
130,8.27637769744002
131,5.7152251349174845
132,5.589818953139007
133,4.669318932340187
134,6.714985914557182
135,7.331837766200972
136,7.623744773059956
137,7.402347992227952
138,6.564918822508632
139,4.54044596097236
140,6.417316557598847
141,7.270064246626879
142,4.975667408922555
143,3.68919118661197
144,4.467844520721184
145,5.934179560591902
146,8.352266884533833
147,6.121277829338597
148,7.926679737171921
149,3.469383927200495
150,6.863550403548794
151,8.004311413279995
152,2.30777849963504
153,4.997842525766856
154,7.887816278557989
155,5.987535516689077
156,8.548791131425443
157,4.504028500264199
158,4.90972766531319
159,4.819278510394454
160,4.412831079724999
161,4.270636585817917
162,6.2369013952289265
163,4.610029573766753
164,3.9680501427990627
165,8.789729597578948
166,5.942341417309306
167,8.247316336424806
168,4.015283080569047
169,7.914210712358015
170,7.5925894308878465
171,6.803229471701333
172,7.775914286010638
173,3.3296223425291878
174,4.758367008019137
175,8.063982884606725
176,6.126882449732143
177,6.377028157696156
178,5.785158194431254
179,1.4338493151324427
180,6.147217652105157
181,3.535992918169274
182,3.3817474717282523
183,3.805339842385211
184,4.167422885921893
185,9.173811952970755
186,6.0895813489515
187,4.644061050642968
188,9.183674237389319
189,5.993437380646576
190,5.986359144731448
191,4.131543074840929
192,2.8002219917326734
193,5.3552586544464305
194,3.869599653703098
195,9.012977972405142
196,8.07985541913845
197,6.7120971477470395
198,7.399259598703739
199,6.687801374944234
200,2.9390811588907075
201,8.916835313730049
202,6.772649498366046
203,5.488600828437644
204,4.415204708407663
205,8.64628967583244
206,6.073759535366765
207,6.461523356117863
208,3.7820583840814352
209,6.222415095729715
210,6.349706609260814
211,4.5845637655563465
212,8.310648018738057
213,2.9398589342085817
214,5.184238864593385
215,6.664968212559051
216,9.371745104177217
217,8.34984149408692
218,4.350739472206034
219,5.59852619195333
220,5.148288214952806
221,0.9526255087066294
222,5.316951162543475
223,2.869753046684159
224,8.2069928656237
225,5.903393373621333
226,8.125908782195417
227,7.551162398247849
228,5.359259744281266
229,3.554947641255489
230,2.7561541935973897
231,7.357851031857058
232,7.369699524669874
233,3.8699484329765284
234,1.2171696347684542
235,6.617564565602263
236,5.704340015651702
237,7.079957080183101
238,5.73744499154995
239,7.532167638550487
240,3.896302821236752
241,9.071414672953694
242,6.579872546603093
243,4.45766375523033
244,4.727408155871252
245,4.3031767526291755
246,1.750623788252708
247,7.596084204428219
248,6.072432972180172
249,7.123388512106002
250,8.432233361846496
251,6.444798610742298
252,7.01214274508948
253,7.1549276180811505
254,5.588482119448723
255,2.2406550182438223
256,8.946688797197767
257,4.341120068108336
258,4.651618755986877
259,6.500007419358701
260,6.424665631240545
261,2.116869468342583
262,5.503729405879429
263,6.027531009243708
264,4.793394488188992
265,4.486876939813941
266,6.289882782377716
267,4.142524585063282
268,8.963936815945598
269,7.27300583520064
270,2.0048500892771015
271,4.841860335099163
272,9.467241130355365
273,3.6501064594494026
274,5.735079248968528
275,9.112904661911042
276,6.063322839025519
277,9.329983913479925
278,5.344534051348145
279,3.756380331249738
280,2.2511926942380276
281,5.108512922182306
282,8.726476642809894
283,6.181658054155717
284,6.092088441568113
285,7.713907730322289
286,3.2001957608699385
287,3.2247230928505592
288,8.210660330671535
289,3.641180833659346
290,4.299892347084162
291,3.222272942601415
292,4.031802702788556
293,5.438906163435546
294,8.889644389148037
295,7.289500384365569
296,4.722787581038243
297,6.222483025199332
298,7.50146434349182
299,4.667389867222221
300,4.405724699762018
301,8.57721681212658
302,3.212359090112096
303,7.518628866021098
304,3.58926274141587
305,8.829508598711989
306,8.081041652712814
307,6.9223304995560735
308,4.888503391459223
309,5.147182607847379
310,4.408273185894455
311,5.502447388693644
312,5.315324611129023
313,9.563879286315162
314,7.122938268178795
315,5.471281196724087
316,5.764230679731503
317,2.3562351097822574
318,5.479121965717589
319,5.225020068179727
320,4.140777778883208
321,5.591812797232369
322,5.355919753488561
323,3.6599733491331556
324,4.970369106188303
325,7.713281709968117
326,7.429231421103358
327,6.592151250790212
328,7.035238048993077
329,3.6997435588338172
330,8.934706322875535
331,9.276594739302656
332,6.854292103556513
333,4.7648965041604345
334,8.746713229180177
335,6.7048887037496385
336,5.7759930130233155
337,5.35441851596777
338,7.630363425549271
339,5.1372240899082415
340,6.994038667664247
341,3.822120272588902
342,2.357644667540213
343,7.041373871200079
344,4.387791424274614
345,5.711972619810423
346,6.054410434496439
347,5.675639840388294
348,6.083285810330854
349,4.524407862533271
350,4.151639857101451
351,6.503248882675616
352,4.462794795165353
353,7.280434305022354
354,6.31469025470368
355,3.4455109653089337
356,5.613114594988389
357,6.6672493468163365
358,5.620447691420971
359,3.153091134721404
360,8.2922371992978
361,6.76735451308434
362,5.388290603173476
363,1.6622264085176162
364,3.125103907494027
365,6.635932465330671
366,5.55990161837286
367,3.6004907359742795
368,7.0518752955102
369,6.520183701073286
370,3.7126228459383457
371,8.374319081689608
372,6.537851327479229
373,6.763026014916011
374,3.9837840535654303
375,6.340530062348533
376,7.727605047206211
377,6.065515570106538
378,8.139649584953125
379,6.474695988082092
380,8.699089464195538
381,8.802343878742303
382,3.2512430615703556
383,3.874067872545498
384,6.721940139810135
385,7.838167659754625
386,6.6053103864113
387,9.191573033403094
388,7.789176752981598
389,9.7541945719036
390,6.2183771660739495
391,5.3481316574439015
392,3.59885477847498
393,4.063771647561113
394,8.855456745185004
395,5.207181150421137
396,5.609206572479332
397,5.765898342474857
398,0.6854933486220712
399,8.612628914780464
400,6.7463774788807225
401,7.607469898193659
402,3.3992696118873837
403,4.169894225249737
404,6.887681700980282
405,7.9654693667013365
406,3.9740796052404903
407,5.607051893336862
408,5.717724055749253
409,6.167073991104952
410,5.300403927036404
411,4.682764726547143
412,6.755518398875995
413,5.641435043888568
414,6.318529981391175
415,4.823960808831873
416,4.920067196878597
417,5.202567270790462
418,6.166718741139974
419,5.980965267729916
420,3.0674026997791617
421,3.910744442771602
422,6.561636661420492
423,4.4344021811508245
424,2.8701932220695068
425,6.2669454135703235
426,5.067170345160493
427,3.514955590149698
428,4.133602426096102
429,6.208875468744807
430,5.989518041192915
431,7.675799896347248
432,6.536569142606344
433,7.814474490057447
434,4.317953427484803
435,4.908418194893959
436,4.432530955832435
437,6.427947215468061
438,7.399505436684329
439,3.6982320448820283
440,7.804069332986984
441,7.868228743992439
442,2.6901838693984543
443,6.250746579980703
444,4.986643078801427
445,2.1368927637533206
446,3.8116194234057437
447,8.239613589824195
448,2.321509266842308
449,8.798830680702109
450,5.98758020861983
451,7.696960149723874
452,6.9126352179516175
453,8.54989673151471
454,5.270096295050087
455,4.6239352672335645
456,7.77762547539259
457,5.096321600162799
458,4.868377193351066
459,6.431783452350362
460,6.773336082550422
461,4.061020524876842
462,7.3866417128966075
463,9.109557389104705
464,5.080739902790774
465,5.54856036174096
466,8.255570253340986
467,6.57797475256879
468,5.384642543278737
469,5.096952576473704
470,6.342661618423208
471,5.819144401234224
472,6.97679424421234
473,8.717220112627402
474,3.998295652798898
475,4.35435910073983
476,4.872689625232608
477,7.3947473125779535
478,6.5564412618281
479,8.135286607671366
480,4.459692236372564
481,6.416492235629944
482,8.314746291798892
483,4.463989473708564
484,5.827241376530102
485,7.701092344007459
486,7.442603905337863
487,2.332016958761421
488,6.634809328060191
489,6.5244033474024095
490,5.579695111196988
491,10.0
492,2.8951565512343143
493,6.266824593287227
494,0.949871682228214
495,6.299000959848644
496,6.953487659928882
497,6.850325946936508
498,7.519865526599408
499,3.802479396020568
500,6.490774116136729
501,4.860725243585063
502,4.607692236413678
503,8.46530509004456
504,4.992222118935058
505,3.6449707254782227
506,5.170286741480841
507,7.453871373781898
508,6.573980540709331
509,8.406530797524454
510,2.554170558596426
511,8.506423995463356
512,6.651518434812319
513,4.067611864872944
514,7.046308186392937
515,5.088806917019144
516,8.961837968519914
517,4.801475316628303
518,6.38231640600606
519,4.010717801691661
520,3.321024130786964
521,7.852289898074375
522,5.672258485651358
523,1.5845184659542784
524,9.202332318841952
525,7.340159167307552
526,4.722496979826898
527,4.474957927599483
528,3.579172618055447
529,7.8248743190065895
530,7.6335549557747076
531,6.241419588750582
532,1.8984114720810397
533,9.131218248481165
534,8.54494094350962
535,6.7439363492519036
536,5.993729699852135
537,6.886930889829183
538,8.755567866161051
539,2.6967650872149216
540,4.462458196547091
541,5.34173128401419
542,7.190701083572508
543,8.38003762543514
544,6.77419378623748
545,9.64079798248102
546,4.712291958367425
547,4.54146827767169
548,7.417273456562144
549,6.3250130917969045
550,7.263046496838695
551,4.602660727574805
552,7.242299864573167
553,8.909903903823615
554,6.674052485587721
555,6.493678215262828
556,8.141085953317297
557,5.639789123355514
558,5.6455072851043635
559,4.461197774666969
560,3.1877379495952374
561,8.840371814813711
562,8.095705883388131
563,6.1186668730700005
564,6.204132872058219
565,4.872427894787942
566,2.8630572668591148
567,7.681195088238712
568,6.4257473277535
569,4.56921878141778
570,8.496038202463632
571,6.234824798641487
572,8.529310217273238
573,4.82031470761522
574,8.941229746739301
575,5.703593725379363
576,5.068413373322222
577,7.662857758686089
578,4.517646246872977
579,6.740718813259226
580,6.0806864754774494
581,7.015762025207053
582,4.228532258063821
583,5.069020329521804
584,4.529636429203367
585,6.60039390792237
586,5.950587782743559
587,4.533908787813227
588,5.581632653233835
589,5.61516419148906
590,7.257728318900595
591,4.092442436587571
592,3.2122481736611492
593,7.298820815782472
594,6.093305522912809
595,6.220159100938247
596,9.791441221453011
597,5.4625535572224875
598,3.153714602898974
599,6.656640604585216
600,8.006447890366324
601,7.711376818174614
602,4.199115661988253
603,5.297098472708628
604,2.100366066029417
605,1.5719303288266449
606,8.41633944408046
607,6.450922587840121
608,5.332813306675378
609,5.726552019388706
610,5.905232755454311
611,5.158967821169776
612,4.864724775967305
613,6.771487943125942
614,3.7645528838143187
615,6.52188997425924
616,8.370377346952992
617,7.105944279054526
618,8.18683363911824
619,1.4669676412238577
620,5.852361821632142
621,4.6017585788287265
622,4.711979729089025
623,2.2467697458036535
624,8.02227687571228
625,5.580603349299253
626,4.868391000046988
627,6.417205852326203
628,4.69230866774739
629,5.5553636889386535
630,5.212623473059077
631,6.619729164774038
632,4.029131637443312
633,8.491678857138822
634,5.883224600001119
635,2.715588726803047
636,4.752762662222831
637,7.808001375441968
638,5.220592359615269
639,4.896011050996416
640,5.703453626063471
641,3.4635188600079387
642,9.098361447523391
643,3.664205660596964
644,6.020367955256319
645,5.251869793809914
646,4.494043839814641
647,9.8456919343729
648,6.6104307188052385
649,7.43750473579585
650,3.1695537489953978
651,9.786632364556814
652,5.871654446652049
653,4.487380735029999
654,5.13578786074229
655,6.840817133807711
656,5.502198692658778
657,7.41001872427766
658,7.982785994441807
659,6.928017275261364
660,3.6755989317321545
661,3.473346637623765
662,7.093459499572752
663,7.54204103722954
664,7.344993120610023
665,4.834953234791987
666,9.295769870791592
667,4.5154214360999205
668,6.284801695101526
669,6.534350588793499
670,8.27139880973402
671,5.063908166793259
672,7.102221343902835
673,5.255455179410016
674,8.181156627286871
675,7.0196044353279685
676,8.254195628618564
677,5.792391894053294
678,8.353480086144677
679,3.852640051404528
680,8.009177656043704
681,2.3936769255047308
682,5.64266959274107
683,3.450097988050608
684,8.622601899205844
685,3.433296461723746
686,6.671260808489447
687,5.382017026326084
688,6.256693288207652
689,8.758673809607501
690,6.630690508263231
691,6.86409712483881
692,5.592401275612195
693,5.136565900372714
694,4.928363039001811
695,8.45588595096809
696,5.823003476359007
697,7.150682637308331
698,6.32624839409451
699,2.44439387854623
700,3.7117060252353946
701,8.720298561228956
702,4.591625624900411
703,4.279923014611175
704,2.287447397155252
705,6.913287716225463
706,7.8070342413648195
707,3.3934995542879265
708,7.098489343365566
709,7.632878282839629
710,3.83659296747376
711,7.989867643875712
712,8.022316464036411
713,9.243288124887613
714,6.73839992786972
715,3.9715781326987325
716,2.3872156448380126
717,4.040003856049176
718,6.717828130600121
719,4.898720832751041
720,6.161957708515883
721,6.263500031784074
722,5.8689438256552275
723,8.181914482888022
724,9.787712520243566
725,3.50846553546454
726,6.0777167188685866
727,6.882119882600248
728,6.389220291328285
729,6.238275668178855
730,4.695920139303615
731,8.221781816989232
732,9.467156749795137
733,3.910984323577588
734,2.530406242541244
735,7.695658193655542
736,7.515115009113472
737,5.6014724718928735
738,5.120833496282638
739,4.7690654492232145
740,4.671316442976907
741,5.5597186883786875
742,8.019700771676444
743,7.354407244506959
744,7.613487917971016
745,4.774700344128608
746,2.7968418121125267
747,8.735460422233919
748,5.501497605908428
749,8.132487651687136
750,6.255303638705849
751,3.761699084438022
752,7.783476379641492
753,7.549552176278826
754,4.713789572391663
755,6.700861128488507
756,8.097299973717409
757,4.188367590722937
758,3.107064074010869
759,4.246579872628066
760,8.199065890592994
761,5.411015203172312
762,6.32733257879688
763,5.505795604113468
764,7.0244410290743415
765,9.111149453748267
766,8.460559495381904
767,8.07762958270765
768,3.205669555513906
769,0.8634786048276772
770,7.213933960783929
771,6.461940510565681
772,5.031649572202647
773,6.621442170882496
774,7.024479481496603
775,5.113684791536922
776,7.065392438468048
777,5.520789775066083
778,4.340241051034601
779,5.715396559408822
780,4.302758389528397
781,7.142760545426819
782,7.780066964134074
783,8.5757364166666
784,4.198948997294538
785,7.614048543947668
786,6.267968008130518
787,5.385053847956054
788,6.923812601356351
789,4.169056542117414
790,7.381348267791336
791,5.830220790832807
792,6.013578068645873
793,8.029800804320365
794,8.493747548663197
795,5.9031277987259045
796,4.9567707169095225
797,5.197961228909163
798,2.5311027576853427
799,7.183148348416736
800,5.92764310577077
801,5.072361120492188
802,6.807663416504312
803,6.6038202273878
804,6.219821651435009
805,5.765422794992261
806,4.575431508678348
807,8.063034599598657
808,3.335815774777914
809,6.404367678274921
810,5.39395584065303
811,8.79334672670933
812,9.114233979761323
813,5.767848677932202
814,7.093668500333915
815,3.378246329836517
816,5.809836957410438
817,4.142672939713863
818,2.4153452714659926
819,5.251002899382198
820,4.941416292973527
821,7.109345614401373
822,5.927415121338731
823,5.77626979023715
824,5.365295513812481
825,2.8713630098340026
826,5.563764914021652
827,4.661521779839768
828,7.296940824622714
829,5.678203514629898
830,4.3638353798401095
831,5.1794782932668895
832,7.764244471438436
833,5.278643005698065
834,5.899681818001697
835,8.912518946618004
836,3.4236906449491675
837,6.763655888690932
838,4.589698126486811
839,7.03866675384446
840,6.656942347208019
841,8.303147945836104
842,8.248324479696098
843,7.183890624553634
844,7.250992391660982
845,4.069150469969204
846,5.211332923127426
847,5.3624262503634075
848,7.337781747777778
849,3.4555137915161076
850,3.2103329765556934
851,8.214493038957036
852,7.292397491352986
853,6.263709702774764
854,7.470092766684954
855,9.984754076657495
856,3.6838740385006665
857,2.5406471367995165
858,3.2969662588111435
859,5.376180183716235
860,8.10605402919127
861,7.029916363356302
862,6.323019114913521
863,6.064846152739963
864,6.57231314272172
865,5.0914689882230775
866,8.914348512402821
867,4.179072952821439
868,4.172530589364759
869,2.8284823989141072
870,6.286693558821137
871,6.7546532237700845
872,6.60694582354145
873,7.40740401213269
874,4.097799046016075
875,9.528314714076572
876,3.884904998996356
877,7.431403509375625
878,4.564135363071209
879,7.668909935335518
880,7.18481877598021
881,6.564756401969211
882,7.8916577394291085
883,4.977695705780283
884,7.8900561377702845
885,3.5479709404928768
886,2.5014903533627795
887,3.2170419434973163
888,3.8553806252113425
889,5.186848287615943
890,7.71442835286769
891,6.309804313507979
892,7.0427902690071065
893,5.577348359949243
894,6.689312516316543
895,6.369103900950928
896,3.9080537561666353
897,4.628838213990589
898,4.998295798073329
899,8.52768306150841
900,8.794511660172933
901,6.962572808925157
902,4.554434605991159
903,9.345443199468505
904,1.1415003050658878
905,4.948119372896852
906,7.731378480719178
907,7.689383178323752
908,3.983090076626392
909,3.940045813255032
910,7.053552237779374
911,2.6081536608495677
912,9.62913984508611
913,7.476331726906511
914,5.617545582015894
915,5.371785771830882
916,3.4703369451127792
917,5.754169850409989
918,7.058318101123751
919,4.686107244337806
920,6.373145122139324
921,7.081767212507231
922,7.079967453651713
923,6.9825118751201405
924,5.1247343295033
925,8.379589784335327
926,8.264900850370665
927,7.860376943095197
928,6.2038809946639475
929,8.555909783366578
930,5.531824952412785
931,9.450105249359538
932,7.4887729671934995
933,4.0115856190365955
934,3.0559099835130756
935,3.004975766720114
936,2.8646817716007105
937,7.8554439940154905
938,6.833735506797399
939,7.214329206120539
940,3.600656921558117
941,6.897767733252939
942,1.9797426025273066
943,9.433593055322806
944,5.969215666404071
945,7.913029168171659
946,7.492634842040928
947,8.08897732253238
948,9.616254590610092
949,6.234435218130745
950,7.224077218534529
951,4.705187600945476
952,4.369803622707734
953,5.53371565220929
954,4.176088719577018
955,6.0524224135493565
956,6.724164222072169
957,4.350802123150649
958,2.5660025481617232
959,3.8703777409797437
960,4.30448933349191
961,7.700219606711268
962,8.524351974860815
963,4.305710353445546
964,7.802383596703355
965,3.039867849746389
966,6.341440715328288
967,3.9589829091035336
968,4.958979159971824
969,5.582687092577389
970,4.423105609028247
971,5.633802243698367
972,6.4060648950357315
973,7.275659244415813
974,4.276463847780697
975,6.908736156336593
976,5.106524469637663
977,4.607076803959761
978,8.217041761270336
979,5.5520621174135005
980,5.36426898197566
981,7.908328138753278
982,8.918147897057906
983,9.270002212724759
984,6.176599984371661
985,1.8538367680203973
986,8.120675695200967
987,8.620308536742112
988,1.6621523266163873
989,4.091597664899913
990,5.056666865406568
991,5.60130249411325
992,4.462912445211893
993,6.629954604558516
994,4.4397377675648375
995,6.909473714541245
996,4.437612101217181
997,7.864984376190996
998,3.9659565618043744
999,4.658773080272111
1000,6.1053301406391345
1001,5.058471441589115
1002,7.525984854790811
1003,6.9131797583125065
1004,7.718817238799554
1005,5.078566893831317
1006,4.250815676159737
1007,5.600439640383638
1008,7.355925113100527
1009,5.027286024835217
1010,6.4468980707401276
1011,5.499568298385169
1012,7.429865235378706
1013,5.942841719210508
1014,6.557389045448451
1015,7.587973369048953
1016,8.701260051197206
1017,8.153829491482634
1018,9.54407725624841
1019,6.2222998217747545
1020,4.93286554559407
1021,3.691152624451937
1022,4.355970492519771
1023,6.883580624020629
1024,5.0411418731763415
1025,6.317942157707422
1026,7.641593347942075
1027,6.790619960465977
1028,5.412867840199835
1029,3.2917332990405064
1030,5.6664858135054885
1031,8.159857558770094
1032,7.665139867515684
1033,8.440349401235382
1034,8.094895421742441
1035,6.5501742535861265
1036,5.130153889994725
1037,8.065016300060355
1038,5.288874864120724
1039,8.173359385651745
1040,7.800603806069274
1041,6.147499824543026
1042,5.789408280542416
1043,6.461151051203805
1044,8.56971015880364
1045,5.625371596169517
1046,4.99928217989299
1047,6.684994168493425
1048,3.485433517598822
1049,4.533388755528166
1050,6.952744532895261
1051,8.592529918425477
1052,6.317985745447219
1053,3.5379261787202365
1054,5.999731985364219
1055,3.2143780925131518
1056,4.342176530969658
1057,2.7741207404516346
1058,7.75639725919235
1059,6.570368240646128
1060,5.085806938677796
1061,9.123645297695345
1062,7.22713164847462
1063,5.005829026271025
1064,6.018287195350616
1065,5.004223847328509
1066,5.39623319358396
1067,8.330594687888196
1068,7.708606062336235
1069,8.667892812079225
1070,6.2277316120025015
1071,9.671187522807694
1072,7.206620060817305
1073,5.817146304591985
1074,9.18201597681009
1075,7.583973770699006
1076,4.363040103169164
1077,5.6459251375142845
1078,7.499448354887662
1079,4.163486620338595
1080,4.288210447315139
1081,10.0
1082,6.683594065004945
1083,5.103410937854286
1084,3.311413115587751
1085,4.996647383230873
1086,4.120966216925731
1087,3.966458977396929
1088,3.0610247728754274
1089,2.5552133976255114
1090,7.696358615990637
1091,3.6892406457803686
1092,5.352703372600923
1093,6.6998576146672475
1094,6.445800912128244
1095,6.160395625709346
1096,9.130115552459765
1097,5.853065099296833
1098,5.1916234004396555
1099,5.857262509957604
1100,5.318312001348518
1101,5.7687664710604265
1102,7.333967694954208
1103,3.8607257448659666
1104,5.289528760367288
1105,5.9004036598380365
1106,5.413901633088521
1107,8.347611102492825
1108,5.643138138104396
1109,8.401402582288668
1110,4.422929774332475
1111,3.552539276389737
1112,4.257829387930141
1113,6.899220065313107
1114,2.8895803211657944
1115,4.879071787088369
1116,2.170652807410211
1117,6.01639215690427
1118,5.822220462029138
1119,9.55446427841632
1120,8.524360987322632
1121,8.463463434555731
1122,6.716589999945976
1123,6.772392079816754
1124,5.551766329726779
1125,3.438540662450065
1126,5.524333300932028
1127,2.6553867789840964
1128,8.091740630591378
1129,3.144184784046783
1130,5.957773556790068
1131,3.0120218125874922
1132,6.67297857697405
1133,6.339043427952526
1134,3.2400515222666555
1135,5.596799459798296
1136,7.374059166930837
1137,3.880644149867065
1138,4.068066396761649
1139,6.928982991419845
1140,7.306383193758518
1141,5.048688352537941
1142,2.441696948053837
1143,7.698573537002838
1144,4.295244610130243
1145,2.198612405754006
1146,8.370969312473397
1147,1.584346005065107
1148,3.3146616811844196
1149,5.475205206693819
1150,6.26223394432088
1151,7.830482931109886
1152,6.437961846667925
1153,5.222368041462976
1154,4.0408917922423555
1155,4.994702438860402
1156,4.987682484634759
1157,4.9079014493402555
1158,3.6725586359669578
1159,3.4097866069925105
1160,6.235115037596462
1161,6.736702304134451
1162,7.282898789182563
1163,7.292243765071072
1164,4.741375539481518
1165,7.572527829960153
1166,6.980852482578475
1167,6.874293458481354
1168,6.2209751735348195
1169,5.7434131717031764
1170,5.918676698295423
1171,5.34560366092868
1172,6.6723626903842215
1173,3.842275180721329
1174,6.929682126575048
1175,3.9282419726308575
1176,4.082210263228231
1177,4.821711009426923
1178,6.218065776517556
1179,6.890035742852957
1180,3.4409204824118973
1181,5.728702358992351
1182,9.692337873213223
1183,3.2896591524112275
1184,3.9054887796966264
1185,7.278507423667517
1186,5.172808951326886
1187,4.5339161967646495
1188,7.621168051718193
1189,4.730044028963585
1190,6.934796810541568
1191,3.470543746895384
1192,4.862445028121443
1193,3.938199849113695
1194,7.519303189819809
1195,4.002901441043293
1196,2.2388914576034735
1197,7.80545049925505
1198,4.594129119758779
1199,6.499079895134616
1200,3.1157904337053814
1201,6.149034469203792
1202,8.589619636857543
1203,5.338507598447228
1204,7.6260021930022095
1205,4.885805157831184
1206,5.658631601229814
1207,4.199066365359938
1208,6.252821475731091
1209,8.067211861066218
1210,6.640418730038883
1211,7.830384828786693
1212,6.047928836717118
1213,8.73083980893468
1214,7.261429314097758
1215,5.5957436477662466
1216,4.134148195077365
1217,7.389686181393046
1218,3.36407009398055
1219,4.592175716144586
1220,7.759912908402951
1221,5.9147225520021305
1222,6.99910084275852
1223,5.075837461330976
1224,5.065400849624818
1225,7.377611446005238
1226,8.71544406793986
1227,7.029217158911432
1228,3.557886310114971
1229,6.835319544155906
1230,6.953456822081473
1231,9.998694405185768
1232,6.386360252637181
1233,8.008954060732064
1234,6.471392399719751
1235,6.663270713534494
1236,8.381648072840864
1237,3.504341521327678
1238,7.804150506032319
1239,3.699104057251713
1240,7.501734724049432
1241,5.81000173597481
1242,5.880843494781898
1243,2.656437170753196
1244,6.790847060460697
1245,4.653898387406487
1246,5.479776510041866
1247,5.314811874521111
1248,4.547214353074125
1249,6.457182901732717
1250,4.841662915504023
1251,8.364583761522166
1252,5.5603958408149765
1253,9.069547776389294
1254,3.597154380232324
1255,5.358650673117222
1256,6.695778097260698
1257,5.490795116310816
1258,4.417213315062864
1259,6.547060291599275
1260,5.91548635693602
1261,8.973944253739065
1262,8.250247673762773
1263,6.041592269063379
1264,8.131817348523796
1265,6.733719679568783
1266,7.520923699683318
1267,9.114073502014259
1268,8.083761661396915
1269,7.33866516835524
1270,9.625661465216476
1271,6.1704718110610255
1272,4.399027795721432
1273,5.274948138265519
1274,7.210838230228346
1275,7.929751252668197
1276,5.451736076345208
1277,1.1189108711277966
1278,5.481979699955022
1279,3.651384825110921
1280,5.688523806098284
1281,4.660334218137192
1282,6.105971072987613
1283,3.2988384440045477
1284,6.185810251301837
1285,6.002912554896531
1286,2.6005601443385427
1287,4.9205373322414205
1288,6.271313527745772
1289,7.705698290759097
1290,3.1050385170092043
1291,8.222182325136227
1292,5.578848558349622
1293,4.848445212927193
1294,3.506616361812596
1295,7.331894040340035
1296,8.114572938052076
1297,4.558627901596749
1298,2.7302360145003344
1299,2.7989464413912364
1300,7.788132936708673
1301,7.253231960057699
1302,6.098389056334606
1303,6.592863067770784
1304,3.9996484421009155
1305,6.972321445880956
1306,3.88088067537376
1307,5.200022384087227
1308,6.045645502047114
1309,5.745853478609967
1310,5.1224953727092295
1311,1.557580139698862
1312,7.0447855951334075
1313,5.230184564760593
1314,7.660944836527773
1315,2.52727767969881
1316,8.66210994683355
1317,1.8885755189516722
1318,2.609691499768779
1319,1.9281810208765655
1320,7.680837103047122
1321,3.8534489655925768
1322,5.05016356778285
1323,6.2480008783794805
1324,5.815817007665598
1325,8.61955100235879
1326,8.66955761753816
1327,5.430869915619853
1328,2.4975126082196395
1329,6.839667846970609
1330,5.549150262150276
1331,7.29689918025724
1332,8.157525577911017
1333,7.564590911710299
1334,5.793376271801051
1335,4.860968127881568
1336,5.94468465123043
1337,3.231208952193448
1338,4.589359726571526
1339,6.503812543312
1340,6.307418551405542
1341,6.172503435089559
1342,7.345437628943171
1343,4.6431049997025555
1344,6.338280061706113
1345,3.462804998763061
1346,5.387886228623181
1347,6.996677295000836
1348,3.7736950287177606
1349,7.162823846247981
1350,7.198537893222192
1351,4.012155811113756
1352,6.763975051473733
1353,4.769449454816021
1354,6.807618748235481
1355,7.075465871179253
1356,4.481372746974033
1357,5.711217321514384
1358,7.600191569891722
1359,5.633533677968425
1360,5.0494534186622015
1361,8.466520192269883
1362,8.533569626282745
1363,4.106275282870105
1364,7.152591586416364
1365,4.3413034933607095
1366,5.369860614053167
1367,9.61563479680359
1368,5.957952909351315
1369,7.747845259940847
1370,5.022225521743661
1371,7.591570163495566
1372,4.8732380209062995
1373,7.373479334810304
1374,4.613068538670636
1375,6.993670824229635
1376,7.344431826524202
1377,5.476633395490948
1378,5.80220174002247
1379,5.880363821600871
1380,5.45718122648851
1381,1.9264824549907815
1382,9.21781566241656
1383,3.492930163927827
1384,7.354405339548409
1385,7.978213892503059
1386,5.465534352320418
1387,5.21995907256617
1388,6.655734555773795
1389,6.407580032843174
1390,4.646393426840261
1391,4.754665582407986
1392,3.882150374070833
1393,6.277225436179982
1394,5.0961358045404905
1395,5.019796390406449
1396,7.072253629884098
1397,7.317402397924695
1398,7.391332973006222
1399,4.9785643415459315
1400,3.648610789542057
1401,4.782839059741528
1402,7.803991182825881
1403,7.645039425609882
1404,4.8517045732861375
1405,6.287259171334141
1406,5.053841997150752
1407,3.0744847782359255
1408,5.043032025218898
1409,6.280713660819827
1410,5.685067521145949
1411,8.332623219543539
1412,5.153911485207327
1413,6.392977238061519
1414,8.62813215606204
1415,9.082364895458856
1416,4.437213600744731
1417,1.5334471099196587
1418,6.307708427034676
1419,6.280532363555098
1420,2.821064214618816
1421,7.825818536301067
1422,9.07074726216562
1423,7.116330750264302
1424,7.561141491727184
1425,9.229159682884212
1426,8.118730260886318
1427,1.6486004220132777
1428,2.9393073763274673
1429,5.293755774469932
1430,3.0843573140864002
1431,7.184775358086556
1432,4.763584552913795
1433,7.931454321811588
1434,5.304625690821177
1435,7.696125726704397
1436,8.71150914994548
1437,7.630343487686791
1438,7.944668881750796
1439,7.18247927663718
1440,7.812528956438692
1441,4.951550367979917
1442,7.3166862203900065
1443,7.070525126589237
1444,1.6502964413753705
1445,8.892490552733898
1446,6.433595329426718
1447,6.680162536633761
1448,9.012527726931559
1449,5.721153980350033
1450,8.095876192292161
1451,7.370726284272448
1452,6.949407572239219
1453,5.99069295991558
1454,7.387143492890144
1455,7.299840300192531
1456,7.575227294768015
1457,6.554547966256626
1458,4.602022393426304
1459,8.158064629416927
1460,2.4147445183731264
1461,6.362699263568203
1462,4.1601341577724416
1463,3.395883603034836
1464,4.701532085283138
1465,3.6059129160794745
1466,7.242843512032223
1467,6.570153539803753
1468,7.083989498797406
1469,9.001355525327266
1470,2.456325600485639
1471,6.175742843792264
1472,4.014332488244078
1473,8.171079613981544
1474,5.153504998611134
1475,4.564449274898282
1476,7.868789398683719
1477,6.611222480821138
1478,7.341629052788063
1479,3.7975214873730074
1480,7.061439105019483
1481,7.095570118612483
1482,7.124354370143038
1483,4.823033989981802
1484,4.6311952641079275
1485,8.140828753016658
1486,1.615026666245677
1487,3.0410068106485086
1488,2.2442124758247486
1489,4.3634668856886325
1490,4.374965008651477
1491,6.8271669750392565
1492,6.254092339242787
1493,8.90453036005686
1494,3.6651325401700015
1495,7.915744226707439
1496,4.947073035304511
1497,5.279210595078277
1498,6.487521842431768
1499,4.528721857369177
1500,8.440104725178376
1501,6.107565935686172
1502,7.150584294722179
1503,5.777243999621895
1504,5.2796603261513795
1505,4.157467624251024
1506,7.3568504350436115
1507,6.926693021627889
1508,6.258846818982105
1509,3.197263045769758
1510,4.696677672160344
1511,8.014698225299005
1512,2.568486859973979
1513,3.42486950802125
1514,8.558784108800575
1515,5.769774756125931
1516,5.403226735389248
1517,7.5823551480391345
1518,8.22032406461795
1519,6.218813772954372
1520,5.167148680739121
1521,5.080838104554374
1522,8.036021774623404
1523,5.7711828612747755
1524,2.942331973859961
1525,3.7466397431075813
1526,9.066420605085424
1527,3.9564122004753193
1528,5.946004267913433
1529,6.9265498627766515
1530,8.242939866150074
1531,4.930574876774265
1532,4.116025714167395
1533,6.302808927034004
1534,4.5034398923979415
1535,4.965562814310509
1536,8.861893892100891
1537,5.176368093061798
1538,6.987825711859107
1539,4.623707134530717
1540,6.679845812449122
1541,6.472562572870686
1542,6.933713032876017
1543,8.793744666671213
1544,6.63877431821704
1545,3.6509934457805806
1546,7.518994704234752
1547,4.817284127757626
1548,7.620580766923072
1549,5.954750361240849
1550,6.19137455711851
1551,3.1876018193154265
1552,5.6499086001374685
1553,4.318129839864928
1554,5.84494970415633
1555,5.6255171170998945
1556,7.851918058799112
1557,7.440828996260184
1558,4.3584062003907444
1559,5.4625796519870065
1560,8.021768847353677
1561,5.239932411346953
1562,7.911321210021235
1563,5.435115574332306
1564,4.55698027819637
1565,4.871181815070752
1566,7.577396240643265
1567,6.461845174376897
1568,5.208459831093831
1569,3.3830821694830577
1570,5.1850314747605175
1571,5.435052075884147
1572,8.787989850847126
1573,2.7189403865828488
1574,6.500970917999915
1575,3.955508962548534
1576,7.135063247686057
1577,5.3643509428864435
1578,7.556320686913717
1579,4.060446125439303
1580,7.372781555636702
1581,6.788941102009607
1582,2.425039470853899
1583,3.074087591877368
1584,4.8100384523683335
1585,7.173217902877878
1586,5.191598312625828
1587,6.856091067783997
1588,8.191796630844609
1589,5.553749314822303
1590,5.126081621504982
1591,8.448503996201728
1592,7.598963061901327
1593,3.6266442292922703
1594,4.401524944358181
1595,1.4049082420739414
1596,2.655995129414213
1597,5.381213283840774
1598,6.985081225736158
1599,6.340445976199145
1600,2.6313317349648573
1601,6.392253820991233
1602,7.483648864736404
1603,5.6007850561956705
1604,7.619584640303849
1605,5.886042515433862
1606,9.46390973128649
1607,9.183924635011099
1608,5.251467631998123
1609,5.438644070099724
1610,8.433798505131552
1611,7.609290625130851
1612,7.623833183318051
1613,6.852940799699342
1614,5.303948019879799
1615,3.198152495510866
1616,5.632718846534478
1617,5.988364670092556
1618,5.625202218211649
1619,7.39364231971124
1620,5.945966290704858
1621,4.642018868650813
1622,5.233673807141577
1623,7.402263067865945
1624,6.42991049285249
1625,7.263496908509929
1626,7.847946510268815
1627,7.848367598164259
1628,5.536014012137366
1629,6.76310438499906
1630,3.996044217166993
1631,9.80542159896928
1632,8.177907709339847
1633,8.913971058058745
1634,7.558705962957982
1635,8.527623208893283
1636,6.083808761412376
1637,7.639320971530549
1638,7.801658045377155
1639,8.314047040822123
1640,5.191139176527287
1641,5.468790950515602
1642,4.788117006330485
1643,4.882931997591266
1644,7.140378258364654
1645,8.043098350178203
1646,5.788414959382967
1647,6.360331560265941
1648,9.028294674234155
1649,4.6719443750454
1650,4.659946553048146
1651,4.179871138187299
1652,8.196515498304032
1653,2.946264877480395
1654,5.693255859803761
1655,6.92184931539925
1656,3.5486267296594365
1657,7.366103324980135
1658,3.6834416434212516
1659,6.325541206326538
1660,8.746418839859604
1661,7.582403991284234
1662,7.184269424029898
1663,4.486172686193232
1664,6.394794700773241
1665,6.230816093032361
1666,4.868449828052469
1667,4.11833446267349
1668,6.687157029768724
1669,7.007572555993738
1670,6.758446436616509
1671,3.6698495353131753
1672,3.9830099193335777
1673,9.689671230183322
1674,6.475839331596933
1675,2.5382437861778957
1676,7.740269648685457
1677,6.041865756141663
1678,2.9455643895109547
1679,6.160829652048454
1680,3.4803152722209965
1681,5.769361985950928
1682,1.649921512568136
1683,7.471059848238843
1684,7.058976765212307
1685,7.696249855761636
1686,4.489851072282221
1687,2.248168179925363
1688,7.24610443492716
1689,7.126881612207754
1690,3.4780424068084854
1691,7.458438159219031
1692,9.302420317371457
1693,6.839047706660264
1694,2.949814247621851
1695,3.1233414202736345
1696,6.020500887033219
1697,6.112243101355689
1698,6.688470734111763
1699,5.035052772481523
1700,5.172161585774677
1701,4.494557800653068
1702,4.060053486971735
1703,7.442488507357908
1704,6.802017776631156
1705,5.653013380736034
1706,5.4474602089455075
1707,5.076905695586488
1708,7.535043876559797
1709,8.392479741311018
1710,6.290274120823843
1711,7.355364869514782
1712,5.736194648727298
1713,5.377409166109482
1714,7.8547986376707275
1715,8.708839877530833
1716,6.2048508271423355
1717,3.393830025079083
1718,4.6868139499487995
1719,6.869533787483211
1720,8.56591935462661
1721,6.675433206517495
1722,2.2886524669409996
1723,7.305203261706572
1724,3.2328674077606676
1725,7.814026299760819
1726,6.045556367160136
1727,3.481283995709405
1728,6.41360159620578
1729,3.897458771831032
1730,4.523333814064123
1731,7.192846084887272
1732,8.011841176808534
1733,6.167428295109289
1734,5.253839156450112
1735,2.4184518755925035
1736,8.305392291438816
1737,7.634452800178481
1738,8.742585511666988
1739,6.604794809946428
1740,7.339159098697254
1741,3.159931936572335
1742,6.730803444989286
1743,6.811954479803324
1744,6.599305728486144
1745,6.437245681631532
1746,6.7329837635227765
1747,5.628782997646792
1748,7.626484446286175
1749,2.19428170811383
1750,6.384965810796098
1751,7.08737556022251
1752,8.07753192847279
1753,7.211276122160866
1754,6.800691917789382
1755,5.562802622796603
1756,6.512488310171342
1757,9.561749992814986
1758,4.967194126586451
1759,5.35237581187251
1760,5.213018561802128
1761,3.343956975783617
1762,5.0103061734939125
1763,3.572860780711749
1764,4.30004313846629
1765,5.402311139177423
1766,6.4148827685392735
1767,4.050842164908073
1768,8.101546691890617
1769,6.298547589893948
1770,5.920954399174339
1771,4.540419456651445
1772,5.3029586057876745
1773,4.256536296340025
1774,6.886739969980653
1775,6.775519261370755
1776,5.047524980035253
1777,8.389888683079409
1778,6.008146440440659
1779,8.184727215661109
1780,8.226276699640476
1781,7.418717485664819
1782,6.956636100388816
1783,6.208255399205027
1784,6.940323247522244
1785,3.725118752399702
1786,4.837091406026697
1787,2.707648014831365
1788,5.996293202918558
1789,8.487880945890296
1790,9.073876285721436
1791,8.130137612141791
1792,5.604790346299379
1793,5.13933209858068
1794,6.508093279200693
1795,5.40777956057258
1796,6.742702805655
1797,7.862691009659244
1798,5.271421812889642
1799,3.5609303761538036
1800,6.586580233387801
1801,3.3251906814632775
1802,5.302203288871642
1803,9.251479660135999
1804,7.115422931516752
1805,8.725993109618605
1806,4.508620382937349
1807,1.4858903451625676
1808,5.519879126366019
1809,6.240279180871633
1810,9.212976397643727
1811,5.072932209644577
1812,7.045505393657168
1813,5.77187332404629
1814,4.668421188450971
1815,6.6618430353220734
1816,6.496594863277865
1817,2.123781091045028
1818,6.858251927732434
1819,7.447524966830038
1820,7.08940245395097
1821,8.206656560118445
1822,7.132065461502971
1823,4.742364457224374
1824,8.191888694443929
1825,5.85641276255201
1826,5.899288485002678
1827,9.355153671962512
1828,5.693047126925156
1829,3.4149022977676866
1830,4.194494261086225
1831,5.896674870265664
1832,5.472254753479359
1833,5.606263487711114
1834,3.9294981468218046
1835,6.577808999633132
1836,6.940774566752123
1837,3.0857938784441905
1838,4.963466064012162
1839,7.298202626647421
1840,7.279031555661453
1841,4.622177155196974
1842,6.311240350674568
1843,7.553221471607844
1844,3.2492371511419362
1845,7.566056040026015
1846,6.434737779277161
1847,7.9501464503234915
1848,8.301792317343782
1849,5.320801680658968
1850,5.378589041048233
1851,5.534526345478396
1852,2.139463337574707
1853,4.634780572808916
1854,5.181648068467604
1855,6.454600598393268
1856,3.14297744707624
1857,3.703121335242449
1858,3.1745692470360845
1859,4.567568275840143
1860,4.805774524650509
1861,3.923106433159481
1862,8.055074515360419
1863,5.408323952952499
1864,5.667634234153111
1865,6.315009984024522
1866,8.679148421703852
1867,7.292590898171921
1868,7.4690965227071455
1869,6.6603062486883955
1870,5.084206470432699
1871,3.8392704373534143
1872,5.789607266186836
1873,7.110943603804391
1874,1.0142598566123593
1875,5.887146764058777
1876,5.67532425997378
1877,6.818616743554605
1878,5.317922513287684
1879,2.9513213327874723
1880,5.646363005876135
1881,3.5184706695224848
1882,7.561090373680559
1883,5.422411891620861
1884,9.516970273771953
1885,7.534854970307736
1886,3.858190246418304
1887,6.621772346041515
1888,4.2485973383084366
1889,8.266478412894262
1890,5.1660982277949365
1891,6.570068137227127
1892,8.475192353280313
1893,7.834789175758665
1894,6.88073307638591
1895,7.329537302414669
1896,6.667334958044724
1897,6.662216448270454
1898,6.243853681820924
1899,8.955324765435893
1900,7.419517679130545
1901,6.564441887635885
1902,5.50948109624633
1903,4.232829466793514
1904,5.73589767071619
1905,3.602471188605483
1906,5.143386094525202
1907,4.8401761681277184
1908,7.450612694601263
1909,5.854271601871924
1910,5.941667395566903
1911,6.329834812614331
1912,7.099773139467952
1913,6.994998453068253
1914,7.36212236022025
1915,2.3144513483856852
1916,3.6117067777703546
1917,4.035619273550736
1918,7.054214163535827
1919,4.372549270068211
1920,7.515953509417163
1921,5.740512079858408
1922,5.998139032346707
1923,4.926762768698189
1924,8.078427337071679
1925,8.259687772143774
1926,6.774879556688608
1927,5.23772190534072
1928,6.662016802518285
1929,5.407020826362774
1930,7.763664299675146
1931,3.072541643464123
1932,7.821463795358646
1933,3.7880501822964447
1934,6.398291250681529
1935,6.1792989694195
1936,2.7645659139822363
1937,7.58032733701876
1938,2.074628812317009
1939,5.353557843346088
1940,3.5187163447284378
1941,4.720865982284108
1942,4.073266604864734
1943,8.528254000153542
1944,2.0523980038688436
1945,4.398086020969712
1946,8.13065343893173
1947,8.576652144586172
1948,8.240851287407782
1949,6.823410956558996
1950,1.491881676957563
1951,7.044856824244529
1952,8.490593499501406
1953,4.535024954221068
1954,3.847197282036794
1955,4.838096817464001
1956,6.605931157520129
1957,3.5662197586406825
1958,8.06721991360985
1959,2.3696296162529187
1960,8.845179626399101
1961,5.861694354773081
1962,4.280416345102406
1963,8.389876593671254
1964,5.404498389856715
1965,5.185749142528317
1966,7.959720042041537
1967,3.949328331027462
1968,6.660420632520302
1969,6.812450825839529
1970,5.386058911394805
1971,5.751161177829228
1972,8.432416077004369
1973,6.915016722785405
1974,4.620920954749004
1975,6.387467436769394
1976,5.5958969962787295
1977,5.90389722928564
1978,7.843920441488852
1979,7.1536164665777475
1980,5.65766424432476
1981,2.1612364034441214
1982,6.259199643341804
1983,7.018555380630941
1984,8.959354766754121
1985,3.949366251815614
1986,3.3301859289906295
1987,4.086457212075429
1988,7.365383879632039
1989,4.052491219759078
1990,7.704969821851533
1991,5.7186802218254815
1992,9.08791005331772
1993,4.150076476405611
1994,5.65400962985975
1995,6.095652340485638
1996,6.54637829983235
1997,8.991167399396257
1998,4.696889333915623
1999,3.7471704999888056
2000,8.704803043324977
2001,4.092912826277232
2002,8.647101732886943
2003,5.289805786264921
2004,6.2030893673175695
2005,7.5195977987466405
2006,6.974954193392418
2007,5.047495938662173
2008,3.7341794383429283
2009,3.1856734324118925
2010,6.695966067428264
2011,5.896577684475756
2012,6.488857645186203
2013,8.63941031936594
2014,5.588233895921586
2015,4.155534420159291
2016,4.106320686937125
2017,4.632671594198717
2018,6.577909702805772
2019,6.8748189081260564
2020,6.96431891559798
2021,3.560467105511168
2022,6.959183684147563
2023,5.451399004811094
2024,6.276906718960388
2025,7.719676666473862
2026,8.188603191833007
2027,7.42707753229475
2028,3.033253276512903
2029,2.159611968588904
2030,7.954186858704664
2031,3.8313587261716306
2032,8.673870332415742
2033,6.657210159339624
2034,4.188655218240717
2035,4.727361003452225
2036,7.642979722048078
2037,5.680689320046374
2038,4.03407098409469
2039,7.1077110997845665
2040,7.606135742155763
2041,4.576364957550323
2042,4.964071169803994
2043,5.613708408922838
2044,5.884083598281204
2045,5.802549085760207
2046,6.635544364957324
2047,6.874644043957488
2048,2.8035837351269324
2049,5.535456503959139
2050,2.131214500068013
2051,5.181101744338489
2052,0.8578656973039573
2053,5.160358476277301
2054,6.620852324095445
2055,6.72799839803628
2056,3.7415942143393957
2057,6.9431979424336205
2058,5.415026926020726
2059,7.152555264433998
2060,4.632701975789822
2061,2.877399797926199
2062,4.6257459501661105
2063,6.598150216961305
2064,4.794351620295839
2065,4.551141977824395
2066,8.918992876894201
2067,9.93697613796522
2068,8.393881943431282
2069,5.068083947244135
2070,6.225089472580246
2071,6.562647831957013
2072,4.322379422274409
2073,4.542732810391298
2074,4.1615159539668145
2075,3.904544668347486
2076,3.583288068210422
2077,5.604707543195792
2078,4.9975432628576515
2079,6.871384078965742
2080,7.552333157349837
2081,8.837375982184998
2082,6.119912249101823
2083,6.220262857195509
2084,6.649185974013163
2085,8.19987159894975
2086,8.102084103056658
2087,4.281307484851995
2088,8.01867135378625
2089,9.065215968964846
2090,8.802014479396213
2091,5.644511538473013
2092,2.679388395706701
2093,6.688494513441389
2094,5.257758334816849
2095,3.7802285693760913
2096,4.214297335414856
2097,6.463522962428631
2098,7.230397620585142
2099,1.7584177569652535
2100,7.376552211755701
2101,3.5041777445833175
2102,7.220058058133672
2103,8.49646350708191
2104,5.861220356211012
2105,5.0545223766957905
2106,7.754798728302478
2107,2.8824370415200056
2108,2.6615058189888385
2109,4.335181191977873
2110,6.61346392452468
2111,5.175579776148002
2112,3.956489341115586
2113,6.274075496946866
2114,7.323508661987644
2115,3.52488184213622
2116,5.077331000484748
2117,8.795928294168723
2118,5.813847090857575
2119,6.508233526340021
2120,7.934415954275062
2121,4.885758447303016
2122,3.260623091292957
2123,3.2602352741088736
2124,6.717695109312544
2125,6.68041872895991
2126,5.035717280460341
2127,6.3947858371692305
2128,7.791569482571193
2129,4.26266656781478
2130,5.530124053978353
2131,5.3463934479987465
2132,6.339552022413999
2133,5.42107225777692
2134,5.505639807587388
2135,3.0894088644486937
2136,2.539748267268893
2137,6.955762452749527
2138,3.2303185228629068
2139,5.999500340998809
2140,3.3588066717003224
2141,7.186473080278515
2142,2.8580311325644625
2143,6.6650241365784435
2144,6.444302768819578
2145,9.831557699142548
2146,7.471152341071091
2147,7.338673068404584
2148,5.667494919057509
2149,8.38682005093808
2150,6.667310256058743
2151,5.131678885641758
2152,4.9864628479531925
2153,6.548825038185162
2154,6.66565489293596
2155,6.327028948187444
2156,7.1213761733324485
2157,5.581128365902142
2158,7.994128512266579
2159,8.706240157943125
2160,4.810444782897837
2161,2.4853964012707364
2162,8.19406901625928
2163,6.114460928762806
2164,5.302057650886813
2165,5.821233532937453
2166,6.685086105459666
2167,7.604935603801974
2168,6.286682084749122
2169,7.403533130482778
2170,7.13080311333881
2171,6.328376402248259
2172,8.382098685724118
2173,2.259294590947122
2174,4.139863828061787
2175,5.292246121398466
2176,8.411359158911024
2177,6.367712058282653
2178,7.036934610016428
2179,4.599270390319653
2180,5.6206103587081415
2181,2.710956738422479
2182,5.131925162586773
2183,5.351527784640959
2184,9.071319254525232
2185,8.539112408896061
2186,7.562019961405014
2187,3.6509113480243123
2188,5.081014179687009
2189,6.218509881394383
2190,3.6972508506773565
2191,5.97468789951872
2192,8.81118718339069
2193,4.221531819314063
2194,6.209606607386947
2195,7.627020303813502
2196,8.999879714204074
2197,7.539319580076466
2198,3.8723553471347616
2199,5.69743031870044
2200,7.525233343424398
2201,8.118855744176177
2202,7.730362842487061
2203,4.577861840543669
2204,8.543976897894211
2205,8.85785985451039
2206,5.205630815093172
2207,7.673724207610556
2208,7.158821387181622
2209,8.3627809727834
2210,1.4249098309132397
2211,6.323815280173051
2212,9.014003966292185
2213,6.872939180116728
2214,7.628041195735986
2215,8.119932677611061
2216,3.2876620660506886
2217,7.547334144196259
2218,3.757761577921747
2219,3.065388654608133
2220,8.407262813758217
2221,8.02818977732779
2222,6.729226741573038
2223,4.236883528985665
2224,5.614200908690885
2225,7.258652996482286
2226,6.65454858666389
2227,6.64740328670693
2228,4.997576213312807
2229,8.128296173836027
2230,7.389477568536401
2231,6.295617299642274
2232,6.4625423822713985
2233,5.970741443629842
2234,7.696640660106482
2235,6.934670712770961
2236,4.524823784550973
2237,4.777351560828344
2238,4.347738434813828
2239,7.231933369763448
2240,5.905479804782784
2241,4.666235887104273
2242,5.062756350181287
2243,9.160374369694683
2244,6.732264112839269
2245,7.096478674353317
2246,7.213806567795362
2247,9.35246831053448
2248,7.987724661765869
2249,4.53871440429762
2250,5.314009824518029
2251,7.220426897688502
2252,7.854717482108015
2253,5.509017236437533
2254,8.51689903223993
2255,3.328049799706258
2256,6.611906701323237
2257,5.379898552071354
2258,6.375226489106066
2259,4.102819206405129
2260,4.626948689540468
2261,7.9674301415449325
2262,7.692072971021337
2263,3.4821428356453943
2264,8.748384022170312
2265,5.915173207878918
2266,6.717732679489548
2267,4.950257538793695
2268,1.7769236026408564
2269,8.09591937733756
2270,7.450791262902302
2271,6.512610909086563
2272,2.9873542194602676
2273,4.86276833583055
2274,5.304900417852335
2275,8.585889050314428
2276,9.681052620169023
2277,6.2638058222474555
2278,5.165765231483095
2279,9.505712198158637
2280,3.641369848312081
2281,5.666223136776725
2282,4.062240267870575
2283,5.570982354066351
2284,6.342862551913825
2285,4.339461485905514
2286,5.452428154114562
2287,3.819012205008643
2288,3.8659720605399257
2289,5.606552597948823
2290,7.583746012084125
2291,8.453495001796691
2292,8.270221681536787
2293,8.227175279899072
2294,3.0947014162201074
2295,7.384101163963322
2296,8.02284287957634
2297,5.365704877813034
2298,8.147989762601389
2299,7.803754637103545
2300,4.509724756160579
2301,5.688808603302843
2302,7.95359328336508
2303,6.296686493335714
2304,5.565731513042517
2305,4.902667536722516
2306,6.4615026492011935
2307,5.7779848153635385
2308,7.78123940177935
2309,4.361137263975109
2310,3.3435272966238627
2311,6.543183934861939
2312,5.164090994454393
2313,8.787010016728823
2314,7.0111353271053805
2315,3.1558887712405865
2316,8.964450586243132
2317,6.6651781827690275
2318,6.788512150446083
2319,7.442849614879044
2320,6.0412825944763195
2321,6.586994750241795
2322,3.0564367319645176
2323,7.481842221912977
2324,6.9848169885248605
2325,7.645512209071008
2326,4.771771845290402
2327,6.024282368532644
2328,4.738243138103475
2329,4.954057911377348
2330,4.97079534652802
2331,3.15443501065873
2332,5.243800355067913
2333,6.959847211846329
2334,6.012026408434229
2335,7.109002644384584
2336,5.289327621340786
2337,4.419436963740205
2338,9.077707188368827
2339,4.634379423675603
2340,2.8890340941850248
2341,2.053461267342898
2342,3.8494897100127865
2343,4.466312951249056
2344,7.002177068898848
2345,5.831631835972234
2346,2.8014811902795675
2347,9.397636275381975
2348,7.512700859903651
2349,4.036948882587711
2350,4.157184735262383
2351,5.556698694367589
2352,3.6337853268938587
2353,6.2414133001882375
2354,6.236008651731064
2355,8.374928394410693
2356,6.907775100004136
2357,5.343134913297453
2358,5.49418981371675
2359,7.501474669068678
2360,6.409289968537186
2361,4.746374257937875
2362,3.4629026603060766
2363,8.724240584856314
2364,7.462016954234324
2365,4.559781205553632
2366,8.205642295239716
2367,6.835765223022607
2368,6.199030267826794
2369,1.8668411573448416
2370,2.8839022236594145
2371,6.438454833925597
2372,6.1893060492305185
2373,7.050654575005734
2374,3.211556363683158
2375,3.2323581122393437
2376,7.069440521207325
2377,6.408773782219629
2378,8.577112354768806
2379,4.430987205535368
2380,5.548815634634264
2381,9.066887363453842
2382,8.067694702956704
2383,3.299953263098312
2384,7.830540285621145
2385,6.121160022828205
2386,5.411578095411535
2387,6.059487749301257
2388,4.3417518406723925
2389,5.8586916769555035
2390,7.39428832810953
2391,8.894205041867826
2392,6.105824907111801
2393,7.7370360173385055
2394,5.669311298723498
2395,3.211345775683557
2396,8.472914684662268
2397,7.4913655881552845
2398,4.261049972200172
2399,8.514827589648746
2400,9.325228473025621
2401,4.759881991440237
2402,9.008584912372427
2403,2.4535003887775213
2404,7.027791442340508
2405,8.056297248350704
2406,7.458656003064426
2407,2.207674521900843
2408,8.1327671579154
2409,5.3225704860497505
2410,5.6622381729144475
2411,8.262427495013233
2412,4.5789115071600826
2413,6.028114249719431
2414,4.432220222249304
2415,5.9509873343862925
2416,6.500051071502019
2417,8.160654937507674
2418,6.395709335859548
2419,4.662628680047993
2420,6.100977104046545
2421,5.137266123377016
2422,7.9481655244858915
2423,2.566261202162994
2424,5.191216848130511
2425,0.7252032105019868
2426,8.449398613475466
2427,5.050178084451817
2428,1.2713401967410032
2429,7.047281448942284
2430,4.789828773837693
2431,4.220131451318524
2432,7.85443441755738
2433,4.607673013400931
2434,6.656926228149805
2435,6.273500882397128
2436,5.7009025994809885
2437,6.630345752568546
2438,6.920205225316006
2439,6.0447726808704285
2440,8.086680031325884
2441,4.468122513014164
2442,4.761814338828027
2443,6.244581176122525
2444,8.633552463253377
2445,8.38147072665679
2446,6.410913424771249
2447,7.13601732343294
2448,9.492119597676103
2449,4.470275117992424
2450,5.037868417628386
2451,6.492286524529332
2452,7.699432236264476
2453,4.799366872198576
2454,6.065970163033674
2455,6.4404634822559785
2456,3.4382432510880663
2457,8.538507349758095
2458,8.167078882283928
2459,6.850233290925795
2460,4.502793776026065
2461,6.155710790194223
2462,3.3891142374977945
2463,5.32937847082257
2464,7.43720140399557
2465,8.705174184842246
2466,5.372418593121431
2467,7.502299264227439
2468,7.522751573522316
2469,8.701589173250131
2470,5.147283988782219
2471,4.352672881313156
2472,5.207339095172298
2473,4.775191704319811
2474,5.825985155231711
2475,5.294576713092958
2476,5.511114193606334
2477,6.1735641732465805
2478,8.207830591052518
2479,6.31352353810788
2480,8.476965270889432
2481,4.968864137029348
2482,7.560405106956663
2483,3.4666395324184327
2484,7.6774832520955885
2485,3.211765776703114
2486,6.7390725555717905
2487,5.0129485982946544
2488,4.138193650568093
2489,3.8855999856187857
2490,4.299943036963654
2491,3.676905385500637
2492,4.057882132609926
2493,7.116088734866004
2494,8.45197858671358
2495,6.22524714856606
2496,5.924068543531769
2497,7.326405132130231
2498,5.20362691999438
2499,4.3850701261319385
2500,4.52589913671449
2501,6.7684424763618924
2502,6.653285191874675
2503,6.322104647523551
2504,3.8330082377696764
2505,7.273848931585791
2506,7.474519151238896
2507,4.041078689923972
2508,4.783719630816737
2509,3.8058501795664332
2510,7.161403776200869
2511,9.415468059225741
2512,4.658539498408601
2513,4.42313834855289
2514,6.716965634263703
2515,5.990381851487611
2516,2.33941554387163
2517,7.396670014846386
2518,5.526293028743159
2519,5.159320979627042
2520,3.1576543876051266
2521,5.856137537960349
2522,9.552830067548047
2523,6.293248549715436
2524,4.014058837676783
2525,9.55496487914461
2526,7.294689390195501
2527,8.072950180686197
2528,5.394509505388655
2529,2.352833000974966
2530,8.860688593558914
2531,8.715224339363823
2532,8.741374740184025
2533,4.751268440663013
2534,6.900138513802739
2535,5.705015024059884
2536,6.658509532890642
2537,7.398571818359189
2538,6.936922537033877
2539,7.721706658273263
2540,9.436387638074283
2541,5.5541348870946745
2542,8.163036478529234
2543,9.242616610352776
2544,3.438082195796222
2545,5.880100348531169
2546,5.392803360432476
2547,5.347712789155811
2548,5.160440839911107
2549,7.2515402718305495
2550,8.188889241730323
2551,3.3214753181851555
2552,5.319913046649148
2553,7.866258952243733
2554,5.031803754736996
2555,5.428061220760777
2556,3.270908162048624
2557,7.143859456285443
2558,8.022901576317569
2559,7.821385107677183
2560,6.814192232417558
2561,6.094660851581601
2562,4.052180776694548
2563,5.656119716546685
2564,5.657821993828804
2565,4.612511003092884
2566,6.645267959410013
2567,8.530852776186705
2568,4.1873606841679685
2569,3.1874406584878683
2570,5.614695214585291
2571,8.937408119974222
2572,5.685431758046834
2573,4.254415553362818
2574,9.02284374658685
2575,9.21738193097864
2576,6.805724293035254
2577,4.825298368972977
2578,5.220106072737742
2579,3.595473829678524
2580,5.483211831121833
2581,9.957052477432185
2582,6.397426377782079
2583,7.588796902410975
2584,4.635066840935247
2585,6.390961228737252
2586,4.319873749763175
2587,2.932303837264798
2588,7.404984066306478
2589,6.062712656575501
2590,8.008654082454756
2591,8.532287268529162
2592,7.875577533727591
2593,3.4215759074354226
2594,7.457623679296146
2595,3.5676864885284383
2596,3.6191390685144476
2597,8.265086913342895
2598,8.672359886369142
2599,3.232358424072275
2600,4.325613549888529
2601,4.10906065806506
2602,7.727039117085124
2603,5.630434310794452
2604,4.864109864580305
2605,3.825150099072512
2606,4.774176522877941
2607,7.1058702010883605
2608,8.025870471558255
2609,7.321334738128501
2610,5.560132511370119
2611,6.677331824218453
2612,4.955373993286438
2613,8.951667678369187
2614,1.8111041335024385
2615,3.0662574671877523
2616,7.20474919938057
2617,5.27906559401628
2618,7.3763774470720165
2619,9.00728901561654
2620,1.1206635335770314
2621,3.880563215254012
2622,8.441720208015536
2623,6.9549070196852
2624,8.396548979549644
2625,7.060369163796016
2626,8.464161607517825
2627,5.734496637129781
2628,1.9047784779687227
2629,8.53446835433748
2630,5.794647184237673
2631,3.511891822079826
2632,8.56007002533789
2633,7.610078411067114
2634,7.487758032077255
2635,2.915995920812162
2636,4.952943303102613
2637,7.078430643359235
2638,5.950291283348756
2639,6.126925816520258
2640,6.585649404768539
2641,6.0236542938788284
2642,5.376712758562406
2643,8.173974637321715
2644,6.992755620123025
2645,7.962335376389433
2646,4.980401351156293
2647,5.772658262808077
2648,8.990125885630896
2649,7.95909519290565
2650,4.568154952520132
2651,7.349388031260299
2652,6.805032232829395
2653,5.380257832863138
2654,5.937301956255347
2655,6.979346324998697
2656,9.460063842656421
2657,6.31204316588282
2658,5.653663515761971
2659,3.9972771064095753
2660,5.743499109179527
2661,6.7173627580890996
2662,5.241647756202542
2663,6.6218745223151405
2664,7.860720141800964
2665,5.706747022667689
2666,2.805800668901329
2667,8.184704072569323
2668,5.898081465719679
2669,4.960776083748956
2670,5.821285917117695
2671,6.768819117544415
2672,2.3755856002467985
2673,6.715038458695636
2674,5.697579061787167
2675,7.95095865491736
2676,7.965565429171399
2677,4.975995375324671
2678,7.49654348131768
2679,7.223887891323332
2680,3.7052666303390915
2681,3.4162928416694145
2682,7.9863309442724795
2683,5.735104673189707
2684,5.193100060773411
2685,4.348921474483838
2686,4.202044346701984
2687,7.1126636465451565
2688,2.7492705309485697
2689,7.51959981092064
2690,2.574076914716597
2691,5.873039997971941
2692,9.776637770240189
2693,3.443881530026659
2694,4.779836266508859
2695,5.722297653961009
2696,2.277068262194333
2697,4.181684556417055
2698,4.58173053352074
2699,8.695990375508341
2700,1.5341232330323527
2701,4.709127054472022
2702,5.617814685464134
2703,7.703882235608364
2704,8.450405432137561
2705,5.507611009981466
2706,6.6254499681446415
2707,5.540119157110668
2708,4.523753662667174
2709,1.2755887330916316
2710,6.748199410149626
2711,6.852950740717461
2712,4.545821207689561
2713,9.319447367273877
2714,3.3306958226867414
2715,3.6513664023493497
2716,3.5000423283723627
2717,2.231678821899687
2718,4.280364149723283
2719,4.76980354587368
2720,4.9961013909284455
2721,5.971285295667757
2722,7.419926158817278
2723,6.694725217813497
2724,3.558810690637766
2725,7.3408090824315435
2726,8.274170714320112
2727,7.874227875925163
2728,7.624492178668892
2729,2.6002493587319235
2730,7.129303102201223
2731,6.78265076146828
2732,5.823711643969425
2733,5.523395115248574
2734,8.094244681008698
2735,8.88814795087362
2736,4.949307703269837
2737,5.271731172831532
2738,5.282504082842014
2739,7.056686977455658
2740,5.338451061052099
2741,5.597247771707451
2742,5.602152371021752
2743,3.0683250915950526
2744,2.2092786420697728
2745,9.196237592088725
2746,6.620876452358712
2747,1.9678432364373752
2748,6.706383739121509
2749,6.38236035978753
2750,6.429969286325192
2751,6.392929529396922
2752,7.3563938505560404
2753,7.0823757147177675
2754,6.401548164806255
2755,7.053505025067054
2756,4.327545891555152
2757,5.696435046034504
2758,6.158646205778566
2759,3.8432418757728244
2760,7.0451825277285725
2761,6.864733422845217
2762,3.178043744142388
2763,6.076225973607249
2764,5.811613310184483
2765,7.0763868723734
2766,5.7291488489210565
2767,8.493505839994205
2768,4.172679348870119
2769,4.623613089021132
2770,2.4672726367777584
2771,4.844261525433617
2772,4.630198250722614
2773,7.863627108474214
2774,7.9615696362193304
2775,8.799462485490606
2776,8.705335257188144
2777,6.786537113833825
2778,6.602676581155613
2779,7.58599428191913
2780,6.129384793743652
2781,4.129459243778141
2782,9.168331003372574
2783,7.0978014301881505
2784,7.749824092389373
2785,4.753231188158841
2786,5.312671253157771
2787,7.156575326625806
2788,6.423782105379251
2789,6.111173625029259
2790,2.884403596582325
2791,8.695788112206206
2792,2.4814335341983336
2793,2.406049696732174
2794,2.807466225137789
2795,2.9036377727246845
2796,7.94552447076866
2797,7.132858961349946
2798,6.823102979621673
2799,3.712657539238763
2800,3.3480113544018777
2801,3.6241146196272283
2802,8.430490065652732
2803,5.6122450101417245
2804,3.972035333693537
2805,6.86969951163393
2806,4.879744440399594
2807,7.9035784613402935
2808,8.073350510664275
2809,6.6553771149614365
2810,7.50610736956755
2811,2.831620962002043
2812,7.08781143561025
2813,3.0029724845217443
2814,5.330488608729323
2815,9.033475746186607
2816,6.389976697183184
2817,6.261055630318181
2818,2.4323843523749025
2819,6.909598711821081
2820,7.8171768736531915
2821,6.917207374010472
2822,3.3719213625361184
2823,4.67496705144149
2824,6.0054555294211625
2825,4.076426142257089
2826,9.810659157154884
2827,7.335681321961583
2828,6.399964010484025
2829,7.40261708612927
2830,5.309762404320857
2831,6.121645800699392
2832,7.850801775145397
2833,1.6882372267130645
2834,5.5502132698923035
2835,6.507634735558068
2836,4.243528879221964
2837,5.864562586675773
2838,8.623880468916704
2839,5.732977026674464
2840,5.908666932044673
2841,2.2936318759467413
2842,8.152194139533709
2843,6.251633885945414
2844,6.800728747419448
2845,4.4365308306711215
2846,7.773416757871937
2847,6.6316217060238
2848,6.108175121831293
2849,5.5061151279628975
2850,3.3963922251025087
2851,1.985413954594917
2852,7.197823650849898
2853,5.098076327959896
2854,5.359315201355981
2855,8.83280334617524
2856,3.470640496491388
2857,9.364060814867326
2858,7.375997562327828
2859,6.4801971846382616
2860,7.040497389779799
2861,7.410864538808333
2862,8.558628517652924
2863,7.329805504633617
2864,7.416984791279885
2865,4.818634143157707
2866,8.127026586115417
2867,6.700862312074813
2868,8.648398607040885
2869,9.570036823332236
2870,6.018536793101971
2871,6.77560040601715
2872,6.20810488640397
2873,7.595512810112811
2874,5.141824544847754
2875,6.953916348984704
2876,4.187513308420085
2877,3.768059219458345
2878,5.7017613734107
2879,5.657872861521099
2880,3.6472360057717856
2881,9.737889181418598
2882,5.1666728890168665
2883,5.621136656579705
2884,6.504401887728643
2885,6.4645174430702905
2886,0.6864355309206654
2887,6.910305255309737
2888,8.461579044873716
2889,6.986035969390104
2890,7.635654878119252
2891,7.932650171082112
2892,8.367314016401846
2893,5.290498212396889
2894,9.400366072351133
2895,2.99080560688893
2896,8.255462834337596
2897,4.926993862412245
2898,3.342760094796278
2899,3.362358133079885
2900,5.529890096286114
2901,3.454870139384956
2902,9.16631200804179
2903,8.029198478698934
2904,4.406291918429323
2905,7.545666902534575
2906,8.036001771548825
2907,6.774404405361773
2908,5.950136905543012
2909,1.6443203088790823
2910,6.017492700279453
2911,8.96366152092044
2912,4.054880898455003
2913,6.954795208407343
2914,3.333040769935373
2915,5.601999681664081
2916,8.609604089764897
2917,3.4036486355080884
2918,8.321441711539936
2919,4.189717853322353
2920,6.846665259992777
2921,7.640545798698153
2922,3.4755983069573775
2923,7.536857690310822
2924,7.50817202405972
2925,6.5595002832050024
2926,7.363978983366127
2927,1.8411780592193565
2928,3.8436364327223487
2929,7.725763790894355
2930,5.125188454230946
2931,3.9914962744379934
2932,6.298525864238918
2933,3.2275755197887372
2934,2.636132331826424
2935,6.483414569111453
2936,9.533634522419362
2937,4.5376123993734705
2938,4.464781718213209
2939,5.95598857308862
2940,5.679453436083433
2941,9.18948959179308
2942,5.179142245680697
2943,5.900975684341054
2944,4.734357132307375
2945,7.348363307959261
2946,7.8923946278544035
2947,6.710022285965929
2948,1.7954016024632136
2949,6.187223399734997
2950,7.4278483276165685
2951,5.16334908505523
2952,5.405687736751828
2953,5.655129106121841
2954,6.162243809826533
2955,3.6260863829727006
2956,5.005318008664575
2957,6.65955124774556
2958,7.625279041925481
2959,5.957515212042044
2960,6.448210035722293
2961,3.6297039029839113
2962,8.430235262322743
2963,7.681413723770274
2964,2.6156257466324386
2965,3.155300328857372
2966,4.871529718592688
2967,6.102712048768296
2968,6.132745087252109
2969,5.368087483227876
2970,3.3196984435640338
2971,8.59820378793184
2972,9.997716928414395
2973,6.313120683335946
2974,5.019294301296563
2975,5.462298411479581
2976,6.877500031230032
2977,4.813881407493476
2978,7.904831059684317
2979,6.914308171078886
2980,3.806570650598971
2981,9.556566077115914
2982,4.685292825572045
2983,4.706578132639895
2984,8.442304700078093
2985,6.693761842257409
2986,6.435123498243568
2987,8.875751940902614
2988,6.740720440475191
2989,9.514217102752966
2990,6.5443988740715
2991,4.895126085091969
2992,6.40008173345218
2993,6.417995822599879
2994,6.130519052080136
2995,6.3196570129975775
2996,7.0936265941096135
2997,9.584177712648984
2998,6.207720551081718
2999,4.744765378531504
3000,8.94332721545199
3001,8.2149859026443
3002,6.8088732405481975
3003,5.415937742496917
3004,7.617040670094651
3005,6.270270674216187
3006,6.39184268168544
3007,6.791850872168839
3008,9.2744992017262
3009,7.388029850317336
3010,4.492327989435701
3011,4.258323111127803
3012,8.21995679973393
3013,7.288424914615868
3014,4.984227342890565
3015,1.449264859606747
3016,8.349250371125052
3017,5.569355195034662
3018,8.66387178032151
3019,4.347459643623396
3020,3.805572879397772
3021,6.35277695279924
3022,4.585358276309606
3023,6.179886641239994
3024,7.6364715397577525
3025,2.6912820680438676
3026,3.716609195659113
3027,6.011241860177476
3028,7.63539656244089
3029,4.679576853570476
3030,7.011038879606747
3031,4.29206519504643
3032,7.070753795918199
3033,5.193475257811995
3034,7.213984774593499
3035,7.964028436912978
3036,6.987808596470276
3037,6.317143243074876
3038,6.038600172276148
3039,8.647363726256563
3040,6.436983126021952
3041,6.7230562516707035
3042,2.389430244154437
3043,4.696036482276219
3044,5.535747676050922
3045,7.812404860404963
3046,9.489949112902872
3047,6.408717951646608
3048,4.741205777741299
3049,8.014440423834284
3050,6.287796809708705
3051,8.453604067449755
3052,2.8358601562684247
3053,6.632093718372201
3054,7.356807646191581
3055,6.660953181188669
3056,6.860318301844508
3057,7.509831519917834
3058,8.916621394002394
3059,8.120186012282488
3060,4.069316773291736
3061,5.495998924433946
3062,3.701449934672591
3063,4.512458440064707
3064,4.296144245790165
3065,4.297339491779016
3066,7.458463200242886
3067,7.2955619286848945
3068,3.115352422070395
3069,3.4324367407919425
3070,5.876996425465331
3071,7.2579375181961385
3072,4.934728825865046
3073,6.8706640125753795
3074,4.613887970965813
3075,7.131474856826031
3076,3.322326098589888
3077,6.722776342196864
3078,8.45556469830472
3079,8.144010326376083
3080,8.725362767972973
3081,5.990985322344133
3082,7.731900906873167
3083,7.145340001733804
3084,6.563323404677059
3085,8.603239957684119
3086,6.0204618023071665
3087,6.165369367907776
3088,3.7474939620693255
3089,5.3921713669643765
3090,9.263918767313097
3091,4.621512076499023
3092,2.8306569229329788
3093,4.169836066736721
3094,3.7608795355672227
3095,3.61717299871123
3096,3.9954742243680896
3097,5.714020077519235
3098,8.042093190939422
3099,3.6173325271355674
3100,2.967600526433158
3101,4.001092919219287
3102,8.141373211402561
3103,8.288014868999799
3104,5.064772984262905
3105,5.506031355552489
3106,7.209343413796856
3107,6.524013939577334
3108,6.724662902045589
3109,8.472731928206354
3110,6.71987760631603
3111,4.582971838799613
3112,7.04769445297517
3113,5.151461889510737
3114,5.345252311404553
3115,6.198622241720014
3116,6.072427534603373
3117,7.1577399403941
3118,4.320734621120447
3119,8.491461531168193
3120,6.080731939133638
3121,6.125474406437178
3122,6.694033401030739
3123,6.190780033905514
3124,4.224039224365695
3125,6.1559234441249
3126,7.073497832782595
3127,4.576029406392884
3128,2.701975385046265
3129,5.264969568540964
3130,5.326648870575935
3131,4.6964583535461095
3132,4.780066713187292
3133,6.331648027135385
3134,7.14165318235889
3135,5.3871753718000415
3136,3.693047790233738
3137,2.2390905680620095
3138,3.8232930344366025
3139,6.7237345170504685
3140,9.772806624409903
3141,6.939553408909232
3142,5.297977391686073
3143,6.261353124496494
3144,6.10559424826179
3145,3.2288315063750703
3146,5.624648151190589
3147,6.164021469277232
3148,2.928776126722565
3149,8.010077571570228
3150,6.783493828162453
3151,4.627851066438301
3152,5.5478080023038485
3153,3.9669455605427997
3154,4.133825024193772
3155,2.782497684695688
3156,7.2048163522429745
3157,7.843881787425803
3158,6.373567467110505
3159,6.1311827296480725
3160,3.1149674051691543
3161,8.175200807028057
3162,6.561956728148348
3163,7.336102576371815
3164,8.455549525103729
3165,6.777976032778757
3166,4.685121066757499
3167,3.525167170452087
3168,8.931402932543701
3169,4.409386975114953
3170,6.6484200938603495
3171,5.4140433838372966
3172,6.460234437021681
3173,3.643403542670545
3174,6.939759039638363
3175,1.9869043342058035
3176,5.42260374404118
3177,7.174687633841835
3178,4.974573052948088
3179,3.070968329561913
3180,7.171185425006658
3181,5.097948535414499
3182,5.736799452388865
3183,7.147675041563788
3184,8.109098032582835
3185,4.942908520244957
3186,4.75969538496634
3187,5.328962626624426
3188,5.4053970477433415
3189,3.3096714735208272
3190,2.0796121529294296
3191,8.248689006290581
3192,5.337262417804202
3193,5.773893009174374
3194,7.389665712489082
3195,2.890817739496133
3196,8.323200468474948
3197,6.675182500556028
3198,7.413124134680349
3199,3.790180422108894
3200,5.659487515736666
3201,8.544089030583004
3202,7.120418561104249
3203,6.167134004675905
3204,7.8294330786110935
3205,6.586238990469662
3206,5.511043261439402
3207,7.4689493832364064
3208,5.505033326387881
3209,3.3809414845832118
3210,6.113992420335182
3211,3.6130576926189386
3212,1.6096979975101025
3213,8.785409854364215
3214,5.169489065344898
3215,5.150115533161721
3216,5.623681272108281
3217,4.76850185118044
3218,2.723360874367316
3219,6.20643651507242
3220,7.249187381979651
3221,7.530325625899944
3222,6.974008916588881
3223,7.404569895870599
3224,3.882666859212064
3225,3.869266896273307
3226,4.939707500912952
3227,8.914699574356572
3228,4.049253764689157
3229,8.459055459647464
3230,8.700573581255671
3231,7.645604069299742
3232,5.772063601764015
3233,4.835385714029181
3234,4.576415673555838
3235,7.941928383865107
3236,5.7131996306445805
3237,7.267042129588491
3238,3.677432974100989
3239,6.706381806304476
3240,5.0126103936891155
3241,8.145386542340873
3242,5.067947203838116
3243,3.980051968793439
3244,7.521648939079311
3245,6.207816370149378
3246,2.174614503477618
3247,6.758431437132151
3248,8.942133877059245
3249,2.076118745443941
3250,5.4280649972775326
3251,5.839446941389979
3252,6.316123531530135
3253,5.724529407898233
3254,4.598999178134472
3255,4.7088511995731075
3256,7.791904321128131
3257,6.3518301066864655
3258,8.497052283918105
3259,6.868335230950061
3260,6.98126731054087
3261,8.268593647920515
3262,8.244293745889836
3263,9.236997983804798
3264,5.562871767564641
3265,8.122481595043777
3266,7.052827867206803
3267,8.355135918612046
3268,7.10115046426683
3269,5.573685454589959
3270,6.529820405067556
3271,5.323014002927854
3272,6.707645716153694
3273,7.901787683749028
3274,1.7209566761846542
3275,6.973350394396287
3276,6.299658062330879
3277,1.867813472218699
3278,4.386571028791696
3279,9.54700549912138
3280,6.511155617163344
3281,5.099817035586198
3282,6.962897131110435
3283,7.53474285879651
3284,6.838534536160319
3285,7.257596149824002
3286,4.240010453247758
3287,9.190737957449986
3288,5.887676154459291
3289,6.483626404523003
3290,5.468011092886345
3291,4.694922828008543
3292,3.714499724375179
3293,5.574014444081412
3294,6.404203219440066
3295,5.069716775170621
3296,7.000758924447817
3297,7.087086101213629
3298,6.501924086962079
3299,5.089393381296039
3300,5.709851251575759
3301,5.554258470292238
3302,5.624010008388734
3303,5.000415876723428
3304,5.410829329175584
3305,6.068811589454415
3306,5.879897528551616
3307,6.56655853068794
3308,2.3887781718579655
3309,7.29111546466539
3310,6.686531393017542
3311,8.271570799744616
3312,5.0187432946923245
3313,6.19185618389931
3314,6.282179640171943
3315,4.707313314578284
3316,6.898771893540942
3317,7.723941091909827
3318,1.4411129249507426
3319,8.59005960718089
3320,6.948016364764473
3321,4.388978187086842
3322,1.9325059315577178
3323,8.355345099091219
3324,6.617983029391058
3325,6.380217499289605
3326,9.955352581623321
3327,7.398105341467398
3328,6.325767860403791
3329,4.662548674864356
3330,7.179152232827688
3331,7.04123611107755
3332,5.686455124326292
3333,5.384888672537334
3334,5.004355145132621
3335,6.318580191327965
3336,4.170224092007933
3337,2.677283467236259
3338,6.332817535075587
3339,4.571717016043971
3340,7.897933272914663
3341,8.16262394913233
3342,7.170309417863415
3343,6.061790077127479
3344,4.912902134054102
3345,6.775027311608211
3346,6.7834940516612265
3347,9.204999873977377
3348,8.458986439181308
3349,7.622026258143713
3350,8.305130342421013
3351,5.278216326871419
3352,5.320886616488164
3353,6.899061638187254
3354,7.272804709761097
3355,6.454619934971222
3356,6.98886223620593
3357,8.103041676955277
3358,8.590828012932896
3359,6.115980795900661
3360,6.452500582131085
3361,8.049361278934924
3362,7.5876381994733375
3363,6.157652993398257
3364,7.272385842094364
3365,2.268087759920301
3366,5.063854760528028
3367,5.477533136048271
3368,7.439811220826684
3369,6.047133600681793
3370,4.3572465954516755
3371,6.620191734090926
3372,7.028456727570851
3373,7.586601357932007
3374,6.168889330650925
3375,5.508029016487219
3376,8.866852441055991
3377,4.315883545312715
3378,7.000753214554763
3379,5.8962327403166155
3380,6.614352713346856
3381,8.099481457973397
3382,3.4586916315890535
3383,6.342383374926063
3384,6.679465400542412
3385,8.091064938740798
3386,4.289641239755815
3387,8.039930841325944
3388,8.762271451194898
3389,7.593510750262125
3390,7.838652159477948
3391,7.904796268020038
3392,3.598617077417001
3393,7.153256817549474
3394,6.338899338053354
3395,5.6967935306019
3396,4.311487217856985
3397,9.422381006464006
3398,9.955755732763624
3399,2.423313253878221
3400,9.481211171725
3401,6.163376970121201
3402,6.414212777055657
3403,5.4264585382243595
3404,6.057571417631052
3405,6.099614382428131
3406,7.774912292670597
3407,7.483395824644515
3408,6.190469528048867
3409,4.814709678374248
3410,4.8977987773488065
3411,4.9242505127446945
3412,4.115584694125598
3413,6.606859968101899
3414,5.81526297938401
3415,6.526270877728296
3416,5.537995857627761
3417,5.896004152592812
3418,4.677490633275068
3419,6.264450359862147
3420,4.701961763900469
3421,5.810456059798467
3422,7.278328109148481
3423,4.582984213196933
3424,7.416255079431504
3425,5.048322075197691
3426,9.313473576835793
3427,4.463783711447332
3428,5.82122816150278
3429,7.27069184893413
3430,6.41971096349039
3431,5.917623746311241
3432,2.068093443150034
3433,7.266200126066648
3434,6.442334100796063
3435,6.488333999258167
3436,4.986551588066679
3437,4.581596792301729
3438,8.70382698617269
3439,5.390416058436485
3440,5.891121925467739
3441,3.1081072744342135
3442,7.512919247373579
3443,2.8583600293607483
3444,5.636926672505476
3445,6.842048257528328
3446,8.973750575846383
3447,7.979068254208125
3448,5.256651272649248
3449,5.172382741629152
3450,5.220952942413275
3451,8.946474667189321
3452,9.552963912089709
3453,8.829479039422395
3454,2.0837933745700594
3455,3.959630645127601
3456,4.75311651411967
3457,6.352538781920661
3458,4.278103080487751
3459,8.517643228186753
3460,1.6374370739512536
3461,5.8575192011939095
3462,6.17600055089913
3463,4.197152886324561
3464,7.284932599103809
3465,5.579762982218732
3466,7.003113247096048
3467,4.699405375086985
3468,4.73909699007173
3469,4.165240833109733
3470,5.776170998308741
3471,4.744966483816951
3472,3.9463660455591105
3473,5.202048833899891
3474,9.080387572983984
3475,4.588432610243781
3476,2.415049331076472
3477,4.0170327093299845
3478,5.3487627587459965
3479,7.239048811999552
3480,6.569121916936487
3481,3.551902679101713
3482,6.419937169247779
3483,9.000701295770602
3484,5.182979264185046
3485,5.704755370823821
3486,6.087848846505463
3487,5.004091558534126
3488,5.812410151743515
3489,4.047625413288389
3490,3.9946811936202673
3491,7.980377755725224
3492,8.567017338115884
3493,7.390659267242031
3494,9.025648751034145
3495,6.15632247638613
3496,8.054122037810519
3497,2.100190375316062
3498,5.924162161194514
3499,6.530785096854723
3500,8.350946558628777
3501,4.359186955916573
3502,2.5280699965775355
3503,4.219569040715081
3504,3.8702642042510815
3505,1.509956283408993
3506,6.206422673094711
3507,7.695923923095871
3508,7.071381348223094
3509,7.147840386770971
3510,4.722464743870125
3511,6.457356618693811
3512,6.031819228312836
3513,6.371812345687164
3514,6.611483772316819
3515,5.309086339043606
3516,5.095607975106569
3517,9.324597352417246
3518,1.322757376713844
3519,6.715047412151327
3520,5.5901431129319255
3521,6.508587921719699
3522,8.918609269569512
3523,5.211885386293094
3524,7.364843821217255
3525,8.960279078902229
3526,2.9378032887204797
3527,5.665508808360153
3528,7.733992827311381
3529,9.681197139324127
3530,8.295548781323737
3531,4.2126013424392
3532,6.267169645706803
3533,7.693398047131535
3534,6.855783353570334
3535,9.463422034891156
3536,6.355051620927746
3537,3.842726980064485
3538,7.239792691835189
3539,7.382233135502088
3540,5.609534600646507
3541,6.811062354248558
3542,7.369699862278347
3543,6.34219140601278
3544,8.24480498175926
3545,7.534873886482314
3546,7.6289363267711225
3547,6.432883629936356
3548,5.929772175558643
3549,5.224382606654439
3550,6.236221083514006
3551,8.559225506095022
3552,8.261864505971298
3553,7.970401773029619
3554,5.27306736308042
3555,7.684666210487414
3556,5.860096539077558
3557,2.8530095066996948
3558,3.2573741342791664
3559,5.298554326308281
3560,4.1514624329991765
3561,6.280731501949201
3562,5.2352192047747526
3563,7.696742890979655
3564,8.432717767574081
3565,5.656018520952123
3566,5.4737980811192255
3567,4.588660215120948
3568,6.6977778276304445
3569,7.062813601928331
3570,5.8047406389401
3571,6.125728052116671
3572,2.106836689475785
3573,8.43806497195502
3574,5.194283370294002
3575,4.977944555209966
3576,8.060318727507738
3577,4.299850395252314
3578,8.624462428897226
3579,5.232334286823432
3580,4.725972691550928
3581,1.8269839049958634
3582,6.154575156015715
3583,5.702158217500511
3584,3.004221424103291
3585,8.16657266842589
3586,6.462442683348618
3587,5.466956095898089
3588,4.755468647131447
3589,4.819234823380006
3590,2.7339689749233935
3591,7.430666556458346
3592,5.574240960364382
3593,8.034659721212376
3594,6.58405297851589
3595,4.901437528501054
3596,7.814037221328644
3597,6.403897946026559
3598,5.487149749115732
3599,6.6169400809936025
3600,4.955585006747837
3601,6.673175018833814
3602,3.2810414750736903
3603,8.768349485368129
3604,5.240546671241906
3605,5.602556012667717
3606,1.0643689196955823
3607,4.524302183669353
3608,6.432196103168337
3609,5.378481918652876
3610,5.532389550505864
3611,8.966188018036878
3612,6.146689265486993
3613,4.865975961765482
3614,3.6427694907396435
3615,1.4700926702227028
3616,7.781058428649674
3617,5.903854407638875
3618,7.448373214656094
3619,6.535460281827424
3620,5.40999271035801
3621,4.163236961392313
3622,6.348286571151329
3623,4.66429978341051
3624,8.666601172822407
3625,6.488024589136498
3626,8.926290656020317
3627,6.726937993933769
3628,6.618808480148687
3629,3.8327511027775216
3630,6.115833093303628
3631,1.6857093848687996
3632,9.498870711583924
3633,6.156590831461957
3634,5.982207852969682
3635,5.86127675889877
3636,6.367076101284441
3637,2.2710555627264584
3638,5.563747575088552
3639,3.396708313009074
3640,4.14002397007058
3641,3.8029931268869923
3642,3.4966520228762796
3643,7.594971714162904
3644,7.0264569004374255
3645,7.300531692820418
3646,3.168075390242064
3647,6.402055895366866
3648,7.508775134858768
3649,9.626069974789928
3650,8.216525294457913
3651,7.701694858123881
3652,8.664659478854325
3653,6.316236994576557
3654,5.522540671613193
3655,8.735301811151851
3656,3.1704236147806433
3657,8.719872676025622
3658,5.554731690382722
3659,4.361170861702638
3660,8.05253456684575
3661,7.051972237682742
3662,6.103047189089064
3663,5.449270370423241
3664,8.454848437446211
3665,4.255613513416685
3666,8.07123303618519
3667,6.795774967720581
3668,7.617408334292887
3669,4.8325311190722084
3670,3.441461173768219
3671,6.959534904771116
3672,3.2042595336521935
3673,6.503531469717712
3674,2.564626810868915
3675,2.1684567401867487
3676,5.637968642807968
3677,5.4246419295046
3678,5.793018726857531
3679,6.429571439729115
3680,9.997958183110367
3681,5.5606852495245835
3682,8.897252158324529
3683,8.848703492773279
3684,1.493343519867387
3685,5.190593845928598
3686,7.122095724373461
3687,6.4733066134227055
3688,3.027269118797177
3689,7.000055178421823
3690,5.881928610575063
3691,7.0161944463961845
3692,8.01557093419943
3693,8.911760511170913
3694,6.29601470029503
3695,7.6426908060517516
3696,6.445378337628226
3697,8.30447349891876
3698,4.978972772790757
3699,4.74155408675159
3700,2.8039917699265913
3701,3.8897437934440604
3702,9.32666668506082
3703,3.710587189009606
3704,7.636807443477579
3705,7.03297332715147
3706,3.381896013023693
3707,4.508086072975378
3708,2.5272589131021137
3709,6.115130609316769
3710,6.092411881192848
3711,8.40300681408365
3712,5.619392625634677
3713,3.8329387849750196
3714,5.075766391055078
3715,7.870293466394204
3716,5.403581113742322
3717,6.234133699815202
3718,7.075511499463356
3719,6.78939918215486
3720,7.795146261268158
3721,8.027684535683262
3722,7.143738457446877
3723,4.057699785972515
3724,8.211615936096923
3725,6.111856374051944
3726,2.748674701344595
3727,6.511173117767029
3728,7.149250112321345
3729,6.8260097929547525
3730,0.19506949263287032
3731,6.5652432116530095
3732,4.98683123127539
3733,7.343680375314632
3734,6.697554778650408
3735,1.9323477321815283
3736,6.366143046542515
3737,7.511034161469252
3738,5.734268765564906
3739,8.646054963045113
3740,6.762613269106059
3741,3.723945477983741
3742,8.95090485763354
3743,4.706813159771238
3744,5.7018946956084235
3745,4.824472225276594
3746,9.544383450491603
3747,7.836869445553406
3748,6.798761139768762
3749,7.471081025610762
3750,2.5114171864868067
3751,3.7063964004913243
3752,6.336145455643067
3753,3.671819035422351
3754,4.149418920798066
3755,6.237213826183664
3756,3.5469491869782366
3757,7.733281863592969
3758,8.03384804730874
3759,6.949753048728475
3760,8.846780972457447
3761,6.96378304942846
3762,4.313474659436176
3763,8.393890514117754
3764,4.505671854818327
3765,8.93418917754236
3766,3.443024071295324
3767,5.735297773316654
3768,6.1334803642747575
3769,6.272221115187904
3770,3.6638503635855715
3771,5.920872714439917
3772,3.187186353502908
3773,4.694198429697747
3774,6.054131928778271
3775,6.571516248785661
3776,7.600501429570196
3777,0.9574666467287416
3778,6.117112441925765
3779,3.5744103246708603
3780,2.994619335405078
3781,4.235294341168936
3782,5.396434304248392
3783,3.8955297465579077
3784,4.125561945003668
3785,8.231473574490174
3786,1.9401180608656183
3787,8.250994686529657
3788,5.044710388863888
3789,7.382582896927872
3790,7.8424404168219635
3791,5.118892103327322
3792,8.572250881867996
3793,4.301445589811821
3794,4.823634827209373
3795,4.390165602450297
3796,4.1314278846038714
3797,6.335264346517484
3798,3.5986054425017238
3799,6.170103019409751
3800,5.047383536684486
3801,8.811161168682842
3802,3.8414226608658986
3803,1.438839332198964
3804,9.033621702305211
3805,2.1237787837572775
3806,8.067996875730213
3807,3.154388995925197
3808,4.071913431200845
3809,9.101748602746131
3810,4.870554900849493
3811,7.3743279422656105
3812,6.4902791189967575
3813,6.82154821337844
3814,4.9207302618877
3815,6.715106685615558
3816,5.319668713628984
3817,6.346072511976203
3818,4.515415266638888
3819,5.968130694784017
3820,8.374885149261088
3821,4.329286818720233
3822,7.885621841012155
3823,7.319606039777159
3824,8.629016142098411
3825,7.769665772866114
3826,4.666882205494726
3827,9.43886940397192
3828,6.348484778859804
3829,5.9178994646477925
3830,6.383685638728768
3831,9.050645495163733
3832,7.617403829891481
3833,5.201660270754377
3834,5.93846581512401
3835,8.60468800387072
3836,5.819507465412444
3837,3.4613803069069817
3838,6.7596777881569725
3839,3.7872258386591504
3840,8.761130697085799
3841,7.234005566910788
3842,5.77456184785161
3843,5.712379136403676
3844,4.694347892153348
3845,8.843426639663607
3846,2.8574520018178227
3847,5.836393594890805
3848,6.435526576612865
3849,3.7342921402274767
3850,9.013080122271896
3851,3.226855559067741
3852,4.783525765756439
3853,6.077708498433484
3854,3.1697248894172567
3855,4.336617664346223
3856,5.306816200955286
3857,7.231465544413706
3858,9.425627260488193
3859,3.6864501368528364
3860,5.6671683511450235
3861,6.781097626582084
3862,2.5091091884030488
3863,4.669643256407481
3864,7.936902736304535
3865,6.1378256106054385
3866,5.602409626339911
3867,6.528540323899056
3868,4.387739192934541
3869,6.35329558947881
3870,6.923378232756119
3871,6.129577299545963
3872,5.958232223637455
3873,5.557989094741226
3874,6.887184604753044
3875,6.133894580202295
3876,7.932002796168527
3877,6.957055341815954
3878,6.957246342511475
3879,1.8928263549916218
3880,7.225305588147383
3881,5.290555774232365
3882,7.330016559472732
3883,8.26622925384624
3884,8.04317931668605
3885,4.178915228234047
3886,2.105104355175687
3887,2.3699942033724577
3888,7.768641451386957
3889,6.62688207253399
3890,9.353676435444736
3891,6.8265866277812535
3892,3.0625320762280674
3893,3.074643433898756
3894,7.479236620106749
3895,5.77550569642972
3896,5.375403183693335
3897,3.4886664829685343
3898,6.533621485185236
3899,2.212686517411825
3900,5.068484672919157
3901,7.13021543419959
3902,8.52404275499382
3903,8.735243893179813
3904,6.057988885920189
3905,7.306926541237656
3906,1.286238044394377
3907,8.756146878394867
3908,3.903907110580497
3909,1.1917001369053273
3910,7.458324252632428
3911,6.964211017993686
3912,4.060418158012096
3913,5.1920404894327605
3914,5.257454501558476
3915,6.100921991729006
3916,9.201950557732836
3917,1.934734035772441
3918,6.286939807980969
3919,6.346720316041187
3920,0.48245491500203597
3921,6.221266317157131
3922,3.2337612926834445
3923,6.903974220027202
3924,5.603129285703108
3925,7.928653061438001
3926,6.558048143993335
3927,2.9097499527857007
3928,6.751782275355882
3929,2.302792145336788
3930,6.266584065274965
3931,4.302857995345358
3932,3.4082040561497635
3933,5.759251074911075
3934,1.459027609007021
3935,4.614095508340234
3936,7.496990283897064
3937,5.134298810511681
3938,4.351104388940099
3939,4.599099864437017
3940,7.532673716970406
3941,3.341719010369257
3942,3.4375811351208716
3943,6.451046897244683
3944,4.989539464022546
3945,4.385773245189528
3946,5.779769011771515
3947,8.140235893774186
3948,8.43101948702694
3949,3.6934755396992047
3950,2.207139222340438
3951,6.029188065503334
3952,3.5679948313613514
3953,6.839156254803191
3954,6.154041666296075
3955,7.41458568571247
3956,5.695781578586635
3957,5.588170942599165
3958,4.643130519899228
3959,8.220009716929523
3960,7.400292582770104
3961,3.7352767477707496
3962,7.463343896027929
3963,4.282600891058732
3964,3.886515917590516
3965,6.559844575192935
3966,5.7382916190188995
3967,4.692018001666443
3968,6.996040798521287
3969,1.4815310712589893
3970,9.05738507775852
3971,8.519576566311926
3972,6.213109821988175
3973,3.948783625474168
3974,9.185301824911011
3975,4.785547497948916
3976,8.615734374590968
3977,6.444019347466236
3978,3.1028674578367617
3979,7.099784712625285
3980,5.37950945436676
3981,7.823744779334082
3982,9.944019446966134
3983,6.817813708113947
3984,3.351221750044023
3985,9.654160564382902
3986,5.222024321004757
3987,5.397401908076804
3988,6.989183473899918
3989,7.428786342788119
3990,5.7573267045625585
3991,2.173398199848718
3992,5.815921471483079
3993,7.764043086544781
3994,4.053218673047965
3995,3.9674409943942828
3996,8.663845065138803
3997,7.875199010617382
3998,5.569250005571241
3999,5.2878615210588205
4000,4.723370741625362
4001,5.889609423968919
4002,3.9984683495372715
4003,4.505816982535307
4004,5.2372677406984645
4005,5.360058776849409
4006,7.118681285678288
4007,4.990763196216514
4008,8.659096425654743
4009,7.141684128938238
4010,5.71739101774217
4011,6.867844063230865
4012,2.4040580393142994
4013,3.127318637104493
4014,3.207960148062333
4015,5.003373148795648
4016,4.370919300467308
4017,3.430683358433009
4018,6.509219247772128
4019,5.692404520096044
4020,9.166989553650073
4021,2.0953905973719404
4022,8.400569732172961
4023,5.578932097084308
4024,6.468775339026941
4025,2.1101608941294616
4026,7.430602644336948
4027,8.16677030568448
4028,5.535805745205549
4029,7.340664398876237
4030,6.111590068776027
4031,7.8010974826392285
4032,4.943477482362181
4033,9.13511218727485
4034,6.515476486711675
4035,6.323015185202345
4036,9.725886632268844
4037,6.679172919213779
4038,5.517710351545697
4039,4.781964837621561
4040,3.231281982594357
4041,8.291892861105007
4042,7.110561334817726
4043,8.03353482333669
4044,6.353844244226737
4045,7.904095142554345
4046,5.062307567858876
4047,3.2327604483257426
4048,7.380769082624484
4049,4.016499268142634
4050,5.051878423221685
4051,2.1990998540914903
4052,4.101438049046132
4053,5.973845331536739
4054,7.908178729585719
4055,4.322520571545292
4056,6.625401626052662
4057,7.734857483893137
4058,8.257649159827531
4059,6.765043519653664
4060,8.006427315431022
4061,6.663421611378604
4062,2.993688095431421
4063,7.593628626472044
4064,6.277389291490297
4065,2.5596336786160436
4066,6.639757737945347
4067,5.561784259101462
4068,4.876482391276227
4069,7.599731859002631
4070,7.21195044836179
4071,3.054205202040715
4072,7.47892919245569
4073,8.034373061192424
4074,6.120898799020336
4075,6.639554608613507
4076,3.9866264964392952
4077,5.74862713946978
4078,6.70084628571924
4079,6.614271112483992
4080,2.2722399296553073
4081,5.3928904270372415
4082,5.293997816768065
4083,2.037495807716512
4084,7.1243459213102325
4085,6.156976737148769
4086,7.941558410404435
4087,5.41778629157674
4088,5.936108901256757
4089,4.362797193801098
4090,5.119332677811166
4091,7.9457183509299485
4092,7.9228682578864635
4093,4.666226574665411
4094,8.396500088448855
4095,7.163733155497677
4096,7.285927821528206
4097,4.436348203794783
4098,7.500736555554371
4099,5.043993853447414
4100,1.092458671486873
4101,7.318881862861106
4102,6.955345182726171
4103,5.2855695804286915
4104,3.5278441071205906
4105,5.936681131068938
4106,7.497478850328281
4107,4.930664283672307
4108,5.9805296886430295
4109,5.708269446059794
4110,5.4830843319462845
4111,5.010752879553619
4112,9.064471687406614
4113,4.108590189003463
4114,6.88197466650509
4115,6.024527743814412
4116,8.90529462486315
4117,6.359417816189579
4118,1.6652811883443466
4119,6.416809200028601
4120,5.521540964868701
4121,4.911686430319854
4122,7.895414000821171
4123,5.5640207060126325
4124,8.322098107073135
4125,4.9743185844567535
4126,5.274483389414993
4127,4.121272870240821
4128,3.9152338629782584
4129,4.3116363489291425
4130,3.5792671268186096
4131,6.352624360964148
4132,7.540013554699646
4133,4.741400498227525
4134,2.507124380502983
4135,6.094662209770083
4136,6.068131598940066
4137,4.9434411382860395
4138,1.835929646042786
4139,7.009243044887427
4140,4.074654113187938
4141,7.945077011847694
4142,3.669010056682714
4143,7.978326369866506
4144,4.541407637954495
4145,5.332095217012659
4146,5.803727952046171
4147,4.833297540320452
4148,5.748036079276083
4149,7.1242762277871945
4150,3.3508391222058984
4151,8.730718626827407
4152,2.465451831186609
4153,7.388257843643645
4154,7.415780251148577
4155,8.347574140494856
4156,2.6904079813501247
4157,6.132981820191036
4158,4.607345311243343
4159,4.095314353688328
4160,5.698033812308548
4161,6.947686731994027
4162,5.071062187174121
4163,5.610683287846881
4164,6.194684832494185
4165,3.042620688948211
4166,1.2464005500721345
4167,6.539297174895863
4168,5.070507138671992
4169,5.122634789193647
4170,3.142179432824423
4171,2.8064137067172514
4172,5.20876273643581
4173,7.882643722032379
4174,6.736991732633571
4175,7.311532460500348
4176,5.152663801161599
4177,6.571798690479737
4178,3.330053003800957
4179,7.388300061240841
4180,6.934263691468796
4181,3.6809996162633887
4182,7.625917823159705
4183,5.189777293878528
4184,5.106622108440245
4185,5.308895687628275
4186,6.479476329923071
4187,8.469416159328105
4188,6.772597227022326
4189,7.853066794712592
4190,4.524431522906198
4191,7.005979756556011
4192,6.909722947018852
4193,5.261455275331156
4194,3.1067123925788023
4195,8.515061224927535
4196,7.156128220931768
4197,3.033140851686889
4198,3.8309730230594803
4199,9.479552854261689
4200,5.944453374606071
4201,8.632777730089742
4202,7.089431714028801
4203,6.0075941400495525
4204,7.581260273132051
4205,3.504778745009678
4206,5.548829532221911
4207,7.582397240017242
4208,2.742025723097874
4209,5.700226819272533
4210,5.118268396604689
4211,4.699990500612894
4212,7.460966443277326
4213,4.592386079191972
4214,6.33664820705234
4215,5.75853590065769
4216,6.3358894155147665
4217,6.688128594646571
4218,5.304896072083599
4219,5.741624969439333
4220,5.725640030210524
4221,6.646515804505853
4222,5.027813188753309
4223,7.493301811247319
4224,4.492955428102012
4225,4.630173677812339
4226,7.2707256621949385
4227,4.145630149224824
4228,1.4168199305542182
4229,3.3483902883214043
4230,5.47700552372957
4231,4.979815167576664
4232,6.4066832447039115
4233,3.360154407477558
4234,7.079617640292686
4235,6.191480041968316
4236,7.502323954699351
4237,7.02181671019148
4238,5.921515085071489
4239,7.822202959949155
4240,8.323534930697422
4241,7.414317079060271
4242,7.633099519276217
4243,6.425490764382674
4244,6.496198221752371
4245,6.652908493841534
4246,5.705369454444758
4247,7.981434833256493
4248,3.699265620667564
4249,7.946406673057547
4250,3.474612044956115
4251,2.0039571554981137
4252,7.798209425639615
4253,3.7682469454167182
4254,5.2632438397230015
4255,4.531873075765489
4256,5.968467469774963
4257,5.154174534369616
4258,8.62094667484042
4259,9.224492063772278
4260,7.186291737729881
4261,1.9660994519601274
4262,5.014981692012389
4263,5.5288270019669365
4264,3.3759889271446455
4265,4.571182238180134
4266,7.0487871689262365
4267,4.547575963990315
4268,7.174764365384604
4269,5.080834922770062
4270,3.438253173615086
4271,8.714605704795106
4272,6.89704476633501
4273,4.213852527823183
4274,3.9172863722095395
4275,6.27013700070634
4276,5.670311898361395
4277,6.963647210484299
4278,6.714759678852819
4279,2.923053747798844
4280,8.301145734093833
4281,8.475380958697974
4282,5.328899648635137
4283,4.75085703314735
4284,6.974114758942527
4285,6.386194749861354
4286,5.191015602780324
4287,4.2970226611161655
4288,6.056722189028463
4289,6.328063375384812
4290,9.221315951019369
4291,5.752207031707945
4292,9.248474428920819
4293,5.5995837525133885
4294,7.435064853417304
4295,4.739426044716741
4296,5.313918624848375
4297,2.7455294463639643
4298,2.1920915243165067
4299,3.601864044460586
4300,7.422493081449159
4301,5.565684225136357
4302,8.166487131508681
4303,6.252611177578676
4304,4.480609506773497
4305,7.472550752413419
4306,8.255272735541187
4307,6.978978001843063
4308,6.702016623922883
4309,4.999017380857371
4310,8.345534089359242
4311,6.898643224646794
4312,7.962896042952925
4313,6.331647255037147
4314,7.938561024708752
4315,4.622492080508762
4316,6.335697013287513
4317,7.075077088588506
4318,5.99670813187779
4319,4.496462402292853
4320,6.180589065909825
4321,3.5794589069019827
4322,8.22574186123096
4323,6.457739161955478
4324,4.075036398767301
4325,8.495449941983075
4326,4.647884011386732
4327,5.924482863302488
4328,6.510196329781006
4329,5.121912588813489
4330,4.724297704789355
4331,2.326224752887657
4332,3.6071885492239275
4333,4.125650662601672
4334,7.0098239146358114
4335,5.381946851286939
4336,5.203755140707675
4337,4.94701428836997
4338,6.801065838733528
4339,3.9222124010221195
4340,6.274545339627158
4341,3.2909456236391543
4342,2.7916469084107702
4343,3.2478703772559676
4344,5.115683540162417
4345,3.503895476314637
4346,4.1048042758218735
4347,5.73613182407338
4348,6.6321150730648615
4349,6.913259094356951
4350,8.356619375955455
4351,8.69191326071181
4352,7.557731188817496
4353,5.555176037461818
4354,4.433800945621811
4355,5.788389359340082
4356,5.523361727882082
4357,6.4993487170069075
4358,6.1417434783059175
4359,6.445383093058858
4360,6.053733545103318
4361,6.638369209844226
4362,8.46446906436095
4363,3.1110043919390504
4364,7.476482445934188
4365,8.69043783541726
4366,8.247515036221518
4367,4.326293078741286
4368,9.759293754244053
4369,3.193942790437974
4370,4.923416414645665
4371,3.43136198646721
4372,2.554224108806775
4373,8.937805123792259
4374,5.139567630394766
4375,6.432926899388848
4376,3.2667864480293725
4377,7.130957274693806
4378,6.633618678997547
4379,6.239955184934388
4380,5.488102614814432
4381,6.352291507821839
4382,5.983437564597238
4383,5.327841443300331
4384,7.835568483480833
4385,6.6636305654417285
4386,9.690042494332193
4387,6.062660421776872
4388,7.166934812746346
4389,9.171805608787134
4390,4.072350358553057
4391,5.537273851342625
4392,9.347304526788387
4393,5.6251037533974415
4394,9.413584745924373
4395,7.158052274247543
4396,4.792663448201494
4397,2.3296664502752114
4398,9.408881390101717
4399,6.694861741785365
4400,5.717660858589117
4401,3.630556878013553
4402,7.046434185337562
4403,4.498831515414205
4404,9.283179775301075
4405,8.267381147538028
4406,2.348545202930539
4407,7.829309744266952
4408,3.5567354133795597
4409,7.07647104559558
4410,4.794626436165095
4411,3.154892749407492
4412,4.465586607879089
4413,1.4879621704641959
4414,5.185330557566061
4415,4.00880767440985
4416,5.1641613224851435
4417,5.422322169436607
4418,5.141161437772239
4419,4.266642012832482
4420,4.5399126516281685
4421,7.413087798021836
4422,6.531014560827748
4423,7.0272397175110966
4424,4.561633332601789
4425,5.598420395417821
4426,8.568385703969218
4427,4.197666847170552
4428,5.08951394958535
4429,6.436796258012855
4430,5.31012661770427
4431,3.851538244442706
4432,3.3139706523051964
4433,8.337929945934652
4434,4.579287142978478
4435,6.291431038556484
4436,5.869200825053609
4437,2.162175438710558
4438,6.463946038089832
4439,6.288061436473901
4440,8.096268840763525
4441,9.289998313191568
4442,6.01812869786419
4443,8.9622418095618
4444,7.160979302473758
4445,3.983611573054607
4446,4.8871997545896
4447,5.857148712694128
4448,5.951932545656197
4449,4.8495706359586235
4450,3.7725884070029148
4451,7.204543340763552
4452,5.427227818438282
4453,6.181466014030058
4454,4.207271987524168
4455,6.352049342357145
4456,8.189562580639441
4457,7.0269978460781415
4458,4.7889363521940425
4459,9.395839621681528
4460,7.947436485880291
4461,7.1375754341528275
4462,3.5004559925421432
4463,2.52903806072488
4464,5.830228613905549
4465,4.587485872901253
4466,8.122857227076418
4467,4.2702128878073315
4468,6.842281431648393
4469,8.814317361167364
4470,6.143257525654127
4471,7.730163746266338
4472,3.825403477545401
4473,1.5653882069945735
4474,4.780736964461034
4475,4.787501588621642
4476,5.758939709604631
4477,4.194149963544036
4478,3.8555911249573795
4479,7.193696275968513
4480,4.516253415967368
4481,6.454786855153756
4482,5.612494556591871
4483,5.25911210515048
4484,7.507855137360624
4485,6.928934025812578
4486,4.542138638484819
4487,9.754599459912551
4488,5.510113609694578
4489,6.376203858654215
4490,5.60472034476027
4491,5.580069445949815
4492,9.505044837111367
4493,5.140156347804234
4494,8.433611020767845
4495,2.476508430038124
4496,4.66315662127639
4497,4.611562899100362
4498,3.242595047366584
4499,3.903669828885608
4500,5.973218046617343
4501,6.019276804120841
4502,2.167659587646508
4503,1.849591165326217
4504,4.474280611890872
4505,7.513218371949636
4506,3.3952056101981674
4507,8.548498036686995
4508,9.074228745626376
4509,6.167668740348979
4510,4.557413478599306
4511,7.3293343535555024
4512,7.388818694751118
4513,7.270361300358763
4514,8.871769630899554
4515,8.061251340599188
4516,4.337069174306902
4517,6.728144884778308
4518,6.662028709710576
4519,1.064216228426333
4520,6.957794705604489
4521,5.230534051550398
4522,4.702526443821883
4523,6.889639320958651
4524,4.663964581568959
4525,6.9177621845952775
4526,6.8331634311169935
4527,7.9632575742132135
4528,7.320531671543027
4529,6.87966599174774
4530,7.287630492118231
4531,5.145831561545459
4532,2.9083877576225214
4533,9.684723228185742
4534,9.509416019214399
4535,5.815014270881693
4536,7.5942841077348415
4537,8.346903697719663
4538,5.721140442801866
4539,7.102697956685811
4540,3.0470825670834087
4541,4.490065372570925
4542,4.15309310947539
4543,4.00835815974913
4544,6.33016028291704
4545,6.135337852931907
4546,5.579916287191027
4547,5.113066385700188
4548,3.791802216076994
4549,8.842688864576209
4550,7.148836134209617
4551,5.079732427988546
4552,4.428447326151499
4553,7.8747014880018
4554,4.290209084507732
4555,9.821590125338442
4556,5.401013066756275
4557,8.368073698238714
4558,3.3392895277066286
4559,8.000389251636852
4560,6.6311900951060085
4561,7.407687316613756
4562,3.519746340571685
4563,3.8904754883156762
4564,7.532023009119134
4565,1.8960881399014362
4566,8.030284731853346
4567,5.358751085186044
4568,5.234659206088381
4569,5.971315322491651
4570,5.858531101599873
4571,3.782136167026125
4572,6.667841628702303
4573,6.9273668263757555
4574,6.0853715604893805
4575,4.052330599922167
4576,6.10465145169116
4577,4.480542686811137
4578,6.26158757202341
4579,7.342965938001136
4580,8.467332679008441
4581,8.576570870137383
4582,7.956687717509108
4583,8.65045487180204
4584,3.8272696988921475
4585,7.168491539548754
4586,7.647743638388995
4587,7.53406333229182
4588,8.230210484810303
4589,8.296686040698377
4590,6.055138160425253
4591,8.111582608431814
4592,7.334102249736086
4593,6.643635903820123
4594,6.225039721480403
4595,2.6064309704743023
4596,3.8583769752286137
4597,7.080451837765187
4598,7.531950010214319
4599,3.5455589622953765
4600,6.931793804394303
4601,6.175754806053286
4602,5.2621718940440925
4603,8.267303814388574
4604,5.355347338314684
4605,9.274141071277864
4606,6.267043970486047
4607,8.275782931496606
4608,6.909658146657671
4609,7.169121091101614
4610,4.205920920519726
4611,5.510339813074092
4612,3.4381453574955927
4613,4.0599149571064235
4614,7.502714282079948
4615,6.736562783107021
4616,7.528128783119756
4617,7.799150498738643
4618,5.720859850948332
4619,6.524335318259074
4620,9.211964096045163
4621,6.816845621879187
4622,6.668359849725428
4623,3.745404157074571
4624,6.330604923244065
4625,2.4146889799139366
4626,7.076277220662142
4627,8.93934686394613
4628,4.708951200942998
4629,4.5567107885938265
4630,6.207393775662778
4631,5.194654772886711
4632,5.304030799351416
4633,8.367251313789968
4634,7.130746529137636
4635,5.462469397481498
4636,6.037260130742602
4637,6.291111052019572
4638,7.336114665577659
4639,5.2724028085064045
4640,8.727059086069984
4641,6.551163603191324
4642,5.526504526689726
4643,7.305133140640882
4644,4.775092383942608
4645,8.456575922942932
4646,6.4615885109841
4647,3.4426935495669264
4648,5.84080852577509
4649,7.318702347844986
4650,5.604477971286395
4651,9.169150458081262
4652,5.795214906740668
4653,9.391607804853198
4654,6.684944143148132
4655,7.894238293943731
4656,6.802099942701683
4657,5.340739928249431
4658,3.9198762818237234
4659,8.319288198487437
4660,6.854666003988522
4661,5.975157102356954
4662,1.7652704617507156
4663,8.393171206512921
4664,6.226671485968933
4665,4.119994614506774
4666,7.162099937517974
4667,4.673890931897818
4668,8.27143026578929
4669,5.230850246904351
4670,4.847428157131562
4671,8.195681375580472
4672,4.3049107432955855
4673,8.493651068513975
4674,8.769388605106986
4675,3.1339639643502344
4676,8.024529119172609
4677,3.3852365899332106
4678,6.075319762939465
4679,6.133812699736834
4680,6.244686863016089
4681,7.1155478637435605
4682,2.143550295843963
4683,8.040887483418421
4684,8.57311617345411
4685,5.6939290702115235
4686,7.89384117082493
4687,4.045087846012331
4688,6.693476031110187
4689,9.852097264238402
4690,3.9864767872616618
4691,7.283006422099051
4692,7.0987017870677676
4693,8.024126275989959
4694,5.499525883169084
4695,5.299951691465107
4696,7.505329913386279
4697,4.28000922673306
4698,7.7684119589196285
4699,6.873267781111108
4700,3.805465850640536
4701,4.9316815374026906
4702,7.237049801232816
4703,4.950089077125317
4704,5.02782106791693
4705,3.582029086068978
4706,3.3310852517732306
4707,5.175613491342087
4708,6.181197879779458
4709,4.332320987456707
4710,7.384517575827623
4711,5.216123983606087
4712,6.529092600923315
4713,5.094533896917515
4714,5.29987270152464
4715,3.882975623019996
4716,5.88542105128184
4717,4.184721397888664
4718,5.680110496467578
4719,3.9599896183965635
4720,7.414499971182089
4721,1.8998851677827928
4722,4.915008484485888
4723,7.703861725007553
4724,5.771987717557955
4725,4.335389528433363
4726,5.361840407905273
4727,4.204928245416459
4728,8.381723845276161
4729,2.3752868505759244
4730,6.671302889237589
4731,5.667899828564684
4732,5.6474262949446485
4733,8.457405710752655
4734,7.216154417661526
4735,8.14409540702134
4736,6.724210938238184
4737,5.623893816169053
4738,9.162091031664193
4739,8.54075633322507
4740,5.716362135724599
4741,7.219493510604325
4742,5.7467584977592026
4743,6.1917010263802545
4744,6.10611082396922
4745,5.75488550111914
4746,3.5280074252584357
4747,9.26408014908988
4748,4.91512774906776
4749,4.7513536241134045
4750,7.8529052391014975
4751,6.4227927941782665
4752,7.1180819956805665
4753,0.8442103861088375
4754,7.144087310032472
4755,6.70856935725989
4756,5.391129174759731
4757,7.917413262044699
4758,8.52924183458391
4759,4.6754571896552095
4760,3.738639176743777
4761,5.646433476490264
4762,6.563686199124303
4763,6.574669655570128
4764,5.035660101360817
4765,6.619163749022498
4766,6.607002001241656
4767,5.644788501003929
4768,5.0318301027555385
4769,2.830870818044498
4770,3.2081197264563803
4771,5.383690264670958
4772,6.8831201785355915
4773,5.853526486249352
4774,4.57567361891982
4775,6.793163097581248
4776,6.452228163568679
4777,6.817592444943392
4778,5.991313528472577
4779,9.225774339768794
4780,6.377461413476085
4781,4.592566489220847
4782,7.218553803044399
4783,1.9211348583781933
4784,5.095162420522895
4785,5.408835997281643
4786,7.699432990513339
4787,6.35918658963931
4788,8.846839039988993
4789,6.340748221779822
4790,6.245266432337405
4791,7.9980487960199
4792,5.2579715389688335
4793,6.462349008697439
4794,6.310053062748596
4795,6.35962946388671
4796,6.199602186651296
4797,2.825581513229678
4798,3.4527964483246847
4799,6.143760360479612
4800,4.938255543817701
4801,9.409800402028628
4802,7.414063251119522
4803,4.8156760704680135
4804,6.407275756734252
4805,6.30067497523198
4806,6.354688573143423
4807,4.662296692631636
4808,6.1577002384294515
4809,6.041185933154887
4810,7.088960595820007
4811,2.658370558411944
4812,3.839318803130584
4813,7.092306438769585
4814,2.825247071351213
4815,6.544158717527059
4816,5.4896149003921515
4817,6.499336156807611
4818,5.813467021439962
4819,5.147659563993566
4820,7.75204528257756
4821,5.700899000429129
4822,4.67349364885864
4823,6.630435377174278
4824,3.715801709742448
4825,7.9596965127172865
4826,7.32864097283535
4827,4.881700540318539
4828,7.8650085914910175
4829,7.043043117965733
4830,4.830169033532879
4831,4.7611161829777275
4832,6.749362669096387
4833,5.944104868631418
4834,3.4417347105788445
4835,4.553483200663555
4836,8.404693621739993
4837,5.097711224950798
4838,5.558159213405947
4839,7.895481934701086
4840,5.883411539372558
4841,1.6998761696278204
4842,6.800646456089474
4843,7.970985407671796
4844,7.2716534731980245
4845,7.762122544862201
4846,6.808745765016225
4847,5.278765252174365
4848,5.661016596902488
4849,3.309203981554206
4850,1.5967426731466685
4851,7.739113472100177
4852,5.830854277393167
4853,4.192291728320276
4854,6.9773904345956534
4855,5.318471859415266
4856,2.8004009644998655
4857,6.527403277789327
4858,6.078546101476631
4859,6.532977092311915
4860,8.910022611082436
4861,5.787199282429408
4862,5.6306332724932675
4863,4.644186442751232
4864,6.692981630987646
4865,7.262929946758786
4866,2.139915904607031
4867,3.387158737993469
4868,6.0726480340843825
4869,5.416670496591079
4870,7.271144955732512
4871,6.895565345319187
4872,5.665753362483075
4873,4.624462179693066
4874,5.244514332499039
4875,6.871541785893501
4876,9.079002209359412
4877,5.704355985147084
4878,4.593846168224592
4879,5.77394337698153
4880,6.92698578441387
4881,8.734418293154345
4882,2.379095971920935
4883,5.00722827367364
4884,5.745760896900625
4885,6.92552259377715
4886,4.307293152823019
4887,9.685331130313916
4888,8.541521123552986
4889,3.737630188834003
4890,3.790544959605114
4891,5.583470447937147
4892,5.6031862142806546
4893,4.712982947238042
4894,5.0069284222418435
4895,3.90175840028555
4896,5.727026477312654
4897,8.079120374997874
4898,7.640054081321031
4899,7.266754452441569
4900,6.356934218826752
4901,5.251506517381469
4902,6.173199877874488
4903,5.289087762608883
4904,5.631719105162548
4905,5.854579256157902
4906,5.244672569469784
4907,8.420108047668169
4908,1.8194972120832342
4909,8.057363869075356
4910,8.133303033805433
4911,6.18810109717585
4912,5.7981254293424245
4913,6.919069568777346
4914,7.529463911471225
4915,4.947468900009734
4916,3.8191957511749024
4917,5.908016134548845
4918,4.293448817209306
4919,7.3884434021589245
4920,5.952333440200775
4921,6.8042187396326925
4922,5.331432236512553
4923,5.677756385832483
4924,7.902376999804422
4925,3.1088221736937753
4926,3.2706562178778276
4927,6.187282130556587
4928,5.498648268420416
4929,4.623531442463347
4930,8.54733436356359
4931,5.486139204473254
4932,6.342155322127008
4933,8.3310424567266
4934,4.570095437525697
4935,7.858842188956056
4936,5.0346367828108445
4937,6.789651995095494
4938,2.4787289844731277
4939,2.5576172795380017
4940,6.137158924726238
4941,5.271154991433444
4942,4.366203344664215
4943,6.088958664466455
4944,9.028402825452039
4945,6.383711448188562
4946,5.530784365357536
4947,7.986938524726023
4948,1.3115117839438835
4949,5.6222903579590895
4950,2.706598988808885
4951,7.755425190623417
4952,5.346614853654947
4953,6.222759857351517
4954,4.9262383071253115
4955,5.333884421854961
4956,6.657284546036122
4957,7.477422346919594
4958,7.136323694137664
4959,3.3163113035354512
4960,5.905196555472231
4961,2.8393114485555597
4962,7.881703132274071
4963,6.091959412503354
4964,4.394511197146548
4965,7.364411588900604
4966,7.437424595962497
4967,7.5677867427408145
4968,2.673309277773476
4969,6.262381256917918
4970,7.284483331931933
4971,5.471774443302508
4972,4.91728442727671
4973,1.2448081731214877
4974,3.206974862321838
4975,8.352046849854537
4976,3.1024172031486934
4977,7.908298018950758
4978,5.829054750762891
4979,3.2171822964139793
4980,5.86049576525431
4981,6.1078670288578625
4982,6.748009132368987
4983,3.815619528027631
4984,8.067711386525287
4985,5.280090642653322
4986,7.531733243264535
4987,3.8581129569591623
4988,3.349598316090342
4989,7.128714244340014
4990,8.166520081018348
4991,6.148318465496063
4992,5.70040674677091
4993,8.18132862259741
4994,6.282734467361563
4995,6.864126793776224
4996,7.401643767948945
4997,4.5651714683015765
4998,6.1850856579590765
4999,7.325189701723858
5000,4.908911097342325
5001,3.520124129710291
5002,5.143534339851184
5003,5.3822432852354485
5004,5.99976031432547
5005,6.695307609557024
5006,4.863337445890835
5007,8.087900580908101
5008,3.5970559158388484
5009,6.341864425116499
5010,4.350227953234753
5011,7.270928275937922
5012,8.176891735009795
5013,3.4846001945770575
5014,4.536092255507256
5015,6.149666323737643
5016,6.584830488033488
5017,4.677532407703087
5018,6.527915625865222
5019,7.685870534026347
5020,7.687857380718673
5021,8.515437853580627
5022,5.719308605593225
5023,4.947147021334596
5024,6.820357334066708
5025,3.6213470393391467
5026,7.575162762468397
5027,6.232947160609812
5028,5.1482204692976925
5029,4.3852857071459255
5030,4.000717847832711
5031,7.3508166481133115
5032,8.860408858592583
5033,6.480428854918735
5034,8.918953250689219
5035,3.4496184877161
5036,5.782011981703578
5037,7.4286502590773384
5038,9.97276809484604
5039,6.35293219444787
5040,6.212070020486627
5041,4.660343643142203
5042,7.773693523825072
5043,8.30273491249736
5044,5.453302986014981
5045,6.2994932123496215
5046,3.9057372430652775
5047,4.204254795338741
5048,4.570627092895526
5049,8.55026799118704
5050,4.1146906979024305
5051,4.18550088510864
5052,4.915992088897966
5053,7.3524868428787205
5054,3.2064781523070307
5055,2.030887934469768
5056,7.251417071502942
5057,5.851611192321399
5058,5.656488563753856
5059,4.7540332599117985
5060,5.655904124152958
5061,6.317171146173761
5062,7.036659938727425
5063,2.0673632136544393
5064,8.967457513755084
5065,7.666817900189711
5066,5.763253253876483
5067,5.970441667375605
5068,8.702947146887329
5069,4.598864846278781
5070,8.668565527044574
5071,7.615466384694145
5072,7.043999296253095
5073,7.731047847398142
5074,5.023131218783587
5075,4.749575273560476
5076,5.7870619792216
5077,4.164974958624365
5078,6.228192656377653
5079,4.064865025353806
5080,7.412284150791746
5081,7.489192002130963
5082,3.85332855832126
5083,6.953349631794478
5084,4.007626019441494
5085,2.316458635778826
5086,5.652806658212168
5087,3.671876452179677
5088,7.850994292383402
5089,5.713825780733947
5090,5.688536230090213
5091,6.045290631056877
5092,3.783292738715319
5093,8.35586718908781
5094,4.817517562749482
5095,4.8594805991165275
5096,0.7169786208258655
5097,4.615166408856104
5098,5.558067709132098
5099,8.579588044422412
5100,4.585990601118267
5101,6.193288904347951
5102,7.907628319432531
5103,5.736890885355192
5104,9.062577284332685
5105,2.6121442671812893
5106,6.212859764932172
5107,5.89443657004324
5108,4.863584710190041
5109,5.385412990711008
5110,6.382783902251552
5111,4.7980705500448595
5112,6.748015107185736
5113,6.354062997271072
5114,4.552141526881516
5115,1.4852183786752935
5116,9.101532783080284
5117,6.277710658373074
5118,4.621319480697903
5119,4.028831419394999
5120,6.397443139096156
5121,5.805825365887079
5122,7.310620613395699
5123,8.047323978119199
5124,6.727508656956568
5125,4.374293945322275
5126,4.26282006590185
5127,5.341285513673505
5128,5.655768281849836
5129,7.619694557613322
5130,6.24381852962169
5131,8.761762395225208
5132,4.2972230400216676
5133,7.7590873666845095
5134,4.494742839285539
5135,2.97324257204272
5136,7.518324956079411
5137,6.319016774754358
5138,9.128603667878284
5139,6.2880002629365395
5140,4.984751117377252
5141,0.00132549068570078
5142,5.98448137637727
5143,3.9409630659783614
5144,4.869153480221328
5145,6.958692447169886
5146,5.41486612347181
5147,5.2883206282752955
5148,6.003192752676486
5149,3.4876143772116954
5150,5.256211045998992
5151,6.775819627146062
5152,8.77664029199342
5153,6.997334903649355
5154,5.975657557378757
5155,5.599513799885912
5156,5.233110305198859
5157,7.054532903610907
5158,4.167154472342434
5159,5.283747002650131
5160,4.006489764422417
5161,3.903821061114022
5162,7.620364035985835
5163,4.390782930950349
5164,7.637589477156236
5165,7.968064074557721
5166,7.546490933988866
5167,3.3480314282925243
5168,9.63507254530407
5169,0.8469861068715561
5170,6.196048729279893
5171,4.9509796124274725
5172,5.815199077988092
5173,5.2947293783962674
5174,5.833629071025282
5175,4.913982119275042
5176,9.350509801573907
5177,8.730755303498956
5178,8.07245187963128
5179,1.03255270487344
5180,5.7000320700413045
5181,1.1132068144834375
5182,6.435231043653621
5183,6.481505855625706
5184,7.3162226382179965
5185,5.324084878025724
5186,5.098681842554638
5187,6.05767383580521
5188,5.192430473657077
5189,2.8473586769626396
5190,5.951769253057222
5191,5.745725519870234
5192,6.196980950845657
5193,7.591179687068444
5194,5.435334559584783
5195,3.3394894958739174
5196,4.2981821750511235
5197,4.28043316904685
5198,3.7692549437260636
5199,5.478129395501069
5200,5.479421913577637
5201,6.014133134834419
5202,7.38264342021574
5203,2.872697578303669
5204,5.293371519049886
5205,8.961645860895654
5206,2.6791281200053896
5207,6.745550823049243
5208,4.2595639282473226
5209,3.644370599058692
5210,7.228342269713859
5211,4.795052316423093
5212,7.558943936845337
5213,4.451037370034177
5214,7.005545447357427
5215,9.224164389220205
5216,8.436006576107363
5217,3.191467035851459
5218,7.064199741139477
5219,6.472202608105218
5220,5.899895005026783
5221,6.687267365711039
5222,2.8785602203710816
5223,6.475838090320146
5224,7.3146008531035225
5225,6.956146642272971
5226,3.6629595273572235
5227,4.980898971716236
5228,6.943216861387102
5229,6.257778078028332
5230,5.7341357158920685
5231,6.2549821874450675
5232,6.554152490236116
5233,3.6748433217995333
5234,3.628902151193563
5235,7.754711878322874
5236,5.302818052775507
5237,7.238975113105961
5238,6.857340818609032
5239,6.691291597399565
5240,4.741364950060694
5241,7.452688452967941
5242,8.810505620920557
5243,3.6370392026723666
5244,6.0249185896006505
5245,5.360531953212901
5246,8.112089089737026
5247,7.872248085339898
5248,4.425445924105402
5249,8.538733902636485
5250,6.997281438957495
5251,6.551234332514687
5252,6.369784057941589
5253,6.9181468050033414
5254,3.364109981704927
5255,5.621242573994449
5256,7.446671496078584
5257,3.0999485049472026
5258,7.399384888380372
5259,3.972457051236539
5260,4.09092915373732
5261,7.900298011374606
5262,3.712614332122455
5263,6.405563819860353
5264,6.6491345383631515
5265,7.45211662653016
5266,6.239219735874488
5267,6.911461243668072
5268,6.259081713729595
5269,6.070539906410684
5270,10.0
5271,6.191912150580961
5272,6.632566319589515
5273,4.8530139321971735
5274,4.729108440826564
5275,2.9201366783353877
5276,5.08905651150464
5277,6.027094266722416
5278,7.43344320982739
5279,7.64078016044332
5280,4.822139343326772
5281,5.997343388150004
5282,8.000744189001605
5283,2.4438476975870174
5284,4.765949365524131
5285,6.13716076896197
5286,9.213510885448835
5287,8.628634522231796
5288,5.666911052585193
5289,5.826795493838878
5290,6.379043697780121
5291,5.478971222192593
5292,7.193185073626229
5293,5.660770954227323
5294,5.4142799896244
5295,5.336433782129876
5296,5.723127360254383
5297,5.792670868898037
5298,6.378130474460586
5299,9.169815709008075
5300,2.2338128705918705
5301,7.470719426802802
5302,4.283828074407458
5303,3.472745234592749
5304,3.643880431472607
5305,7.81073280321038
5306,4.3140624204401465
5307,1.9116445411859164
5308,7.721583996955539
5309,6.142313393117888
5310,5.162568929755886
5311,6.522215935815511
5312,6.344722486908154
5313,2.340077082719808
5314,7.122358161701771
5315,5.246377247274812
5316,5.795775235175819
5317,4.002716468704105
5318,5.098716611422271
5319,3.9881681979969086
5320,8.41129517507158
5321,3.0809157569737633
5322,6.128903009664678
5323,4.880319401102825
5324,6.6393873528459295
5325,5.577862498143121
5326,6.440751608751233
5327,6.213908991989993
5328,5.548612008687023
5329,7.414853046043906
5330,1.6747686107037385
5331,7.857276550286682
5332,2.0397535229347223
5333,4.348637729834062
5334,4.729542903144948
5335,3.0862791767599305
5336,5.85948205900343
5337,4.45263809891468
5338,6.565840918320847
5339,6.3648585569087945
5340,7.584450268147178
5341,7.659817550513649
5342,2.6208453027489496
5343,7.5035333502729715
5344,5.441755291462544
5345,5.631539107415923
5346,5.136560240486249
5347,3.419570061147674
5348,6.647002387534886
5349,6.825923748485548
5350,3.7255002945545757
5351,3.852610994358075
5352,6.371122796617327
5353,6.920806906618165
5354,6.731337188834336
5355,6.151541862434708
5356,4.966207375082382
5357,2.472235820807124
5358,9.049467819315762
5359,6.697533714700564
5360,7.042853516944282
5361,6.507014270051263
5362,7.296030905962491
5363,6.889620037654142
5364,8.698630500422379
5365,1.1024846704124118
5366,6.916114353987257
5367,6.08003536708519
5368,5.341941471139241
5369,1.803500574022395
5370,7.828602421128227
5371,8.099369892856313
5372,8.47233059352887
5373,2.046804190894436
5374,4.968346676269884
5375,6.281246973062784
5376,8.353815026408432
5377,4.3743032076359425
5378,6.161073575996175
5379,7.376728063084703
5380,5.144394924227976
5381,5.357479451094524
5382,5.506668356001318
5383,6.6704167301225805
5384,4.678975490152196
5385,7.439283542197961
5386,4.410358539181191
5387,8.06314690418608
5388,3.638732333404353
5389,7.314951651417871
5390,7.074500437994655
5391,7.580012327027147
5392,6.138831402415367
5393,8.844534403794933
5394,6.334601078198878
5395,8.907579606147133
5396,3.444726953468179
5397,1.6683244943086106
5398,7.071813761983546
5399,4.218565515723102
5400,3.4641289826825514
5401,6.477957787935746
5402,8.239614187683104
5403,3.035820490761137
5404,4.339363337308289
5405,7.656478133549297
5406,6.568882927619673
5407,5.779761212328489
5408,5.256524876890352
5409,6.884373909113025
5410,3.9413869196656632
5411,9.986646043058801
5412,3.649285162928591
5413,7.323875035569465
5414,8.450289361996656
5415,6.405094454118105
5416,6.75201680739381
5417,7.69674836131165
5418,4.311484984655887
5419,5.117193320634412
5420,7.46344483351028
5421,6.736719298366377
5422,3.8773595073004694
5423,5.181373235195009
5424,5.088230501221932
5425,4.549002538745955
5426,5.609476893391924
5427,2.5381458850067626
5428,5.942628665264172
5429,8.559349543980588
5430,2.66362732902048
5431,6.2181452683594625
5432,9.057180159514605
5433,2.9379345350111192
5434,6.049963172094598
5435,6.692085371136497
5436,4.160400699170363
5437,4.666950977744412
5438,4.057694034070815
5439,6.107286387403676
5440,4.045497770582874
5441,9.218129249837897
5442,7.7050567997114
5443,7.457922763616322
5444,8.402615973778364
5445,6.166417677720357
5446,8.161587511297425
5447,3.9244014100186035
5448,7.5419937546775015
5449,6.9746631453712356
5450,3.255329427839398
5451,6.699049384888534
5452,9.876722842782007
5453,4.427464427859401
5454,4.942200633653111
5455,2.849370965971031
5456,4.527575024858008
5457,5.2709363041652155
5458,6.979758258269686
5459,5.476710256254933
5460,4.136779612196345
5461,4.702187661090493
5462,7.164271010718421
5463,6.302290549441649
5464,6.755080963194736
5465,5.7117973137744995
5466,4.989320628118987
5467,2.5569432514780215
5468,4.545199555391887
5469,6.488399325577639
5470,2.8692863876905466
5471,8.921115709502374
5472,3.273083452624635
5473,7.568070604533614
5474,5.7931298042447805
5475,4.9965678340555515
5476,6.053158541340255
5477,7.809289123472432
5478,5.874514677902778
5479,3.5693314287223252
5480,5.219109435561767
5481,8.77600401578141
5482,6.323248042434363
5483,4.521714938390927
5484,7.370805446987522
5485,7.454228597608129
5486,6.006374747658339
5487,7.602738981592518
5488,4.546769922037685
5489,5.31109834520625
5490,2.1118034526871696
5491,8.828204176916751
5492,2.4576637562901733
5493,3.603651161980559
5494,8.224600104958137
5495,4.250419176333588
5496,4.555026251196848
5497,8.366709924414149
5498,7.046664179551479
5499,7.546580282012558
5500,4.949367380271492
5501,6.288767976343946
5502,3.8117341421581656
5503,7.697668043010745
5504,4.299981194281868
5505,7.330670597346232
5506,5.4462692580008625
5507,6.438313696577403
5508,6.44770831086449
5509,4.330924663558608
5510,9.025231576600593
5511,7.396423083832245
5512,7.067974697930879
5513,8.795884117476323
5514,5.587767449057536
5515,8.35436829902524
5516,4.692663979392821
5517,6.65802065910222
5518,4.320719121837315
5519,8.603240019220019
5520,4.339901378752435
5521,7.657174677192477
5522,4.060704295775528
5523,6.918102407163806
5524,2.9619237096031505
5525,6.035927706452405
5526,6.530897523619773
5527,6.530807294539379
5528,6.26660320992073
5529,6.479972133981702
5530,3.871553297522528
5531,6.132500510325097
5532,5.3817122137390525
5533,6.684346294526748
5534,6.724123951355009
5535,7.343855068134538
5536,8.79496097643047
5537,6.818378619156496
5538,3.552428536892074
5539,4.080626953937971
5540,3.0263843361169647
5541,5.367713501913623
5542,4.991132115024607
5543,7.078433426097054
5544,5.50543591448983
5545,7.522330403630205
5546,4.017873583039902
5547,5.8684158908313595
5548,5.715330963659098
5549,8.042013063786396
5550,5.50928960760375
5551,6.2272185453500795
5552,8.39965871173835
5553,3.5168699759159203
5554,5.990959041664861
5555,9.301897940327331
5556,5.872540326322488
5557,6.76406692797484
5558,3.498431881622487
5559,5.425492336413318
5560,3.7842676346515427
5561,4.384067266758276
5562,4.783031624906025
5563,6.77370292888053
5564,5.738386109124488
5565,4.6499253447408675
5566,5.95340342004997
5567,3.8122931530130457
5568,8.049638310768461
5569,7.496214445213825
5570,3.4900338083163853
5571,3.929563237645211
5572,5.727604092880606
5573,5.873329988643386
5574,2.6061664318544815
5575,9.730474036074929
5576,6.952807826268357
5577,1.603061275784129
5578,6.1513437377693405
5579,9.530148942746138
5580,6.422639504391631
5581,5.86338452592571
5582,7.229664696341156
5583,8.641970126874853
5584,8.245824324346643
5585,5.732414428928115
5586,4.584268380297994
5587,2.587367154689677
5588,9.988033324380222
5589,7.128466990137822
5590,6.781198287660656
5591,4.93997522991563
5592,3.7919200327886164
5593,5.8471488845648505
5594,6.564583720847347
5595,5.665203114972372
5596,4.041675394136418
5597,7.7414136290576305
5598,8.239588720142173
5599,5.645099356916019
5600,4.7800237810319635
5601,4.991381986398064
5602,3.5209009760849233
5603,5.248553019061571
5604,4.934603712888846
5605,7.210851473627588
5606,4.930765218391964
5607,3.5276575502601815
5608,8.379838279904764
5609,4.335202359853623
5610,7.277910441286974
5611,5.054060264342464
5612,6.793982949426615
5613,5.844350739021567
5614,3.332708996447471
5615,5.611749224884898
5616,6.842616597905327
5617,3.941974020522946
5618,4.2623216965427275
5619,7.313389546350427
5620,7.89689693217894
5621,3.8551331019384234
5622,6.735995357446106
5623,2.7786729263440617
5624,4.8001592124160135
5625,5.5228943381464735
5626,6.461010104167713
5627,3.4415598166278287
5628,7.76925531180643
5629,7.64849191195235
5630,5.234258509575746
5631,3.100446221199342
5632,5.185177114359742
5633,5.904142004770131
5634,6.9412421577791905
5635,5.616575418424705
5636,7.053699201259287
5637,9.32481561513245
5638,7.007045785110327
5639,5.449383415776999
5640,3.546777273959209
5641,4.23167171515449
5642,7.6149556540813705
5643,4.674755934388825
5644,6.199998359902176
5645,1.6336934248268051
5646,3.7081041520358924
5647,4.816822406678678
5648,5.161099859205655
5649,2.8142163734320875
5650,5.874681858525852
5651,3.266029132504219
5652,1.89388633795447
5653,6.680402541233407
5654,7.1609847148786985
5655,6.173483361367064
5656,8.468865770495977
5657,1.250859243878003
5658,1.7915925265955053
5659,5.397517551014078
5660,8.11970220760807
5661,3.840132301108601
5662,7.9584378342183815
5663,5.887525690811783
5664,6.064700973768423
5665,6.73509920683585
5666,1.3694144978057703
5667,6.9935532239166704
5668,2.077804816187535
5669,8.970541423126878
5670,4.263503390838141
5671,8.289640363336853
5672,5.141849451753808
5673,6.652869723161035
5674,3.4065287789902974
5675,6.325062688138229
5676,7.27550280379346
5677,6.70387427167141
5678,7.030335451248561
5679,8.780498197102935
5680,6.78413029614858
5681,3.5171454053109352
5682,2.0641697975027427
5683,8.439197039850772
5684,7.151809866815856
5685,5.575855971140687
5686,7.830776422130038
5687,4.396505522251727
5688,6.574248359921915
5689,6.107188429669996
5690,6.666910179002779
5691,6.5654545995296925
5692,8.183062521112452
5693,7.173092971642044
5694,6.512878263985163
5695,4.184786164842111
5696,7.059543171463747
5697,3.7169917377383626
5698,7.036696278122467
5699,4.854957384290886
5700,6.9754424376312585
5701,1.6871611394469999
5702,5.199671232982451
5703,4.643537689458732
5704,5.954807188906723
5705,6.220075073505366
5706,2.15319401456951
5707,6.960620482492042
5708,8.27346728047956
5709,6.975320731068446
5710,7.413057722474453
5711,6.290719924459224
5712,8.454948183522385
5713,6.49584926123749
5714,6.287584312581918
5715,7.036837848321211
5716,1.1740003280861755
5717,6.250701970138732
5718,2.789244291348589
5719,6.36672137851393
5720,5.149576709385317
5721,3.9849554133746743
5722,8.700661669487983
5723,5.09098776877907
5724,4.282940203499605
5725,8.38048183664117
5726,5.098983354809543
5727,7.668074618562396
5728,5.3355430266265795
5729,6.490646417233981
5730,2.6118108954940653
5731,4.296998929825574
5732,6.665117240971038
5733,6.69784431355009
5734,7.477818185639029
5735,4.741210519347483
5736,6.6703776922922104
5737,5.573771472888981
5738,4.919830591884395
5739,4.186839655253081
5740,7.558527289698221
5741,2.915039548174076
5742,9.612535649346347
5743,5.648596451646794
5744,5.02296897163648
5745,7.106752633307306
5746,6.249604498155351
5747,3.343417345479684
5748,6.516047025108515
5749,4.828998917419787
5750,6.172991265264534
5751,5.455572647003061
5752,2.8075133882379477
5753,7.585155553376987
5754,5.9141719293602995
5755,6.8007202800111966
5756,1.405373858040262
5757,4.6711596761479255
5758,6.519088579732683
5759,9.431964273639796
5760,4.981343724642
5761,6.230052042779822
5762,3.8057672586798645
5763,3.638319881588715
5764,6.698266546494236
5765,6.683099585939578
5766,4.275445775155529
5767,7.808660958140933
5768,3.23352889574401
5769,6.861574994448313
5770,0.1290285086874992
5771,4.885639326289733
5772,7.925598973580593
5773,4.691587647752327
5774,6.527847040114205
5775,5.537726440300332
5776,2.9958386710792153
5777,5.827320518192075
5778,4.572683370223418
5779,8.1290016079431
5780,5.46494555640272
5781,6.251153896703946
5782,2.3882334130647505
5783,2.8684909357168804
5784,4.695849253993192
5785,3.2091668608438964
5786,7.74094626265275
5787,7.611870632216808
5788,7.4805749017432275
5789,5.972652035977726
5790,8.48964703592523
5791,4.105196387368125
5792,5.4878544057427865
5793,6.941726272130907
5794,3.6241387846234807
5795,8.938279789310572
5796,6.058607548328974
5797,9.693124802689926
5798,8.6659580822102
5799,3.9611114988463214
5800,6.631379899112379
5801,5.251010378140332
5802,6.075655557800866
5803,8.300574845290996
5804,4.441193532337712
5805,7.898249600063428
5806,5.729218377925992
5807,9.488056729512103
5808,7.25604884740887
5809,5.744061030032985
5810,7.256433951559599
5811,5.304687749154243
5812,6.385955268128319
5813,8.831278651613834
5814,5.308581400375315
5815,4.901781948840532
5816,6.654604388397066
5817,7.136455922705542
5818,5.579521525767691
5819,7.759282328485599
5820,7.928208031149376
5821,9.055370536240801
5822,5.941110940825142
5823,6.88232959719886
5824,7.048236361607003
5825,7.6718045858811195
5826,9.322141602931985
5827,4.768383374408824
5828,8.682186124099097
5829,5.15358501482901
5830,3.1565002179794615
5831,5.5918046927658365
5832,4.1175233916263085
5833,4.697880377580607
5834,6.08347581627577
5835,3.2752656798014
5836,4.575056336133294
5837,6.536115356664799
5838,6.404759539087545
5839,8.03281361519183
5840,4.986588242531306
5841,4.795373567058523
5842,7.635137356947055
5843,8.505200454074142
5844,8.593528848107715
5845,9.073923609934646
5846,3.3764114189798855
5847,4.757549733519094
5848,7.612640316062627
5849,5.838203535028196
5850,4.560976756108287
5851,5.626500106046956
5852,5.503347103807995
5853,6.920894943820642
5854,6.932344278637288
5855,4.647980116186925
5856,7.106844411411468
5857,6.560177041778266
5858,8.779827864956493
5859,8.331108711906017
5860,6.322308161047823
5861,5.525241890906684
5862,5.344680420693398
5863,5.42788446020357
5864,8.85581922035157
5865,6.5041977042295
5866,2.52341460863776
5867,3.4582874262373133
5868,3.5604242355577123
5869,6.527214710502243
5870,2.249306184576112
5871,5.662852056244506
5872,5.588825215682344
5873,7.274253517835414
5874,6.841377939379237
5875,6.470739855768407
5876,3.674415747802604
5877,6.468829576853805
5878,5.6782563076514165
5879,3.506073276646157
5880,6.308463511906182
5881,5.48290459978433
5882,2.4137794303652336
5883,4.6145911495616065
5884,7.089681533437108
5885,4.539145978475267
5886,5.582060790440343
5887,7.7179557038474105
5888,9.259940295127123
5889,6.1436998620964065
5890,7.002408729998099
5891,5.14652835159314
5892,6.488985577533491
5893,8.553886560225276
5894,5.757199209977154
5895,7.841395092424156
5896,6.004679708824876
5897,3.9888662630035916
5898,7.268659186915029
5899,5.733112284205051
5900,6.721007220576054
5901,5.799803356188721
5902,4.431067043515049
5903,6.639687985294382
5904,8.723382532978198
5905,7.205811372668246
5906,1.3548499517618091
5907,5.58109797700155
5908,6.633066440647705
5909,4.222176756783847
5910,2.501947574364126
5911,6.1705965193286385
5912,5.516899118370501
5913,6.693445387564788
5914,4.243085685023811
5915,6.979118535666849
5916,7.4466256445883925
5917,8.497461731022472
5918,6.626122297729106
5919,4.114455145591189
5920,7.300206692441179
5921,6.499804512584926
5922,5.843135543967568
5923,4.929878640128136
5924,9.895568860315318
5925,8.752909849963338
5926,6.3514360546062445
5927,7.516017239237129
5928,4.141893562052454
5929,6.463605912790373
5930,6.719486523927316
5931,7.361829671784522
5932,7.98406558301803
5933,4.888816310529779
5934,7.964180083485961
5935,3.783250947701859
5936,5.664070950329274
5937,7.151494412197482
5938,4.837736458430487
5939,6.421268202188523
5940,7.650856853200199
5941,7.40614459205882
5942,3.8632388221929794
5943,5.8746147964565765
5944,7.397859480713929
5945,8.720441829670122
5946,9.726046406741307
5947,4.623298454055177
5948,5.186752222493771
5949,4.502041678014995
5950,0.10979421137820056
5951,5.941928141454552
5952,4.11282382207334
5953,4.831151693895
5954,7.74658411634852
5955,7.406257830507277
5956,8.87701621576878
5957,7.982204010385286
5958,5.655995099716431
5959,5.839353614937014
5960,5.134260311635368
5961,8.048857454102428
5962,5.049841985192685
5963,3.9229843628216097
5964,4.310956977693341
5965,5.699874352041815
5966,6.522465503330942
5967,8.453969481428999
5968,3.1171877775720653
5969,5.021781397178434
5970,4.829990057797081
5971,5.4575575403385885
5972,8.904555415574912
5973,6.282058659479148
5974,5.883625377691103
5975,8.030289702266419
5976,7.440798360807966
5977,8.764166879133516
5978,6.27897481217943
5979,9.317161319015666
5980,4.908826902655693
5981,7.2602111499946105
5982,6.4645357159684425
5983,7.546097003646176
5984,6.51918735033429
5985,7.69587549531118
5986,6.715907264710053
5987,4.925895308530487
5988,5.318009798635716
5989,4.797669339567887
5990,6.408182715323768
5991,9.104152012395872
5992,5.777268089727876
5993,7.581339975055258
5994,4.192315396398902
5995,3.1479776517804803
5996,5.70239949981057
5997,5.847458998656808
5998,6.270900710320328
5999,5.345838481196134
6000,6.109779837385483
6001,7.539071068201518
6002,6.176808912949435
6003,4.588424120915573
6004,5.016278084961871
6005,6.105081120847452
6006,8.953421229822965
6007,8.563144399833359
6008,9.312556541405806
6009,5.2529423114783995
6010,7.237491779514569
6011,6.0745509243911275
6012,0.955252025890587
6013,4.139354266206086
6014,5.7627833810437865
6015,6.300803343785453
6016,8.412688766504226
6017,5.572691083826195
6018,8.567207754621332
6019,8.054403702065002
6020,4.079962126394944
6021,8.962576799578997
6022,6.597094275679756
6023,3.8646624026970153
6024,4.5482620350847025
6025,6.079323474674018
6026,8.302731083651455
6027,8.537190451186984
6028,3.8443246305654135
6029,7.489699382180149
6030,6.433920421272511
6031,7.724355804844571
6032,9.948217969973
6033,6.575671513676875
6034,4.929469821275164
6035,6.293346662235024
6036,8.75101681674356
6037,7.831344135519029
6038,6.514952608595772
6039,8.339706726170796
6040,3.782918712208287
6041,7.462125214168966
6042,7.332006026982621
6043,8.954121984877123
6044,8.346025050213049
6045,6.339805183821843
6046,6.505517644775637
6047,1.5929496240008068
6048,3.8157219932146376
6049,6.79961509334232
6050,8.263279851005743
6051,3.8287108382207196
6052,4.746271418195786
6053,3.2398353276484335
6054,7.361389463619574
6055,5.016395772144221
6056,4.097353212678976
6057,5.1546834214846475
6058,8.796929447753907
6059,4.454915727708655
6060,1.583358795814737
6061,6.78638841735301
6062,7.584801916156555
6063,6.443061276329173
6064,5.405751271473385
6065,5.453274866885499
6066,7.09636755781974
6067,3.8385057467096155
6068,6.998801676314128
6069,2.22030127581606
6070,4.079843921457302
6071,6.3485042486937555
6072,5.436326427472214
6073,4.294275715510934
6074,6.01278624858598
6075,3.199486597161281
6076,6.209872626700445
6077,4.739888339735576
6078,6.574911478004684
6079,2.970293042809286
6080,3.5435312665380962
6081,8.590166688050111
6082,3.425752802700854
6083,6.561418868666335
6084,6.470571097364503
6085,5.3596796184138595
6086,7.890971838686582
6087,5.27200687330768
6088,4.7529086013115425
6089,5.651540155377333
6090,5.453982827580749
6091,5.156952252946468
6092,6.459613822038618
6093,6.347052899616068
6094,7.517266447276684
6095,6.603532064616002
6096,7.802831027004041
6097,3.8636246714725018
6098,7.559664690766257
6099,8.330170210547806
6100,4.866298064850795
6101,6.334541527095858
6102,5.664298309389347
6103,3.6282660228756294
6104,7.388616901873958
6105,7.874024489628651
6106,6.610685939858747
6107,6.914097113435361
6108,5.670733951581858
6109,9.109948889897344
6110,3.041092722879641
6111,5.968727903039957
6112,5.2754034546419195
6113,6.178765425640565
6114,5.053552584509274
6115,7.238159462381748
6116,5.02968425631423
6117,8.323308474037617
6118,7.8689986313584726
6119,4.999467676829157
6120,4.412920458597531
6121,8.637114319071468
6122,3.653064641942863
6123,2.9057111564236555
6124,6.801202608739954
6125,9.799424242306044
6126,7.908284955204687
6127,8.599777596194475
6128,4.451333114102255
6129,3.443207099822755
6130,4.897795948229051
6131,6.677415825773464
6132,4.75836366134059
6133,6.453675234583467
6134,7.805518200344092
6135,2.9168941202686756
6136,4.032408490441609
6137,4.509208383983468
6138,4.4521660411594475
6139,5.083034911625564
6140,6.31539750785962
6141,4.527164399830376
6142,5.675975938169695
6143,7.886670309032924
6144,6.016885503520389
6145,5.253912928361581
6146,6.976728724664499
6147,6.78166036730192
6148,7.491452543409094
6149,4.653461101524108
6150,7.983240672039345
6151,2.8173356392685607
6152,6.887988732882036
6153,5.891970242655438
6154,6.13612318556792
6155,9.384854397015552
6156,3.0279718547538756
6157,6.248198948014696
6158,5.188444712222568
6159,6.086650404787113
6160,5.202022721999496
6161,5.3865762546891816
6162,7.511763801191226
6163,6.370778389363656
6164,5.279797888634263
6165,3.5952801494550513
6166,6.603896115832986
6167,6.951080435758098
6168,5.938686259420551
6169,3.6962120977002675
6170,6.5485210869109265
6171,4.12448132844119
6172,4.810513564113861
6173,5.493020527995064
6174,3.6979095137960463
6175,5.748879905380214
6176,7.760600573074581
6177,6.9149749036542945
6178,7.79470669309995
6179,9.111835289980586
6180,7.521118527492744
6181,3.277650246707008
6182,5.042319793457464
6183,1.9464135094432742
6184,4.2437041396201955
6185,3.923872587522999
6186,7.68955653625307
6187,4.249732528806499
6188,4.4570184554669785
6189,9.762750767101352
6190,6.982877296251084
6191,6.546613274337406
6192,6.311739984304071
6193,6.758345516347148
6194,7.227280264140712
6195,2.308348389211362
6196,4.6910620384713635
6197,4.775362618075217
6198,4.7154586735207
6199,7.527175815405322
6200,7.93824981532816
6201,5.4433506226240755
6202,3.7039943767611705
6203,4.49881151515004
6204,3.170704330721536
6205,7.7169334357485795
6206,7.090461112848203
6207,3.98021607665065
6208,7.867970350406329
6209,4.204077857806981
6210,5.032708951396808
6211,4.361259536170935
6212,6.116177155380687
6213,7.305510410170409
6214,5.912332514294389
6215,4.375996544331227
6216,7.628432014288583
6217,8.790381671987657
6218,4.436572001573763
6219,6.378986185884221
6220,3.64093001731638
6221,5.687728194322596
6222,4.45228195302311
6223,5.718075413328617
6224,4.650401829287452
6225,6.2774019910077525
6226,7.301916430683822
6227,4.769002485613862
6228,7.123765217531319
6229,5.518055908384101
6230,7.455204325256854
6231,5.8347182075806465
6232,6.040397953497248
6233,9.527642590076237
6234,8.183022495659984
6235,7.412475849938481
6236,5.057205993059709
6237,6.786613254991325
6238,8.925338393053792
6239,5.187148675879224
6240,7.0592257387104365
6241,5.014840819549944
6242,5.843072073108655
6243,4.498049018193257
6244,6.294324628484404
6245,5.043532155427068
6246,7.989637708590953
6247,5.935350183161088
6248,9.145572200844246
6249,5.012259491900828
6250,2.8969466532063333
6251,10.0
6252,3.8814024600335273
6253,6.661919294028342
6254,5.516981700901368
6255,6.91770987918868
6256,5.619465935163298
6257,5.6465344399501
6258,4.116896711801401
6259,3.2580298645771952
6260,3.083400215801303
6261,6.048141405960449
6262,8.672618025948262
6263,8.702324455101689
6264,5.9379086169946245
6265,6.667704664942443
6266,2.570620051621198
6267,4.672040579903679
6268,5.2377024244663435
6269,6.511755319701743
6270,5.753806913220158
6271,4.199480417472538
6272,1.5343083897795424
6273,7.6449145201386575
6274,4.452886714386918
6275,4.46659023098932
6276,5.414186834979676
6277,5.093612913982118
6278,7.254083021421765
6279,7.281343215948826
6280,6.589343447040434
6281,2.6642329808822374
6282,4.771679450908195
6283,5.7524936642903155
6284,7.187477230905648
6285,8.18926955173008
6286,4.216049032956304
6287,5.271906197744696
6288,9.284552543719428
6289,3.4037787755232456
6290,6.352296059374307
6291,3.9322602970712643
6292,2.3630537302069454
6293,6.19191789014945
6294,6.326263168071167
6295,6.022239534269412
6296,7.756331178461721
6297,6.5835632562780715
6298,6.78369146439436
6299,4.2081368084867465
6300,5.1177337348130845
6301,4.632619604178986
6302,5.866570295982775
6303,3.8535740142921733
6304,3.576078385689107
6305,6.991231929848388
6306,6.389177784287198
6307,6.821803636909538
6308,5.0077234814273215
6309,5.447542234598037
6310,5.19135299968645
6311,8.541990505034123
6312,7.139246016460011
6313,3.041396490669009
6314,7.095207286530682
6315,5.046182716492246
6316,7.974324001231432
6317,9.403992971852166
6318,3.4296727424494273
6319,3.88457906217822
6320,5.407387215089953
6321,4.9583139736252715
6322,7.863193079909524
6323,2.671936925493817
6324,3.9591741386969446
6325,7.047879984327777
6326,6.276516859305768
6327,4.389917097024263
6328,5.0125765467034835
6329,9.070512218295681
6330,5.08252606704423
6331,7.013931287798776
6332,6.398270441905207
6333,7.882228058758962
6334,6.708368930492961
6335,6.1278927292919905
6336,7.01946525064294
6337,3.289338611619448
6338,7.644278963437687
6339,2.7615020241158206
6340,5.209018667267799
6341,4.569248533450443
6342,4.82016651026968
6343,6.944769887715706
6344,1.6286139567481341
6345,3.1705493884130065
6346,6.765234242694402
6347,6.322065653972107
6348,5.467723402813402
6349,7.171151512989321
6350,6.9013991301178255
6351,7.837243714958936
6352,2.3289574422979267
6353,7.130704997409801
6354,9.343012282670603
6355,7.254317869621303
6356,5.484216939742914
6357,4.2928957666415215
6358,6.177418344579224
6359,6.77023811620046
6360,7.628241247001405
6361,6.190682870166777
6362,9.39602651123381
6363,6.583776383059044
6364,5.577231662672924
6365,6.6286261037326595
6366,8.079089071500068
6367,6.529066966410096
6368,7.755687264014884
6369,7.830396827027523
6370,4.3767020193234405
6371,8.115540126467346
6372,3.882707024461723
6373,5.64846590616637
6374,9.126408496898033
6375,8.912712088911613
6376,4.673716145002048
6377,4.45229230243821
6378,3.5590667159603107
6379,9.116787461204702
6380,4.282571730132337
6381,1.6131423030103655
6382,2.0786883346666176
6383,7.081569955332327
6384,7.2729962681470735
6385,8.061251818297833
6386,7.787632694740948
6387,5.5463103937955776
6388,6.244817315716328
6389,5.754355667036561
6390,8.73180830817369
6391,7.324090935309864
6392,4.286936321321185
6393,4.449829481428776
6394,3.158963051509521
6395,6.059198747096201
6396,4.104784572683178
6397,4.793633784485356
6398,5.6230716317782115
6399,5.139943648766627
6400,7.430818387315743
6401,6.813959933019957
6402,7.614418450333129
6403,8.235563800307029
6404,0.9198940227045522
6405,8.564078631747483
6406,7.028236761868863
6407,5.0817129588844825
6408,7.701171860693968
6409,6.394339873801559
6410,5.665350760298809
6411,9.323885056662085
6412,4.191112745886057
6413,4.239634363674033
6414,2.2048609637071515
6415,4.090371093348411
6416,1.7096994356822404
6417,4.3021629116856275
6418,6.3815259139307825
6419,8.951477623063187
6420,6.03514620861832
6421,9.708515864494085
6422,7.764567797712198
6423,6.512504434206652
6424,9.62179757405311
6425,8.545508347012895
6426,4.947229880746997
6427,4.880940125737017
6428,6.350671130976821
6429,3.6142053289319676
6430,6.508691026127846
6431,3.4849871988904
6432,7.897430799645308
6433,2.8372233762078123
6434,7.464295544320953
6435,8.499717807419074
6436,4.560531201464682
6437,6.8987826709246765
6438,7.519032278682133
6439,6.134676566251319
6440,6.163389169073892
6441,6.420587939992761
6442,2.448125346295094
6443,3.9889644100344164
6444,7.654237658678594
6445,8.00836842445793
6446,9.86005312545812
6447,5.746733134209656
6448,4.903961082292601
6449,4.847124138388496
6450,5.7845044088972655
6451,9.057376602545057
6452,9.95547791067144
6453,3.7801094772922177
6454,6.9680822199675845
6455,7.778388330010204
6456,5.549452662520729
6457,8.363058872196621
6458,4.447589513223822
6459,2.9991120589058093
6460,6.563806649473942
6461,8.157062942651132
6462,7.782052946831979
6463,6.5256399858284455
6464,8.031689982176895
6465,8.723705278042447
6466,5.107843490966561
6467,7.170561273068744
6468,4.284351128970258
6469,7.015908394413489
6470,8.57338909567488
6471,7.245925987347744
6472,4.94237035520946
6473,3.822949195115643
6474,7.360637083080881
6475,5.320765128742034
6476,5.070860430661001
6477,8.4913941072249
6478,7.329219830530526
6479,8.221388149536313
6480,7.9952875059076165
6481,6.389753587542067
6482,5.050942250106786
6483,5.772382634515113
6484,5.872650333684746
6485,7.54307806551854
6486,5.142932928992247
6487,4.0880927905927775
6488,9.995302819500802
6489,5.440251283748514
6490,2.6747603945551504
6491,4.702059902355421
6492,5.914519257584647
6493,3.2233453109873302
6494,4.422871765144049
6495,5.249599850737378
6496,7.804649107788967
6497,5.804142826105625
6498,5.896016420538818
6499,5.7776257489142235
6500,8.814385964112022
6501,2.6466105584490567
6502,2.305851823837294
6503,7.961672996442305
6504,9.252061487434954
6505,4.714520734788904
6506,3.8718948286742916
6507,6.657752360695999
6508,5.662924728554339
6509,6.390434355108378
6510,6.829324084193445
6511,7.259302237499703
6512,6.491448034072965
6513,6.320927799028868
6514,4.260779815836013
6515,3.936462827753804
6516,9.356117426106612
6517,6.337956383084953
6518,4.849472470395507
6519,6.172842839951466
6520,7.770949628516531
6521,2.848873393679637
6522,3.783658896463882
6523,3.337889893679292
6524,8.507462114347712
6525,8.005473346178686
6526,8.901553292619024
6527,4.191843253787562
6528,6.352023965594865
6529,4.182797064853938
6530,6.313632425447272
6531,7.419895244018674
6532,2.9412834153394107
6533,8.714266280711202
6534,5.478176807954233
6535,5.806063910774015
6536,6.731906432656801
6537,6.559708956614955
6538,5.080322469901882
6539,6.991327040437595
6540,5.941166138232343
6541,6.767484722200908
6542,4.295353889734487
6543,7.528588067439384
6544,6.977644460543061
6545,5.9954820157268145
6546,8.175296125733396
6547,3.7475019992073455
6548,6.041887085508067
6549,3.6130172403953025
6550,6.750622907116923
6551,3.2673814888552286
6552,5.371138162455982
6553,6.867674615282885
6554,5.621262157010901
6555,2.3016769434348356
6556,7.435619070019904
6557,2.5561746861509334
6558,7.241013976237012
6559,6.560752998450615
6560,4.524860985004227
6561,6.251986108420662
6562,5.008296013043568
6563,5.718390640951175
6564,3.305051459479844
6565,4.365386699515069
6566,9.271143197946008
6567,7.860674672296382
6568,7.29262999222671
6569,2.8081163709811614
6570,7.747741020133023
6571,7.520928278373745
6572,2.9431894151935323
6573,3.95916785468611
6574,8.169392098820605
6575,5.917230747421398
6576,4.577364990268944
6577,6.806810989481244
6578,7.734447149177117
6579,4.5528277556274785
6580,3.8102787013729964
6581,4.0718661262464435
6582,8.520521077500092
6583,8.764306268085605
6584,8.490754741323181
6585,8.57691660971212
6586,7.8501784478803245
6587,6.504964715745937
6588,2.066561157017022
6589,5.867036298742056
6590,5.88640586326446
6591,9.361617928670615
6592,7.791548657123878
6593,6.379447354314948
6594,5.891731217986669
6595,6.771545758022448
6596,6.431141691710819
6597,6.094464634034095
6598,7.113024707943363
6599,5.734904663547205
6600,8.404260434639463
6601,7.583169379923442
6602,4.005538944912613
6603,7.51845374251612
6604,6.778538402974581
6605,6.464555516697947
6606,7.596922460332388
6607,5.1102557090748535
6608,6.762104631082103
6609,2.304306840628144
6610,0.2846299242709724
6611,6.9999066898187605
6612,6.081929808323933
6613,3.879953114111281
6614,2.741474212670904
6615,6.467852774696287
6616,4.549125326365546
6617,3.6467570129416
6618,7.557174555394776
6619,2.7573799291289967
6620,2.0543623628492638
6621,5.09239758606832
6622,7.996551190469978
6623,6.609999847965625
6624,4.134450078793321
6625,7.100389092988552
6626,3.514955685044478
6627,7.830267834691627
6628,4.515557838085593
6629,7.661764917984175
6630,5.905462439110621
6631,6.758534953598513
6632,5.787538519521555
6633,8.015642438683916
6634,7.493539947760338
6635,7.55742656530701
6636,5.4276680490508245
6637,1.9124118646277026
6638,4.421449375846445
6639,5.519891563030685
6640,5.695526385988613
6641,6.759648914051243
6642,6.467397959404932
6643,4.130412165667119
6644,5.696309670484028
6645,7.685495818981295
6646,9.202082226230345
6647,2.252242215614182
6648,3.6633734321986964
6649,5.593500677492265
6650,4.5632437645969475
6651,5.326150961897835
6652,8.740147348349707
6653,5.931459212799842
6654,9.348860923544255
6655,6.330104817874999
6656,7.163127837050479
6657,7.487466576435412
6658,8.087426539276976
6659,3.2394155109236187
6660,3.731620388065268
6661,7.230186697499198
6662,9.349146023565789
6663,7.856673400173008
6664,6.699474410465525
6665,6.0987972403925825
6666,8.703763858881677
6667,5.92293913719706
6668,6.3464024464645625
6669,9.519924313937262
6670,6.126224676868931
6671,5.880606954246657
6672,5.14144568253821
6673,6.1764147362136885
6674,7.348364535348317
6675,6.179287332560463
6676,7.24558731217279
6677,8.785715365909262
6678,7.189035283909474
6679,7.164164881544968
6680,6.983413307470921
6681,4.989767337239093
6682,6.876016233044456
6683,7.164476280710886
6684,5.662423966266194
6685,5.809052497997027
6686,6.418138852211191
6687,7.366303163004896
6688,6.19053160552199
6689,6.998097355705798
6690,6.762521594932101
6691,6.3169216053886945
6692,9.24582532548803
6693,4.098235417260926
6694,7.4363424932202005
6695,6.8413908169116295
6696,4.46502394980355
6697,5.6541162745519795
6698,5.813309797278889
6699,4.510290798988599
6700,3.7077210712174646
6701,4.165207082230989
6702,9.01480175757537
6703,7.727817255720838
6704,6.7412159057066585
6705,7.432654826386241
6706,9.48615646640719
6707,3.9394379153896777
6708,7.854281970731693
6709,3.456048051916281
6710,7.099929803553754
6711,8.178246763231092
6712,7.640490298151621
6713,4.966314797313129
6714,5.823956723936197
6715,4.548932291306461
6716,6.927108072709679
6717,5.531550243304119
6718,3.406756636702512
6719,6.59908312241822
6720,6.040042916519015
6721,3.717176339240532
6722,4.351173414505289
6723,8.745794295222348
6724,8.345791980259005
6725,6.368064170169427
6726,2.0200636093991458
6727,7.546328780061643
6728,2.9210564172823785
6729,5.520662371535853
6730,9.158026849813613
6731,3.7865080535282347
6732,4.5034958952151225
6733,7.265652706172237
6734,7.939173194863851
6735,3.3867402452678066
6736,7.7384101326730725
6737,4.82204304357344
6738,5.928878376813063
6739,6.048063104016485
6740,7.1199663643205895
6741,7.1854729364498535
6742,9.10125242274757
6743,5.551098520585753
6744,9.057872875706025
6745,1.3393204787946913
6746,6.121883954418175
6747,7.923761227873987
6748,4.158552284856437
6749,8.8584207986223
6750,5.060568722682631
6751,5.710898177120474
6752,9.05725161572183
6753,7.001380598985516
6754,7.191077344255772
6755,7.355749753742137
6756,5.262270599619852
6757,5.046608954084796
6758,5.239145238174624
6759,2.190627029816924
6760,7.17867493371925
6761,5.30977261350387
6762,5.7741156853428635
6763,7.275341810709831
6764,3.826398216181456
6765,4.315312442208626
6766,2.6095327084468893
6767,8.157029730009013
6768,6.659953352594715
6769,5.5861264977697
6770,5.852435020607708
6771,4.126747846216043
6772,7.99852912243454
6773,1.1860299542983228
6774,4.726357671057494
6775,7.0493480583284605
6776,3.0191007459267745
6777,6.778681071177798
6778,7.06595908452393
6779,5.567088221103587
6780,6.541071095808272
6781,5.505675185196865
6782,7.097685658011359
6783,5.961704003559415
6784,4.732303141362623
6785,6.348208065399446
6786,6.10543280957836
6787,6.612794460888203
6788,5.741947683267433
6789,2.5067942577635662
6790,5.1534800883350815
6791,3.8892391871283394
6792,6.842842790206196
6793,6.00322130615716
6794,6.56408897134021
6795,4.737735026612759
6796,8.30830424243992
6797,5.626077827704071
6798,4.194233902182558
6799,9.144997702217404
6800,8.344273865748708
6801,6.001397009774034
6802,6.230665112755622
6803,8.371703573810084
6804,5.68303535539996
6805,5.1757417292808094
6806,2.6747588752976896
6807,3.2219544036789016
6808,5.042410158783602
6809,7.10954425659356
6810,4.604451404166605
6811,4.685473065459912
6812,6.158581444424184
6813,8.708496731888655
6814,6.500257567735699
6815,2.7222081692049693
6816,9.43798100558358
6817,3.8013919343454154
6818,7.122863223366757
6819,6.257851445470571
6820,6.439408015472678
6821,3.1521361809329873
6822,1.867872862430994
6823,7.09891796753899
6824,3.4876285274683143
6825,6.2353234273574145
6826,7.311091923623968
6827,9.40433688377552
6828,5.4138955941758855
6829,4.276702033835425
6830,6.259398378645957
6831,8.426465688373657
6832,2.366991943299906
6833,7.6394747101494485
6834,4.690399236624789
6835,7.16428478272268
6836,7.363953501347365
6837,9.948257004686008
6838,4.148741743820813
6839,7.812403621627628
6840,4.8913688352480476
6841,5.955610585194883
6842,7.658100894505902
6843,1.867716351580159
6844,5.387660389761977
6845,7.916004123833038
6846,6.390863272726859
6847,5.199900364464422
6848,6.592374702250085
6849,4.362544754961996
6850,5.169803234683208
6851,3.3248215268872316
6852,5.5613935153370315
6853,5.386679007045469
6854,8.936515946941098
6855,5.396090140955719
6856,2.4229354247740447
6857,8.843048206084719
6858,6.975640860489004
6859,7.7716327115705415
6860,4.107864580570315
6861,4.196948427850162
6862,7.882633838967955
6863,4.586325284471762
6864,3.678717395070122
6865,6.656488576131433
6866,3.3005972293978942
6867,8.872160234987803
6868,4.851432307509876
6869,7.652477230241291
6870,5.1306516369902
6871,6.266038023781363
6872,5.1215065289328665
6873,3.351151193828283
6874,8.592386843399376
6875,4.563825060475215
6876,6.725562532219849
6877,6.461842553283174
6878,4.554260031206106
6879,4.347078573731353
6880,7.567258009260596
6881,5.590703716005949
6882,5.991659128269459
6883,5.882205660272311
6884,8.630619976612508
6885,8.003197943352815
6886,3.839574805623415
6887,5.250364865955584
6888,4.9473349380678995
6889,8.139547543988188
6890,3.4583637402386302
6891,6.556974861653307
6892,7.730712358772895
6893,5.398781568947308
6894,8.465324878308518
6895,7.6464607989721
6896,5.400816383407053
6897,4.160277886340494
6898,8.336482214356025
6899,7.207145313992795
6900,4.333471929259539
6901,9.70810441688614
6902,8.302696903357852
6903,6.748921663145097
6904,5.1828496184456245
6905,5.889062761997215
6906,5.849832466482319
6907,4.435809587266938
6908,7.682863183197368
6909,8.195137304457962
6910,4.269678088726165
6911,4.742100072331527
6912,2.7434311303111607
6913,7.19438709625126
6914,6.668183114311685
6915,7.088975479225992
6916,5.549289766159914
6917,5.919300017537042
6918,7.278525492615546
6919,5.961272302503677
6920,1.9283183431399293
6921,5.236717779091016
6922,8.644729132112126
6923,7.593341305545006
6924,7.372432135179845
6925,6.350667864503024
6926,2.8294367989667917
6927,6.342890773581588
6928,7.771101234384647
6929,7.436330452694823
6930,9.143585864019387
6931,5.435745087295231
6932,7.2791932339795595
6933,6.255188395046797
6934,6.3412403568573446
6935,9.587009785015798
6936,2.936244925060323
6937,8.896083446956931
6938,7.900098939615939
6939,8.276437920346943
6940,2.6332989291744524
6941,6.4972517105358465
6942,3.997402925734243
6943,3.898173214809669
6944,5.044585895669741
6945,4.480895773336901
6946,7.185596282430493
6947,4.72243399071079
6948,4.561360420819591
6949,2.8982824359864026
6950,5.0858057643051024
6951,4.448884611587756
6952,6.269426134289335
6953,2.5476862680318826
6954,3.4649284778909375
6955,6.98347122569435
6956,6.563457353207238
6957,7.294518247493808
6958,5.816655373685451
6959,4.091835363988039
6960,4.188690990925544
6961,5.723493617782653
6962,8.139207857237311
6963,7.375539207341221
6964,3.647099339062779
6965,9.993413028977098
6966,4.943155604266549
6967,5.528687367881242
6968,2.67369479961375
6969,5.742620168571252
6970,7.282241923743411
6971,7.248962979373539
6972,4.060789175082485
6973,3.3259266754368113
6974,4.251034866459343
6975,6.29293979838174
6976,5.850263868096091
6977,6.137412205992956
6978,7.608931172961368
6979,8.080636429348953
6980,4.117238721567075
6981,3.176879735515412
6982,4.490657758027438
6983,5.270198090180601
6984,6.414346294289473
6985,7.912409464409452
6986,3.7530140237141523
6987,3.0370248216113227
6988,8.955323196892419
6989,5.416894740166628
6990,3.7416039502835203
6991,3.305946130038457
6992,6.831023288594163
6993,4.293905199875987
6994,5.944582307983537
6995,5.128502225837692
6996,3.133807608421003
6997,3.7658558970535063
6998,6.941524119074022
6999,8.154417768442286
7000,4.432680834192832
7001,8.171874677922597
7002,6.886431173517478
7003,4.214016109762411
7004,7.6840858956589315
7005,6.0389004471507945
7006,7.48056260415039
7007,6.277628155930607
7008,8.30565102325229
7009,6.9432644510021095
7010,6.63900119990018
7011,2.55741935934757
7012,7.288029869568717
7013,9.298273253983718
7014,3.2786608463663343
7015,4.456963137753137
7016,6.415121188362116
7017,2.706133323446136
7018,7.408156557610591
7019,5.7794704304187885
7020,9.215491569528123
7021,3.977827564307497
7022,3.070093841258317
7023,6.241740536143814
7024,4.927761301623767
7025,2.9580544190533153
7026,5.303966928735761
7027,8.249541398404535
7028,4.232072344835114
7029,7.7687653916007475
7030,7.432553753670893
7031,8.468822242007324
7032,4.100049232580555
7033,6.624143523607418
7034,7.084178036285406
7035,5.9607642166649955
7036,7.520285335366411
7037,7.502745639989556
7038,8.343577747718523
7039,5.961684582750248
7040,8.956143878115997
7041,8.653493850708042
7042,4.8716377067378245
7043,2.7541269627101883
7044,6.031180090983783
7045,4.635722655137831
7046,9.308777456112278
7047,3.155670161354026
7048,4.99439346959888
7049,7.863749307553784
7050,8.956949967287771
7051,5.801712300337359
7052,7.184481970357675
7053,4.612399498492371
7054,5.212579655620166
7055,6.2318467642589885
7056,4.307773105842832
7057,4.886085555571578
7058,7.101761586846055
7059,7.936631936827712
7060,5.766288659717979
7061,3.4813951905855056
7062,6.045594441857852
7063,7.779590492675096
7064,4.372046561252413
7065,7.120212103813775
7066,1.4977342269921894
7067,4.2916887899693466
7068,7.237025950000995
7069,3.7433546435593597
7070,2.6957257165304305
7071,8.369787062050701
7072,7.381953697912273
7073,4.990632369646483
7074,5.066568544975115
7075,8.668287571735483
7076,9.322425431618246
7077,8.422560226165361
7078,6.353035953640581
7079,8.316390141742778
7080,5.07092749047096
7081,6.477822828276257
7082,7.525154289582076
7083,4.216523282543028
7084,6.968179560362276
7085,3.4765397097278004
7086,7.896795703222961
7087,6.477292097099155
7088,4.018785729679658
7089,6.815110486709093
7090,9.596673356647024
7091,6.262341260281257
7092,4.6399378999365375
7093,5.04398578566279
7094,9.092569997763892
7095,4.295311251772266
7096,4.6957633325847885
7097,8.228789097307631
7098,4.606592954808784
7099,7.741227347522309
7100,7.089314890446711
7101,6.0757325376236215
7102,8.118452364343309
7103,6.89806235935327
7104,7.688473740221238
7105,6.164667339845375
7106,3.270387769303153
7107,4.765168126046069
7108,7.341254068408203
7109,6.652395027202583
7110,4.287696596553016
7111,5.572666613852817
7112,4.091070853574723
7113,6.73706570278934
7114,6.155837050405328
7115,8.281114700998437
7116,8.813803178803619
7117,4.826628359528018
7118,6.325750703015345
7119,7.562244662773144
7120,4.753337468165376
7121,5.308217531595953
7122,4.827522486396632
7123,4.6612158669138175
7124,3.8831712868577783
7125,5.151954570526816
7126,7.675000671110429
7127,5.266052388211536
7128,7.153530099732753
7129,6.669871641219798
7130,7.409353125285617
7131,7.109247760118651
7132,6.647951124016785
7133,7.388913942564722
7134,7.315481419265753
7135,6.534233945389483
7136,4.381551570723994
7137,6.12210969955988
7138,4.919795395601371
7139,4.53235894151139
7140,4.134777321117867
7141,9.720853611872936
7142,5.436366006711779
7143,5.18927782500609
7144,3.233824086541767
7145,5.353550618815959
7146,4.666819451484811
7147,7.898129521715648
7148,5.56985291269956
7149,7.276763694750855
7150,5.784330921511943
7151,7.7850182685653895
7152,6.303567956661601
7153,1.6952843522729188
7154,9.217117058584098
7155,6.820398437989344
7156,1.9813084970214567
7157,4.493660591134163
7158,4.132716442459916
7159,5.559743005598856
7160,5.232018478788622
7161,6.770944736682748
7162,6.043501636430718
7163,6.497671659878371
7164,8.600991672970284
7165,8.754828372848033
7166,3.4248288225007295
7167,6.490733441804092
7168,4.370557173553796
7169,5.346135557206324
7170,6.650900984283584
7171,4.488051195238581
7172,6.270096439093854
7173,7.85536100734839
7174,8.97789799906231
7175,4.200442149581223
7176,7.521831377048807
7177,3.667303746430926
7178,8.449420331668183
7179,6.40979759508236
7180,4.766667431979583
7181,6.473412338616994
7182,5.720932375174118
7183,7.5122342570724445
7184,2.1104194089973785
7185,6.463032456737244
7186,7.316738192498787
7187,5.2700174380520535
7188,2.5665730181163524
7189,5.803483541039549
7190,5.229570920699732
7191,3.036181154270396
7192,8.63539231413589
7193,8.225762705906638
7194,3.4070579244212587
7195,7.588055347221832
7196,5.859807815584974
7197,6.6237295610623175
7198,6.010590690935303
7199,7.790895402550836
7200,7.197921234567329
7201,5.654298384100797
7202,6.576739407616681
7203,6.185563033137203
7204,6.200388652801155
7205,3.1369710895592853
7206,6.713758650899244
7207,5.934127972804874
7208,6.278152809915346
7209,5.94648899519549
7210,6.931999709056555
7211,5.744258056731484
7212,5.45431522979189
7213,5.651465579557523
7214,5.969152243123316
7215,5.1931480251769955
7216,4.132314251844951
7217,7.359007158973236
7218,5.623217650246425
7219,7.9209608074600535
7220,3.9278099590615865
7221,7.4372378057305015
7222,4.682241543426022
7223,6.683680340464607
7224,6.114170304111424
7225,7.3083950315846185
7226,6.782403961188621
7227,5.995476690764116
7228,3.690954620138848
7229,8.573508011994452
7230,6.2984011295810385
7231,3.0590851274647983
7232,7.501520735731236
7233,8.164215983963285
7234,2.8391122737446315
7235,5.380768143154232
7236,7.9180861509939025
7237,6.002916633223668
7238,8.518112145797684
7239,5.842438857245617
7240,3.3616953688569744
7241,3.9034208738572884
7242,8.389398507924184
7243,8.852688502856086
7244,3.132235001741931
7245,3.8791975441886186
7246,3.384008390323809
7247,4.062849762514984
7248,3.7930080214953383
7249,5.69918409514432
7250,7.536117146762085
7251,6.124062004481812
7252,5.174041820864341
7253,7.63165598024292
7254,7.893272867663926
7255,4.0735698518149395
7256,6.948593241076407
7257,4.322609183969303
7258,2.913077007362661
7259,5.801975704845529
7260,9.57768797922151
7261,5.801881671722633
7262,5.801173861393261
7263,4.695400585754914
7264,3.091763498060659
7265,8.070748644726274
7266,4.351998114173191
7267,2.898600426335814
7268,6.254398033862431
7269,4.870493524356576
7270,7.004727408440715
7271,3.9680038560401685
7272,7.312986439550256
7273,6.604912848815561
7274,5.09242035814765
7275,6.708126942013839
7276,6.044327663927367
7277,5.312557687995579
7278,5.829775643330094
7279,6.397263641477742
7280,6.452941856647906
7281,8.848344861559765
7282,6.110581791675571
7283,5.451860127838796
7284,8.754559620619366
7285,7.458687527828606
7286,2.9900418945137983
7287,4.685543654739421
7288,5.816372861159206
7289,5.030847312765841
7290,6.740497168047858
7291,3.576178777701385
7292,5.634050393262852
7293,4.635954287925182
7294,5.08926579695889
7295,9.667460465748198
7296,8.013725923063443
7297,6.822605599046016
7298,5.471944890794911
7299,7.356754594056613
7300,4.6254031617399125
7301,6.888966150344561
7302,5.353181970572213
7303,5.104644098167649
7304,8.24180044713233
7305,5.786294622399237
7306,5.243370234698723
7307,7.003635157746219
7308,4.77219758231987
7309,7.655217676152942
7310,1.923320347355499
7311,7.199230702283643
7312,7.703474982477917
7313,6.363160879178117
7314,5.917312425144355
7315,5.7975442661887
7316,4.2998560071585015
7317,7.554865368836417
7318,2.6522180939168787
7319,7.400990601646439
7320,3.8008743632096
7321,4.610508052219204
7322,5.661156365219211
7323,5.904320294972469
7324,4.605577677113935
7325,6.642618402080674
7326,5.822439690627374
7327,4.105934892054499
7328,7.08199580293558
7329,3.383735840657144
7330,7.842309168523309
7331,3.9912899761451945
7332,7.368173022433945
7333,7.851249596754032
7334,5.801156648735253
7335,6.001772884659505
7336,6.079971347387788
7337,4.100052392315303
7338,4.553568051788334
7339,4.790162228761723
7340,5.449581285340603
7341,4.370285001738889
7342,4.6262653065574115
7343,7.949127785764039
7344,6.019893144236815
7345,3.407302062156944
7346,7.604804343180571
7347,8.155149431397756
7348,7.40648240106354
7349,6.548005042814415
7350,4.634629369222611
7351,5.3549774812065065
7352,6.158031438537945
7353,5.31825008468315
7354,6.963226797812217
7355,7.725422116781557
7356,5.442989348976978
7357,8.808062778769784
7358,6.670553239062123
7359,5.8865865458365105
7360,8.022709386136617
7361,9.033029183495703
7362,7.395609761932323
7363,3.8027107337489907
7364,6.689601492585764
7365,6.3665210292803085
7366,6.229639176112116
7367,6.024388857245905
7368,3.6743938884447287
7369,8.378046369791473
7370,6.2291747622770774
7371,8.961031948747612
7372,6.324967765640108
7373,8.55776660237883
7374,6.493414708321135
7375,4.007734154169359
7376,5.4865960475995665
7377,5.660343280839148
7378,2.796703421029203
7379,9.325435557546614
7380,6.738791307967226
7381,6.003599998640803
7382,7.955914294111132
7383,3.2869046908426105
7384,8.081377158164207
7385,4.7944924780939004
7386,5.913111168931132
7387,6.609188260198657
7388,5.6367481370177295
7389,4.886905664451272
7390,6.34303903863496
7391,7.135403397729813
7392,5.870179016668081
7393,9.382977858800038
7394,7.600373438515737
7395,3.423462170102937
7396,5.861177158507888
7397,7.919440017976058
7398,2.2224896706333173
7399,4.398040416586134
7400,7.961287558960649
7401,4.25017134248737
7402,3.248614999440899
7403,9.356848794651984
7404,6.370175288974215
7405,5.3323177203515595
7406,7.572520458801118
7407,7.635342155569674
7408,7.540471818942106
7409,8.44571809509666
7410,7.439677437101413
7411,8.139632864506224
7412,3.192518764236211
7413,4.851227497022604
7414,4.816467499111914
7415,6.051091410063803
7416,5.574826428965015
7417,7.028139071867736
7418,4.040045333295343
7419,6.116894165785572
7420,5.081071903840176
7421,3.3502100704027065
7422,5.792385599398656
7423,8.444606855228695
7424,9.416089090022055
7425,3.105877266782097
7426,5.145486982908006
7427,5.6242626660306225
7428,3.9917458900733074
7429,3.4420777622748737
7430,2.1398072256639566
7431,6.05247668618577
7432,6.35657553643117
7433,5.11589028257795
7434,4.287282213877024
7435,4.843334270594237
7436,7.719109218544422
7437,8.931057210072812
7438,4.7706134762332955
7439,6.227673126476694
7440,8.546995216443449
7441,6.387420520494805
7442,4.012617043869659
7443,8.748066971143057
7444,6.1378611781890795
7445,7.793903501704444
7446,4.167648365413148
7447,8.230943495250141
7448,4.963475876263345
7449,5.393238732796765
7450,8.45599863630475
7451,6.277991124288672
7452,6.219801186059821
7453,4.175447771063707
7454,6.735451154305326
7455,3.865106098829007
7456,6.8340305271051776
7457,7.058095937015521
7458,5.517135681833939
7459,3.6260135060106564
7460,7.5384343957260596
7461,8.271310449325096
7462,3.207267146093964
7463,7.907150937133183
7464,6.103851947955467
7465,8.686106697828524
7466,6.746946232361284
7467,8.982725301195956
7468,6.69870887721233
7469,3.970613302955326
7470,6.3719090604667805
7471,6.288773033163201
7472,3.3086879289134656
7473,6.058302777190669
7474,5.32064598386358
7475,3.151561669992057
7476,4.849064918661068
7477,2.1936422510219655
7478,6.425066568711659
7479,4.763272856362571
7480,8.933710721605102
7481,6.910182936390049
7482,4.50042377005372
7483,7.7441878618075775
7484,8.106961358750917
7485,4.9743517942266235
7486,8.775597472645503
7487,4.707832370624773
7488,5.323871964988508
7489,5.440394599270391
7490,5.475621040164391
7491,4.205225608332268
7492,4.5679578060400505
7493,8.399203900675563
7494,6.068322689916746
7495,6.915432836619075
7496,7.0767107005737415
7497,6.4845794683365225
7498,6.548639403399756
7499,9.397059509594726
7500,5.661170326798855
7501,6.084405529432901
7502,8.101105975975909
7503,4.414418242296137
7504,7.209011262087716
7505,6.087728214475526
7506,6.365900403355375
7507,8.726581676531861
7508,5.224638035751958
7509,0.9680989766211529
7510,8.81816886720376
7511,5.254753308594189
7512,5.582182742486735
7513,5.613582816614409
7514,8.106670231998823
7515,4.7665811436674606
7516,7.431741100905329
7517,2.7716120330706193
7518,5.61994113639697
7519,2.703137262967003
7520,4.599053877750798
7521,9.072819243469777
7522,5.66802022076904
7523,3.481432421671065
7524,8.083367813254267
7525,6.6060393106492175
7526,7.542783061877887
7527,5.8669397807876456
7528,3.511188519188768
7529,7.418048046630967
7530,5.64309535341132
7531,5.4356484170134465
7532,9.369626372565317
7533,6.859436613870612
7534,6.822621965903878
7535,5.31931853265688
7536,7.6988150261150325
7537,7.712251307331071
7538,6.461389121356994
7539,5.917792941809897
7540,6.105464169702886
7541,3.898241400561094
7542,7.724426038535701
7543,5.432293385943948
7544,2.6488682373412398
7545,5.115383275276015
7546,5.353676521074265
7547,4.196243736645303
7548,7.243976757502162
7549,8.300895419970086
7550,4.735460838354828
7551,7.975160063903395
7552,6.143367491210232
7553,6.64930349255439
7554,8.917654945601814
7555,6.749867814274902
7556,6.108772169812968
7557,8.052436644691804
7558,4.224992044453074
7559,2.823423825318121
7560,2.4666680690912086
7561,5.981049091055935
7562,4.578920742112888
7563,7.557764500563811
7564,6.580922331433959
7565,8.61054858685873
7566,5.620114844987664
7567,7.017548415748644
7568,7.573790304409928
7569,5.845176047853757
7570,3.138521699748593
7571,6.579342520317374
7572,7.256964963097633
7573,9.775535531320978
7574,5.93524085058352
7575,7.61588253741242
7576,5.05569336588124
7577,7.028441745416243
7578,6.170110063544273
7579,7.985650175434131
7580,3.9965713816578208
7581,6.916589019023268
7582,1.904103644051983
7583,5.944553902744021
7584,4.135211902475078
7585,6.295470084637056
7586,3.821408431189031
7587,6.436989645353624
7588,4.592607900457647
7589,8.244354938250527
7590,1.9896727817207736
7591,3.3030777913365
7592,6.143472420203766
7593,6.5613269901859566
7594,3.789966648462594
7595,6.444420520518189
7596,3.2646614532535962
7597,6.519946131493479
7598,6.111397794249182
7599,4.121717119050207
7600,7.584804960860512
7601,8.92572426573122
7602,1.0025895163186465
7603,3.866491512086353
7604,3.6447143151588066
7605,5.453936089074543
7606,6.28703320730739
7607,8.331676292143701
7608,8.920188464794355
7609,7.725102420580609
7610,4.879391637763797
7611,5.113094640856024
7612,6.671498565373033
7613,7.847491156614922
7614,6.992082494857188
7615,7.903945302073363
7616,6.448304961108974
7617,7.200044910364541
7618,5.61188233280596
7619,3.6926498582482723
7620,3.929741096389243
7621,8.03625358822307
7622,3.821651377168542
7623,7.503906029222132
7624,6.811376669403323
7625,5.654784424327493
7626,1.0577428905777486
7627,5.366659004046072
7628,5.509778775841153
7629,4.188084828545828
7630,3.025085258509634
7631,6.205883812420479
7632,8.385525546098924
7633,7.007503521335448
7634,1.4766764142601736
7635,4.8967761366558475
7636,7.614556225622008
7637,2.3735408741530635
7638,6.743954692501207
7639,7.765488086303835
7640,8.271825120883644
7641,6.611221396460617
7642,8.889045234373178
7643,5.607073747357207
7644,5.718055809619249
7645,6.670608346241257
7646,5.298090583524122
7647,4.612120816206728
7648,3.3304189940032978
7649,3.8627744217628264
7650,6.685756936077135
7651,5.550631597005834
7652,6.026537508258114
7653,3.064935299087191
7654,6.055182370010057
7655,7.422614772756913
7656,9.556207529325405
7657,7.269329268362983
7658,4.559091540340764
7659,1.1838398867728923
7660,3.880358036601728
7661,4.049290331589566
7662,6.874916427952741
7663,2.6229270795502178
7664,7.733026184833422
7665,6.405615500385025
7666,6.126519353713055
7667,5.006350834825502
7668,4.854261577382291
7669,6.876323711082021
7670,8.649214527108926
7671,5.942074269975903
7672,6.140526140688199
7673,4.78269070121952
7674,4.990868978478491
7675,8.908481879900583
7676,3.1470481426345818
7677,5.2639016858389045
7678,8.763235886712664
7679,8.089465845308816
7680,7.666755884480528
7681,5.486023912509124
7682,4.051085636536566
7683,5.449805138057508
7684,4.890602184295547
7685,9.745052780398169
7686,6.531659618617797
7687,8.712414284257687
7688,4.044723869370405
7689,3.011173406149518
7690,6.439849386886214
7691,3.452425182899072
7692,8.419925663322177
7693,8.056039235670546
7694,5.060563199056352
7695,4.478998054261714
7696,8.640161316707038
7697,3.5020040664119185
7698,4.921887730795057
7699,6.843646540807134
7700,7.24250600826459
7701,5.071211384880859
7702,3.39329328788766
7703,5.383742598918156
7704,5.051404733720602
7705,4.089734121629909
7706,2.107929845415371
7707,7.180202529580472
7708,6.255145404050924
7709,7.662973902423865
7710,7.006935881167806
7711,7.89060612287882
7712,8.09026371166824
7713,5.159653529698895
7714,9.5671630371221
7715,5.507783183567236
7716,6.823584981095633
7717,7.189491830391939
7718,8.161097878201568
7719,6.412377563792906
7720,8.752972503007541
7721,3.513094986432214
7722,3.6276106562296966
7723,3.6795010531256755
7724,6.2386553447665
7725,5.537125178319521
7726,4.927747965563795
7727,7.1200750877693535
7728,5.7730314749413845
7729,2.9713394380043696
7730,6.128828908982122
7731,3.402071541263017
7732,7.642100774051298
7733,5.611685663528621
7734,5.822510625686165
7735,8.3679922908451
7736,6.632463595905364
7737,5.43464099830001
7738,6.452516166297018
7739,4.286723828826245
7740,6.556777819137102
7741,5.680840696676275
7742,4.813588114769658
7743,5.207680329878359
7744,3.4861988484457234
7745,9.392328326269588
7746,6.21652112420348
7747,6.154828224333411
7748,6.029456472626357
7749,6.571217121711048
7750,3.951883014976495
7751,6.670590282240397
7752,8.085535855314488
7753,5.630552799240961
7754,4.960911570526332
7755,8.554757372534631
7756,8.21689222977232
7757,7.626695790507443
7758,6.517880454032182
7759,8.897381702912892
7760,6.950422282447029
7761,7.741059390662744
7762,5.172871156467155
7763,6.376187584001258
7764,7.219475770267131
7765,5.018946535565908
7766,6.832765398051324
7767,4.614200918050607
7768,4.884003683481042
7769,3.4414934486221114
7770,8.918275227586054
7771,2.6449704856312453
7772,5.378081627037107
7773,4.810533172231881
7774,5.351101608911314
7775,7.562338895195102
7776,6.320358236014767
7777,7.079454055405354
7778,8.060855385019021
7779,4.6158572463849525
7780,6.659917933867076
7781,5.456264144388153
7782,2.7407154489102235
7783,6.218602057754566
7784,8.337232255175945
7785,2.447278122000974
7786,2.0676413916386567
7787,3.07795021931467
7788,8.589343428822056
7789,1.606032702504771
7790,6.451474505619371
7791,3.7906512043859744
7792,7.634892412525588
7793,8.223586008425931
7794,6.303954512526456
7795,6.87683676096831
7796,6.854977583035944
7797,6.045817010430815
7798,8.045620779976968
7799,4.981954772284001
7800,3.7463694195901525
7801,3.005131132154485
7802,3.0993814224725633
7803,4.778680095584687
7804,5.4194331180947
7805,7.583726540612387
7806,7.556544103231852
7807,4.72439760824138
7808,6.189427659451148
7809,7.8920502002947135
7810,5.715652627455283
7811,4.66583679481286
7812,5.206895453619238
7813,6.44216410350346
7814,3.9174559291494147
7815,4.138778430415961
7816,6.831222764595056
7817,3.346626259622821
7818,3.388182655834848
7819,6.1499977966791475
7820,5.580079020813987
7821,6.80769519231049
7822,6.55116305735333
7823,7.399340356350953
7824,6.522519858685506
7825,6.097548468766736
7826,5.74166539441362
7827,4.203308337770426
7828,7.788775319175585
7829,7.469222777827033
7830,7.037130078161601
7831,7.232165367439977
7832,2.9202832754575825
7833,7.703003387385652
7834,7.9433028566358646
7835,3.70387541605875
7836,7.539433895503471
7837,5.928284180132442
7838,5.190624763027051
7839,5.0312032214038265
7840,8.599212555672079
7841,8.37770360212777
7842,7.76613330720811
7843,7.382292851608386
7844,5.113530426425589
7845,5.753475498244365
7846,5.789307894295844
7847,9.10575972481229
7848,4.356508936578616
7849,2.318126720417867
7850,4.183155074571768
7851,4.15202659073168
7852,8.033582905380813
7853,5.664573230232319
7854,4.409652695374703
7855,8.194404547518795
7856,6.510530774622794
7857,9.701431358834844
7858,7.086992070525578
7859,9.837940761912973
7860,6.76183937027907
7861,9.688430265994402
7862,4.935978367285965
7863,5.328521326137348
7864,7.806072011738965
7865,9.210352046564331
7866,6.5836003492583846
7867,9.740290120020182
7868,5.027103969561523
7869,7.604735379271723
7870,8.736166523269679
7871,1.9334717613655947
7872,6.43884195009006
7873,8.213236255727642
7874,6.9109326032564455
7875,3.9071445477496214
7876,3.9763830508981366
7877,5.729557029766346
7878,4.686986989203656
7879,2.2261949912529135
7880,3.979645105253103
7881,5.884113529847462
7882,7.767251718271778
7883,4.6252216763021785
7884,3.727487246879156
7885,6.8808936790086985
7886,4.796589196486299
7887,6.315034216866671
7888,7.3541158194363785
7889,8.55393866692445
7890,3.970833213674053
7891,6.087020741963895
7892,6.443317594757592
7893,2.59025199135431
7894,7.339243661600909
7895,3.6206309502976146
7896,3.843188562580365
7897,8.487602750647564
7898,3.345681584983751
7899,7.5561242726698765
7900,3.967476470919074
7901,7.377898724242593
7902,4.140045663346165
7903,4.446820056892575
7904,6.278210869110707
7905,4.952400998348125
7906,8.003272734775148
7907,3.940725849074139
7908,7.767441151309744
7909,7.977421473695422
7910,7.197884063710643
7911,7.158474666347421
7912,6.084672036534569
7913,4.169373719892245
7914,3.4443564519531114
7915,5.275390359901479
7916,6.441041277134795
7917,6.894580441310529
7918,4.320088297641365
7919,7.328570580486778
7920,9.316299597740942
7921,6.306411113933343
7922,4.9722947861307265
7923,6.4817548438041355
7924,8.471033446385356
7925,4.2003459568601205
7926,6.370502166907931
7927,5.57198851572621
7928,4.608472734267186
7929,8.651220372918687
7930,8.03250072622769
7931,7.55851244508853
7932,5.563520467525447
7933,5.456615445874396
7934,8.004165600876377
7935,8.344770298219377
7936,5.512854159909434
7937,3.549093432667765
7938,5.949481132674275
7939,8.357607066301721
7940,3.61865515556617
7941,3.7667871493245095
7942,4.022777739984907
7943,6.3072206872560415
7944,6.196982667184569
7945,5.807363204417891
7946,4.603054649807417
7947,5.127807824729568
7948,7.3481665871243695
7949,5.874208203982974
7950,6.671105254815613
7951,6.853052872837819
7952,7.668772002307618
7953,5.870858073137688
7954,3.7344166345503575
7955,5.217151953698933
7956,6.704815738539217
7957,2.9797673530762565
7958,3.2395851010939247
7959,4.773771995978901
7960,6.283996590710324
7961,5.588131518651829
7962,7.054002450414598
7963,7.0780484029909
7964,6.278846859998306
7965,6.27786780570212
7966,7.2251656378788764
7967,4.597511731587987
7968,6.217213210366248
7969,7.363166481705489
7970,7.471514686097157
7971,6.41016876725857
7972,5.754911782587283
7973,7.81609497475214
7974,5.878587298818159
7975,7.158627650730503
7976,6.3845998504629335
7977,8.112161524821715
7978,0.8169775013239757
7979,5.591699730331973
7980,7.724481653206416
7981,6.296428669095603
7982,3.2915999664929374
7983,5.558610062963346
7984,5.841921813343784
7985,5.4567150611588975
7986,7.048778115872364
7987,4.1371376531229345
7988,9.868425780770128
7989,7.305387387199829
7990,7.9394519682490685
7991,0.6865292186447174
7992,2.789095117207939
7993,6.668003684843472
7994,4.150559879984876
7995,2.889311500768988
7996,5.955453468970196
7997,8.089536211102477
7998,2.004153023979272
7999,6.54554771110219
8000,5.538163399567842
8001,6.992040881198461
8002,3.4280604042455005
8003,8.24128626959378
8004,4.784519443540144
8005,7.871372708216946
8006,6.2110046046589265
8007,8.90607466937983
8008,5.545879617700515
8009,5.675577098631534
8010,6.556851313732741
8011,4.691717600934335
8012,6.590086492062662
8013,2.428276659714701
8014,5.28866970710089
8015,5.16347838432768
8016,6.194422037762281
8017,3.929160997127879
8018,4.074549135691199
8019,5.880298185277519
8020,4.456219245873588
8021,2.754028819137525
8022,5.445347604464827
8023,2.5974573810944754
8024,5.8144794436489935
8025,6.572502369209282
8026,8.750647356463215
8027,8.827204786130896
8028,5.451166128584899
8029,6.5786416369974505
8030,3.1997368878369534
8031,4.891691495348065
8032,4.509794885298119
8033,8.650623026123402
8034,4.222375933793315
8035,5.136078729974959
8036,2.1219345614317513
8037,5.188034690197517
8038,6.992014041323998
8039,7.678397614394851
8040,6.158555787103888
8041,6.021592050350661
8042,8.09952772517433
8043,3.300847338748947
8044,5.86848180748031
8045,5.8338081502016355
8046,7.826192851475694
8047,3.5688160209347117
8048,7.263126844155233
8049,3.3087673811834373
8050,7.186671930685863
8051,6.817087692262926
8052,9.013197646159096
8053,10.0
8054,6.836266816375056
8055,7.8172894143944145
8056,5.419606354641485
8057,6.936012978920499
8058,2.653572361062384
8059,8.141801336785056
8060,5.222169132733003
8061,8.972203642433751
8062,4.6878971319504235
8063,8.326999269134454
8064,9.04468827053353
8065,6.478879308357042
8066,5.8734423113688425
8067,4.327660712727009
8068,2.9867953443680615
8069,4.844015451839117
8070,5.14771130455657
8071,7.978813947125434
8072,5.326113361618626
8073,9.364245227603575
8074,7.812643243288119
8075,7.221882047951974
8076,4.875444763214704
8077,3.7302557914258103
8078,5.40738299291944
8079,9.80712489937481
8080,8.777705906736642
8081,8.176160958536268
8082,2.56625719341534
8083,6.555794082547939
8084,7.8233924603826654
8085,8.609764383717792
8086,5.7951518268673095
8087,4.975523828748296
8088,7.2753807167218
8089,5.549809116497899
8090,5.100600750431897
8091,5.833852104695048
8092,4.535523377590123
8093,3.6020245196060166
8094,5.549473026622737
8095,6.887854139670566
8096,2.9197047227861477
8097,9.01567637274211
8098,5.972487592486078
8099,7.10635597963415
8100,5.57107897128032
8101,8.070172956441283
8102,6.377459814347679
8103,8.852019087885129
8104,4.255516878401541
8105,4.6997750019141
8106,1.3179267683643034
8107,4.5735488511196705
8108,5.264909033372907
8109,4.679824522347003
8110,5.119969338043954
8111,5.06892364218879
8112,8.463763405555396
8113,5.889945252025529
8114,2.8280867237009826
8115,5.731268603258471
8116,8.157680604632409
8117,6.477018337467525
8118,6.622071027017188
8119,5.591938790697163
8120,5.232821612259615
8121,2.4214323080008016
8122,5.762313495488625
8123,5.593794576163384
8124,5.7388331789303315
8125,7.248784435749161
8126,7.833952481325936
8127,3.365800748117713
8128,9.09074714759909
8129,9.28434754093215
8130,4.288046398717289
8131,7.532052449894806
8132,8.907602829742064
8133,6.33965899816307
8134,7.204084048350589
8135,4.301217185271849
8136,6.185494435952535
8137,4.893736669452776
8138,8.263292004193346
8139,7.7541404823278715
8140,2.7546479140262736
8141,2.8217170682481156
8142,8.725289400611079
8143,2.807672476689359
8144,6.1893372680367795
8145,7.157260424543088
8146,4.46369589644125
8147,9.3264675250905
8148,5.005428941082613
8149,5.009167096101464
8150,8.642548680230608
8151,4.48528268501149
8152,4.09120512613732
8153,4.389623810809324
8154,4.6378545019897235
8155,8.549184917954921
8156,4.594399165192755
8157,4.381491816021471
8158,4.802079459529809
8159,8.735681339861845
8160,1.8520340895665601
8161,6.553242006207452
8162,9.216974265177859
8163,6.4023850495441055
8164,7.664721676616098
8165,4.6652626078964365
8166,4.875844616758107
8167,5.855541471864102
8168,4.389195220022143
8169,3.40526199914207
8170,6.509280366510858
8171,6.12294544620128
8172,7.643473696496858
8173,4.609761768775445
8174,6.59076954743102
8175,5.573147441308912
8176,7.041399402512967
8177,5.6441114546493765
8178,1.772906240570025
8179,5.919546760234004
8180,5.130297115546691
8181,4.569108434236402
8182,6.8367919271098305
8183,3.722905540504798
8184,7.9544493121033755
8185,6.752880890881715
8186,7.550144598524834
8187,6.024529321433278
8188,8.373224659199693
8189,6.873137055239669
8190,8.719511696909018
8191,8.016004090656775
8192,8.765381907451479
8193,4.525413509999348
8194,6.959464424437618
8195,7.074406561715191
8196,4.16360857848706
8197,3.302549992246661
8198,7.181091628536298
8199,0.4302083136723838
8200,5.327727179802105
8201,7.297111312564532
8202,4.134541993278688
8203,4.3408243106834785
8204,5.639409049298114
8205,9.09767970302299
8206,4.500435151832706
8207,8.049328310520902
8208,4.289995097811213
8209,4.759889499292075
8210,5.343730558570116
8211,6.900043834230577
8212,4.435197223821289
8213,5.370285336062584
8214,6.22714253574001
8215,6.220669766729657
8216,2.8301903449216206
8217,5.7954136796339295
8218,2.725633714644139
8219,7.1288225649377654
8220,9.110273997186614
8221,4.252070741442955
8222,4.3503769719778305
8223,8.001661918354033
8224,3.8754878863848328
8225,7.1876287927463665
8226,7.094740091472215
8227,5.149562558566316
8228,4.997697341119098
8229,3.923869256157983
8230,8.939139339278048
8231,7.471825769427902
8232,2.2412502893027035
8233,5.296970730640618
8234,8.275363209803766
8235,5.243839031994087
8236,9.231525112799066
8237,6.799672891952194
8238,4.144860739001772
8239,9.83326658985824
8240,6.3777602184647035
8241,4.9346122694036465
8242,3.241386429641571
8243,6.856848935480556
8244,3.3514968562677074
8245,5.611613247706439
8246,3.3467683432556923
8247,7.554218343150547
8248,3.5016700946702626
8249,4.757021295636037
8250,6.831882625733722
8251,6.229963311207823
8252,6.266500322065663
8253,6.964350119325698
8254,4.909799409741604
8255,5.803833858427327
8256,5.176973148669096
8257,1.863711753625647
8258,4.56182705129416
8259,3.9330080138599706
8260,4.430809477573788
8261,3.4578899037434203
8262,7.146382727015779
8263,3.518873548700321
8264,7.67977646923327
8265,4.855187120638483
8266,6.613238300229334
8267,7.762341517435334
8268,6.245404316753097
8269,3.2392556296129755
8270,4.6910820649803515
8271,6.653673118664488
8272,3.9012894084784264
8273,8.034543052631719
8274,7.271932008909525
8275,9.925722822021793
8276,4.889019094320813
8277,5.519561866450552
8278,4.160212278006564
8279,4.132203986495874
8280,7.3548553506159635
8281,8.247207230292489
8282,6.797356208794812
8283,4.547414267823582
8284,3.783219637662813
8285,8.465379412746021
8286,7.81664860533831
8287,4.712636410676968
8288,7.932622980091665
8289,4.874575158811659
8290,6.388304888857638
8291,5.041302309974762
8292,8.844904724104762
8293,7.1917669427019035
8294,6.129129658639288
8295,5.4256726591319335
8296,2.779526873232147
8297,7.361760609572625
8298,4.152530787170521
8299,9.473718437259034
8300,1.2364520392825296
8301,8.185377197537457
8302,4.365178297261235
8303,2.826027600150048
8304,5.693768568584901
8305,4.472585030186286
8306,2.2786546786845476
8307,7.601360525031121
8308,7.051924388693989
8309,5.962108712982066
8310,6.333746792348302
8311,7.229841798376979
8312,7.606150627443377
8313,5.3583263704264334
8314,6.487334854136625
8315,2.676712321985728
8316,7.128381944181892
8317,6.735714909005679
8318,8.472439931310923
8319,4.164412971327098
8320,4.901551695168061
8321,5.27950921718742
8322,7.423300656487309
8323,6.0966434219464904
8324,4.20638038355619
8325,4.548602146936354
8326,5.225522454554924
8327,7.8674362257634005
8328,7.665471327706558
8329,7.959490031383727
8330,7.673187039263406
8331,5.800023545992616
8332,3.217084951981893
8333,6.363664790558022
8334,4.347707806807764
8335,5.875446807263366
8336,7.118210283008632
8337,4.36462332815312
8338,2.3024477593141093
8339,8.006788328147588
8340,4.908304708716244
8341,8.815151208817925
8342,1.7979963345952399
8343,8.63044050331579
8344,6.496122864629764
8345,7.490484741330053
8346,7.108723785655789
8347,7.257066656319653
8348,7.763862893186134
8349,5.040128863069617
8350,5.275112143274545
8351,6.4609343852600105
8352,8.127593461957195
8353,1.0342313046764482
8354,9.643748732296626
8355,5.832172436201499
8356,6.9338579698310365
8357,1.7954317301599172
8358,6.986116905362462
8359,9.295180046959416
8360,4.472420103412877
8361,6.445394284469624
8362,9.728104147029432
8363,6.923903222176834
8364,4.717828955475177
8365,7.917213327903468
8366,8.974702258764733
8367,3.4306880675425737
8368,6.978089296896836
8369,5.606273498595457
8370,3.1417891891960883
8371,5.545460147998133
8372,6.0374954630888
8373,5.151398228865138
8374,2.5743900768299985
8375,7.375890031610058
8376,7.985040682239834
8377,8.284319665811633
8378,4.223674173733954
8379,6.5130333920554575
8380,2.3288023132438713
8381,1.8957281898551326
8382,5.525621657254064
8383,7.485556390160271
8384,8.006653737394114
8385,3.8104172481379486
8386,8.29660269271092
8387,5.163079703036549
8388,8.008449882052563
8389,7.243591877104016
8390,9.199962229141459
8391,9.42594689940923
8392,6.48553500509222
8393,3.8889766577552165
8394,7.634392301397854
8395,5.696122269756408
8396,6.080377017051428
8397,6.097520017774167
8398,6.5776571318996915
8399,6.093703120112776
8400,6.553012092207363
8401,8.89319602995736
8402,6.1465518631238165
8403,7.291585278924336
8404,6.740681997308431
8405,3.7061981246477793
8406,4.934404597140042
8407,5.840095949126259
8408,7.682722584589577
8409,7.658529168617943
8410,5.394508700143914
8411,6.368598025996054
8412,6.84127006235814
8413,6.188771430805334
8414,4.364565407892483
8415,8.513938303932509
8416,7.581561918107534
8417,3.9962398187656047
8418,5.450358770712518
8419,6.351897033232437
8420,2.669835459885083
8421,1.2560838152317961
8422,6.070507759298446
8423,6.219273363560909
8424,4.842383433044652
8425,4.429308594418702
8426,7.088246666889107
8427,5.306266989425038
8428,8.797918787175924
8429,1.633119235426356
8430,5.9465117691482465
8431,3.9210163141071943
8432,6.509489685148877
8433,7.81149024964772
8434,8.035805150081874
8435,5.358778838107075
8436,5.133200096422873
8437,3.843009768188865
8438,8.13262509113379
8439,7.2162121158896495
8440,3.2615094353018392
8441,3.2589100650298812
8442,8.603796247188033
8443,9.919979740330742
8444,8.154393047461303
8445,8.469396956103864
8446,7.996430566138696
8447,7.176840457454318
8448,2.7589731988446737
8449,3.694434496302944
8450,3.2609666799530226
8451,6.409500652591002
8452,6.61474423253978
8453,2.513799102544247
8454,2.8811312965487916
8455,8.376368812917438
8456,6.255282246195135
8457,8.826398798409254
8458,2.4508971079930517
8459,7.595885670524439
8460,8.747986499060213
8461,5.842485479165245
8462,6.024119551977526
8463,7.818427308709926
8464,2.591356390518597
8465,7.19760442380049
8466,4.187321711197939
8467,3.084941297653445
8468,7.731336563996943
8469,5.738145996865023
8470,4.593321005098066
8471,8.33754972695158
8472,4.174005430465829
8473,4.9280678252802605
8474,4.517470162065895
8475,6.200555973268015
8476,6.4672227493572425
8477,7.990528441459027
8478,6.977703851903537
8479,5.8745051067021254
8480,4.4362497427139385
8481,6.713303396048275
8482,6.500907693755723
8483,6.208731412368714
8484,6.1274981873033045
8485,6.161091910727947
8486,9.24365071007138
8487,4.259331940115606
8488,3.977519942255846
8489,6.509560352894127
8490,5.026502520516106
8491,4.667900376940386
8492,6.1276694343454325
8493,6.476187361149681
8494,6.941084538988899
8495,6.563270094466709
8496,3.3446771973592746
8497,6.849230894589556
8498,7.318341034180529
8499,6.30952167076229
8500,6.265271837570319
8501,1.4869543280534425
8502,4.697683626287225
8503,2.6585274466259166
8504,7.379787101241872
8505,6.792837411152179
8506,5.748022932316305
8507,7.026328429932737
8508,6.928058608069811
8509,9.209522673899993
8510,8.455913877753071
8511,6.904829353205161
8512,4.693118869575604
8513,6.9296184377533
8514,7.286119426716176
8515,7.098691437235873
8516,7.0441897827155895
8517,6.6006001932016645
8518,4.8940860365332535
8519,6.013827627819298
8520,3.3260910587023553
8521,9.711559764677192
8522,3.812352872454036
8523,7.898511030444171
8524,4.568051792353048
8525,7.758614359714971
8526,7.774628929695138
8527,7.395839084635274
8528,5.9209079414587515
8529,5.194665454781997
8530,5.711578056130319
8531,3.43672928312757
8532,7.496207872723322
8533,8.726883225487787
8534,3.949518688839892
8535,6.278809979188921
8536,2.7377513091575336
8537,7.916502189790689
8538,9.672003438981962
8539,6.264221744326849
8540,6.874028428816162
8541,5.468461815876273
8542,1.5749807171759465
8543,3.487658617138073
8544,8.459247181028008
8545,7.481659989492536
8546,4.128224631747818
8547,7.283101763369009
8548,5.484549211597254
8549,7.650513092973076
8550,6.910082902358589
8551,7.73211150117159
8552,7.279710048135746
8553,5.809405101488865
8554,2.4881110431800435
8555,8.111217698769082
8556,6.952717105053418
8557,6.093998375140312
8558,4.888275997363223
8559,6.219299699449357
8560,4.0458038050178615
8561,5.967980622333384
8562,7.596583258846249
8563,8.880847365999523
8564,7.286130152202999
8565,4.767206573485552
8566,6.624811017795044
8567,7.624962614651139
8568,7.149050868973902
8569,8.233956939359038
8570,9.922318071772214
8571,3.229453929040203
8572,5.165439649829566
8573,7.410267324287483
8574,5.131982678529541
8575,1.8735135859705718
8576,6.037409131752841
8577,7.35616745711808
8578,8.312470289531793
8579,6.300608212545297
8580,5.298545335529891
8581,5.098967317208005
8582,6.717392599691253
8583,6.118416559706398
8584,5.6662939792885485
8585,7.7639033756217115
8586,3.2457181379246633
8587,7.95475656686564
8588,6.167817936506474
8589,4.867387329254173
8590,9.327201156648735
8591,7.037004230354251
8592,2.9720325389073183
8593,7.102887029764624
8594,7.430919705676763
8595,3.87728538814054
8596,8.06473499898434
8597,7.283998511306237
8598,6.084736557134378
8599,3.2680633604964378
8600,2.287079674534233
8601,7.545505612916908
8602,2.586062436954375
8603,1.5908048205800107
8604,5.0134598524492135
8605,6.184353755148753
8606,7.0241027627441355
8607,3.21424008041859
8608,7.857788594167002
8609,5.990841832385997
8610,6.2318907959652465
8611,7.991839881019137
8612,4.456438279471529
8613,4.952884393166402
8614,4.93072154962745
8615,7.64577203050534
8616,4.894599283572669
8617,8.514928969586604
8618,5.34533282828931
8619,7.29582636675283
8620,7.926576289182956
8621,8.680162305514157
8622,7.861543707574138
8623,6.06045141876385
8624,6.35511438877836
8625,7.26710237226374
8626,4.98111812437578
8627,5.709657796122443
8628,6.575124933832851
8629,2.1887509284870825
8630,6.240892460710894
8631,6.880275229327924
8632,6.565521622209184
8633,6.609223434381386
8634,5.747221183779306
8635,7.739299838080309
8636,6.379914880833445
8637,6.453796248093558
8638,8.69528967558374
8639,4.625389149810401
8640,9.318089086839894
8641,5.286656917079321
8642,1.19471026794587
8643,3.759564767368235
8644,6.502837502164622
8645,7.665696340628278
8646,6.368562147506916
8647,7.6381994217710005
8648,5.229280139299852
8649,8.727948841028699
8650,6.712435415939963
8651,5.701961598691125
8652,4.8247077534276315
8653,7.985131791226168
8654,4.442697063170763
8655,7.532708606850198
8656,5.603668301836659
8657,3.8834114243758577
8658,7.336771255348772
8659,4.879687115369319
8660,2.611154882787267
8661,5.103299175540556
8662,6.992371529284547
8663,4.764163940621961
8664,5.911176119934618
8665,5.775089367139307
8666,4.230067201724919
8667,6.847414528995005
8668,4.9314770212481065
8669,6.020378956867445
8670,6.975166660680967
8671,9.01632025354726
8672,4.892102442602971
8673,5.553877909269706
8674,7.080125286790542
8675,4.262949005046343
8676,6.986185972444007
8677,6.386918701899762
8678,6.634343458849905
8679,7.338142319147446
8680,8.22820655740818
8681,8.124904425989381
8682,4.265376331601144
8683,3.6476318757112254
8684,9.847175514556248
8685,4.214732754916287
8686,6.199929349029345
8687,6.76693147022104
8688,8.010760020980282
8689,7.121425198012827
8690,5.7281563182342286
8691,4.310761193351705
8692,8.166986415633048
8693,10.0
8694,3.3740494593878028
8695,6.185504955783908
8696,6.291125875412426
8697,3.3392202846850543
8698,6.050758917708447
8699,4.625698894428335
8700,8.784153815046553
8701,3.58037200340515
8702,6.506762687480173
8703,9.976587243471101
8704,7.670143436658447
8705,5.852023465729408
8706,4.873940513981607
8707,7.766919869853552
8708,3.2682374097805975
8709,5.186085989301263
8710,3.7581083654575673
8711,7.172683231800778
8712,3.2775174340721565
8713,4.86273821057288
8714,9.396015294976793
8715,3.678745753980576
8716,4.24408609341735
8717,6.092616852313202
8718,6.820413128628159
8719,6.206956690983477
8720,5.681105452875109
8721,3.6952992453322677
8722,4.2848104648582135
8723,2.431932071811519
8724,4.833642664821592
8725,3.4040402755736117
8726,3.5720937983053114
8727,8.057319942752585
8728,9.02703793753828
8729,3.8113029094499256
8730,4.810557264031617
8731,7.802398828553374
8732,9.693824950808317
8733,8.354580197958573
8734,5.685591520923164
8735,7.350943775397184
8736,8.045486781809341
8737,7.977868946445352
8738,8.209999565875531
8739,8.102318718013255
8740,3.4558126397034363
8741,5.481759199480001
8742,6.0335133357973945
8743,5.329385337878447
8744,8.637858298832182
8745,6.490992570356321
8746,6.951601556562513
8747,9.46714887951047
8748,3.2025682578139536
8749,4.26586592173395
8750,3.246260230185931
8751,5.123699420936003
8752,5.4077473357597
8753,7.747361047801528
8754,5.281487246039009
8755,6.5552451055222445
8756,6.831319048680212
8757,0.04127381142698609
8758,4.894487412821716
8759,3.2668294847539143
8760,5.176455870910703
8761,5.883907567588193
8762,6.239493781767546
8763,7.798754588726625
8764,3.309980618510379
8765,9.106418571791387
8766,6.938884048998991
8767,9.088066615848033
8768,3.863651948385878
8769,7.405814240428415
8770,8.916369634227463
8771,7.670054054323171
8772,8.45944490518015
8773,5.368759324196311
8774,5.653704317110594
8775,4.923215500992863
8776,6.700956502565218
8777,6.670078394100254
8778,6.632870326064061
8779,5.957948477718002
8780,6.756579061263652
8781,4.979002527994223
8782,6.192594864913604
8783,6.966261603658923
8784,7.977005273326013
8785,3.285043970622308
8786,3.552360631935449
8787,2.692035941838788
8788,5.491074400495388
8789,6.5826455576283704
8790,8.465145823464521
8791,6.936403341139791
8792,8.282032949831878
8793,5.401647957894207
8794,5.0689302203542566
8795,5.128878145274849
8796,3.1109641014857643
8797,4.249738337548105
8798,7.463736686784756
8799,5.354115082663253
8800,5.00015852519369
8801,2.8741164704272633
8802,5.160386989607497
8803,6.606608237354356
8804,7.974933819622973
8805,7.211954300035006
8806,7.113085566291258
8807,4.24936864515785
8808,7.212813469025315
8809,5.7330745604156546
8810,4.832993222509562
8811,4.950874376294667
8812,6.048906581456746
8813,6.578039623508651
8814,6.918055973942737
8815,9.29034368343836
8816,6.640594285254568
8817,6.618235363489665
8818,5.862062919533559
8819,4.788839282615265
8820,3.021722671608112
8821,9.333321580556994
8822,5.382904358523984
8823,8.02803408673443
8824,5.910421743412236
8825,8.297673911568008
8826,9.337021562447607
8827,5.613850349697637
8828,6.317895325149136
8829,6.068604357737281
8830,5.044211497327472
8831,6.7727865690600995
8832,8.971342036879495
8833,5.751718746282329
8834,3.1697205187097053
8835,7.763151104398067
8836,7.452084730183492
8837,8.164617950332692
8838,5.542943276158396
8839,6.682417686261433
8840,5.936425226146115
8841,5.640181799732684
8842,4.709515313011952
8843,5.896419344632167
8844,8.430153855582821
8845,3.9251700376136704
8846,6.400511805149928
8847,5.100111500395282
8848,6.3020954018513455
8849,7.811733950406632
8850,7.161352300227492
8851,5.8462707674996555
8852,4.777192654895288
8853,4.131531555704486
8854,6.509574157254619
8855,9.175856583295607
8856,5.0106271113185725
8857,4.614344150268211
8858,8.64776212411617
8859,5.990386064562288
8860,3.7640250049618897
8861,5.987779982169808
8862,4.414396767074957
8863,6.783647606633179
8864,6.467876076513171
8865,6.304568022873147
8866,6.682255512584
8867,5.254601230059002
8868,6.678800473569995
8869,6.738282926772191
8870,6.706747706829742
8871,8.408884290399502
8872,6.653425729919901
8873,3.648507713840355
8874,3.0696116627502104
8875,7.169930739275628
8876,2.2036065720754046
8877,9.11832536418791
8878,2.7940534779817505
8879,7.485187081129647
8880,9.063466486111846
8881,7.90413109703901
8882,4.707280104742767
8883,7.287997256479433
8884,3.9937424141176407
8885,5.014651497460337
8886,5.035660467942898
8887,4.9910313515546205
8888,5.085006170850818
8889,5.522267174492404
8890,7.912889666296084
8891,3.690619662973691
8892,6.369109397131898
8893,5.934882202787145
8894,7.499290420304054
8895,2.4029608698340787
8896,8.16521374447556
8897,5.389145636531185
8898,7.605723237429409
8899,5.112868076322871
8900,3.8471984004153095
8901,7.655055521248575
8902,4.484430600512736
8903,6.3012064163103485
8904,2.8177925078083175
8905,7.1038196928266
8906,6.581557205481312
8907,6.160594591994848
8908,6.662002670026043
8909,4.05907779795306
8910,7.958067883568262
8911,5.848741791465577
8912,5.2049953153747195
8913,5.331855888885783
8914,5.53535375597045
8915,6.355778575145708
8916,3.206500822410516
8917,4.888946729751948
8918,3.6927326610721414
8919,6.784629090784764
8920,5.187123456051117
8921,6.612570702765511
8922,6.618961259362419
8923,6.238669179504192
8924,6.026210560585588
8925,6.049492025710089
8926,3.4833382896806286
8927,6.687182972734445
8928,5.571054551757049
8929,5.621106422575442
8930,6.659054182672838
8931,7.087897630160735
8932,7.872940918696176
8933,8.009665277346778
8934,6.347563509073934
8935,8.639686711590134
8936,7.52587748267256
8937,7.878790268368228
8938,5.494895568430659
8939,3.3812351494874426
8940,6.984023887908284
8941,5.744655492518292
8942,2.245779143584877
8943,6.908737527021687
8944,8.628850175309056
8945,4.945254025968244
8946,5.866513946239351
8947,6.57158063077334
8948,7.952602040446064
8949,6.200170847899922
8950,6.233457373269059
8951,4.6817248796693605
8952,3.346089596983456
8953,6.141486747743489
8954,7.399059050633348
8955,4.268109717977529
8956,5.231536646972025
8957,4.876584137602971
8958,5.486748310651844
8959,6.978562949008902
8960,9.070743119738726
8961,5.874938347003324
8962,3.6690531094709327
8963,6.750545021970792
8964,6.0275545154615155
8965,5.035335223971073
8966,5.17955610351404
8967,9.342544909705598
8968,4.964602066854416
8969,7.984682482086704
8970,5.971969256799103
8971,4.219554215154632
8972,8.320963502857634
8973,7.881330566838642
8974,6.441276626610696
8975,5.227028336969694
8976,8.400631413721914
8977,5.864990652104305
8978,9.195971138028966
8979,6.640977143981866
8980,4.506922925089478
8981,6.585130813870984
8982,7.529424051117767
8983,8.545414089938642
8984,5.844009510742373
8985,3.9427515677139953
8986,3.884381174116556
8987,5.214706032668288
8988,3.9417094416864176
8989,3.798359814212246
8990,7.043077833967767
8991,5.137195272476373
8992,4.157452318231135
8993,5.773407650334298
8994,4.107119167344582
8995,8.393709065633228
8996,5.408219377652356
8997,6.9729243376170915
8998,7.064072592377881
8999,7.944704987731434
9000,6.993433381748337
9001,7.2086173431041205
9002,8.114486832366115
9003,6.3352703694259915
9004,7.652433010779594
9005,3.1407077632929634
9006,6.6638966761293
9007,8.710126821714335
9008,5.801524947458303
9009,6.239585400267965
9010,7.960344979453565
9011,5.015591083761525
9012,2.425906173411289
9013,6.953658355294657
9014,7.629361255087559
9015,3.657603318176837
9016,4.723909343162821
9017,6.530707723399222
9018,5.937767838932883
9019,3.625084907555723
9020,6.409802525007836
9021,4.527393718344674
9022,7.775171420396639
9023,6.190587329618699
9024,7.175410615613478
9025,6.244916521483986
9026,5.651541163314854
9027,6.810894165489984
9028,5.420291557184987
9029,4.527262323637845
9030,5.2062746784649985
9031,6.084847870185625
9032,5.306126149022088
9033,4.91786604470435
9034,7.381821334113207
9035,6.32172712784753
9036,1.8141160016056606
9037,5.7590091844110605
9038,6.566179861694856
9039,5.5473875630262075
9040,6.937296283664321
9041,4.4603754414820544
9042,4.050134167631673
9043,5.946485642235968
9044,4.507505828540319
9045,2.0301868482126393
9046,6.444840244330396
9047,9.557719033775097
9048,8.060055801934592
9049,9.969578116688494
9050,3.945913057422774
9051,4.605666093786501
9052,7.141378865987116
9053,3.587311191825742
9054,4.048280630253428
9055,7.957529923882667
9056,7.978044258400547
9057,8.499116501059973
9058,9.502617947204186
9059,5.802335724444897
9060,7.5410268725887475
9061,2.500739933573569
9062,5.270882599328722
9063,5.083227790766925
9064,6.3974419397443745
9065,6.635258374073741
9066,5.174889758069079
9067,3.5925719910152942
9068,6.556403567961984
9069,6.451822121876306
9070,6.722433791712504
9071,5.828140267465415
9072,8.693416600028973
9073,4.399970172312079
9074,2.6984946445519027
9075,5.957649913105817
9076,4.776990783114043
9077,4.90490965080429
9078,5.944595210272029
9079,5.38537870385136
9080,3.5705335298961005
9081,3.8499139110530782
9082,7.1314234656945015
9083,9.999480366506484
9084,7.095203076846377
9085,8.300691317452351
9086,4.661694637695429
9087,8.161622326190727
9088,4.310797030435704
9089,7.023404717296806
9090,6.506007481969263
9091,1.7701267784507515
9092,4.277177950625189
9093,8.058636321822663
9094,4.087078830027404
9095,7.421303014326715
9096,9.391749519973212
9097,7.372037544720773
9098,4.490428098005094
9099,4.996874108790401
9100,9.61723164333866
9101,7.528819245363406
9102,5.410642703234851
9103,6.138787473873575
9104,4.622708599108443
9105,7.652270638440396
9106,3.9718751454706966
9107,4.858741276999386
9108,3.74622502148807
9109,6.682487717696278
9110,7.345318836465637
9111,5.5210395906270024
9112,2.3249016228991213
9113,6.1516125604260825
9114,4.713822596520366
9115,6.120816701523031
9116,3.5128410072885523
9117,6.33043415192255
9118,7.953570538697617
9119,6.622739646607802
9120,5.465623796233602
9121,9.476920816190667
9122,4.223584321767953
9123,7.930027964101612
9124,9.814773560280042
9125,6.127634966665856
9126,4.867203386368077
9127,3.817834931482365
9128,5.864426941408807
9129,4.477746553009521
9130,6.192867742604837
9131,5.1841038740242
9132,6.982874570207896
9133,2.3931901534651305
9134,4.814331366240438
9135,4.58659539439696
9136,6.661001995414348
9137,7.550071977096458
9138,4.957941128970819
9139,5.356626782819814
9140,6.094474240672847
9141,5.61457008500099
9142,8.096863313103583
9143,5.771646466561802
9144,1.9714763160398436
9145,4.036178504243296
9146,6.042759008962579
9147,6.3986459205621475
9148,6.836005752990727
9149,5.624406309896755
9150,5.707367879187233
9151,5.432957478079998
9152,6.878247787120647
9153,4.984579218640893
9154,5.67616464801976
9155,5.621875070530661
9156,9.216021176181892
9157,5.332247373840872
9158,5.251636175848736
9159,5.4883392501850725
9160,4.654600942637724
9161,7.896913463397732
9162,6.533118930124618
9163,4.888688473833139
9164,6.720900621942524
9165,8.126939971990954
9166,6.484941890055578
9167,4.127690091690445
9168,6.452753398409553
9169,7.464183164504318
9170,5.596774013462488
9171,5.1891400780162815
9172,8.308116643587175
9173,6.221581414343531
9174,5.45256217575307
9175,5.331660465101798
9176,4.026841243622852
9177,5.013311736407507
9178,4.47408229268112
9179,4.440965323841338
9180,7.35014541263197
9181,3.9096579580556208
9182,6.562067841749295
9183,9.96239269051497
9184,6.941400863861378
9185,5.647973502117241
9186,3.7526288284632394
9187,8.323770863612983
9188,4.8964963322940775
9189,4.454590061577636
9190,5.502918394841069
9191,9.584720383568994
9192,5.861784971139
9193,5.277342841002076
9194,7.4802710742681295
9195,8.34960802002406
9196,8.886735054280237
9197,5.418061692041406
9198,4.019927770552959
9199,7.6215151022085905
9200,4.711751713493732
9201,6.949930522137867
9202,4.231436871196648
9203,3.7701114993827347
9204,2.0853107363062584
9205,7.974098850164127
9206,7.235659892610177
9207,4.414490993483561
9208,3.410165271386314
9209,4.478952277138936
9210,8.808360180065614
9211,5.630251055978141
9212,5.5338842323085045
9213,3.9646413241622285
9214,5.767131153675346
9215,6.585970300321927
9216,4.1519657853459675
9217,6.658263333548108
9218,5.716934095083204
9219,4.066081706625974
9220,6.420353668407768
9221,5.109567250811063
9222,2.2754171882974106
9223,4.7338650714216115
9224,5.9071528232599855
9225,3.198949075482031
9226,5.0593677179054115
9227,5.8091831537954945
9228,5.056257465100439
9229,9.531629750530097
9230,8.833308955064759
9231,0.8425307565731217
9232,8.7544331699761
9233,5.637226260015337
9234,3.7987827206043043
9235,3.0805459814687097
9236,4.391301674413711
9237,3.84627665913109
9238,6.757699934982357
9239,4.135507666490282
9240,2.852392504387133
9241,6.83236244715016
9242,2.9082747656771977
9243,5.951128505795933
9244,5.81001641290444
9245,9.19351520715389
9246,8.28331141781037
9247,4.412944867905379
9248,5.608698424807864
9249,3.6553418084278078
9250,6.373549326874036
9251,5.903610578180015
9252,5.027615629364337
9253,6.08399433758464
9254,6.179039671655741
9255,2.8806832162065783
9256,2.8233902283229013
9257,4.4259913017483985
9258,7.341815591705054
9259,4.017481463351862
9260,6.871684253379708
9261,5.038792432931229
9262,5.5778625877016355
9263,8.41162751210317
9264,2.7358893436152023
9265,5.345744172887845
9266,6.408622403770357
9267,7.6065925511774655
9268,8.786734403059862
9269,7.135209355835445
9270,6.144653171655174
9271,5.833554506621208
9272,7.170842054243321
9273,8.296422300779032
9274,9.368567408647062
9275,4.706661825899029
9276,9.588850400871172
9277,4.258126311469502
9278,6.355536858395084
9279,8.525834327573989
9280,6.205609091832775
9281,5.524910944961032
9282,3.5002979363917985
9283,3.980244181056822
9284,7.133539034534792
9285,4.37166513712249
9286,5.984768752019164
9287,2.247065549246739
9288,2.1996699625593705
9289,7.358017216183541
9290,8.472721095439166
9291,1.9718309507612055
9292,7.693691483972434
9293,5.477293592928757
9294,2.3523111810886475
9295,4.993186388249355
9296,5.49654387111961
9297,7.620489461706403
9298,4.846166795232188
9299,6.269190396375479
9300,7.532458835126486
9301,3.8147567022346465
9302,5.035053735443564
9303,2.0353957030784753
9304,2.9578309716086384
9305,5.683526626639647
9306,3.138220999428208
9307,2.0258078683976626
9308,5.12475068476108
9309,6.182601277540509
9310,8.024385926356578
9311,9.079962934399818
9312,2.3452707765203225
9313,7.248388222060723
9314,9.344971154918907
9315,6.890290193096964
9316,4.330478468968307
9317,2.29947771160771
9318,5.694772924465286
9319,6.644523201191802
9320,6.837752813414008
9321,8.28050844599266
9322,8.02575203056024
9323,1.5703448676597762
9324,2.549353829918057
9325,6.2907801912810495
9326,7.689891690918619
9327,6.794646838056655
9328,3.8550918178874922
9329,3.6691579249154858
9330,1.862777009554532
9331,4.702941505202508
9332,2.848538142594969
9333,4.450896636993448
9334,7.396508631893967
9335,6.8019871854266585
9336,4.668564066070148
9337,8.891314890666443
9338,7.296889958729514
9339,9.086690940602466
9340,7.298985258407565
9341,5.677988441892912
9342,6.2382718014348395
9343,6.512628477846796
9344,7.07983751879609
9345,5.522706384389774
9346,4.935493136097937
9347,9.35669517769597
9348,4.906254779230553
9349,6.500271747251398
9350,4.999185465646225
9351,4.98773127953754
9352,7.001213307375115
9353,4.775113230706866
9354,4.722728198271268
9355,8.526763065416445
9356,5.383050649260357
9357,5.38098889503638
9358,4.532885010571476
9359,7.926592096088276
9360,6.045176898443373
9361,4.9044905108731
9362,6.1184142045532655
9363,4.705461218440005
9364,6.9180077010846714
9365,3.37940165539012
9366,7.064206354677959
9367,8.76861067585738
9368,7.636536079101083
9369,7.723322314566299
9370,9.388348161339279
9371,6.318410484908069
9372,6.250936408996877
9373,4.669802349456603
9374,4.016409780206551
9375,4.492417333243386
9376,6.889377415492897
9377,7.534198110902677
9378,3.4569113748709106
9379,6.563625425893885
9380,3.882972298333198
9381,6.514815994408197
9382,3.11759976151817
9383,4.95788874013726
9384,8.421071635183704
9385,5.601376448554601
9386,4.4510740101560495
9387,4.884905753437735
9388,4.6679622977763175
9389,7.869181291179599
9390,6.2416006700250275
9391,7.178966411117631
9392,6.265707036556004
9393,6.796031870871344
9394,5.164145378415482
9395,7.051518578624803
9396,5.206890246239434
9397,5.44073633545436
9398,5.09335778346385
9399,2.642251207382444
9400,3.778084175049276
9401,5.14186308304319
9402,0.8174372187550981
9403,8.249141150111841
9404,6.37794525808769
9405,5.581029331712939
9406,4.9115387072292
9407,7.0572628009506815
9408,5.302123830624451
9409,6.515522177614829
9410,4.771270173353574
9411,3.498457250746996
9412,5.607645826326758
9413,7.1164983991116015
9414,6.253547374796787
9415,2.7853106423870413
9416,9.645111797597774
9417,5.527015701063929
9418,7.753672981873533
9419,5.069987500132069
9420,2.9354009073136402
9421,4.082053489873353
9422,5.710118876489821
9423,4.029925087894125
9424,8.278878844813821
9425,5.563543264042273
9426,7.075100485868097
9427,8.85400877911778
9428,1.9445667168109815
9429,8.976136354781087
9430,4.971376097345514
9431,7.013479936841165
9432,2.6700967025082774
9433,7.637269078581172
9434,4.607100227754683
9435,8.397576239922136
9436,5.636978977519684
9437,7.499253687124413
9438,7.052224236333716
9439,5.958679010482197
9440,0.5232623616694847
9441,1.1103797273557237
9442,4.119286545338129
9443,3.9126085615670996
9444,4.940909929383926
9445,8.25671195407229
9446,8.246706229617274
9447,7.702872566803963
9448,7.802921659083074
9449,5.524956104442018
9450,4.931179065382176
9451,7.584027586409074
9452,8.686900399347476
9453,3.2702263743452717
9454,8.791749969372692
9455,7.432979011313627
9456,7.650144007812459
9457,5.761481770806929
9458,8.072643114919194
9459,4.63438116242571
9460,7.037283036446962
9461,6.38481667707494
9462,7.977851307250921
9463,5.33878109441243
9464,3.1424846246183655
9465,4.173643714440155
9466,8.08713067655157
9467,3.8696427306466767
9468,6.3248164157384466
9469,2.8171039137255565
9470,6.002562823110807
9471,6.9717486494369
9472,6.1814452530385475
9473,4.702797597024355
9474,0.8763251708656272
9475,6.557721127346399
9476,3.6316989198566993
9477,5.855719451896932
9478,6.871227808827473
9479,7.470279746461301
9480,6.473168449997786
9481,6.079691773921214
9482,4.577657028083605
9483,6.7485909695219135
9484,2.976693481684092
9485,8.750692311856735
9486,6.026300563307679
9487,7.6225365807245655
9488,7.614069074813441
9489,5.722204599118331
9490,1.8646586335451978
9491,6.289022580422767
9492,6.582422849456033
9493,6.538519463638652
9494,6.769537143853576
9495,3.396795509992638
9496,2.8973867590406024
9497,7.143036399696326
9498,6.160650765811289
9499,5.991455621502974
9500,6.231145766515241
9501,3.404785661818822
9502,9.176613477345297
9503,2.5062977240189372
9504,8.926256605005493
9505,4.490105347725209
9506,6.812820802076703
9507,9.28032714109032
9508,7.399271986503149
9509,3.295453166169321
9510,8.459284684858606
9511,4.564654710920306
9512,4.677592232358421
9513,4.030630170125147
9514,5.341600532529251
9515,8.994729965226114
9516,6.232675666626676
9517,6.536601656693233
9518,4.820039454538609
9519,5.4074193152709515
9520,8.510245668555006
9521,5.745098121779762
9522,2.5372119898187004
9523,5.368956883462234
9524,6.005769855914373
9525,7.100462164187979
9526,9.04957871312442
9527,7.644309677576385
9528,5.538711767595499
9529,3.4207489513877682
9530,4.933433941700629
9531,4.4817523356419375
9532,6.79643665310567
9533,5.194103893244238
9534,5.212168304186836
9535,5.388096477298985
9536,5.104020245333286
9537,6.379160833473253
9538,6.31190245547983
9539,5.753900017125426
9540,4.022974526466437
9541,2.7790624316594825
9542,5.250814086009612
9543,4.879152166324606
9544,4.184390888999599
9545,5.817354618420701
9546,3.071016344766968
9547,7.568307882316963
9548,4.624352261736206
9549,8.931856770441264
9550,2.25518933555892
9551,6.624982906668356
9552,5.315942749831388
9553,2.2845004544172096
9554,6.227616706694657
9555,5.306212367676883
9556,5.635005487492249
9557,6.825674875619493
9558,5.326906992892894
9559,4.737216348940836
9560,4.021230793787408
9561,7.057297642563652
9562,8.871728414225958
9563,2.245995730031421
9564,5.7151591645268995
9565,7.784017269023837
9566,6.075780126120198
9567,3.7111102108917065
9568,5.73075359413194
9569,4.383269953855239
9570,3.4190313832077686
9571,4.588507998477527
9572,4.529236118126187
9573,6.951303322756042
9574,7.867467417420334
9575,6.9098467259291665
9576,7.854066430101897
9577,5.3412015717903545
9578,5.954240244388453
9579,6.1889849455288495
9580,6.429138396200564
9581,8.00181344065108
9582,4.566609877629749
9583,8.71550969854969
9584,2.8757824031222663
9585,6.664264641635657
9586,5.429366273607886
9587,7.6607372702454
9588,3.9805512474412916
9589,6.248579238987022
9590,5.9375312869475305
9591,5.679914105926381
9592,7.519886097107249
9593,5.442744509758086
9594,5.743103483231051
9595,6.197644585455433
9596,9.052330349008935
9597,6.545216572333013
9598,5.614952858466486
9599,6.329443915800918
9600,6.24914293800317
9601,4.51674417339799
9602,5.875223033193933
9603,6.360077075977415
9604,8.91906141413599
9605,5.271269267436555
9606,6.791549248079852
9607,4.856745085488169
9608,6.448228639141161
9609,2.8039021118318543
9610,5.8462305878317125
9611,8.354231709271355
9612,4.030848613421995
9613,7.187379929984809
9614,3.825464426412869
9615,7.662890663820822
9616,6.915104845264596
9617,5.971160207395394
9618,7.1761891766542805
9619,6.171908580046084
9620,4.6337096215056635
9621,5.136408988218739
9622,5.325903734626949
9623,7.724062202306588
9624,6.232013368078302
9625,6.105943738380112
9626,7.227305883141144
9627,4.964408139606925
9628,7.592398098060303
9629,4.3455839075843254
9630,7.542395932165226
9631,3.117712111467325
9632,2.171443620839324
9633,4.05524136754971
9634,7.110838919817733
9635,4.299232154026954
9636,3.5235765897660642
9637,4.097865834036856
9638,8.038031985072047
9639,5.7140632931481905
9640,7.2385582293057595
9641,3.774049903757137
9642,3.741873257970899
9643,4.492702899273229
9644,6.307350319399335
9645,5.80799043117575
9646,8.114103404953285
9647,7.949907117472523
9648,2.616948663336861
9649,8.552125802284959
9650,5.762672868978956
9651,7.893944847628549
9652,9.294887992412049
9653,6.000584590125633
9654,8.159034599325071
9655,4.151967343646907
9656,9.991891940363221
9657,7.831714954231752
9658,3.4158556212437303
9659,6.797999889381922
9660,4.955037983793678
9661,7.769287553332186
9662,1.6346902624959285
9663,2.064860770520663
9664,3.3679325896472343
9665,7.751030448534038
9666,7.8129116448029565
9667,7.971015619075129
9668,3.0522484548921764
9669,6.794186826921174
9670,4.063895484289455
9671,2.694544517544479
9672,5.529930299880162
9673,7.833129590676057
9674,4.510029739283636
9675,6.276494468851098
9676,6.471500421138273
9677,8.465791800044943
9678,5.0011827555977435
9679,5.291123835645944
9680,4.82083001510521
9681,7.645174242116747
9682,4.288659117311702
9683,5.947913151186558
9684,5.815593580829629
9685,6.191365059887901
9686,5.890869562058437
9687,8.33293172744454
9688,5.974618396620232
9689,9.24892957909222
9690,6.019076416849323
9691,7.274454509565179
9692,7.09481552412913
9693,5.499960486744133
9694,3.5424338277726397
9695,5.945944626884185
9696,8.764371477286696
9697,7.814364037976928
9698,6.594954869872376
9699,4.010354992248524
9700,5.922060691507349
9701,5.984395107878979
9702,5.080997339096078
9703,4.919835933163358
9704,9.989810866977354
9705,8.495494519088396
9706,7.174707438046406
9707,6.116437728124724
9708,7.052953215606323
9709,5.6182076349261445
9710,2.572364776826082
9711,5.548823157057464
9712,8.981845821121363
9713,8.06862389195912
9714,7.040430881933132
9715,6.864289325684437
9716,4.428560177330489
9717,0.9595969234216899
9718,7.030065542576959
9719,4.527300170369653
9720,8.580328814852507
9721,3.0327986853282374
9722,5.965418384316965
9723,4.37835184098229
9724,6.860833219938376
9725,8.474926938629244
9726,7.054070304836417
9727,6.466232379379039
9728,6.899067068346659
9729,5.244117698933552
9730,4.608739176611783
9731,3.3905232374224723
9732,6.726070955849049
9733,8.647360790548612
9734,6.824605961386548
9735,7.674578287018193
9736,3.283159405384553
9737,8.246290004325356
9738,3.3289214588851666
9739,7.83376519146631
9740,5.836536038141834
9741,6.866924401351153
9742,3.326706686566817
9743,6.8831089144544695
9744,5.109572138552824
9745,6.107596725549669
9746,6.827025963897465
9747,4.684592448686034
9748,6.202618713761586
9749,5.515747667576477
9750,1.909014166940922
9751,5.752113125336524
9752,4.038235502965715
9753,9.049126977959414
9754,8.884971175072337
9755,6.703347521625079
9756,6.572293482401305
9757,6.688990663064347
9758,7.038877631749335
9759,5.743450251626219
9760,6.838746365125681
9761,6.64085180596999
9762,7.0382745674476554
9763,3.5208835490978165
9764,9.143587206026613
9765,5.909866846111814
9766,5.573809309635415
9767,5.878719115842384
9768,2.6225476065500426
9769,3.918765430959818
9770,3.426970984351455
9771,5.617503898445273
9772,5.226523066330662
9773,5.63043084485588
9774,9.394071435648913
9775,3.3874791194178067
9776,4.83409360802888
9777,6.623071304530379
9778,7.9351736642054265
9779,8.281478390008873
9780,5.389712621165406
9781,8.831147958412817
9782,6.78009774801834
9783,7.3961059447108015
9784,5.754292543794022
9785,6.11069844523307
9786,8.689152890102696
9787,3.2518354223892145
9788,4.210588011212797
9789,8.233467892232344
9790,4.77125027841643
9791,2.4812040917548743
9792,3.6379951341565806
9793,9.677092316989356
9794,6.605652019833029
9795,7.317587657131078
9796,4.205542079717305
9797,5.866242115402952
9798,6.939414313204123
9799,4.528085890159899
9800,6.2086722149416
9801,6.92078371827516
9802,8.501460452984174
9803,3.850539998033832
9804,3.3739101628662787
9805,4.693817789919083
9806,5.786819069319951
9807,5.382257044558925
9808,6.401998718830117
9809,7.380080611670469
9810,2.2362804455744008
9811,7.901552266150555
9812,3.5191101564906737
9813,4.342038828277174
9814,5.766699284097046
9815,5.177397547547322
9816,2.3916003263749666
9817,4.81427057441537
9818,8.143288281853637
9819,3.226388364346087
9820,6.9622650498817205
9821,5.034503422868727
9822,5.17348560187367
9823,6.561856516125454
9824,6.463053998419104
9825,8.358832170819145
9826,7.758635391208425
9827,5.375805528591492
9828,6.581581199033147
9829,7.130991311171428
9830,4.179339994657378
9831,7.0716860468907
9832,6.736895217659852
9833,4.780569342912694
9834,7.908604613955433
9835,5.587480758848706
9836,5.617578896584925
9837,4.703756609296002
9838,4.520806866345607
9839,5.15015726193556
9840,7.657156415993251
9841,8.84326683265095
9842,5.011840488014242
9843,6.4552331709430515
9844,9.817336857779054
9845,5.298298081708377
9846,8.299069811294057
9847,4.255399504664024
9848,8.581973307363828
9849,3.32467636307042
9850,6.57957812764766
9851,5.648363642017931
9852,7.920323616851148
9853,6.423589231068663
9854,6.435735571066038
9855,5.888680982639833
9856,5.665476622350182
9857,3.5760052936856694
9858,7.296967126095677
9859,8.091508484401274
9860,6.339027742777709
9861,5.693464966012179
9862,7.092774996269801
9863,5.839224320101362
9864,4.563870099279958
9865,4.952463365426665
9866,5.896660288231348
9867,8.344316585625185
9868,8.742360942629293
9869,2.392291807859901
9870,6.408958879183297
9871,2.9637634156390638
9872,9.423968352341348
9873,6.017326225489166
9874,6.788543943774933
9875,5.440918641378502
9876,5.236921811009932
9877,7.744455386207681
9878,5.127005001679803
9879,4.067896893854505
9880,5.725037839063735
9881,4.789241288658234
9882,4.768320754756019
9883,7.26283328991055
9884,5.285287442167044
9885,6.680632245714207
9886,3.852095333798725
9887,3.7519786240757957
9888,3.5913624167847047
9889,7.6050509535117214
9890,3.6558504894174555
9891,7.974782015513092
9892,7.623000606264239
9893,7.55786735711545
9894,5.471360027791894
9895,6.992472623441823
9896,4.521023662030712
9897,6.935437810961115
9898,8.303192244046567
9899,6.595801883057083
9900,6.794237253050122
9901,6.7296529790991375
9902,2.808445884442193
9903,6.907173429994711
9904,7.304657386782667
9905,2.2601064260031984
9906,7.98107981449442
9907,5.222316180204778
9908,4.712446604851689
9909,3.83660718750235
9910,8.53694531141824
9911,8.11758799939793
9912,7.807117114473835
9913,4.180920157476153
9914,9.259835088762221
9915,4.0036747830803145
9916,5.315629697302555
9917,7.032024881449568
9918,4.95825855198793
9919,5.079699038449576
9920,5.846234251172147
9921,8.329096780935487
9922,5.062056712673664
9923,7.410940042969671
9924,6.529890488379003
9925,6.782478770724728
9926,3.1266824875453727
9927,3.6843115129344546
9928,6.375366680282702
9929,2.6862570259719405
9930,6.448853279397812
9931,7.053659060403961
9932,2.9525494032305852
9933,7.671652295494219
9934,7.210636581353914
9935,6.693733025195762
9936,6.224810511515382
9937,3.43609116277448
9938,5.665299218291306
9939,7.234150729270608
9940,5.326210232073635
9941,9.196962353582212
9942,5.020129985392989
9943,2.7076673764895545
9944,7.135623314717466
9945,4.841415399565237
9946,2.2408879583703785
9947,6.529531380200076
9948,5.496140629858827
9949,6.418041167840821
9950,6.6310880450530645
9951,8.010083906682123
9952,7.1408925083063295
9953,4.786599212315502
9954,4.448703114709924
9955,6.2778741525708845
9956,4.1514123378597905
9957,5.729929511924112
9958,5.019464136561121
9959,4.1873019229517014
9960,5.438186750333694
9961,5.544249427434453
9962,5.586791230454963
9963,5.690106226320105
9964,4.383923180286979
9965,7.744527664318288
9966,4.503811665227279
9967,4.3144334876175465
9968,7.737181732065695
9969,6.927422155923912
9970,4.7126914611119535
9971,0.5451093340739958
9972,9.996764022420914
9973,4.27954744372511
9974,6.104303429302079
9975,5.209336613067888
9976,3.878619138580124
9977,6.323499789409664
9978,2.0446963288182345
9979,7.13665548142111
9980,3.9051263562332386
9981,5.757686771992057
9982,8.268212539229628
9983,4.815793739792032
9984,8.042033026343393
9985,6.840826863448044
9986,8.563881666488879
9987,6.829068929883681
9988,8.222266570535897
9989,3.1195718319975483
9990,6.329272570286352
9991,6.059119090707761
9992,2.9334566604650405
9993,2.7294028423805936
9994,4.383521884149701
9995,6.077296249700346
9996,6.787283701485381
9997,7.615622405321567
9998,5.685784551963879
9999,2.859205133931942
10000,6.782825962031234
10001,5.117009574546185
10002,3.6440528740749505
10003,6.623997460394165
10004,5.4699090372322505
10005,1.7585569904419411
10006,8.211596544006463
10007,8.84430000567679
10008,8.291489457101843
10009,4.628729888927488
10010,2.9088059351667916
10011,6.005151747750716
10012,4.558369889861504
10013,5.906736162545872
10014,8.196633056002042
10015,7.352721357663329
10016,6.564921800283514
10017,8.202606026112244
10018,4.260540022115809
10019,5.154449171984089
10020,9.338730818313843
10021,4.574519031669642
10022,5.322689416311739
10023,5.4169980696026325
10024,3.3686124620307583
10025,4.065719939093986
10026,5.9294441290759625
10027,6.271989244426143
10028,6.793426936043612
10029,4.5549127624020525
10030,5.655965106694386
10031,7.3511816172781295
10032,7.930301221995856
10033,6.0926310154962655
10034,6.040450434469648
10035,2.879866279928572
10036,3.847765916647333
10037,6.558806663769478
10038,5.506304901067443
10039,3.852537113672903
10040,6.930669186534443
10041,1.1669184770777943
10042,6.7834632038353675
10043,2.1218346901326197
10044,5.038159128586928
10045,7.297233169335213
10046,5.821516852266308
10047,3.702448936073793
10048,5.047845900349809
10049,8.123639568516452
10050,5.882243591094425
10051,4.9233072173984835
10052,5.640220966265632
10053,4.977710535555374
10054,3.5910778759056887
10055,5.243953385390462
10056,9.42737272492042
10057,6.4198426648022435
10058,5.277695994946106
10059,5.970929589186551
10060,8.371583687987561
10061,7.4829816638653694
10062,3.473387073816684
10063,4.836619268694288
10064,5.818922079516894
10065,3.089207521957102
10066,8.613129097631928
10067,5.51523965113412
10068,9.343060843357682
10069,5.723810502944321
10070,4.728302555083864
10071,6.705222060665778
10072,3.7379322921156044
10073,4.281313476252932
10074,8.601346176566826
10075,8.061137655410652
10076,4.343207818832674
10077,9.158403209837399
10078,4.259663265114929
10079,4.954356255283078
10080,7.771692078427364
10081,4.08865626275467
10082,3.813990914440398
10083,7.289495248663089
10084,5.5681367584258545
10085,3.5593877996408985
10086,8.189266626027344
10087,2.5515132345577656
10088,5.1931532735027
10089,3.649398258446504
10090,6.949408707952725
10091,1.5617116523054702
10092,5.803532336692764
10093,7.845032311763658
10094,6.668295003498736
10095,7.940109360480245
10096,2.310759561207931
10097,6.787851364995203
10098,5.04434548210931
10099,7.489636825096642
10100,5.097868083835605
10101,7.23571282911072
10102,3.535552380002359
10103,5.3004623915516875
10104,7.626364349027893
10105,6.817246149418439
10106,7.242016631146446
10107,6.6703673670424095
10108,7.916384371229751
10109,3.316167351624641
10110,2.6776029609001326
10111,8.271799752359325
10112,7.1389867333559325
10113,8.522430113078283
10114,7.290469149545355
10115,6.4195066136706895
10116,6.627526834541511
10117,6.833510988619423
10118,5.461422959104473
10119,6.855060576232711
10120,5.705125421927962
10121,6.97282815350555
10122,5.5207620562903985
10123,7.291892793413186
10124,7.906066835537783
10125,5.725680971248758
10126,4.744392022155095
10127,8.98987156258942
10128,6.950234933726445
10129,7.824070829788242
10130,4.821376869486594
10131,8.057020152406682
10132,5.492482670733345
10133,4.008326991095137
10134,3.498319707307085
10135,5.748119626184509
10136,3.400304383616304
10137,4.280697000343054
10138,4.196901126923312
10139,6.619585278288224
10140,7.687337435575024
10141,7.873715319795775
10142,3.69796881763788
10143,6.389710412769445
10144,8.912710047884996
10145,9.913929179997936
10146,2.2941917606677618
10147,4.089925243514338
10148,7.683555419704149
10149,9.30817970916628
10150,7.226955110540571
10151,2.3896901389891227
10152,7.634895647649588
10153,2.6498628737830954
10154,6.555540400224082
10155,6.0370349888636525
10156,4.932231633131787
10157,7.804017529883014
10158,5.320625364816553
10159,6.727681348757018
10160,5.829644086307363
10161,2.437129888444903
10162,7.608381814030568
10163,7.287560375777716
10164,8.226101433333852
10165,6.933728385776094
10166,3.6067016248697357
10167,8.426206247807665
10168,5.058347287637183
10169,8.78739218215556
10170,6.431207825103113
10171,6.211078396445997
10172,6.658175647292799
10173,2.0578746104218695
10174,6.617983175333697
10175,7.478416443314157
10176,5.284245316930288
10177,4.679640089283214
10178,2.8128555690796793
10179,7.299780633321835
10180,6.672268563182483
10181,3.8690458446858416
10182,6.244468111344925
10183,3.0689343173712413
10184,6.308282858478128
10185,6.386851482252627
10186,4.702898072476879
10187,4.414433750270711
10188,2.229285901647575
10189,8.658130147273955
10190,5.471312227648352
10191,9.824131276078116
10192,5.390695734771451
10193,7.277861266539766
10194,6.65856898766792
10195,5.572210706805054
10196,7.242883441090072
10197,5.116983961986235
10198,5.893611558279309
10199,4.887457705756582
10200,7.376543713967246
10201,4.052452400442129
10202,1.6710763693321216
10203,8.237426561690818
10204,7.975996296003567
10205,7.47535354850496
10206,5.822319311070332
10207,8.223545983347098
10208,5.335558686442686
10209,3.4308142728446684
10210,7.42419832352752
10211,6.7030608655637725
10212,5.319567364496112
10213,5.6157147217469685
10214,4.663672773930335
10215,5.212400826798565
10216,7.187126772474524
10217,8.416039539401785
10218,6.440555130229727
10219,6.636853192846343
10220,7.007069785604152
10221,4.767310483514778
10222,7.3372202588946696
10223,2.571273695406457
10224,4.620259587275648
10225,7.88770100911656
10226,5.640067460768945
10227,1.9988120692705436
10228,3.0273595886926197
10229,4.068938276648819
10230,6.957012007923055
10231,6.208727736357614
10232,5.053872315225155
10233,4.030856322733909
10234,8.108489650116821
10235,6.033102244902561
10236,5.598673804198273
10237,5.867697272073378
10238,4.241084469123079
10239,3.673202490879978
10240,6.20588807123328
10241,5.584174223551338
10242,3.181458036218343
10243,5.348800425079398
10244,3.4663859636565433
10245,4.461571216835798
10246,3.1434231796822982
10247,7.429239756459696
10248,3.6636878600545613
10249,7.8227055906239755
10250,8.013002682473031
10251,8.674529549212826
10252,5.951179846218265
10253,3.9308305091655322
10254,4.932236590289238
10255,4.466529432972427
10256,6.890100120118246
10257,4.683763215242633
10258,3.881980564095399
10259,6.335129091414163
10260,6.226782521497375
10261,6.414832603453019
10262,5.284202736122261
10263,7.709815169305918
10264,6.112222375664991
10265,2.9292447798990593
10266,6.312404239845669
10267,4.5161055314384555
10268,7.279177684389394
10269,7.893264243119219
10270,7.354157774897648
10271,4.225184672959465
10272,5.15554063089811
10273,8.571297447838306
10274,5.769313904742438
10275,5.910170557297881
10276,5.090183349003442
10277,5.90967465732397
10278,7.304462734623007
10279,5.1208223289451675
10280,8.61153952513332
10281,6.84132286561577
10282,5.8508245252647555
10283,4.421127580879461
10284,8.703591082376281
10285,5.658105474897676
10286,9.139795962744566
10287,6.492264995398668
10288,7.240856578568241
10289,5.584334985707312
10290,4.576957403791657
10291,7.788868541356396
10292,8.077584849914043
10293,3.5985997283144426
10294,6.022394257289041
10295,5.738291261802905
10296,9.106798642449878
10297,3.019941192185409
10298,8.761123291569723
10299,6.324958547669668
10300,7.195005122968726
10301,9.445509366328999
10302,6.817251449562784
10303,7.199407424074171
10304,7.823712880216219
10305,4.258078800158029
10306,4.2667542583158635
10307,7.1000080123038005
10308,5.066270153455411
10309,5.981246021968473
10310,6.535890613091745
10311,3.010522390306324
10312,4.535888630744194
10313,5.234102247639134
10314,5.692575589742654
10315,5.155167525475728
10316,9.387053528221136
10317,3.2145998746133913
10318,3.1327067999931892
10319,3.775233865875851
10320,5.714868361025693
10321,4.216107734016084
10322,6.753950983285077
10323,7.797751079408174
10324,2.3678396950186684
10325,6.124995607809398
10326,4.001003232082503
10327,7.277335577912895
10328,4.567395044266482
10329,0.9978199232837671
10330,8.706481272260032
10331,2.8874270381985285
10332,8.90586313225551
10333,4.074785969174537
10334,5.57722231846286
10335,8.268956240652706
10336,7.524908972696032
10337,9.30682887560655
10338,3.9181505338128466
10339,4.097895391156623
10340,7.951854669360796
10341,9.817373994398974
10342,5.87302802904068
10343,5.22993198090068
10344,8.61554984341789
10345,5.626681412009582
10346,6.380897005870232
10347,1.771456332572725
10348,6.954719747817893
10349,6.182826193811616
10350,4.219816435022645
10351,3.2902472370942357
10352,8.41800108004478
10353,3.930025796548411
10354,5.825035803577971
10355,6.1655263928606585
10356,4.823084493704717
10357,7.200671059428172
10358,4.000248804103235
10359,4.650903717472014
10360,6.343161041025968
10361,8.494333784989697
10362,3.578793800999821
10363,6.408728558752017
10364,3.5450184231029147
10365,4.425845787927939
10366,3.5032982465959166
10367,2.723290114011874
10368,6.9362645584705644
10369,5.486678320114107
10370,9.187608337580278
10371,7.0482317637024945
10372,7.501799719885392
10373,3.7907914648941152
10374,4.5536739871950385
10375,3.669123255701843
10376,4.102696237475768
10377,5.046581703407862
10378,3.756061607922244
10379,5.341315869810046
10380,7.742127559561881
10381,4.354256874151953
10382,7.639393535635371
10383,8.187726501839942
10384,4.085312843623455
10385,2.2288300902924876
10386,5.452858963065568
10387,4.078643972012489
10388,6.405806287984353
10389,8.357134965344931
10390,8.38914965943996
10391,9.44347323803959
10392,6.167901028195008
10393,5.003780505718092
10394,4.943963581337627
10395,3.791220606212641
10396,2.1038281228379994
10397,4.17689436258572
10398,6.858742011515908
10399,2.743849239371255
10400,1.9163776778727808
10401,5.450647957767697
10402,8.157747940922599
10403,3.1639029855276894
10404,5.94374771130903
10405,7.410476950075849
10406,2.1176674618068105
10407,9.089003884409333
10408,3.3846881727290627
10409,2.0991472118728893
10410,3.2064844805037134
10411,9.971023927513713
10412,4.223704206515182
10413,7.901398482155779
10414,9.1430515351561
10415,6.148600538150852
10416,3.27414214736811
10417,4.024176358722015
10418,8.424329816098513
10419,2.5518643378985137
10420,6.472012010538913
10421,7.114684598113561
10422,8.925641199049744
10423,6.542431105171213
10424,6.188753151544728
10425,7.219472217786529
10426,6.488236474548638
10427,8.624531603190414
10428,6.32444680660681
10429,8.032447593966353
10430,6.909206137489453
10431,8.42526880201253
10432,7.836397741542373
10433,6.7458234676633975
10434,6.232351080445578
10435,6.769326564782048
10436,4.8428574222809875
10437,7.825383136670405
10438,5.213677491339629
10439,6.995890400902636
10440,4.435624617927871
10441,8.056120186497957
10442,7.298858246885811
10443,5.5101651500450135
10444,6.425199147358836
10445,3.332343974177462
10446,5.802029398470781
10447,4.662805556766886
10448,4.620272922783708
10449,3.1364451212260147
10450,7.076753084297496
10451,3.7778757733072057
10452,8.204247214789742
10453,7.362526111353821
10454,7.976843064106653
10455,5.245628053142651
10456,6.218239474568485
10457,6.379790360344851
10458,7.413047161188851
10459,6.8259112732706715
10460,6.175417902806876
10461,6.008152218036721
10462,4.186023761122702
10463,1.3275533252303864
10464,5.753956224716962
10465,1.9702512423866132
10466,9.269682425406364
10467,5.230746084897025
10468,8.891668820088658
10469,7.516050270692314
10470,4.044284221842288
10471,5.200428887430622
10472,7.158970069725493
10473,4.174920696341912
10474,8.43853268592429
10475,7.8306733874760655
10476,8.076707033876087
10477,5.025364759492819
10478,9.39602054346791
10479,5.271610121597132
10480,6.5240839863928
10481,6.007799405351934
10482,3.9515545035169657
10483,4.875139650351859
10484,4.7299385518299095
10485,4.087924734804677
10486,6.996282004269785
10487,2.5025639430277082
10488,6.0965338769488415
10489,2.4348447835712257
10490,4.107477732822186
10491,7.662834212869576
10492,5.959646619609384
10493,8.130593309931408
10494,3.0400877781243283
10495,9.554093705116369
10496,8.692149693433802
10497,7.0988286621641326
10498,4.459689234563116
10499,5.832977205742836
10500,6.02016514596526
10501,7.933088781408912
10502,3.982967398226743
10503,3.3436050951030607
10504,8.171891805141746
10505,7.385960439576051
10506,5.560806161595608
10507,9.370752998849856
10508,3.9795720665903302
10509,3.0700363897845557
10510,1.9581991982917824
10511,5.042435739050822
10512,4.425152601381779
10513,1.6274448087187412
10514,5.946411238812734
10515,7.364071617881336
10516,6.5277960098189025
10517,6.3620969304526565
10518,5.038598417416073
10519,3.778259646380877
10520,2.2884112460579322
10521,7.974717316084717
10522,9.998631273751707
10523,8.117987163922155
10524,8.720226839994487
10525,4.519907677465067
10526,6.808562664180391
10527,6.627267718808232
10528,9.99213723417129
10529,8.692158917076965
10530,3.5964176218281514
10531,4.716768948132281
10532,7.041663309800481
10533,7.112241211854351
10534,8.806496765635313
10535,4.566238695673534
10536,6.908789756380702
10537,5.8295372330461275
10538,7.341233589276413
10539,8.093258509281764
10540,8.267579924760431
10541,5.596603990793994
10542,3.29085308424674
10543,3.598297352941585
10544,4.537601273647404
10545,6.748518715308926
10546,6.411668664265504
10547,8.075594632870427
10548,7.673804782136246
10549,6.805040679498786
10550,3.9580428246586394
10551,4.604649152558251
10552,6.780010625028238
10553,4.639061594576054
10554,6.239538901827612
10555,2.6611595775062087
10556,7.862316472320724
10557,5.421731464996965
10558,5.89968636235948
10559,6.192328337557297
10560,7.45902822175119
10561,1.4405202495771647
10562,7.709923793065521
10563,4.653916991571087
10564,3.814411570650215
10565,6.073504779161238
10566,9.661661185673818
10567,5.416202655396198
10568,9.740336972519675
10569,1.647883510215794
10570,5.579840733215787
10571,8.424244800894163
10572,5.4106003423525015
10573,4.115411243877268
10574,5.371337794163886
10575,6.04474422216341
10576,3.46884204395757
10577,6.7772210132662964
10578,5.7182737085569535
10579,4.437183505965229
10580,7.644836959195125
10581,6.0863087382268635
10582,9.304947983805567
10583,7.418032401485459
10584,3.954906548587742
10585,2.337830051423368
10586,4.814172549871158
10587,5.839022751087408
10588,5.51139005914415
10589,3.7288258368897296
10590,7.120198778458385
10591,6.5009450751812015
10592,3.3322794277342744
10593,8.759082416664674
10594,6.877738157442261
10595,2.6553100802252296
10596,5.967399105015595
10597,7.824776402534437
10598,5.312950897561276
10599,6.107388487342523
10600,3.1385641549430168
10601,4.553718086892345
10602,7.965984915015985
10603,7.58318222687939
10604,4.540559862790069
10605,8.545728930861829
10606,3.9569311475880617
10607,8.013110289064862
10608,4.404066257861841
10609,4.647545316907561
10610,5.622900206338531
10611,7.199244018599224
10612,3.459807141166391
10613,6.820312504601356
10614,5.730397152944227
10615,6.68466301619907
10616,3.2738181514902385
10617,5.723907964665749
10618,5.3450705676849015
10619,7.312064971803506
10620,4.453644763334063
10621,7.691349881330676
10622,3.922716950308993
10623,6.780181406942857
10624,6.982320132815114
10625,5.843085659363483
10626,7.88492804173391
10627,7.660253958569217
10628,5.249802568350963
10629,6.429982767884743
10630,6.141937300907779
10631,5.564908069887843
10632,8.743555981169903
10633,6.193128440657724
10634,5.674824138667498
10635,6.796835782289458
10636,7.886344765812152
10637,5.636883713533888
10638,4.982387797318993
10639,3.8780493305475874
10640,6.082332143995193
10641,2.0055445821627345
10642,8.790392384212478
10643,7.636489408892406
10644,8.930435093416325
10645,5.651396290392438
10646,3.5925912860017326
10647,3.767829417092053
10648,4.267183702070541
10649,3.0059467096440016
10650,7.518196235494645
10651,7.528184395662213
10652,0.8084145281515829
10653,6.720606367324585
10654,8.58115495916861
10655,1.7905459658461187
10656,7.809871923009564
10657,4.588715526816758
10658,7.176158847065037
10659,9.805977418745579
10660,5.329270932994236
10661,4.457782846786013
10662,3.9470037277565213
10663,2.0667821976732825
10664,5.936945188768195
10665,8.1832461694314
10666,9.492744618334537
10667,6.514610504216497
10668,5.475321709977324
10669,5.555670148984251
10670,6.604450232300297
10671,8.550727448420005
10672,3.680999821553949
10673,6.3471742088760505
10674,4.589497174172498
10675,9.058122228131774
10676,5.515438570671959
10677,5.776392967106915
10678,6.674366454469495
10679,2.553118634750838
10680,6.889619879051999
10681,4.961112590756952
10682,7.336966261697671
10683,9.106077883282106
10684,7.710246643421987
10685,5.815030265883193
10686,4.8238391100871345
10687,4.52159050320559
10688,5.884867348331339
10689,3.921992557807358
10690,5.945942183327384
10691,4.4639701769476146
10692,8.710292871270497
10693,6.06074781611972
10694,2.2447350137691275
10695,8.373254993002053
10696,4.532426979142015
10697,6.453643055478217
10698,9.067089620770343
10699,6.825880039743028
10700,7.5376194506099
10701,8.881899919087454
10702,5.834914162784416
10703,8.231393533287948
10704,5.208965796456807
10705,6.3627747332368605
10706,8.892177114714983
10707,6.628496885939329
10708,6.4826491624862665
10709,3.805655897396978
10710,4.713115247500713
10711,8.299383683435156
10712,4.314257168877079
10713,4.005945598573195
10714,6.309241118581589
10715,3.286108038588465
10716,4.956552138272056
10717,7.539809913955419
10718,4.141109708285342
10719,5.749414615618798
10720,6.501014454331032
10721,6.72065482472896
10722,6.124069858887599
10723,4.680753197275047
10724,3.8759359986225084
10725,4.902373863372128
10726,5.100027293597981
10727,6.867742605182078
10728,5.443913967133711
10729,8.167993142229303
10730,6.639006563477379
10731,6.30855485014146
10732,5.451375215295616
10733,8.128676027003504
10734,8.060206435924782
10735,4.0094104568851545
10736,6.602649861650647
10737,3.0010391683335795
10738,4.931541230599743
10739,3.6306086182004953
10740,7.32462289391361
10741,6.817149286759458
10742,6.0749874351362605
10743,3.7601061491610315
10744,7.6886973033008985
10745,7.902103173746513
10746,7.4255478594653255
10747,7.328857539010639
10748,7.899136377911932
10749,2.701920306525666
10750,4.80696864979348
10751,1.1229671242316333
10752,9.150488112661339
10753,6.510819215187429
10754,4.208254079376815
10755,4.2489616543476885
10756,5.730543994516774
10757,8.621851106988846
10758,4.61921665104432
10759,4.6928004813556345
10760,3.448715074127592
10761,7.33783762532263
10762,5.098458971777637
10763,2.7484771179473317
10764,0.5099209855373867
10765,3.389314198753101
10766,6.420838045492248
10767,7.739516230923786
10768,7.6156876130269
10769,1.5922070584242434
10770,5.051638299628022
10771,7.500844871174517
10772,3.957774406683432
10773,6.7092744540535225
10774,2.28135932263871
10775,4.3498469669826205
10776,6.513069946443584
10777,4.925477943828346
10778,4.6774286133557155
10779,4.924667760628324
10780,3.276910001942195
10781,3.853510512195353
10782,7.6057043922923855
10783,4.339384296198489
10784,7.63799487402129
10785,3.479163339035466
10786,5.880223923655073
10787,5.454241325870395
10788,6.7026518541497015
10789,8.149113083706512
10790,3.4744936127084443
10791,4.3891940982235935
10792,8.497229657465667
10793,7.786597693676254
10794,6.432749109593021
10795,6.935683383710885
10796,4.8152915224353805
10797,6.0695478552810815
10798,2.972890642156357
10799,8.030353887890467
10800,4.664229497728852
10801,7.7077202282169335
10802,5.275755576546542
10803,8.564128778165014
10804,6.971391730312734
10805,3.932619456972823
10806,5.0777260874108405
10807,7.53541846636449
10808,8.588650398510215
10809,7.826996865871226
10810,6.113742580412105
10811,7.204557789713084
10812,6.0147060383487245
10813,6.310516082086859
10814,6.435964494622789
10815,7.516726056115888
10816,8.35509387362637
10817,7.747822535645922
10818,8.390985405152653
10819,2.837874194594839
10820,8.142387260789222
10821,6.1503057484479635
10822,6.73103351866308
10823,1.575240694081457
10824,4.118417472136994
10825,6.079683480525652
10826,9.254811150233767
10827,4.914502958897714
10828,4.762295539775574
10829,6.636660514071636
10830,4.82868962268838
10831,8.064228978173684
10832,5.586689695906889
10833,7.7666223954090015
10834,4.926798607993682
10835,6.303285098458989
10836,7.562544755707542
10837,4.025178415548112
10838,6.612792774487922
10839,4.986771895912733
10840,3.199571869637983
10841,8.019765499413978
10842,2.311874852461645
10843,7.1746464826085425
10844,7.55764988367442
10845,5.3045205807280436
10846,7.272852383236051
10847,5.8371703090153915
10848,7.426184582854608
10849,5.797844203016926
10850,4.7532901219205055
10851,4.39302005252827
10852,5.67860445068642
10853,3.66563059577458
10854,4.411652242427571
10855,6.07454205129394
10856,5.425191034450501
10857,4.854641642708865
10858,0.9743648212920022
10859,7.917186908237807
10860,7.456808881492544
10861,6.08424550146805
10862,5.968379770041561
10863,6.482948501052403
10864,4.944729775906313
10865,4.055503917534777
10866,5.900638644524071
10867,5.940712112027059
10868,5.599154966890952
10869,6.996883109295918
10870,4.58369001113029
10871,6.763121770289037
10872,2.503124695383196
10873,5.196194715397033
10874,7.1502373324906845
10875,8.82469103700532
10876,7.06533563029588
10877,4.53921109809726
10878,5.696230567559562
10879,6.616864968033555
10880,3.2326438185934543
10881,6.989899623741766
10882,6.1700530273994945
10883,5.23021287055659
10884,4.067916359338
10885,6.44793529750729
10886,4.367107092930809
10887,7.088162822673453
10888,6.1987203373452004
10889,5.463467965204424
10890,5.93851770731537
10891,4.059807779358811
10892,7.403371221056003
10893,6.958822168350717
10894,5.078832547949366
10895,7.342547260726242
10896,4.615431826823878
10897,7.159500111267424
10898,5.487929714332626
10899,2.158199906248273
10900,7.956917766003434
10901,6.227342590207153
10902,6.70368675917004
10903,4.335479569821357
10904,4.368788124050294
10905,1.8768410751953444
10906,4.658507297052344
10907,2.9944149072152983
10908,5.964617869033099
10909,7.285223328584496
10910,4.92530394550581
10911,7.991213470581016
10912,8.12349630264292
10913,5.661407592918341
10914,5.9856496672770705
10915,7.43697252029869
10916,1.7090899820251508
10917,4.398177931726265
10918,3.9341482022585574
10919,5.794660504570212
10920,6.145357011333415
10921,7.187966943992021
10922,5.093030530470868
10923,5.017080810515449
10924,7.608760999223804
10925,9.067423342671384
10926,7.549619677321994
10927,6.040476245483552
10928,2.264697189585461
10929,8.06436413225258
10930,2.808982430525405
10931,7.578541437234409
10932,3.1613152650251344
10933,6.753370066704174
10934,8.033334407516147
10935,5.663220110527975
10936,2.247209308223896
10937,5.80840403207741
10938,5.901345435110315
10939,2.364610046630028
10940,2.9628545737301066
10941,3.021942279857903
10942,6.508233830698396
10943,5.583509639450402
10944,4.445854941079088
10945,8.70082906857191
10946,5.444276560305473
10947,5.466398434519879
10948,7.400530231947731
10949,6.825682887445048
10950,6.464631958839273
10951,8.986571602512907
10952,6.725514825102536
10953,6.66409664963129
10954,5.698566064193776
10955,7.084438465297842
10956,6.645970641180151
10957,6.5385889604124205
10958,9.883679808528203
10959,6.273769902863618
10960,3.961707331418566
10961,6.37523355302278
10962,2.4520436315416503
10963,4.807507275836557
10964,9.137853613334954
10965,6.497379656254648
10966,4.6237198485359405
10967,5.307917433135915
10968,7.771694440509151
10969,4.447378569124602
10970,5.268273199797257
10971,7.460442746714444
10972,9.097512104797488
10973,5.717516466107458
10974,3.6763845996483817
10975,2.8517924976633333
10976,4.908069243345732
10977,7.76877957369358
10978,5.006418111370104
10979,2.997668210994663
10980,9.137701991850426
10981,6.689487554770483
10982,7.227412929290763
10983,8.77183461647689
10984,6.6355514004890725
10985,8.7455870679382
10986,8.505781741027542
10987,4.05635810230135
10988,6.789820511513763
10989,5.439714216534045
10990,2.8391822922940477
10991,4.772321083007991
10992,5.947380152145245
10993,6.255802643747404
10994,6.6024200041922425
10995,6.810814678370251
10996,4.855822959651981
10997,5.721224238178969
10998,5.367744245705003
10999,3.0492546108094913
11000,5.802633359745176
11001,9.054506417751208
11002,6.745928573906072
11003,7.397187654894263
11004,8.403073949098015
11005,8.108223192108998
11006,5.774379946586917
11007,7.19310711838345
11008,1.953886579196661
11009,6.401654440495143
11010,5.680828905872046
11011,8.279480405968108
11012,6.014035291017261
11013,3.2774622233340396
11014,8.067661030062407
11015,6.632853072699009
11016,6.406653191936046
11017,7.418447389831246
11018,4.11084190461514
11019,7.0245442157252125
11020,6.309459362631255
11021,7.667401032091654
11022,4.4568161646536755
11023,2.0018752794604877
11024,8.208667896909711
11025,1.5905455520463516
11026,3.1454853254500903
11027,8.195994336303034
11028,4.092037272584056
11029,8.308336495792544
11030,4.3736384865247615
11031,9.390165007215627
11032,4.111732517979815
11033,5.347891591313545
11034,6.1383019288603915
11035,4.946781100227247
11036,6.488663825365014
11037,7.428744340530275
11038,1.4385910545652112
11039,6.8994072325075155
11040,4.486692670562055
11041,9.753788450140743
11042,1.7875166985807511
11043,6.518764560994121
11044,7.456267124773694
11045,7.030792098627844
11046,6.3785839747340045
11047,6.609613791195121
11048,5.908241253199269
11049,3.005129579283449
11050,2.6645945683597168
11051,8.029869732172944
11052,7.975139880385333
11053,9.648671728660183
11054,8.011932479850891
11055,1.3354355263402247
11056,5.077265206156777
11057,6.016017015505186
11058,5.957764572166335
11059,6.128184347427225
11060,5.79044415429844
11061,6.422969776492036
11062,6.050249685250711
11063,8.701780130176349
11064,7.097636067449696
11065,6.752884302176147
11066,6.178895889259147
11067,6.850329632826451
11068,4.5323650817556045
11069,7.522565665000154
11070,3.713975224294117
11071,7.817801471226335
11072,4.954085223083355
11073,4.599184816364901
11074,9.98232012591338
11075,6.3939871318750034
11076,5.846508531634378
11077,5.100698503571339
11078,7.030395123724013
11079,3.272672965705115
11080,7.099787767194547
11081,7.495122034427699
11082,5.45003498786347
11083,3.9062190423911227
11084,3.5490206054119726
11085,5.674080646226044
11086,4.028602335392904
11087,3.7300543480254085
11088,7.125485354648182
11089,6.433995476261518
11090,7.02523537370179
11091,3.0102943974788743
11092,4.277671892549999
11093,6.764291650162589
11094,4.801209069612655
11095,4.335085042678591
11096,6.555853511563735
11097,4.302323371252095
11098,5.089220630677422
11099,6.20603772840945
11100,4.546953117100669
11101,1.6105149992935104
11102,6.270630574265577
11103,7.8670888452652665
11104,7.6872113755392935
11105,3.0378699121572774
11106,7.150580409665554
11107,6.352096710959605
11108,5.463166327351854
11109,7.457232376330208
11110,4.250078434594518
11111,4.460464138296009
11112,7.658330037661
11113,3.3116237504115227
11114,5.749281055477921
11115,9.968073285082179
11116,7.504016142860141
11117,6.797334177344274
11118,4.973567735264373
11119,6.8293836377250425
11120,6.554234434466982
11121,6.6429620885871214
11122,6.4914345017368165
11123,7.418150898814813
11124,6.009518794070829
11125,5.646568283480937
11126,6.7299111561110525
11127,6.097363723761532
11128,8.492467203134202
11129,3.267054422287708
11130,9.990456584023383
11131,7.639519123269099
11132,4.078895956693122
11133,2.742453971434852
11134,6.403501378420678
11135,6.247782728906598
11136,5.778643441255394
11137,7.549996429598639
11138,6.652509595900051
11139,6.26788141881198
11140,5.045063996960076
11141,5.209915144156343
11142,4.808482481530453
11143,7.7719155720862405
11144,4.7029690333962595
11145,5.135797720820117
11146,7.063176218518377
11147,7.051780580443866
11148,7.648732979531434
11149,7.479332550937437
11150,5.95265375521182
11151,9.241187923372832
11152,7.174031674142282
11153,6.918457945779926
11154,5.907155358260224
11155,5.052513243663936
11156,6.828382645098356
11157,5.700879759326459
11158,6.506003315662244
11159,6.685927048560342
11160,2.509317392582356
11161,6.250893953689776
11162,7.203769010154484
11163,6.256406696300646
11164,7.572178210087008
11165,7.38582871220413
11166,7.2367584119830894
11167,1.4380941402042284
11168,8.21131677132529
11169,5.478052581931342
11170,7.2191556952128835
11171,8.01673753105647
11172,4.0135084814821385
11173,8.158774545164714
11174,3.331337572001046
11175,3.024303241239764
11176,4.6207192587397
11177,9.07457940621486
11178,5.755825010004669
11179,3.1882919376390344
11180,6.971720035935375
11181,8.60697472002119
11182,6.088665601399964
11183,4.256764127957213
11184,8.869695282170175
11185,8.692145106103531
11186,4.769770977505364
11187,5.998091287126852
11188,4.048015223547033
11189,3.3515300395730625
11190,2.568884914264033
11191,4.787060818554833
11192,4.0812675334632065
11193,7.389244991846835
11194,5.993654979966644
11195,3.662865564008906
11196,6.557906734276749
11197,2.4291511066150226
11198,7.860371885312605
11199,5.847859241854868
11200,7.760863734858555
11201,7.579626995901185
11202,5.342549084008948
11203,4.710844305673474
11204,6.00510975804576
11205,9.195746989743721
11206,7.196639608218834
11207,4.749096491304584
11208,5.980597192427865
11209,2.4549870265577827
11210,8.515166369080257
11211,6.990533788727388
11212,3.973438432320518
11213,4.358015669823939
11214,6.227028810645029
11215,5.445888784405495
11216,6.881963115632303
11217,8.493961700862632
11218,7.802996125040991
11219,6.8494994753672245
11220,5.4085530660442585
11221,5.504835135092596
11222,0.9972395028495935
11223,5.308709194660056
11224,8.647298983291671
11225,6.751291017496402
11226,4.20231540641009
11227,4.606145048291426
11228,7.611272805595453
11229,4.901395699868021
11230,3.9782486526751377
11231,3.4703866892342417
11232,5.518297607360314
11233,6.258716432135945
11234,2.319844655127236
11235,5.200761363588526
11236,6.241691317825703
11237,7.761067240330173
11238,8.935442874043389
11239,8.98398182313995
11240,2.9255528144709837
11241,7.621867965520058
11242,7.838363407667731
11243,3.9045442949049347
11244,3.6748803834292674
11245,7.185948037875349
11246,6.479536010204548
11247,4.397385484393782
11248,4.99892136853204
11249,7.347056235885714
11250,8.041307638540935
11251,5.919397189653514
11252,6.1658483324276485
11253,1.853278681267603
11254,7.611377914595731
11255,4.917631210973191
11256,4.885583173567413
11257,6.986749564715727
11258,7.425877227344836
11259,7.923756868485507
11260,6.408439770605324
11261,4.257228361923221
11262,8.380797334034117
11263,1.9024310184479571
11264,6.902108251406554
11265,4.4202884120147505
11266,6.846459501725856
11267,7.31956942534909
11268,6.740713076770267
11269,7.717823302410958
11270,5.671201463911929
11271,7.8203721364112635
11272,5.359538227192185
11273,4.9751787471626026
11274,6.528317506520459
11275,6.787492299763964
11276,6.4292104431564425
11277,5.108815608336785
11278,6.819551721426132
11279,4.69641969194137
11280,5.6396141891314056
11281,9.898856951257418
11282,3.4826207827342577
11283,7.0331664587858285
11284,6.58566997967868
11285,5.0350818950853
11286,7.129231129703895
11287,7.198390548258042
11288,6.554158554294277
11289,4.100771304323936
11290,7.502479836998186
11291,6.984644760155786
11292,5.9164354691181185
11293,3.487621897088656
11294,1.6697826671239189
11295,6.75707655754546
11296,3.828409047726565
11297,7.619629239728523
11298,8.441009192142284
11299,4.9126404676649384
11300,8.999146297663232
11301,8.376128510099225
11302,7.387167373107223
11303,6.9733491297535695
11304,5.204508223950947
11305,6.964086794830157
11306,8.080876289066797
11307,5.961707546150387
11308,5.5788572364081634
11309,7.273392578013582
11310,5.5557935217572725
11311,3.15369490286727
11312,6.607433384513544
11313,6.609647183314692
11314,9.020287159231305
11315,4.812734616515044
11316,4.400559945967297
11317,8.182612377802924
11318,6.014083486482322
11319,8.96413575379222
11320,5.428743616588948
11321,4.885914847559923
11322,2.131401573053231
11323,5.067984487132773
11324,6.33564516575497
11325,4.234355998454763
11326,6.9266427013658385
11327,7.383710286021019
11328,4.201170095861899
11329,6.850672825977216
11330,3.356867844493376
11331,6.068324146316166
11332,9.080123172250335
11333,2.3951565125706993
11334,4.167380450864078
11335,6.263799653378728
11336,7.424115941585468
11337,8.068914142888385
11338,6.407090597626262
11339,6.51049735327707
11340,4.5358881496929335
11341,3.3271285012649203
11342,7.153820077107218
11343,5.588928176777157
11344,5.191705656221497
11345,7.303727821556191
11346,6.543947825714861
11347,4.809816641649901
11348,3.268625078300714
11349,6.3842142728218905
11350,3.4509942769748934
11351,5.639981074858557
11352,9.162975008422691
11353,9.210831387741933
11354,9.255590454349136
11355,5.729052524968305
11356,7.862079917128196
11357,8.394543117354207
11358,4.646827501659827
11359,4.049276972759109
11360,6.381350017815467
11361,9.156220437282824
11362,5.836888053245697
11363,3.1901849639096502
11364,8.69163858411236
11365,9.042917071205526
11366,3.4323711771708774
11367,5.8681874724703675
11368,6.465090833175303
11369,5.0075193816652845
11370,6.9797637703901625
11371,4.934027029307142
11372,9.264785217786876
11373,8.240316539950943
11374,9.131145747052738
11375,7.08858437656936
11376,6.064643445994575
11377,5.952724320456165
11378,7.050409046192373
11379,8.122914825153666
11380,4.039396021003934
11381,4.131838746333973
11382,3.031705399683089
11383,6.594535583360042
11384,7.241758507517036
11385,8.143545730333098
11386,1.7671694535245444
11387,5.310659107537562
11388,5.278835593475174
11389,5.785434854378654
11390,7.298567751071464
11391,7.071218338769516
11392,4.426266285411214
11393,5.045855104415455
11394,5.742648079464529
11395,3.773966310705822
11396,5.837247889080777
11397,6.5867102745900254
11398,7.686503638083513
11399,1.9411855872599286
11400,4.75566008067288
11401,7.027497486145704
11402,7.643914920428331
11403,4.943796379528679
11404,5.368038237465193
11405,7.226048411752288
11406,7.280865191706906
11407,4.247649641611913
11408,4.58809728501889
11409,3.8225772310992374
11410,7.697558312973152
11411,9.243781679160199
11412,3.529379192518462
11413,5.484933124021796
11414,6.013469272057972
11415,5.159501800432653
11416,6.640669954131013
11417,6.2306720560078945
11418,8.28244580212964
11419,7.16475848173709
11420,5.356466253856865
11421,3.8981758255193206
11422,6.079740048066705
11423,3.4543301512817024
11424,7.714987166008551
11425,0.9637790779868232
11426,2.321938038240672
11427,7.507515965668245
11428,8.653622684275216
11429,8.076464230049567
11430,3.7770584926521438
11431,2.6458818793509478
11432,4.31666360177462
11433,6.059663821286901
11434,6.01183174170759
11435,3.3131869646997365
11436,7.165898710583678
11437,6.233953949640382
11438,7.6302196824881365
11439,7.7630854072251
11440,3.6617827995750587
11441,4.7774638147424895
11442,4.092902719910474
11443,4.9173076547815056
11444,4.42423819649523
11445,8.859444579064942
11446,8.00061976995222
11447,2.3032237926337467
11448,5.93266175447234
11449,6.769960337766915
11450,6.347148080472494
11451,6.628228500709663
11452,3.130647053499353
11453,7.923166971795952
11454,4.511926009764574
11455,5.764066689233168
11456,6.613321965464425
11457,6.579679878852754
11458,7.79047937476048
11459,9.062921994028809
11460,6.5047896134846415
11461,6.0162421567937745
11462,5.186809694417349
11463,4.906917965994461
11464,5.86277128964916
11465,6.398479362398746
11466,7.9846800319608775
11467,7.115424703954162
11468,4.971235294011658
11469,5.916084916685824
11470,5.008098820618301
11471,8.104704374859988
11472,6.648779412057502
11473,4.076376896023286
11474,5.223237748541512
11475,6.937784569902272
11476,5.072196285878615
11477,4.113739990472798
11478,5.985782490313246
11479,6.245799966662837
11480,7.480225817748263
11481,5.992918313418853
11482,6.9402484723934235
11483,8.142698869113728
11484,7.411446903293976
11485,7.764066762202792
11486,6.705639700512776
11487,2.3358677174173432
11488,5.998160185495814
11489,7.699097944667858
11490,6.418564830134575
11491,2.9772903021781865
11492,7.364196313534545
11493,4.512161295639753
11494,4.56695881121371
11495,4.885741190318671
11496,6.28935922483651
11497,5.8087903692462275
11498,5.196338341364731
11499,6.107680878038275
11500,2.0400924974469086
11501,4.422163090992628
11502,5.324140945117717
11503,3.567564947998627
11504,4.7456992495489825
11505,2.976033861585839
11506,8.539598299912855
11507,1.136188568313426
11508,6.242059371669017
11509,7.207292042490569
11510,7.854163694528845
11511,6.342685059805722
11512,7.704175994218192
11513,9.814305788554496
11514,4.890415396127393
11515,6.175510317446518
11516,3.8116212573530652
11517,2.340359558700072
11518,6.272859575781631
11519,6.145841260751728
11520,8.499582866614087
11521,8.81215352741696
11522,4.691592830244606
11523,4.217497482077934
11524,6.930907155467594
11525,5.217897995789256
11526,6.300114584238154
11527,4.51874895727942
11528,6.438641772987066
11529,2.2598800709918145
11530,6.995936144176544
11531,5.766387862897678
11532,7.048347959875889
11533,2.696972385476685
11534,3.6472480233316666
11535,5.569909389531415
11536,4.420637136316982
11537,6.082735252604521
11538,7.442989072999508
11539,7.055654282800026
11540,6.496197663643699
11541,5.12811617658475
11542,8.104430854663182
11543,5.688097201876691
11544,4.865098874440342
11545,2.010225047419163
11546,6.577297264984956
11547,6.197805799909085
11548,7.553723232977523
11549,5.263746110791838
11550,5.477101435400124
11551,6.371069047360519
11552,8.046378401859064
11553,6.424952759074617
11554,4.413244757061507
11555,4.065344502960286
11556,5.294648167083658
11557,6.259546588463656
11558,6.464706727360522
11559,6.581296454693684
11560,6.386287503799715
11561,2.4184890847180496
11562,2.925416885403602
11563,2.277708577839022
11564,5.618743583363768
11565,5.531914885650292
11566,8.607483762405574
11567,5.416144909345581
11568,7.430305015337888
11569,3.7790174936024705
11570,7.347437547269225
11571,7.9527399074928224
11572,6.419192948994213
11573,6.547068865093382
11574,5.340761953743483
11575,7.715090944721219
11576,7.532616980328827
11577,6.070767633908567
11578,7.145969093930074
11579,6.19714097271784
11580,3.110809805150663
11581,6.157566805615571
11582,6.080999753624222
11583,6.79406636178841
11584,6.34818087252601
11585,2.8277267130887744
11586,4.971093090714748
11587,4.31299928923961
11588,7.78252843345823
11589,8.867111812041834
11590,5.391965820242504
11591,6.760376362256314
11592,2.310964484239579
11593,1.9143182606687972
11594,6.145242501048585
11595,7.538073737800596
11596,3.7091136015621102
11597,4.980871058898032
11598,7.064768295968795
11599,5.094368926939685
11600,2.6621903629715886
11601,5.367254480993807
11602,4.096519018129494
11603,6.283389126915417
11604,6.730908015558422
11605,7.505218311003001
11606,8.650379382523768
11607,4.5565607024097545
11608,3.961618179121216
11609,6.629566179109133
11610,6.49229030259597
11611,4.39722870055675
11612,7.453679284970148
11613,8.82689183367855
11614,5.402047956890601
11615,7.77973926727501
11616,8.077375550391253
11617,5.481574521435238
11618,7.0612086929277025
11619,4.429686509039653
11620,5.331786445712237
11621,7.731906505773438
11622,6.6944853789788015
11623,5.115897610160511
11624,7.486289362067635
11625,6.377024555684933
11626,7.078514112439142
11627,1.2092260481391062
11628,5.951764922024954
11629,7.6118654140898085
11630,6.993975635237211
11631,6.682256938296914
11632,1.7558875569241876
11633,3.1822013141372283
11634,8.62175277964803
11635,5.698767553574212
11636,4.564804375165837
11637,6.06607815227661
11638,5.796679704750118
11639,7.9976569889118405
11640,6.110708285976772
11641,4.399080570372273
11642,10.0
11643,6.522270198919317
11644,5.649592130145056
11645,4.814371139239059
11646,3.809538984863272
11647,4.676582982003848
11648,2.8781276951581005
11649,7.790354658091251
11650,5.944291525736261
11651,4.682317889193331
11652,5.39967788331418
11653,4.478685840912291
11654,6.745947169199452
11655,9.134170423103285
11656,6.9301749089922895
11657,4.86674378791026
11658,7.253378239490834
11659,6.764306649572953
11660,7.523726297589358
11661,7.104757469480828
11662,6.057821638929899
11663,7.914690032958946
11664,7.3716484669130695
11665,8.27604604052286
11666,6.711737846126314
11667,7.770113828887101
11668,6.327345102045947
11669,8.212259833321557
11670,3.8594802067851743
11671,5.0014672769608435
11672,4.128230222609447
11673,8.296919680374891
11674,6.532221132113067
11675,4.545479905974296
11676,7.951709474693068
11677,3.660988558150295
11678,3.228548155951845
11679,2.2439727889120213
11680,3.815076707156593
11681,5.407854278027488
11682,6.083327290125171
11683,9.105350302361312
11684,3.5289182443059675
11685,3.9894934552370587
11686,3.929132182456661
11687,4.330680616166866
11688,9.849394844118581
11689,7.926043223482708
11690,3.1596909569316116
11691,5.495397843478562
11692,3.445436150235499
11693,9.474473847153103
11694,8.11657993338378
11695,4.772027640978913
11696,1.742999911649352
11697,6.095633162634608
11698,9.42866444033868
11699,2.9002339089083806
11700,7.115774144353807
11701,1.2499325633519347
11702,2.649687456565039
11703,7.226241395733505
11704,8.130054428161566
11705,3.100578529694444
11706,5.4098886669118915
11707,7.31978360513737
11708,7.025224703343534
11709,6.386840255890326
11710,6.757527949946249
11711,3.980126280454968
11712,7.829974501894346
11713,1.46628959188722
11714,8.183487029243114
11715,5.821272467871839
11716,5.607791140092533
11717,9.613108605032883
11718,2.9522853579831088
11719,8.808101804616893
11720,7.700933185790289
11721,7.000063251318485
11722,1.2699802854846158
11723,7.31095699413854
11724,9.188341866795279
11725,5.469417904666829
11726,2.5577421169557053
11727,8.539647385465793
11728,6.712907068798643
11729,6.4304311249632775
11730,4.100554369678223
11731,5.769619583654515
11732,5.163829619576582
11733,7.516923306739736
11734,5.537760888336058
11735,4.838608694940279
11736,2.2001224619367687
11737,7.3930585367651585
11738,7.742015068779827
11739,5.918801954929486
11740,4.120586409632733
11741,3.7285078566508334
11742,5.109537214191457
11743,3.2189109170829964
11744,6.710678152312019
11745,6.518874765273973
11746,2.2098006831351507
11747,8.084258739244182
11748,1.888607920391476
11749,5.132197525440415
11750,8.541174901629057
11751,5.853091527131651
11752,7.4624779882867625
11753,5.105489004588344
11754,7.799974804622538
11755,8.636200021566165
11756,2.3801003389280986
11757,5.448791239474869
11758,6.4932520716041235
11759,5.964177488991825
11760,4.593241523185664
11761,7.4553776403874705
11762,3.8821226763850047
11763,6.56437430955431
11764,9.67836485152451
11765,5.322313911038827
11766,5.874986575743485
11767,7.083181449306781
11768,4.885991114775042
11769,7.272057532692022
11770,6.690090404080701
11771,1.773402267911487
11772,6.488048922618883
11773,6.348243919111051
11774,5.736598241138301
11775,5.444782021686541
11776,6.534690619805977
11777,3.3590174371629034
11778,7.2480917854597795
11779,7.745914995242371
11780,6.194509666129006
11781,8.039943094812148
11782,4.295602809092297
11783,6.586410710172468
11784,6.636351487340782
11785,8.458422139999143
11786,8.692997351602555
11787,4.854514238530504
11788,7.0184103930642845
11789,4.7066192777550455
11790,6.384982859628612
11791,3.9806276477324376
11792,9.75196727448979
11793,5.905502384947376
11794,8.116418403489403
11795,8.510914845822915
11796,5.142921880799573
11797,8.669318576775357
11798,6.8071781028153024
11799,3.4355527473984906
11800,3.814146187803471
11801,7.114148004638524
11802,3.4111069280338775
11803,7.838071028161195
11804,5.545250901317198
11805,6.753428475890422
11806,4.81831202892411
11807,8.04868634571626
11808,7.503166691005946
11809,4.543724803844216
11810,8.297203591507913
11811,5.763480320521284
11812,4.847735451865215
11813,5.841202021761161
11814,6.375309476820247
11815,6.044613683170848
11816,6.354556703316828
11817,4.198508915003814
11818,3.7029602459089794
11819,5.143199935942958
11820,7.0632014369808305
11821,2.925530704367385
11822,4.477630335453169
11823,4.948222466359569
11824,7.95678354662982
11825,9.962872284519523
11826,7.065551424192279
11827,6.378858007472284
11828,3.737156358946663
11829,5.775130742892804
11830,2.7582520984015524
11831,3.0614597611935985
11832,3.8712095196040766
11833,5.059092853976437
11834,2.9025337922915186
11835,7.329946967324162
11836,5.197985601257138
11837,4.505615151138663
11838,5.522736387914582
11839,5.362758645621827
11840,6.871271734992396
11841,4.418102713045908
11842,2.8484063529506907
11843,6.077868702076368
11844,6.898949896060398
11845,4.459797013144573
11846,9.106619166813338
11847,8.072023243515373
11848,8.01381095210824
11849,3.4325719020283634
11850,3.891807186266739
11851,9.204588070048322
11852,6.870692684135011
11853,8.181568690564744
11854,5.357256841114579
11855,6.317693510530348
11856,7.234877284374403
11857,8.068595083458234
11858,7.315258848723969
11859,6.146404319117414
11860,7.623385707640528
11861,3.385329312256239
11862,6.940306684129868
11863,5.724842054112618
11864,6.279280048684005
11865,5.482591552313581
11866,2.7363952515806007
11867,5.647137984766397
11868,5.418511316514331
11869,2.551892549170473
11870,3.1889634219508785
11871,7.015296602393205
11872,8.995032540870834
11873,5.243179330391279
11874,6.844169742302138
11875,4.689588848317295
11876,9.520413276015681
11877,4.592111180192879
11878,10.0
11879,8.557753306088703
11880,2.8012412855860895
11881,4.636673553384057
11882,3.2178789149278395
11883,3.2312901596085615
11884,5.458208517794158
11885,3.909753880217225
11886,6.134129477878675
11887,4.9720418188964395
11888,2.0005949470790325
11889,7.238748380149953
11890,4.864945019459867
11891,8.231765389010766
11892,1.6538138885496507
11893,6.316942498961855
11894,3.836875763499568
11895,7.421189740824853
11896,6.568662648215134
11897,5.945388453230121
11898,3.8800925332013847
11899,6.95143853482376
11900,7.784840317196773
11901,7.115345304985931
11902,9.343999774204285
11903,5.1244095730109915
11904,6.951670964984226
11905,6.543657099335074
11906,5.847372683200604
11907,4.7568060358333195
11908,9.114754157492799
11909,7.201081337303388
11910,8.549743810320399
11911,4.990902053235871
11912,5.887652641445497
11913,3.1917267748630844
11914,4.989490102066462
11915,7.148811631748029
11916,5.913197478256562
11917,5.641363708909577
11918,7.005319590127788
11919,5.331413103263841
11920,8.618323652960568
11921,8.313887202576115
11922,5.875398791420727
11923,6.095721350578793
11924,4.167446232534218
11925,4.409915277552269
11926,7.919574807664058
11927,3.8269023475473505
11928,6.1142383030860445
11929,6.530032918946533
11930,6.113723981572919
11931,7.769337702390691
11932,6.947517236178181
11933,9.85357353175098
11934,4.725018599436553
11935,3.324911017517217
11936,4.152499869948931
11937,7.413593388037079
11938,6.146137926340494
11939,6.984692451175897
11940,2.510568518665018
11941,5.528097414050121
11942,6.067110059073909
11943,5.461297717988798
11944,1.7953522307834948
11945,9.388033010337319
11946,7.886331753130813
11947,3.1794483438695513
11948,6.42351535185112
11949,3.665255464408226
11950,4.036806391528555
11951,6.464897979422449
11952,7.394441601342976
11953,6.213613157174801
11954,7.749491599867142
11955,9.965408284238736
11956,4.600071973908743
11957,5.41414056879413
11958,5.010944798970533
11959,7.087513160470792
11960,3.9572537854118566
11961,7.109534585660508
11962,6.841977655619506
11963,9.901214398854822
11964,6.968327167156526
11965,5.338869864007508
11966,8.47571397542374
11967,5.892547625232136
11968,8.204628494740977
11969,6.45028027592623
11970,4.798109088951508
11971,3.576026367612008
11972,4.346787854727401
11973,7.622258922727942
11974,6.582014986261626
11975,4.042733622062286
11976,7.772223459616848
11977,4.382258425125434
11978,2.1629217225129715
11979,5.884269747825682
11980,3.967013627586225
11981,9.440198710861031
11982,7.430554290957045
11983,5.643231051485131
11984,6.923609361639414
11985,9.209264228797169
11986,5.038888186707916
11987,6.82749204654465
11988,5.357519973390588
11989,6.556933234390952
11990,7.5962946117207455
11991,6.21080230752357
11992,4.663022345901558
11993,3.97745033224772
11994,9.255973310656362
11995,6.8640920014348055
11996,3.8182859033142527
11997,6.567836312078773
11998,4.629135540773015
11999,5.475119960263006
12000,8.612723839238315
12001,7.812313335237606
12002,5.336300590129835
12003,1.6085548602281718
12004,6.5878360115485695
12005,4.2017817004296365
12006,5.266832794670073
12007,8.896952067214418
12008,8.346145352847424
12009,6.4350793298880955
12010,4.3953371069425184
12011,4.269090323636726
12012,3.4188944002909016
12013,5.051972775816774
12014,6.636099214080514
12015,4.060610493038854
12016,8.094806909912531
12017,3.70871823088556
12018,4.348021173061484
12019,5.066814458301211
12020,5.189327869074939
12021,2.785425376223273
12022,4.976873000138227
12023,4.08865404551008
12024,5.361398173047215
12025,5.295099514348115
12026,4.156935749701133
12027,4.838010522279959
12028,6.46423015057385
12029,4.073173950318878
12030,9.356660415166175
12031,4.966253609350462
12032,5.38684249408934
12033,8.24018036745598
12034,7.85873134431462
12035,9.745203075061452
12036,6.779397763966848
12037,7.554496007409378
12038,9.514481015272837
12039,2.958785962505642
12040,7.725792482994587
12041,6.895838993904787
12042,7.417876699827859
12043,2.6320249106513556
12044,5.107807170703654
12045,6.3424955838867225
12046,6.791847392679136
12047,4.19700293080214
12048,6.163662822986336
12049,8.217592898565933
12050,6.779519466633043
12051,7.646700665756673
12052,8.785684484950599
12053,6.919304664201722
12054,6.2362459998044075
12055,7.660539631673666
12056,8.78663797642488
12057,8.982945193756496
12058,6.930307295888214
12059,3.7670121924238438
12060,9.649476727793353
12061,8.04029866853342
12062,5.67772364905491
12063,6.6517354895772645
12064,7.742192266244866
12065,7.81062843195609
12066,5.308607419819483
12067,9.731422504261968
12068,5.0685685629659
12069,5.92703707335723
12070,8.373932440181319
12071,7.186761536017732
12072,6.5159965890821905
12073,3.404999008337936
12074,5.787513416355166
12075,8.557996533208353
12076,6.194942753243804
12077,3.1336113514603934
12078,3.939418148240402
12079,5.495949122584261
12080,6.580778882394094
12081,4.423678983499439
12082,1.9855629887563193
12083,4.9619664077792764
12084,6.8123414107420315
12085,6.3967744976659064
12086,6.676024817354135
12087,7.9160734953613225
12088,7.0932615825525955
12089,6.2375536376421055
12090,5.337978804411006
12091,3.2773312130615615
12092,6.236311476843637
12093,5.830758321250094
12094,4.914179656003897
12095,1.8900560812920033
12096,6.361160363686729
12097,3.674428478253193
12098,6.2561264877508425
12099,6.051657090571474
12100,4.4172817985735815
12101,7.841199219955472
12102,8.752528417784465
12103,5.98931551239985
12104,6.0174892085703195
12105,8.441167466729159
12106,5.366035788481547
12107,8.1942360262367
12108,5.733463651887815
12109,6.82687564786106
12110,6.83078110206309
12111,6.136537242675236
12112,6.171273038848452
12113,6.0171070950127525
12114,7.617213283695257
12115,7.097637103105038
12116,7.263204510783412
12117,5.957164109147305
12118,5.531533704281358
12119,7.028544598907286
12120,5.807225316995937
12121,3.914157901548909
12122,5.160237986231925
12123,9.900130143733753
12124,5.719827066139731
12125,8.16501860586637
12126,9.019947093375558
12127,7.294241398710142
12128,7.767830088368735
12129,6.721883834829137
12130,5.688886306727269
12131,7.770383931597735
12132,4.697087215252617
12133,5.989133518112646
12134,6.153655463864997
12135,4.77011605817186
12136,4.217775454168318
12137,1.1474068376739486
12138,2.731497974495274
12139,3.192200198683678
12140,3.7272868158823984
12141,9.234294076742076
12142,8.757587903718937
12143,7.45044380185693
12144,4.589664692943751
12145,8.513454547779435
12146,9.008581549854359
12147,7.613991549693023
12148,8.07082125425675
12149,5.795544609219587
12150,2.5781813596496375
12151,8.055464108496873
12152,7.938425018031955
12153,8.929769300387813
12154,6.940983744575791
12155,6.3809446391991305
12156,9.311577629506413
12157,4.203352327584378
12158,7.109987727377404
12159,8.637679481819305
12160,9.06636534919511
12161,2.3293110600817135
12162,2.737892801885265
12163,7.5878653854021945
12164,6.163791551455277
12165,7.929734889353043
12166,7.845461889087874
12167,6.162797963482973
12168,7.147868193484454
12169,3.450020327498213
12170,6.644354670891713
12171,5.955554609737541
12172,5.713668047780893
12173,1.6193235341214494
12174,2.699824922839866
12175,5.95666273415849
12176,7.482618478789422
12177,9.75078754706648
12178,4.901503957647723
12179,7.265209402173592
12180,9.412005195250302
12181,3.4621706285088423
12182,6.802924688171302
12183,2.7370096646389053
12184,7.448137233036808
12185,6.516923997250093
12186,4.070481101998565
12187,7.634261539823946
12188,4.570418430720954
12189,5.027833432135624
12190,1.7550579136038014
12191,7.268468925202572
12192,7.887645098543911
12193,8.398869148425693
12194,6.644242712575595
12195,8.069465699640583
12196,6.486156744302372
12197,6.953801836143657
12198,8.586453818031249
12199,2.8214098427320975
12200,5.331126987471362
12201,4.559002421887412
12202,2.178593635868351
12203,2.6060877919931293
12204,6.322871794865361
12205,4.372096963419126
12206,4.928635778318089
12207,6.090028824497214
12208,2.97917960461338
12209,5.321838502030483
12210,5.186394590262066
12211,5.102311893231373
12212,8.2255540249553
12213,6.0736407251277145
12214,4.2848171796541905
12215,4.218521662212977
12216,7.520365448113014
12217,5.096053260770125
12218,5.977846877702406
12219,5.154427620738495
12220,8.44520696698304
12221,4.976322765329129
12222,3.3382036759373586
12223,8.378100038203263
12224,4.54696689221794
12225,6.338006847610332
12226,7.655473283176531
12227,8.673848022906729
12228,4.430779170349265
12229,8.169406661103668
12230,7.249364943846743
12231,7.884664502083837
12232,4.6648030575539385
12233,8.269519264233637
12234,5.479612887348135
12235,6.037910621777213
12236,8.66172854672958
12237,6.761875504203455
12238,9.235563135294601
12239,4.119337350526789
12240,8.44004929924015
12241,2.9972054544803997
12242,7.591119427460255
12243,6.167803184992907
12244,6.3663189313637485
12245,3.4153322268858135
12246,3.490563700668497
12247,6.535691287804227
12248,3.475963704219672
12249,7.330814772473692
12250,5.679382904768126
12251,9.236762572221938
12252,4.127631906320634
12253,9.035226796178318
12254,6.6380133922103095
12255,7.778856544973323
12256,3.7219124133100676
12257,6.0752909377756845
12258,5.153693190404283
12259,3.4486078929910136
12260,2.592324156806195
12261,4.162450216554956
12262,8.047802827304821
12263,6.189325113916997
12264,5.350279061570604
12265,6.430339906270499
12266,4.982481921099361
12267,5.911611296418703
12268,4.817527173055574
12269,6.8955338991966215
12270,6.552069424342339
12271,2.9732306189636297
12272,3.9456946530586783
12273,5.5339320823348785
12274,5.2954120438093435
12275,8.650601328993304
12276,6.020520024009817
12277,7.185297729128807
12278,4.07627122449553
12279,6.833191828491044
12280,6.3963948650621445
12281,6.311733060027895
12282,9.094622133028214
12283,4.297105151463427
12284,5.576377464737345
12285,7.517344120351476
12286,8.10281376542369
12287,4.8124446220261685
12288,7.753678007805621
12289,4.200933696034743
12290,4.167581009019837
12291,5.116833340451978
12292,5.3404066121511
12293,7.303558193770928
12294,5.88152852677455
12295,3.1903931487126505
12296,4.173589223912854
12297,3.814372485823102
12298,8.226398880127944
12299,4.051838070635503
12300,3.8477633476275783
12301,6.586901330372035
12302,2.434524413746769
12303,2.260873555338884
12304,4.0373542198224
12305,3.7840177754623108
12306,6.358220805807699
12307,9.218530120933007
12308,4.705441524924624
12309,5.236771461939044
12310,7.358160554163225
12311,5.555231579059624
12312,5.076819691862825
12313,7.988986034043106
12314,6.672329242748303
12315,3.922269110809755
12316,7.808556434384434
12317,5.495906721797121
12318,4.164602320544286
12319,5.30527911835842
12320,5.9268821600945785
12321,6.720624186500247
12322,5.684650602967028
12323,7.48321015595364
12324,4.480623346238271
12325,8.029405446356085
12326,4.094552287037393
12327,9.204089185924536
12328,4.873590558953376
12329,6.6114308823102474
12330,8.35910386729243
12331,4.111704291288284
12332,5.966140157786367
12333,6.892859558971682
12334,7.894066002467025
12335,6.437675695133612
12336,6.046623275112682
12337,2.950402578122225
12338,5.788702154179087
12339,6.764894406128294
12340,6.441046530614749
12341,7.195687049398728
12342,7.211610424101823
12343,9.998952952017365
12344,3.1127572703813877
12345,1.9780558807905706
12346,4.8492047534767195
12347,4.128159861456702
12348,7.583390030855914
12349,7.028426106475971
12350,9.026996611656383
12351,8.883992143136805
12352,6.519077829884433
12353,5.1979526231026725
12354,6.877782612361065
12355,6.787368486826099
12356,8.913063973295232
12357,3.649782961702738
12358,6.441277145561742
12359,4.722219854829975
12360,4.737182815029623
12361,5.968224933499765
12362,4.627896024404983
12363,6.82778599278671
12364,4.453115212838038
12365,7.941528418049454
12366,8.10590986446934
12367,3.668078211314463
12368,4.452283764738615
12369,8.964388082986028
12370,4.938580519577524
12371,5.396582468976109
12372,5.669648180395261
12373,5.803819859049376
12374,6.745023713518213
12375,7.5447141067645465
12376,8.90253086108772
12377,9.465995070880789
12378,8.863275570596311
12379,6.4730940133701935
12380,8.167202621128913
12381,4.262173156184176
12382,4.7901719112981604
12383,5.848041620557009
12384,1.0713107983453771
12385,4.367907431982016
12386,5.369045843165994
12387,3.925903066660527
12388,3.12281053126621
12389,6.901527830257052
12390,4.51673753951916
12391,4.751904068191273
12392,7.421997438588434
12393,5.309829869617035
12394,3.1378452983420204
12395,6.0352627591451595
12396,8.698390750556708
12397,7.227288332407433
12398,6.585682857200672
12399,4.666455345726448
12400,8.30712263434584
12401,3.570974577826804
12402,7.096008563404197
12403,6.193553133450658
12404,5.866828835713948
12405,3.9436463267337745
12406,6.164612571911154
12407,4.818696176770248
12408,3.773953114622215
12409,6.370938572723868
12410,4.397662622871736
12411,5.420851364548293
12412,8.820910834268588
12413,8.384483482082238
12414,5.967820361573835
12415,6.179795055519921
12416,4.256759531671239
12417,1.0360516150581713
12418,6.247814787060925
12419,8.86424076618259
12420,4.822552866402906
12421,7.229698179498827
12422,4.852687134154328
12423,8.297935469436133
12424,3.093599972226741
12425,6.605327947386418
12426,3.332569488361056
12427,7.998511567605857
12428,7.561704932351839
12429,4.544531697664754
12430,7.779967867778121
12431,3.829010163102385
12432,6.012651078780037
12433,6.3911621661162545
12434,8.916373056449181
12435,7.773790462086362
12436,5.086828010012138
12437,9.97878379323399
12438,5.588349482911801
12439,6.0868169204122395
12440,9.443936904202491
12441,6.79358944922612
12442,4.378106474560917
12443,8.27880492145064
12444,6.292771336822743
12445,6.504448203746529
12446,5.253585994253513
12447,6.7397494077137665
12448,5.9119914894178525
12449,6.704058388850612
12450,8.603595268442511
12451,9.24274619295141
12452,5.773902325593499
12453,7.508147641086024
12454,6.954477585161922
12455,5.162369971485245
12456,4.74692616652182
12457,8.452612090556837
12458,5.808763969641051
12459,0.1554687998376754
12460,6.216786586491187
12461,9.507228573179333
12462,6.082332812935364
12463,4.415910209654133
12464,7.040852245448716
12465,7.220133778727925
12466,5.337958761657481
12467,7.69161667705338
12468,7.6212137045955135
12469,8.202038069509706
12470,6.265785139060429
12471,5.440421016281481
12472,5.206489692521212
12473,5.652104650645809
12474,7.738097189515566
12475,3.4397924066890786
12476,1.4621463514348902
12477,8.541326975255625
12478,9.136643105983486
12479,5.482451544107422
12480,7.764999735416947
12481,4.655305814210127
12482,9.624296870381789
12483,6.473296029184877
12484,4.973782010288767
12485,5.090796138445093
12486,6.204789855276831
12487,6.639519124899641
12488,6.349013213600463
12489,5.25577553866177
12490,6.820802981016887
12491,4.803155721064172
12492,6.188107567198771
12493,5.691184792718756
12494,7.549284831554489
12495,5.956917005661831
12496,8.512121299990985
12497,7.54034885526171
12498,8.497156222932087
12499,1.5085260995104481
12500,3.1811153187383594
12501,3.885251770042184
12502,6.623845638132624
12503,5.746675964880531
12504,3.879728895422943
12505,5.0085737185937305
12506,0.8720927870571774
12507,7.301195010780079
12508,8.212734848680503
12509,5.188216560485468
12510,6.963720169090417
12511,5.45745548688185
12512,9.283718175677759
12513,6.161961886281155
12514,5.766664245911332
12515,5.702421076589205
12516,4.171409595467081
12517,4.359446864934237
12518,5.591490862471616
12519,6.00011725645883
12520,7.928316466354312
12521,4.73283284581908
12522,6.424530441460483
12523,4.073164296903175
12524,6.467408703976406
12525,2.247569115691112
12526,3.7718025174926835
12527,6.9405401403207865
12528,6.632394699630135
12529,5.670755502599472
12530,8.664229976352313
12531,6.207353851790364
12532,4.576123932759562
12533,6.034880268382345
12534,3.903994338403378
12535,6.999690456289324
12536,4.2534792373378325
12537,4.583911820111608
12538,3.392956731936269
12539,5.216554149021137
12540,8.456571763314473
12541,6.898627730126068
12542,8.6741010645111
12543,5.359940952618059
12544,9.47090012614542
12545,6.276929585207585
12546,6.513076935606831
12547,7.24007245365074
12548,8.097067376566084
12549,5.987582062794842
12550,5.470409536565597
12551,1.6092097127499276
12552,4.742054962176774
12553,7.348271137766135
12554,1.9121288654418236
12555,9.979695693820272
12556,8.440672738176222
12557,8.333214833282558
12558,3.5457829842351587
12559,5.6317757081688695
12560,5.18736963447586
12561,8.809625099678426
12562,6.550317108897109
12563,3.232250509476914
12564,7.82265381851376
12565,6.7598275176414315
12566,6.1929592529049104
12567,3.611320727102089
12568,6.116578028548875
12569,6.201270779255449
12570,6.226643177889627
12571,8.452791945419596
12572,5.231329273727568
12573,2.829723050139864
12574,6.8765134178580665
12575,5.763920035652221
12576,2.684222260334282
12577,5.57543248589609
12578,6.029670791503899
12579,6.378280398856431
12580,6.251776875347524
12581,5.5956585982751506
12582,4.266966773411191
12583,5.734050685476302
12584,7.622303109823631
12585,3.9924968043864246
12586,7.212114715886853
12587,8.03162259692752
12588,2.2157712351971215
12589,3.345549205381951
12590,8.880806083652368
12591,7.236771793812461
12592,6.360370581802014
12593,6.696262360370389
12594,2.7528974165104607
12595,7.131487783155016
12596,7.77060606822525
12597,7.312275492549941
12598,4.852953108313232
12599,6.415310233461483
12600,4.314438625212062
12601,5.846348286841788
12602,5.658040342955396
12603,8.642731571144129
12604,9.375175458256267
12605,9.557041275818705
12606,6.168095505707702
12607,4.3818274626616756
12608,7.065778597409751
12609,4.418757711459797
12610,4.87443210814866
12611,4.498137865831394
12612,5.719835131209006
12613,8.407165842090567
12614,6.460463157502517
12615,4.9924877305228375
12616,8.438783336548884
12617,1.9397324097340907
12618,5.078231849012724
12619,6.569246530151682
12620,8.290327891068781
12621,7.878058770714726
12622,5.698410426917027
12623,6.5375075546125085
12624,6.7187392291259895
12625,7.2091761180622855
12626,6.180715135812856
12627,5.582488961590714
12628,7.895437182942277
12629,8.163270468984958
12630,7.216194143603447
12631,6.095336168028958
12632,3.9978029534703277
12633,6.821946847088722
12634,4.860876918022959
12635,4.96637897322074
12636,8.138972904130366
12637,7.526559560116818
12638,4.324000815349464
12639,7.156021661904906
12640,4.415157394805495
12641,6.124680575326901
12642,5.593628323576653
12643,7.328712234812853
12644,2.911411162415768
12645,6.117692206979944
12646,8.267975411299457
12647,6.897505687112511
12648,7.6544937902193535
12649,4.501301332345787
12650,4.22015653246905
12651,4.889564958500235
12652,6.691387994853953
12653,5.971607062812493
12654,3.886986575483301
12655,4.9176188537686105
12656,4.864797731485777
12657,7.22567201789132
12658,8.187684383584719
12659,6.178599784295747
12660,6.234263580189119
12661,3.734006569599283
12662,6.215477315509263
12663,5.706492153864257
12664,4.229066705092234
12665,8.672926778676148
12666,4.753854219544554
12667,8.507659201565716
12668,5.438990125006656
12669,6.509667440968492
12670,5.531328588371714
12671,7.81445718414208
12672,6.815256531750005
12673,2.937803553193226
12674,8.672068371951838
12675,4.47441578438077
12676,7.962982053578313
12677,9.968971418030392
12678,8.923210058112286
12679,6.035537023496173
12680,6.6883941027645175
12681,6.692102893821266
12682,7.438633842985477
12683,6.575813468299316
12684,6.899744337846508
12685,7.307277462207838
12686,7.296861879346014
12687,8.462354953385045
12688,6.1783215517150385
12689,4.439277722836296
12690,8.870139123858559
12691,5.939031345886453
12692,8.24000267969705
12693,7.934230446787038
12694,5.412879651770476
12695,4.5856193310352165
12696,4.588191385505747
12697,4.0180513538592395
12698,8.093296538808627
12699,6.3159578069890205
12700,8.1855498716256
12701,5.539632644462264
12702,5.369858579914685
12703,5.84531511082232
12704,1.449945566901537
12705,3.0573252616705044
12706,6.712655383837988
12707,2.7789466555264406
12708,5.819789896240431
12709,7.9436925257147255
12710,6.65817129734303
12711,2.0432498887750894
12712,5.251216186767973
12713,5.5992317490336
12714,4.1476299586764585
12715,4.795339520967194
12716,7.75863508114112
12717,6.036476617098751
12718,5.203924163459098
12719,4.782400221968321
12720,6.2496718186205396
12721,8.74427747178712
12722,4.5826783233125585
12723,6.493264344216638
12724,8.305790349981672
12725,6.279556047558432
12726,7.1308687984451185
12727,4.754963853291688
12728,8.293043044898956
12729,3.88197118440267
12730,7.561904401240208
12731,9.089831300330511
12732,5.395807769719714
12733,4.56490872010067
12734,6.762684552707826
12735,7.575721396154064
12736,5.988704482450226
12737,8.289695295063622
12738,8.092686309077624
12739,8.612558253600543
12740,5.09544770546582
12741,2.099421177064023
12742,5.76922149707155
12743,8.696980853461225
12744,6.306410668161514
12745,8.823439454163852
12746,3.9479270670989424
12747,5.712380048989372
12748,6.153950050905793
12749,4.063442583027415
12750,4.757690786156786
12751,3.633104873476607
12752,7.083630786822785
12753,7.902349081704611
12754,3.0447655604202426
12755,8.810872432348651
12756,7.116600703057401
12757,8.424839432122104
12758,5.387026473894067
12759,6.760719869081986
12760,8.510976445025385
12761,3.6773567988966525
12762,8.862323663583851
12763,2.05249535086193
12764,4.663374645460348
12765,6.928910760319573
12766,8.113168442989105
12767,5.3063106976935135
12768,5.588120651259206
12769,4.01245381307068
12770,6.739170428533397
12771,6.616512310395683
12772,2.5689687402471035
12773,1.4945805420526548
12774,7.760604304524956
12775,4.916729032536035
12776,5.322953743713364
12777,6.963226259558216
12778,8.197282347821197
12779,8.101796070561049
12780,7.248542968547028
12781,3.4607460064412443
12782,4.6296759045045315
12783,7.0646063345878005
12784,6.381316113943606
12785,4.427265451366853
12786,6.698829688176945
12787,7.782153528407217
12788,4.002182944380203
12789,4.392372646766181
12790,8.662424076299896
12791,6.28453417335518
12792,8.55680128563159
12793,7.160840361256277
12794,6.800123009292062
12795,7.189225688000744
12796,8.233694465708485
12797,4.490549468604944
12798,7.541982973027942
12799,6.309471497525713
12800,3.2424809085568698
12801,5.961490998167221
12802,8.825531491400346
12803,3.8500091962461034
12804,5.374147775561547
12805,2.9235677906504476
12806,8.418388004921605
12807,4.417045246793383
12808,4.63966964698532
12809,4.6887567161514
12810,5.830475648747907
12811,7.658850971606574
12812,8.669330275048656
12813,7.572507754325221
12814,7.823038425107022
12815,7.362631252472179
12816,6.334135382224811
12817,4.90990204516446
12818,9.235232525424651
12819,4.682899050128559
12820,8.426984364389579
12821,3.2704875879926156
12822,5.724379788153382
12823,4.9846586020653065
12824,9.71217088572309
12825,9.406455311120137
12826,8.43971621359617
12827,6.308956005597336
12828,6.3993004091699435
12829,6.095103942812459
12830,9.119467769335149
12831,6.266045533408791
12832,5.381970921973401
12833,7.6656724281217645
12834,7.379518004565372
12835,6.359278900145038
12836,8.753847037487153
12837,5.030249394211872
12838,6.627437862353416
12839,4.280507349375869
12840,8.605502235771516
12841,5.292766403019746
12842,4.005757987598318
12843,6.937529613210268
12844,5.429472054896964
12845,1.986816934932601
12846,7.649300017088505
12847,4.083045247109821
12848,4.945993975914748
12849,7.6573694840436755
12850,6.902423295310298
12851,4.714705881398397
12852,5.755281149756543
12853,5.776127603146337
12854,2.828190087499183
12855,5.765698728545308
12856,4.392084737089873
12857,4.528909663732309
12858,5.171733680754147
12859,4.816459415290739
12860,8.468864547429352
12861,7.178633296286671
12862,6.4908751570876335
12863,8.877463269525315
12864,5.069654274727908
12865,6.320580647379037
12866,7.411698762023517
12867,4.308234307730183
12868,6.183437025554614
12869,8.773359139328507
12870,5.038796880248875
12871,7.210870698614082
12872,4.356275167048174
12873,7.840749536169318
12874,5.089160391382493
12875,1.7462874956927172
12876,8.079880041022767
12877,4.7516995392907
12878,4.934912306179202
12879,8.876444684110243
12880,7.3387939110707405
12881,9.391755148349016
12882,6.234516458430425
12883,7.911170850035195
12884,3.788041151795342
12885,7.831082977077925
12886,8.551507018578215
12887,6.691199685800373
12888,5.070507042901026
12889,8.393178697030375
12890,4.3672835942908055
12891,8.383523697182046
12892,4.6408627821456
12893,6.698812331239449
12894,3.4053794449259756
12895,5.597924490056582
12896,5.5954644901105555
12897,3.429613887432093
12898,6.6231177162066315
12899,8.273162779215008
12900,1.7979030844799513
12901,7.403152102182936
12902,6.397700698598654
12903,7.234177353117126
12904,4.670059488343982
12905,9.319183338215321
12906,6.72541499532593
12907,2.0995656945202237
12908,6.487565772523366
12909,3.676583530726024
12910,9.050033038384695
12911,5.720519669565259
12912,3.0964577062527314
12913,6.785878770633348
12914,4.349175870589405
12915,5.216005534923921
12916,6.881875705595448
12917,7.794217819034339
12918,3.408051475239678
12919,7.239372738570308
12920,6.375297833943221
12921,4.65114120739491
12922,6.8615418941526585
12923,5.6080278751989
12924,6.761653201610541
12925,2.4061601340660643
12926,5.352392542646295
12927,6.044450730796942
12928,6.652707274560885
12929,8.30002739068623
12930,3.921695710838968
12931,4.994171924921476
12932,8.40257246403559
12933,8.14100458996563
12934,4.537080652464152
12935,7.635660414741201
12936,4.655012103991142
12937,8.15951766911325
12938,8.259437880538774
12939,7.059632905116308
12940,9.681091837949856
12941,4.154705236029832
12942,3.823719455653882
12943,9.072575221187979
12944,6.5793568813670875
12945,6.1728696315492595
12946,7.008459972624051
12947,5.60250704720418
12948,4.8084249191238655
12949,8.948734161259207
12950,6.521105913990951
12951,2.1312659111163486
12952,5.811868864429933
12953,6.164468172131347
12954,8.918155097190589
12955,2.2071437034058894
12956,5.271912822665762
12957,6.105404326688523
12958,8.757111524307353
12959,3.471515265575417
12960,2.2658001186643526
12961,7.215381026567266
12962,5.394026223446405
12963,4.8223439132590995
12964,7.846312434432522
12965,4.6288359765345435
12966,2.9026936108316024
12967,5.373497759719738
12968,5.1135063686872355
12969,4.804741520722602
12970,6.1868051951040055
12971,4.369425450369449
12972,5.506216511911702
12973,7.047098405030548
12974,2.9493041344643167
12975,5.724055140536477
12976,7.496707183729086
12977,3.072025117129412
12978,8.360539518686032
12979,8.129132472614543
12980,4.83088408950646
12981,2.877177990400734
12982,9.83421444590508
12983,6.578439209604477
12984,5.095789926563998
12985,2.945161876746756
12986,7.862324906778224
12987,8.298082409071924
12988,7.643352197680192
12989,4.3062881847723435
12990,5.968196706750217
12991,4.455049207580986
12992,5.317870632741128
12993,3.956914463792142
12994,6.971764976802537
12995,6.4935337628534215
12996,4.58774687129233
12997,7.142315286119624
12998,6.514101724856067
12999,6.10657428955258
13000,4.338698912436267
13001,7.696678388929021
13002,9.551140479359626
13003,4.847607893825371
13004,8.983279059008089
13005,1.3816056762171978
13006,3.8081933456405372
13007,5.236536967664739
13008,4.318106060756823
13009,8.696745345194131
13010,5.051798290214636
13011,7.449797691682646
13012,8.188296390064071
13013,5.158430237814069
13014,5.409742836678426
13015,6.2610650058878115
13016,6.77742947077419
13017,5.9208961986883875
13018,2.605520054088233
13019,4.468283107370121
13020,4.798500020522801
13021,7.1483771874215
13022,9.026244973618503
13023,5.8895333505121
13024,5.168976193872931
13025,5.822558966752736
13026,5.346461075286359
13027,7.457946137007861
13028,7.844456381561163
13029,4.781604886318673
13030,4.922790396897701
13031,4.710278784548343
13032,3.079683689052752
13033,6.822142726079031
13034,4.31104259915147
13035,7.506506470430226
13036,7.147043408738274
13037,5.405352068762697
13038,7.187500358216144
13039,6.392333349084782
13040,5.048761264630953
13041,3.148949860529998
13042,3.59652859087567
13043,1.585105095088911
13044,5.443621352879213
13045,5.138511556316674
13046,5.0977670672535345
13047,8.595120764697622
13048,7.575924983642729
13049,6.9724860301300975
13050,8.32001202693454
13051,4.185896865899766
13052,6.6219212136842005
13053,6.932124439483876
13054,8.964019777065024
13055,5.242651303451657
13056,3.5642224533118503
13057,2.1402662269645374
13058,6.698405898762445
13059,6.004715254455986
13060,5.897636826126904
13061,4.500163065044285
13062,7.153405343437504
13063,9.210886251410619
13064,1.7345774412007902
13065,4.359346763838744
13066,6.939070241851434
13067,9.069548800289192
13068,7.408507994849407
13069,7.311650570950516
13070,4.45847796698997
13071,4.956658068990029
13072,5.995997020830816
13073,6.40786241128175
13074,3.8128641299108743
13075,3.579312622110721
13076,4.6496198205369605
13077,5.770374858627477
13078,6.250898772094088
13079,4.121789226565253
13080,7.673271867404701
13081,5.8151131007761485
13082,4.217894488497305
13083,3.4699583816580373
13084,5.109654394710899
13085,4.405064031392838
13086,5.850782522241024
13087,3.069744721254932
13088,3.373900547920537
13089,9.292318646441363
13090,7.857704227672504
13091,7.932114774841774
13092,7.570520581477719
13093,5.937191621309063
13094,3.027352751863396
13095,5.473042840891164
13096,6.050836476668375
13097,4.068744446432071
13098,6.3949324218922765
13099,8.556146971353328
13100,4.2281706246413435
13101,5.671250707682236
13102,1.3750893927186745
13103,7.133910647326525
13104,6.7087181807303935
13105,6.855499166171446
13106,6.222516623276968
13107,3.669887480214963
13108,8.561133319470018
13109,5.747588523487312
13110,4.523295837605533
13111,5.543358741037111
13112,7.417121694007699
13113,5.882493751698865
13114,8.66474168871438
13115,6.538013172816503
13116,8.268999114956952
13117,1.6609076144273391
13118,9.734436975585629
13119,6.360169643679347
13120,2.9606700645784896
13121,5.459834065623137
13122,6.77214819416393
13123,5.72494603647207
13124,4.267308456963635
13125,5.247323735836904
13126,4.391273064928166
13127,1.9583050008356337
13128,7.712154951803695
13129,4.761289610475941
13130,7.367479684273609
13131,2.0284571468440213
13132,6.052602689953678
13133,5.039437494384083
13134,7.356490766062469
13135,5.05315776834834
13136,2.3287236539040608
13137,7.062083095320647
13138,6.737032953629845
13139,4.823117456725917
13140,8.783774591797593
13141,6.553987311150722
13142,4.49076772409798
13143,8.176593949516652
13144,7.666378930683483
13145,6.118982090050621
13146,7.287071467404063
13147,6.56668372029692
13148,6.466099711745383
13149,7.424449646332664
13150,3.726670735767749
13151,2.919699046424359
13152,7.184624327530258
13153,3.7803712311964603
13154,4.485715033185985
13155,7.419231961956096
13156,4.734436137162836
13157,4.470556795515877
13158,4.92127723002645
13159,6.719892874064274
13160,5.759200333354761
13161,9.89650843806606
13162,8.170151650927608
13163,4.327311404427936
13164,7.621192333729202
13165,3.904157632528753
13166,2.849019905428209
13167,6.2677123075945715
13168,3.9801900208055634
13169,5.626501409733555
13170,7.4756307437759375
13171,7.053016075944258
13172,6.299674656386445
13173,9.484949120649224
13174,6.522495079930286
13175,4.466327728348345
13176,5.6601607092311
13177,7.638705195192453
13178,3.4470182835721
13179,8.594971364640369
13180,4.529995853280743
13181,3.484606985949319
13182,8.162286032290247
13183,5.707536113194938
13184,6.747547383908999
13185,7.296641644139639
13186,7.7007247448906
13187,7.35693322949582
13188,4.526532074706677
13189,4.553871182629939
13190,5.8558909229945915
13191,3.3378683777806537
13192,8.44112233346678
13193,7.683288450062696
13194,8.356208024444978
13195,6.196953598869788
13196,5.464478596495104
13197,6.190173335526415
13198,7.368204901081237
13199,6.339476560838621
13200,9.205675783254433
13201,2.5915405836837904
13202,5.211014736023527
13203,6.853372197860944
13204,4.505181972551878
13205,6.179890445452445
13206,4.111134239001595
13207,3.391669227067657
13208,4.1707400657708655
13209,2.5215396711272033
13210,2.796478346810963
13211,2.5968928491356236
13212,6.88040458649194
13213,6.80975635977901
13214,5.016515781050158
13215,2.857117272216798
13216,6.125564427398702
13217,6.112601251065434
13218,7.980364046959953
13219,5.8760239502854095
13220,6.509561117912777
13221,6.3810275044783
13222,9.489785017857589
13223,4.804937167317311
13224,4.327602106979022
13225,7.713239702299141
13226,5.863008079927079
13227,5.416036468356722
13228,8.437339278843922
13229,9.122592191074503
13230,6.199838732990088
13231,4.265020484229706
13232,7.682098531814516
13233,0.33511384696848245
13234,5.390976151503456
13235,6.674131403733966
13236,6.584995013777709
13237,7.537679783936973
13238,5.5482629966741746
13239,5.188486048059149
13240,3.6201710044430357
13241,7.690571635322857
13242,5.04260795107499
13243,6.846688402156009
13244,6.08414971604733
13245,4.9671670202652445
13246,7.142944485023406
13247,8.171382011674694
13248,4.815491013984865
13249,4.754289983310735
13250,7.840637292952172
13251,5.271263656438717
13252,7.858163742020727
13253,5.603046964990309
13254,3.271898474736845
13255,5.570765532555889
13256,6.764444255832329
13257,7.112403429624433
13258,8.368659294421821
13259,5.216468544026631
13260,8.512938025377977
13261,9.485296436420583
13262,4.639462368842669
13263,6.552926259342037
13264,3.3870289554587663
13265,5.4960326194369005
13266,6.601858036704925
13267,4.201915317974249
13268,2.756174041712402
13269,7.01243980658312
13270,7.685547548044589
13271,5.058236099247968
13272,8.434888256690904
13273,7.913759104919945
13274,8.337291413927698
13275,8.106177014466962
13276,6.352326830383674
13277,6.846649447767364
13278,1.132316093060766
13279,3.4536177991819192
13280,5.302529684737782
13281,6.2783264583557505
13282,5.71498598852965
13283,5.345343246671177
13284,4.956360308643207
13285,7.262242352807142
13286,6.533316523740841
13287,6.965604444161666
13288,5.207939133483607
13289,6.916995170587472
13290,8.66523045484872
13291,2.71632766518458
13292,4.769336533082868
13293,4.009668569605891
13294,6.941063550895159
13295,7.713922783233555
13296,5.611019457897986
13297,6.254983414291097
13298,8.20512958400712
13299,5.631626600735295
13300,6.250090642897185
13301,6.262100956820784
13302,4.629708711178222
13303,7.055593976468832
13304,6.032072075126555
13305,4.418480186668502
13306,5.82992041503925
13307,6.857007886873579
13308,4.46632371654041
13309,2.9401291649475016
13310,3.1599011150820986
13311,5.593606323468444
13312,1.0561625738693643
13313,5.397468574569524
13314,7.493293886942657
13315,9.11191866474044
13316,4.519409390140901
13317,3.0914805456168772
13318,5.203051699508033
13319,5.7396706908393345
13320,4.652416063979977
13321,5.941800893408255
13322,7.217793150454509
13323,7.7088032863437235
13324,6.9280476770397375
13325,3.3066313626126975
13326,7.852312041185297
13327,7.112748765313997
13328,6.397326418405832
13329,7.245681960660444
13330,6.818610840376541
13331,5.777962493661095
13332,1.9601914668121103
13333,5.180310937322232
13334,2.693346597343581
13335,9.993774582202624
13336,1.7763748498680954
13337,7.035713701932119
13338,8.407651055820736
13339,8.71036192839707
13340,7.856097709107599
13341,9.19216765447797
13342,5.602933520948535
13343,6.264775931279959
13344,2.6650913349856977
13345,3.304401752023055
13346,3.630570216746059
13347,8.790327460143178
13348,3.995528212121382
13349,2.702174676177729
13350,3.385498492269307
13351,2.7455935743881446
13352,5.405353293883865
13353,8.094869487127653
13354,8.051098281255959
13355,3.023442908804534
13356,7.2088597516066315
13357,3.9196871863940714
13358,8.026093678219246
13359,5.438664480922222
13360,8.161604389401628
13361,6.769545422767052
13362,4.103134328231316
13363,6.870514342187567
13364,5.219006872993213
13365,8.499319807323662
13366,8.412043548047311
13367,5.006858899254269
13368,5.566968110931026
13369,6.636647522731448
13370,4.331819746996618
13371,3.369936456293803
13372,3.7733912683138273
13373,8.07128557536647
13374,6.772825076585623
13375,4.187369877900726
13376,4.843239672190485
13377,6.43154813673524
13378,8.701020216606498
13379,5.179661712351262
13380,2.483848500240277
13381,8.796042942129853
13382,4.010900354566968
13383,7.4801488509861045
13384,3.572060345648169
13385,7.613828119110105
13386,3.1477650561594244
13387,2.655805966158739
13388,6.1773639487081535
13389,6.237178712040881
13390,8.642945432745572
13391,6.474903821054776
13392,8.237084176637719
13393,5.230335620234667
13394,4.747866245525763
13395,8.946739456342812
13396,8.907258926246325
13397,8.063261552112184
13398,4.752668589517134
13399,6.994606681027028
13400,7.767172698699466
13401,6.287830371770655
13402,3.8737045874608524
13403,8.472603832352979
13404,5.922446566015476
13405,10.0
13406,4.121770199205463
13407,3.043413080919674
13408,3.6554089038976714
13409,7.429580883085831
13410,9.23223751698148
13411,5.43014811961058
13412,6.160253570636904
13413,8.61021284998714
13414,5.459024521550774
13415,7.1543898541202235
13416,8.421493856700849
13417,5.852050397062321
13418,6.659493010768465
13419,7.172671882802193
13420,7.013406490576989
13421,4.873064449581533
13422,4.988845424422856
13423,6.518505736323208
13424,8.446821390470888
13425,6.602059753320451
13426,5.6277223865130575
13427,6.514474806555372
13428,5.356108092465794
13429,4.064399678507307
13430,3.904063924418665
13431,7.983644996168559
13432,7.732566587700539
13433,4.978598013274619
13434,5.811080509431207
13435,6.1937703821831445
13436,8.799662356142237
13437,1.7113239624259098
13438,2.933325950862519
13439,9.991779144133309
13440,8.325359860574176
13441,4.28462946926477
13442,6.8712842431720365
13443,5.794759520003603
13444,6.005216094479854
13445,6.665966826550547
13446,9.147936443178864
13447,2.3124988187923825
13448,2.783711321019059
13449,5.647444811560992
13450,7.65258687989879
13451,5.6315219760043025
13452,7.27047146976111
13453,4.833221898690839
13454,8.320626237585135
13455,4.91025445380023
13456,2.640865692732532
13457,8.134527523200255
13458,8.125258755461108
13459,7.221121472980824
13460,6.356720573528224
13461,4.560149400861588
13462,4.63834373983973
13463,2.7872583292918294
13464,4.0601285350725504
13465,1.2823547324123745
13466,7.970804316252975
13467,4.057580352827801
13468,6.809451244080259
13469,4.973940439368025
13470,6.46912226862837
13471,5.134171009245239
13472,3.8138548159779084
13473,7.470094397361102
13474,4.998542815381626
13475,7.534111813830831
13476,6.636871313505646
13477,3.8615380557773618
13478,3.0208369179368972
13479,5.182061847179371
13480,6.331583722065956
13481,4.690625273078237
13482,7.482019619146335
13483,7.484835859599431
13484,6.03182044789735
13485,7.05718198248348
13486,5.573986745645153
13487,5.087082306107864
13488,3.2451217788334423
13489,2.5544519606020315
13490,4.3185660046266126
13491,5.987050785309896
13492,6.263835172076127
13493,7.506722024736581
13494,4.039756608660264
13495,4.613335989369104
13496,4.842827512870167
13497,5.842086950991195
13498,6.340089556790758
13499,7.677361476487297
13500,4.678583510633845
13501,6.722136636819161
13502,4.868038468426083
13503,7.025662943408466
13504,8.327601626809448
13505,4.606722639482216
13506,9.07016742220278
13507,3.5004315185958284
13508,3.4609633397131625
13509,8.278680166041308
13510,7.911111256608903
13511,4.034376602466533
13512,7.136415639399767
13513,2.253597934418378
13514,8.36269780316766
13515,7.7022203656790795
13516,4.272539217476027
13517,5.786789192525683
13518,8.909570115757177
13519,8.522016646768929
13520,5.942653945196386
13521,5.434928858832313
13522,4.364148504602032
13523,3.8312440946944077
13524,6.212749780600881
13525,6.127527433645847
13526,3.129530070569074
13527,4.121412159973798
13528,9.349973830526793
13529,7.2727244343277615
13530,2.2585430737950825
13531,6.554944978624121
13532,7.018492999551657
13533,2.8084157882597633
13534,6.022152459764677
13535,3.0073701408388986
13536,5.033138326327409
13537,4.748076562589122
13538,6.1763990546662795
13539,4.008587828700032
13540,5.021373897384871
13541,8.790149072216469
13542,3.359381791920037
13543,5.279811392972862
13544,5.479218855692576
13545,7.796030973454383
13546,7.629530181793004
13547,8.2469381748667
13548,4.152438947925086
13549,2.52047178365937
13550,4.978019579801577
13551,7.527497156076381
13552,6.609650946576076
13553,6.767449162856235
13554,4.329181494644028
13555,6.754088883163547
13556,6.308440259112959
13557,9.915913603655522
13558,6.897177986227861
13559,9.118343403156938
13560,5.7000539925836
13561,4.160894781593283
13562,5.102635277117151
13563,6.686794528870507
13564,6.7595788736795654
13565,6.315345564580013
13566,4.38635992177735
13567,5.546474036408057
13568,5.456115095416875
13569,2.496109800195859
13570,5.129508416051651
13571,6.364209054258222
13572,7.159412931862981
13573,7.341498978590009
13574,9.281918487799055
13575,7.69551441907799
13576,6.036615289292315
13577,8.998274329218335
13578,2.585100594352205
13579,4.303911854715008
13580,3.781662854638752
13581,6.114767276300023
13582,4.570278252914993
13583,7.773888953349546
13584,7.098681130084577
13585,8.580444382833885
13586,3.1184333140785863
13587,8.188983785429272
13588,1.1042027300329962
13589,8.484849190883779
13590,5.411596994539548
13591,6.046527149581427
13592,8.688570727313712
13593,6.126099929810697
13594,5.713512811210188
13595,5.521386507357683
13596,8.615090603479073
13597,5.065830149737392
13598,6.789801758379947
13599,1.593922937806332
13600,8.711265192692142
13601,4.931574839590476
13602,9.24361060441409
13603,3.4042382192083216
13604,7.656193912592521
13605,8.190900318515649
13606,5.896646485774454
13607,4.601158149780744
13608,1.2489476131059312
13609,3.618180504135475
13610,6.188459027677757
13611,5.50602793650617
13612,9.59229718517752
13613,1.911542114160089
13614,4.908390196863034
13615,4.6769338688246345
13616,4.390360649247832
13617,7.216013283989382
13618,7.99633874221976
13619,5.769369676022765
13620,3.3714749452132025
13621,1.7158834242909375
13622,6.078537004348204
13623,6.434263032288472
13624,10.0
13625,5.492088624801206
13626,6.13068039292452
13627,9.427932164420591
13628,5.1189961206176635
13629,3.644677750705783
13630,4.004949933279978
13631,8.22657058184586
13632,5.046157053971878
13633,4.792719711580382
13634,6.836308355068935
13635,3.931553612443543
13636,6.318533504189009
13637,7.2999588011185494
13638,4.636354086728305
13639,5.084621748142702
13640,5.555073698625674
13641,7.489114004717107
13642,7.176287088998619
13643,7.095547787734191
13644,3.355723340727059
13645,3.987216063796528
13646,9.296331911332725
13647,4.07082463919257
13648,9.098659110428073
13649,4.853714589068083
13650,5.47398557397193
13651,7.409029890734075
13652,6.552105962815001
13653,6.687631054824566
13654,5.620677904067324
13655,6.489867580062277
13656,4.354617081878613
13657,4.120954802577494
13658,2.913061132470074
13659,4.959200766782877
13660,7.582823283133761
13661,7.538083258549736
13662,4.726234716174151
13663,4.905350576996329
13664,7.15341096432404
13665,7.094021659269567
13666,6.757931352961307
13667,6.878652516596536
13668,7.1799371953286535
13669,2.7705075413410234
13670,8.18807930499013
13671,6.383130355550991
13672,8.786421105793398
13673,7.115984829624932
13674,5.365713517193513
13675,5.9539820821039084
13676,7.3303094945266505
13677,8.753611174835658
13678,6.658957487647596
13679,3.431668412581486
13680,5.198684703696481
13681,5.459690304798879
13682,5.1005644500347485
13683,7.587749656261826
13684,5.6642657067105855
13685,6.603850250732082
13686,5.70733830478396
13687,7.369628287943766
13688,6.737290700533693
13689,7.3104136731252565
13690,7.556889753470761
13691,8.852867276584513
13692,4.387539093949224
13693,7.224824019147166
13694,5.002796231797346
13695,6.211285292271955
13696,7.675447097463822
13697,7.974231612938456
13698,5.339537632745803
13699,6.287069974204448
13700,5.136122441108498
13701,3.681810295773785
13702,4.648119780079805
13703,5.802203887501809
13704,3.2536857142896105
13705,4.48461676385402
13706,8.288469950792118
13707,5.677976362275798
13708,7.640728290080313
13709,8.503344198979663
13710,5.479516014190135
13711,6.745063976180534
13712,4.981331300655201
13713,6.4626850682040455
13714,4.987392711494566
13715,6.606654630170513
13716,6.091669511309934
13717,2.368720428262771
13718,4.353026573642795
13719,7.043216977435111
13720,7.838853718759078
13721,8.964622247629443
13722,5.018719435349151
13723,3.2822438532751286
13724,6.836012549978345
13725,6.380636693496122
13726,1.7473949570916534
13727,6.5561261506714725
13728,4.217831922546546
13729,6.993205010012213
13730,8.178532503735074
13731,6.614248089078875
13732,4.1158862686073565
13733,8.78870956217386
13734,2.48656436628385
13735,5.244746703180249
13736,8.253283306195558
13737,3.146067536862911
13738,5.313188125725139
13739,5.081400885833341
13740,9.470076743615994
13741,5.630485642900602
13742,6.842976110868731
13743,7.776865182201803
13744,5.768954000381177
13745,8.322633004753623
13746,6.579762985269039
13747,9.234547093349411
13748,5.915003531484298
13749,5.269345006876735
13750,6.169612928172731
13751,7.60664947375505
13752,5.399036065028322
13753,8.54021581316232
13754,5.296694207541536
13755,5.985022759269398
13756,5.13858981443564
13757,6.948586281709301
13758,5.17168308638937
13759,7.2729563461526165
13760,8.432587082005318
13761,9.202676741360616
13762,4.750621590337863
13763,6.8775955081221145
13764,5.742107108021854
13765,4.238993671774742
13766,7.826085277513052
13767,4.172722922504181
13768,5.340450127500257
13769,4.309873319343821
13770,6.432313092483613
13771,1.2182408206871158
13772,6.985303575934823
13773,8.376795818698735
13774,9.202772661449476
13775,4.7606417040383935
13776,3.3897207435901473
13777,6.905556345323781
13778,7.697014069051019
13779,7.54247499704591
13780,7.455475298897627
13781,5.980003786639442
13782,7.514347495724107
13783,6.58381877598907
13784,9.332218938717673
13785,3.561365391699463
13786,7.161394147537597
13787,6.862010377908405
13788,5.638671173267517
13789,6.293512606582295
13790,5.355475112033024
13791,4.838308719453832
13792,7.129611102347677
13793,5.447445547505663
13794,5.030981466044173
13795,4.948488270314185
13796,5.1272054076576286
13797,4.497680163428408
13798,6.313207055206869
13799,7.1928267523906655
13800,4.779688360396688
13801,3.6561273351357015
13802,5.1542377869629785
13803,2.3798327196797957
13804,4.114321678665064
13805,3.1051220948672045
13806,8.182160586909367
13807,4.135502584969119
13808,5.463076847291394
13809,4.340958968192749
13810,6.791568087834688
13811,5.459939192057952
13812,7.205262309365234
13813,8.007867330734198
13814,8.356627484810293
13815,4.448565021284713
13816,8.43341210286395
13817,3.7126026697597707
13818,6.364077790248627
13819,4.88739502281994
13820,8.273488980825942
13821,9.120542320696362
13822,7.250541235072146
13823,6.65462336087163
13824,6.302245990208732
13825,6.661541286638557
13826,5.342041595145825
13827,4.844659205434987
13828,6.01789821078737
13829,7.611636352034649
13830,3.593205708444325
13831,7.716085580327226
13832,7.7554280749295845
13833,8.309670657626555
13834,6.1622922805513465
13835,2.4959406601086793
13836,4.628365613151853
13837,5.568424168748204
13838,8.56888409220743
13839,5.879197885573604
13840,5.457949760600281
13841,7.866621313852325
13842,8.153351937617092
13843,8.303436288295654
13844,8.839839446399484
13845,9.62944536690848
13846,2.0657762078805786
13847,6.59963078936422
13848,6.5299727791982605
13849,4.852101712495608
13850,4.411163347221652
13851,2.3485653937640514
13852,4.872611271860633
13853,9.643413816661429
13854,5.27765472239232
13855,7.13594723982403
13856,3.454134202877616
13857,7.388500437071153
13858,5.635151838408918
13859,7.435936562676884
13860,8.97496135535511
13861,5.652995672125369
13862,4.7181735672238245
13863,8.776770257821344
13864,6.973128586747587
13865,5.79231666472751
13866,6.844174239183877
13867,4.114252420554343
13868,5.127489236541818
13869,8.076355584705222
13870,8.634198315164182
13871,8.964357231522849
13872,5.83866382496079
13873,9.466347416432447
13874,7.353540084255956
13875,9.08562303187331
13876,6.848694275421963
13877,6.266639290889508
13878,6.190160607147812
13879,5.499890420227336
13880,7.885941045448218
13881,5.910655937499084
13882,5.556062709386951
13883,7.732385054063025
13884,5.9175762122607525
13885,3.4048831635301227
13886,6.205737074231481
13887,7.385058945365955
13888,8.240751779347208
13889,8.135639660746984
13890,3.261262904801783
13891,7.2564658341890595
13892,6.2293544384337425
13893,9.315066743677594
13894,7.108083588297555
13895,6.648367239652511
13896,5.717975420462315
13897,6.788685845441431
13898,5.05840420187208
13899,7.354448893525723
13900,7.076866578973499
13901,6.628347797121188
13902,2.3239061470402533
13903,7.122901648315571
13904,2.999205714996709
13905,5.59439974270258
13906,5.89712830194283
13907,5.49332179563968
13908,7.322021468458407
13909,7.832716664852368
13910,6.612886100174213
13911,8.031113890729888
13912,2.655100690511229
13913,7.257955755733386
13914,0.8208904647791788
13915,5.818521662169782
13916,7.452311794964325
13917,7.90738121783347
13918,8.083697675749423
13919,7.391436300527287
13920,6.347212336567705
13921,2.822909626029692
13922,5.1173282809568
13923,8.594342007904467
13924,7.080084165194873
13925,5.415221650070038
13926,7.53056490655508
13927,8.290257077883386
13928,6.746912262132509
13929,6.660107919983945
13930,6.342585175224042
13931,6.965368878625247
13932,6.836851973876826
13933,6.322343810149545
13934,7.342322904975053
13935,3.119098015802121
13936,7.337584223382957
13937,4.0979235714544275
13938,2.6335679663126474
13939,7.101616134961778
13940,6.6166768950942965
13941,4.411786605563977
13942,3.821132867486196
13943,5.0386966721701265
13944,6.743851590898863
13945,6.587878507320615
13946,6.420555630462189
13947,4.5612241097178465
13948,8.340679590355817
13949,1.8877323043887355
13950,7.424378988831949
13951,7.124233852338387
13952,4.5801549266689054
13953,5.022614049756838
13954,8.023306317876608
13955,4.147860914691867
13956,1.942240474830826
13957,1.7640614729254227
13958,8.170358051377516
13959,6.333825849447256
13960,5.4425749433635655
13961,7.090999439513172
13962,5.737033485694438
13963,8.33467263274938
13964,5.246901846645005
13965,4.638851377428262
13966,5.326141093751799
13967,4.555217091593422
13968,6.108711574684682
13969,5.689007915616794
13970,9.347787023056648
13971,6.13744405062083
13972,8.79849295921096
13973,5.65900757858446
13974,1.5464699622614864
13975,6.435163207787857
13976,7.35671534245063
13977,6.1862925461754505
13978,7.119139523320928
13979,6.709043186386412
13980,8.532998610097493
13981,6.721582323146772
13982,5.038540920552174
13983,4.880606116731409
13984,3.13802876052963
13985,7.543672827315983
13986,7.699825906659133
13987,7.279091832868457
13988,5.883183395001929
13989,6.555636044976042
13990,1.9870320563073594
13991,5.268093792794805
13992,6.972382731468761
13993,6.793270391370632
13994,3.1553378030549526
13995,8.156392402937499
13996,5.929737326632873
13997,6.734514392557044
13998,7.4143577350224845
13999,4.382442580239649
14000,7.739565552974392
14001,9.388479410421388
14002,5.266731261677468
14003,8.84308629070799
14004,7.608244411170622
14005,7.032223718051105
14006,2.980260224923768
14007,7.830475826452242
14008,6.694815578777633
14009,3.4179556445629116
14010,8.476702449153176
14011,3.298164874315207
14012,3.2864533511574527
14013,6.618524656354967
14014,4.12608332052225
14015,3.178233107537099
14016,5.015052794625598
14017,6.1891854231636945
14018,6.003014112473084
14019,8.503880382235252
14020,8.978837817457267
14021,8.404393603329192
14022,7.03173302546106
14023,7.1948049001835646
14024,4.9244749427811625
14025,1.4636202054394325
14026,5.883793969322417
14027,8.52406435987343
14028,6.0472415461336
14029,5.860749470251357
14030,4.737541150096847
14031,1.9053754372250502
14032,4.643055390284285
14033,5.437492310077173
14034,7.975605276001085
14035,4.126874991036095
14036,8.450917025625039
14037,7.4592384110790615
14038,5.771745793270537
14039,7.615653444196464
14040,8.344685274012749
14041,5.023941649192724
14042,5.2853230510112486
14043,6.19328776411469
14044,3.0969754168497277
14045,4.143826065896351
14046,5.167720033013369
14047,4.243650888547952
14048,8.351155507395617
14049,6.515428291914768
14050,5.205915177023195
14051,7.6069843106937665
14052,6.001163149963462
14053,3.2959244749707537
14054,9.180530254280427
14055,7.140070451835621
14056,6.839700955537533
14057,5.253243957561427
14058,5.078128418582475
14059,4.440387948007803
14060,1.184537162985752
14061,4.0432187416792456
14062,4.559915738892498
14063,4.339556469137671
14064,2.4275558506650965
14065,1.0781920677079362
14066,9.159478195423159
14067,1.9538046796658075
14068,4.583748355258875
14069,6.390351756414317
14070,6.75398277588342
14071,4.759740981429168
14072,4.95691108943179
14073,8.288928767322261
14074,5.489052413710512
14075,4.9065061233241005
14076,7.036284671770117
14077,3.6738212547438436
14078,7.3737886730985895
14079,6.340409588969369
14080,3.859614599670457
14081,7.595884188400649
14082,5.825085547433841
14083,5.143198387368825
14084,2.4372467174073025
14085,5.845755171633057
14086,5.563393748280497
14087,8.271784254502055
14088,6.15669045554264
14089,6.203322401661163
14090,1.9088304829521412
14091,7.0313153143265925
14092,5.685681996578976
14093,2.726027258460084
14094,4.27662901656455
14095,7.1011227796733065
14096,7.659855773208113
14097,5.988199944912037
14098,7.315064797946691
14099,7.519601891951657
14100,7.410933533715474
14101,4.6027413304002085
14102,4.100959244214545
14103,7.5599253864649825
14104,6.405533826220965
14105,5.439302036824136
14106,5.619578728288917
14107,5.728827478422583
14108,5.200920108444189
14109,7.295937113928744
14110,4.537877475532187
14111,2.099963167829395
14112,5.770104796831641
14113,5.11207899504924
14114,9.992703383049541
14115,6.321141983230985
14116,6.498080176108893
14117,8.38208906556861
14118,6.694067741471095
14119,6.211212942816036
14120,6.4556873596156805
14121,3.688439585547306
14122,3.8328432390875866
14123,4.814630491779655
14124,5.210071411288043
14125,8.057600620578217
14126,7.14920757296712
14127,8.125091219641318
14128,4.856357368718982
14129,3.2744702155902687
14130,4.177470507758088
14131,5.634430867925798
14132,7.500823788175227
14133,9.906919018243189
14134,6.656141874301011
14135,6.251140733964382
14136,6.526495401968634
14137,6.430140869191689
14138,4.305159204847897
14139,7.718314095384434
14140,8.785111198207266
14141,7.4248891937432075
14142,6.3467872740666476
14143,6.322742482045095
14144,6.296431072650796
14145,7.878845211649039
14146,4.336403300727721
14147,4.76934281325836
14148,7.807613704465676
14149,9.652137840130163
14150,3.345075105810936
14151,5.226967317569462
14152,3.064242981436132
14153,9.660448790844402
14154,6.446823573220198
14155,7.356205210206449
14156,7.929477408298601
14157,5.890679953673055
14158,7.198233477836263
14159,5.288611541147552
14160,3.6370342987276425
14161,6.9987560845210215
14162,4.600326903996413
14163,4.9826389605688775
14164,8.011699089200564
14165,6.256971832173986
14166,6.803715849500854
14167,8.84335056061673
14168,7.0008810455992245
14169,9.311647972272866
14170,6.138197072627641
14171,2.148616931169019
14172,4.1186388152229325
14173,6.53472670710598
14174,6.545026300278225
14175,4.990106821813354
14176,7.573628958839999
14177,8.489257395774056
14178,8.06456041689609
14179,6.963228006835939
14180,4.733390418728041
14181,8.814108944975752
14182,5.411605710102858
14183,7.450442714267659
14184,8.516838543841605
14185,5.61713926346616
14186,6.464266255172049
14187,6.276130750486709
14188,7.062909228385193
14189,6.688886229812006
14190,6.135807882765414
14191,8.261733596676786
14192,7.340225064381746
14193,7.405829615168912
14194,7.014302753467268
14195,4.836749531085815
14196,6.95803933913524
14197,5.902704763819118
14198,5.458484076224563
14199,5.309713839960095
14200,7.799575743316754
14201,4.13397231675652
14202,4.4297889705753875
14203,5.884958905423003
14204,2.912864231026957
14205,8.40142032290058
14206,4.682807364206211
14207,4.55550690405923
14208,6.5387855406913555
14209,8.774131396861126
14210,9.205831618374074
14211,6.26395444019924
14212,6.789372501509743
14213,8.363739455643051
14214,7.699322149473089
14215,2.2557514619882206
14216,6.676806323314037
14217,8.907384230158671
14218,9.254272147740437
14219,5.373055462544943
14220,8.440080297779632
14221,2.608434300287383
14222,4.73937141377956
14223,5.203814057873556
14224,5.890974933992782
14225,7.432573080130183
14226,2.1207841370076252
14227,6.19477290303494
14228,6.698995646149383
14229,6.088661878406077
14230,3.933567069808828
14231,4.9881536918761356
14232,7.221244044937981
14233,5.168710337444397
14234,5.857436126839715
14235,3.820764990937415
14236,3.691692242526666
14237,3.6006831308995553
14238,7.092319903361611
14239,9.16430440764857
14240,4.304593966873413
14241,8.512733222312653
14242,5.29905109788466
14243,3.704534681913141
14244,5.5450800673474845
14245,5.588832630708973
14246,7.28646695564601
14247,5.126627505009727
14248,6.501028649272683
14249,5.167868671198749
14250,8.91558614546103
14251,3.2451215089960295
14252,3.4259301903139203
14253,9.943616826548448
14254,6.893644721031346
14255,8.207319262741219
14256,5.385536901427551
14257,4.330850078139336
14258,7.882197735927365
14259,6.127460844870391
14260,1.8157834993593323
14261,7.556678939324572
14262,5.307657730328385
14263,1.7811815992722349
14264,9.67320811170308
14265,5.4446648787594345
14266,5.5199576368947465
14267,5.38900299758745
14268,4.534930267337406
14269,7.303498332946324
14270,2.72947626786468
14271,1.7350026386240205
14272,7.45897652514392
14273,7.175575747035478
14274,6.517869025128586
14275,1.9801888296367522
14276,7.72890833488721
14277,8.23801486241843
14278,7.753357142182198
14279,7.1754105090257925
14280,6.171549292712864
14281,5.054702183501884
14282,1.9603915039887643
14283,4.540985343891139
14284,6.712092515711987
14285,3.8796373317003208
14286,4.691064665617377
14287,9.012478270139406
14288,5.183303577278129
14289,7.9021362487007
14290,6.81476682297304
14291,5.78706649169852
14292,5.94967644524394
14293,7.6327390463550016
14294,6.372867838415681
14295,6.448283527008101
14296,5.998017521439391
14297,5.050963917085176
14298,4.614636962282573
14299,6.270684217707912
14300,8.284988312157903
14301,5.223822478258908
14302,6.346178110457095
14303,6.747154044190826
14304,2.219264232053976
14305,7.072413341851764
14306,3.250991679478499
14307,8.275524528481817
14308,3.352068203075799
14309,6.118112460525884
14310,3.710429116935323
14311,7.710981007865302
14312,4.4020428496746415
14313,7.550044732663011
14314,3.424643212014214
14315,4.368485079771967
14316,2.6456677705442546
14317,7.6480174760778805
14318,6.448235214791074
14319,5.806713874239602
14320,6.362222643299488
14321,7.003753223506278
14322,6.085715910286614
14323,4.548659241084273
14324,3.7775015444832647
14325,5.374481044668165
14326,9.625205327189747
14327,5.165606818433972
14328,5.493080315225808
14329,4.530266296890476
14330,6.691947056705603
14331,7.933547546190501
14332,8.427142879827489
14333,9.177717240224393
14334,9.540380123728623
14335,6.466441022990539
14336,5.60991732381859
14337,4.229169654026207
14338,6.352523041665279
14339,7.618171090340707
14340,8.902982462256663
14341,7.080398271260829
14342,9.231438516037269
14343,7.276398763469565
14344,6.0517456718258105
14345,9.562809415717206
14346,5.613168124461366
14347,5.234972510877294
14348,6.562451018011973
14349,4.2326795971519315
14350,6.962940069874516
14351,4.248985771405856
14352,8.252068321438644
14353,4.624843061694518
14354,8.387694007634718
14355,6.38809912190211
14356,7.6946215040492785
14357,8.368646993107676
14358,2.6807904775613407
14359,7.021294764078237
14360,7.767116347575474
14361,8.19476160626974
14362,6.3579552265209776
14363,4.8110131288443085
14364,8.541691711951767
14365,2.8069991711432385
14366,5.738694036516529
14367,6.466828600159602
14368,5.088725615221579
14369,5.049313200091041
14370,7.516987508302188
14371,4.248344228172071
14372,7.52582049597506
14373,7.50640019207859
14374,6.675459608998976
14375,5.759693501237364
14376,2.181513844938898
14377,6.010933575872235
14378,7.094096765398588
14379,3.7566680153853547
14380,6.581377659872056
14381,8.697635737026042
14382,9.297636737229062
14383,7.520256545139466
14384,7.153290116272261
14385,9.481100775932369
14386,8.868906904440127
14387,7.182587095841596
14388,7.015639009206995
14389,3.6822337963967855
14390,6.176285380267329
14391,7.3847055235898695
14392,7.150567792810686
14393,2.5121315461736176
14394,7.923711017314581
14395,8.771925066126698
14396,5.328817332352576
14397,6.764612196169777
14398,5.210945796392527
14399,5.5595686982075865
14400,1.2191642714192041
14401,5.47240038757356
14402,5.91146856346923
14403,7.970115052965829
14404,5.762585261343839
14405,9.141467872287297
14406,6.449754589391835
14407,8.106412277565827
14408,7.529878648990911
14409,6.431468080595883
14410,8.073447437193497
14411,7.750759166506599
14412,6.598069683259345
14413,2.984698348554621
14414,7.475199378888874
14415,6.844781162870575
14416,5.728392779450547
14417,5.752607476920536
14418,3.5114393191351985
14419,6.311960096791088
14420,5.178700946312837
14421,8.156059999429862
14422,1.1908700102838696
14423,4.489449203250683
14424,3.1168192471094707
14425,7.153753453299653
14426,8.187054680649158
14427,5.447496498201174
14428,6.518207003023171
14429,5.667881141470324
14430,7.381087179303995
14431,3.738956214358184
14432,3.2346222303141294
14433,7.063012337426949
14434,5.3223199297529575
14435,8.664430461496224
14436,8.011210269655141
14437,7.305793514506719
14438,6.734147351477091
14439,5.1262098240829115
14440,5.9437805375983555
14441,3.6154857410976513
14442,2.832081198297795
14443,7.791153050902492
14444,5.563953036404464
14445,3.45939917055424
14446,1.5789946240347934
14447,8.335260206162191
14448,8.18391044286469
14449,3.1557790171948588
14450,2.9903329153439144
14451,6.4734848002394
14452,3.0901376262822877
14453,5.1620955923959455
14454,8.149674528994655
14455,4.060545998178895
14456,7.61984177943756
14457,7.0062120628355276
14458,7.184510989241092
14459,3.682623731502088
14460,3.9884649308283224
14461,8.788363841214206
14462,4.18816738993651
14463,9.718692101835128
14464,5.40069286227713
14465,7.115329751293345
14466,2.3416642093706184
14467,3.8319986208564094
14468,5.39103688965169
14469,6.84138383122867
14470,9.013825383192842
14471,5.073152966508881
14472,8.955494621620526
14473,4.714191227352805
14474,5.168966621851884
14475,8.943085892725358
14476,4.020840641515905
14477,4.441002476047384
14478,6.076402188213687
14479,8.096726656037408
14480,4.890622196585403
14481,4.535955933252
14482,0.5121258258545475
14483,3.399262869673538
14484,4.918671094594471
14485,9.177168947415206
14486,4.9111992115540755
14487,9.265046937875024
14488,7.391954959112164
14489,3.915776518493545
14490,3.1507839663201174
14491,5.719454582213562
14492,5.734264367264471
14493,6.327932300344338
14494,3.2041747996805583
14495,1.7730155706033301
14496,2.0948324923537007
14497,3.979404191663304
14498,3.8801312124693865
14499,9.47714100297805
14500,8.160318683965883
14501,6.1736272610361045
14502,6.0600556593366175
14503,1.6493696178051518
14504,4.679180365444295
14505,7.456616103005923
14506,5.05194995143132
14507,7.469357855983563
14508,6.74186290579362
14509,7.803344694990946
14510,4.647075590177609
14511,4.557923892943129
14512,6.08187985651711
14513,9.40805674716683
14514,5.996461607489101
14515,4.415599413082788
14516,6.868409581154516
14517,4.158603743874602
14518,3.3293726942448516
14519,6.19163629170441
14520,6.133951348054827
14521,8.224012311655056
14522,7.2866772542396605
14523,2.44218745493609
14524,2.35646269935983
14525,3.1267456163437606
14526,4.498128239693498
14527,6.989633151292369
14528,3.6109545652024346
14529,5.47119338252882
14530,6.993426929651011
14531,9.260198629824352
14532,6.446656155179032
14533,8.35544426859062
14534,8.804752709855856
14535,3.3625660281822207
14536,5.076738626061613
14537,8.339436837443913
14538,8.067906612457707
14539,7.032358911394072
14540,3.8904292595782195
14541,8.195489854271383
14542,7.594148181024049
14543,7.359100939119834
14544,8.253267081693973
14545,6.453635643900881
14546,3.9554205402580203
14547,4.490127670280366
14548,4.9057841156735975
14549,7.31967075365136
14550,5.253065263540259
14551,6.1242896667988855
14552,2.30259020455028
14553,7.15225910991569
14554,8.065870211464333
14555,7.385319678375717
14556,7.144596380083061
14557,3.6078846903086044
14558,5.981904509272315
14559,6.042880911286628
14560,8.261759469073416
14561,6.726656039710586
14562,2.0296680438314825
14563,8.750727922861113
14564,6.307500069323686
14565,5.5507403613788835
14566,6.635969956729913
14567,3.416248354042375
14568,3.499565571883071
14569,6.117746491320097
14570,7.548613420652105
14571,4.099694747426395
14572,5.97090522991512
14573,8.121969006906522
14574,9.018022252314008
14575,5.419195566692385
14576,1.3877789321029463
14577,4.409832370629092
14578,5.856654324203966
14579,4.351131075600427
14580,7.422127893383663
14581,0.8776308651312303
14582,3.5845831206728165
14583,4.872646980572975
14584,4.7572017539672675
14585,6.9676046833214444
14586,5.109692859225698
14587,7.393642699617205
14588,4.221835160776356
14589,5.716553953397865
14590,8.719757772106465
14591,4.477879146029597
14592,5.078016790149688
14593,3.71377873458205
14594,8.819882723984133
14595,2.1493824454476624
14596,2.642441006433965
14597,7.994511679541096
14598,3.4236109145947884
14599,9.012979783969126
14600,4.387606161197002
14601,5.697763564524308
14602,6.968644935265337
14603,6.7419199833002725
14604,6.185479759046016
14605,6.437681721211807
14606,8.68658802633784
14607,8.345978685021326
14608,5.698554339961094
14609,7.491398098943487
14610,4.600589556875431
14611,8.199197293925419
14612,7.503838386511101
14613,6.542263099062528
14614,4.324990907526015
14615,7.538020143403571
14616,3.923192234223972
14617,6.271150863643078
14618,6.615306860457155
14619,4.284084568085004
14620,4.544115171962358
14621,5.017343808127035
14622,7.538028682641905
14623,9.494121388631473
14624,6.193298064702461
14625,8.531667838652393
14626,2.0608542354170636
14627,7.675709829525097
14628,7.449484174215788
14629,6.249155495876593
14630,5.818931252831061
14631,8.02272716476961
14632,3.4675055304049645
14633,4.579175553423974
14634,4.791066490959876
14635,5.525402826632126
14636,5.949658065268016
14637,3.115640802563392
14638,6.085320875476263
14639,6.601443505553211
14640,5.039520232250057
14641,5.655179690888665
14642,4.88046780505365
14643,5.538410505324626
14644,7.739440191657233
14645,0.851158363348888
14646,5.441663002825351
14647,3.7359764826883977
14648,7.715009590986251
14649,1.652179019902152
14650,7.508550589375842
14651,6.19470970992445
14652,5.825492949170567
14653,2.549663395989022
14654,4.2424396453604505
14655,4.7240548272636325
14656,6.262160759551248
14657,6.198716364124268
14658,5.357193787105352
14659,8.306188561123118
14660,9.303638512474015
14661,4.44118717530664
14662,3.618161660154694
14663,6.776453977630785
14664,8.857323398396863
14665,7.549526343254662
14666,7.8026367926609606
14667,2.6386904990056945
14668,8.450580482751342
14669,7.8603957668681
14670,4.6925962283999025
14671,8.4330215053178
14672,8.780380769769174
14673,6.843015893511934
14674,6.009640219973102
14675,6.858614001338829
14676,4.110773162428294
14677,7.357623137092284
14678,1.2652937063237868
14679,6.799652585115385
14680,6.738874854941078
14681,6.141256379839399
14682,4.771144158140435
14683,5.317225648719643
14684,3.6674644371543392
14685,6.300336579886478
14686,5.388859426929832
14687,8.274739219117945
14688,9.669121064801507
14689,4.862381445499546
14690,4.570681037363609
14691,4.249144956507761
14692,6.0889278138628615
14693,5.2452387265757
14694,4.674887644423008
14695,8.452424250201846
14696,4.104483743253911
14697,2.90000848962872
14698,8.618195937267975
14699,3.758650834981348
14700,5.104410157868886
14701,5.808241623110485
14702,6.959673574891471
14703,3.8101199050332113
14704,4.739605223638776
14705,2.2769301128354207
14706,3.06136079770664
14707,2.3196354503831174
14708,6.094095453240215
14709,3.7913439139566036
14710,4.59985910362078
14711,8.168962594017243
14712,5.318668300280764
14713,5.909382506151888
14714,6.2068646440699915
14715,5.014855123341758
14716,7.3215080208719625
14717,4.429265041769058
14718,3.3372965425548373
14719,5.905690021859831
14720,7.094922344542132
14721,6.300928112459158
14722,7.875661480203336
14723,4.355959126811089
14724,9.417505589318566
14725,5.900513690255332
14726,7.933163859989689
14727,8.55787931237218
14728,6.768580918653795
14729,2.523208008387813
14730,4.626961093769429
14731,5.751151455671445
14732,3.3730542554687366
14733,5.1536542371478635
14734,3.6591301334037416
14735,1.9824345167847575
14736,7.366259525302773
14737,8.069234694554634
14738,3.90708491143143
14739,6.25762631069014
14740,3.170928646708906
14741,6.786631661097782
14742,8.320161000494828
14743,0.5197656749680105
14744,6.071532086895473
14745,7.020468287283515
14746,5.3365166383965015
14747,9.140306316894415
14748,7.205212481813076
14749,5.802172012570078
14750,8.503871708950792
14751,4.123780737119091
14752,8.662677232569868
14753,4.667728508285147
14754,6.893890616579353
14755,5.092092171122421
14756,4.791394020119734
14757,5.53382486877587
14758,8.196626313310185
14759,4.579389007473631
14760,7.061502443095056
14761,7.105141498518535
14762,3.210260353741635
14763,7.973250945566269
14764,7.436458119469582
14765,3.0181567988879765
14766,1.6685985669791692
14767,5.182798453309272
14768,5.486830355922317
14769,3.615853417452454
14770,7.4398365367661174
14771,3.482887042316439
14772,5.14818598173259
14773,5.811160321455134
14774,4.876257011493098
14775,6.055404100108067
14776,9.263551737920604
14777,5.805281582568023
14778,4.639932235552127
14779,7.494888579787488
14780,4.740834237174598
14781,6.575119664959774
14782,7.416192201291649
14783,6.858169372785184
14784,6.246087147578943
14785,7.628308773207891
14786,7.9353283387007
14787,6.482735580763853
14788,3.9740480852318405
14789,6.193258463479276
14790,7.147490410688656
14791,7.466209506788553
14792,6.137832666391594
14793,2.0689644375493104
14794,2.2926888021328926
14795,8.407253030666022
14796,8.044526156333514
14797,7.7205992203900475
14798,5.202950313845884
14799,4.869735316706448
14800,8.364525164063584
14801,3.1346837620832693
14802,1.985584523932733
14803,8.593813474809338
14804,5.219427106323019
14805,8.364364724681637
14806,7.1468050368965335
14807,3.9279358348491393
14808,8.468439916838877
14809,5.917162499650552
14810,6.993331012331536
14811,7.197216085776193
14812,7.767104510367281
14813,2.2896120073029236
14814,4.803374330858768
14815,6.611018060206442
14816,5.081403596601911
14817,2.1081891133756505
14818,4.402935510091128
14819,4.930303308939486
14820,7.772478965354162
14821,4.475381748060334
14822,8.013803356677572
14823,5.444931213901682
14824,5.008918195806436
14825,5.015829636618385
14826,4.270871443920152
14827,5.67620048250223
14828,5.1966420445127355
14829,7.557124256941054
14830,4.641806776089074
14831,7.819899102201314
14832,5.775774115471084
14833,8.211007805777374
14834,4.034823819934576
14835,7.528581812215224
14836,5.982939700437176
14837,6.077842052577215
14838,5.17741461111259
14839,4.511679708416417
14840,4.447993422272613
14841,4.281907195369019
14842,7.8242235185533175
14843,6.391152335172244
14844,2.203666483467071
14845,7.0471811443701755
14846,8.391791245343526
14847,5.76673222646487
14848,5.692580013186623
14849,5.484849693275975
14850,6.0483276741293155
14851,8.71113618206606
14852,2.210042708604016
14853,7.227989060335901
14854,8.25025754507185
14855,2.933902065340585
14856,5.750227658439793
14857,4.246820679288459
14858,4.868607211088914
14859,3.7714652233260266
14860,2.2544875855673356
14861,6.7712800511236155
14862,1.2689160347015789
14863,7.579738256852671
14864,6.29151105042041
14865,7.308648685065992
14866,6.9898926997960045
14867,4.24463874131711
14868,6.114291788537165
14869,3.3267966733729586
14870,4.058909699873306
14871,6.971875134446047
14872,5.265838643905234
14873,6.853474695690103
14874,6.817341723606274
14875,2.3641286124204677
14876,3.724676989330507
14877,6.0080465395913425
14878,6.888609096812383
14879,8.751587404046886
14880,1.9214079789865643
14881,6.69928528840708
14882,5.235617018619783
14883,7.2374107412847835
14884,4.075966657542965
14885,4.691429137625194
14886,6.361321118890719
14887,4.984835624681663
14888,7.585679908828328
14889,8.067227571247134
14890,2.794276310027547
14891,7.017969799513713
14892,4.765177750332677
14893,5.246891417067907
14894,4.906421583865719
14895,8.080535846922619
14896,3.3226535304252236
14897,5.624447248114864
14898,4.5677086522533825
14899,4.4803864449413835
14900,4.068407011586601
14901,9.598790916893844
14902,7.132514205827825
14903,6.716170348265971
14904,6.657012444689985
14905,4.962315324769284
14906,8.393697608121649
14907,4.627934491685312
14908,6.047177598935747
14909,6.765615284046191
14910,5.254253050723706
14911,7.239553665817434
14912,4.845236095592097
14913,8.532461457830678
14914,5.922755277588587
14915,7.648498460154528
14916,5.465044362075
14917,7.018364971236116
14918,1.8692404848812767
14919,4.793388690798322
14920,4.871433329686644
14921,1.152583955050641
14922,6.186621002026884
14923,6.1373833731202385
14924,6.327432660465046
14925,6.789038679154241
14926,3.219273549559765
14927,4.290553324379324
14928,6.596630325783916
14929,7.506155627866588
14930,4.427445223020783
14931,7.367338084348864
14932,5.587883635840745
14933,9.644708486038532
14934,8.484781374740274
14935,4.592867031341161
14936,7.927880202808271
14937,5.674736812396081
14938,4.949923979570379
14939,8.40260756207746
14940,8.107293585755997
14941,7.3742446989125865
14942,7.694808277988133
14943,8.521173467539825
14944,2.6840412198943944
14945,9.282622301224826
14946,8.182399526748423
14947,5.605530304225248
14948,5.570441459961661
14949,5.169508951248934
14950,9.445615049997476
14951,6.664576779756923
14952,7.1113296462020825
14953,5.833860961890332
14954,4.3931465106269245
14955,4.15615531148801
14956,7.261604595678004
14957,7.452371526367131
14958,7.55430198568548
14959,5.832578391991418
14960,3.521954727901659
14961,6.441727910636321
14962,5.02996965956184
14963,6.891675813266474
14964,6.348907615999524
14965,2.7959685667107346
14966,5.61782796835371
14967,6.066783432770683
14968,3.8188051584280216
14969,8.63253809414374
14970,5.709140193222622
14971,9.570383250855622
14972,7.355119226572953
14973,4.767850144582337
14974,5.844124048527346
14975,9.490738143996516
14976,5.478677669355388
14977,6.188710486800368
14978,5.758435570322357
14979,8.023100318648517
14980,3.821878482662843
14981,3.938621124913125
14982,6.559980414078991
14983,7.079055009317054
14984,6.93576547421785
14985,5.474677054136759
14986,4.7122894981577526
14987,6.855497888554209
14988,1.9724257672414631
14989,9.343821014208318
14990,4.280798986039915
14991,8.533231029611661
14992,4.540861141496667
14993,5.226258545822982
14994,3.731759929111495
14995,7.770337033250688
14996,9.127444003680314
14997,6.455042251275908
14998,7.289453248582828
14999,6.054962786572225
15000,5.283966968256602
15001,4.4695518931764
15002,7.060202448791126
15003,4.624709133560087
15004,8.921414729291754
15005,7.891129627844995
15006,7.487493904130231
15007,3.39833821363464
15008,6.089116988324399
15009,5.196403585009845
15010,0.04892976964925524
15011,7.091827928122501
15012,6.059613876771114
15013,5.154887599109669
15014,8.534357719307362
15015,8.181728438184695
15016,6.260479940760542
15017,2.4713504428898547
15018,6.779863450473894
15019,3.491984227860552
15020,3.7324286640159223
15021,8.639922336587729
15022,7.063600850427198
15023,4.370600419450531
15024,7.48065061762648
15025,6.600198636464715
15026,5.655118968766677
15027,7.682617574100536
15028,8.089325884015292
15029,5.389704682745323
15030,8.793854162790248
15031,7.0886432163813735
15032,7.308392100662279
15033,4.82211910546752
15034,5.5665059897541695
15035,5.290677062771016
15036,5.975122633615295
15037,4.485658787307393
15038,8.791466377932727
15039,5.417518550515821
15040,7.17190187704022
15041,5.763540212826974
15042,7.448088771955216
15043,8.223081842931595
15044,4.858898960198266
15045,6.771147447809168
15046,5.190329765641908
15047,5.577175960915336
15048,2.9135062110215157
15049,0.8992556200388707
15050,8.675688825249036
15051,4.84577116008962
15052,6.265792298577511
15053,5.327711983951426
15054,9.394407162201057
15055,9.36153050023652
15056,6.213675239918205
15057,5.460445039964604
15058,6.913414233929392
15059,5.700834658901455
15060,8.02725988088844
15061,3.957881872899525
15062,6.468476179077759
15063,8.378151834318388
15064,5.57092519465787
15065,7.633386370190337
15066,5.869149498479836
15067,8.49010392695845
15068,6.565924452137693
15069,6.467478216831151
15070,7.5690020984739705
15071,6.148408663433844
15072,7.044955235989397
15073,6.847808258984266
15074,4.760657899686315
15075,6.149694515818772
15076,7.842769517338266
15077,7.123900794556465
15078,7.039793898765933
15079,7.783430017251787
15080,5.882113884815532
15081,6.730058777537496
15082,7.531457731757982
15083,6.34443324551509
15084,2.36607617040411
15085,4.12808574222164
15086,5.591443144093953
15087,4.9293393072418334
15088,8.050172791076445
15089,6.894863827267796
15090,7.474085975772813
15091,3.305406714148878
15092,6.591769577816073
15093,3.025641762766306
15094,4.047008902990893
15095,5.43043656312963
15096,7.446946234768097
15097,5.939755560890806
15098,7.073030177263351
15099,5.895104109984784
15100,6.113343645694817
15101,7.212415012264378
15102,8.265453910333541
15103,6.262348722047393
15104,4.979705589746095
15105,2.3854967622645074
15106,4.0767476217276215
15107,6.73216990221608
15108,7.529937516093952
15109,4.365027499568339
15110,4.6927281713790805
15111,6.71185232062367
15112,3.377605684289322
15113,5.525582765964448
15114,6.3903925234732455
15115,3.8964281251920085
15116,4.953334593914322
15117,6.19892684808989
15118,4.4068092625674815
15119,8.658858317341869
15120,7.621523033342885
15121,5.6311373977290815
15122,8.926521014323633
15123,4.2913114089166955
15124,6.127573219060179
15125,9.575822956408013
15126,8.366409523180666
15127,6.9260279365816
15128,6.893057940000981
15129,8.098290965903411
15130,7.387040149009371
15131,9.746939431997607
15132,4.9631491469418
15133,4.175181835632754
15134,7.519112675856903
15135,6.513580659646474
15136,5.86628143254753
15137,6.845741521048228
15138,6.438844416062501
15139,4.612814506212745
15140,1.3023974687530344
15141,8.806237565913694
15142,6.354890678598725
15143,4.803075733912384
15144,6.985142415587847
15145,3.283345936656139
15146,3.551335481508194
15147,7.5280610433264785
15148,8.051715137773314
15149,4.425775335611503
15150,4.014603799595278
15151,6.459028382225128
15152,6.48896613312971
15153,3.9288299855281066
15154,6.316666515276838
15155,7.903332510487523
15156,5.360925935857103
15157,5.037878803394976
15158,6.432655743493525
15159,5.9416797886884725
15160,3.92701182256848
15161,3.332304143961575
15162,8.396233684915368
15163,2.079014425421146
15164,3.2982728472192306
15165,5.154984033310628
15166,4.047109941129515
15167,4.6170814551721815
15168,8.241078544982532
15169,4.727453575944833
15170,3.729179437045249
15171,5.843719274179576
15172,8.979074379428928
15173,5.4996504214713084
15174,8.22986049464223
15175,6.916276890108638
15176,4.877385107882419
15177,4.895035979433095
15178,8.487370712256695
15179,3.797672142318212
15180,8.599826972709533
15181,6.157039999077595
15182,4.393272927024713
15183,8.870065133571973
15184,2.819351382776449
15185,7.185023413588377
15186,4.37662763698716
15187,5.583849929039772
15188,5.32690919488873
15189,6.068929600106796
15190,7.864656682010033
15191,8.742251498498916
15192,3.3805420975270573
15193,5.04713819049116
15194,5.374453629688321
15195,7.177147593820902
15196,2.6079284713743016
15197,7.091327892376979
15198,5.455561947313311
15199,6.743781348792531
15200,9.644607193711655
15201,6.086446052490014
15202,2.4891964709092904
15203,3.871212996912206
15204,4.952595565564256
15205,5.955616526240887
15206,4.7167878802492025
15207,7.564352028831853
15208,2.7560268145391604
15209,6.688867961798209
15210,3.9328180507300035
15211,4.391488828218317
15212,7.07003537598015
15213,7.0553806822616165
15214,8.496869317606704
15215,7.763853672174617
15216,4.38005915998263
15217,3.7227462114049303
15218,4.656641499455384
15219,3.6527526689948635
15220,6.01822663795504
15221,8.606971575221664
15222,6.813585685227748
15223,5.38771396923345
15224,6.113470826920373
15225,3.6228441017695636
15226,4.230675484959238
15227,7.566676179121119
15228,4.895863536112815
15229,9.094657752634934
15230,2.856578996727559
15231,9.13948081267643
15232,3.6022291694352804
15233,2.3462627662427122
15234,5.547328834877409
15235,7.102302673544247
15236,7.501245954595532
15237,7.171418053124427
15238,3.76276051871641
15239,7.083809391569515
15240,8.307876641349939
15241,3.068024214147561
15242,3.8051313330682874
15243,3.3743042218207115
15244,4.993187505681609
15245,7.288972795369877
15246,7.968064321799342
15247,5.3689605599262
15248,4.864797352254939
15249,5.724819050121049
15250,8.894211301736723
15251,8.622923342492214
15252,6.284280333364029
15253,8.80629990008668
15254,6.096279650898535
15255,3.4491247082267926
15256,3.0529133882434554
15257,3.098316289142781
15258,5.297300506602683
15259,6.634822635291199
15260,6.4761527542452075
15261,5.778245598788427
15262,6.166531374482607
15263,6.111749245896055
15264,6.9630621448314205
15265,2.740783826214569
15266,5.498724474953043
15267,2.981477629478672
15268,5.782305904982115
15269,7.388268702391779
15270,7.038481317444112
15271,2.7802941261404763
15272,7.627200481484889
15273,5.709847062129585
15274,2.087193205652089
15275,9.22058142951065
15276,3.886804517380713
15277,6.6442536584431435
15278,6.182217419946406
15279,4.0253662395762975
15280,6.741311453107945
15281,8.212024942978529
15282,8.019960345532159
15283,5.491452994726544
15284,7.390128246069135
15285,6.609028680172038
15286,4.394136104975993
15287,5.298281176361602
15288,7.922145458061093
15289,6.43611215975816
15290,5.368050219873607
15291,4.012676647993432
15292,3.961144562379869
15293,1.6215346887212427
15294,6.780250863194295
15295,6.415500490319367
15296,4.971637490225997
15297,8.13143240396126
15298,2.2500783817702605
15299,6.824350933756394
15300,6.171898186586601
15301,9.62850897552384
15302,5.763025963527012
15303,7.53100980691853
15304,6.923458278267179
15305,7.660859170746877
15306,7.029532802066922
15307,9.477643090585344
15308,5.8358674843411125
15309,3.079398832299776
15310,6.676137341669834
15311,4.9236107023648135
15312,7.198455728239137
15313,7.96217378580712
15314,7.067736628650205
15315,5.077857882351464
15316,7.125123141790664
15317,4.881742452534029
15318,3.8522061822485782
15319,5.477676064121625
15320,6.119099981017152
15321,7.4316246583845045
15322,4.892516222883506
15323,7.179915148925533
15324,9.119519450466575
15325,1.3263785779004518
15326,7.5845274687027
15327,6.6530414500687005
15328,6.272674013036996
15329,8.532625271398835
15330,4.512322283875507
15331,9.097973646899302
15332,4.912374365615413
15333,5.035371734325068
15334,4.672872965847594
15335,6.3433415235033355
15336,6.50730924300061
15337,6.478885865839969
15338,6.047087538541715
15339,5.939244159342281
15340,3.2902474908698394
15341,5.338596190749604
15342,4.785329369883217
15343,4.186321122202019
15344,5.271099438038161
15345,5.3647556443868405
15346,6.4896774658194305
15347,5.183111749527797
15348,5.397394642213383
15349,6.789653216098858
15350,7.14623613254094
15351,6.786883368063156
15352,3.3273841426959323
15353,5.230824450275052
15354,2.1348908865456293
15355,8.576059901846389
15356,5.251270367863579
15357,6.27608244671203
15358,8.102833322220743
15359,7.2434080273151356
15360,6.5244268533011365
15361,6.004936630379189
15362,4.765421372901171
15363,1.276126785712848
15364,5.511077375655992
15365,6.382734396115076
15366,4.757955760734989
15367,7.9184899391273005
15368,5.222062186668497
15369,5.022796735610797
15370,2.2531180301632405
15371,4.421651912863515
15372,4.1324379193833165
15373,3.072486797866502
15374,1.7420828294991928
15375,8.304282449969602
15376,8.099710034467734
15377,5.6110683427123025
15378,4.593538630593661
15379,5.689234866904134
15380,7.86716785474889
15381,7.0251074074484166
15382,7.34452251979089
15383,3.8700718328830286
15384,3.3616472763693586
15385,5.76485365660986
15386,8.787488398540507
15387,0.5728151571566908
15388,6.552479218637236
15389,9.25225415211358
15390,4.382115105279164
15391,6.252388902313426
15392,2.7485128512080896
15393,4.688686585837717
15394,5.356863113606941
15395,6.513135419275043
15396,5.275797850256844
15397,6.82096009199563
15398,2.5856610980979062
15399,3.0625617824727684
15400,6.461801627141284
15401,3.067460758162548
15402,6.517980778663523
15403,7.0780704971004145
15404,7.803651444621283
15405,9.47010894240447
15406,6.383828561143149
15407,5.8705506835211345
15408,3.861625149672647
15409,4.833919896888347
15410,5.422704744504534
15411,7.438572445118735
15412,6.207107404634006
15413,7.788611499253557
15414,3.342997322303811
15415,4.034109158873747
15416,5.82448067892382
15417,8.74215678990691
15418,5.586055288005606
15419,6.451078565656428
15420,5.189076823550538
15421,9.75025953010526
15422,2.2554658217188797
15423,4.032405783388112
15424,8.150660136972746
15425,0.9419800362272144
15426,7.004257119665607
15427,7.586719622979658
15428,7.60317183277625
15429,7.45254133791133
15430,6.232297759703227
15431,3.7630634332840573
15432,6.785764598652034
15433,5.405128403410756
15434,5.932117162711191
15435,3.543936678917059
15436,5.63090273613948
15437,4.622163350669581
15438,7.614496171891465
15439,7.628209983633599
15440,4.79768906745964
15441,7.939054429950707
15442,6.927197069706949
15443,7.007663476949434
15444,7.087143776316083
15445,5.856891179146021
15446,3.6471521696716054
15447,5.544985542576613
15448,3.6055097740686386
15449,7.919231556197559
15450,4.431812786551046
15451,1.545020620263417
15452,5.20109266082819
15453,6.043009121612501
15454,4.187716797323896
15455,7.664484443331304
15456,6.131360386709323
15457,9.28111881544588
15458,4.623192172081977
15459,6.575271426073205
15460,5.5326806220667475
15461,8.955755522810303
15462,1.1056286084838907
15463,7.36080085602335
15464,6.2064147164611
15465,8.326176189604038
15466,6.074658074043154
15467,9.153918640972847
15468,5.62132527104392
15469,5.4027190491126476
15470,4.0174745589444445
15471,3.5876824194951915
15472,8.398761563705628
15473,6.720486264687158
15474,8.085853278249147
15475,3.9490668800116806
15476,5.821777922864994
15477,4.274241463302203
15478,6.503178689079502
15479,4.949605978601194
15480,7.978962322539898
15481,7.681083246045088
15482,6.465533515359472
15483,1.387783052831962
15484,9.712080971301868
15485,5.870885736674111
15486,6.627291047639697
15487,5.074564232899147
15488,9.341725798007843
15489,8.492013740737478
15490,2.5264368018405357
15491,4.397338316922292
15492,4.42690900793159
15493,4.347051004240856
15494,4.094107321230952
15495,5.011402542734796
15496,8.725324014603647
15497,4.344936167939208
15498,4.0178569170378085
15499,6.662710389547006
15500,7.183360759788014
15501,5.116099752678329
15502,8.005680348262242
15503,6.88346402932291
15504,7.014158063953081
15505,5.2070932745378595
15506,8.314406476543265
15507,3.8686832821023374
15508,7.617527833453043
15509,4.347527014519271
15510,6.223852689997339
15511,5.66255803252473
15512,3.1230778611590253
15513,5.084150481019506
15514,7.219526113371169
15515,8.220332489578325
15516,4.197601030778856
15517,5.522125714365506
15518,6.878289285108491
15519,7.981297745055416
15520,2.742771323765829
15521,3.8127034683768892
15522,4.18921771710674
15523,2.3423320358207445
15524,4.028400916933502
15525,8.059630973321912
15526,4.428665942662077
15527,6.909013269254105
15528,1.897175091452065
15529,5.990378858670864
15530,3.2537771707871115
15531,4.770698866245466
15532,2.583827707373146
15533,7.796135560727033
15534,8.3895106447885
15535,6.606355205372647
15536,4.648509839836393
15537,5.983904087466202
15538,6.18459011847308
15539,5.013251209490141
15540,8.565340973808443
15541,7.017079988096323
15542,5.5155010374686135
15543,6.890852380649356
15544,3.5628835807021035
15545,4.230232224940548
15546,4.019102560109932
15547,5.135289774069326
15548,7.458392672350392
15549,3.9925973284653202
15550,7.4770326622784635
15551,8.04399944225342
15552,5.396100037303432
15553,4.186465211175235
15554,8.166296319708986
15555,5.732518612298323
15556,4.142763982306626
15557,3.750930104610846
15558,2.0128273764043643
15559,6.037789327333423
15560,9.48434002392433
15561,8.104905524162437
15562,7.46519061378491
15563,5.848860203222715
15564,7.826746211089156
15565,5.2540385980457724
15566,6.227022522318032
15567,9.071943473781442
15568,6.056269397807624
15569,3.8083131593515964
15570,8.786294362256239
15571,5.807045210548755
15572,3.9239788525693946
15573,6.525519924485186
15574,6.0162436408159845
15575,3.065768203352728
15576,3.2034201171082075
15577,8.708612004702873
15578,6.319925000748855
15579,5.851655730544209
15580,3.1527537558506893
15581,5.333337301291449
15582,3.566085897624339
15583,3.6848448216549365
15584,2.6902763865322723
15585,2.062429024316009
15586,6.819532451267574
15587,4.098187062812049
15588,8.134507414006023
15589,7.107088624723657
15590,7.215767563675217
15591,2.0856543614303193
15592,5.755980407609284
15593,3.589662787110229
15594,7.809131478022033
15595,7.645396079965472
15596,7.334609118200843
15597,7.717295147488227
15598,8.607004744226163
15599,7.400516982845256
15600,5.7806616855512925
15601,6.015285845153037
15602,4.724477512167285
15603,7.2111607148513555
15604,7.203461647294468
15605,3.743193102026299
15606,7.521850937381842
15607,0.9268420994365449
15608,8.352539837129623
15609,8.3405565316346
15610,5.42388526731943
15611,3.0727029822202767
15612,5.61791475218916
15613,4.938208291766186
15614,4.8258034073600555
15615,7.8591378275218045
15616,5.6521628886680615
15617,3.880232598291935
15618,5.062629898243361
15619,4.346479744646628
15620,5.344122840473263
15621,4.456102375243356
15622,8.178609921968748
15623,2.560460457748347
15624,5.032944391580441
15625,6.167962778955347
15626,2.3361910105874166
15627,4.690806764664455
15628,8.674256182020377
15629,5.664367033904383
15630,4.453645565473342
15631,4.419862207708266
15632,2.9938773991512924
15633,2.7010470954510604
15634,7.56579059756489
15635,4.328754706158028
15636,4.485100401315589
15637,1.3827118304235575
15638,5.41859674431412
15639,6.748916200657105
15640,6.632721863542526
15641,7.6675610761809665
15642,6.327490673603503
15643,5.716311946839051
15644,7.04344550442427
15645,5.487251920382368
15646,3.043500758285853
15647,4.696411577771959
15648,4.089577344349367
15649,4.811111127041713
15650,7.865708529961756
15651,5.5272646690311955
15652,4.54670065476557
15653,8.026686811547489
15654,3.001901514545741
15655,7.382279929732045
15656,4.4008528433312675
15657,6.277380547543645
15658,4.134380997573893
15659,7.074607558909416
15660,6.165398414871651
15661,7.954592596509809
15662,4.093716220395004
15663,5.235352272250889
15664,8.553348641479246
15665,8.544466523133506
15666,2.742803751587648
15667,6.63204496116605
15668,6.269984890234879
15669,7.119659535907533
15670,1.9011723392462023
15671,6.5688389430938425
15672,6.426864398302627
15673,6.758759750019988
15674,5.7171935077424685
15675,8.39951814471253
15676,8.62295053850053
15677,4.637073728260781
15678,7.6237315028752075
15679,4.974928257777355
15680,6.391440400488174
15681,6.331500496036203
15682,4.183045017106908
15683,8.810894936098357
15684,4.454425647278409
15685,3.2218079145029264
15686,8.040728494999524
15687,1.3056510996775927
15688,9.561264558832775
15689,6.73572144194029
15690,5.941287418377039
15691,5.786006669378777
15692,7.428754481559279
15693,7.0122662755153415
15694,4.713817975564636
15695,4.472750977952357
15696,4.060862891433087
15697,8.608108028035284
15698,3.5030975874217978
15699,6.747012364391702
15700,4.185199045309018
15701,6.08018213603431
15702,9.251591195496207
15703,5.955327586168844
15704,4.041245746146354
15705,4.310212165428615
15706,4.409706657935204
15707,5.962119095953099
15708,1.925791820055748
15709,6.014318022651996
15710,5.9510880226477045
15711,6.626427813274816
15712,5.334273309858348
15713,6.350380610836869
15714,4.082429283227727
15715,2.2544147398542833
15716,6.43793389997429
15717,8.781849645537866
15718,4.2136639515991945
15719,4.86427676083708
15720,6.633029455554741
15721,6.366693479548021
15722,7.0928800640598695
15723,8.768721629659899
15724,2.8367571479984734
15725,4.998400922340409
15726,6.162422646374436
15727,4.605728612621609
15728,6.4607469936276845
15729,9.687469531380454
15730,6.660982815284443
15731,6.087972686878875
15732,4.362235760725801
15733,5.303246224748984
15734,2.390405492039874
15735,2.863787022912333
15736,5.313323760809742
15737,5.045648469023837
15738,4.310701017856187
15739,5.421562144909891
15740,3.24955989494718
15741,1.384444497517799
15742,8.274576327429276
15743,4.503712779636689
15744,6.399918256892057
15745,5.523255347271705
15746,2.3941704117937066
15747,6.880823029388925
15748,5.130812711938978
15749,7.139633311166774
15750,6.6913273383924885
15751,3.667099050158432
15752,6.116047001241425
15753,8.013326520692175
15754,5.10974322200931
15755,4.548686750614022
15756,3.359147735713999
15757,4.341697028585666
15758,4.66486161912408
15759,8.353832483293548
15760,4.02662265533556
15761,6.950358283760641
15762,3.390733678396874
15763,2.84068805171625
15764,3.7327842056205434
15765,4.666748443468598
15766,5.170161416240377
15767,3.6153397541990246
15768,9.17267495761983
15769,4.713603575833906
15770,5.12399114139226
15771,5.011038533263295
15772,5.359371087308268
15773,8.342486795974224
15774,3.5983730643322587
15775,3.918031833776054
15776,7.818076668781806
15777,5.871698383544638
15778,6.617462486588549
15779,3.3241248304922535
15780,6.390536710590377
15781,8.626177951196915
15782,3.8337434993905184
15783,7.313815145195358
15784,4.126490357743494
15785,8.500593336068675
15786,4.3233752459484265
15787,5.726574726736294
15788,7.052111129581235
15789,8.179205936911455
15790,3.8876202924935286
15791,5.174201764399238
15792,4.438589746635479
15793,6.612480130348534
15794,6.467422051252053
15795,5.60092390774537
15796,5.773938215931851
15797,9.771860754041898
15798,7.066557101543647
15799,6.067154278946688
15800,6.944941240233606
15801,5.029576193660143
15802,6.90903311037747
15803,2.820452810689475
15804,7.45196878116337
15805,3.4301719724600646
15806,5.127407172094125
15807,7.683870862217542
15808,5.972503661990471
15809,8.53416628149796
15810,1.4676175202739445
15811,2.5114378139590308
15812,6.093924633890412
15813,7.768147735612153
15814,4.745399197440828
15815,4.834492686720692
15816,4.783862550979737
15817,6.375232052750665
15818,5.698179124183442
15819,5.076474138422844
15820,8.910045152934766
15821,5.453559619910493
15822,5.828088158035459
15823,5.000204349360406
15824,6.703802271602164
15825,7.605937075654397
15826,5.837199951078231
15827,5.347083480189076
15828,5.362310541782543
15829,7.052166551037738
15830,5.7985951080013605
15831,8.608023154732509
15832,3.6095304442723766
15833,5.669198557389923
15834,8.099176545199542
15835,6.472422771539264
15836,6.98055451410701
15837,5.331252457227369
15838,4.2961722267548
15839,6.973294114422534
15840,7.207991283887649
15841,4.20979482853554
15842,5.617899129483204
15843,3.8226068749908846
15844,6.264978441606411
15845,6.6034632969702
15846,1.5279157051625887
15847,1.5779822080534534
15848,2.229562260247861
15849,7.699093099704467
15850,9.526485322365076
15851,4.529303333136246
15852,6.802648404931614
15853,6.467641825887642
15854,6.484238128732575
15855,6.620184980679232
15856,7.733584656713641
15857,8.490659591740561
15858,8.895032811845763
15859,3.095827086890641
15860,4.690554991909558
15861,6.33437125914819
15862,8.325128889755401
15863,8.411286555916007
15864,8.69522503581982
15865,7.429172508790863
15866,7.941464705160415
15867,7.1441675071012565
15868,5.717932227913744
15869,4.532535345046053
15870,3.8741984713328463
15871,8.62150967940582
15872,4.6069600016318715
15873,4.470033566525312
15874,1.1174506920654876
15875,7.268654398825964
15876,9.710454547030178
15877,3.0205489923795823
15878,6.541896077807621
15879,6.819676394116067
15880,7.172879947249642
15881,6.502943062080698
15882,7.005600347213547
15883,7.758559036277293
15884,6.794896553026852
15885,5.430226884480712
15886,5.891891310906166
15887,9.634398313333865
15888,5.260176338994752
15889,3.472746055039745
15890,5.846464538745816
15891,5.593119269339593
15892,7.554426298488434
15893,5.774548401139798
15894,3.4644005963175255
15895,9.389923175615888
15896,4.63075183650955
15897,3.4870175894009505
15898,5.762694040451629
15899,8.58017556852707
15900,2.9822426849183503
15901,7.311081983532605
15902,6.3617501853403855
15903,7.335161519800396
15904,4.860557720708872
15905,4.983110271906239
15906,9.366198623036638
15907,7.5814363241380835
15908,6.125374181375964
15909,9.074111669116952
15910,4.440014276702025
15911,7.40009624588626
15912,5.651650805711957
15913,3.05611402383092
15914,5.112020895462665
15915,5.4646653716219316
15916,8.199374875239876
15917,7.504195634549878
15918,6.6964631502854015
15919,7.465633110329267
15920,5.970241467462199
15921,6.463128299369427
15922,6.449702509653434
15923,3.4260882724406243
15924,2.5506956180325924
15925,7.356944028252523
15926,4.589862409461562
15927,7.354486552644839
15928,3.5255091973009294
15929,3.717904466525643
15930,6.976415396267605
15931,8.291046464211567
15932,3.4374103629491595
15933,6.826589171055417
15934,5.377230090522991
15935,5.5606223940056765
15936,5.061240356936748
15937,6.057415749618841
15938,5.272107889620527
15939,8.761949449759031
15940,6.2631996337849944
15941,7.3278374580217704
15942,5.244521580286832
15943,4.407416130512071
15944,3.237092326915456
15945,8.668397859165948
15946,3.5702389618466057
15947,4.861115690008063
15948,7.325264945562163
15949,5.815678032678031
15950,6.806147470497348
15951,6.124731669782691
15952,3.8127342499050307
15953,8.832611751249724
15954,7.518341546417868
15955,2.082708332327928
15956,4.438666679076277
15957,7.694964469856058
15958,4.2226774058011785
15959,2.672971835361779
15960,8.180635625322699
15961,6.60944250612243
15962,5.995580884274216
15963,5.370787361317501
15964,6.141484102649192
15965,3.652995765924172
15966,2.075468775848202
15967,3.1836757690341955
15968,6.209000039792764
15969,4.066467014230301
15970,8.501006902430362
15971,5.083247056809447
15972,8.883574071178263
15973,4.493259999058876
15974,9.16404331778161
15975,4.451231747680526
15976,3.399309159696114
15977,8.282086501558657
15978,4.931365084634201
15979,4.820518128863391
15980,6.273387504211847
15981,0.7227648602017347
15982,6.282088662545399
15983,4.05640252770948
15984,8.22549853825537
15985,5.707820838918009
15986,7.050899388830163
15987,4.771399303446285
15988,8.444544383482517
15989,5.571892988128414
15990,3.6910943669475507
15991,8.625387349005516
15992,6.05485541502735
15993,5.164668652118111
15994,7.096410458118927
15995,3.5331429950661337
15996,7.279121582669316
15997,2.8262564204013545
15998,2.915401323299533
15999,8.40072719178629
16000,5.6048513772293695
16001,6.264576015267297
16002,5.227399373552407
16003,5.2993920396190095
16004,6.21147427830429
16005,7.911813607985584
16006,5.728553893115917
16007,3.2938996948257375
16008,3.5869716453608893
16009,6.200357762243831
16010,7.395178589748208
16011,4.564516872795655
16012,7.2920113042743395
16013,8.726796087549307
16014,2.7512982362324947
16015,8.01228891524613
16016,6.509915684059922
16017,8.014780311384978
16018,5.645429211329061
16019,5.783704645300652
16020,4.616281236352226
16021,6.166361533102736
16022,3.7580025177379155
16023,6.065069581834513
16024,1.2206560637355217
16025,6.634561207139359
16026,5.6308411354421
16027,3.1428278147682036
16028,8.508367314400143
16029,6.475046122462045
16030,8.765725976287158
16031,4.092120115472722
16032,9.48484057932114
16033,7.639884511338271
16034,6.873079940434617
16035,5.0825641454470905
16036,7.432539271426172
16037,6.0843345965623055
16038,5.789185369388284
16039,6.578156228485831
16040,3.8365551282297106
16041,5.65873785946753
16042,1.7142399496017926
16043,5.496687747626103
16044,2.9069965515735605
16045,5.560673722687474
16046,6.760123490953324
16047,7.900859085278394
16048,6.774119821179835
16049,7.589478345119408
16050,4.040501502866753
16051,8.094692414730066
16052,5.498010818321379
16053,7.359282807891054
16054,7.753699593088681
16055,6.529206026150007
16056,9.265293438217146
16057,4.491758821307823
16058,4.588446774676109
16059,5.739047365371066
16060,2.022092842505235
16061,5.787640377332937
16062,5.865514791084311
16063,5.245023927598458
16064,5.034881659997022
16065,7.273448105956637
16066,6.726144554830957
16067,6.447829422047566
16068,4.449492933426863
16069,8.181480886719823
16070,4.6739514296325835
16071,5.349437274128325
16072,5.7733920330124135
16073,1.743712763430194
16074,7.325506836396876
16075,5.864660651198748
16076,8.643054119556567
16077,5.125644201534626
16078,4.137797401401537
16079,8.611109600757098
16080,4.590914564812325
16081,2.684841727646397
16082,7.067406333606284
16083,5.228127277561751
16084,8.084340457256864
16085,5.6563919657879325
16086,6.421535999326835
16087,7.47968727033403
16088,6.949523416843417
16089,7.055761867564354
16090,7.775103685522124
16091,6.1897858934774
16092,6.131188135055252
16093,2.1217187211532016
16094,3.6822567302207765
16095,6.620477739580909
16096,5.852523799112347
16097,7.523922123337734
16098,7.576213869447602
16099,6.101699853946909
16100,7.312586430425803
16101,4.633092741515579
16102,6.597838998315259
16103,3.501676805960444
16104,4.966424332712682
16105,6.152924132823332
16106,4.921027052915567
16107,5.691718257197239
16108,4.716529614899065
16109,6.437457572135017
16110,6.027990909064144
16111,4.531299206941607
16112,3.456771948010963
16113,5.661394560868077
16114,3.661214311122601
16115,9.86108456817971
16116,5.09056886725085
16117,7.772202475072627
16118,5.4178751006667
16119,4.608668375721366
16120,5.198802049812725
16121,3.3482198333110085
16122,8.728120245311745
16123,7.111032953898264
16124,6.28234404087839
16125,5.443116318540045
16126,4.445472646827236
16127,5.73627521777163
16128,7.704653520439919
16129,6.417012658797043
16130,5.820354640548461
16131,4.408008873812399
16132,6.228415613518694
16133,5.689819471685155
16134,6.78763721929212
16135,7.895435373746453
16136,9.57187254477891
16137,7.307303579636522
16138,4.281963293515254
16139,5.263013054934156
16140,2.8439636083534103
16141,7.582119519347661
16142,7.0175280429735425
16143,7.511793682245889
16144,5.574440535280742
16145,5.612323092291045
16146,8.147042352222334
16147,5.79271566343653
16148,3.7928122468573227
16149,6.491918881673598
16150,6.142482995901153
16151,5.403919325699331
16152,2.965413636643308
16153,5.128001054828678
16154,6.775573997220339
16155,3.5601048936182407
16156,4.3621349974835955
16157,6.53734153314725
16158,4.566673807802765
16159,9.455003647694207
16160,8.6257370719966
16161,3.288202523704007
16162,7.312187779467491
16163,4.52486589460546
16164,7.847499856328511
16165,2.1402178979630664
16166,7.665638980723235
16167,8.124578901006037
16168,6.37806228151168
16169,5.939239852090537
16170,5.185972031951344
16171,7.482216602749366
16172,8.779954390692634
16173,3.025216501592369
16174,8.786855139683343
16175,4.727468837339664
16176,8.034673720570854
16177,4.119075309194723
16178,7.8768151183775315
16179,6.1272245428565295
16180,6.888389586775574
16181,4.97208009212865
16182,1.918194087754476
16183,8.669616166545104
16184,6.158981031689204
16185,2.792540517093785
16186,4.2482787121990295
16187,7.15098439000771
16188,4.0609580850056775
16189,5.190810848364869
16190,4.040091832444324
16191,4.474332939499669
16192,8.886871828166965
16193,5.665412496248251
16194,6.6842442833088285
16195,9.279123287985035
16196,4.36707675654778
16197,4.321060129701861
16198,7.390519101456663
16199,2.87457629226649
16200,7.517625569061062
16201,6.593791481683768
16202,8.958995638391869
16203,7.527128269566757
16204,7.91284305196123
16205,5.087994400434324
16206,9.321031219591912
16207,4.242489076028056
16208,7.006474625096966
16209,3.6245115131210093
16210,6.298571469955374
16211,5.732781892488014
16212,4.193300337255955
16213,4.5345770306018025
16214,6.885723935395438
16215,6.781891407555013
16216,8.079247223055862
16217,2.414693197232508
16218,5.485901734694514
16219,5.786172865267508
16220,7.138149787687508
16221,7.877391930274008
16222,4.1813185598754625
16223,8.715163060967416
16224,5.285760907240308
16225,9.013695673500457
16226,6.526662035642002
16227,3.679072974929061
16228,8.485451835474212
16229,7.86368275794374
16230,5.51548415732408
16231,6.082252353326458
16232,5.240343634063529
16233,5.668280991036634
16234,5.865682041906832
16235,2.8299174149989774
16236,6.540514339113959
16237,7.671995352729041
16238,2.279512472408107
16239,6.777189938704214
16240,8.429485595369533
16241,9.319663094362758
16242,4.819894523708333
16243,7.499785352399099
16244,5.23813287018852
16245,7.695203310913544
16246,5.943308729657395
16247,3.7969766836038596
16248,8.115789045162662
16249,7.748150632996191
16250,7.576913196642531
16251,6.461623233455633
16252,6.09259321263592
16253,6.936030108747947
16254,3.4336226067137354
16255,9.599669905776903
16256,4.832558271752142
16257,5.070108964163546
16258,2.3540451397547275
16259,4.882914528257066
16260,5.787088184653754
16261,4.866188104841859
16262,6.322308626138577
16263,6.10211440362268
16264,5.1341827893747745
16265,7.303163739345389
16266,4.135466501691177
16267,6.989515072937051
16268,6.373745446723216
16269,6.225150821754143
16270,9.284360303061709
16271,4.201114484065629
16272,6.840505663055578
16273,5.551503749262144
16274,2.356604460457889
16275,6.235096028120393
16276,7.5457516957891375
16277,8.885521686819763
16278,5.241987040613601
16279,7.464223089448742
16280,7.916801278698699
16281,8.55458626767248
16282,2.2650981378655013
16283,7.739141005079459
16284,6.6724901224381865
16285,6.350515863011634
16286,6.876758382537361
16287,4.9621448183776256
16288,4.914018448006938
16289,3.004698334293468
16290,6.392397569118362
16291,3.065639050424322
16292,6.568741701129261
16293,7.442774509028806
16294,7.529570288744796
16295,6.937970504287309
16296,3.6907850739743977
16297,4.570680000763431
16298,4.909506549731444
16299,4.437920532380956
16300,5.613981279030493
16301,5.269228132979702
16302,5.710821242294642
16303,6.821266779944078
16304,5.839786427110615
16305,5.566498159016285
16306,9.206345635617932
16307,4.262644168393414
16308,6.6177790507567495
16309,5.73127823377762
16310,5.2716778544608776
16311,4.614384579288098
16312,7.360541319854036
16313,4.867938813247431
16314,2.9469363222059304
16315,1.2923407200813855
16316,6.216171867466852
16317,4.85786632114152
16318,7.4905353597350155
16319,9.461333339039388
16320,7.584241411789549
16321,6.162119248920499
16322,0.6216251781603246
16323,7.8038337285441655
16324,9.526391643821707
16325,7.157168991800722
16326,6.8321919572355965
16327,8.355639735056133
16328,4.774042192166949
16329,7.808185829405794
16330,5.973391493715674
16331,5.344534854090178
16332,7.889682793136437
16333,8.293978000862584
16334,6.122315093422737
16335,3.5101493505721373
16336,3.1481747085994196
16337,4.553843034325025
16338,7.090498488895738
16339,8.082474148579355
16340,4.1276634107953045
16341,6.569043007689888
16342,7.739614130894384
16343,8.04371028012088
16344,7.090158729460614
16345,7.414780017646029
16346,4.359072003205947
16347,6.82156333834303
16348,6.057978779519731
16349,4.470858603716674
16350,7.581593532311018
16351,5.246461161026906
16352,5.235136409534679
16353,3.687072200508595
16354,0.6502675076506831
16355,6.721080175719948
16356,6.624690162398669
16357,8.41755668806818
16358,7.636149899499232
16359,5.388541182848217
16360,3.791477300744088
16361,5.091064065817778
16362,7.042091911090331
16363,5.0158235849986665
16364,8.349983648482171
16365,6.991661967262333
16366,4.273832242253746
16367,4.667202907329248
16368,4.0411890836549516
16369,6.39814882836242
16370,7.602415048847826
16371,6.9709939471584
16372,1.8397751328369458
16373,7.43455935244358
16374,6.115995279817793
16375,2.002217798587055
16376,4.479966267333941
16377,4.627983303127168
16378,4.507385733191913
16379,7.812131933222366
16380,4.520451651525958
16381,6.6151033033904865
16382,4.681133969790325
16383,2.3523605408985206
16384,5.849885615452399
16385,8.170753653043146
16386,3.241393210867664
16387,8.13798486262985
16388,4.872120464101448
16389,1.900907128591052
16390,6.321061553755806
16391,5.4035616749929085
16392,8.34563845885252
16393,2.80006476606388
16394,4.452005061761328
16395,4.613195069676091
16396,6.625557739452572
16397,6.61378257045958
16398,6.984447983501295
16399,7.762911402114969
16400,8.093477413964042
16401,8.314305506909307
16402,8.68327133395841
16403,5.497322886346635
16404,8.183682892714799
16405,4.177979065329144
16406,5.6850849479456285
16407,2.9367450270498874
16408,0.5719286151765768
16409,3.6032278254018855
16410,3.663800507001382
16411,2.732426977437614
16412,6.128759585463366
16413,9.063781869991626
16414,4.369942103911546
16415,4.390141351005733
16416,4.595203916326916
16417,7.373131035355665
16418,6.545231235772187
16419,8.358944561440898
16420,6.530123862220104
16421,7.5882684993076
16422,2.0580032429407367
16423,3.4981159431945037
16424,7.41576982252855
16425,6.669977026025999
16426,5.843107273363742
16427,7.136358845511722
16428,5.45113784757742
16429,6.837214267520267
16430,6.307584478445885
16431,4.614961865589516
16432,8.125295031454709
16433,4.496400640208846
16434,6.816915781949748
16435,5.351436355367755
16436,6.6759332920277235
16437,9.443516211477775
16438,7.604749364326667
16439,5.43727349694253
16440,7.184899933266801
16441,6.2293490128085764
16442,7.617651524483745
16443,2.2833441689681924
16444,7.879732355909837
16445,3.3379431669963666
16446,2.4676023023639364
16447,6.138383790339652
16448,6.199535369897875
16449,7.95474469990442
16450,8.010918703144089
16451,4.737676676985261
16452,8.467349309363915
16453,9.026242040362765
16454,5.426672157060015
16455,5.319641920121503
16456,2.3263562086145195
16457,9.997574384202828
16458,1.9663959008499763
16459,7.3656648057234175
16460,1.8083791096101618
16461,2.952188377567089
16462,2.500586300104934
16463,5.784433727822363
16464,8.715291023198969
16465,3.82531556495893
16466,8.42699929809095
16467,2.5214487278945663
16468,6.848116148956279
16469,7.579663735254449
16470,6.953631658162013
16471,4.521919573231659
16472,3.222816743954289
16473,4.815735489289178
16474,7.233478433535572
16475,3.7087333420735717
16476,4.626630239488239
16477,5.811489224343859
16478,4.843896481966546
16479,5.032598324660681
16480,2.8698432714144757
16481,2.666919661844635
16482,5.25470700606183
16483,3.10606798449464
16484,5.838069921621655
16485,7.117586790419916
16486,7.922588085545098
16487,6.307014442449862
16488,3.0612379953543503
16489,7.800094467769474
16490,5.08243529512343
16491,7.661281595490715
16492,9.067462029023199
16493,4.3972271235609615
16494,7.511957204763945
16495,4.0871286729709215
16496,6.887870858957735
16497,8.56426813490462
16498,3.9520846721616594
16499,8.592152380705224
16500,9.674126459212273
16501,5.974567910914598
16502,9.15958141918902
16503,8.954352416167513
16504,7.643766282214578
16505,2.812796860857584
16506,6.025731504940344
16507,5.437194915784903
16508,7.839051614466237
16509,9.137913926946982
16510,9.4932614834509
16511,5.545133812390691
16512,4.974969519317268
16513,9.073796556469185
16514,6.667403354329769
16515,5.615733804671557
16516,8.220987036167397
16517,9.317258852342068
16518,5.383971818092471
16519,4.258025594628975
16520,5.949750022724435
16521,7.486718301512402
16522,5.1979163465787135
16523,3.202600009412323
16524,4.935756204052892
16525,7.634310259604905
16526,6.489306859419618
16527,3.8068949950316364
16528,9.111044902833115
16529,5.119685708022445
16530,5.087250580981835
16531,8.609063492445163
16532,5.33244780797167
16533,4.374545363218961
16534,6.555885502540713
16535,4.305077320728415
16536,6.008319524777154
16537,7.807987652789461
16538,6.875448442495575
16539,9.001194853101993
16540,5.666617185235648
16541,4.408821690618024
16542,3.571988511576001
16543,8.928753476273393
16544,5.542715560941219
16545,4.253206457386741
16546,6.598266991848618
16547,6.870031054268464
16548,6.131018889495786
16549,6.16302637149025
16550,6.38404073053386
16551,4.076567545762918
16552,5.973183514083929
16553,3.8092520579693763
16554,7.217370472848884
16555,7.400285407372951
16556,5.55575750190752
16557,4.730658080615879
16558,8.558261454554204
16559,6.596004305504811
16560,9.268798397828913
16561,3.6931747556677315
16562,9.06551325634565
16563,7.352436735045065
16564,1.698043579462634
16565,6.383097475754064
16566,5.305571618596923
16567,7.876347178940653
16568,4.4525637910571785
16569,8.121205915860065
16570,3.76663234680354
16571,6.3231006619002805
16572,7.350956799653782
16573,7.340547812847946
16574,9.155243373405165
16575,4.222738772385137
16576,8.464341460355126
16577,7.398109891713889
16578,7.760204495970179
16579,7.742544538380679
16580,5.548286534508325
16581,7.131180378523668
16582,6.972849240116682
16583,5.833324682369975
16584,7.2888922536335645
16585,2.631212711804209
16586,7.051687101991726
16587,6.649551419767782
16588,4.99876885703496
16589,8.32008756231933
16590,7.832282105138344
16591,7.955697572887468
16592,8.328863300439025
16593,8.487443526895348
16594,6.949568114139673
16595,6.775229778163521
16596,7.45467544418118
16597,4.787855274129813
16598,3.3853191547133283
16599,3.4371883292667826
16600,6.39489063526561
16601,8.049770650911896
16602,6.046813556866912
16603,1.5755001490957128
16604,6.534633815481013
16605,2.1666234083054765
16606,6.041065629402435
16607,4.992741305850954
16608,4.975724487953913
16609,5.462725046013306
16610,9.449217356276975
16611,6.213406898382321
16612,5.106947671406848
16613,5.255224955575633
16614,3.5418002776493367
16615,7.7060143118103515
16616,6.385681734570214
16617,9.294074483787714
16618,6.521020690965545
16619,5.38968234838921
16620,3.884391800852609
16621,6.886312494501793
16622,6.695759836783017
16623,2.4994558457166094
16624,5.329537479908808
16625,7.337875027771901
16626,4.645383738058485
16627,4.021836520225556
16628,9.001116220574954
16629,6.758902933767571
16630,5.807984690463694
16631,5.1294402847008005
16632,4.153362386198075
16633,8.24416376159787
16634,8.574006960174643
16635,6.412658836010378
16636,5.8770290539089345
16637,5.801334657463461
16638,4.091212421288118
16639,5.6827837373373455
16640,8.21932462199901
16641,5.400425927691389
16642,6.489767408869592
16643,6.06609680792851
16644,4.831602719344638
16645,7.317027381341674
16646,7.732694039769564
16647,7.543796522747674
16648,8.59596554688061
16649,7.832732153837213
16650,8.79487474952597
16651,8.239883221183254
16652,2.3148932914853075
16653,6.7022944191625085
16654,7.547761509676205
16655,5.034015125310513
16656,6.322947083125283
16657,4.64951313195414
16658,6.83006185836364
16659,3.941441907855721
16660,6.873463715716217
16661,9.80397047895284
16662,7.53356397752349
16663,7.101192397492997
16664,5.913914578550519
16665,2.1503084299216906
16666,6.220840442829148
16667,6.151377119874593
16668,6.433640828108383
16669,7.000162524307693
16670,7.89304587353057
16671,8.548776089094991
16672,2.99267628436376
16673,6.203150180805919
16674,6.642862339906867
16675,7.824551153704297
16676,9.747549565058714
16677,9.185780071330976
16678,4.831677102840634
16679,5.4740624859574485
16680,9.18151969450078
16681,3.5804336425917898
16682,6.898513178940317
16683,6.582346468736901
16684,5.9109453538048635
16685,8.4109839176762
16686,6.940626775280208
16687,6.347753521807053
16688,4.8383597608896896
16689,5.7325114094883505
16690,6.499713673652918
16691,6.643968757023103
16692,6.378228319408372
16693,5.261499710963582
16694,6.795550640956352
16695,7.329419786123493
16696,5.787613297379222
16697,2.9082453559804238
16698,5.215361333656604
16699,6.666184107006757
16700,4.809619706246126
16701,3.670635586680703
16702,6.839516880344837
16703,7.094903692012875
16704,6.323311582993532
16705,7.200525131389734
16706,6.797339838354986
16707,6.27373254485002
16708,7.168664942594633
16709,2.8526548568885386
16710,5.619991265265137
16711,6.929588463329749
16712,6.490284288261259
16713,8.81228175451425
16714,7.445278594349885
16715,5.272329146256842
16716,7.494139230319976
16717,7.568575724471657
16718,6.2220160556800215
16719,8.699130421619866
16720,4.54065975071604
16721,1.7356644427582342
16722,7.979389827082126
16723,3.1389850793252223
16724,4.760414890222727
16725,4.685780656004374
16726,4.391180205866386
16727,8.066572453437658
16728,2.1480145946054305
16729,5.9099522888777605
16730,5.231598632480335
16731,7.507592176591322
16732,8.407408409959737
16733,6.252807397588819
16734,5.1020296498448925
16735,2.035792681818677
16736,7.664269110081632
16737,3.8427842826267957
16738,5.405506582589558
16739,7.985869280836901
16740,7.965167655927134
16741,8.292069304627033
16742,7.556754032821547
16743,4.254968974021213
16744,6.976823608338343
16745,7.97640355963961
16746,8.553220340673416
16747,4.152298073366685
16748,6.269740116419676
16749,6.826077348479271
16750,6.089275584901115
16751,6.346737243566871
16752,5.7972804086002245
16753,7.495836407474267
16754,7.290323747043542
16755,7.171164898490656
16756,7.058559380895571
16757,5.512983225886464
16758,5.443662121337738
16759,6.6112088445977575
16760,3.491813677645274
16761,6.616917923504497
16762,4.898582996511964
16763,4.38995864221975
16764,1.7854897779040217
16765,6.366901552120715
16766,3.9060121123029092
16767,9.416020239218565
16768,4.604193697760534
16769,7.481249393282515
16770,2.745770410604133
16771,8.44080840799299
16772,4.232893748657808
16773,3.3487576582657197
16774,2.8195218150397654
16775,5.536759510570908
16776,7.01037436152461
16777,3.497489417324622
16778,7.328191651974781
16779,6.147288089135122
16780,6.069182793536639
16781,4.011076828640428
16782,8.26319651401001
16783,5.222071136766749
16784,7.652022239548947
16785,6.647733131617462
16786,7.734207979679863
16787,4.822810610927496
16788,5.410246976097286
16789,8.38301585622302
16790,8.336384583608428
16791,7.766694859337271
16792,8.878191422042295
16793,5.78254453152208
16794,3.2892039009695218
16795,4.1846386069045405
16796,2.3943833742144953
16797,6.297606382958415
16798,5.05270519442629
16799,8.505023359700758
16800,8.623507576699618
16801,3.2431231794154316
16802,6.105564133201147
16803,1.7221479380200406
16804,7.041627337857987
16805,6.96706717226201
16806,7.400158291118163
16807,7.365941723944426
16808,3.0720826564586057
16809,5.6769394747966215
16810,5.802538688900876
16811,7.259543622364933
16812,5.788903992543825
16813,8.236836994338384
16814,7.12340001339723
16815,8.279927711388098
16816,8.324680694698333
16817,4.43208202644095
16818,4.093562178446392
16819,5.590042662157932
16820,4.920680425159374
16821,4.972758635765921
16822,5.5392992302941515
16823,5.870783378235902
16824,6.189908637434667
16825,7.544464509241226
16826,4.313550575083552
16827,6.63268868868744
16828,5.802781645901469
16829,2.5781457696500176
16830,3.8371882340627637
16831,6.446481868868507
16832,7.1116981405494615
16833,6.768250762414556
16834,3.0661193768815784
16835,8.075523671441053
16836,5.809248526975848
16837,5.057519589933932
16838,2.8775142006903622
16839,8.729237470588318
16840,5.398585368998502
16841,2.149877816432717
16842,5.8519821806421675
16843,4.700104838153426
16844,7.212006785679631
16845,4.797192121028728
16846,7.866014992790558
16847,7.129015846378413
16848,6.233494296144078
16849,8.532020936023496
16850,5.772863062282836
16851,4.130130362767231
16852,5.413300718282761
16853,3.6762445227486866
16854,9.442917849310092
16855,7.385183692749193
16856,8.036433873386548
16857,9.981521470242889
16858,4.841858021755252
16859,7.070766693938028
16860,9.452628009643792
16861,8.921610322486748
16862,5.260590173659379
16863,4.795718793127786
16864,6.288453228762272
16865,9.704904339486529
16866,2.6472865045805545
16867,8.500448946911053
16868,6.009097794291827
16869,7.059848723309507
16870,6.5426999702780275
16871,6.2267053490669895
16872,5.430524229977071
16873,8.074921033579177
16874,4.914021485682482
16875,5.360413768090465
16876,1.4621913568901639
16877,4.379656700269344
16878,5.77029096951539
16879,5.009248727508494
16880,6.588484358034099
16881,7.8302889577584285
16882,9.116237942541478
16883,9.364746877122837
16884,6.551767496445054
16885,7.671877469144825
16886,1.9042470987698643
16887,5.370931586210593
16888,1.765087091079825
16889,6.269050571244872
16890,7.181793443491446
16891,3.7265463677597808
16892,7.288064114167872
16893,8.776661052990672
16894,4.206219149184504
16895,4.184703617136266
16896,6.984629707773036
16897,6.669021706614986
16898,4.835481599594853
16899,9.30296209497909
16900,6.848479235798391
16901,6.4556525452807225
16902,5.314078976468645
16903,8.500269249018265
16904,8.34292002600962
16905,7.604364262137652
16906,3.3253335612003454
16907,9.218521113697147
16908,7.085341670974079
16909,3.4513223488386933
16910,5.986617792968375
16911,6.546610862261451
16912,3.0401592485047404
16913,2.3131421295549695
16914,8.740887366622578
16915,8.104792662264197
16916,4.256072367967687
16917,7.298706565487248
16918,6.620192344131911
16919,4.034260446205421
16920,6.908871153589844
16921,3.2807159377424733
16922,7.6918050573265
16923,7.153852147028121
16924,7.558936929991274
16925,9.293480773019088
16926,4.321750354031847
16927,1.7490214897549439
16928,3.850010473403907
16929,5.6602987271355465
16930,6.3178040942268625
16931,2.764626670543044
16932,4.084472595424396
16933,4.156032748123755
16934,9.214463337831093
16935,2.955416421994184
16936,6.628120036625956
16937,6.41311425411152
16938,8.136410373483685
16939,3.60314896754916
16940,4.06079192477632
16941,7.381954171990576
16942,4.849072082143983
16943,5.12265031813755
16944,6.77072730479522
16945,6.73480224253606
16946,5.39016628984833
16947,3.999944348845149
16948,5.6575087385591445
16949,3.6178513181026517
16950,7.346495902977343
16951,7.001249766829552
16952,7.80658963570274
16953,5.5865395115467305
16954,7.664552891551949
16955,4.906655897458736
16956,6.668973525754676
16957,4.936105746271835
16958,0.7828307544301822
16959,3.4644814689111647
16960,4.156311734093537
16961,8.02763913902461
16962,4.1343931072428575
16963,5.972658240063497
16964,8.190162086554313
16965,2.973827860613256
16966,3.0469445780237745
16967,5.936451239347017
16968,6.816520261343195
16969,9.932566116659634
16970,3.3756811545479493
16971,7.496753850091595
16972,2.502819138637552
16973,1.145020112672054
16974,4.186429846341719
16975,9.430661957558476
16976,8.486422410823101
16977,8.650380290478259
16978,6.926350218068508
16979,5.078891893071851
16980,7.21615526631143
16981,3.341197750535131
16982,5.454275943371249
16983,6.878024739875594
16984,7.305021047661455
16985,5.102590134517508
16986,7.351381658393782
16987,3.8085745433718214
16988,6.521184601384832
16989,4.090162975111541
16990,5.545334950507469
16991,7.470369359132971
16992,6.9437885410529745
16993,5.110557880114634
16994,7.115737857220421
16995,4.664654088819132
16996,8.815324782777145
16997,3.8672463329332287
16998,5.242019022552576
16999,3.7176755654482845
17000,7.427255104859219
17001,4.207779486241068
17002,6.736359699417818
17003,8.425183576042173
17004,8.86200163698943
17005,8.696370266227985
17006,4.336523984795244
17007,3.718810421999174
17008,5.248035158929126
17009,5.425251329338016
17010,4.1603773490575
17011,6.669832154211051
17012,6.1584543857987954
17013,7.465591998032664
17014,5.266737697825681
17015,3.203672342785493
17016,6.923099110569874
17017,7.1185637517285105
17018,5.246331339209361
17019,7.597978936402072
17020,7.328534905896213
17021,5.20718612593584
17022,6.150504846436318
17023,6.790218103796448
17024,3.5514506290195333
17025,5.692379161816838
17026,5.14066573285161
17027,9.289341537189182
17028,1.1520827988193312
17029,4.1591056506076916
17030,6.576277761953392
17031,9.209648300968857
17032,3.6741629261079423
17033,6.1378763601384305
17034,3.7178838520612403
17035,6.85756508439965
17036,9.118356675635123
17037,3.0646532065645653
17038,3.490989068584909
17039,8.774361639409445
17040,6.583777145368084
17041,6.849721160006503
17042,4.206147281284137
17043,5.235944059132839
17044,5.697033747661239
17045,6.993832820158451
17046,5.4326593764517925
17047,9.115588843110931
17048,4.639435656034474
17049,9.989050965378024
17050,6.86548436365271
17051,8.082944421347523
17052,6.335924934628823
17053,6.443703491078547
17054,3.8797025973071824
17055,7.647608470508753
17056,3.7485523572824477
17057,5.447381211513546
17058,6.658219109704062
17059,7.382093727378643
17060,6.11296306436406
17061,5.812799366797902
17062,3.1116554642877623
17063,7.3217470332946775
17064,6.959991436713305
17065,6.895620816315889
17066,4.2923448500335395
17067,4.806240096991375
17068,7.374313530678154
17069,8.50294180058108
17070,6.4325885627510715
17071,6.043744391975645
17072,5.69342775651141
17073,6.48965650266099
17074,4.051827528862157
17075,4.70315503875832
17076,6.1163883374873675
17077,8.392423510750934
17078,4.923369163085839
17079,6.332778422265865
17080,4.0881551075952025
17081,6.108703768489654
17082,8.308751402370369
17083,5.140264616608536
17084,7.942691927431804
17085,3.768173733996852
17086,1.0156906609325433
17087,2.3552750019703277
17088,6.95295634207063
17089,7.833632978575828
17090,6.62962155742879
17091,8.25836731121904
17092,6.589563644697776
17093,8.458838157210034
17094,2.179003239105769
17095,4.744431063987454
17096,1.6361057738564093
17097,2.72998832336068
17098,6.276874223235141
17099,2.156772442547259
17100,8.124092993073223
17101,6.189591675148026
17102,7.627756445562238
17103,4.514576036728325
17104,6.830251089958308
17105,7.409195632682307
17106,5.782961533905699
17107,1.6359753390189113
17108,4.152156909802274
17109,8.60100738320213
17110,5.526016529865638
17111,4.809149078543484
17112,4.8294285136548085
17113,6.61633945297811
17114,7.152459521422314
17115,6.7971451533323
17116,4.931558359888234
17117,4.704329121250311
17118,8.332504493095106
17119,3.490400608791113
17120,5.549571826650379
17121,5.563941388485039
17122,8.462522384138392
17123,5.1649591377816595
17124,7.690156911668947
17125,5.5373212507250855
17126,5.104425181499998
17127,5.733152826298941
17128,7.918724135118991
17129,1.5646076623772966
17130,9.703798851027091
17131,8.708228761239685
17132,5.700841787792331
17133,5.8225771429960265
17134,5.20771675333194
17135,6.328458437444761
17136,3.792939497159645
17137,7.8550362166746455
17138,6.561280965556348
17139,9.962033625250557
17140,5.000736779661708
17141,5.941576303709871
17142,4.201809501697751
17143,4.331615338847255
17144,5.090560170851042
17145,2.6925540604583147
17146,2.700883090015483
17147,7.704893240200076
17148,4.188278754688186
17149,6.521997819006127
17150,1.5561115906171448
17151,6.007890334222147
17152,3.138442949782957
17153,4.1756071880605345
17154,3.430282725343364
17155,3.443095524458568
17156,4.4037726221347215
17157,7.4562375292370175
17158,7.367141432755416
17159,8.116468378594334
17160,4.244044632198296
17161,6.667839780705838
17162,5.940642542265534
17163,8.023987174922139
17164,8.293572307664821
17165,5.957161668130317
17166,9.019660094291257
17167,6.243096699163832
17168,6.867803168931441
17169,6.111829920163538
17170,6.954140805205155
17171,5.152060508850275
17172,7.036545617276897
17173,8.379207588943725
17174,4.745384095579587
17175,7.089769118917545
17176,6.311830395877058
17177,9.417703636737706
17178,6.3112789330360455
17179,5.443652838836767
17180,8.080517811073348
17181,6.9555423158899
17182,3.958323991293979
17183,6.842394059402338
17184,2.8897713792737094
17185,8.29743062960036
17186,5.166762572549028
17187,3.371773877279838
17188,6.39226054479528
17189,3.0189142641075266
17190,4.529679259462988
17191,6.292529677232848
17192,4.0795244722670585
17193,8.073405935335268
17194,2.6889660430204576
17195,4.0580497707960985
17196,8.601422657185747
17197,7.566940356424131
17198,7.647448253333254
17199,7.024061913641899
17200,4.859564152380908
17201,6.269324949008306
17202,6.8602803401684564
17203,4.560902472657212
17204,7.094886275674165
17205,5.823433822112488
17206,3.6650157334171753
17207,4.155886277197416
17208,7.997567021598374
17209,8.64985940398202
17210,7.2626888699889935
17211,7.935374426762576
17212,3.184418578203835
17213,6.996008606841263
17214,9.209925346373417
17215,5.820559864643907
17216,9.815708262203545
17217,5.251442276767468
17218,7.10743022363464
17219,8.365881367937183
17220,2.9428412742123307
17221,6.005558669604507
17222,1.999513990232343
17223,7.287682878031923
17224,5.63574985343551
17225,2.3951403151851376
17226,7.353204529175473
17227,5.903063107707551
17228,8.13493846845738
17229,5.391170127976625
17230,5.202793457586748
17231,3.9789475158200203
17232,4.722271246350909
17233,4.821147772284431
17234,8.619063646682635
17235,8.634260681389183
17236,5.455958521292482
17237,7.405827518566113
17238,4.046399453422656
17239,4.029472301346334
17240,3.9918688129984568
17241,5.2619819945125075
17242,4.099626262237976
17243,1.9615482651342233
17244,7.474491151513251
17245,5.807662109293053
17246,3.7304219327648633
17247,8.74919114130033
17248,4.591339742889199
17249,5.412449286197207
17250,4.022351507780085
17251,6.191833297583481
17252,7.291858597071689
17253,8.674236868771732
17254,3.5258766035603486
17255,4.633458895634304
17256,3.5526113077273527
17257,7.780412204316835
17258,8.478285141796604
17259,6.659732655447345
17260,1.9686237061067875
17261,8.378600781787977
17262,3.178626599581787
17263,6.8441978733574516
17264,4.784157658744353
17265,7.342139469885504
17266,5.4595398053001585
17267,8.347982236381124
17268,2.9438770630387032
17269,4.735586582822639
17270,6.937698511448883
17271,1.9647590600303306
17272,7.184861117339336
17273,3.688929836648859
17274,8.472900605174399
17275,6.954852897769345
17276,2.938997706316429
17277,4.345760079333499
17278,4.367092331486721
17279,8.995736637486075
17280,6.317918695113535
17281,5.485282878112093
17282,7.31473422196739
17283,7.237457755926497
17284,3.364472879042347
17285,6.38509631588123
17286,7.171430880767852
17287,8.206605026716383
17288,1.5239359112903694
17289,4.628878545832831
17290,5.311273670224097
17291,4.395181718135015
17292,8.414213432024884
17293,3.8319541639457
17294,5.38427490902521
17295,2.9636665294813933
17296,6.78524795931979
17297,4.897640699250171
17298,6.989686089566848
17299,6.388053848512329
17300,5.435327469634947
17301,3.7256342322291145
17302,8.675834857359074
17303,6.302177719185136
17304,5.163913585282729
17305,5.977494797152209
17306,3.351867481680384
17307,7.690026124673129
17308,7.381261465939798
17309,2.117106221318354
17310,5.941127984600132
17311,7.0704778675331585
17312,5.751754992852868
17313,7.9201699961745335
17314,8.387537874877845
17315,7.6953194170217385
17316,9.20423620194944
17317,6.756777343592861
17318,8.066009080781152
17319,3.19151838475666
17320,7.149373945030527
17321,4.730023277366152
17322,3.821644406114151
17323,7.9780870658525656
17324,4.7740119509432235
17325,6.27435669643567
17326,6.5108340789780765
17327,5.961269419959218
17328,4.799494504439508
17329,6.567752507856964
17330,4.747266042134465
17331,8.199836549764779
17332,5.680967672041595
17333,8.733601177421672
17334,4.926874997272998
17335,7.259381370181328
17336,4.410986679257907
17337,3.4559844801500574
17338,9.104728963829698
17339,2.355502321882111
17340,7.1145606462482744
17341,5.529419059395866
17342,3.496459763373248
17343,5.713980330772857
17344,5.474001206574239
17345,8.541723478655552
17346,4.189969038107588
17347,6.538056366308806
17348,2.953645874316942
17349,4.462288147738269
17350,6.584417504358901
17351,6.780022793925312
17352,6.099671889097325
17353,5.9642075297584025
17354,6.891696196546815
17355,5.773730373607468
17356,6.8718071307091595
17357,4.112095038543291
17358,6.480409398473921
17359,2.510958914579462
17360,2.419020541219966
17361,5.573431096433759
17362,8.482186703979849
17363,5.528052578975236
17364,7.6151505057842686
17365,4.763146364065141
17366,6.886452881128742
17367,8.358527574114202
17368,8.442290392810051
17369,5.018230608294574
17370,5.414807626260457
17371,8.086278614692892
17372,7.160769319717794
17373,7.476153687439314
17374,4.415829981150365
17375,6.105567235185032
17376,8.105428892581607
17377,8.161160647519328
17378,7.4318657992014305
17379,5.732120671401982
17380,8.561075544188581
17381,4.107356175104054
17382,7.1115845075073185
17383,4.00497218859613
17384,8.126863724593772
17385,6.5799306732596055
17386,8.66574197208038
17387,8.939647963041498
17388,7.769741016492084
17389,7.674400509823329
17390,3.1835158728621935
17391,3.967548446960899
17392,5.552999485477953
17393,5.3687965895821765
17394,7.443335920211945
17395,5.369736237164576
17396,6.891580849333765
17397,7.337849178431702
17398,3.5866633838407793
17399,7.478509327869491
17400,6.359158610349236
17401,1.4502471629315938
17402,4.070000717521552
17403,7.1149574048055655
17404,6.060878052153349
17405,4.296121436809996
17406,4.012481445308087
17407,4.342322763385347
17408,6.188777000928891
17409,5.023169683408632
17410,8.428806386030411
17411,5.392420226281748
17412,2.40908371367743
17413,3.638712155183195
17414,5.574456246439492
17415,5.9961212075785095
17416,6.904040547827766
17417,5.454058653978312
17418,4.563356174470844
17419,6.5032242480146065
17420,5.161254582307623
17421,7.482850518932574
17422,5.828418287195737
17423,6.477532555717458
17424,5.474011256121823
17425,6.692895356145439
17426,7.458981846093479
17427,4.58205909114792
17428,6.704152837977276
17429,6.3497166959569515
17430,7.9631727383991775
17431,4.0863244064279005
17432,6.689725774147045
17433,7.850422795973418
17434,4.803623141202992
17435,5.223021282299394
17436,6.939278385720627
17437,5.638239555640178
17438,6.8097885517136065
17439,7.276776431216281
17440,6.300528625271155
17441,3.5967263422351508
17442,7.86715993933772
17443,4.752989792389714
17444,9.06540962095239
17445,5.594627246059789
17446,6.637452572915338
17447,5.505035780747425
17448,5.665545287582223
17449,4.13752487086034
17450,8.913455252123766
17451,7.604521041640398
17452,8.639432225525505
17453,6.25887500996184
17454,6.779941823767774
17455,3.360605630074525
17456,1.7583636588893683
17457,8.323122404611938
17458,5.250728300126907
17459,4.354650731907546
17460,6.982995152611105
17461,4.073023602300845
17462,5.429150325851166
17463,7.420961735152353
17464,1.4921709289272327
17465,9.473081282308348
17466,3.3583943634100875
17467,5.846034130081582
17468,6.607870233593983
17469,3.8006066717024454
17470,4.232905837731278
17471,9.79757677984723
17472,7.9179006308356294
17473,4.21657899770423
17474,3.9650160201656215
17475,6.679306066775148
17476,7.248440182135118
17477,8.462340875054931
17478,7.26445655969557
17479,6.912110245162294
17480,4.583704476081975
17481,4.853972421900141
17482,1.749395753583587
17483,5.557344387626392
17484,6.010620608078438
17485,5.1001287575071474
17486,5.14123462323248
17487,9.17549682424283
17488,6.61698252974698
17489,5.475420307832799
17490,3.7373724451632944
17491,6.991427201211034
17492,5.70836205306437
17493,8.048077913050365
17494,6.15403157616313
17495,2.504663778198203
17496,8.310902825769436
17497,2.5481915689149988
17498,6.963497242631277
17499,8.497155624390526
17500,7.65536945862339
17501,3.3206046325399776
17502,5.819249975236987
17503,7.328344427534563
17504,2.8611662651457994
17505,2.4246146772716726
17506,7.459143111400827
17507,6.228622881614767
17508,7.533228117047329
17509,3.7197867512981375
17510,5.64509284862728
17511,6.8131224178238154
17512,3.3319097789351617
17513,4.893299232871067
17514,1.9048636237692258
17515,6.430784310100759
17516,5.419673386291434
17517,9.391827824598039
17518,2.158732010057072
17519,5.856478795155728
17520,7.618489080327121
17521,3.901314419434405
17522,5.06780555821892
17523,7.611310560195345
17524,8.741130019351766
17525,4.99032385238991
17526,8.718538550072447
17527,5.303801429704888
17528,4.253093715326997
17529,4.828114676874088
17530,2.4779020442071316
17531,3.5585598524139805
17532,6.554783385042471
17533,7.896790799195427
17534,3.070323533373326
17535,8.49143309380915
17536,3.813698094640268
17537,5.387504806005938
17538,6.462137497132623
17539,1.3423175302652197
17540,7.50161047682559
17541,9.348854462896531
17542,4.521165431410144
17543,6.504496201860791
17544,5.07199768555883
17545,3.6808347887326334
17546,1.2942235703873592
17547,7.455211908822607
17548,4.986412334400963
17549,6.4634624845696775
17550,7.8084268768936855
17551,5.8878235096528275
17552,8.247748390206294
17553,6.603857737123699
17554,3.7115344098081393
17555,7.271563623974707
17556,4.412825855245468
17557,6.177911670446067
17558,2.870432169031085
17559,5.7514679314060455
17560,6.283088342222719
17561,7.732038674234916
17562,8.439928025971309
17563,8.557369886304684
17564,5.97047522245259
17565,3.212648134740525
17566,6.2631806197491
17567,6.528488587868139
17568,7.350809074767648
17569,6.55932510307772
17570,7.748119871735641
17571,8.239457149428588
17572,5.5339754742824026
17573,2.7613299223823304
17574,5.547692718995604
17575,5.501447129298008
17576,4.886547835236504
17577,5.890875294995491
17578,5.42968227532347
17579,7.445316065277284
17580,8.198307417472034
17581,2.156436428444748
17582,6.8058870953275346
17583,6.498427936696681
17584,5.755293332336871
17585,9.070431737650953
17586,5.530066723461072
17587,3.9727581566451797
17588,5.4914741484067235
17589,5.042283860203517
17590,4.462980860819077
17591,5.645199328472424
17592,4.383780023726304
17593,6.668860901740766
17594,7.531067497257719
17595,7.490630167728613
17596,9.800632194819523
17597,5.226822767092209
17598,6.813267025923643
17599,3.742991909070909
17600,9.457956339711924
17601,9.042644742411351
17602,4.920229382915214
17603,7.200740310464933
17604,2.8799829616255037
17605,3.7793627155532037
17606,8.332208434796062
17607,4.843460418415996
17608,7.086915754373611
17609,5.7835658194092945
17610,3.7965674460183245
17611,2.205102410135056
17612,7.4813798475488635
17613,3.590155299371446
17614,8.654538277689516
17615,7.6248630946790215
17616,7.859211413122007
17617,6.776426662409205
17618,6.8201413686935695
17619,6.3230164477793025
17620,8.679517382969463
17621,6.329085656401716
17622,4.214683827256023
17623,7.888907206452595
17624,6.985406282819906
17625,3.9937678986523197
17626,5.056079517017901
17627,6.686157803976505
17628,3.412269711127297
17629,4.818885595470737
17630,7.352237214770801
17631,4.928019403529211
17632,5.903346536370856
17633,6.141136986146262
17634,3.7385717763155846
17635,6.269408021950481
17636,7.28034143779453
17637,3.446424815182604
17638,6.1779702842252915
17639,6.379324004529993
17640,8.289312341434643
17641,8.05360975892727
17642,4.754967028477656
17643,6.038700582911413
17644,7.907958007388048
17645,5.512702077936527
17646,6.5374572714867085
17647,6.068524288319016
17648,5.832090881086059
17649,4.325674170179984
17650,5.783891077816831
17651,6.991222827608029
17652,6.3150794313185505
17653,4.849821954787496
17654,1.6940820696957224
17655,8.09641245431891
17656,4.066784607296475
17657,6.487156413942889
17658,3.5296808860964766
17659,5.482092382680639
17660,5.920244844182123
17661,3.102460809067025
17662,2.370153783232623
17663,7.31402531453234
17664,6.607291834641451
17665,9.827391706732394
17666,4.546593930693625
17667,6.026119610611391
17668,8.689764190198805
17669,7.713138729533172
17670,2.770601952239894
17671,6.131163595804752
17672,7.307536878133301
17673,9.050525456648042
17674,2.384348943879434
17675,3.0109619312800637
17676,2.756029918102004
17677,7.215791022112495
17678,5.051764297057107
17679,4.607112122855719
17680,8.947190163147226
17681,4.9965723003330265
17682,6.953236362416476
17683,5.427964397023288
17684,7.84504757327152
17685,3.848249593490862
17686,5.794655892947798
17687,6.658186467249044
17688,4.170952299045661
17689,5.997505007047123
17690,9.623873855426272
17691,6.391042106715028
17692,5.880128612719525
17693,7.098292983651115
17694,4.991508069238771
17695,5.322964582320753
17696,7.689961858274714
17697,7.925202966534694
17698,8.089627260306667
17699,1.7743612354038434
17700,6.530646055338423
17701,6.542604693210872
17702,7.446987088981582
17703,8.048613484543939
17704,4.153526815306526
17705,6.926163010700604
17706,5.428211560535869
17707,4.180314742236162
17708,4.308365258830803
17709,8.870961621461166
17710,3.7360965241907307
17711,7.7262071157833905
17712,7.5138090748942
17713,4.061581995559875
17714,6.6186547599215775
17715,8.916753833186853
17716,6.046971694385432
17717,4.1795390534991315
17718,5.752351067390178
17719,4.812214721913728
17720,6.514360544259705
17721,6.337849743126999
17722,6.296543072836829
17723,5.994987884371113
17724,9.18023037337774
17725,6.190147723362772
17726,5.925164386838391
17727,8.04437024643779
17728,1.9429699429901486
17729,3.738936291139061
17730,8.60797522918143
17731,9.771867138013068
17732,6.578227461338921
17733,7.355987448832747
17734,7.9609402918913315
17735,7.99919620097827
17736,4.419917223279649
17737,9.066822250075006
17738,5.45870458534214
17739,4.061181342291519
17740,8.006659780780296
17741,7.155141501560484
17742,9.177834800920394
17743,6.066556372065499
17744,7.3428250571572775
17745,8.57656862798269
17746,8.411421537602939
17747,4.43974914172203
17748,8.097720435996617
17749,6.2631728886266815
17750,4.725143039666962
17751,4.447397588678091
17752,5.820388701769444
17753,7.270393478338886
17754,9.980769038734334
17755,5.054208731229475
17756,4.406315773992657
17757,5.689901678363397
17758,4.384699642969584
17759,0.0034822799700771996
17760,6.527197518470142
17761,6.014913071481047
17762,6.941421993826404
17763,8.86704589892357
17764,7.275525501133022
17765,3.486554547162489
17766,7.121769165205739
17767,4.776838078294786
17768,7.084859273709979
17769,7.047104343160399
17770,7.562188252005896
17771,2.7072751929166925
17772,6.006972591971879
17773,7.915674461267161
17774,7.943941624237587
17775,6.018392959023487
17776,6.135455416868874
17777,4.944405722247657
17778,9.315689553571422
17779,9.065008275442464
17780,5.2474473885508415
17781,4.487259117449527
17782,4.6060397850258425
17783,3.919353900199525
17784,3.4987866832050374
17785,9.556632544471677
17786,8.136004136315481
17787,6.172098330198669
17788,7.725593413220778
17789,5.705507110768255
17790,8.210229698791768
17791,5.528128682214737
17792,4.042152967780083
17793,6.345423758310973
17794,5.5503022823266885
17795,4.66475596119835
17796,3.8402736190439577
17797,7.2638065036463075
17798,5.6528633291184995
17799,6.362601900686469
17800,5.23165501110679
17801,6.125416701053917
17802,8.18847579841244
17803,5.749219576966813
17804,1.5137757946700587
17805,7.195670358356414
17806,7.237083463725776
17807,7.04857483653238
17808,5.837365730346141
17809,7.232996565957068
17810,5.021947019981783
17811,3.737179307095176
17812,5.275603261593079
17813,7.418011076299452
17814,5.302885344944798
17815,2.191845877320661
17816,6.347003206200577
17817,5.162493245330628
17818,5.618481776944632
17819,7.189236270169415
17820,6.856511602965547
17821,3.9915744427683406
17822,7.561394291840129
17823,8.491704866238871
17824,5.678542811196511
17825,3.164025119847344
17826,6.829561975574045
17827,4.674180730976853
17828,4.59567793726359
17829,5.994720407343162
17830,3.4916816823909422
17831,4.275886893937584
17832,8.094614581286185
17833,7.574550587276514
17834,6.211990221321752
17835,6.066810092491138
17836,6.695625082612672
17837,6.989620990727562
17838,5.185562345139315
17839,6.403155047421071
17840,8.30492278927029
17841,3.9680813654395974
17842,5.261429554097695
17843,7.699928975571504
17844,6.313566445281339
17845,7.696884475318828
17846,4.442216378287502
17847,5.14133640846163
17848,1.581345212921287
17849,6.25386578733341
17850,5.226850970355011
17851,5.241971784620631
17852,5.124442804319171
17853,3.1456987854864598
17854,3.854799660096043
17855,8.84909441511132
17856,6.506613296344719
17857,8.333082890208523
17858,6.055076415831323
17859,8.502888405022215
17860,6.894489794101257
17861,4.544745505008527
17862,3.378973519231194
17863,6.789443068141909
17864,4.868442474716952
17865,6.8299563028625965
17866,5.774358141978246
17867,8.427623528789193
17868,9.000720598136754
17869,4.8073737556843925
17870,7.288855788566401
17871,7.618867998834906
17872,8.404391237794083
17873,4.016355975589202
17874,9.466938633594944
17875,4.814476043248506
17876,7.4647710699571235
17877,7.887270986438976
17878,6.254740608362978
17879,5.172748177823299
17880,6.428873432598185
17881,5.547379207903843
17882,8.036895169158573
17883,6.050346630688796
17884,1.3616323241184038
17885,2.6886992742809643
17886,6.239869063537532
17887,1.6603236862682014
17888,2.6715584602612346
17889,8.039605840794568
17890,8.880208391149873
17891,7.262219890206177
17892,3.073588835519139
17893,7.235210803405873
17894,5.006735550461944
17895,5.5954030332181475
17896,4.2017182387633145
17897,3.3967565644489546
17898,5.881926812840062
17899,5.228590559185607
17900,5.713950095840003
17901,6.009566054661249
17902,7.8155891661096835
17903,5.825888296156375
17904,4.668304103414231
17905,6.572093028997861
17906,5.7715722840211665
17907,8.74703075799469
17908,4.960061909089993
17909,7.575727435506427
17910,7.57069514982186
17911,5.46193103369379
17912,6.936156783301878
17913,7.758913756157132
17914,6.834832392287692
17915,6.054975670937038
17916,5.709994333176399
17917,7.766355777081559
17918,4.860119594520609
17919,3.579605428383021
17920,7.031295449729849
17921,4.012455632599729
17922,8.990124700883467
17923,6.443652507713152
17924,2.5301313293111685
17925,4.569350904719393
17926,4.761963339973692
17927,4.237040712568899
17928,8.60071206523852
17929,8.688432776030414
17930,5.848692072768541
17931,4.068447684160285
17932,1.3498636905203019
17933,7.055937505853487
17934,6.3559116265825955
17935,6.608402886743775
17936,6.832123269233146
17937,6.465752857635666
17938,4.495065559251889
17939,9.440561060516858
17940,8.726929783990984
17941,4.67881575956676
17942,5.108685018514754
17943,7.107501101454167
17944,5.592008601900903
17945,9.073790676963304
17946,6.468000910715418
17947,9.122310043385951
17948,2.5187189893133173
17949,3.9770782882280855
17950,5.539727329301429
17951,7.69081530950726
17952,7.155952184575052
17953,8.695719798599239
17954,3.851270576056075
17955,9.716247578781202
17956,9.489409397744174
17957,7.704256576556299
17958,7.619416774575822
17959,7.077192535116947
17960,4.125330786663969
17961,5.8492228168024285
17962,6.189286887312123
17963,6.3300285896568145
17964,4.9505084384200835
17965,7.840440108648295
17966,9.081931597911828
17967,6.325862615114683
17968,7.485607140661564
17969,5.987520361923333
17970,7.238707828631317
17971,3.947958233027381
17972,7.5891660315641145
17973,5.382438131707038
17974,7.954298784260425
17975,6.376879005090035
17976,7.866074153524851
17977,3.562587660398544
17978,3.985092032440685
17979,5.2776317074243035
17980,6.33365760597673
17981,4.573852962573392
17982,7.169768590082254
17983,5.801888815483955
17984,3.731250331583073
17985,9.367283650096725
17986,8.633560309767828
17987,7.886741949224766
17988,5.734799385750775
17989,5.9433901272166105
17990,4.685716571265945
17991,5.83363562057437
17992,8.591093251330035
17993,5.434636783569799
17994,4.367457222550285
17995,1.9052781566240538
17996,6.617969393649668
17997,7.045911360997552
17998,4.97520277208884
17999,5.01867823468695
18000,3.8359496871050176
18001,4.651425908254614
18002,5.386115861128168
18003,6.946018058368713
18004,4.57909176450346
18005,3.7150188708100496
18006,4.985747443982435
18007,4.050636859344648
18008,7.668868267494853
18009,1.7076854656329847
18010,5.777503832728771
18011,7.005183225798797
18012,4.0205136695096675
18013,9.217287243352438
18014,5.263540447332284
18015,8.768265054459093
18016,8.838341377750876
18017,6.908131962469476
18018,7.765082738118535
18019,5.812998730963057
18020,7.426164318294495
18021,8.21898636822814
18022,5.464686218077228
18023,2.9203966049179955
18024,4.172911220487377
18025,9.042999617790219
18026,5.373963316167904
18027,5.012866428025162
18028,5.275128884134432
18029,8.727241399011202
18030,7.688852496774373
18031,7.229216014046036
18032,7.980117846298198
18033,8.023672690962595
18034,4.695928495003352
18035,6.508824736593958
18036,4.375792467546647
18037,7.497183250973327
18038,6.8514455207841705
18039,7.262754009335794
18040,7.1837738312309485
18041,2.244134799252104
18042,5.939920540953187
18043,6.6609964186342525
18044,3.981766818206122
18045,6.503111455569924
18046,3.911031777356307
18047,3.4846305813889913
18048,5.6806713474275305
18049,6.943387668601353
18050,8.667458922283481
18051,5.433849274990832
18052,4.908858718237545
18053,8.417364631219705
18054,5.917461759179103
18055,6.215356604325743
18056,5.825246516212581
18057,7.143046154065959
18058,6.97139215824118
18059,5.483943386529804
18060,5.620796973833172
18061,7.530192819694811
18062,7.522224427025653
18063,2.3690862195330498
18064,6.168181138700709
18065,7.59169323030452
18066,4.909066636931138
18067,9.119844381657737
18068,7.193259246733389
18069,7.338911709542758
18070,5.654633418050414
18071,7.05190320008464
18072,8.344849498046461
18073,6.512805146939978
18074,4.302955832289231
18075,5.284240879410715
18076,7.037248034091782
18077,7.160592671031009
18078,5.791444580342194
18079,9.069678920635328
18080,2.0259185086900695
18081,8.503386911926658
18082,9.151033188461337
18083,7.3742010530844695
18084,7.426328459005798
18085,1.0566519177850744
18086,5.6614042969733775
18087,5.045932199469954
18088,5.661322601380585
18089,6.840346185176908
18090,7.313749091265895
18091,5.974012960208066
18092,3.3135358975401488
18093,8.37891277957127
18094,5.9299101022545795
18095,7.757225081824973
18096,6.145904510209503
18097,7.4409109817258425
18098,4.780274508042142
18099,5.996065186600968
18100,6.986944836145168
18101,4.0103137082873115
18102,8.932133400770383
18103,4.410843238040408
18104,2.866582080200242
18105,6.120593409420967
18106,5.585938736912963
18107,3.8659132466707193
18108,7.320945794493733
18109,4.885449872017022
18110,6.725886435510406
18111,5.0060367420129195
18112,9.070022677877164
18113,8.796430174955223
18114,6.7993845716106
18115,3.055532739273621
18116,2.9365334326750276
18117,4.623390087158866
18118,7.448104244413221
18119,4.940320682186448
18120,3.301788702365068
18121,4.92697057681239
18122,5.230701316489259
18123,3.9768924248933453
18124,4.935369202755055
18125,9.157133713511408
18126,2.706984822334575
18127,3.8945317122339818
18128,7.248117266507867
18129,2.0030739120231233
18130,2.3945024368638057
18131,2.729831646027912
18132,6.616012529314013
18133,7.047032109166368
18134,7.541854264832653
18135,6.3945256808313164
18136,8.640162181125941
18137,4.6845232877989975
18138,6.5375218329997455
18139,7.022888940711335
18140,4.788060228285555
18141,3.411160418999535
18142,9.241190323165023
18143,5.364166066201352
18144,5.1636823924856055
18145,6.041443454969311
18146,5.149794325806484
18147,6.879289069180518
18148,7.936863716586575
18149,8.33754052024644
18150,8.997532678060134
18151,7.499883938061274
18152,5.752154947366245
18153,5.006598070966687
18154,7.63452586991458
18155,7.173517909456154
18156,4.879225609182683
18157,9.731998636821174
18158,6.4430640522731055
18159,2.836190793470423
18160,9.110459253453232
18161,4.237342878657838
18162,5.1619737158101815
18163,4.516170133051968
18164,8.840527322932047
18165,3.287047280135532
18166,8.35871776042741
18167,3.13272819051481
18168,9.193794442741737
18169,8.186145357420713
18170,4.598713594484986
18171,6.510278425413287
18172,4.827627575467846
18173,5.9682234651968376
18174,5.218115431699762
18175,7.7440877048813075
18176,6.782545359023777
18177,7.764266807539981
18178,0.9427067016821805
18179,6.510890618547592
18180,5.244666193305332
18181,9.443505575049256
18182,4.2642931112736
18183,5.46071440309863
18184,6.58595997065085
18185,6.780009617570492
18186,6.678802059865413
18187,4.099515065191885
18188,7.084786643265605
18189,8.129846975143678
18190,8.462567817657474
18191,5.499414499717434
18192,5.831762907924633
18193,5.015034929624217
18194,3.4735411505722746
18195,6.492712858465319
18196,6.674545497900693
18197,8.281716816944149
18198,8.593706056506509
18199,4.466951142548293
18200,8.002833146980645
18201,5.872579214869538
18202,5.710882034884895
18203,8.991264030355708
18204,6.987803403215807
18205,6.988571086991142
18206,6.016323688816036
18207,9.515494185544615
18208,7.213072721607842
18209,2.7460856731170695
18210,8.57818027204529
18211,8.591945319683784
18212,4.336767317305757
18213,8.833407617122043
18214,5.649278743495218
18215,6.8957260271049465
18216,4.308008522720134
18217,5.407222877900516
18218,4.244500278262713
18219,5.029713856521516
18220,7.880948270036429
18221,1.5775169210744742
18222,4.385415406557299
18223,4.7628105406078864
18224,4.8645387921224374
18225,5.60811013332043
18226,6.7642882932291695
18227,4.81552434423979
18228,4.894461850226401
18229,6.612464734497569
18230,1.0612281540292297
18231,5.838073932000219
18232,3.5882968857516397
18233,7.537617037391227
18234,7.266215565602548
18235,9.828853944403468
18236,5.486298354290815
18237,8.895222469506454
18238,5.307363328342517
18239,6.511961298125489
18240,8.020619709138467
18241,8.55901867034422
18242,6.676138299026659
18243,6.759609883630499
18244,5.6850176453490375
18245,7.740230847089303
18246,2.9765611335615034
18247,5.002934133172492
18248,4.271270173590376
18249,6.83319770243479
18250,7.279750860168183
18251,6.229917442269793
18252,3.4685363023956493
18253,7.936689658191147
18254,0.9036145254736339
18255,7.702837644789739
18256,4.325696698295031
18257,8.303702384867721
18258,5.338668112469251
18259,6.465398648434108
18260,8.989805682191783
18261,3.371524220141547
18262,7.331970912517628
18263,4.9864725875134495
18264,7.667240448071
18265,4.010651899661408
18266,8.020334965510724
18267,5.447342601801222
18268,5.846226084124973
18269,8.781564972409733
18270,6.856969679779996
18271,5.813553368258125
18272,5.695632513856786
18273,5.673555878957508
18274,3.034981602782696
18275,2.366732288836705
18276,4.208076762442134
18277,5.565044971457714
18278,3.5995502747319796
18279,8.170869263832857
18280,6.118886379095558
18281,7.509630114394784
18282,6.187571472248725
18283,2.833171989456584
18284,3.3917724685684845
18285,4.89331004294692
18286,4.082991768647146
18287,6.299966599970181
18288,7.1790993667700365
18289,5.06810852111444
18290,6.139176341444903
18291,8.950598918764413
18292,4.440661465917285
18293,7.866121882371678
18294,6.592535649938628
18295,6.6961101191967645
18296,7.946960985391177
18297,8.9839133609125
18298,0.5317497733714377
18299,2.0157108039696032
18300,6.260988292269557
18301,5.414017752939896
18302,5.991864588158299
18303,4.966904418863615
18304,6.789337604703972
18305,5.195502038279312
18306,6.674250104166129
18307,4.323342183074916
18308,5.699145716493149
18309,4.5229794143833555
18310,7.1801945913759155
18311,4.642039089652286
18312,7.615309781620546
18313,5.238887389144364
18314,6.254927968577727
18315,4.5119891291750545
18316,9.938395415473057
18317,5.6889998089228495
18318,5.6470158711397715
18319,4.093510518921238
18320,4.441280017965557
18321,2.895690281088517
18322,3.6886119444536405
18323,4.426130689362768
18324,5.021905633398946
18325,7.201981337009061
18326,4.221849352253686
18327,5.319548315484006
18328,4.229706590650221
18329,2.9158099003897
18330,5.745926609524423
18331,7.097365796219259
18332,6.099544927685551
18333,4.560525060168675
18334,6.283222258526875
18335,6.75464531233807
18336,4.906273902552757
18337,5.676310908384247
18338,7.597914614555158
18339,7.492592022738674
18340,3.8216660572871994
18341,9.489777584268925
18342,3.4711730442021427
18343,3.637115078705721
18344,5.326531715882362
18345,5.3023041144269625
18346,3.7718630584705464
18347,4.223380673417533
18348,6.767165824697258
18349,5.089406849988109
18350,5.7241129277620075
18351,4.849640111387168
18352,2.046254484029712
18353,5.749495406774215
18354,4.128992444905971
18355,3.929911426756358
18356,4.634511286631842
18357,3.9234305067354294
18358,8.504741830138103
18359,5.072642481923252
18360,8.506142929102701
18361,7.455804327768048
18362,7.822092307271889
18363,5.338712046712591
18364,8.198538872318903
18365,6.919720175891181
18366,7.286963352991927
18367,6.90828915758869
18368,8.203734472602719
18369,4.31435426871454
18370,2.9648841226440403
18371,8.24288255333788
18372,7.091713297239956
18373,7.123667981608621
18374,6.118974297589081
18375,7.636521719040621
18376,3.9565349580252316
18377,3.291327337806588
18378,6.014522023465086
18379,5.610533334816845
18380,5.724265607526647
18381,4.057859287341294
18382,7.058809793047442
18383,3.82648599728957
18384,7.133761109067153
18385,6.013371731315426
18386,6.023824525834246
18387,5.910683437117174
18388,7.705003422729378
18389,2.904281527651333
18390,7.771029730263942
18391,2.874701117218636
18392,3.9089667455495665
18393,8.131802470508687
18394,8.084573124844614
18395,6.95850925398617
18396,6.593826774882919
18397,2.2314622825513353
18398,7.113886089692032
18399,7.900870653862896
18400,6.779321792865119
18401,6.5345245822180855
18402,4.5194703714334405
18403,4.231124431960298
18404,3.774057024815413
18405,6.900606700119811
18406,8.000439136955112
18407,6.216524311960212
18408,5.832362289235085
18409,4.868006077182207
18410,9.61965028504906
18411,4.403123049365065
18412,5.213167846643501
18413,5.920338565146081
18414,3.391787754276236
18415,5.201151756255182
18416,6.805201034753869
18417,6.228273216372897
18418,6.377479488983937
18419,6.166394511523661
18420,4.780119655743488
18421,7.9908825316906755
18422,5.192967283118447
18423,5.2480440942785975
18424,8.518404775611387
18425,4.038146369209037
18426,6.573005599737543
18427,7.723812920504909
18428,5.259571702633896
18429,7.742342041229139
18430,7.723061740107687
18431,2.258762895500673
18432,4.646601316376179
18433,6.6647818922013355
18434,6.368697633153355
18435,5.020134431755056
18436,4.041364967223257
18437,4.958737196945482
18438,4.413162506966623
18439,8.95987329503832
18440,6.992487533737814
18441,7.428775563056621
18442,0.6095922580272235
18443,4.958122749654047
18444,4.738751183864085
18445,5.158716457000869
18446,8.088556063531618
18447,5.315798891021592
18448,5.78542727779612
18449,1.745362282150263
18450,4.323658351738449
18451,4.797442350718791
18452,6.894084268600118
18453,2.5497055559576522
18454,7.9471374682662965
18455,8.085547526078333
18456,4.938900763759394
18457,5.961708657018186
18458,7.105046895585194
18459,3.1547294046487577
18460,5.06560772226032
18461,4.079731283740575
18462,7.396410050997074
18463,4.537629768284022
18464,6.150310138235767
18465,7.448953122605912
18466,6.2932808352468115
18467,3.930589899448074
18468,7.840403756476805
18469,5.464227525950939
18470,6.4966729331873605
18471,7.669360678698235
18472,8.1228605730558
18473,4.479746431101054
18474,2.1195591386285333
18475,4.678896274287915
18476,6.483826424839492
18477,7.106354708883553
18478,7.763349115316819
18479,5.427163837622814
18480,7.120924762077863
18481,2.119304463649828
18482,5.098378901083477
18483,6.247328535248698
18484,9.240122724090757
18485,4.370839702989938
18486,5.380547671637204
18487,5.470011319305491
18488,5.738088447776407
18489,2.221326487784179
18490,5.438412530707416
18491,4.971930656945596
18492,4.210022662967631
18493,3.7502074362450104
18494,3.707584891893215
18495,5.727174248779832
18496,7.352577724300209
18497,6.380556991960104
18498,7.635714997435853
18499,5.3464568670011445
18500,4.07945307221532
18501,2.310288660734763
18502,4.798673694752545
18503,8.28455960635074
18504,2.7845081919122467
18505,5.53321300420582
18506,3.0879053197090625
18507,5.267504935870013
18508,2.153179436929207
18509,5.333355759174709
18510,6.485595651725809
18511,5.166399504582783
18512,6.652403350428097
18513,5.563462943546239
18514,3.675397206339656
18515,4.683738901205511
18516,7.75329780373041
18517,6.094166787879756
18518,5.216053222060948
18519,6.280484601574697
18520,7.179579738483159
18521,8.44073406363139
18522,6.565560366325383
18523,6.753007438507199
18524,0.0
18525,5.469521902264527
18526,5.528793139873434
18527,5.016750862293083
18528,8.668282872864456
18529,8.458294315794173
18530,4.617439460639892
18531,2.7152709243693267
18532,5.712704234463922
18533,5.133115354174636
18534,8.139960386203734
18535,8.279200838725739
18536,8.156062876186748
18537,3.4755254897477714
18538,6.203539966887773
18539,4.613324713450234
18540,8.31979283200673
18541,3.9302001324899463
18542,5.453518266845697
18543,9.17562717015609
18544,5.773141066824114
18545,3.6669241022097987
18546,4.526773050898482
18547,7.844900273009242
18548,3.7282772246402613
18549,5.8486799709607995
18550,1.1606292827875013
18551,8.147425079966442
18552,3.5100958657673673
18553,6.131218403538109
18554,4.2003017058774095
18555,8.440329513529054
18556,4.76693272264063
18557,7.452175133532441
18558,5.499823115766594
18559,2.1191795125346085
18560,5.0711789959112945
18561,5.019873866721296
18562,6.8883130012462335
18563,7.3170036401101255
18564,6.9360415327668345
18565,3.567904050015963
18566,9.325199100718615
18567,6.686207102733337
18568,2.24445741660976
18569,9.675939415265736
18570,3.1630888485646196
18571,7.645312118747287
18572,6.01743094435098
18573,5.343044703645171
18574,8.350918837924748
18575,5.751473629866946
18576,7.220735427194181
18577,6.388176423017408
18578,6.496527727277818
18579,7.839165710345361
18580,4.327163253203979
18581,6.584479798737665
18582,6.1154211678936266
18583,6.495569735703457
18584,5.9471424754985165
18585,8.164182535102153
18586,8.096329470917627
18587,4.362705586925588
18588,8.028990065875579
18589,7.492961587150868
18590,7.691593626628773
18591,3.7512570202581705
18592,7.337283066482132
18593,8.079306741753978
18594,7.886051426945542
18595,3.469552973032285
18596,5.534349013583191
18597,3.539513232192995
18598,4.381956387797696
18599,3.9810629027950073
18600,7.268811369478731
18601,8.397537400747675
18602,4.8681632446807495
18603,4.770032606541309
18604,4.98479610903023
18605,5.9791370551016625
18606,2.6454964996917205
18607,5.277431279966345
18608,8.743468540170738
18609,4.6377740995959815
18610,8.188983430935668
18611,6.647686213176814
18612,4.8309112334264235
18613,7.280229145044961
18614,4.431894261773579
18615,6.55471594061021
18616,2.290997492263931
18617,3.0971221427783684
18618,7.5166885806488155
18619,7.1017359421341295
18620,5.8730263390289394
18621,3.975213775843467
18622,6.4570246387283134
18623,4.535775811967122
18624,6.998101914308295
18625,7.457305341824321
18626,3.758117462311153
18627,8.292975123794882
18628,7.882895089535528
18629,6.519507128589728
18630,5.1922940840438
18631,7.030479097075181
18632,3.114169749770434
18633,9.34254419882858
18634,2.56505215329326
18635,5.450111819228768
18636,6.614644490608056
18637,6.022830143856685
18638,8.90641304675923
18639,5.880433146846963
18640,7.776181269721045
18641,0.7243074524200397
18642,3.4046678124969914
18643,4.875006342481287
18644,6.772466549567308
18645,7.409240988061055
18646,3.252984851253759
18647,4.01550385561074
18648,5.8966143279220065
18649,3.49588327842268
18650,5.757179014764747
18651,6.007014042821156
18652,4.58209765386229
18653,3.775070886538218
18654,5.1115275051169835
18655,3.015545091233387
18656,9.447449605676258
18657,4.851594378684986
18658,5.260545918126665
18659,5.232892883021064
18660,7.95088607836359
18661,7.279224108111698
18662,4.822178363439036
18663,8.031492858928388
18664,4.634555069324756
18665,8.937556074239463
18666,5.100553052501765
18667,8.700180939415276
18668,6.545757902917877
18669,7.0438487154885205
18670,6.929806619088552
18671,6.775039127772038
18672,5.7334709497167715
18673,7.448873435169571
18674,4.963347626665975
18675,5.040235035411029
18676,6.346182469502271
18677,4.832171983985665
18678,7.828560529594429
18679,6.600746514605935
18680,5.009746882881553
18681,6.5866993912517895
18682,7.280589175069946
18683,6.772183408587208
18684,3.1206851554662705
18685,4.373889307631497
18686,4.7625553141142225
18687,6.162539819292589
18688,9.177583370370836
18689,7.3778990571236305
18690,2.6809870566700367
18691,6.346020341005254
18692,8.88997170680334
18693,7.915440099741988
18694,7.149689004006051
18695,3.32688715789016
18696,8.706521403758689
18697,3.0907348425064116
18698,3.9403385084789817
18699,4.41483915094453
18700,7.639679067169358
18701,7.254579165898406
18702,7.8633815798234155
18703,6.768596475821424
18704,3.9948114617715533
18705,3.8839376923062083
18706,4.835553471730546
18707,8.384062647063562
18708,8.852796458462626
18709,5.793049062163827
18710,5.4085232014783795
18711,7.671770049307528
18712,7.042257216254134
18713,5.51453546030603
18714,7.6957583410988875
18715,4.809857794641134
18716,6.699700900987091
18717,5.434912834784624
18718,4.170566530148515
18719,5.438788541878409
18720,4.156850829938653
18721,4.954876676628688
18722,6.138864854379906
18723,9.18573617206381
18724,7.427296049057636
18725,5.57313285974246
18726,9.126294545891772
18727,6.894487175580376
18728,5.964985719602475
18729,8.311876641871304
18730,3.686280882006124
18731,6.742164218289621
18732,8.119335731001087
18733,4.611442816936113
18734,7.493177145684557
18735,6.1590788558150935
18736,6.433857675918093
18737,7.896545453569329
18738,2.572515063485472
18739,4.066206830276175
18740,6.365537882732221
18741,6.2523230849672204
18742,7.209835269448393
18743,5.225185903907532
18744,4.41305707032851
18745,7.866668413182312
18746,3.890397115664296
18747,7.618479193329094
18748,8.370432270165372
18749,2.5591585289891228
18750,5.125300748210785
18751,8.369105377559698
18752,5.817492350620585
18753,8.253008822471006
18754,4.453224924842995
18755,5.050697264234297
18756,4.630423596530116
18757,7.217972841951078
18758,5.225567042721897
18759,3.989118294657785
18760,6.515798685546168
18761,6.755749049961395
18762,7.594808662715434
18763,5.321725186037457
18764,5.285630973195538
18765,8.350503744350375
18766,7.337064453844481
18767,4.624914588068952
18768,6.281151685378194
18769,0.9039199712751864
18770,5.298702977136055
18771,1.6116672214430086
18772,4.292456810827963
18773,8.384729033220939
18774,7.777500448353029
18775,7.2534733393658275
18776,7.616370583675324
18777,2.043476772745142
18778,5.711075213350397
18779,8.363593747949533
18780,5.739299009449537
18781,8.849510762373907
18782,2.223846824352899
18783,8.037291666648382
18784,7.077568426769794
18785,5.808859022076446
18786,8.405163921209327
18787,7.208983328507271
18788,7.549117187853398
18789,6.21809803704455
18790,10.0
18791,5.691006671114186
18792,9.053515361092234
18793,7.1093121601565645
18794,4.057830037352807
18795,8.541004025820165
18796,6.663992514803418
18797,6.150233828158467
18798,5.7020112904043225
18799,5.302899720785247
18800,5.979978200586759
18801,5.554351470563372
18802,7.064640599770575
18803,6.6646553092308185
18804,6.850179001845818
18805,8.628117500688736
18806,5.3694251316580015
18807,4.706565552815708
18808,4.95154042566463
18809,7.455002344199576
18810,5.973245743679262
18811,5.153574885350082
18812,7.264041165104304
18813,7.9520044214401135
18814,5.511904851709256
18815,5.6127335790494275
18816,4.12698514641132
18817,6.267977189203459
18818,4.7375644163680635
18819,5.305208830453232
18820,7.350591947248676
18821,4.979424900295773
18822,1.342558233943317
18823,5.366663088146575
18824,4.540312187897373
18825,2.822938287635613
18826,5.688954661484289
18827,3.6500087022855716
18828,3.205797854142613
18829,7.543340552708726
18830,4.4257602223453745
18831,9.326561340211265
18832,5.7473055272578835
18833,8.282141846364448
18834,8.08259741970291
18835,7.30547175455766
18836,8.150109076884002
18837,5.0106120478837
18838,4.98199096074809
18839,8.000298568047189
18840,6.6203649397867395
18841,6.395053629748372
18842,8.599839647275127
18843,8.579171652359966
18844,6.613337864584388
18845,6.634166232051195
18846,5.936244565710202
18847,7.833609198729026
18848,4.704056678426278
18849,2.7415152294520544
18850,8.66350069941486
18851,6.010244519552211
18852,6.65848550347354
18853,4.856211285147902
18854,4.7908277357289
18855,8.918583393112545
18856,5.449147013316295
18857,5.8114637006074075
18858,8.60615933705283
18859,4.8552869267296455
18860,5.534249128111391
18861,2.795460803096815
18862,7.02304064302554
18863,6.6071076627241965
18864,8.205513101682666
18865,8.93940493885857
18866,8.113888222895827
18867,6.893217736207845
18868,9.19776781965333
18869,8.510535125359226
18870,4.725324163216008
18871,8.081873502301573
18872,6.175462159614765
18873,4.085734850209397
18874,5.665921190632868
18875,4.447277180616238
18876,1.6942828652126891
18877,5.746109078505016
18878,4.391852331437557
18879,7.094189691843978
18880,3.1574865110236514
18881,7.38421488548538
18882,7.74423859041579
18883,9.30683680986571
18884,4.570802551492166
18885,6.3442206239434125
18886,7.796656402236766
18887,6.264622995922759
18888,4.417417534752505
18889,5.299263374642477
18890,3.516399127543992
18891,8.869802275397983
18892,4.488508071817232
18893,9.679053202478542
18894,6.327681122462586
18895,7.787146702433468
18896,8.27845569090123
18897,5.79008386313965
18898,7.495126155754306
18899,5.13307668493445
18900,9.472491529177205
18901,4.46631015414413
18902,6.587390683843601
18903,6.318509294399146
18904,3.153512023210495
18905,4.224332929911654
18906,6.386997239551266
18907,4.8718955702664095
18908,7.553443103285983
18909,4.7449645316190825
18910,5.2025640337662304
18911,5.88668579855364
18912,5.982029585629957
18913,6.7095863685221575
18914,3.5635485676558742
18915,4.128219767039374
18916,8.503848014022426
18917,5.510885668173147
18918,6.953129355271966
18919,5.971151984762121
18920,6.709926000453947
18921,6.398604141953918
18922,7.325877669911686
18923,6.266280062184883
18924,3.908274961855367
18925,4.0677875904659855
18926,4.580775032792803
18927,6.424731794792055
18928,6.674972755315468
18929,6.42101909545484
18930,2.2533200697197677
18931,6.965296697933427
18932,7.2127394289251825
18933,3.2586554058660133
18934,7.5356946242806515
18935,1.5816825392034195
18936,8.278684843603386
18937,7.816952919750337
18938,6.966100293561079
18939,10.0
18940,4.172134280986636
18941,8.169302879775202
18942,8.48115293619593
18943,8.401156446089885
18944,3.352683009407072
18945,6.029481712373476
18946,7.393209514666291
18947,2.1053290539371092
18948,6.708509035253705
18949,6.239275617257162
18950,5.278956866347421
18951,8.087064322010121
18952,8.580953246514156
18953,7.541007509252249
18954,6.575964361624946
18955,4.918376984824926
18956,6.239453276744457
18957,5.260544400643207
18958,7.2981217719825455
18959,4.314011706166181
18960,8.066955148807528
18961,9.400360567074546
18962,6.892187913990858
18963,7.280329757925742
18964,4.563333983789527
18965,8.400275580212522
18966,4.840128616637083
18967,9.048144115285243
18968,6.241848325124234
18969,3.1152232565770306
18970,3.9563758232213075
18971,6.138081825714965
18972,6.078683926220998
18973,5.280694154736721
18974,5.93112346765079
18975,4.710676227594492
18976,9.751691319530755
18977,7.207776923635476
18978,6.292265897621957
18979,4.847407504140506
18980,6.249201148667153
18981,2.33177210306906
18982,5.346096480188066
18983,6.576314351533388
18984,2.7672487120919103
18985,6.030838139287381
18986,2.547235825825131
18987,4.139218654946755
18988,5.496658837990384
18989,6.981252669139626
18990,5.870258289444581
18991,6.592703740082807
18992,6.371779725558325
18993,9.086028979238995
18994,6.820425759083432
18995,3.7431219954830013
18996,7.7795697541956965
18997,3.1349333466112626
18998,6.305996248976624
18999,3.6890685442062283
19000,6.610791647546077
19001,3.099461587693161
19002,5.0182422089988465
19003,3.8792055507556866
19004,2.9185602092804865
19005,5.336338062800879
19006,2.650648579129032
19007,3.804658520764092
19008,2.9279157542866034
19009,4.338673521383289
19010,7.354341685499035
19011,5.504676168674816
19012,9.659681744023011
19013,6.580954209848447
19014,8.415057741547653
19015,2.6508507006561164
19016,2.240452514519935
19017,4.035025517192743
19018,7.493888180375225
19019,7.394052476142494
19020,6.544552376165521
19021,6.0740224728896255
19022,5.789763554554244
19023,3.3925475135593834
19024,7.96048458965867
19025,6.927948267493551
19026,6.3277604505395155
19027,5.643475308390016
19028,8.678807135362291
19029,2.1001694937727713
19030,6.063053194499381
19031,5.258955406787823
19032,4.032593532999278
19033,6.189463813586677
19034,6.576937228051554
19035,6.804960566740883
19036,7.35153728276358
19037,3.6448432460856672
19038,7.025270239479399
19039,6.492878646484968
19040,4.823713710439158
19041,4.524017887869438
19042,6.994149563894605
19043,5.788288624661234
19044,4.768974190340266
19045,4.663484067200136
19046,5.508042619312327
19047,6.390992650735258
19048,7.445195777963603
19049,6.895139653960667
19050,4.625822107650085
19051,4.867009333565905
19052,5.830664647510734
19053,5.589401040301619
19054,6.806087358736102
19055,7.184181148764074
19056,8.30965539513269
19057,5.2855811872849285
19058,5.897568262626059
19059,7.5255530279069776
19060,2.634854607289122
19061,7.205747950950673
19062,6.639198510147942
19063,7.0236201748147495
19064,9.990129777585803
19065,1.0967422511562208
19066,3.852224209803501
19067,8.116762956525491
19068,7.810079409277819
19069,6.818067903475685
19070,5.999726549915183
19071,5.6047638792953585
19072,9.622053273535526
19073,7.075109945082767
19074,7.5468553230119415
19075,5.115771173042981
19076,5.669962172647858
19077,5.563588199754767
19078,5.77291299358474
19079,6.50537857867347
19080,6.14950465723787
19081,4.146626182965622
19082,4.579531495441406
19083,7.290828296131056
19084,5.887557682717359
19085,3.5855226039130534
19086,8.557567850735767
19087,6.204333772118124
19088,2.4474020676837673
19089,1.8477154271172396
19090,7.576250359509816
19091,8.22707419530707
19092,7.1429967497560725
19093,2.0443942558597046
19094,1.8724943373556209
19095,7.251616851416164
19096,3.770333042634637
19097,5.621915213280407
19098,7.4969350739618985
19099,2.8798332573101506
19100,3.0466086140260034
19101,6.72756510542119
19102,5.532749891316867
19103,5.84027509116204
19104,9.051860712227079
19105,5.864224942288179
19106,3.9511676530653235
19107,7.005563061728897
19108,6.618824722226114
19109,5.438643788364219
19110,1.7815636426886878
19111,7.487443067332014
19112,5.133030856501333
19113,2.760407037945668
19114,7.060435171203601
19115,7.256663972737984
19116,7.26758862866968
19117,8.372014822575395
19118,4.818303555210701
19119,9.11568875985159
19120,7.726547446213208
19121,9.114965737561047
19122,6.849519555529929
19123,5.277912421240609
19124,8.69754036659925
19125,5.004068164436619
19126,5.339872475572035
19127,6.999856054745689
19128,3.2404824491013438
19129,5.298620976512991
19130,7.276034781264174
19131,6.833757863690137
19132,6.0383541120722715
19133,7.765255556719398
19134,3.4729229692987693
19135,9.240120994462796
19136,3.760490480878988
19137,7.652426338948682
19138,8.109116572097369
19139,6.241823863961224
19140,5.706237678473662
19141,9.487093239616305
19142,5.084284910031974
19143,8.941447013312729
19144,2.8272998772458826
19145,4.802081125520522
19146,2.6719900770545824
19147,7.062175847857216
19148,8.018970413247699
19149,4.535150406598353
19150,6.807929066907609
19151,8.942164809743248
19152,6.7965679808316395
19153,4.857251466737611
19154,7.589622919156378
19155,3.815835599665008
19156,5.492437617349222
19157,8.095385528004574
19158,7.068433736932374
19159,3.5217318158330806
19160,8.692857176516032
19161,3.799651608188129
19162,9.421561828997799
19163,4.931887931271976
19164,5.282069688616167
19165,6.640714770285143
19166,3.768096780533135
19167,6.36071120008172
19168,8.394645141444034
19169,8.013045331624586
19170,6.631658118682003
19171,6.38496776783914
19172,8.34532400256866
19173,3.8491266067899907
19174,7.7638693435233765
19175,9.418471105943427
19176,6.335850287046655
19177,5.3982014402484655
19178,4.71078719911579
19179,6.142901537084596
19180,7.182003219257284
19181,4.952659840627822
19182,9.184782000190724
19183,8.575187809145206
19184,4.810109878288254
19185,2.019812892856424
19186,7.874615087365294
19187,7.645431160285725
19188,3.7974897195671096
19189,3.265243700494911
19190,7.921542808045959
19191,6.082272996271
19192,7.119582605836778
19193,7.877768130753799
19194,1.8108753027761761
19195,4.0511591304116745
19196,5.337184389424747
19197,6.531615033001356
19198,9.004820705775995
19199,4.748778588963766
19200,4.310263501421497
19201,6.682001766927973
19202,3.2722693303558605
19203,5.231243554713651
19204,8.675665464431429
19205,6.894529835033365
19206,6.19116831122179
19207,6.81078418256119
19208,3.579217668556551
19209,6.140516865251465
19210,6.769862297967045
19211,5.931644831511076
19212,4.737450922381979
19213,7.7896120006010765
19214,6.459489591492627
19215,3.8801910623574116
19216,5.917734463978075
19217,8.17438397613661
19218,4.362842367064671
19219,9.598900896691493
19220,6.944857570026608
19221,2.583013512314459
19222,8.157510537275504
19223,5.4490825857226515
19224,5.048348995353374
19225,7.293420276427791
19226,2.651334905067263
19227,5.543202302691597
19228,3.1598427459027456
19229,3.686702226667748
19230,4.121195853277351
19231,7.221293274449971
19232,6.94620166024811
19233,6.9915734938482945
19234,9.203228082610583
19235,7.247891440599739
19236,4.7050276647362
19237,3.234268209536766
19238,4.896742889642599
19239,3.748190097372911
19240,6.40180008467391
19241,5.424148228823886
19242,2.9292005607273226
19243,7.645179594277519
19244,7.962697045798832
19245,5.617383981931441
19246,6.424090303599381
19247,6.654347660886043
19248,7.256135658317506
19249,8.877925943896496
19250,5.631354327772567
19251,6.781398046746415
19252,3.465440207980767
19253,6.122205183960234
19254,6.803922652116927
19255,6.184087407584349
19256,6.218726788456303
19257,7.708436129340493
19258,3.3051276718376537
19259,4.752987491822348
19260,6.744265036923269
19261,2.318541110083848
19262,7.3584461394431715
19263,8.342577945688026
19264,2.750020874121121
19265,1.9222806396972878
19266,7.5819175730759785
19267,7.981264075174623
19268,6.1563450548132455
19269,4.570863516758635
19270,4.455452844064333
19271,2.803775654902927
19272,5.63385309404988
19273,8.15016892324481
19274,2.6156578144359424
19275,6.0939568826791675
19276,6.6607415366495974
19277,7.596798465452868
19278,5.4522002308892015
19279,5.5361630989298645
19280,3.9620350179534647
19281,2.0943132773321786
19282,7.311116847036528
19283,5.45544772711433
19284,2.184492582435456
19285,3.7255685347939034
19286,3.982388661037683
19287,5.6422210239985215
19288,6.816333104135235
19289,2.1947115482682795
19290,5.4692337832191935
19291,7.141331338515096
19292,5.829696364764664
19293,5.499904782094426
19294,8.490894077477545
19295,5.136721661636223
19296,5.027517680426341
19297,4.8610097463961965
19298,6.513515608592675
19299,6.279601096317267
19300,5.992310743399562
19301,7.166751503846619
19302,5.011661535334669
19303,7.032146911826018
19304,2.951549204749685
19305,4.7737091591952865
19306,2.2259080475037463
19307,4.875923450069027
19308,7.848183842598445
19309,1.6066324596807866
19310,6.605651703608442
19311,5.763258043933203
19312,3.833410747140492
19313,7.086087745490124
19314,7.107034357412344
19315,3.0894406365145963
19316,6.00653967873023
19317,6.1685565938841425
19318,2.623409648236893
19319,4.296820728122502
19320,4.428899937916133
19321,7.9269227165679865
19322,3.067056689046992
19323,5.240680919459543
19324,6.552674174063583
19325,6.502080559736046
19326,5.710143687288783
19327,8.099324391421137
19328,4.915437259512396
19329,4.905809829931779
19330,7.368129201786021
19331,4.43067268652329
19332,7.45035256183576
19333,7.770018787764448
19334,7.86359751189149
19335,7.04123100607961
19336,7.97091265435715
19337,6.740591939598437
19338,5.158226163839364
19339,8.165852734852466
19340,6.052508773165166
19341,4.211300890223901
19342,3.592131467205654
19343,6.026340040909342
19344,6.26294115703292
19345,2.863425095064676
19346,5.817811835430962
19347,4.748470529124333
19348,2.835147425622172
19349,6.669888931379445
19350,5.5148562949025575
19351,3.229759405579224
19352,8.91664373245457
19353,2.1644105487105536
19354,6.495795545762562
19355,6.638445547267577
19356,8.005628652119043
19357,7.779071800197944
19358,6.576551604421695
19359,6.8325181307084595
19360,7.7357221220652
19361,6.711204150082769
19362,3.614416463399631
19363,6.220511170849172
19364,6.029681001202078
19365,7.286134862872906
19366,4.677365151735943
19367,7.441761661179972
19368,7.951292000537554
19369,8.689842045931174
19370,5.113547873003765
19371,6.269641624601552
19372,6.042194010628615
19373,7.144876776130543
19374,8.143439328189206
19375,6.3417826326093465
19376,4.868886150473455
19377,4.188684697852775
19378,7.050522964195065
19379,5.429630465611225
19380,6.495975249254933
19381,8.624633003682133
19382,7.845527630158189
19383,7.172661964645458
19384,5.818608887559149
19385,2.624458735619146
19386,5.972257619527968
19387,9.309998708471932
19388,5.888897211879802
19389,8.575557141377434
19390,5.140769545979113
19391,6.686440749052835
19392,3.902809280815083
19393,4.209229259874651
19394,6.726655366592256
19395,4.649441998121667
19396,0.966074568812439
19397,3.8572408357778665
19398,7.823643786448014
19399,4.583861370284097
19400,5.439840547348564
19401,5.812284973316203
19402,8.591271637598945
19403,5.116191295939068
19404,8.24133733815567
19405,4.544323259536755
19406,4.5333068150098725
19407,6.566107056935573
19408,2.520473419273633
19409,6.89982163908652
19410,5.774027803054291
19411,7.387249750556633
19412,6.421015432926994
19413,7.737577917733032
19414,3.4151921379508723
19415,7.546069997207671
19416,6.389282595921204
19417,5.268248334618878
19418,1.8237063063117631
19419,7.641696147195278
19420,6.20209342767411
19421,5.582534756262049
19422,4.707371988692617
19423,7.515149338173677
19424,8.11735136558411
19425,6.839608705532993
19426,7.079401392957584
19427,6.1557165190883705
19428,6.545234618052729
19429,6.706551541211202
19430,5.615929508107189
19431,5.886281721550729
19432,5.868106382653243
19433,4.571901750391492
19434,8.765565478309927
19435,5.188666929218565
19436,7.997568596134206
19437,5.293409415028405
19438,2.9927480936505892
19439,4.4631600840650165
19440,5.729943226294884
19441,6.370495780394931
19442,8.12361595084823
19443,5.682193931465732
19444,6.9673249907480965
19445,5.753880547084232
19446,8.633385098844247
19447,8.312883046624007
19448,6.698339435658402
19449,9.291056491076898
19450,7.659026499126933
19451,7.985857676251072
19452,5.514019794753646
19453,6.276858462682763
19454,3.9423914586553024
19455,5.391452859598848
19456,4.594423960001172
19457,4.05937042045915
19458,4.105095515405204
19459,6.105481703301928
19460,5.73826486072341
19461,4.593263809790097
19462,5.845360834607865
19463,0.6017998009734489
19464,6.59307504465756
19465,6.959143071594018
19466,6.784381540246616
19467,3.9520431352623895
19468,5.382389609296011
19469,2.3210664773771255
19470,4.858769978307724
19471,9.095505710858491
19472,3.861512407634797
19473,7.047820279636452
19474,8.673020381600349
19475,4.537525660703866
19476,6.0851347154418125
19477,8.158538111822308
19478,3.4752734585532536
19479,6.72975779708599
19480,5.830270688725488
19481,5.873096754835977
19482,6.429987353440254
19483,0.1699247900728006
19484,7.514872698267145
19485,8.214622010083318
19486,6.2936994953537875
19487,5.796822305771866
19488,8.040536945737728
19489,5.814487577114603
19490,1.930326356126919
19491,8.19301638020956
19492,7.741927421249758
19493,7.695960624567756
19494,6.795846020802247
19495,8.901723789179028
19496,6.981964311596497
19497,5.474838625628555
19498,7.923690476838249
19499,5.987115553706441
19500,3.6415219558815908
19501,6.234857942156828
19502,8.816891686066759
19503,7.01086331262871
19504,5.477757654755722
19505,7.18723973038964
19506,6.010489656769054
19507,6.764750032714865
19508,6.060479266525427
19509,4.123669523033894
19510,8.459184618997416
19511,3.7304849909402877
19512,7.670690350971638
19513,8.476917684089392
19514,8.53647409706391
19515,5.940404924540315
19516,3.1304057216576107
19517,8.585696927338017
19518,2.336090441135491
19519,6.855654430255416
19520,6.724860931713375
19521,3.6676215282878375
19522,7.764513112894366
19523,4.027641670104414
19524,6.385301302317066
19525,5.597591147016398
19526,8.03440876168953
19527,8.427861944356422
19528,8.48748430753903
19529,6.11382803128569
19530,3.2394359023732315
19531,5.2917360100273445
19532,7.041067236785662
19533,6.954226960422163
19534,9.050312881066843
19535,7.328434805912764
19536,5.799879523107434
19537,8.479365394716472
19538,7.907387189938396
19539,7.120111747217439
19540,4.93493503211251
19541,7.228018850013129
19542,4.951470429212802
19543,2.0388901296068185
19544,9.95930082146652
19545,8.951986746196049
19546,3.755212331995884
19547,6.778104153091954
19548,5.5154590732585485
19549,4.99245554172434
19550,8.434608436627475
19551,6.87815023501088
19552,6.027317586411564
19553,6.149343758855856
19554,6.363668711482536
19555,6.050963235600385
19556,5.280638273448885
19557,3.9511939646837577
19558,5.222057022542652
19559,9.540852194741218
19560,8.38220701793909
19561,8.319601679439582
19562,8.341633739718574
19563,8.076551857466594
19564,4.064877507168479
19565,7.738283105667255
19566,8.35077184717913
19567,8.03500286887384
19568,8.143171339960437
19569,3.2697098571679404
19570,5.947062143218981
19571,6.1313494737306415
19572,6.7313837304022694
19573,7.137311281779164
19574,7.984588368569854
19575,4.6672525940604
19576,6.99620890129066
19577,3.6233990627931734
19578,7.963691709028853
19579,8.113433572301169
19580,7.907630039722628
19581,6.50383631472166
19582,3.5559173134352258
19583,5.300277951102521
19584,3.3282076841223116
19585,8.776366132283435
19586,4.10303962542879
19587,9.528413077397929
19588,9.615175029797232
19589,1.6411782503196037
19590,1.7659512642300275
19591,6.267227439833787
19592,3.7912774179479682
19593,4.073843360719494
19594,6.158699634376867
19595,7.881522809979285
19596,5.297177363238738
19597,4.483935726328626
19598,8.279991329887386
19599,6.4779636613429545
19600,4.741130590689636
19601,5.63005571677498
19602,3.825757650933847
19603,1.9514546003854405
19604,7.551183518334263
19605,8.549104856139696
19606,10.0
19607,9.149966424650685
19608,7.920673505787198
19609,3.517876129923414
19610,7.381939470314835
19611,6.310939849949965
19612,6.960821140551215
19613,4.185648212005635
19614,3.6554285191335034
19615,6.221062161156994
19616,5.46737502522838
19617,4.591375220680419
19618,5.938525871425464
19619,4.227081397466293
19620,6.849007276918708
19621,6.111001098622603
19622,4.490542598674675
19623,7.977815145408852
19624,5.289463239159813
19625,5.925395091115244
19626,4.638934652268064
19627,4.64476476144267
19628,6.699643661009385
19629,4.953557496028874
19630,6.315180531152775
19631,6.209575306548055
19632,5.5831302069194955
19633,3.735496585934765
19634,6.407298112740216
19635,4.045772308572251
19636,6.270914506594346
19637,5.348301506877265
19638,4.947117265885042
19639,6.134279786883177
19640,9.275515444548397
19641,5.721571633446612
19642,6.928229171992998
19643,4.514855160876772
19644,1.560686799989934
19645,5.776215130671252
19646,7.398260259775992
19647,3.142578478259547
19648,6.128684089694975
19649,5.463869885528763
19650,7.162000258350886
19651,4.326767802871292
19652,4.469423762931892
19653,5.590257069592407
19654,5.767374575232712
19655,4.826211999498497
19656,8.883554256287638
19657,8.420495445418203
19658,4.160919913263295
19659,6.902786059932805
19660,2.88523358042003
19661,5.289715098535011
19662,6.447864032128102
19663,4.784172179220193
19664,7.934384274775077
19665,6.807285272263168
19666,6.691795936688173
19667,5.524869770697199
19668,7.744342404603048
19669,3.614324718687308
19670,3.922404205998041
19671,6.849216734331722
19672,6.45196077673716
19673,4.526557463301154
19674,7.808970440391048
19675,8.943961395106452
19676,8.034218935839089
19677,9.247725545545189
19678,4.741878489789844
19679,7.0309483787034015
19680,7.401174630789223
19681,9.436152994893217
19682,5.453457364873481
19683,2.671296498027819
19684,4.4088446347179415
19685,6.851547423057212
19686,5.507923704991799
19687,7.108729448723421
19688,7.185085493390377
19689,8.77832066407532
19690,2.2388527470551036
19691,4.792123712926976
19692,9.254713906693688
19693,8.540427779759545
19694,6.6286197963317
19695,1.5579100670702195
19696,6.768801253927582
19697,5.426016915819102
19698,5.470814707952307
19699,3.171176721168962
19700,7.674713649352109
19701,8.622464710956981
19702,5.451912760002371
19703,8.495963907520245
19704,7.840091912632947
19705,6.641777381477754
19706,6.7569316906949455
19707,4.631122013413638
19708,4.543753406477881
19709,4.414779346150205
19710,9.576706692439675
19711,5.243304967399588
19712,9.05481146793999
19713,7.585819964068511
19714,4.539932397444721
19715,6.938771559474513
19716,8.180482563380561
19717,6.7734217288957215
19718,4.050605297085139
19719,3.677906441115224
19720,4.744180275400856
19721,5.376841653265062
19722,8.01054163993436
19723,7.74412421700095
19724,5.130476267974276
19725,8.223133693980278
19726,4.5585645449748515
19727,4.248975751466675
19728,0.44045501756763256
19729,5.740431284562004
19730,8.02530157811025
19731,5.437406172918242
19732,5.1721464813711595
19733,4.427573721259021
19734,7.223313811545109
19735,8.150939355583422
19736,3.541589568149979
19737,4.61807853829012
19738,3.193597426098779
19739,4.99593451624313
19740,7.146660473854601
19741,5.76371310078033
19742,4.347045378108997
19743,5.960687695622591
19744,6.073241073853574
19745,0.9856911278385233
19746,3.120463777740145
19747,8.400095043872206
19748,1.870251999805437
19749,4.774615854536108
19750,1.7961369391219388
19751,8.045573771250211
19752,4.342833787041302
19753,7.461163929973298
19754,5.750656739865651
19755,5.8130413291284855
19756,7.443566350665695
19757,3.6634392216697877
19758,4.2609733038356
19759,6.199338823959222
19760,7.1742112036181656
19761,6.474027841110599
19762,6.205127408307492
19763,5.981811222361086
19764,4.831467012236162
19765,7.084242204387425
19766,6.947595944852995
19767,7.519203251843258
19768,6.530335272585766
19769,7.33713130778778
19770,5.752495721623042
19771,4.162869570124736
19772,3.557428101472594
19773,5.628154470897323
19774,4.231495261623108
19775,3.2681091558890345
19776,8.919824935983403
19777,4.757554623864306
19778,5.755627557772033
19779,7.506586820892362
19780,3.918422077951638
19781,5.670603632644534
19782,7.405625132003533
19783,4.094527612546033
19784,7.864314243220889
19785,4.639784907095435
19786,5.4900145561230875
19787,6.573573037371427
19788,6.648167022657276
19789,6.795926133945935
19790,7.205155992628038
19791,8.039346405462544
19792,5.894074881237045
19793,3.701641155283265
19794,7.384925593584901
19795,7.359247165724318
19796,2.7463207381418755
19797,4.822911136220609
19798,7.407228069248305
19799,3.3058601998007147
19800,4.508967281831007
19801,5.501122022970955
19802,7.981396924591733
19803,7.192477293240792
19804,5.489442809442626
19805,7.0859385778982515
19806,9.39125933649159
19807,8.302493138097244
19808,7.965005588146605
19809,6.050564070265386
19810,3.9359711506890305
19811,4.540401195798333
19812,5.137032528933647
19813,6.498503564110739
19814,4.058599463129505
19815,7.741498992482173
19816,3.32361114608376
19817,7.468077288821097
19818,8.412718402820973
19819,6.166772026128097
19820,5.228442317679055
19821,5.4662290529678845
19822,6.308494852068512
19823,7.4905179048587955
19824,9.23217996693626
19825,8.344132846954107
19826,8.477393896122896
19827,4.104729101730466
19828,8.384858988824854
19829,2.251134021980814
19830,2.5710052868205175
19831,5.601309660405033
19832,4.018997990685952
19833,5.592639752372946
19834,3.79354079322339
19835,8.575042283861091
19836,6.996810135332171
19837,3.0985188712767906
19838,4.034700199234526
19839,9.014249908398691
19840,6.895786606066574
19841,3.8605877978590555
19842,7.748123280371582
19843,6.168325743356052
19844,5.720112695943514
19845,6.967280661436345
19846,8.204314444495457
19847,9.161729086642726
19848,7.76857668226252
19849,6.20710677255814
19850,4.175623684700183
19851,6.136886966132449
19852,4.985420832492052
19853,8.087928208375024
19854,5.94410964487475
19855,8.343383344125483
19856,8.907793184953222
19857,2.9005141180254075
19858,5.476040419383176
19859,3.2593624549019884
19860,7.828711011121705
19861,2.4183954247576773
19862,5.801061902814802
19863,7.162385340972262
19864,6.456627018943631
19865,9.60159584390924
19866,7.847996336189998
19867,3.6305556930566767
19868,4.269375430296661
19869,6.426548441778612
19870,7.786213624779288
19871,5.699484054490537
19872,5.861831515767163
19873,4.389277105007752
19874,3.441073248241247
19875,4.9362569673618495
19876,4.742020468613484
19877,8.257289016448706
19878,8.606696099070367
19879,5.181114713896307
19880,7.177101730147801
19881,7.434711332182483
19882,7.116452672579077
19883,6.231627234807259
19884,6.4668225451511265
19885,6.1094504304700035
19886,6.092274689023401
19887,5.995809545675706
19888,6.347491309461681
19889,4.2914778996976235
19890,5.793188844386878
19891,3.927572874627979
19892,2.0913929104129005
19893,5.613421026412243
19894,7.805799055921644
19895,7.4395632534543665
19896,5.133049416307336
19897,3.5854283728318705
19898,5.412629510630434
19899,4.967272816341481
19900,6.503153563825211
19901,6.2952192251013415
19902,7.994169517243857
19903,8.366642040805216
19904,4.400453159806601
19905,10.0
19906,7.187695699189528
19907,9.088514005926456
19908,5.27153551193309
19909,6.257977240279837
19910,6.0957262085480295
19911,6.011813870739994
19912,6.329599347611267
19913,8.038968581498748
19914,4.2531541788714735
19915,6.397785667330258
19916,6.67850706985534
19917,5.467736533782368
19918,4.437597942368828
19919,8.213833295417544
19920,7.97944722084358
19921,7.687988127424582
19922,6.924835945869956
19923,7.262149389294184
19924,7.1112640294115534
19925,6.526720933295458
19926,4.128091024015516
19927,6.96483146709011
19928,7.092054180177046
19929,5.469041829232482
19930,8.025934710904732
19931,4.57890928423568
19932,6.747449940225657
19933,8.332746559367882
19934,7.7360762710501305
19935,5.0104762731908155
19936,8.3877722849427
19937,8.10941541437418
19938,2.7556399061430263
19939,8.18694058174394
19940,7.571579582810799
19941,8.860210781909302
19942,5.015727361278608
19943,6.8454410236921035
19944,5.849705570882485
19945,3.7113421791856105
19946,4.5280330855445055
19947,1.7086320782410351
19948,3.2516094834379246
19949,5.5530742205213155
19950,8.523799039421165
19951,3.8183362337190005
19952,4.107246549860402
19953,5.725015444439256
19954,2.082405521402186
19955,6.012066247696959
19956,6.947457209364936
19957,8.555755228331815
19958,8.060944291736007
19959,8.499456433032089
19960,6.022228441489231
19961,4.257221148612636
19962,4.651020330417343
19963,6.490116085199803
19964,3.4288879832011716
19965,5.538606364715539
19966,2.350346017442925
19967,8.650640545627018
19968,4.654718402601911
19969,7.015737448818929
19970,7.348752963186271
19971,5.2765314853160366
19972,6.37389001421915
19973,5.549164016608383
19974,5.535076035370684
19975,2.144886996239458
19976,6.034781663495209
19977,3.1354866466385656
19978,3.841115176975984
19979,6.991191635876797
19980,2.8977470073006786
19981,5.725514320288966
19982,7.2685602923138175
19983,6.499603615150869
19984,3.938472831825095
19985,4.93404537138414
19986,7.653898893475992
19987,8.472098965737493
19988,4.929579908679662
19989,5.032821627019981
19990,8.577222276130064
19991,4.242906936904071
19992,6.617569318192229
19993,6.1501212908257985
19994,5.949852065483096
19995,8.417942942066286
19996,6.893510828544623
19997,3.481780291804842
19998,3.8751682229022406
19999,5.289674671999469
20000,6.891254001732006
20001,8.736667933362119
20002,6.166514704267034
20003,3.445365241170542
20004,3.4217119815095067
20005,6.059283169072355
20006,4.328276104942008
20007,5.34247752424258
20008,8.463589761482378
20009,5.643660875940233
20010,6.598777271410759
20011,5.6124290973344895
20012,2.8840369936077614
20013,7.0650956578380475
20014,1.6191093135864996
20015,7.741167283708094
20016,4.3684633605332035
20017,3.647765247208099
20018,9.956176795991977
20019,3.775641920193692
20020,5.483837562593428
20021,5.135134316097282
20022,5.764588286665402
20023,3.5424016672326673
20024,6.340271549627905
20025,3.090833106303495
20026,3.8778272671962575
20027,8.281539753597034
20028,8.420116205433763
20029,7.1585477242142135
20030,3.03970298862696
20031,6.789590445523059
20032,5.388363619856465
20033,8.722888993808152
20034,7.87656153780807
20035,4.7650367671574525
20036,8.03366844559296
20037,6.069326547174625
20038,6.103950347419647
20039,7.840367565859266
20040,7.215963528777452
20041,9.522236800090681
20042,8.387393515731052
20043,4.835246984142804
20044,6.874620275174666
20045,2.674480855952462
20046,5.897228424765371
20047,4.446388150507884
20048,7.324186388184891
20049,3.0720118696975502
20050,3.7191494378615864
20051,5.615580173881397
20052,6.76247820171393
20053,7.345950791039949
20054,5.143619417667104
20055,4.095009741959041
20056,6.578105573434246
20057,5.400783399446372
20058,5.731021707819412
20059,6.822393710664727
20060,6.225183637738102
20061,4.879490459642282
20062,5.336648519775215
20063,6.113592598946417
20064,2.0112707866969353
20065,5.400805870696023
20066,5.345104940773412
20067,8.690000271203377
20068,5.493877677771742
20069,4.9763939293994675
20070,3.6506054259644016
20071,6.853866114653246
20072,6.141255042047602
20073,7.489445608471856
20074,7.646853824903337
20075,6.712310694660293
20076,3.1046025609863706
20077,3.771405766760201
20078,9.254063298720528
20079,6.241357415487461
20080,7.435363587613746
20081,8.728857411428773
20082,6.332051250645129
20083,4.464559742401521
20084,5.597670006925694
20085,7.255547234022025
20086,6.950102914503132
20087,6.830824826301521
20088,5.939016342049881
20089,3.6885085437716585
20090,2.841586787987395
20091,6.284659471076567
20092,7.93881893651441
20093,7.288082985477958
20094,9.449722650046825
20095,7.71328507996815
20096,8.069967977995812
20097,4.883013645362851
20098,7.7549542338360595
20099,3.984345168836872
20100,5.003227956228012
20101,4.670298960686007
20102,4.026357192239163
20103,4.144005008637715
20104,5.839861619616893
20105,7.860259718182339
20106,3.7919989895302337
20107,5.009167425485085
20108,5.758112248393527
20109,4.14895192447725
20110,3.578545427674304
20111,8.262950882701357
20112,3.5319129897581583
20113,9.646798035265368
20114,4.261554502361008
20115,4.888546312650168
20116,5.240747589865229
20117,5.050177775056456
20118,2.961926098452622
20119,5.409013887244875
20120,6.935213349939938
20121,6.4925388819936405
20122,7.029165764760862
20123,3.469107991859137
20124,2.653019984240122
20125,6.922255674843184
20126,7.479255941670208
20127,3.3853569909534706
20128,6.857442984169012
20129,7.736663237238541
20130,3.7285615047235714
20131,5.831708355371
20132,6.770826971645322
20133,6.380444584201397
20134,5.582067031821119
20135,8.877749195944517
20136,5.602310152270156
20137,5.280189913167872
20138,3.6021746738662594
20139,9.398248588779387
20140,2.2311655992998003
20141,4.195169146731969
20142,6.006748776038764
20143,9.350718090725751
20144,5.61980774636074
20145,8.09901389646446
20146,8.542855581210395
20147,4.971890001691646
20148,4.773929164973103
20149,6.068525441285342
20150,6.28996526834302
20151,1.5629538392844287
20152,6.091317318265577
20153,5.247780552340942
20154,6.86921406494862
20155,7.114727163780306
20156,3.1281519622892597
20157,2.6300015082004693
20158,6.207797039482388
20159,6.199183606521999
20160,2.481950456970183
20161,4.476960959643816
20162,6.463813467403885
20163,4.636840640570382
20164,8.35440452303445
20165,9.502061704458377
20166,2.165735759239031
20167,3.5200534010793283
20168,6.8774907405008125
20169,7.805384508107617
20170,5.6204253825009
20171,4.604310650192733
20172,4.461998278776587
20173,4.62328082296841
20174,3.523065368304818
20175,4.9412856977040995
20176,7.807914519919502
20177,8.695518010048726
20178,1.9307827249265337
20179,7.989616384007012
20180,6.004326089243493
20181,8.609566762061789
20182,5.6618123037942585
20183,8.648916626892156
20184,7.058192258578015
20185,6.370036434890784
20186,6.525772261759771
20187,6.425997254171213
20188,5.7746815471095285
20189,3.037831744885468
20190,4.216966366032681
20191,5.731248415398847
20192,8.434927436908616
20193,7.392701401521945
20194,6.3764502315915434
20195,6.9773760114898495
20196,5.493180826230686
20197,6.566224169376686
20198,7.5324999404901005
20199,9.096215298023713
20200,4.728521344532981
20201,8.367719401646344
20202,3.15082691867167
20203,6.658791418035827
20204,4.76498866168126
20205,7.208573503940171
20206,5.149622240189498
20207,5.981240157649519
20208,3.2753375138860163
20209,6.995230827994274
20210,8.514246847385456
20211,5.9160051709885595
20212,4.282775182687389
20213,9.020882938910626
20214,4.489853814239522
20215,2.698779990902994
20216,7.271685001442123
20217,6.62100555077878
20218,7.13353787244351
20219,6.296634754058997
20220,4.434023946699186
20221,5.761019512957352
20222,6.878301944330991
20223,6.243593280863804
20224,5.797385489845206
20225,5.351881923242941
20226,5.301271929650608
20227,6.374387763826656
20228,7.862849128456642
20229,7.718325571982426
20230,6.136078156408249
20231,8.044550112269999
20232,7.185690537042726
20233,7.179746747683699
20234,8.836719108841063
20235,5.1754685612166655
20236,6.807722609855276
20237,3.7980071945532705
20238,6.642910219691755
20239,4.737723773142571
20240,5.09688629294739
20241,2.10117955627487
20242,7.043183944245364
20243,3.736199633520384
20244,8.321137748301407
20245,6.576194283199165
20246,7.02040357609981
20247,6.2562418343783595
20248,6.036506553685257
20249,2.3881745082950756
20250,5.770690740086711
20251,5.158038266154749
20252,6.750015767748607
20253,6.675476315666948
20254,3.140906164262293
20255,2.5163928937915587
20256,5.981010771801133
20257,2.348707363491401
20258,1.6727633333364964
20259,5.218945699617094
20260,7.942055986240343
20261,2.88843612864462
20262,6.17241452777609
20263,6.441460732573546
20264,6.4508346240600245
20265,9.291667321312817
20266,3.404020473342854
20267,7.368470848505309
20268,2.7514177185723008
20269,5.010639362781984
20270,6.026463262781822
20271,6.595261089080216
20272,5.587917289969365
20273,3.8605533044264377
20274,1.4673111719572816
20275,9.99851277982348
20276,6.835224129501148
20277,5.818684691052973
20278,4.515569073051985
20279,9.770812789956002
20280,5.393305656338984
20281,7.004869942387583
20282,6.869074559894315
20283,7.5556342526446
20284,4.122814620637451
20285,7.742129041862739
20286,5.918368755973942
20287,6.565873043315051
20288,3.7359988425973043
20289,5.333463765092632
20290,6.180624919502285
20291,5.198290654513923
20292,6.313036735692023
20293,7.704541143156879
20294,4.5422387813319585
20295,6.9937937228435825
20296,7.159631841641267
20297,2.9431347047371292
20298,6.475366689777109
20299,4.697453337905177
20300,6.109603195480956
20301,5.166636293291452
20302,6.725628848523233
20303,2.274595843445239
20304,5.561887032125748
20305,8.608593131770727
20306,4.797291105436081
20307,8.552389129312715
20308,4.378680456130353
20309,6.09173039128858
20310,5.8797715233457835
20311,4.583208758089761
20312,7.122561830295746
20313,8.213747769802946
20314,6.184435394180882
20315,6.715048327882611
20316,4.10850031641977
20317,7.395971450448625
20318,4.937675648671006
20319,6.907728822827378
20320,5.824585012428398
20321,6.405811421716979
20322,8.028859029849688
20323,7.8393882271545365
20324,5.174635289240284
20325,4.94050463731774
20326,4.680951087160199
20327,7.445615630917471
20328,4.232579558629825
20329,6.700127279772791
20330,4.319463947415404
20331,5.799378726386208
20332,7.263903708993172
20333,9.668911339430576
20334,6.872605266795576
20335,6.433373762797724
20336,7.5197615441956005
20337,4.0708063404108445
20338,3.379577431517788
20339,4.898070246301494
20340,4.664218792554232
20341,7.357934152644404
20342,5.990851510672643
20343,8.039437492558111
20344,5.896913634451211
20345,7.4601396916906255
20346,7.280499913844348
20347,4.500322854628398
20348,1.9799834973581174
20349,5.923719337386217
20350,7.100842427447067
20351,6.908115663037345
20352,8.192251528707217
20353,6.596006135544843
20354,5.412664602557032
20355,8.232539296403903
20356,6.393462741646862
20357,4.3191861418663064
20358,6.460782294271266
20359,8.390530537266429
20360,6.46003775789776
20361,4.381635187081494
20362,3.4886404042472576
20363,2.6492326707372387
20364,5.835700956471856
20365,7.5770257612802565
20366,8.20292219059208
20367,5.733595432025664
20368,5.386961078305751
20369,9.282239350414033
20370,4.268105845791514
20371,6.0244675479568395
20372,7.4507386322810785
20373,7.178935482183635
20374,1.8674894178528134
20375,5.167986976285318
20376,3.692038130804023
20377,4.563574662832475
20378,8.107435231041231
20379,4.573234407455495
20380,1.5212686847067016
20381,6.7422053211350725
20382,7.492237877386643
20383,8.928092396338599
20384,7.70469973267596
20385,5.331033012759821
20386,3.820288041752584
20387,4.798059210787563
20388,4.029262309912047
20389,4.184391413802268
20390,4.739140476991369
20391,5.6779696876659465
20392,6.904457175483995
20393,8.83481231261725
20394,7.984425423453473
20395,6.731721443724153
20396,8.253021185423616
20397,3.5100069330941537
20398,3.672609098610556
20399,7.873757640021543
20400,5.435559861542652
20401,7.405149586617732
20402,7.629369758204554
20403,6.380152376647091
20404,8.97734841457322
20405,3.1679930163256476
20406,6.639195546517927
20407,7.064247428200079
20408,6.056929185540987
20409,6.037004506987536
20410,4.92290359822673
20411,5.4779336693849
20412,6.688711583681981
20413,4.505897125087134
20414,5.3388963471257815
20415,6.522407649925711
20416,7.863542049655561
20417,7.14592865071194
20418,4.236963655044883
20419,6.3537241604112795
20420,5.927416320154078
20421,3.616539014145124
20422,8.340432986782119
20423,8.220185569077902
20424,7.3517598635762536
20425,7.725882143550874
20426,5.29777890638754
20427,4.930675714601288
20428,8.748219884031087
20429,3.787812174740039
20430,4.564967519868196
20431,6.144421759441785
20432,6.534138760120534
20433,7.271021118802016
20434,4.5861033798687245
20435,4.756266984151377
20436,5.268807535004244
20437,4.723432231406335
20438,8.355362315144443
20439,9.272060419441306
20440,5.297383170643741
20441,6.879867609423238
20442,3.846453374041007
20443,8.093195293711451
20444,6.160548650368718
20445,7.141063427439905
20446,7.376446049815359
20447,4.26261944658121
20448,3.3021065481710465
20449,6.687745336053863
20450,4.771310038607434
20451,6.409726239821291
20452,7.602970932385746
20453,2.931478865192184
20454,8.70802780157866
20455,4.5015313469057725
20456,5.757956235701636
20457,3.1245883820379343
20458,9.212576523096976
20459,9.009565383279156
20460,4.645861441556839
20461,1.4563799039109584
20462,7.162274544185182
20463,6.437147395998356
20464,2.9097769094389427
20465,2.846286958846003
20466,9.411845214929523
20467,6.05930176684709
20468,5.372156039152827
20469,6.22521657734112
20470,3.6799503591269187
20471,0.8253687402024982
20472,5.414251600519758
20473,4.882508172469297
20474,6.770621352212591
20475,3.844530337497254
20476,6.318551221230877
20477,5.975118578657907
20478,2.4289778403135225
20479,3.5278664237305137
20480,4.103385133737426
20481,9.144328400932148
20482,6.585069820921336
20483,4.860101460849634
20484,2.0534273188744856
20485,7.520531502902836
20486,7.578085231640347
20487,4.750621442825812
20488,3.14148032395291
20489,6.837877141927924
20490,4.264952002013219
20491,3.862481910308999
20492,3.6896683238894594
20493,9.809366341829191
20494,7.545457896703058
20495,3.10398045937959
20496,3.605410709939111
20497,7.8495509125960385
20498,2.325615551959846
20499,8.48693054021262
20500,6.16678803430919
20501,8.406803138154483
20502,3.8405789556037826
20503,5.911456751382607
20504,5.713994965161307
20505,5.708661112415443
20506,3.752723935531018
20507,7.831313290635049
20508,8.44294414387247
20509,6.393561568192044
20510,7.790920690733148
20511,7.416219201821244
20512,2.9286000656943245
20513,9.444440257253921
20514,1.5086017615005947
20515,4.390868071112619
20516,1.9965666234171686
20517,5.072332954020695
20518,3.7074753548484893
20519,5.706170417871251
20520,3.4193897077335196
20521,6.737648715654698
20522,5.791190714951874
20523,4.2196660796678644
20524,7.571012401521962
20525,6.461420386195205
20526,5.139728153120539
20527,5.4945883280020285
20528,7.849805131844727
20529,5.27938754142113
20530,7.428991922656141
20531,6.169463391213691
20532,3.1153385005624576
20533,5.865686415461001
20534,9.262372161485892
20535,7.488854962395225
20536,5.70657727927319
20537,9.314582040822284
20538,7.151493962504281
20539,5.354078588239303
20540,5.083009735882146
20541,6.062578869527513
20542,7.992000783932906
20543,6.354423394956792
20544,7.2989779534951085
20545,4.881942020318324
20546,5.556545714156984
20547,4.316488068161481
20548,6.088178040367596
20549,7.0660607367380335
20550,2.3723240939865726
20551,8.479571003305034
20552,8.334001187297943
20553,4.870589484908648
20554,7.52081112492842
20555,9.35617753626711
20556,8.348226490113515
20557,7.338519903745994
20558,8.583962091937863
20559,7.40819841762252
20560,9.986834835422227
20561,2.8682617269256463
20562,8.21816686813146
20563,8.493770637716745
20564,4.230169577362327
20565,9.0246611030805
20566,8.126739425157286
20567,5.2480963255188655
20568,5.137022566876539
20569,9.126761501636617
20570,2.5685048033729565
20571,5.993778177228426
20572,7.323841336014036
20573,8.037368429887218
20574,4.037311164399858
20575,6.737528253552161
20576,8.78088338764124
20577,9.322110532259687
20578,6.246727977780988
20579,6.910173086739929
20580,4.891064769738784
20581,6.315722455419537
20582,9.458187757448593
20583,6.722665568550086
20584,7.041735021815766
20585,8.075779356757426
20586,3.865322297364975
20587,5.3664224753713885
20588,7.48820790845056
20589,4.104091781868485
20590,4.1606850659059855
20591,4.81752845612255
20592,8.734978471839586
20593,5.903240689102614
20594,6.401347296117033
20595,7.707768084921779
20596,5.233991795496289
20597,1.692293245474654
20598,5.812359705198477
20599,6.527008426474734
20600,1.9926727232731138
20601,4.198308720554792
20602,2.4226531857159594
20603,5.3864001249991205
20604,5.641024151139772
20605,6.901440218856214
20606,5.522120192805107
20607,4.313909357482251
20608,4.146642533166192
20609,9.098882960425248
20610,6.509612405101576
20611,9.643211302910455
20612,5.877282644452441
20613,2.844093894379956
20614,8.745886040906173
20615,6.502086607942443
20616,2.0932492505275406
20617,5.390619756749276
20618,9.651665525362974
20619,8.984467051340314
20620,6.505598868388556
20621,6.477086826147216
20622,3.5629567623455856
20623,7.152647051350696
20624,7.313952097450712
20625,4.685346504956168
20626,7.157070704954036
20627,9.232883906994807
20628,7.338792801337303
20629,9.62012079054381
20630,8.293763048432849
20631,4.606385636065368
20632,4.54420697629156
20633,7.121324859374444
20634,6.707288752909546
20635,5.93621572135556
20636,5.748363174778458
20637,6.8106919522123235
20638,5.37260704104028
20639,3.6481212946150885
20640,6.211308936544933
20641,6.8244946620465665
20642,7.792983367458862
20643,4.045502455421493
20644,5.072648202527295
20645,4.268951737695291
20646,6.447165240794087
20647,2.7071736490523817
20648,3.7042637619002283
20649,5.101354916933739
20650,6.090219354582833
20651,6.761838323038042
20652,7.369162135774218
20653,3.4755965467335224
20654,2.402869317985824
20655,5.916213196930884
20656,7.514603990085424
20657,9.47737095461576
20658,8.426371702080836
20659,3.7168810135488655
20660,8.086637269435338
20661,8.205550182542966
20662,2.436531777163377
20663,8.956025149381647
20664,5.609262715688827
20665,5.716174230707706
20666,5.210301478060252
20667,3.1010105244236046
20668,6.930798956327041
20669,6.666643375541007
20670,8.056995655796692
20671,5.029036759241737
20672,6.894165988588061
20673,6.110047007581805
20674,7.940026865346819
20675,4.27257406336839
20676,7.39837647060042
20677,7.999275995177797
20678,7.683632466397235
20679,2.550434062613218
20680,8.445649694335675
20681,3.5437789096645367
20682,5.811299712536025
20683,6.986081089099808
20684,4.175650506994787
20685,7.0558991049669855
20686,7.5574823398893
20687,5.854870232730321
20688,7.4564643053821085
20689,2.2530346061484616
20690,7.406297379749961
20691,6.783784977328603
20692,7.2571667779330395
20693,6.699910589702574
20694,6.955059247772799
20695,6.0669558603395375
20696,4.6464537301778615
20697,5.369314957167612
20698,5.199205249340933
20699,9.445245342106254
20700,2.47682643154795
20701,6.705257292779282
20702,7.958161021661823
20703,7.979293708560431
20704,7.0329911282151185
20705,7.9106795584268585
20706,6.414916410786068
20707,1.4693780524089433
20708,3.5923435593165687
20709,6.743892480839238
20710,8.286931907993548
20711,5.01110898894278
20712,5.431736957057773
20713,8.964681271590804
20714,8.487946826464235
20715,7.457845546309649
20716,5.949766243739424
20717,3.76027360708708
20718,8.75371657396083
20719,5.545863840344234
20720,7.213939533982012
20721,8.913684540744123
20722,3.1024617232085463
20723,8.716536719666859
20724,5.701609273441551
20725,2.9777581793954524
20726,5.5573007529675085
20727,3.291549874577656
20728,5.628018588519128
20729,5.4458834660421385
20730,5.30890783914324
20731,2.3168796018148794
20732,3.4922735812966565
20733,8.234194695445984
20734,8.662468076191091
20735,5.325155740280895
20736,4.283953975941846
20737,6.376088354098668
20738,5.03903643830101
20739,4.298318709792598
20740,4.507307348972024
20741,6.716516410037062
20742,6.2106251176756375
20743,8.231286277291172
20744,5.3954058509969
20745,7.385920183427042
20746,3.9553481455987445
20747,4.453937516666716
20748,7.759677294474582
20749,2.1433019758818235
20750,7.189006155704865
20751,3.9247067505802917
20752,4.595105919608979
20753,8.69211660173705
20754,2.462780109340488
20755,3.1263130538976482
20756,6.575372956875751
20757,8.20702223600542
20758,6.748151878414059
20759,6.559650652178786
20760,5.927509728420025
20761,6.297494496820617
20762,4.072772453601475
20763,6.32947535544252
20764,4.742088218798078
20765,9.619782776325653
20766,5.391839946616448
20767,6.09754058242121
20768,2.8891791946617715
20769,8.586623102178446
20770,4.506915440784498
20771,5.4896622420513
20772,5.413382991492149
20773,7.955983546671071
20774,7.735300787636935
20775,5.195490868883839
20776,8.883526121012181
20777,4.3890207397576235
20778,9.414168216347575
20779,5.175112701728589
20780,7.497783119487593
20781,8.224230176590998
20782,6.842312966402147
20783,5.510257467287444
20784,7.552153769637127
20785,5.936301424279751
20786,5.012826927993013
20787,2.4405271882891717
20788,6.690186324528815
20789,1.5659188625051488
20790,6.090396864435509
20791,6.588343565569348
20792,7.470869108548008
20793,8.066338061973276
20794,7.6036678998116
20795,5.011080029224866
20796,7.095481827239851
20797,5.695823345577013
20798,4.361571549109589
20799,7.449091573435486
20800,5.233275271981304
20801,6.426575599359815
20802,6.509403012554342
20803,4.215731970114982
20804,5.821582544591971
20805,5.64295364150542
20806,5.704960780186253
20807,4.958490412702468
20808,9.576468284789694
20809,5.475282468616631
20810,6.816813343237476
20811,7.373877763559546
20812,9.099307681216642
20813,3.1769143629125294
20814,8.380559057682454
20815,6.903901203723713
20816,7.351837093190471
20817,5.752601893546045
20818,7.447213390131114
20819,7.38923181576065
20820,6.663193163295479
20821,7.892631162062877
20822,5.8162140269752545
20823,3.7255485420705683
20824,6.5259151020894475
20825,6.97643832975785
20826,7.84474195887497
20827,8.554483154751102
20828,4.744666777324365
20829,7.781846818553824
20830,6.5546279324471755
20831,4.472289976604581
20832,3.1456798522776617
20833,3.390350134899367
20834,8.222020784952868
20835,7.300199838387923
20836,8.26693129413909
20837,6.447329567986751
20838,4.559397102802015
20839,4.661764569682158
20840,8.552269199912624
20841,5.793558098089905
20842,8.528970878787456
20843,5.247075614733926
20844,2.44529445928555
20845,5.681133169092138
20846,7.263431501495833
20847,6.45188671152267
20848,6.749342442984786
20849,5.014170969803482
20850,6.74299683476161
20851,5.29958498003538
20852,8.020997135623395
20853,6.121232276028515
20854,5.962056254079981
20855,1.7919019338933928
20856,5.844625611012761
20857,5.872424165809071
20858,5.01181990340279
20859,2.016730768003664
20860,3.0844268346564814
20861,6.7762331149526815
20862,6.0008381573992535
20863,5.932941437192583
20864,4.6000751833844244
20865,7.244024593754929
20866,8.257054086615476
20867,8.229640688462315
20868,6.4054716792599535
20869,6.851126764103735
20870,6.774251699779525
20871,6.191084040442676
20872,9.102370345713624
20873,6.781198205597235
20874,6.448945862930904
20875,4.4554731485399826
20876,5.078696060638697
20877,8.277098910171407
20878,6.353264939627198
20879,5.8259669292688265
20880,10.0
20881,6.4648871172030855
20882,5.789668273799199
20883,1.57142401981188
20884,5.6095500847466955
20885,4.197286719239749
20886,6.373351535867785
20887,5.730943622468005
20888,3.9085681533795045
20889,7.759309141318307
20890,4.9789683846150306
20891,7.912853358319181
20892,4.677437580546063
20893,2.6638666797715773
20894,8.157080097927215
20895,7.979719557573171
20896,5.80592615749436
20897,4.816132410937277
20898,5.069820124918049
20899,2.8914980020183294
20900,5.480579657612328
20901,6.657789606901214
20902,9.538721683464146
20903,8.068660883631967
20904,5.468247108740377
20905,6.307850667378091
20906,8.603898569799037
20907,3.08135426497389
20908,9.030690661188617
20909,5.1950857272999125
20910,5.519511828220603
20911,4.087625388225529
20912,6.517807404241802
20913,2.9455976359778293
20914,5.4718979374063625
20915,9.153196071730882
20916,2.9091863452334485
20917,2.5814000359909586
20918,6.63464476289397
20919,3.379029188537069
20920,6.961151147461588
20921,7.156673893704119
20922,3.4207553912454145
20923,3.9589118232770453
20924,7.79258148226598
20925,5.635861902798584
20926,4.735999776289836
20927,4.308144325361303
20928,5.963101855402913
20929,4.33237749431228
20930,7.06943547503064
20931,6.839815041608361
20932,4.991428871811195
20933,6.103066394729941
20934,3.8872999911149697
20935,3.2423191745835647
20936,6.942429993952636
20937,8.051924689351113
20938,9.916120629899387
20939,9.265087229784957
20940,10.0
20941,8.408286960907496
20942,5.592612078441098
20943,7.252292610480249
20944,1.6186161813399724
20945,6.712062729057308
20946,7.5893090035790935
20947,4.3440027545812665
20948,8.145309888715184
20949,7.049292102714347
20950,3.299908084308695
20951,5.272433645130889
20952,8.543417053782102
20953,8.334646843839291
20954,1.2718213108452132
20955,3.659707477632864
20956,4.982070643818668
20957,6.206621886690077
20958,7.706760923229868
20959,5.615542284217138
20960,5.1522762264332425
20961,4.242282774502052
20962,6.303495934897734
20963,7.911296410955932
20964,7.371486972736937
20965,2.70074021626104
20966,5.123174843474463
20967,3.472888246933196
20968,2.7623557838865302
20969,5.314149649382223
20970,6.894820333061682
20971,4.296086300908786
20972,6.886221346731236
20973,6.533720485352535
20974,7.513694951547093
20975,7.743060316824097
20976,6.270206174266723
20977,3.9893969574066097
20978,4.717935335412061
20979,5.433300867981072
20980,5.853223230838274
20981,5.301077793723094
20982,5.636517336332519
20983,7.904704446047549
20984,5.847281006696481
20985,6.778385641462618
20986,7.713729629737775
20987,6.042438568882424
20988,7.073502915453966
20989,9.605601079488514
20990,8.912853215914827
20991,7.20155732120063
20992,5.2780727915665375
20993,3.331806559279856
20994,4.918473310135817
20995,4.733248658351775
20996,6.873892890897283
20997,6.7650888556888535
20998,7.834746441858277
20999,4.53877315966943
21000,3.786441437322375
21001,6.898264057593991
21002,1.975374569234469
21003,7.0318136286179325
21004,5.600610151009108
21005,8.372530962334324
21006,5.354952294033924
21007,6.5413378920713665
21008,4.639475450228203
21009,5.98913308917309
21010,6.332074185977503
21011,8.151764554673832
21012,6.451527800441619
21013,6.577086148050855
21014,7.819944732225582
21015,5.510717502853569
21016,6.884948769832394
21017,5.197922202005154
21018,5.699500616651146
21019,6.054408059075906
21020,5.934563410742013
21021,2.5120515872504625
21022,6.856279712840907
21023,4.057174661570066
21024,7.52819955166625
21025,4.836092225519101
21026,4.673886079393753
21027,5.377660571386531
21028,6.456778766591981
21029,4.045024523710213
21030,2.5038064569259904
21031,3.8365210575159936
21032,8.20897388817734
21033,6.402678228444347
21034,3.7370431748542514
21035,3.3983541769691152
21036,7.291068530912916
21037,4.312405493628644
21038,6.014401167705532
21039,7.4240610873496085
21040,8.90449996521342
21041,6.798311117295603
21042,4.753895086890125
21043,4.646510032903396
21044,6.483015880950236
21045,5.736032815842116
21046,7.902278133311981
21047,4.482846561563423
21048,4.425036689712792
21049,3.7092604746945312
21050,6.731669240951517
21051,4.662515615511062
21052,5.386244304256131
21053,6.74870530034609
21054,5.067758399798121
21055,8.07119280787938
21056,4.750637829433893
21057,4.291848891266606
21058,5.906494311178161
21059,5.15514722335979
21060,3.8740172051876827
21061,9.231264717464748
21062,3.2041971849358055
21063,3.0939754968690143
21064,3.0643876715857052
21065,6.215896147176631
21066,6.05279346329975
21067,8.972126821915499
21068,2.7208644347168653
21069,7.093290037347735
21070,2.2393098460107845
21071,2.369374472457232
21072,4.24448648651979
21073,2.309082812443055
21074,9.372141146204317
21075,6.7588622037806205
21076,9.523210884216613
21077,5.941519596048801
21078,2.000271506345531
21079,9.013467755809538
21080,2.7755090930013475
21081,5.958716930931838
21082,7.955839469445202
21083,6.673429355417012
21084,7.325269675902854
21085,8.731452854520601
21086,8.412332690557893
21087,5.528681638440096
21088,4.197104569916778
21089,1.8033385586871646
21090,3.0581395316627082
21091,5.342446666144697
21092,4.997545051025668
21093,6.0404393195670405
21094,7.694223758409857
21095,7.877752851274894
21096,3.9198468046584773
21097,4.1829972825712485
21098,4.763455230147791
21099,5.304238546246239
21100,5.367422832513275
21101,6.036180559444197
21102,4.85431799206154
21103,4.6469568792204
21104,4.689328280183494
21105,2.266704700989249
21106,4.388060171709116
21107,5.685169999496351
21108,4.512863207062772
21109,4.644944063734303
21110,7.977726403532891
21111,4.96125616833468
21112,8.266221887480967
21113,7.032696900995691
21114,4.833353499861341
21115,5.459050926233262
21116,3.069879634839529
21117,9.039981500953918
21118,6.727201560429714
21119,6.419170364287505
21120,3.174986444123944
21121,4.212602129547764
21122,5.841210868179525
21123,4.93484889276102
21124,7.383216170644731
21125,5.905360029978171
21126,2.9412664671308493
21127,6.977949534777896
21128,7.946366024113739
21129,8.096009224417182
21130,7.6948931242161125
21131,7.388102593876328
21132,5.978482077514658
21133,6.594132416803046
21134,6.225322588714416
21135,3.5257978292836354
21136,8.068386557640704
21137,7.716716654379672
21138,7.060665214304282
21139,4.687744371507488
21140,8.354629372460066
21141,7.327428054975871
21142,3.04290931815327
21143,3.5142394588483383
21144,8.600097170546842
21145,5.6068491790470905
21146,7.804820267407844
21147,4.882458458579213
21148,4.9850227823204865
21149,6.692311727466664
21150,6.016943123702433
21151,6.202201950112752
21152,5.303361161950395
21153,7.344583203461923
21154,8.284668837664736
21155,2.818244297010713
21156,9.099456561174538
21157,6.5318084926227815
21158,8.140279353942642
21159,7.856252062926996
21160,7.091743466670705
21161,5.816204063381339
21162,3.968883310350698
21163,5.017008612254441
21164,7.627372035778764
21165,3.3209144187925923
21166,7.0455058088674605
21167,7.5314646065075035
21168,5.3556991712554565
21169,6.942794649591685
21170,5.047549212274693
21171,8.380321416476168
21172,3.554085336135773
21173,5.51069874487605
21174,5.110861614413238
21175,8.069245542397805
21176,5.49207743083201
21177,7.089550153388203
21178,6.120002622144062
21179,6.643833141684017
21180,6.1864293739076865
21181,5.836251712006087
21182,4.224409495000795
21183,6.5912731904681845
21184,4.995432214623754
21185,5.773329922832711
21186,5.991358356779595
21187,3.5295388513902126
21188,7.819022348447101
21189,2.840433698509476
21190,7.5554691755541175
21191,8.084672807934309
21192,5.752909969677554
21193,7.699276071561205
21194,5.614074341196609
21195,7.255225731922431
21196,7.332721849205261
21197,7.192241823264719
21198,8.575387206865317
21199,2.0474474161494927
21200,6.274114171381041
21201,6.749895894104199
21202,9.09493811132305
21203,7.725297322857041
21204,7.548339589673492
21205,7.588671491973126
21206,7.333898197175462
21207,9.11184790121246
21208,5.86899048931315
21209,6.928410073358867
21210,1.08754473667834
21211,6.570716574471177
21212,8.856208232195803
21213,4.221941668480438
21214,2.900572532169731
21215,6.985243237745389
21216,4.4079652069149216
21217,7.137836302495849
21218,5.711382146574965
21219,7.045688469306702
21220,7.846388631975094
21221,9.22608554967336
21222,5.837977315619521
21223,5.822075178643333
21224,3.192392350594671
21225,8.020704082659472
21226,7.16909291873601
21227,9.128538579843626
21228,8.91498529130918
21229,6.310316659749273
21230,6.08382565367817
21231,6.185646316805421
21232,4.143515909978695
21233,6.410352168597312
21234,4.993881234958904
21235,8.17945704120668
21236,7.291567823892612
21237,3.455545234918199
21238,5.9705673456691315
21239,5.8625661876307955
21240,4.990737600753184
21241,4.166423754442938
21242,9.90328136156297
21243,5.730283170202389
21244,3.171838875605115
21245,6.162390006641308
21246,4.673595383807928
21247,5.923516324544971
21248,6.175848836704126
21249,4.2174343561293925
21250,3.8719609252552067
21251,6.8363425487580205
21252,5.788114580356968
21253,6.273906499922007
21254,7.845434873796329
21255,5.655689231926676
21256,8.206118830079967
21257,6.771427326476309
21258,6.223229395606717
21259,7.61156403373234
21260,4.696258510459481
21261,1.8282735835080282
21262,4.927785068011888
21263,7.121923231549326
21264,7.688131279812353
21265,5.452932601116628
21266,5.569462765065389
21267,3.1281396777422024
21268,5.359613921362109
21269,7.999025900417237
21270,5.964606986018785
21271,3.884324999741453
21272,4.073717315905919
21273,7.627375209902868
21274,8.227749300269465
21275,6.075163093336284
21276,5.26226895534815
21277,4.615603113578115
21278,1.6492353559852133
21279,8.639995255327971
21280,5.910181318623861
21281,8.065654000067985
21282,4.258378680959986
21283,8.107834355547002
21284,4.479493550310754
21285,6.202885853736609
21286,8.6887960092434
21287,4.058790892989866
21288,6.392806348972218
21289,6.9529996802892216
21290,9.208070294030174
21291,4.767681787226066
21292,4.847742658304442
21293,4.39978430310361
21294,7.044551753785615
21295,8.019971297467796
21296,8.126776377431288
21297,6.774892646364488
21298,1.1672142595416075
21299,4.723003103106944
21300,3.6736733506706627
21301,5.148650368460325
21302,5.957734625531683
21303,6.237477981317712
21304,3.5004420100659437
21305,8.350534192790086
21306,6.1977004039330925
21307,3.769298789225359
21308,7.273079368636085
21309,6.504753865027515
21310,6.30668022331953
21311,5.762953276975226
21312,6.555244541550463
21313,7.1740455336389815
21314,6.0198988906878
21315,4.502096525681276
21316,8.60077822269693
21317,3.4410647390885045
21318,3.136378284501751
21319,6.663200310743103
21320,4.065299002896261
21321,6.240949121818294
21322,4.338295655459359
21323,2.648121139702773
21324,7.2567610372835345
21325,7.758680944988091
21326,7.957553077037446
21327,5.990979920290649
21328,8.082085909222098
21329,7.325884228791674
21330,6.5798368312643545
21331,7.900411725406056
21332,4.088257950333528
21333,4.058556939072342
21334,9.2150281084698
21335,7.745067708507278
21336,7.050390199844484
21337,7.43980647382678
21338,4.811047445003521
21339,2.773975818467014
21340,2.4226332776196964
21341,7.601121253930563
21342,4.4233592629277485
21343,2.6748207404951136
21344,4.234888574334575
21345,4.6271205261193264
21346,4.2957576006551195
21347,4.109879790303351
21348,5.175932461068822
21349,5.297829951488413
21350,6.755555921465467
21351,6.19572586010172
21352,7.9520876219551155
21353,6.541078981771645
21354,5.5010477827791675
21355,4.475246318349768
21356,6.714424582754896
21357,9.326439802539644
21358,6.779626308587734
21359,7.571053474009223
21360,8.686249570019777
21361,6.197373796596807
21362,3.0995878113100614
21363,6.130698001032487
21364,0.5864482543307621
21365,7.0258704304879105
21366,9.368385872902651
21367,6.571985650802814
21368,5.679416479594385
21369,7.002783879791268
21370,5.357911610035896
21371,7.300170949183395
21372,4.9636202057430285
21373,4.8132497261008185
21374,3.756471708316011
21375,4.281800829701453
21376,6.7763949788772795
21377,4.201859328544264
21378,7.1783078201321855
21379,7.90764454792734
21380,5.9551850572562355
21381,6.984202051317615
21382,5.408977410304823
21383,4.94678395631788
21384,5.368977098889732
21385,7.350707388378602
21386,2.4220083661958225
21387,3.0345576148292963
21388,5.09558011901603
21389,6.6189986606603
21390,6.3299028305288845
21391,6.89777209364604
21392,4.739546685413481
21393,3.5985402734200216
21394,6.500802916544972
21395,8.002449698135559
21396,4.924932272550029
21397,7.912914077416234
21398,5.507405124062329
21399,6.647011228433122
21400,3.3063281376330105
21401,7.129880112249756
21402,6.241791854395157
21403,9.206985733328102
21404,2.8341768453269855
21405,7.740338055940173
21406,5.797365725444062
21407,6.1709351870463465
21408,4.7535216132448905
21409,2.332940775412419
21410,5.915092690798453
21411,8.925228727819125
21412,6.464725188478203
21413,8.883964146049149
21414,6.690893730179719
21415,5.525904841253302
21416,2.7399818031592202
21417,8.22475160011962
21418,7.348311311620802
21419,9.438948752661945
21420,4.255507120095177
21421,4.5741797460239555
21422,4.186323248166104
21423,3.5622287785018187
21424,6.935403457171228
21425,3.638806943367438
21426,6.8879433214024015
21427,5.312592412864987
21428,5.922524925370337
21429,3.923561718417493
21430,7.476023520942382
21431,2.1906181314747526
21432,8.232928134548995
21433,7.956665475032634
21434,8.765287993654301
21435,6.326126209762366
21436,8.428013442802628
21437,9.36915048162987
21438,6.61188556384897
21439,6.37039365757735
21440,8.168006596712488
21441,6.342136382990682
21442,4.040027630358905
21443,4.019646925034654
21444,6.304945224383421
21445,5.83285001171671
21446,6.200207089368169
21447,4.639492599654501
21448,7.249931205693881
21449,5.310852067506813
21450,5.078816838006377
21451,6.139595634259786
21452,8.494983630191495
21453,8.641938305402856
21454,5.308690383718073
21455,6.6551732942696065
21456,5.106355028079532
21457,9.375477629454517
21458,5.8294378588758935
21459,3.5933565562399004
21460,3.9708507027106466
21461,7.133176904279152
21462,3.590511813757744
21463,8.455971812986522
21464,6.591257805761326
21465,8.116790432043613
21466,4.9156589836722855
21467,8.893700553555892
21468,5.613190662355942
21469,3.5549115468195787
21470,6.388739129836054
21471,4.441633423978713
21472,6.69752608803344
21473,5.998349469273258
21474,3.8046019652445353
21475,3.261271360576829
21476,4.9068315487245755
21477,4.201596598119074
21478,5.509946713914658
21479,6.508064272270756
21480,7.145135014554103
21481,4.22573612686284
21482,7.69535424788116
21483,7.801692795694339
21484,7.0245375620367
21485,6.135424595967703
21486,3.884316947047536
21487,7.740757215696452
21488,2.714575465147676
21489,5.937258124123498
21490,7.159126932360896
21491,8.4751302520055
21492,4.625955081016933
21493,5.83538019196252
21494,7.789097674803178
21495,6.732063223998091
21496,4.546750178676292
21497,5.651759532160203
21498,7.933763921246725
21499,5.35910573491095
21500,6.062829953956877
21501,5.097215840371716
21502,5.778367144198953
21503,5.374686325260906
21504,7.105539531141247
21505,5.067519547640339
21506,5.987000663343761
21507,4.718937059327606
21508,8.608386411680831
21509,6.752144476046399
21510,7.6694368638863155
21511,6.162143410030865
21512,6.456864707893577
21513,6.022675696024082
21514,8.982147664255844
21515,4.454986286542758
21516,7.010893257058359
21517,4.991886065718426
21518,9.037851189790532
21519,6.043289617274852
21520,5.1863158328160255
21521,3.7645467601252136
21522,7.177290618329056
21523,9.80241135697674
21524,7.042563143938553
21525,6.7808028239502915
21526,4.353743250042277
21527,5.641207826859057
21528,7.861254231310179
21529,4.9125400874788365
21530,6.351503021643493
21531,4.92433622316941
21532,9.821532761966123
21533,5.068315446823118
21534,4.178163883996167
21535,4.232356692518697
21536,6.376141769414805
21537,8.586185666562441
21538,1.8795800948413242
21539,4.095028764389523
21540,3.683780983494285
21541,6.290812280826652
21542,6.106464813244473
21543,6.483856481699803
21544,8.763120007860135
21545,4.531228195917362
21546,2.051877753936214
21547,7.056733238258067
21548,7.726075425585078
21549,5.051783793904368
21550,9.063351400552136
21551,6.629774919863314
21552,2.135883337464739
21553,6.442826447344861
21554,3.061411346410599
21555,5.518561273931845
21556,7.1387323301476275
21557,6.988254711875527
21558,4.094341491778363
21559,3.220117130506228
21560,8.820315689976898
21561,7.675771505597966
21562,8.194086156084374
21563,5.0394562118229995
21564,3.104642708131748
21565,6.0604108595214115
21566,2.888491413664119
21567,9.14620284682907
21568,8.241551561857042
21569,8.341661347524171
21570,6.183805537858163
21571,5.051335235767094
21572,8.535391308068528
21573,8.955385436094634
21574,4.123506023704506
21575,3.227789597443799
21576,8.182847576672467
21577,9.27001104475377
21578,6.917083134222395
21579,7.087849484455728
21580,5.946298939202942
21581,4.467264862047359
21582,4.998211234594783
21583,6.371427749469494
21584,6.175879470843211
21585,6.169576911213968
21586,7.1110360450961165
21587,5.549314050102047
21588,3.5562518209442495
21589,6.380668716576991
21590,4.580741094167577
21591,5.746007370014228
21592,8.387694645599904
21593,8.42440126602472
21594,2.8849591206522627
21595,7.385378150771478
21596,5.794683287972955
21597,5.203975812391273
21598,4.334708615148656
21599,3.643186313461156
21600,7.730668714528258
21601,1.8072475426857124
21602,2.517486710221766
21603,9.414712740251922
21604,5.122575339779231
21605,7.878158685872376
21606,3.4390378889009723
21607,4.807533591766459
21608,7.5279310237485095
21609,3.968744421061332
21610,5.921279160006101
21611,5.380122113651185
21612,4.214192340821439
21613,8.305204946467542
21614,6.319884314505634
21615,4.538711849161561
21616,6.3147705218789305
21617,5.526330119605199
21618,9.044130216844326
21619,9.278355350139304
21620,3.9078962858092994
21621,8.778112206883572
21622,5.65720234277727
21623,7.948203075078145
21624,9.135901048557974
21625,6.605657578448593
21626,4.993502216320522
21627,6.2870511531313324
21628,9.942286286760577
21629,7.259095663638847
21630,9.228972181018188
21631,3.416003129962612
21632,5.346723797575022
21633,6.0453287410476735
21634,2.610064189004735
21635,5.813530479949776
21636,5.426071460249952
21637,5.212569315658428
21638,6.43678329727989
21639,7.77324568385431
21640,9.574343878334167
21641,5.174349397551806
21642,7.986435290892641
21643,9.253510869976179
21644,4.591514333715947
21645,7.3438910957544135
21646,4.410954041869921
21647,6.483400578117451
21648,5.7194803255308475
21649,8.286931409887822
21650,2.8801688784379076
21651,4.052889097148524
21652,3.892550373811725
21653,4.383329803685637
21654,2.929639790420599
21655,5.301995272128338
21656,7.839778268339953
21657,7.658983326988718
21658,7.437402610829018
21659,4.082460668254361
21660,7.44188687915408
21661,2.4714448312946002
21662,4.343944681198153
21663,8.200476595807908
21664,3.4695766838253292
21665,4.828452189007839
21666,2.398642655879761
21667,6.57677744565387
21668,6.060719582203096
21669,9.027284985046578
21670,1.5041148198964964
21671,6.688705661986805
21672,5.397320178838241
21673,5.579994177462292
21674,4.0374564416211935
21675,4.888542983723262
21676,8.048917799275552
21677,3.90202559876496
21678,6.384929304555145
21679,6.440187068980333
21680,4.997099745126507
21681,1.6904312242234507
21682,7.193894480336636
21683,6.371440381461844
21684,5.99066498358692
21685,8.023166208316653
21686,5.519194135113807
21687,5.937971743205842
21688,6.7534133039958295
21689,5.749553266620758
21690,8.856328037096906
21691,3.683884750008331
21692,6.191851099365258
21693,3.8194568783496785
21694,7.357018958035314
21695,5.57615545848182
21696,9.823125147682465
21697,5.269148456083172
21698,2.5649830366755872
21699,8.221408456728414
21700,5.861378008936183
21701,7.903463287514396
21702,3.666630748122075
21703,6.118486264165852
21704,4.309058289231158
21705,8.7878176167492
21706,3.271276740415602
21707,8.660886289502056
21708,5.729145647517671
21709,5.51364610463205
21710,9.20801129517766
21711,5.224599496555902
21712,4.087297898633166
21713,5.775871975487566
21714,4.94890072389851
21715,4.860386675384814
21716,7.240101046997407
21717,6.76544967877348
21718,2.6272162742373504
21719,7.996100213562089
21720,5.030747911901907
21721,7.161501460494461
21722,9.43961233545395
21723,6.391278804731056
21724,7.6449928805492435
21725,5.805232867946541
21726,8.982093586611109
21727,7.047900791776241
21728,5.23708063806445
21729,5.610965523370733
21730,6.196213848257715
21731,6.924284748871862
21732,2.2694735656195824
21733,4.531712221444178
21734,3.5710626437420636
21735,7.356848771371273
21736,6.121495663360767
21737,7.498244340736006
21738,1.914657063505049
21739,8.308849419989869
21740,8.944860541179395
21741,7.042217323828149
21742,4.037559853492782
21743,5.936436383510825
21744,4.424389395469324
21745,5.36901525496171
21746,5.856209900691537
21747,3.085793653263031
21748,9.79307129905371
21749,7.097611241264429
21750,6.687234766323243
21751,6.95083662623089
21752,7.376308052014993
21753,8.593963131853304
21754,7.709948223151807
21755,6.924576957383126
21756,4.296373895976677
21757,4.755193988491375
21758,6.495753935839518
21759,5.016730830638952
21760,7.979064786619363
21761,5.166907555545093
21762,6.173633340279889
21763,6.09676226946523
21764,6.018654406384359
21765,6.020503020378837
21766,6.810603276998931
21767,2.76258343822895
21768,6.760354108950194
21769,5.0760267948014235
21770,4.43883698389004
21771,2.931045197213168
21772,5.942358306119019
21773,1.7883326094567706
21774,2.571623949192599
21775,6.011114482972834
21776,5.120560384520336
21777,5.476200580159981
21778,5.9722554301089925
21779,4.383616248919349
21780,8.11501767439579
21781,3.389519055166236
21782,6.158874698935185
21783,3.6366889181912945
21784,7.380550443107248
21785,6.750436955762822
21786,5.5921463890439975
21787,4.50752749493242
21788,9.12596888995349
21789,3.3867854136810087
21790,5.460693375803068
21791,5.551307352522563
21792,7.478727210634955
21793,6.467785209134737
21794,6.936320095851269
21795,9.715327445621153
21796,6.336964773882426
21797,5.452436951500634
21798,0.7551669138715151
21799,5.113904705508622
21800,7.324592916840375
21801,2.968720356360724
21802,4.343871464958136
21803,2.3299025056640135
21804,8.146397951382209
21805,5.40590086164003
21806,6.19567709600031
21807,8.24264516966698
21808,3.03365486207366
21809,5.260587926786135
21810,3.222235083450596
21811,6.9922183424009585
21812,8.19780636168138
21813,9.601580733132366
21814,7.36913818838323
21815,8.982105695814129
21816,6.367442243185205
21817,8.656903050208623
21818,6.459367913357535
21819,7.401286343470787
21820,5.682503094715873
21821,6.91145934120455
21822,8.278566810947748
21823,7.529216815739103
21824,7.983987590824157
21825,5.845802929970236
21826,6.299146058510597
21827,8.098957656101263
21828,6.223534817367519
21829,4.1628139819859875
21830,4.296197467569359
21831,3.5532703665658616
21832,2.554914413190764
21833,5.233738895037762
21834,5.588546697823801
21835,5.821959105376428
21836,6.170080353705044
21837,5.265518943258365
21838,8.763683082902626
21839,3.0203118179231105
21840,8.077445176918616
21841,6.969029072270837
21842,1.0079330943915128
21843,9.605122773537655
21844,7.872423217098
21845,7.256217828135119
21846,6.877701036566478
21847,6.0290793785604375
21848,3.1698998335967756
21849,5.441796294538245
21850,3.4006494729032206
21851,3.8624233716558956
21852,6.2012985218141035
21853,7.13379786992274
21854,4.963529381237501
21855,5.879896594005202
21856,5.402012398089001
21857,8.048397250041177
21858,4.441457843282761
21859,7.57696625925284
21860,7.146416203582467
21861,1.8717316862364068
21862,7.98277447939968
21863,3.4901057177033676
21864,8.90038660435667
21865,7.020711792450415
21866,9.983686119642313
21867,4.178051433225816
21868,5.740968794451426
21869,7.658442506501691
21870,5.3588020613387295
21871,6.428719335746246
21872,5.177575297649272
21873,7.202623637604098
21874,7.126567600693464
21875,9.059250025488666
21876,5.4656522789057975
21877,5.424482670129418
21878,5.299365986806907
21879,6.216421837746173
21880,7.857368005213236
21881,5.051528721657829
21882,4.780924349630643
21883,5.376555862032111
21884,6.758337506695713
21885,9.01833430697395
21886,3.631137507754983
21887,3.65695724130842
21888,7.860563734655616
21889,6.012238741045587
21890,6.328091901810858
21891,5.698798694375231
21892,5.4875708956700295
21893,5.808770479497617
21894,6.313851624342284
21895,8.528204930603268
21896,6.504211441082286
21897,4.946249198027076
21898,6.17668385475873
21899,6.624368097074997
21900,3.7493424721173034
21901,4.639315677906028
21902,4.717448279720598
21903,7.934614971325319
21904,3.9342207608360864
21905,7.783282699221013
21906,6.262382688023403
21907,4.803827897290494
21908,8.300232012816952
21909,5.488435763633646
21910,3.911176512049697
21911,4.29980004326954
21912,5.009695371284315
21913,7.882726515464883
21914,9.48142547572697
21915,5.787757749017246
21916,6.526638517278071
21917,5.055790559187352
21918,5.622609196068502
21919,8.621805878629994
21920,9.700465087519383
21921,7.8858450269952955
21922,7.426965649157209
21923,6.57744968932189
21924,6.898684903673576
21925,7.264505374462151
21926,5.945371988211339
21927,5.884412278825037
21928,7.1669307811454654
21929,8.60054624139681
21930,5.98559531066684
21931,9.13939375619358
21932,5.295297350527534
21933,5.660157469677761
21934,3.043610461958431
21935,5.934432918399073
21936,7.263833552953142
21937,7.432873806733736
21938,8.733086707397964
21939,7.78144325481738
21940,4.516274664005849
21941,5.8803763949679135
21942,9.048576319514215
21943,3.9203280126287723
21944,6.380336172077543
21945,5.877746690762542
21946,5.988126262695383
21947,8.627725694292712
21948,4.593440202791949
21949,8.592448973788851
21950,6.094330344201202
21951,8.096714226812448
21952,3.8639132209632683
21953,6.304777595064232
21954,2.839803077170962
21955,7.92121177347466
21956,5.355014482193662
21957,9.04024834984563
21958,7.653592864701155
21959,5.10650129001297
21960,5.001021360483374
21961,5.088046352510963
21962,7.53184825589248
21963,8.616403805886202
21964,8.554171687576323
21965,9.758566875351324
21966,4.82136385475574
21967,3.6322424133872984
21968,8.0852631027128
21969,9.080111348400187
21970,5.691728168178692
21971,3.451035983555252
21972,4.784276265444061
21973,5.845133514783046
21974,8.003955747355127
21975,2.961784599920956
21976,7.275872826232359
21977,5.251719773610748
21978,8.787520742900444
21979,5.437598975305115
21980,6.668957652522407
21981,5.042304375058573
21982,5.773363633825215
21983,3.098784630302398
21984,5.747933701652242
21985,7.028232207426474
21986,9.053517151732795
21987,4.171608502740246
21988,7.028044563412493
21989,8.616176210909476
21990,8.153506678228428
21991,6.440596517341537
21992,5.2733520302691925
21993,5.942084113872636
21994,3.105305658364292
21995,3.4706945312742348
21996,5.680437206758315
21997,3.16025382707389
21998,5.58750656827937
21999,5.06654379022506
22000,5.349455739953558
22001,4.785699279051808
22002,4.806146269442609
22003,1.9721105400075392
22004,5.614634870541833
22005,7.201969939255145
22006,4.845686569709761
22007,9.617121905462515
22008,5.499799076753968
22009,6.827851782520604
22010,2.8314958231109664
22011,6.310423722786024
22012,6.434348013110283
22013,4.882404349058989
22014,6.663048865457222
22015,5.764248688402816
22016,5.724022281905738
22017,5.165117206204181
22018,3.810230574666717
22019,3.422678410399775
22020,4.112132142015158
22021,7.740294306325021
22022,7.389901654625001
22023,4.331385675134814
22024,3.8086679442020404
22025,5.559552508402352
22026,3.5872639763447305
22027,8.536558030661453
22028,8.387331499254348
22029,7.436437030774348
22030,7.750940269368887
22031,7.532215170802061
22032,4.323618825270152
22033,8.100264784209301
22034,5.263864743189538
22035,8.56340657666691
22036,5.550179558070669
22037,4.5074040566239955
22038,5.578691872824875
22039,4.458156732283484
22040,8.36415813134233
22041,6.121911159392182
22042,2.884323642398174
22043,6.75231850261179
22044,8.854191390687863
22045,5.363879076696678
22046,7.777294922138812
22047,5.34653413291933
22048,8.240639969924601
22049,3.365412476028632
22050,5.198992445751633
22051,3.3296223248919987
22052,6.71699678756397
22053,8.925969972329082
22054,6.3963915170749805
22055,8.289281858607502
22056,6.443606371391046
22057,7.902637682488271
22058,4.0869762487122365
22059,5.424735854946462
22060,8.063273063240237
22061,6.297787378763045
22062,3.348801259184625
22063,6.342537631997464
22064,7.5872643155975865
22065,5.275849067177438
22066,4.155030860061573
22067,7.126817979779139
22068,6.281948906617197
22069,6.934619213641033
22070,5.115500335979711
22071,6.267726134326152
22072,5.329382716755346
22073,8.255899356169248
22074,4.888010801489784
22075,5.592806835339582
22076,5.8001119797427005
22077,9.267475507611465
22078,7.292415653332644
22079,8.631134636090216
22080,5.124760838012618
22081,8.602496325540287
22082,3.181033328155608
22083,9.3629497492179
22084,1.9879021975249915
22085,3.698237863735635
22086,6.4587252146698
22087,2.3534386638597766
22088,5.905891796250481
22089,4.564650542640903
22090,5.796485753017608
22091,6.857915726166574
22092,8.865002748761247
22093,7.363709108811825
22094,6.773528707353506
22095,4.906656841063048
22096,7.3641214507209884
22097,5.6661027158995845
22098,6.048329853356387
22099,8.211513647790005
22100,3.554327819173479
22101,5.278431006076316
22102,8.200259096046901
22103,8.363666184218877
22104,1.6736980770075391
22105,5.450355267958335
22106,5.017961404261085
22107,7.276053763551694
22108,6.025969479538111
22109,3.6752787795681874
22110,5.524664846661675
22111,4.156140797148857
22112,6.029565997133067
22113,6.178200702348702
22114,7.946243880437929
22115,6.305377292578913
22116,4.054831478628985
22117,4.666455206151068
22118,7.679426907575039
22119,4.886575228972386
22120,4.688184912297399
22121,7.399305488366659
22122,5.947504976777499
22123,4.494317411448795
22124,7.3412105693788545
22125,6.053146781053998
22126,6.259715286148387
22127,7.563828233337036
22128,4.090747273732355
22129,7.665757126314487
22130,7.053015917115997
22131,5.196373670963373
22132,4.976450051215666
22133,3.6895883096082054
22134,5.335005183712179
22135,6.631285872190993
22136,4.853201501967126
22137,4.489289937420346
22138,4.049107892639791
22139,6.157115460901264
22140,7.3538979345416156
22141,8.04347862725513
22142,5.222256368412818
22143,7.280755140080823
22144,7.959829875756833
22145,4.817583046919933
22146,2.9826104834296787
22147,3.8024174838455167
22148,1.2362323412337413
22149,6.427872749066287
22150,4.546975650688452
22151,2.6556911869107727
22152,7.7097013589937955
22153,4.074104417155222
22154,3.9879481574931654
22155,5.979482372316726
22156,3.3384266541706644
22157,5.686202598650757
22158,8.595338748166046
22159,6.628143985137283
22160,9.276285861587224
22161,5.995557934793238
22162,5.4674849904470575
22163,4.146278641808695
22164,4.340421343538923
22165,6.816489083639472
22166,5.221428632598827
22167,7.916394895697823
22168,7.9269464382222115
22169,3.846803344694545
22170,4.140235699619842
22171,5.282619452131911
22172,3.5522095583784763
22173,4.798154873524217
22174,5.3917696506340835
22175,5.400922336778473
22176,3.762235968714402
22177,2.1298532090988402
22178,8.393598730167863
22179,6.697403599462829
22180,8.527881157254104
22181,5.217817919320092
22182,4.4010451206225385
22183,6.405103945058633
22184,6.213847118471193
22185,6.887543933707282
22186,5.837035194743264
22187,7.8313324061348855
22188,7.135040977837363
22189,2.7531726364971028
22190,5.885319909104931
22191,4.353238886403794
22192,5.817910821393926
22193,7.185904268647238
22194,3.951547137964622
22195,4.458413345389192
22196,4.795560773757055
22197,6.370502602735084
22198,6.8256179441031595
22199,5.1938724406225125
22200,5.064815035424301
22201,5.483006839571884
22202,3.915381223610832
22203,8.926940018034013
22204,5.24895029550296
22205,5.377800662877883
22206,7.947697295372947
22207,2.222476885610637
22208,3.230428241406549
22209,7.137979059250675
22210,8.111769389191888
22211,9.214292809406285
22212,4.294863481260336
22213,5.9900257284625535
22214,5.255118804937112
22215,7.149313592347665
22216,7.183790731257702
22217,5.166631268562394
22218,5.772986339259846
22219,7.911714709981744
22220,1.5527489797512088
22221,7.530413418375836
22222,4.601383451254677
22223,6.9035681465561085
22224,3.4851039799570303
22225,4.555589695252285
22226,5.272215446236933
22227,2.8923240420935286
22228,7.3707808700624655
22229,5.5522403141236945
22230,5.676742228013775
22231,7.69123854108804
22232,6.354198390853287
22233,8.898864208491897
22234,5.149853418906017
22235,7.273389944031853
22236,0.9190735287630216
22237,1.9004636207318586
22238,7.28307754598133
22239,3.7225940774196657
22240,5.941007341717038
22241,7.365573304290452
22242,5.672419101271582
22243,5.139968987581192
22244,5.167693544922069
22245,7.377475535841617
22246,8.139608281710238
22247,6.0658591396690635
22248,8.780172133226701
22249,4.81505910451196
22250,6.079412127710113
22251,3.1770379744515522
22252,4.369887059880176
22253,8.764011272493937
22254,8.95850022440846
22255,7.044688194765587
22256,6.606701587626844
22257,9.23948465826293
22258,6.738808104559655
22259,1.5798617391077188
22260,2.274670337485591
22261,4.378200212322471
22262,4.309264945401523
22263,7.1360283792645545
22264,4.4185447444407915
22265,6.8103325371536005
22266,5.0050813661334805
22267,3.7279937317255523
22268,3.2482446910116294
22269,3.9690497946468164
22270,5.778988583210834
22271,3.873402249382122
22272,7.248892010058562
22273,2.5549205993788817
22274,5.329445697362746
22275,6.759144670283952
22276,7.180385340813937
22277,8.720980161154975
22278,6.783701253289981
22279,2.321668790925287
22280,8.638986753230682
22281,4.516112457941347
22282,4.310644821186725
22283,5.684552755751949
22284,8.654378149033324
22285,6.257867040763426
22286,4.97419453692177
22287,6.27329915276554
22288,7.698424909276497
22289,8.985041066043545
22290,4.013493155931431
22291,4.519773727683911
22292,9.576926765217067
22293,6.115648500515114
22294,8.351855621598883
22295,9.983546998781064
22296,3.1509043104613665
22297,4.019482695324768
22298,5.671027762206106
22299,6.076589466328558
22300,3.2302135045184555
22301,8.840342262964505
22302,6.00714578943958
22303,5.791868177057846
22304,5.37193735756083
22305,6.764212210590271
22306,7.645012624307991
22307,6.4474811878424445
22308,9.392156910994576
22309,6.306279760518629
22310,9.476427943121857
22311,4.421009314776443
22312,5.873492127936643
22313,3.288564470676474
22314,6.478725054255972
22315,5.92685525673887
22316,4.448668609249955
22317,9.116862922904755
22318,2.6858156986033372
22319,5.012584820232243
22320,6.1380066812192
22321,4.516155453283188
22322,5.343957132917067
22323,6.2154988986438555
22324,7.314724670893371
22325,2.752548914769462
22326,3.314919780981126
22327,4.153683745954834
22328,5.7424328872869905
22329,6.252279266181976
22330,7.453835866752058
22331,5.1321168512106095
22332,4.032669002767959
22333,7.874442377190768
22334,9.358445319394239
22335,6.0744797030041
22336,6.170561945186967
22337,6.099386568374027
22338,4.645547601057988
22339,7.728928398133401
22340,9.42621013839943
22341,3.3438323528929543
22342,4.529802832175034
22343,6.739498579676034
22344,5.133277923691769
22345,7.675112681995896
22346,3.49923425782794
22347,7.9162532380143364
22348,5.654570516304216
22349,6.538024076317835
22350,5.753287964771623
22351,3.15346088048197
22352,6.513607119290619
22353,6.80405607195768
22354,5.606970118666949
22355,5.2578998621570445
22356,7.1017392770989805
22357,6.187912440742373
22358,5.667598848408561
22359,6.306274086672344
22360,5.956806105152931
22361,2.31135781554509
22362,7.560661935523818
22363,3.8741061155566436
22364,8.760377935010382
22365,7.741381553219182
22366,7.566196007596268
22367,4.995022656640077
22368,4.759581722905692
22369,8.937524222427928
22370,2.9441331754453763
22371,7.147516214748123
22372,8.066656208568341
22373,3.249135889514455
22374,7.371486530543147
22375,4.5391386762110155
22376,9.057136590939418
22377,4.715036741759759
22378,3.860648995026552
22379,8.045901385195402
22380,7.309993598967566
22381,3.3723086834333804
22382,7.706058897229089
22383,8.91000809429472
22384,6.258839639476684
22385,4.605209434843317
22386,7.982597577918055
22387,4.177680337215651
22388,1.3775467506952814
22389,7.139493528476206
22390,3.3234196168594226
22391,4.833358705553435
22392,7.163140996458113
22393,6.710451934694083
22394,9.602657936635973
22395,6.5056804360908345
22396,8.597419194814865
22397,8.378193688117218
22398,7.04587426405075
22399,1.798204114104377
22400,4.856531144384969
22401,6.745160052959179
22402,9.05958585780879
22403,7.052104612723605
22404,6.882951438448567
22405,6.491179225900136
22406,8.603312996232056
22407,3.2338783046709993
22408,7.834405362149353
22409,3.673258867091172
22410,4.990300629451191
22411,2.622431736731411
22412,8.301155748838237
22413,8.012564243914044
22414,7.2466098183166325
22415,2.485577042480548
22416,4.80047577669345
22417,8.907622483867065
22418,6.4178832277773665
22419,8.292550370204449
22420,5.939532433383304
22421,5.965689044712673
22422,4.617920787476795
22423,4.91047686247877
22424,8.198640642369575
22425,3.876403893553449
22426,6.7148985503562955
22427,8.295288151392183
22428,8.493480877587553
22429,4.049845224415548
22430,7.305030533975116
22431,4.426084678172086
22432,4.616834350137745
22433,3.1515837193324208
22434,6.0304225831774065
22435,4.846475970024526
22436,7.047295470128445
22437,8.93789115798297
22438,5.395787701290612
22439,1.468811180730744
22440,6.108168664957487
22441,6.655325842311536
22442,8.97507487817494
22443,8.562596963902829
22444,7.229895750666257
22445,6.186540636145172
22446,4.214470278919902
22447,2.7444113464079063
22448,8.427548212685988
22449,5.68180412847016
22450,4.392983000918525
22451,7.30994340416847
22452,7.198236389802484
22453,5.26603192414279
22454,4.322626529756391
22455,3.1021268464256804
22456,6.690635837795858
22457,6.2756477140562605
22458,4.670103391027804
22459,3.645032190901837
22460,7.376037720453356
22461,7.201457060750181
22462,3.11838961535362
22463,6.660441994685188
22464,6.545918602853942
22465,4.918049029449335
22466,8.625572984405915
22467,4.417500041039583
22468,4.916047592471619
22469,7.851806493310802
22470,6.3247754745521885
22471,8.100224898735132
22472,4.792488380778332
22473,5.082482053383484
22474,7.05372785018198
22475,2.1962135473984956
22476,8.746158768567431
22477,7.29690204985422
22478,7.796861398960497
22479,6.942832256934734
22480,4.239707735397191
22481,8.573943081027332
22482,4.416152666570098
22483,6.533022897387555
22484,5.632753182820501
22485,2.3759524022648506
22486,3.3464295994075406
22487,7.327885651904403
22488,3.7079407096178434
22489,5.023371000444692
22490,6.271140130326403
22491,6.779954501526428
22492,8.151207639615754
22493,6.766633153623435
22494,5.708853727844041
22495,7.707262589797017
22496,4.211194210844269
22497,8.651126685388077
22498,5.902584301901866
22499,8.489607779111777
22500,6.255327188686437
22501,4.477964308671268
22502,2.766056151731309
22503,8.721231470710654
22504,3.3529919211057133
22505,5.007251557641237
22506,8.29497547609412
22507,2.843362916571846
22508,2.4737111433165566
22509,5.882546693710087
22510,6.320081003199742
22511,2.3886268977094716
22512,6.969341875695163
22513,4.3051167036301745
22514,5.835964913180862
22515,8.877410235832818
22516,5.9580256449508155
22517,4.755997212688183
22518,6.769931543994739
22519,7.8207240271589935
22520,7.22357998297183
22521,4.874195758932087
22522,5.867448611375497
22523,9.611984553852887
22524,4.517581783511999
22525,3.4288368638976
22526,7.994087658159197
22527,5.399358762265714
22528,2.082965510426981
22529,7.4858746656552455
22530,4.807193174356525
22531,7.3083437475963535
22532,4.551134622749065
22533,5.200284423292198
22534,7.199788134851867
22535,4.360823372308345
22536,4.766995542541784
22537,2.314774910588607
22538,2.830947832216691
22539,4.9767674027762565
22540,7.586160702842561
22541,8.370045064448925
22542,5.504815851163649
22543,6.592711801872594
22544,7.053349030660003
22545,6.760898405126421
22546,7.231854119452942
22547,5.913125599607268
22548,5.2601939605431
22549,5.997222380198677
22550,6.123337890394741
22551,6.912271548677836
22552,7.5088636762188035
22553,4.175388496299114
22554,7.4445391477164735
22555,3.977253217238494
22556,4.999775548968015
22557,6.2765140834269415
22558,7.8969485009918845
22559,7.592444861175677
22560,6.24940225415936
22561,2.4547168013224323
22562,6.750272643451386
22563,3.7634175284269054
22564,7.523231516143431
22565,7.3218112918351625
22566,4.573891320091128
22567,4.831084893030221
22568,7.692580952627724
22569,9.017959045060568
22570,2.666755016752974
22571,7.176182828747661
22572,4.042349707000281
22573,4.542835718514793
22574,6.068702527236611
22575,8.041371560257168
22576,5.556031781989924
22577,3.4577675869454154
22578,6.424803111384709
22579,5.543777330355276
22580,3.753670349642026
22581,6.073295567643855
22582,6.192527442618049
22583,2.701518945969225
22584,2.903032895192449
22585,4.685633944903765
22586,3.675650384213494
22587,3.6075154457020155
22588,3.4334037051063815
22589,5.375872563364391
22590,6.132604600540065
22591,9.24776092629836
22592,3.3737457394435295
22593,5.673006015320336
22594,8.067190838595655
22595,7.4119891716491395
22596,6.510272091492122
22597,2.213969897006443
22598,7.103451356450529
22599,8.09226987917773
22600,4.708732759749493
22601,2.6558192027138907
22602,5.106885638631148
22603,6.956207526736871
22604,8.03113302145122
22605,6.302296413695463
22606,4.698086805899425
22607,6.738777477209152
22608,2.3337145680660063
22609,3.7387264051468976
22610,6.266352683018484
22611,9.178245233103382
22612,5.464032783952885
22613,4.354258013092054
22614,2.7280920002523943
22615,4.443203664211685
22616,7.465109970082409
22617,4.732296220242283
22618,5.741036606935925
22619,8.15060223578638
22620,4.571523335766124
22621,7.159415915485016
22622,7.954145558625905
22623,5.26151864566153
22624,4.67869073516067
22625,6.304480340867686
22626,6.980218415738184
22627,6.061009311701269
22628,8.39008380082757
22629,7.95475323904829
22630,6.968782616027534
22631,6.291467428148691
22632,3.1647123879681005
22633,8.595807092138298
22634,9.2159896939593
22635,8.202785786973049
22636,8.074149272284984
22637,8.715472131706424
22638,6.7629198226940845
22639,6.573825860473818
22640,3.8523734382034314
22641,6.924909003704782
22642,7.050595102682879
22643,0.8698628097836687
22644,7.964245769966486
22645,4.901302912674652
22646,6.800302157757985
22647,2.832036617046215
22648,5.220753274394482
22649,7.952842288991619
22650,8.044780100296933
22651,2.08251639134725
22652,6.897352676247024
22653,5.187707702850379
22654,3.7456288254114396
22655,6.505460736110642
22656,7.7899997325246435
22657,3.3335467693941316
22658,5.129183458326105
22659,5.13091822895962
22660,3.634583846808398
22661,7.056475827572657
22662,6.135055960669628
22663,7.970948187701543
22664,8.340206662289015
22665,7.539439832956612
22666,5.294479157489322
22667,4.755582281326136
22668,8.028827025322284
22669,4.968765245644674
22670,6.3912607467921
22671,7.353212430353805
22672,4.834091093214129
22673,6.205160186810771
22674,8.197239126906476
22675,4.278043288802456
22676,7.461479032195522
22677,4.4016131721758756
22678,5.377780258884302
22679,4.765504584774633
22680,7.060861918165386
22681,2.7915018817108583
22682,4.750241278749668
22683,9.254740869292394
22684,7.533671607795123
22685,5.927359618276801
22686,3.432565602827947
22687,4.963194917316463
22688,3.8616400285421326
22689,5.958064812866466
22690,7.287777220341091
22691,5.147906629661766
22692,4.636896392039432
22693,4.8826571279082644
22694,7.411181376730885
22695,3.0102806280883514
22696,5.195846168406743
22697,4.323837106817811
22698,2.277208814859975
22699,4.471899038528845
22700,7.85367198435504
22701,5.118473748262581
22702,6.189914917403295
22703,6.104485530957059
22704,7.292180343053053
22705,4.626140138995396
22706,5.402960216972716
22707,4.735818671485588
22708,4.629983498923089
22709,8.204146250767334
22710,7.955909958507232
22711,4.7570516523291015
22712,5.8769771193888305
22713,7.088298326751753
22714,4.742747177842243
22715,5.540515002451182
22716,8.013534162082077
22717,2.622203103911805
22718,7.799925143951754
22719,3.481837178161468
22720,7.909402644642293
22721,5.52017662418237
22722,6.960731613103644
22723,4.813885784014912
22724,9.430039285018982
22725,6.996881976197594
22726,6.011102262743551
22727,6.6616603044582705
22728,8.563675116681498
22729,1.4364616605021379
22730,6.075678608023854
22731,5.150839394822569
22732,3.7838755265724813
22733,8.530483444285377
22734,8.319755193648266
22735,9.004802802362567
22736,7.166617546853887
22737,6.18648722789522
22738,7.251755970830757
22739,3.8372329707846617
22740,4.939579999163304
22741,5.7808958792437295
22742,4.73648383586597
22743,7.54043032749114
22744,3.8003188904950393
22745,7.068378091154235
22746,2.0290142060939025
22747,6.183040298303296
22748,8.706113705062808
22749,6.402144346768791
22750,2.8408247393793795
22751,6.184523710892887
22752,4.330903462819942
22753,4.942334765877825
22754,4.766762436282292
22755,5.727760528044618
22756,4.374656826862268
22757,6.340429355342794
22758,5.221561536051487
22759,3.9167639372464107
22760,8.051401103423084
22761,8.202745618787903
22762,8.377550500104167
22763,8.124570487251452
22764,8.143627681552243
22765,6.360473004058287
22766,5.8782823762876975
22767,6.272313884769943
22768,6.062454535098538
22769,5.256487566131705
22770,6.769069053061979
22771,4.156906578811901
22772,7.232511870009411
22773,5.426768262335326
22774,5.196893124250126
22775,6.77152441922519
22776,6.212170485715113
22777,5.316724948205374
22778,7.676941531011856
22779,9.390897087570508
22780,4.672657855317409
22781,5.392184419472383
22782,7.096604588765335
22783,7.478241948229249
22784,4.209675169498904
22785,3.450513172602723
22786,6.891053426003277
22787,9.699136589752296
22788,4.589037662443827
22789,4.858423299329149
22790,7.045690521886333
22791,8.862153941439837
22792,4.546767918060904
22793,4.517481019254487
22794,6.227325297756593
22795,9.77776932938165
22796,7.24000005210277
22797,3.8764587385937004
22798,5.7847640151382915
22799,6.447293507465249
22800,5.994074564617299
22801,7.675718377193071
22802,6.491174907050015
22803,8.603931693347842
22804,6.002830154594649
22805,9.353381315487347
22806,5.952982311905745
22807,7.035683989419832
22808,5.052533423692987
22809,6.020234245426917
22810,5.079713980568149
22811,4.660643053960789
22812,5.343874573248846
22813,7.072549009448357
22814,7.211102171894595
22815,7.467756814972669
22816,8.387095773279949
22817,2.9107295704821103
22818,2.395289671025926
22819,4.3778826957711425
22820,6.220318116638583
22821,7.045611123118651
22822,5.585775775467472
22823,7.480774795303698
22824,7.529863871048782
22825,6.191627209011527
22826,8.80481268591251
22827,7.628743550017385
22828,3.3325884252585056
22829,5.581991079660777
22830,4.346658147984141
22831,3.9795734512576915
22832,6.033491544129619
22833,4.307662166371566
22834,8.135426539187076
22835,6.3972500847144556
22836,7.647622368939643
22837,5.210723137473235
22838,6.6222567302218405
22839,6.342991741332762
22840,2.5847025575201124
22841,2.480346078452797
22842,8.138921720060901
22843,8.511521151809145
22844,5.021307126173244
22845,7.457695701246294
22846,7.683227319681468
22847,7.13779694829311
22848,2.7556384978980626
22849,8.829678178475373
22850,3.203460701247581
22851,6.888484513706757
22852,3.6175079991644488
22853,6.358722575218491
22854,4.8245767987303285
22855,5.724242876139635
22856,6.103651827351036
22857,5.089504983740495
22858,5.216970188054815
22859,5.0012605522935925
22860,9.460654333229497
22861,3.999877731226147
22862,6.451992612490185
22863,3.766026400572972
22864,6.268748685230191
22865,8.491392887613877
22866,8.311131541413115
22867,5.399274956832336
22868,8.299478590633152
22869,3.936036702620092
22870,8.181522845904745
22871,5.674469531561106
22872,5.657077370822214
22873,6.992217559381496
22874,6.628589286699101
22875,4.75527116112831
22876,3.7168595647873603
22877,8.287181520632663
22878,4.113356678042659
22879,6.086979812298101
22880,3.838401504344577
22881,4.1503715134683645
22882,3.7536710273494975
22883,4.448477643502073
22884,5.307672239960736
22885,8.322073214257403
22886,8.936884856735926
22887,4.421946601873405
22888,4.5716504723401465
22889,6.100533438365078
22890,6.967418781508793
22891,4.8702650759695345
22892,3.8258442333621416
22893,4.522564210230351
22894,5.926144518428997
22895,6.876619571014042
22896,9.249182651934467
22897,5.902101649024792
22898,4.032892639783085
22899,2.7556880805233095
22900,5.310712545872019
22901,2.696447565075937
22902,8.39568758907589
22903,2.514240704620819
22904,3.9679474566537336
22905,7.623503928595061
22906,8.700530025452993
22907,6.590570330267378
22908,7.476143694253745
22909,7.166009775229767
22910,8.721442657514475
22911,7.275565679116203
22912,9.459142649692946
22913,3.4283815847698156
22914,2.183727729350501
22915,5.727580810068946
22916,3.7336882605940644
22917,6.293783024456865
22918,4.6129035806313
22919,2.820414074510077
22920,8.550408874505477
22921,6.628205815966274
22922,3.434247519807048
22923,6.912419299362334
22924,7.227678086067591
22925,5.6942703236955
22926,2.9285344597569045
22927,5.429815729353587
22928,8.145311912062875
22929,6.923405900901848
22930,7.223987987936125
22931,2.653542316164739
22932,5.269350137489932
22933,7.229565513680528
22934,7.021234040788391
22935,8.385837280132554
22936,2.417299500113269
22937,5.475158348440947
22938,5.30759637270698
22939,7.857675956928167
22940,5.2707386120410025
22941,4.367447221388078
22942,8.483655569324174
22943,3.276355496383007
22944,7.30289603150983
22945,5.035107545325382
22946,4.455395469400026
22947,6.1079735671916
22948,5.471108656046399
22949,5.054516564159984
22950,5.995437795252636
22951,6.673291319008018
22952,4.527796647427358
22953,5.368476596217424
22954,6.306433859233676
22955,5.0692578526534495
22956,2.8849191592960013
22957,2.98194357748481
22958,6.2594185673844605
22959,6.09703657925812
22960,6.880787189993161
22961,6.152061512500866
22962,7.434052175526174
22963,3.293006296658308
22964,4.31060364831109
22965,5.420287949523143
22966,4.420226583358081
22967,4.555878730855707
22968,4.088122603319162
22969,2.497099374697596
22970,3.0647368466283837
22971,9.656212582252518
22972,6.055629844920733
22973,4.6859681666540265
22974,7.88897483507036
22975,5.308339194006227
22976,2.0635986419784245
22977,4.061572786544973
22978,6.175287472824897
22979,4.53576906506036
22980,7.766613690090378
22981,7.087752541346651
22982,6.920779085790618
22983,6.108443175112465
22984,6.702765504882924
22985,5.558082980604705
22986,6.334726840259212
22987,8.682682214609567
22988,9.455738820299704
22989,6.151576317271836
22990,5.3780209903108105
22991,7.464647223272188
22992,3.6120455880346896
22993,8.25214901480364
22994,3.3821359655641827
22995,4.634053429277449
22996,3.5390104359363823
22997,7.177592992917579
22998,2.81904494537761
22999,6.479517849373131
23000,2.0564524793530032
23001,7.009203949612075
23002,7.77133060618984
23003,6.054233661742292
23004,9.247986102107163
23005,6.499306552419151
23006,2.577132708456717
23007,8.773391493393357
23008,5.168894917065439
23009,8.257957117344825
23010,5.578350275227299
23011,5.413458555616544
23012,5.020678199572939
23013,5.98994853108449
23014,7.747570851499835
23015,3.3001032917090263
23016,6.771500064975053
23017,4.812052444277026
23018,3.686544674094656
23019,8.541806578791812
23020,6.3106365416667805
23021,5.640604223000021
23022,4.778713429868286
23023,5.875525202381319
23024,4.8432965319255405
23025,3.5776737045010036
23026,4.577805699714526
23027,4.1290921826054525
23028,6.236115271474905
23029,5.230651450298113
23030,6.9473549245706865
23031,5.690040647034646
23032,5.634496514662164
23033,4.172614878606833
23034,8.504533803949082
23035,5.212499642112215
23036,5.615973366708462
23037,5.276881039067194
23038,7.737245855524208
23039,4.882831622701429
23040,5.932188628108885
23041,2.550384300391335
23042,6.14116883948652
23043,5.491734355616319
23044,5.885338105670205
23045,2.599018376365468
23046,6.450191304582499
23047,8.097235478027102
23048,3.1709700625048294
23049,4.659516178914101
23050,6.437816152571709
23051,9.78156131620823
23052,4.0351870555768405
23053,5.063843043921132
23054,6.490657516281681
23055,5.942750619643435
23056,8.137288908940874
23057,5.794798246103828
23058,8.722258722849443
23059,7.416681313934089
23060,8.200307377398541
23061,5.481910868896665
23062,6.613710158839808
23063,4.231513792127456
23064,6.4974554911434
23065,6.844232363105142
23066,3.68014966230312
23067,6.092634312636827
23068,3.788997191976572
23069,7.0222290846590765
23070,3.5271142246919354
23071,5.613991832921908
23072,8.436224633702247
23073,5.46967204503356
23074,7.484582010560717
23075,5.627310648496922
23076,5.64822519019839
23077,7.953992000072299
23078,7.087753388155969
23079,3.475310079797958
23080,8.450218632423995
23081,7.639612978628088
23082,6.620546959349349
23083,6.506621654408349
23084,7.192516279265424
23085,5.608399251688494
23086,5.559627136790789
23087,8.744720440783453
23088,7.385754171064454
23089,7.311832469919279
23090,5.361069511093737
23091,6.181165512293541
23092,4.75517341481005
23093,6.455903324862822
23094,7.23373730904328
23095,5.837787337474113
23096,8.65440499743749
23097,5.169455356244652
23098,5.1999041131673565
23099,8.399141626731117
23100,6.423890261115963
23101,7.593981268917505
23102,1.3019114259923694
23103,7.973979337197332
23104,5.367789873520185
23105,5.480240876170713
23106,5.2986154843019175
23107,4.77228821325649
23108,8.834210554213945
23109,5.329040385359399
23110,2.850702735184636
23111,3.711664519345746
23112,7.10365817412684
23113,4.393047097424288
23114,7.064575072830985
23115,8.28843132880996
23116,1.0132590170922078
23117,6.792981372501437
23118,6.8484389468076445
23119,7.68233362090542
23120,8.928463562359465
23121,6.7395691441838155
23122,8.203623953535232
23123,7.8701438174286995
23124,5.088516132517799
23125,7.138610463512054
23126,7.853075320298767
23127,5.005431557644039
23128,7.756140552943632
23129,6.084429064614443
23130,3.606862145183096
23131,5.41164627417344
23132,7.636642347110124
23133,5.1404135939888125
23134,6.206990891682169
23135,5.602935832299389
23136,8.127588487088328
23137,5.190533215820009
23138,4.2011754267083505
23139,8.35553304927787
23140,6.367702669561139
23141,5.733681984919654
23142,4.50683955310282
23143,4.03998260264793
23144,5.089305528325381
23145,5.3488289337064785
23146,7.323634994178906
23147,6.672198217628119
23148,3.919842644924065
23149,7.109446657435403
23150,7.197122424911259
23151,6.9326038723759975
23152,5.724610838863207
23153,4.517644337314097
23154,5.1794237373757905
23155,3.5406541573702994
23156,0.6120318667884251
23157,5.846291046575696
23158,5.868995020672145
23159,4.256700603721742
23160,6.919043617944934
23161,6.166034733382412
23162,2.298775676211964
23163,7.691610949974252
23164,3.720626662447752
23165,6.006910196655038
23166,8.550820644497387
23167,8.437898022293378
23168,7.307753277177413
23169,7.10980593613327
23170,6.552295346956401
23171,2.9350930192757008
23172,8.099308485781627
23173,7.104903111122678
23174,1.0690267154008528
23175,5.661827792921779
23176,6.209667401790304
23177,7.620274086795272
23178,9.015507549445582
23179,7.026195419063697
23180,9.305289491758842
23181,5.644517398748697
23182,4.396203535218068
23183,5.0810410103869525
23184,8.529127221030759
23185,7.385301748713756
23186,6.97457137641175
23187,7.277046945598644
23188,3.40786728646919
23189,5.366914651890596
23190,7.44802196198979
23191,7.76111230540333
23192,5.731842081502089
23193,8.447223981247465
23194,5.992726371000219
23195,6.208718237255245
23196,3.8720212973073806
23197,3.9649896567665253
23198,6.842334059337896
23199,6.587192803945568
23200,5.447014470632143
23201,7.364453484201398
23202,4.385319251505316
23203,6.062402213828997
23204,7.262334002754292
23205,5.9453668389015615
23206,5.319460441853673
23207,5.843984343829713
23208,2.34252706492615
23209,5.168610692839157
23210,1.5081577412369236
23211,4.119294532275302
23212,6.858376911225553
23213,3.176479360318448
23214,7.72011098158899
23215,5.369064634294988
23216,6.955186688603765
23217,2.8418633231508146
23218,6.93207387308271
23219,6.61007664239186
23220,4.704474485295421
23221,4.894379933606334
23222,4.001121514116402
23223,3.916354260451965
23224,5.132142663601839
23225,7.354084603666695
23226,7.591534574004473
23227,6.278893625915641
23228,7.84524874005088
23229,6.865421103512842
23230,5.820591031896891
23231,6.501982117182116
23232,7.118672760659914
23233,6.562081515531442
23234,4.6785607754907215
23235,3.9923852711097374
23236,6.549716017812933
23237,4.759231035024883
23238,6.899343248221918
23239,7.027004817850876
23240,2.058816097835753
23241,5.6428030195086905
23242,5.027726323281097
23243,4.341191117046234
23244,5.837762344799891
23245,6.168918200275723
23246,5.886957056091758
23247,5.844702352609406
23248,6.997512731592105
23249,3.960191493528318
23250,4.608329614541042
23251,6.281977595983285
23252,5.9035744187378985
23253,5.329127004734525
23254,1.7335589559287896
23255,8.642041568386816
23256,8.142123516672944
23257,4.428701070276777
23258,3.254172555394706
23259,8.98910099861735
23260,8.59675222410933
23261,6.147621568635
23262,1.1497537172111252
23263,7.988316512799476
23264,7.410016536457627
23265,5.338588477070347
23266,7.08695549071583
23267,5.680500911495227
23268,5.98878359638236
23269,8.845411464696989
23270,7.087761143968452
23271,5.649393911617571
23272,6.036204262633632
23273,7.832050279754968
23274,6.943608234205726
23275,8.061378838075546
23276,7.517186860046178
23277,3.4774091341907374
23278,3.69291038560419
23279,4.901379366490561
23280,6.120174696870702
23281,4.673755810012894
23282,6.515974750376344
23283,4.856017380420214
23284,4.560547760481272
23285,6.084284380107474
23286,5.050454261988885
23287,5.422604575984538
23288,4.0772929698768445
23289,7.22213512632666
23290,7.459246927117912
23291,6.7994313587400175
23292,5.59595884910594
23293,5.794990379594737
23294,7.866661632856692
23295,6.38782939566652
23296,9.649234027299972
23297,7.125699446785264
23298,7.768528391914202
23299,7.155838869918294
23300,5.441401749671815
23301,4.939561280319569
23302,7.6000134687699425
23303,8.36515722302077
23304,5.548884472749137
23305,4.912877052359148
23306,6.302510835519138
23307,8.32558221809958
23308,8.673369831168966
23309,5.390658192558843
23310,6.3245323454110345
23311,5.50352210057626
23312,7.706567226813746
23313,4.086497040694028
23314,6.251057235801001
23315,5.370267775013468
23316,8.920543818686912
23317,4.801330258831858
23318,9.022985369142924
23319,6.702465316353326
23320,2.541899365632684
23321,4.091736612263038
23322,8.041170870222206
23323,6.660597064557038
23324,7.629912309689381
23325,7.470009612178177
23326,6.9811464245582115
23327,3.8572711801359203
23328,5.943057538251904
23329,4.776754868350734
23330,9.616527780689932
23331,5.678497395050674
23332,7.12787490395655
23333,5.084880109021386
23334,5.274191862049385
23335,3.723773544767218
23336,3.18949132135572
23337,5.3037882567492005
23338,5.8842755196195595
23339,8.039960448896348
23340,7.3915090196032995
23341,8.75457194068768
23342,4.989477560218582
23343,5.9571446948836195
23344,6.156322498375954
23345,7.86044655530439
23346,6.968516497047193
23347,3.1076365606227094
23348,3.8570319165209397
23349,2.04124002089936
23350,5.382630579258556
23351,5.890889952142409
23352,6.898038718054698
23353,4.62395120065069
23354,3.962848763230473
23355,8.775016353728864
23356,6.144419891856332
23357,7.1042532184563045
23358,9.55290429330245
23359,5.390482765192546
23360,5.520876910310074
23361,7.413942262537914
23362,7.719906230187791
23363,3.321891864084857
23364,4.354808475341859
23365,4.285522880560562
23366,7.18281720086628
23367,5.494786631442452
23368,6.26384957317797
23369,4.713129840436833
23370,4.128234879414972
23371,3.6128810911762477
23372,6.1305544789137265
23373,9.264941084493902
23374,4.232475797666288
23375,4.660140698452144
23376,8.782591912895228
23377,4.4673715772516776
23378,3.2675964562000948
23379,6.509909162750594
23380,4.190365514552436
23381,6.881198860836288
23382,4.646674767424619
23383,5.486647528138462
23384,7.5946877895658815
23385,3.8444580944128353
23386,3.5824145008188717
23387,4.307696911900985
23388,3.4419156441447485
23389,2.5341800032863775
23390,4.754828150609977
23391,7.328782521595009
23392,2.274796321750224
23393,7.7966152642194375
23394,6.740495712327677
23395,3.830260128496042
23396,6.211239544112048
23397,6.183856930058394
23398,1.3368528190483708
23399,5.679402532526252
23400,9.138204558833696
23401,1.5728322438338551
23402,6.448907205569978
23403,5.250511271759886
23404,5.944147354448745
23405,4.609966599374414
23406,9.057202827710146
23407,9.07262954399205
23408,4.881313538947832
23409,2.740414571574928
23410,8.942949332848066
23411,6.149764430061992
23412,4.9468973880811715
23413,8.032005852392015
23414,1.9858741710775896
23415,7.528258478958709
23416,6.006660275868546
23417,6.044378504578126
23418,6.441075829946001
23419,3.672751393714291
23420,6.677351844540597
23421,3.7867798548557206
23422,7.192067779273112
23423,7.44765800092579
23424,7.829813792793753
23425,6.653513629352554
23426,7.889144492525746
23427,9.316249716565338
23428,2.361976048959038
23429,2.937709693907954
23430,7.36978646433446
23431,5.296321956937932
23432,7.729954328156667
23433,2.915815340939498
23434,5.372526742889088
23435,6.254263167099624
23436,7.965488234749806
23437,8.632350389727973
23438,4.275826747462567
23439,2.7776751011589673
23440,2.428049432392176
23441,4.432407112415817
23442,3.9347205897563455
23443,5.706433238832621
23444,5.0777610127914725
23445,7.800186743366571
23446,7.440519335563901
23447,6.738289561335051
23448,3.6020249365861416
23449,6.309828582714379
23450,7.480879823397726
23451,4.029201530505606
23452,7.309544398249534
23453,4.324087443767184
23454,8.272322337511653
23455,3.763011892239912
23456,6.661487998748385
23457,6.8362370307986735
23458,4.046667210690666
23459,2.3201901448953164
23460,3.521007684601762
23461,8.918179838962399
23462,7.654553404850124
23463,6.535947578011582
23464,7.466500522035217
23465,5.843671232461555
23466,8.008286276296236
23467,9.304636461131764
23468,5.732226728692028
23469,4.796797251764974
23470,8.158624791753908
23471,5.2201369056251945
23472,5.508883578369286
23473,8.38652910587614
23474,5.608246859134762
23475,4.306892650983086
23476,2.0649481477093383
23477,6.609977468449618
23478,6.676756226721833
23479,3.8587570449317057
23480,6.363546408183123
23481,3.9178410422964296
23482,9.292828388373053
23483,5.638616569723378
23484,7.760752905795712
23485,7.600951299407217
23486,7.651568921989515
23487,6.524682051627695
23488,8.864092672279696
23489,4.645054440705214
23490,4.019646462465957
23491,3.999135482984684
23492,4.710098698027773
23493,8.314994066810655
23494,3.591609787779775
23495,4.920787648147324
23496,6.993047473365995
23497,3.615017103907519
23498,3.7116764621841076
23499,5.560733914798098
23500,2.550088144962764
23501,7.395798611317799
23502,10.0
23503,7.053558724609118
23504,6.682825061380397
23505,8.356699732699699
23506,6.706711233729043
23507,6.201253643172651
23508,7.622986574918559
23509,10.0
23510,4.057417001523402
23511,6.745972821136666
23512,4.576982354155878
23513,4.40147638394796
23514,6.519467955745361
23515,2.5989665021519563
23516,8.32990211486983
23517,6.637593960579312
23518,5.066297792645656
23519,4.910940474230986
23520,6.552054424259954
23521,8.231623053155884
23522,7.12098063159893
23523,6.403526668383397
23524,5.888701453977849
23525,3.834502610008232
23526,7.960758578750507
23527,1.4987907863884504
23528,3.3489784199463903
23529,8.263788193952283
23530,9.167141163842244
23531,3.966667062485436
23532,4.858515242376912
23533,6.752954188559352
23534,6.331403459428994
23535,5.606642561169754
23536,6.8715429284207845
23537,2.022692667899717
23538,7.333355307374464
23539,2.041466538216714
23540,4.709569654668407
23541,4.258579579953134
23542,2.9003340343633055
23543,5.040907349233362
23544,4.309915504286022
23545,6.153396281126433
23546,3.0719172399664467
23547,8.812386513159204
23548,6.31046308276378
23549,6.478236038355919
23550,6.5300859093784265
23551,5.489688378917011
23552,5.7390247607792
23553,5.479988106068669
23554,2.8151817953849267
23555,5.6070130482041876
23556,7.093421123264221
23557,7.069836996568496
23558,4.128312490727341
23559,9.228585592526002
23560,6.831025018834026
23561,8.953106996468719
23562,5.562422361531594
23563,7.633385117273713
23564,4.566258747826346
23565,4.94417600862943
23566,5.961084879603842
23567,4.3321856757391215
23568,5.474474879590845
23569,2.9320602066701924
23570,7.128610463565954
23571,5.690660199940497
23572,4.7518817438984255
23573,3.952834072862106
23574,4.450572283820129
23575,4.744597380453236
23576,6.628397777644518
23577,6.83099589468068
23578,2.868996866079889
23579,7.065926493087734
23580,4.281121637750116
23581,4.540286581789951
23582,6.205798517489827
23583,5.912947915807494
23584,6.714124928909756
23585,4.571292932096343
23586,2.9485579275115836
23587,5.502029631325729
23588,3.743821190896063
23589,4.86834977026281
23590,9.42027216537986
23591,6.017050050351827
23592,4.39395019646048
23593,4.953592933494375
23594,3.3534304793606795
23595,7.16599537079121
23596,3.276756473679783
23597,2.264858386262899
23598,7.758728137414255
23599,3.1497970645881055
23600,3.156220349188002
23601,7.561350625010192
23602,6.472531024674464
23603,5.6674672034355735
23604,1.9053790130631652
23605,9.974927487418766
23606,4.218043229272141
23607,5.151215836983522
23608,7.388441854491894
23609,8.627206649987619
23610,1.86019734945348
23611,2.462544222637148
23612,3.5644484801480174
23613,7.52577186772467
23614,6.394596329476168
23615,2.777789850441862
23616,6.620589616617751
23617,6.709008642584142
23618,6.2086408850793955
23619,2.508109125870263
23620,5.186232246270069
23621,5.232939919524371
23622,6.44300777911584
23623,7.089330319258939
23624,5.115139073217037
23625,9.089116372947114
23626,6.432805518372353
23627,7.172342479196968
23628,0.9068967680150894
23629,9.064627512022364
23630,5.895457100000536
23631,7.070919476287955
23632,4.554817582497335
23633,7.573020997538578
23634,6.305686951214512
23635,4.4094530947257145
23636,5.439012235710169
23637,5.5845310362439164
23638,7.512027020849966
23639,9.398037017574229
23640,4.693472368654534
23641,8.632276655362865
23642,4.728081320594191
23643,4.60615860664812
23644,7.783453502754453
23645,7.275025810814746
23646,2.085875746787681
23647,5.930840572695715
23648,6.1633162701876785
23649,5.292384663538191
23650,6.881321178900085
23651,7.428665523551425
23652,7.037767270401588
23653,5.985372718576366
23654,4.710679855117564
23655,6.959320479865335
23656,6.767922887205986
23657,5.028519809919212
23658,6.163265612491704
23659,5.461305926656928
23660,6.493378823419287
23661,6.802214650321005
23662,6.658833411479695
23663,5.3310740653484645
23664,3.0913045087248823
23665,7.274131615963549
23666,6.46442986707059
23667,8.744912673500869
23668,7.169901742108175
23669,6.83487315942728
23670,4.740860719726615
23671,5.967744351189623
23672,8.982935345318044
23673,6.949585444939859
23674,6.558222723695503
23675,4.889688489574174
23676,6.20313199391247
23677,7.921806075373143
23678,6.294628364040596
23679,10.0
23680,3.6223174711069737
23681,6.088574288989034
23682,7.03856878973978
23683,5.879706007695213
23684,4.455541555501173
23685,4.747321193623149
23686,8.344987647489571
23687,4.422560525595405
23688,6.47178740651501
23689,7.036172317726505
23690,2.388888813748829
23691,6.023514105083732
23692,4.051436120043791
23693,9.557043356796793
23694,6.10517805386866
23695,2.5443651873932938
23696,3.9277675811901034
23697,8.404972318644237
23698,7.4101572130485565
23699,3.7096712697969045
23700,6.710788393760415
23701,4.810667797896814
23702,4.8697230784232515
23703,7.916542941919846
23704,6.775847609178098
23705,7.278508049356124
23706,5.667845812708711
23707,7.156024202369349
23708,6.248852036530488
23709,7.002816670569496
23710,5.432475458738155
23711,1.4209219099466635
23712,6.924910239862605
23713,5.810537754038969
23714,8.01941277002403
23715,2.950257232611359
23716,3.536113455083792
23717,8.49770542561399
23718,5.074336316051064
23719,7.678163314151943
23720,5.408609409808657
23721,3.067007451657235
23722,1.3674000632349672
23723,5.200905196676786
23724,4.6926827860580165
23725,4.696787421204929
23726,5.940057672427231
23727,5.412453183008009
23728,7.008222914372429
23729,9.04096380542402
23730,1.396338788710753
23731,3.933397363645562
23732,6.097224986469358
23733,6.309803956164025
23734,8.752882386250539
23735,6.443052731855916
23736,3.2350444537018057
23737,7.588481255903288
23738,4.979772839686211
23739,8.918254312975431
23740,9.085280072678621
23741,2.393366209625972
23742,4.1009006689437015
23743,4.827559472326688
23744,7.5838549570919085
23745,7.778202834872485
23746,1.9975715901562225
23747,8.228372169255831
23748,7.779141720468084
23749,7.711476864546323
23750,5.051012220716434
23751,4.469678629663969
23752,6.067246891402873
23753,7.93288539449736
23754,6.589176641685737
23755,7.466413119714737
23756,3.738323226286563
23757,4.006169070291599
23758,4.657469454896016
23759,5.564730680866616
23760,7.784245337345075
23761,3.055924922515896
23762,5.299222986135869
23763,4.669498149656662
23764,7.919543737504066
23765,4.880214988341788
23766,2.0291446108705378
23767,6.282745599423764
23768,4.172800703592433
23769,4.910305029002226
23770,2.8441479888302714
23771,6.517968311523194
23772,4.176322388416443
23773,9.828803418059534
23774,7.572837587301701
23775,7.5096808230400045
23776,5.643666605488702
23777,8.093194203456921
23778,5.868736060834087
23779,3.4718025491773723
23780,3.0518689559560697
23781,2.7463596612542966
23782,3.1202533499081584
23783,6.813305857479902
23784,5.199470199307006
23785,7.12799013715306
23786,7.333399607394521
23787,7.853948403095794
23788,6.915046157665094
23789,6.66220598112186
23790,3.459494751331159
23791,2.995388848717628
23792,7.172753677775006
23793,6.3828298518663455
23794,6.547653605818317
23795,3.561335277501218
23796,5.407077832396531
23797,7.133056647567898
23798,5.866890040498246
23799,7.432310818703374
23800,2.7890509963108974
23801,6.945690152192627
23802,6.2700450731734545
23803,4.82655891576951
23804,4.987371350675341
23805,6.507383518462466
23806,6.08632525130169
23807,7.512045052030731
23808,3.0496658145680184
23809,1.1395519777231624
23810,3.8155687200429256
23811,4.684038841173484
23812,2.6899165588446174
23813,2.147736089833467
23814,6.774193221872068
23815,5.810919993786431
23816,3.6617398918942348
23817,4.1626848251116595
23818,5.869820391521146
23819,8.681515689301698
23820,8.984175141623844
23821,8.128319393068322
23822,5.795433039910788
23823,7.124462983820296
23824,7.879529864923207
23825,6.384201979235834
23826,6.130279251808068
23827,4.064189908095961
23828,7.470003465763045
23829,4.193505890779347
23830,6.552294806380004
23831,0.2719100156660762
23832,3.5049996698324577
23833,1.6927933533245003
23834,8.204682873137932
23835,2.3863430704702386
23836,5.857375544639334
23837,5.586057285935661
23838,3.2367986730938596
23839,5.181411085635152
23840,2.4886688492935285
23841,5.213944472102321
23842,6.291492156243761
23843,7.381907939315596
23844,2.27678537527725
23845,3.944304993075511
23846,3.73709460537322
23847,8.913315975337477
23848,3.669041934672446
23849,7.6928256904766315
23850,7.508294940291857
23851,4.946725839544787
23852,7.443148433560452
23853,8.859023263019875
23854,3.891884179621563
23855,6.94091691565379
23856,7.440080395276622
23857,6.1016974523433545
23858,3.0701708466282764
23859,9.263905918627913
23860,4.8280182820812625
23861,8.357407186524924
23862,7.817374888287776
23863,8.198705051056276
23864,2.2181909064968304
23865,7.462307844033949
23866,4.187889066595107
23867,4.1323248784509445
23868,3.847517778145059
23869,5.618879002685141
23870,4.588942123107353
23871,10.0
23872,6.159752893918116
23873,4.613119707183946
23874,4.1876028378666295
23875,6.735624993334609
23876,9.455491322077613
23877,6.756841681102699
23878,7.461890921039322
23879,5.070849158909464
23880,6.42662271031044
23881,1.1763277385050874
23882,7.762575922925589
23883,2.406926737602916
23884,5.244207967957829
23885,3.935205779046862
23886,7.465952659264225
23887,6.292698916312358
23888,5.819484665606684
23889,4.8732585772306205
23890,8.758821799851194
23891,6.954667876083571
23892,5.813142227496627
23893,6.031269752673771
23894,3.3171933435620304
23895,4.244287614968473
23896,3.4656291627559157
23897,6.6518635595932825
23898,7.436922421514412
23899,2.6239025113628633
23900,2.3119206381954345
23901,6.667154317101648
23902,5.277451212953637
23903,6.726535740835122
23904,6.49578934106389
23905,8.217441691994471
23906,7.556298769973543
23907,6.933947391242995
23908,3.6191920889845157
23909,7.195033565056072
23910,7.273799276083912
23911,6.305043383021604
23912,7.305484473465202
23913,6.110484096346328
23914,5.840921948651399
23915,8.438627089126948
23916,5.396071262675295
23917,2.9274564092358224
23918,4.995201093913636
23919,3.9166921036755014
23920,8.719225080702486
23921,7.370243554197971
23922,1.1495218710565251
23923,5.285365356396835
23924,6.647105775294722
23925,3.8726671086454956
23926,7.017543202797862
23927,8.209228860266668
23928,1.144195822802002
23929,5.1425456412320685
23930,4.071126517460915
23931,3.3737667363160058
23932,5.038595416547486
23933,5.991330504727159
23934,6.074242641451535
23935,5.605723604566636
23936,3.6628317644131103
23937,5.396613029326251
23938,4.683380475692367
23939,2.576497930137747
23940,5.795487976884186
23941,5.432839239630816
23942,3.638532575417053
23943,8.576232808296291
23944,7.397169157866085
23945,5.601786297105166
23946,8.603577763264733
23947,4.967604909878803
23948,4.141656677864138
23949,4.777672714064595
23950,6.7177831401195665
23951,5.1011735471998945
23952,6.895247469099698
23953,5.608224521833173
23954,8.225627947068045
23955,1.9955711764253348
23956,2.682428680535444
23957,3.949352205342629
23958,8.14721809135177
23959,9.997729868165393
23960,5.044065692976264
23961,6.272958393164392
23962,4.912027056406829
23963,4.258574152815333
23964,5.71210244684287
23965,4.420771352630117
23966,1.7150288882833018
23967,6.293527085797203
23968,6.806515514917836
23969,5.737176100656099
23970,4.719818021228951
23971,6.923370258014498
23972,2.9036753803153523
23973,7.507681300106851
23974,7.4588552100455745
23975,8.595486243340318
23976,5.327709846157725
23977,8.416812952771426
23978,7.4731398328327625
23979,8.310518623579194
23980,3.7401988707245146
23981,8.784066624980216
23982,6.941654840573375
23983,5.272359494432999
23984,5.012938734359648
23985,7.971551189641957
23986,6.274124732041424
23987,7.027936029197467
23988,6.240416053411795
23989,4.826642363556047
23990,3.702260429915525
23991,6.3253784858310365
23992,4.17339122796813
23993,8.74551183402662
23994,5.251567022348895
23995,6.413375319515706
23996,3.317350639545487
23997,3.6529139588865425
23998,5.342329767832763
23999,5.178567279164301
24000,2.974648437474877
