id,bilissel_performans_skoru
1,6.037308366776065
2,6.353497378788596
3,2.9182692871628104
4,7.176370474137992
5,3.650911768465228
6,5.4694983806606245
7,3.1899173894618076
8,7.491626701520405
9,3.7923531776704236
10,3.6559860433323608
11,8.637623326069088
12,4.187932185624058
13,6.438817560827094
14,6.845067308233882
15,6.029572070476851
16,4.294122870983313
17,7.275809754368919
18,8.127175476106757
19,7.159523674867897
20,4.932077147823063
21,4.437324214662903
22,7.306809951105871
23,2.7856999061380043
24,5.339799971634105
25,7.190466527795418
26,6.645362944664965
27,7.08923910353951
28,8.101723931727573
29,3.906321107563296
30,7.674121752478781
31,7.052535144605353
32,6.6862683181549105
33,5.487367522967076
34,5.344022059954138
35,4.305034897966808
36,5.477957069170521
37,4.728521178048681
38,5.983359749346211
39,7.350711230627148
40,8.15347912232456
41,6.57275880230915
42,6.063559972487113
43,6.8355616825227
44,5.473311460167283
45,8.854863315717012
46,1.7934514514216144
47,5.215748248008647
48,6.693525478136396
49,4.993488860832661
50,7.776077189145201
51,7.194488000142044
52,3.1615449846316026
53,7.006063563283152
54,7.535900968795509
55,4.332565914489866
56,5.836665997703742
57,2.401985655427187
58,3.604562940297311
59,4.545936034432539
60,4.156196448382479
61,8.85965946855745
62,8.59340219130688
63,7.595346422274534
64,5.4944732483237315
65,4.627642839384948
66,6.126091090538564
67,4.927034086658
68,5.569380339727409
69,7.586018640137913
70,3.0583491853040163
71,4.334542589485995
72,8.497601859572733
73,8.43562545327493
74,5.9062598004016476
75,2.703604400952869
76,7.378205343737636
77,4.605772072324108
78,3.8693478324958535
79,8.959942443599294
80,5.976242878996983
81,4.037907227102861
82,4.813472676256675
83,6.188503644135088
84,7.281080268662796
85,5.710742062506588
86,7.078722430693617
87,7.462360127253957
88,7.58324596060051
89,3.0800925483797443
90,8.436119410812982
91,4.206030847893532
92,2.7263745610271344
93,5.7464918007510954
94,7.832693880178478
95,5.807106590302128
96,7.578598086270513
97,4.7124172693433355
98,3.95929696688768
99,6.0989335023006905
100,8.780460656427449
101,5.146352052854519
102,6.049810465513104
103,5.33513068645562
104,3.8590993105930083
105,6.105518825441947
106,5.5531854436537085
107,7.990735946604451
108,8.778777545303335
109,7.8896492940784615
110,7.916127918270398
111,4.0504291784653175
112,2.9438014454558292
113,6.777104411356558
114,5.907060777031651
115,6.991643514921639
116,8.253125745961174
117,7.878179182866852
118,7.4063492680489045
119,8.737682192869768
120,3.4606458630293817
121,1.3917805383791289
122,6.294962134167922
123,7.264454915495159
124,3.675568339625883
125,3.435194764834006
126,8.078714892289899
127,4.40730705579422
128,7.069038605784293
129,4.615310436617552
130,8.408011652658649
131,5.745378164629912
132,5.502781300885424
133,4.7760068206714035
134,6.751760535005545
135,7.264513002054398
136,7.4875652727567825
137,7.4204178312425855
138,6.544715452325529
139,4.487512116036699
140,6.51556536873319
141,7.314324600258662
142,4.986783978324875
143,3.635841764329528
144,4.561171409607034
145,5.992241925873559
146,8.177036466020528
147,6.241139043615492
148,7.934522281652384
149,3.5144457931584974
150,6.872099267369251
151,8.011520757141675
152,2.413079670875687
153,5.013680225977007
154,7.90715741066717
155,6.002181996942575
156,8.602881304398299
157,4.43209063559092
158,4.946429257505375
159,4.897891105337473
160,4.344095844436791
161,4.3528071812947635
162,6.3244500415018
163,4.672683291391425
164,4.029205697426268
165,8.683528920492273
166,5.94247743168101
167,8.286418333908593
168,4.08880163459075
169,7.81309537583809
170,7.672846694786438
171,6.788145300072392
172,7.673428719236396
173,3.2622110895410286
174,4.81192938680685
175,8.119713667748844
176,6.080825995602941
177,6.3691673105963265
178,5.811439876053904
179,1.4143326042689437
180,6.23519456542852
181,3.5258811744391174
182,3.4143232979860487
183,3.972111768525641
184,4.222766018864495
185,9.239611568977262
186,6.073612033774049
187,4.6547633968865565
188,9.252021214183438
189,6.031370035323581
190,6.1852233312133
191,4.159016273282266
192,2.7998943322838286
193,5.449810325533138
194,3.795620888267763
195,8.988183625177765
196,8.152604506550869
197,6.656329391081364
198,7.336879099943639
199,6.702745559531512
200,2.9562929403010103
201,8.88261962502272
202,6.786919483149828
203,5.461726867039549
204,4.4598797576646625
205,8.521679226392148
206,6.066017659941063
207,6.567497093585176
208,3.8202713878606835
209,6.1484221238703345
210,6.448982558540189
211,4.562786803394059
212,8.313815493917788
213,2.9110016789743067
214,5.189007290673773
215,6.545097779643439
216,9.364311040028998
217,8.39501606494599
218,4.37149763993258
219,5.538103442311266
220,4.991169194675014
221,0.8097042004128772
222,5.287742078277715
223,2.6977934385502302
224,8.212917737381304
225,5.8977188846751245
226,8.295169482147104
227,7.596642813489761
228,5.4401645930502065
229,3.706668045459716
230,2.7805628030027894
231,7.414109319077871
232,7.430703722453428
233,3.913718440715196
234,1.1988397174451602
235,6.522046365268345
236,5.587979539428197
237,6.8941338154290746
238,5.774784876320153
239,7.574448229070332
240,3.994972755824483
241,9.005072318617177
242,6.605250138383359
243,4.599104293519554
244,4.799168682835109
245,4.178663634330634
246,1.7632660186522813
247,7.505133900200637
248,6.1987174498126425
249,7.0064001220069425
250,8.38433264556945
251,6.396329994826621
252,6.997735217663717
253,7.173240051679338
254,5.586886679283713
255,2.285311931982537
256,8.854567835864236
257,4.292798784769454
258,4.71875657216389
259,6.587756906092004
260,6.371470885313086
261,2.1954860665398384
262,5.56396203971825
263,6.160594828131279
264,4.734002639483693
265,4.5226914648632714
266,6.265880582283557
267,4.163062372521691
268,9.028489027091116
269,7.320844016341776
270,1.983147266225376
271,4.889076595901357
272,9.622371774452528
273,3.6874207251997397
274,5.697039165606487
275,9.030029978703359
276,6.099048405067044
277,9.41286736192687
278,5.4261464480253325
279,3.8812053407183895
280,2.1666094561051716
281,5.176819318307348
282,8.763129307207164
283,6.2210735748720385
284,6.081605244912259
285,7.660063748025874
286,3.417219024451988
287,3.231903571045988
288,8.190191492959315
289,3.713420443842369
290,4.352500681672664
291,3.2111156807593977
292,4.004010326571846
293,5.449568987027322
294,8.838176076137644
295,7.165590987596536
296,4.763073429180823
297,6.26082413350679
298,7.595947850323762
299,4.724757324367457
300,4.429709840543749
301,8.625770242434484
302,3.204146299685135
303,7.4589203137179565
304,3.574492507398827
305,8.856135529378586
306,8.034630429312246
307,7.088424556197471
308,4.893116982702243
309,5.074452573681921
310,4.442697465826089
311,5.564205662010599
312,5.318685285232633
313,9.435920895346745
314,7.2015481200159055
315,5.565589944332325
316,5.7401459239166055
317,2.379119388649715
318,5.4120148262610535
319,5.242145024151445
320,4.109203748725347
321,5.44277669259718
322,5.351112647507771
323,3.654745895210069
324,4.957007770216262
325,7.627175265381785
326,7.513582443226843
327,6.560538653632335
328,7.0473677550469676
329,3.7364306417927153
330,8.95833140997427
331,9.14299287213443
332,6.845230673727519
333,4.67631522165389
334,8.705776321680284
335,6.660958171833404
336,5.868017951392206
337,5.278016452382875
338,7.58553335424015
339,5.094040515818675
340,7.081253516359884
341,3.862987019527948
342,2.390473141866475
343,6.859003606506849
344,4.527142320744557
345,5.58205554642883
346,6.158911803089931
347,5.655190179999282
348,6.195013854779743
349,4.532555261268643
350,4.12472258764439
351,6.46840561169288
352,4.412995958299505
353,7.1387020765284275
354,6.312603496815401
355,3.378698922753834
356,5.41065488836603
357,6.568363974228248
358,5.487475241173373
359,3.1232653980499623
360,8.407475849846216
361,6.808863367060525
362,5.458250961698507
363,1.6475645255190436
364,3.05105321386446
365,6.75665192675352
366,5.442913229933267
367,3.564101278082453
368,7.189342396985529
369,6.545383520433889
370,3.6963054497270766
371,8.422243401126662
372,6.37244280462164
373,6.70500702143552
374,3.9380541510442684
375,6.197929823167617
376,7.622975587126815
377,6.047097407424237
378,8.232211509959317
379,6.562664319083933
380,8.607670430566241
381,8.769968814043377
382,3.3441855803001665
383,4.0315678236078245
384,6.791066312075543
385,7.942487576208004
386,6.626861458651469
387,9.256820294458521
388,7.705036447686508
389,9.804784685540776
390,6.204978370958395
391,5.355009284971824
392,3.5361214566239267
393,4.040004170858424
394,8.748668956923384
395,5.245163363969313
396,5.526969780397822
397,5.860746685156846
398,0.6412600224306504
399,8.523915356724483
400,6.857239666585874
401,7.574170198240729
402,3.4272627668607667
403,4.227019119360492
404,6.922883440227821
405,7.86709173291415
406,4.091370205355352
407,5.617690542376983
408,5.749634638349957
409,6.116714754990388
410,5.330750266751896
411,4.7794898832673365
412,6.8774437418873475
413,5.560020969749098
414,6.388240122660242
415,4.9008120824311465
416,4.807416772741075
417,5.184726291746709
418,6.152695010668944
419,6.081521554798334
420,3.067338126651309
421,4.006176339111578
422,6.5998583846377485
423,4.564960174916806
424,3.0161607001128075
425,6.348634282334638
426,5.059578304359209
427,3.594836738612328
428,4.1339554699386705
429,6.220040148932382
430,5.97253929036948
431,7.54256024685422
432,6.596526197005671
433,7.69965080218779
434,4.36396491861963
435,5.030492011842263
436,4.5116452188179865
437,6.389134847557514
438,7.3535579794101125
439,3.8726847460976623
440,7.782630597359389
441,7.968151187843441
442,2.7061613991938924
443,6.244944625803027
444,4.990665595704326
445,2.081024434488515
446,3.7870346059784277
447,8.135991177530109
448,2.3537216318610454
449,8.909519664006465
450,6.109931850636702
451,7.678334521198385
452,6.8461495629834275
453,8.546268123619667
454,5.002593965965328
455,4.58533776952106
456,7.704106430492085
457,4.985047980839043
458,4.8080317554309175
459,6.385962816063363
460,6.698579371588833
461,3.941356498317839
462,7.2936459894526635
463,8.953062327555717
464,5.048853655234292
465,5.599119489792353
466,8.299317474933826
467,6.559129930175315
468,5.261496046523824
469,5.111864462272192
470,6.305662746303155
471,5.758106363017537
472,7.032754640005264
473,8.55345766258245
474,3.84946686829701
475,4.421982460173313
476,4.954058243283326
477,7.42010252470466
478,6.530636958467264
479,8.072836806121767
480,4.48636195675754
481,6.327481773456424
482,8.320142343971721
483,4.577044973567352
484,5.871963554311545
485,7.629983388947631
486,7.435481696973904
487,2.273350620190476
488,6.599096785513043
489,6.556936455541833
490,5.577445671296225
491,10.0
492,2.896799816426655
493,6.291827333556195
494,0.863584890413333
495,6.396574549690515
496,6.803160675698822
497,6.887670558335276
498,7.567026250461962
499,3.748981554720305
500,6.528035591878459
501,4.989017276786087
502,4.673631279520373
503,8.528238083204506
504,5.095612853208347
505,3.5157389684192593
506,5.216497925306081
507,7.491483575170127
508,6.547933873759265
509,8.381410348096
510,2.547580438759341
511,8.429123432048854
512,6.623417822859077
513,4.13350922178938
514,7.073358715160984
515,5.11583046085917
516,8.972118522184681
517,4.680655519766147
518,6.383168811936322
519,4.003100123124913
520,3.415191926439552
521,7.825059453043866
522,5.708657619920752
523,1.4620328306243713
524,9.253387768317141
525,7.317550887906411
526,4.596015309325355
527,4.407834665594089
528,3.5866239694589934
529,7.818568841846465
530,7.69588745783191
531,6.269656644438856
532,2.027449084671016
533,9.066703631224343
534,8.647496478767115
535,6.715878519923183
536,5.9902050123601525
537,6.853159268959439
538,8.744634438899867
539,2.7258787489333924
540,4.3700098533756035
541,5.4774832215335385
542,7.157612319428099
543,8.388302537417022
544,6.752665473115667
545,9.602599001416714
546,4.783806370595471
547,4.561698810655747
548,7.473636615245729
549,6.263689362138152
550,7.225906159338446
551,4.612757887003555
552,7.298824260992487
553,8.906544197200068
554,6.746228601229444
555,6.4695323385727095
556,8.08907465058163
557,5.675448860833735
558,5.6260841255307
559,4.469708635228477
560,3.01323762763796
561,8.81690372870327
562,7.966794498782312
563,5.99077430231384
564,6.336336453420186
565,4.85908436472535
566,2.7921622387910245
567,7.4779177093353155
568,6.520368982804901
569,4.606559207963213
570,8.478780294122412
571,6.26497191766762
572,8.643164065062303
573,4.860846333307959
574,8.833139519321442
575,5.831403004832163
576,5.061620322245166
577,7.581643270567031
578,4.510812765301036
579,6.7752062378117355
580,6.203961062554667
581,7.1250171114890986
582,4.163510601283547
583,5.204723525776762
584,4.597363393991193
585,6.602712441704801
586,6.006265117761554
587,4.627269037064754
588,5.742060557821619
589,5.6352871672069025
590,7.224012140995631
591,4.064293291455568
592,3.1674170873472827
593,7.216155840481251
594,6.129805916820237
595,6.139222111789827
596,9.725836816442103
597,5.602144287893131
598,3.1839530357592514
599,6.664722046014965
600,8.044225502376667
601,7.726139163922994
602,4.258962339584522
603,5.333150409167125
604,2.0147586996357854
605,1.5755145335825307
606,8.43091196172713
607,6.461419577282351
608,5.277832758376952
609,5.681538424796908
610,5.942006885879737
611,5.2251899525609895
612,4.899597046839014
613,6.801239459755772
614,3.8046187789177806
615,6.524345968445471
616,8.33699971562258
617,7.0691831062237
618,8.321188717395213
619,1.6819607347385677
620,5.868368116148793
621,4.656245122335941
622,4.709925251335239
623,2.248085199692541
624,7.9880090551701475
625,5.607941116119657
626,4.922934617049623
627,6.271380309753401
628,4.7947708366055455
629,5.5564449186385465
630,5.269933255008051
631,6.6726746932988945
632,4.059157797227454
633,8.444187097821763
634,5.859721732741939
635,2.749671407869969
636,4.779324214955942
637,7.86261229377198
638,5.24196854862471
639,4.797069644273525
640,5.749225793048339
641,3.506011999386641
642,8.987262595088277
643,3.6598882636385652
644,5.9733404353837125
645,5.235886256003388
646,4.46908726410669
647,9.820014685581366
648,6.706801267967298
649,7.367656798696558
650,3.134666524249699
651,9.832212453463262
652,5.984580041862115
653,4.520830569303174
654,5.14744254822539
655,6.852713136644672
656,5.463915686491395
657,7.529156818286522
658,7.964067949632025
659,6.949942918855035
660,3.6799775192529984
661,3.5423548467190793
662,7.117387729291266
663,7.617875504237958
664,7.397229524886585
665,4.938191562625937
666,9.172567944247385
667,4.531969951927897
668,6.3020162612928186
669,6.5724708053986
670,8.216069071043895
671,5.1470438039767155
672,7.030361545015495
673,5.259557627240612
674,8.158842452263107
675,7.0704815226344895
676,8.213104809088446
677,5.793142818422008
678,8.16522413359682
679,3.8724809309884862
680,8.024309190371097
681,2.4007887556629166
682,5.624823626653978
683,3.3862602436211056
684,8.581631083649173
685,3.502327823713732
686,6.7278501712252226
687,5.523346313745265
688,6.358123277193469
689,8.773235705124282
690,6.712837795059488
691,6.805852657162674
692,5.651810959730018
693,5.140795554131087
694,5.0485144513738
695,8.37296854912998
696,5.832203965643219
697,7.123253482033318
698,6.275339045676847
699,2.4375713878226173
700,3.699819678444848
701,8.482612817216678
702,4.5312080992766015
703,4.271417587041346
704,2.312648695146325
705,6.784935272735429
706,7.947529188502832
707,3.513391041517316
708,7.163145676439655
709,7.630136122207842
710,3.783217557167437
711,7.9892832287694135
712,8.072981662795305
713,9.217721600447291
714,6.6932432501558665
715,3.947006903255688
716,2.4474726147813977
717,4.063800764042206
718,6.64378338493128
719,4.961554571843523
720,5.997709138823287
721,6.230170952254638
722,5.836795086750166
723,8.093369640206268
724,9.806489330648148
725,3.553046414139139
726,6.200606706897185
727,6.992755985285193
728,6.346628047253771
729,6.363813615654488
730,4.761031783890793
731,8.290193494329973
732,9.466030927395447
733,4.092024111050942
734,2.4793382862781805
735,7.678029984831829
736,7.65828356555325
737,5.577928131630879
738,5.0206657529250815
739,4.765659729572195
740,4.609456454620899
741,5.6128599934465955
742,7.989536399527165
743,7.237045944754681
744,7.504687369196434
745,4.799669419768897
746,2.817312620251463
747,8.890705167238043
748,5.562366616552842
749,8.142456265175559
750,6.2556287964988195
751,3.9620155731777147
752,7.706851823713026
753,7.4301290927427885
754,4.64369106068496
755,6.587831902772256
756,8.200044234007711
757,4.252582327149841
758,3.244490410026599
759,4.176704713382332
760,8.102300182936945
761,5.5123779620411995
762,6.478184261252386
763,5.648309298518787
764,7.004511238783
765,9.166143253209194
766,8.555814542872373
767,8.116460067592866
768,3.2282694585681293
769,0.93161685726321
770,7.294635813688042
771,6.517386676057096
772,5.009809272260568
773,6.555189090351485
774,7.03748223125254
775,5.132094872309936
776,7.032622216120325
777,5.580203046753529
778,4.385448132685509
779,5.697506708706388
780,4.259705944352872
781,7.182746604631616
782,7.582330804046154
783,8.65281405260679
784,4.177847051137087
785,7.504901748649705
786,6.11129734875337
787,5.203697570741347
788,7.000342671681791
789,4.2318242840944365
790,7.358328991418825
791,5.757657397157266
792,6.0427323798693475
793,7.997422175618183
794,8.47812352360889
795,5.920641618394042
796,5.03729596999956
797,5.230863046547645
798,2.6283401985202586
799,7.203996974691025
800,5.972102865794173
801,5.0170799604275
802,6.682930924762735
803,6.651674688915587
804,6.239023170632978
805,5.780489553918304
806,4.644506153046149
807,8.107511495218137
808,3.4961808290355796
809,6.474177210228577
810,5.504927880459382
811,8.666048510410686
812,9.260934630685378
813,5.804161724129186
814,7.173222061228893
815,3.348973614966559
816,5.854789152429767
817,4.128290253278012
818,2.3409724215874066
819,5.2836476447995135
820,5.009481290074014
821,7.236564916772528
822,5.9188737034858425
823,5.768671098454105
824,5.361954071815218
825,2.861672856833697
826,5.520680540266753
827,4.741651996604448
828,7.291004341032098
829,5.580444986100143
830,4.417123381852653
831,5.132044810481672
832,7.731041616894163
833,5.390161895669587
834,5.808014091885551
835,8.969797073469843
836,3.3533575738524455
837,6.830887385236499
838,4.6506131908830834
839,6.9975233559865275
840,6.723242121606662
841,8.310540017410554
842,8.199061910585096
843,7.1756358262915825
844,7.317972169051897
845,4.160554282834484
846,5.233096274953947
847,5.488014139904166
848,7.402963287524526
849,3.43853026777935
850,3.2946596233313983
851,8.168450048724022
852,7.268911337210197
853,6.2018444917495525
854,7.472987966492347
855,9.956798797044248
856,3.714169448204365
857,2.547483099873621
858,3.165324109373178
859,5.448242905146577
860,8.1723559506632
861,7.052416978267414
862,6.36479400876512
863,5.982424238675616
864,6.59331686440818
865,5.1183160263550445
866,8.928830290777697
867,4.11680805136277
868,4.202883694247435
869,2.767002482554287
870,6.209704506845782
871,6.837268896069736
872,6.690387207176042
873,7.429779686815415
874,4.091998912734099
875,9.54617950982372
876,3.9196298388628703
877,7.3967039519627376
878,4.635629013553495
879,7.79579534091116
880,7.223836259732562
881,6.596287784926282
882,7.930484600062995
883,4.995909644623433
884,7.922762403334325
885,3.5858715472633036
886,2.506648872604551
887,2.9799143144238145
888,3.8389212846093246
889,5.265483262103066
890,7.851019718440516
891,6.433144416004479
892,7.0283142391346916
893,5.640974049730942
894,6.797416713900519
895,6.392080004390772
896,3.918934905876083
897,4.6823701336692025
898,5.038586861012955
899,8.427650816696334
900,8.782324439918316
901,6.9307417626658605
902,4.478470313129916
903,9.297963254440162
904,1.2132119954337048
905,4.919805389612927
906,7.739226136124261
907,7.624483369482421
908,4.026440671461377
909,3.984769565041603
910,7.140798430951797
911,2.663235526184142
912,9.635415421267247
913,7.264997766604495
914,5.571641961038391
915,5.446200010299294
916,3.41203774857646
917,5.668374714786762
918,7.07012402531285
919,4.756137688784765
920,6.37440953278989
921,7.236758095651524
922,7.159410167996187
923,7.080326784914559
924,5.116902415311332
925,8.369858126456808
926,8.19377686401316
927,7.799596654679226
928,6.058108869934065
929,8.48304461747831
930,5.620166709644588
931,9.509738124145915
932,7.427911333194269
933,4.01907927285449
934,3.147163812510976
935,2.9187765386707323
936,2.799374311362014
937,7.9143898190004425
938,6.847269273492652
939,6.9917536025691565
940,3.6018062696415463
941,6.835191383082557
942,2.117854174126417
943,9.44827998332875
944,6.027365720523845
945,7.962195649439929
946,7.5135097350474895
947,7.959089806657522
948,9.654754845668467
949,6.180219523137869
950,7.108671575472475
951,4.7519122127843385
952,4.477576970500119
953,5.614564791114463
954,4.109764486500853
955,6.080595693810338
956,6.715258786747379
957,4.330712615865672
958,2.6483426471169733
959,3.8076236554634315
960,4.298512697065997
961,7.645584598828729
962,8.374014829870287
963,4.318365409001333
964,7.708449722143376
965,3.0146925027558
966,6.394728916573493
967,4.053925212630036
968,5.113610403067187
969,5.627289644480013
970,4.309474105990273
971,5.546728756378252
972,6.341718032134675
973,7.215936423386483
974,4.264155729022531
975,6.926320481597361
976,5.167832491194762
977,4.737641246322878
978,8.320339530549168
979,5.626588276114388
980,5.300892987498792
981,7.810899591449744
982,8.976713395777509
983,9.30749196522122
984,6.188471719915599
985,1.8033453284336134
986,8.122951125212111
987,8.518564235939271
988,1.7119058110307197
989,4.229139019684507
990,5.066698736330038
991,5.61629559090167
992,4.399217648883679
993,6.600245835320875
994,4.45933064548999
995,6.816366878349743
996,4.456214086192441
997,7.925291806006202
998,3.879242415753491
999,4.6686760205914535
1000,5.972198856571353
1001,5.113145062002404
1002,7.558077686207755
1003,6.973266965693767
1004,7.787378777228623
1005,5.019808332047282
1006,4.2836830976908455
1007,5.668818799563776
1008,7.378138695277099
1009,5.141261279422715
1010,6.385198357959698
1011,5.577807435586832
1012,7.496305886594536
1013,5.918704947527415
1014,6.630563958973281
1015,7.6208647750173695
1016,8.713940979618368
1017,8.20118783945755
1018,9.627934439992906
1019,6.351947467999745
1020,4.9206600867271515
1021,3.761388590433235
1022,4.325176686839912
1023,6.778917401485185
1024,5.024918212871815
1025,6.350241719809881
1026,7.761061348361983
1027,6.778382227460222
1028,5.386803323608596
1029,3.2025628610476824
1030,5.577312976469772
1031,8.097553855596455
1032,7.720277692671308
1033,8.503362944703417
1034,8.027504165827896
1035,6.7080055979735125
1036,5.047890950097892
1037,7.977053432824112
1038,5.3519874159393535
1039,8.141076504626298
1040,7.758769261452324
1041,6.203277961800491
1042,5.7049653161961285
1043,6.569467959333366
1044,8.484299409614422
1045,5.621640476169022
1046,5.070816776012283
1047,6.6309531835507425
1048,3.539280139694868
1049,4.54875834094031
1050,6.921324083425387
1051,8.650032190833125
1052,6.3675002991758465
1053,3.5107981918225497
1054,5.906088754707479
1055,3.228567193747837
1056,4.283286153445987
1057,2.8308165600592368
1058,7.801099480441309
1059,6.542557914077347
1060,5.1058368183647165
1061,9.193597084177771
1062,7.207400826497003
1063,4.922534182621345
1064,6.063559382240972
1065,5.095220842820829
1066,5.465369985820665
1067,8.168445173735904
1068,7.701480061117093
1069,8.569250571823659
1070,6.241986609259906
1071,9.611833993936617
1072,7.330462185821682
1073,5.868191431289004
1074,9.140637867847545
1075,7.696116849680709
1076,4.363742754611923
1077,5.711644791675591
1078,7.447282734648908
1079,4.1690895168511535
1080,4.348756450809994
1081,10.0
1082,6.798719690165034
1083,5.106317451448529
1084,3.3178498539282826
1085,5.034657868953256
1086,4.168448242965572
1087,4.006555078639935
1088,3.065758062901558
1089,2.470060962274226
1090,7.7710252450464
1091,3.6806906598314653
1092,5.368328870624788
1093,6.684910869997518
1094,6.508883057792589
1095,6.119543186683055
1096,9.115868184130788
1097,5.847053288747902
1098,5.191281771699042
1099,5.954284020059742
1100,5.298926755806958
1101,5.707626191758321
1102,7.328919066092378
1103,3.8398465083873474
1104,5.305993761613338
1105,5.91070204595629
1106,5.362531856216966
1107,8.345080013055746
1108,5.715795625455402
1109,8.244640954625465
1110,4.451388586384523
1111,3.677663921286946
1112,4.264826338980495
1113,6.837882660178804
1114,2.9638894937622298
1115,4.963279330513634
1116,2.113728817560543
1117,6.111217161419892
1118,5.897622601208203
1119,9.601161600692187
1120,8.515702061218338
1121,8.501717222656705
1122,6.70500624008077
1123,6.823269312970837
1124,5.600972202785845
1125,3.552606953310304
1126,5.477370570439669
1127,2.6501194848922514
1128,8.06055732114168
1129,3.0860030637121247
1130,6.020534173162963
1131,2.9866672487104715
1132,6.650713298390474
1133,6.3685613884633865
1134,3.2102981479420785
1135,5.632347775156811
1136,7.3757945728534295
1137,3.8983440634455713
1138,4.1453693189884335
1139,6.846889443939391
1140,7.2051627087983885
1141,5.068583192932604
1142,2.60287865515384
1143,7.733061702823183
1144,4.3421274466149615
1145,2.13628669740642
1146,8.353171817434163
1147,1.8296694496712849
1148,3.2724328483701592
1149,5.553927731334108
1150,6.107358089309673
1151,7.859086288696352
1152,6.41780004725309
1153,5.112956493388789
1154,4.02531679573619
1155,4.964497516203496
1156,4.949515404741168
1157,4.7741010727671895
1158,3.637782609516101
1159,3.5481510021116867
1160,6.3581846056661675
1161,6.578437125259548
1162,7.380245033715434
1163,7.276416281507204
1164,4.858447190835075
1165,7.532278813496528
1166,6.995256375419226
1167,6.86928644577654
1168,6.241554855680448
1169,5.689014482188011
1170,5.901245411349254
1171,5.2075545990324175
1172,6.660360021830239
1173,3.831000575043068
1174,6.903954736977937
1175,3.881935713396726
1176,4.12288325591109
1177,4.752129076157837
1178,6.15091804942541
1179,6.956909735867202
1180,3.35882505498478
1181,5.599605208258296
1182,9.681695731437104
1183,3.3406641263777823
1184,3.8784012943824395
1185,7.140211543863373
1186,5.189152435904134
1187,4.549343220929511
1188,7.6327785083300155
1189,4.69242755310447
1190,7.04373121381448
1191,3.4853558303145866
1192,5.004563998286407
1193,4.067253684905055
1194,7.529246776300068
1195,3.9776709187787618
1196,2.347266565477651
1197,7.8235372760955
1198,4.652798330832875
1199,6.455045664587921
1200,3.1376742085190417
1201,6.119504017524523
1202,8.563234488029774
1203,5.32972356711102
1204,7.549497442171623
1205,4.849657649221308
1206,5.570124703876965
1207,4.111367059089421
1208,6.133719269172831
1209,8.098376520962322
1210,6.402578259982039
1211,7.685980654584959
1212,6.01544506738003
1213,8.765718486647192
1214,7.187551675067186
1215,5.572099176985475
1216,4.153705711950601
1217,7.291368300446114
1218,3.246118137278099
1219,4.641952970485719
1220,7.766890504156764
1221,5.883698808375716
1222,7.114994672239611
1223,5.00283733222236
1224,5.1168825390852515
1225,7.319055982795682
1226,8.69706517786951
1227,7.040794800117823
1228,3.5683846357378046
1229,6.847842891387025
1230,6.949286181766148
1231,9.995542471969577
1232,6.4403481017561175
1233,8.104827685418147
1234,6.600059875538567
1235,6.51052671311017
1236,8.342038391330195
1237,3.4773564945239257
1238,7.809151988110157
1239,3.558532449954017
1240,7.436130364012084
1241,5.765958036960676
1242,5.950887144242039
1243,2.6040535093475548
1244,6.722021240678496
1245,4.61666854608382
1246,5.458410080335516
1247,5.3890201032433085
1248,4.590009430874396
1249,6.513458416634005
1250,4.804502684083528
1251,8.36807585929859
1252,5.6315953048220715
1253,9.099514995652848
1254,3.5508040489452894
1255,5.416677188359758
1256,6.675867643186753
1257,5.5583246018836885
1258,4.277408699682981
1259,6.515984998633961
1260,5.996867630249283
1261,8.91871698027071
1262,8.179542488868313
1263,6.087173033076487
1264,8.12132914096102
1265,6.826167926629369
1266,7.336497698703075
1267,9.257422316830922
1268,8.088191308696574
1269,7.332052687943495
1270,9.491536238306045
1271,6.218195011205426
1272,4.501185148573627
1273,5.202408350930268
1274,7.2437759620153885
1275,7.806994341929792
1276,5.529748916157857
1277,1.0567861493622952
1278,5.461403411643646
1279,3.658748879766563
1280,5.63697129463418
1281,4.604172475913245
1282,6.094118835788941
1283,3.262281485262771
1284,6.244422723019615
1285,6.024837459738565
1286,2.473717568353757
1287,4.95711020911668
1288,6.308957952917058
1289,7.776745274882666
1290,3.0450086389973263
1291,8.1894664479805
1292,5.595576017828379
1293,4.893193640536753
1294,3.4633653810179075
1295,7.132298141164066
1296,8.194684968109277
1297,4.5288169155150255
1298,2.8089488202475645
1299,2.7868208800723413
1300,7.7540014344518555
1301,7.228525688908547
1302,6.179065641434251
1303,6.560557730457697
1304,4.013123890611935
1305,6.970598071890507
1306,3.923021388129219
1307,5.362013658946955
1308,6.070400704471405
1309,5.819749571075538
1310,5.109008504479182
1311,1.5955493989776703
1312,6.918293524639881
1313,5.302244503738186
1314,7.632297332450319
1315,2.5907443728214155
1316,8.715157339318168
1317,1.9088617765845033
1318,2.5616911010669208
1319,1.876430660311715
1320,7.638045974680173
1321,3.843991308269169
1322,5.053379796146213
1323,6.165774894817234
1324,5.994422956358241
1325,8.614172388949182
1326,8.512787133566006
1327,5.44412383460614
1328,2.5007472363655
1329,6.8803129485678864
1330,5.541111095806933
1331,7.3336531154086515
1332,8.181608959255366
1333,7.5905462805516155
1334,5.944012868135447
1335,4.900386992954465
1336,5.85490232502117
1337,3.226286404515693
1338,4.7031442631004605
1339,6.5347272074950356
1340,6.3573529390233485
1341,6.221670334782675
1342,7.3980205363009786
1343,4.562231324450413
1344,6.412982529121571
1345,3.4715288416772543
1346,5.476525012963323
1347,6.973044242580565
1348,3.958747200837455
1349,7.1679288135297154
1350,7.084655966982834
1351,3.9796551855081566
1352,6.680303986914176
1353,4.775918557535105
1354,6.911988410185766
1355,7.178449151779451
1356,4.459114029907092
1357,5.70294326916613
1358,7.578792561520362
1359,5.678242304434671
1360,4.981198203119819
1361,8.448629486241021
1362,8.641864077074404
1363,4.0107746372281685
1364,7.106198238328619
1365,4.252427550819837
1366,5.399420617079256
1367,9.662996229690435
1368,5.985211846384402
1369,7.717148599374577
1370,5.016755806893151
1371,7.555090179584992
1372,4.910931221146731
1373,7.440795377277491
1374,4.609608075638667
1375,7.0272035819248275
1376,7.291034074566397
1377,5.497527699758184
1378,5.815651566426323
1379,5.906419178141244
1380,5.444277885440731
1381,1.9202606173847734
1382,9.130633512338704
1383,3.3291940452272484
1384,7.322667722377669
1385,8.001483760466058
1386,5.585783261066597
1387,5.274239582538269
1388,6.5848028629471855
1389,6.436750948308801
1390,4.600270488324152
1391,4.7866525778217595
1392,3.970814612772537
1393,6.4513336716729714
1394,5.039182130514008
1395,5.0395870814381585
1396,7.121661831909546
1397,7.247539041589457
1398,7.463553391266257
1399,4.977034820614227
1400,3.8202280726424527
1401,4.773525152651113
1402,7.901116530157077
1403,7.7033525369738935
1404,4.808283872289193
1405,6.276579609961936
1406,5.125584069755538
1407,3.111179009745173
1408,5.090427334419407
1409,6.390004903818043
1410,5.732580924990202
1411,8.354542165213488
1412,5.1423419805452015
1413,6.456145914698309
1414,8.405338605447296
1415,9.065073244844159
1416,4.553722868669411
1417,1.5126514592478808
1418,6.237330643287497
1419,6.312119721730336
1420,2.7676679854877433
1421,7.764452392749971
1422,8.99907185215454
1423,7.023004219712481
1424,7.580237534408866
1425,9.313351418734445
1426,8.042860243805295
1427,1.656140534520366
1428,2.883452157836842
1429,5.104673912014787
1430,3.0347874690648386
1431,7.119246199707189
1432,4.733078702526111
1433,7.853445641046141
1434,5.280340428536237
1435,7.654761319908085
1436,8.678564214391013
1437,7.590371133402579
1438,7.974356405793482
1439,7.198397486819568
1440,7.795319286775651
1441,5.038279908718097
1442,7.346320993192104
1443,7.149657990887107
1444,1.6924431430863311
1445,8.864790470213268
1446,6.579836592115382
1447,6.560982843690967
1448,9.023188423527024
1449,5.770486913385527
1450,8.168547420938271
1451,7.506214211279868
1452,7.257979122192152
1453,6.012245833856122
1454,7.35941289070747
1455,7.2194630176166
1456,7.660672289677265
1457,6.587519956932395
1458,4.591345418561037
1459,8.250027801747638
1460,2.482129312143327
1461,6.32265267605586
1462,4.179943684808723
1463,3.3194128644131746
1464,4.676853215113469
1465,3.5598820021796884
1466,7.276677264516428
1467,6.605660434307443
1468,6.95304876193418
1469,8.993387091800246
1470,2.486910566739322
1471,6.170057688295958
1472,3.9259864538015385
1473,7.960104970844535
1474,5.085955688259024
1475,4.6735956597495925
1476,7.859752333147361
1477,6.589515850178716
1478,7.092721246207681
1479,3.8649650853718627
1480,7.03424714927507
1481,7.064265110977916
1482,7.024825389135162
1483,4.865568724124396
1484,4.7397463518850405
1485,8.08052818663067
1486,1.6663824464731067
1487,3.0340821855508717
1488,2.246125755124731
1489,4.380787099491674
1490,4.387205316855892
1491,6.781319774614936
1492,6.324093189389602
1493,8.911056436128895
1494,3.8010077372638333
1495,7.78484001715385
1496,5.094641624325078
1497,5.237119231761481
1498,6.464646219820601
1499,4.543580972089716
1500,8.363509650752718
1501,6.102808069018538
1502,7.007897470818731
1503,5.740405358503056
1504,5.2073818799536
1505,4.062083149618013
1506,7.395655241489999
1507,6.848464688501105
1508,6.175525593273269
1509,3.2283344471952704
1510,4.746381876024765
1511,7.937505824822049
1512,2.690979488600162
1513,3.4408091437433965
1514,8.590387179930152
1515,5.739050832250092
1516,5.322906434185231
1517,7.559476065457311
1518,8.071583805539799
1519,6.360817745272185
1520,5.234590250069883
1521,4.909160509482772
1522,8.04785490185765
1523,5.828245404904671
1524,2.905877650919831
1525,3.75476208664474
1526,9.108065253090912
1527,3.975867173469333
1528,5.958021525049789
1529,7.115697108363608
1530,8.229171793367291
1531,4.966354777071072
1532,4.146671093383981
1533,6.285836277381911
1534,4.555813883107095
1535,5.06492802755262
1536,8.9482735766843
1537,5.261039331898385
1538,6.805830952971819
1539,4.626104892202555
1540,6.599624388760273
1541,6.417889420236652
1542,6.9465870643602585
1543,8.862315869753157
1544,6.577190815326398
1545,3.6370826939762337
1546,7.552085954953066
1547,4.864465474053858
1548,7.673325285430261
1549,5.991549087976367
1550,6.203430138198703
1551,3.156171733094049
1552,5.7488264737035175
1553,4.351745839982882
1554,5.923160399050473
1555,5.698545824303258
1556,7.8953750056629515
1557,7.393476156560548
1558,4.340070049565575
1559,5.499431636135491
1560,7.976070466636554
1561,5.270824422032419
1562,7.950398201593151
1563,5.362434606669726
1564,4.581312266664406
1565,4.883264565305911
1566,7.639448267804587
1567,6.434177123908829
1568,5.152969529796209
1569,3.427630025793804
1570,5.280995461596807
1571,5.401591827324054
1572,8.846969942766366
1573,2.814591574074035
1574,6.488417584173581
1575,3.9643809308678115
1576,7.177092127466243
1577,5.35867606164968
1578,7.488860490830279
1579,4.097693030114618
1580,7.2562393673695835
1581,6.761167315302477
1582,2.448272030403008
1583,3.2836269466894534
1584,4.8817703966038355
1585,7.408987720817867
1586,5.210581459402981
1587,6.841135494383718
1588,8.018208206243367
1589,5.62295544554476
1590,4.974291288504725
1591,8.454542124685267
1592,7.634878931124289
1593,3.638800209692925
1594,4.447044184711923
1595,1.5092537157443502
1596,2.5763647453838283
1597,5.380488011115146
1598,7.008758417786417
1599,6.390708367759205
1600,2.7141938284980056
1601,6.430092999996094
1602,7.485788904562087
1603,5.609842137644459
1604,7.565616080863782
1605,5.882566946690616
1606,9.524265734389413
1607,9.235275070863686
1608,5.235002716079786
1609,5.455986295885236
1610,8.471840499731048
1611,7.457584662021793
1612,7.686223334374655
1613,6.798355009535991
1614,5.304752103867946
1615,3.215387648999889
1616,5.643976235024055
1617,5.9934969772729145
1618,5.676688642228392
1619,7.511025095240511
1620,5.9078247684606895
1621,4.5651019257169505
1622,5.299587310763466
1623,7.397506780671627
1624,6.492510393593291
1625,7.377195962701483
1626,7.790256512356869
1627,7.8069190144068985
1628,5.501879828728823
1629,6.79274463164766
1630,4.018259885330566
1631,9.885072289118146
1632,8.238140806505314
1633,8.868829896102657
1634,7.521834235530645
1635,8.540585128217334
1636,6.088232258500119
1637,7.773846264386071
1638,7.72820620649682
1639,8.324327109310866
1640,5.174051012715319
1641,5.554589669900322
1642,4.677394034288396
1643,4.889672357940247
1644,7.24219146559709
1645,7.9681985977155545
1646,5.874262906092323
1647,6.408405696642676
1648,9.084367183203753
1649,4.782531275755146
1650,4.626475568718595
1651,4.271519139736576
1652,8.080479074125948
1653,2.878720009083646
1654,5.685444119392029
1655,6.887943272947494
1656,3.5231031819704284
1657,7.339319959615716
1658,3.8634175238209436
1659,6.493004717462171
1660,8.597917901909375
1661,7.48511382206443
1662,7.20832838782359
1663,4.460391119095846
1664,6.3997263117647325
1665,6.210536134189217
1666,4.855054493487776
1667,4.159613055130739
1668,6.69324334570654
1669,7.073988031223967
1670,6.654896428286567
1671,3.6354296244428452
1672,3.9328185591206526
1673,9.70751327997483
1674,6.395841500331027
1675,2.5993843961881846
1676,7.743904794638061
1677,6.150496812586178
1678,2.900652758737931
1679,6.000908840147053
1680,3.552684726293987
1681,5.7719064356924665
1682,1.6056231439904685
1683,7.4561193757583695
1684,7.083515933160868
1685,7.553544650420515
1686,4.526510142145289
1687,2.241045008705617
1688,7.20664422682363
1689,6.971308362172328
1690,3.4585128092831114
1691,7.45320893737825
1692,9.21023170038401
1693,6.875033219082593
1694,2.9150961574847036
1695,3.1312183341895063
1696,6.092476864036674
1697,5.930645751138176
1698,6.671094175546669
1699,4.870846276984415
1700,5.18399423597234
1701,4.541950191812055
1702,4.006002222662078
1703,7.389923946223831
1704,6.816653632358364
1705,5.6597580298086845
1706,5.4789064982611215
1707,5.121969929286131
1708,7.539135544245141
1709,8.338189825696176
1710,6.365212158327412
1711,7.327094803202644
1712,5.806563895372473
1713,5.438053738652302
1714,7.828502509707316
1715,8.695451299014257
1716,6.2207658137833715
1717,3.4522478685701388
1718,4.7126147080357965
1719,7.009700914079517
1720,8.557366443145465
1721,6.6827418854739715
1722,2.3564208325620974
1723,7.3249589878111365
1724,3.2343290466130474
1725,7.835618155937235
1726,6.031693562273931
1727,3.489599822713629
1728,6.438936241674355
1729,3.9249145431317074
1730,4.663379288361978
1731,7.184130811369526
1732,8.075443053671718
1733,6.238780489515817
1734,5.30410233252135
1735,2.4826019597795943
1736,8.250000675005879
1737,7.665522921130003
1738,8.764248598421252
1739,6.5647574761328915
1740,7.288514773992041
1741,3.223609802873979
1742,6.763967044963678
1743,6.769144889101253
1744,6.5648898640384115
1745,6.461472932436855
1746,6.779858457178735
1747,5.609696429768023
1748,7.649658758991093
1749,2.2391507459886437
1750,6.289819708888049
1751,7.053109888102415
1752,7.968903710677511
1753,7.216107953044738
1754,6.766878302109537
1755,5.651763511429448
1756,6.564443765224359
1757,9.61587907806275
1758,4.997174885415773
1759,5.281879510530568
1760,5.193344953240509
1761,3.4157433917026765
1762,4.9773447844618435
1763,3.5772570320318886
1764,4.238610990422061
1765,5.3864527558981665
1766,6.3647406135032565
1767,4.04282929332886
1768,8.102773148531421
1769,6.309886454584417
1770,5.941758418049919
1771,4.771605698550721
1772,5.354112580787666
1773,4.250186821276686
1774,6.856369222842842
1775,6.824132610094651
1776,4.9713599971933435
1777,8.448029493657453
1778,6.189762611032546
1779,8.05264720780522
1780,8.19019752004112
1781,7.419225128541507
1782,6.986542081868601
1783,6.317856339975647
1784,6.984418697284896
1785,3.6402864571399434
1786,4.6900764775670405
1787,2.6776920575229792
1788,6.041680535863074
1789,8.48257730157557
1790,9.094540044551556
1791,8.130787977366683
1792,5.600716468508293
1793,5.298540632426548
1794,6.498514778520945
1795,5.455592383585747
1796,6.753919154742287
1797,7.832707984172771
1798,5.105603282961254
1799,3.5159327410826116
1800,6.538878514031538
1801,3.2455901060170214
1802,5.311528562772232
1803,9.24831858288544
1804,7.112220482256424
1805,8.863068871882607
1806,4.477808559364538
1807,1.5078984167323424
1808,5.437982758824049
1809,6.245014484166758
1810,9.275257150860401
1811,5.11752692928278
1812,7.041910095133008
1813,5.794517221925718
1814,4.734139612188562
1815,6.66946097416475
1816,6.461176710700002
1817,2.126522355046374
1818,6.816124796446857
1819,7.397133649906356
1820,6.990480395226068
1821,8.182920839952535
1822,7.192789245369464
1823,4.761059231480462
1824,8.132679794745027
1825,5.780802608876781
1826,5.934941354392139
1827,9.278659876645323
1828,5.5101797077503525
1829,3.338806940258253
1830,4.213201749327416
1831,5.988099229365782
1832,5.422915798640966
1833,5.612518837587435
1834,3.8929721729464233
1835,6.489689450644187
1836,6.985297740121988
1837,3.037248913898189
1838,5.123605577531551
1839,7.352135211667829
1840,7.262377357045645
1841,4.6566510996309685
1842,6.331421918371729
1843,7.478934941031253
1844,3.386965751222534
1845,7.504412796478644
1846,6.519089073481075
1847,7.832375484244392
1848,8.450491447258313
1849,5.363416477307081
1850,5.375261815367967
1851,5.5407965971576045
1852,2.1307546443287624
1853,4.684914285086011
1854,5.1117787312403395
1855,6.3762576687699575
1856,3.080627701374495
1857,3.731893559083867
1858,3.0142988896755596
1859,4.649849568687592
1860,4.858686796362986
1861,3.8621204003359204
1862,7.976576252158317
1863,5.4003187639283725
1864,5.643740328773846
1865,6.416631137355296
1866,8.63305504365132
1867,7.385077038671625
1868,7.373375921692947
1869,6.698002493570459
1870,5.022194902584379
1871,3.7981479221970913
1872,5.823230171638192
1873,7.0705088419922735
1874,0.9490689655508564
1875,5.852317215211107
1876,5.7831086805251655
1877,6.838215763945529
1878,5.352584200564925
1879,2.948191407712458
1880,5.619954479071287
1881,3.4453226067082747
1882,7.528203806829572
1883,5.319196972107234
1884,9.530861237073282
1885,7.506984405666617
1886,3.815043133695358
1887,6.734502667479309
1888,4.268490006255871
1889,8.259521030698439
1890,5.167462692779563
1891,6.630835015063106
1892,8.427893784281087
1893,7.849967382033559
1894,6.860446141511696
1895,7.368815144307126
1896,6.560430658728696
1897,6.646632816008482
1898,6.152794347265605
1899,8.924123623941634
1900,7.333260670339598
1901,6.529098667007739
1902,5.5559906099745735
1903,4.28050600244628
1904,5.773892257187553
1905,3.7567891589757303
1906,5.251369038797678
1907,4.895970992013017
1908,7.387614220958594
1909,5.946170836527396
1910,5.883869708682897
1911,6.446413143298554
1912,7.169256423318397
1913,6.8732724421218405
1914,7.360739363212839
1915,2.309125042904265
1916,3.600649240024235
1917,4.09750292143667
1918,6.98442641672383
1919,4.273276875244404
1920,7.479122470398377
1921,5.661802370470086
1922,5.99945965960884
1923,4.930429538961296
1924,7.996172328823536
1925,8.112681725866237
1926,6.728069109971062
1927,5.219158140873921
1928,6.626229244604149
1929,5.35612604937969
1930,7.6423043800982695
1931,3.108679056477988
1932,7.90450141867255
1933,3.8699111750474104
1934,6.4366242053280285
1935,6.229151317597672
1936,2.662738195580476
1937,7.5294073037552565
1938,2.092261989863382
1939,5.377259005321385
1940,3.569886380028966
1941,4.767750177880538
1942,4.030435491349439
1943,8.513480379110689
1944,2.0073478548355537
1945,4.408583715879385
1946,8.185783771485424
1947,8.464090865011674
1948,8.25719344317742
1949,6.855104262025944
1950,1.3728165545179474
1951,6.9823063513519985
1952,8.626453444345637
1953,4.55707957754957
1954,3.8145675314618037
1955,4.824183990409419
1956,6.655908179061475
1957,3.658287065857696
1958,8.112191310903798
1959,2.2591454887634135
1960,8.74159684625687
1961,5.942189760494074
1962,4.257377295552665
1963,8.44640278111387
1964,5.382087404067403
1965,5.187326339477981
1966,7.928351866149404
1967,4.052483319589571
1968,6.668106043278702
1969,6.822099861223141
1970,5.508496084366429
1971,5.740655979192961
1972,8.497507466368438
1973,7.08162654649464
1974,4.663687319072568
1975,6.357856566827186
1976,5.5718919700728105
1977,5.964509450884675
1978,7.720623255403479
1979,7.170692800664942
1980,5.704857114120546
1981,2.0702015483514282
1982,6.291775712644126
1983,7.065855085494535
1984,8.920328884404945
1985,3.9798277271234683
1986,3.4651508223762697
1987,4.1946747962899575
1988,7.475957530880594
1989,4.025585954438846
1990,7.715655580807505
1991,5.803101026259329
1992,9.074787836034636
1993,4.142375263121465
1994,5.672603874860825
1995,5.991477908932188
1996,6.476923505995311
1997,8.80603856447985
1998,4.7483940210206
1999,3.718443793298147
2000,8.68716781671817
2001,4.057272339222834
2002,8.602781528050931
2003,5.246487589889467
2004,6.2243952361897446
2005,7.4863661431589055
2006,7.091981811861794
2007,5.001862716046909
2008,3.7110115392056913
2009,3.1560190875217162
2010,6.644795461181313
2011,5.8984744420286175
2012,6.372932014880524
2013,8.551682218017577
2014,5.629895049534632
2015,4.166487391414475
2016,4.198004909959784
2017,4.687724037083245
2018,6.725103362083075
2019,6.828204586885768
2020,6.963643508395364
2021,3.471781872488654
2022,6.8696654313915415
2023,5.482299880005188
2024,6.312993419938287
2025,7.721581458800671
2026,8.129753228113566
2027,7.464382411661196
2028,3.0521399115268295
2029,2.177999535070881
2030,7.901085143685601
2031,3.8517745292253984
2032,8.761670237265184
2033,6.6498152271373865
2034,4.257657733559096
2035,4.687082388300462
2036,7.554058158907361
2037,5.633080431154185
2038,3.9819567414842894
2039,7.195923671602978
2040,7.565453308878337
2041,4.61780576626657
2042,4.952687856005852
2043,5.708292673071456
2044,5.884572726561329
2045,5.645194608204686
2046,6.566986722372121
2047,6.913078108695045
2048,2.679979736206783
2049,5.46251770592069
2050,2.1579304146621547
2051,5.19699750191875
2052,0.9001736446123381
2053,5.139508959611158
2054,6.670180315072983
2055,6.604033684589202
2056,3.6913020255879934
2057,7.012191857932599
2058,5.405368311317514
2059,7.10509083911342
2060,4.7782284899203615
2061,2.933983321274948
2062,4.6256369526113845
2063,6.584790701498525
2064,4.8552353879147025
2065,4.650533607894238
2066,8.915947322811185
2067,9.903360253725397
2068,8.468097231349276
2069,5.171567533791508
2070,6.247961499757078
2071,6.501682242769013
2072,4.41823272656964
2073,4.505281657573171
2074,4.183469564539274
2075,4.001169726828983
2076,3.6257293809801836
2077,5.538220992836786
2078,4.9278496513224646
2079,6.766313324804512
2080,7.507705369850214
2081,8.79826965678061
2082,6.134964957198079
2083,6.231211845393848
2084,6.719775432796183
2085,8.11399464750426
2086,7.997562532971455
2087,4.363886912406036
2088,8.035655310029714
2089,9.114585357029382
2090,8.76754485409304
2091,5.684557027945433
2092,2.706455780298314
2093,6.702388707005265
2094,5.264603703796618
2095,3.9403537510745137
2096,4.232845223857922
2097,6.488855582411342
2098,7.186831695712234
2099,1.699041107995793
2100,7.311132854263417
2101,3.61023118060976
2102,7.151983772203546
2103,8.52207596268513
2104,5.9026906937866865
2105,5.0241909144253025
2106,7.832117747654562
2107,2.9060723219577165
2108,2.7984290578069912
2109,4.371716348036824
2110,6.5421518228583695
2111,5.184338846060252
2112,3.903743449580575
2113,6.123421348997474
2114,7.392784164255464
2115,3.5798332518527323
2116,5.161471809835899
2117,8.786357686917018
2118,5.8983720289101855
2119,6.555189856132711
2120,7.916476130167436
2121,4.971893678556372
2122,3.3420973524142616
2123,3.188645675211995
2124,6.667747093553385
2125,6.681963871641417
2126,5.11799617660372
2127,6.461356446459559
2128,7.766583720606148
2129,4.374435466349274
2130,5.471280876900613
2131,5.368324805721346
2132,6.371823789720423
2133,5.530121253172359
2134,5.3974843745889185
2135,3.122486577594085
2136,2.5939508048383972
2137,6.886784269026279
2138,3.150100447008659
2139,6.014819264190616
2140,3.3859413188379817
2141,7.235097511223065
2142,3.0564264681486955
2143,6.741541356447584
2144,6.54458954127135
2145,9.784164095879367
2146,7.456283965455825
2147,7.2675907385495595
2148,5.634205421647707
2149,8.514257493807676
2150,6.644536757833831
2151,5.186756700096814
2152,4.898887582373352
2153,6.597859998836799
2154,6.640764746520249
2155,6.450335011160961
2156,7.1654023896760135
2157,5.620903462039474
2158,8.067172488409824
2159,8.681807783618288
2160,4.764548617828596
2161,2.451518842497827
2162,8.121809770512323
2163,5.870188942473094
2164,5.334421250992385
2165,5.715159230568806
2166,6.75923879958265
2167,7.491724351094083
2168,6.264980318217045
2169,7.392600336241058
2170,7.147163012671785
2171,6.422900356795985
2172,8.370630167078124
2173,2.205143479977855
2174,4.108069408681152
2175,5.302013862625657
2176,8.423616691676921
2177,6.404794598161741
2178,7.209858979968573
2179,4.606502215423974
2180,5.568927707387699
2181,2.7270222169877014
2182,5.150696833537809
2183,5.436611620314812
2184,9.10914553382941
2185,8.502565085130078
2186,7.5582810538881375
2187,3.612181792947188
2188,5.260803966657484
2189,6.335492647937269
2190,3.763928327651361
2191,5.990989308996623
2192,8.813308224399597
2193,4.202828049360322
2194,6.3085200488981075
2195,7.627438736498886
2196,9.027982294296047
2197,7.505220203755331
2198,3.9372788782739314
2199,5.739544198931273
2200,7.491707167600689
2201,8.066231169513262
2202,7.612445966601091
2203,4.556324870044638
2204,8.460877123781808
2205,8.788678766953208
2206,5.241289027794507
2207,7.712099168626244
2208,7.228879394655607
2209,8.31334030349341
2210,1.495947680319745
2211,6.257501776307323
2212,9.022996315324807
2213,6.938623570343948
2214,7.4343035771474835
2215,8.10231675339909
2216,3.32679847063325
2217,7.466097552507949
2218,3.81921651967311
2219,3.122277132170019
2220,8.409559203911078
2221,8.05519025900661
2222,6.647192311087499
2223,4.24203643725909
2224,5.633028319653041
2225,7.343465378731392
2226,6.64920160204111
2227,6.7422768706344645
2228,5.01087280473798
2229,8.1512323957024
2230,7.379257099670994
2231,6.353311060062316
2232,6.4429854539797855
2233,5.918403230224574
2234,7.640938389949187
2235,6.986474323686494
2236,4.707973169651593
2237,4.757284358308691
2238,4.445429070864033
2239,7.267280458101114
2240,5.7002219635758475
2241,4.833285488119188
2242,5.209263497596029
2243,9.154226904016692
2244,6.577977593835631
2245,7.015674387697142
2246,7.168292784807868
2247,9.455721899239332
2248,7.962945237738029
2249,4.781455805832171
2250,5.242981103282487
2251,7.2333750011477305
2252,7.864471726285029
2253,5.490315955670286
2254,8.562994195483103
2255,3.419769028934425
2256,6.631992752067481
2257,5.257442693504242
2258,6.395517974069379
2259,4.071924208393713
2260,4.644636872457964
2261,7.934131720782558
2262,7.821979115289119
2263,3.530725087995812
2264,8.654007595848702
2265,6.031415473514042
2266,6.628151852283834
2267,5.063289057156686
2268,1.6953919407183975
2269,8.208694540100769
2270,7.306349829440501
2271,6.502938228481211
2272,3.055263229948382
2273,4.960905956775536
2274,5.362561149231093
2275,8.579240573124233
2276,9.729049409969178
2277,6.266393744647784
2278,5.107056784312251
2279,9.523204089367706
2280,3.6498436301838204
2281,5.608731875565651
2282,4.20510333764917
2283,5.634653793416464
2284,6.3599579189017
2285,4.306851409170208
2286,5.420883124014485
2287,3.7483504525670917
2288,3.8439368684499584
2289,5.803318710829052
2290,7.488409884687059
2291,8.36273894954196
2292,8.23318648415665
2293,8.308164052616783
2294,3.119079928089906
2295,7.442113839257621
2296,7.944220022383081
2297,5.452614985197395
2298,8.097767059646003
2299,7.904663423881567
2300,4.5604669485669405
2301,5.664339259506518
2302,7.977795271705105
2303,6.400544221036024
2304,5.522808568237528
2305,4.968651161184482
2306,6.379481653251053
2307,5.869111403528061
2308,7.75366086520088
2309,4.353568752493788
2310,3.3704995822647588
2311,6.6803837314164785
2312,5.127919160540415
2313,8.581151227512233
2314,6.980252839377333
2315,3.189174709977191
2316,8.964062817943482
2317,6.779082306833596
2318,6.735178808581014
2319,7.367651825247512
2320,6.1673474949476645
2321,6.4447128589105205
2322,2.9747558787428674
2323,7.541247505298633
2324,7.029743028354195
2325,7.647278900478449
2326,4.853479855841952
2327,6.014282392648436
2328,4.697628597361455
2329,4.997953930646283
2330,4.907387714017912
2331,3.12574227342213
2332,5.339628348520653
2333,6.935376874048336
2334,5.9950409968822855
2335,7.161785311886947
2336,5.365992314784343
2337,4.4981064238145185
2338,9.14859602593431
2339,4.6029617423066505
2340,2.9563144691366015
2341,2.0424115785507366
2342,3.8506655357827215
2343,4.428472369352661
2344,7.015466402297591
2345,5.813221304099249
2346,2.9350814246617696
2347,9.383220216799119
2348,7.547908335192955
2349,4.0187479485044
2350,4.137346939251745
2351,5.533621728131149
2352,3.6382148674509116
2353,6.211605382484839
2354,6.317607435205174
2355,8.442995655710103
2356,6.877587018689677
2357,5.26460362040062
2358,5.666001964688129
2359,7.636840910305908
2360,6.493933742901943
2361,4.840846365670028
2362,3.512566444855389
2363,8.661964226085725
2364,7.484183368664445
2365,4.713786050398373
2366,8.21092199638812
2367,6.974241962627291
2368,6.272095009959841
2369,1.811741291301957
2370,2.9664800568436
2371,6.40912987107504
2372,6.166230488706553
2373,7.012759132909191
2374,3.2359339050960316
2375,3.3785110409386547
2376,7.0519088131547365
2377,6.399100370122033
2378,8.63198916414474
2379,4.421265395913701
2380,5.494085805752133
2381,9.021826134766453
2382,8.027499173894398
2383,3.2783091728050606
2384,7.96370346851927
2385,6.096005255920277
2386,5.373010728818991
2387,6.035862424082085
2388,4.392261501955509
2389,5.75104784833556
2390,7.466516387755085
2391,8.696456297062076
2392,6.141079682752298
2393,7.7138266446959936
2394,5.7547123565971745
2395,3.2208096527636796
2396,8.266249145300742
2397,7.325700844773436
2398,4.240346560104994
2399,8.44551968210077
2400,9.325039035784048
2401,4.757907574232033
2402,9.045324627104474
2403,2.417828478556848
2404,6.974447741518389
2405,8.057847686019153
2406,7.373295751253818
2407,2.2304749943679445
2408,8.033206271899726
2409,5.316790088846636
2410,5.5738884673907005
2411,8.178588219098234
2412,4.609005441512127
2413,6.105035554066314
2414,4.359333796584107
2415,5.988594114616842
2416,6.563491530900126
2417,8.140108696444377
2418,6.443802353006371
2419,4.6366119677559725
2420,6.159174537793268
2421,5.173511053914905
2422,8.05269826388711
2423,2.4710983039876027
2424,5.350656087110557
2425,0.8983850907245149
2426,8.381250709993594
2427,5.070626246115145
2428,1.308265451553552
2429,7.217336316160707
2430,4.713612386847065
2431,4.273836410641173
2432,7.807393344885405
2433,4.67374871267303
2434,6.711206718400831
2435,6.225205036910916
2436,5.727545407344545
2437,6.577979788763114
2438,6.878269491282055
2439,6.02197675438448
2440,8.08790398634557
2441,4.539628043209217
2442,4.820785671457521
2443,6.289668795562324
2444,8.619094889349524
2445,8.320158567019242
2446,6.397630519178484
2447,7.151652337797441
2448,9.451976127552552
2449,4.443195499979882
2450,5.087299288960184
2451,6.563495842451552
2452,7.661791982520493
2453,4.799869970164361
2454,5.948484490285691
2455,6.423624356503524
2456,3.4254457750201106
2457,8.465494178931797
2458,8.1920807559547
2459,6.892531115621797
2460,4.442673439586271
2461,6.249831483365233
2462,3.356050616049945
2463,5.244222706785967
2464,7.4828398969424255
2465,8.772734542068651
2466,5.336230791926171
2467,7.596427039844679
2468,7.487107439358584
2469,8.453280533810416
2470,5.178961009687931
2471,4.314720371321555
2472,5.359548497060306
2473,4.873237369762278
2474,5.804683533377804
2475,5.080928654503473
2476,5.448830941796766
2477,6.166015851885049
2478,8.230077758784509
2479,6.236307858071994
2480,8.45737737438169
2481,4.9606498520276245
2482,7.6059046473541
2483,3.373604482021095
2484,7.651075765662819
2485,3.390346314440147
2486,6.766556468093481
2487,5.037940692954813
2488,4.299350134945534
2489,3.6825187680006053
2490,4.299257108872776
2491,3.721176632971467
2492,4.0595917319040495
2493,7.170012764623314
2494,8.515525803482708
2495,6.189344682337186
2496,5.9433473276365305
2497,7.35095259661505
2498,5.300581943373361
2499,4.55847817805836
2500,4.568651396374426
2501,6.802740331003555
2502,6.6095861797095194
2503,6.405961024991141
2504,3.859143780393908
2505,7.116059290422129
2506,7.525222683510142
2507,4.000151464461971
2508,4.705527817675296
2509,3.912376362683447
2510,7.141704526131326
2511,9.369033921354923
2512,4.558338024812771
2513,4.511116725233354
2514,6.722428734644078
2515,5.978162108592141
2516,2.3165889664048223
2517,7.387569268359691
2518,5.501139400660836
2519,5.118872509619079
2520,3.205400977748758
2521,5.811057136645424
2522,9.558810233533837
2523,6.318118031915419
2524,4.015616825811987
2525,9.622634073625388
2526,7.320907102863389
2527,8.084328639103145
2528,5.403029769323082
2529,2.4699000141218477
2530,8.767732024174236
2531,8.775025259778456
2532,8.709015964388273
2533,4.612216219471871
2534,6.788921262533743
2535,5.781483908522047
2536,6.771537413889964
2537,7.343760472357428
2538,6.887286180076268
2539,7.705406357022653
2540,9.51016010212005
2541,5.514796026676152
2542,8.151259224386386
2543,9.279357556405108
2544,3.38208501355392
2545,5.871291160022321
2546,5.491956769956002
2547,5.465841608570569
2548,5.232331800205856
2549,7.167194681792068
2550,8.269879378972147
2551,3.3067916268291504
2552,5.307989422235892
2553,7.871222119561034
2554,5.042395640492055
2555,5.424132844377326
2556,3.2106399416820843
2557,7.2525586781699305
2558,7.9551720422469145
2559,7.7689582854369394
2560,6.64697914463076
2561,6.166853482054025
2562,4.098751385253306
2563,5.695711196625711
2564,5.586643220835986
2565,4.631716451423715
2566,6.624240380731041
2567,8.512550806350939
2568,4.297781840261119
2569,3.130583988467533
2570,5.752039010198226
2571,8.87443993526981
2572,5.556191903307034
2573,4.3057702400967015
2574,9.16578689924162
2575,9.064928320520323
2576,6.685890135515061
2577,4.952954104106246
2578,5.239339874577793
2579,3.5970162733013824
2580,5.506371759379551
2581,9.899910566335276
2582,6.469692266642052
2583,7.635673731014023
2584,4.711180198873845
2585,6.355759178977209
2586,4.2265771664321585
2587,2.8852048621490787
2588,7.436097043935787
2589,6.072619027046635
2590,8.036879038577744
2591,8.514889663903256
2592,7.983056347511626
2593,3.51837688073539
2594,7.377165358427073
2595,3.6607345866112824
2596,3.5005486452931924
2597,8.214589243812437
2598,8.727533185923537
2599,3.383734515967361
2600,4.340099203511213
2601,4.143593286889488
2602,7.713338708138726
2603,5.644260020348666
2604,5.07094227319101
2605,3.7795310349471585
2606,4.7362096578846815
2607,7.1406172228363385
2608,7.9439021267035415
2609,7.378485990657476
2610,5.545016110534535
2611,6.6111855271644675
2612,4.927117691175772
2613,8.901670767924683
2614,2.0316560802789403
2615,3.115620419842
2616,7.305218683617648
2617,5.224026505140482
2618,7.3527812648195665
2619,9.031206233685582
2620,1.1382224563135943
2621,3.850143355896242
2622,8.401726369609312
2623,6.919674985582996
2624,8.547669431602587
2625,7.09235852449626
2626,8.540143731694046
2627,5.7996956147536585
2628,1.931903142129979
2629,8.513827270790575
2630,5.7425268402558975
2631,3.5454425698833623
2632,8.582701739563378
2633,7.61854680800694
2634,7.4309637072368755
2635,2.9516659754850436
2636,4.946744315674012
2637,6.96519914674357
2638,5.885407021945771
2639,6.146776623985887
2640,6.594165323049789
2641,6.154763189808873
2642,5.446638436997415
2643,8.111126083859137
2644,6.931053148355683
2645,8.131150497890653
2646,4.938258247001202
2647,5.763900336902003
2648,9.028699807561205
2649,7.853310412485998
2650,4.507886720917978
2651,7.441680334723378
2652,6.7848674073098305
2653,5.447570800145319
2654,6.011860189444745
2655,6.979027552097273
2656,9.358703539167845
2657,6.366974349985223
2658,5.642926291460003
2659,3.9914850588092774
2660,5.788351918079636
2661,6.858935955253925
2662,5.347722568695209
2663,6.574654621048083
2664,7.941265755105962
2665,5.672949189137915
2666,2.950475937454544
2667,8.098101559741497
2668,5.928111288566555
2669,5.011283307754234
2670,5.7088485982403725
2671,6.714541195316815
2672,2.3438138417019703
2673,6.656448904876251
2674,5.741016554037506
2675,8.085113472172127
2676,7.927166514355821
2677,4.984338844906112
2678,7.401929442779773
2679,7.140196044168931
2680,3.6941949276484585
2681,3.299429476052874
2682,8.02070012261103
2683,5.715078766548348
2684,5.126030424991201
2685,4.262418931052075
2686,4.243880489793883
2687,7.256840352700211
2688,2.746487778587456
2689,7.470875761424492
2690,2.6058266647882915
2691,5.827064852014841
2692,9.448174111157135
2693,3.350955499123832
2694,4.767044416342702
2695,5.735869507353173
2696,2.3421977900499713
2697,4.177140353909498
2698,4.54709882715527
2699,8.624944205520608
2700,1.462046010829683
2701,4.757635133068784
2702,5.480440558916039
2703,7.554419267308765
2704,8.541725424436668
2705,5.516786400936174
2706,6.569239243695034
2707,5.695215477834213
2708,4.556675890704892
2709,1.2687884211015439
2710,6.747968315160445
2711,6.748746107002283
2712,4.530699306851675
2713,9.286851531751974
2714,3.3307337824690997
2715,3.652105041774181
2716,3.524140641643888
2717,2.227372920561739
2718,4.347608390983217
2719,4.761870322376504
2720,5.257789856139683
2721,5.943624318053237
2722,7.479415110205214
2723,6.70117908401121
2724,3.6205623722209004
2725,7.357286926275853
2726,8.349013265629958
2727,7.841228420804792
2728,7.707810722098975
2729,2.667824727200918
2730,7.110647241399573
2731,6.802858379444304
2732,5.868316149846057
2733,5.590429267481984
2734,8.14449975788271
2735,8.978574123199172
2736,5.03552374912731
2737,5.251072346776665
2738,5.298556599859157
2739,7.2364249575413355
2740,5.4239263293095465
2741,5.62736422483479
2742,5.663125100411706
2743,3.1905183068287166
2744,2.182583695297244
2745,9.162490897816777
2746,6.69165697495812
2747,1.972307870635928
2748,6.647120018744777
2749,6.487764594277476
2750,6.488814125373101
2751,6.491208546839535
2752,7.34501740782723
2753,7.138804841570915
2754,6.386402587443511
2755,7.036980781169481
2756,4.326059157308059
2757,5.7011149214131
2758,6.280830519141108
2759,3.825644814392825
2760,6.95508232053424
2761,6.935430270344615
2762,3.1314752317446257
2763,6.016131191304747
2764,5.864989045480318
2765,7.032935573907108
2766,5.692427263351499
2767,8.32144982674836
2768,4.047968072370791
2769,4.632593319758178
2770,2.4826418593902284
2771,4.7323567932819035
2772,4.580436889974341
2773,7.788847772853441
2774,7.9265608166990535
2775,8.648104139477462
2776,8.756629494442025
2777,6.901304547927587
2778,6.486036254735398
2779,7.500583572812337
2780,6.213430214510998
2781,4.14219736872811
2782,9.295424873951838
2783,7.014812689240813
2784,7.742537374031121
2785,4.7820085137467645
2786,5.344063072725133
2787,6.9781610562482665
2788,6.500407404742701
2789,6.1213543588576
2790,2.8369980352149664
2791,8.907450578951966
2792,2.464818360835174
2793,2.4723711306500755
2794,2.794311834686376
2795,2.8721201284476052
2796,7.995301734057314
2797,6.970712514365436
2798,6.690850940631622
2799,3.735799169457824
2800,3.30207952834796
2801,3.6065856194665145
2802,8.34323755695599
2803,5.6320967170889755
2804,3.9253303487404194
2805,6.923576422206965
2806,4.869987733005205
2807,7.819315138575547
2808,8.02041723033642
2809,6.676981884595449
2810,7.497148558059192
2811,2.9097094704528437
2812,7.041212628790602
2813,2.9618961220428774
2814,5.357789689551004
2815,9.030240656653563
2816,6.550746421127663
2817,6.240234564386036
2818,2.410804366800638
2819,6.829060710732984
2820,7.742878010060798
2821,6.912043662982326
2822,3.4003167476739593
2823,4.683978479297618
2824,5.908385263437852
2825,4.0711655999109855
2826,9.826864716784533
2827,7.3467404124663265
2828,6.392332459022463
2829,7.321939498707545
2830,5.381944329138876
2831,5.9889033622389025
2832,7.900867938136327
2833,1.6476393126490343
2834,5.479844459127451
2835,6.495507874743185
2836,4.24214519824396
2837,5.82679565483028
2838,8.622399348574344
2839,5.573799192245557
2840,5.939377240597069
2841,2.508108597927545
2842,8.118063367273889
2843,6.178889084224667
2844,6.862206297381396
2845,4.412573498210314
2846,7.819922824084091
2847,6.627179584949945
2848,6.152036777719697
2849,5.3947371380997025
2850,3.627519641364331
2851,1.8600015770342764
2852,7.127622272556283
2853,5.198232328475819
2854,5.354605107053003
2855,8.752789592393734
2856,3.4310917595488832
2857,9.362925663934892
2858,7.371869996166562
2859,6.501341385493082
2860,7.04045890837623
2861,7.459214844964942
2862,8.634220704346586
2863,7.352825232830076
2864,7.387169815149628
2865,4.81512131587246
2866,8.13220101001997
2867,6.745454464875095
2868,8.592557903000287
2869,9.499306465154602
2870,6.085195235034583
2871,6.746381622801833
2872,6.2811285442168625
2873,7.673648827814151
2874,5.1493781292285075
2875,6.829356444497042
2876,4.155049883140187
2877,3.7849321740981794
2878,5.671464835290998
2879,5.783825025783988
2880,3.6310905265230793
2881,9.76279794467788
2882,5.270426061818615
2883,5.685572235611016
2884,6.5743699884728475
2885,6.4965453852704895
2886,0.6475294445800662
2887,6.849211588271286
2888,8.499091061594182
2889,6.935675499432911
2890,7.642840448873111
2891,7.993855515848898
2892,8.4414847466735
2893,5.393901093339792
2894,9.426364709726133
2895,3.005874116876167
2896,8.2310763183363
2897,5.0072129239228005
2898,3.2644358260023028
2899,3.396925522379027
2900,5.611967325970349
2901,3.3043931753479407
2902,9.287389617376643
2903,8.039085366097773
2904,4.401151860217846
2905,7.6951108868830405
2906,7.9748172698735145
2907,6.822491093502987
2908,5.992893461045151
2909,1.6497233652917729
2910,5.927218941368652
2911,8.979833962252904
2912,4.165881894444055
2913,6.881724709002372
2914,3.411932948241822
2915,5.610400783186679
2916,8.495834582706859
2917,3.3200536311214526
2918,8.243233006675428
2919,4.269388550649777
2920,6.788237704167121
2921,7.738000570214505
2922,3.5129757870279255
2923,7.438361148581215
2924,7.4792689000160255
2925,6.491208415682415
2926,7.469047420229477
2927,1.8649625503195744
2928,3.8849505640245567
2929,7.691107677972636
2930,5.064666473356095
2931,4.063808455672914
2932,6.263289286060575
2933,3.140927569267607
2934,2.6821245038871706
2935,6.486295663355541
2936,9.602796405658305
2937,4.539076771764285
2938,4.435317563933442
2939,5.987080777936679
2940,5.61417103221252
2941,9.149550138687017
2942,5.115008445033579
2943,5.921285873323809
2944,4.709431785074825
2945,7.384633082518647
2946,7.918477409713856
2947,6.82898787792197
2948,1.8670544510120126
2949,6.1790918745526975
2950,7.429363664368063
2951,5.168405510944389
2952,5.48895387147161
2953,5.568140578514342
2954,6.148142376206781
2955,3.660333081697305
2956,5.027990188963433
2957,6.624490209532489
2958,7.619998524622114
2959,5.884130748229014
2960,6.375180470169133
2961,3.5370512572334127
2962,8.417475912418578
2963,7.7088272635546335
2964,2.6558893704174498
2965,3.2177216062954073
2966,4.943455254296494
2967,5.934218312329454
2968,6.2006067127136
2969,5.310140343941081
2970,3.288676005050258
2971,8.702772698522221
2972,9.988584642071975
2973,6.117083297569794
2974,5.096061628586354
2975,5.540202613489757
2976,6.937239686845706
2977,4.791076712717748
2978,7.932634526539992
2979,6.829499586069906
2980,3.820159383277672
2981,9.608636318637512
2982,4.641698998225621
2983,4.651281821895791
2984,8.494100736045372
2985,6.753476023728425
2986,6.327907934531988
2987,8.8629750854983
2988,6.684392863511119
2989,9.576857172618443
2990,6.407034809422667
2991,4.857727482141553
2992,6.426587314976257
2993,6.390421248777487
2994,6.120979852791236
2995,6.198590048510571
2996,7.158975391515902
2997,9.572093820282007
2998,6.24093670174692
2999,4.802271688363407
3000,8.887035702393478
3001,8.198588385935343
3002,6.972693328608287
3003,5.3144075748410184
3004,7.727131117435991
3005,6.189585481629228
3006,6.477293509954379
3007,6.708290067858917
3008,9.170060385097168
3009,7.285516447186763
3010,4.508148228766669
3011,4.219740716476302
3012,8.055322793178277
3013,7.081056420110419
3014,4.926868543475986
3015,1.4340553725415994
3016,8.282027061891565
3017,5.631423862890504
3018,8.614757658224576
3019,4.247045378362458
3020,3.9518503583555273
3021,6.233611233849377
3022,4.586530839045203
3023,6.294534723377941
3024,7.713877804793976
3025,2.6536701869090904
3026,3.7798769422463083
3027,5.949278422335807
3028,7.62707400451924
3029,4.656095923608222
3030,7.0599830526848795
3031,4.322413238316277
3032,7.141820886890585
3033,5.194841915249599
3034,7.255264818349107
3035,7.905182022100661
3036,6.990840738345315
3037,6.298729205515992
3038,6.115008059257041
3039,8.738634262367121
3040,6.517299110799084
3041,6.666614148004865
3042,2.36924738165207
3043,4.665030941869024
3044,5.537537423572674
3045,7.85480085704031
3046,9.372214458662452
3047,6.391692322150564
3048,4.793993288707516
3049,7.977674435344349
3050,6.205518670656478
3051,8.454583430447391
3052,2.948399650977541
3053,6.5423070008460416
3054,7.447089967603759
3055,6.697114939177048
3056,6.839900637883899
3057,7.463910381345587
3058,8.947451829591312
3059,8.144526225976833
3060,4.040196875319957
3061,5.468474036539408
3062,3.7368195443357366
3063,4.494412870570451
3064,4.235457770919001
3065,4.294329281388408
3066,7.3634598064834735
3067,7.351938825265893
3068,3.034629700340129
3069,3.343980208410148
3070,5.762614858778106
3071,7.236375624165072
3072,4.875727170873195
3073,6.764923379169824
3074,4.699366342055305
3075,7.176416536318818
3076,3.296830641979697
3077,6.627275859708874
3078,8.430098570712348
3079,8.122455360213955
3080,8.8743435674577
3081,6.062146405113397
3082,7.766022707887575
3083,7.093281899796655
3084,6.43783343189411
3085,8.610619058572954
3086,6.080515714742194
3087,6.1841626681557145
3088,3.7857042189172403
3089,5.3402437945239765
3090,9.248799914995905
3091,4.7108386363832455
3092,2.843341192983366
3093,4.134360523472926
3094,3.7396708439985233
3095,3.7030737498510993
3096,4.040900664324431
3097,5.784541295978844
3098,8.00522085817258
3099,3.6779198157029924
3100,3.1141642868693937
3101,4.067789329512883
3102,8.145379057078035
3103,8.197840340453446
3104,5.116963455290007
3105,5.500549976491177
3106,7.184264509284754
3107,6.542778445914413
3108,6.655642452390813
3109,8.456110492876464
3110,6.728148674596282
3111,4.596245176747246
3112,7.067170769158253
3113,5.274881575679403
3114,5.379889924334909
3115,6.2393191629601805
3116,6.132488373217899
3117,7.132454237172371
3118,4.291725839867106
3119,8.385371234038221
3120,6.037516334199787
3121,6.170054823153281
3122,6.805038884552218
3123,6.144691891821372
3124,4.170654548110204
3125,6.144677800996395
3126,7.037781487453688
3127,4.60489186730324
3128,2.6139994372216213
3129,5.2105252722733315
3130,5.363944226745606
3131,4.7179840673166735
3132,4.754884483426021
3133,6.4070961097770605
3134,7.178335482437516
3135,5.439710831120351
3136,3.7543486142925593
3137,2.132920270494698
3138,3.811608619835353
3139,6.798519661433358
3140,9.747804565048705
3141,7.01810390306508
3142,5.319308422607823
3143,6.290098531083925
3144,6.172672903327536
3145,3.1702204918011248
3146,5.6116515033548975
3147,6.205902007843386
3148,2.8999374301420855
3149,8.015138055167476
3150,6.838010753290827
3151,4.667874984060374
3152,5.625283881081292
3153,3.9820230244078574
3154,4.072023362767456
3155,2.8799266667788244
3156,7.258991577398037
3157,7.71531465251323
3158,6.450709185988714
3159,6.188341376567774
3160,3.0757700307942173
3161,8.283693439844033
3162,6.579765588932854
3163,7.305613370611333
3164,8.352231044297152
3165,6.73659467944322
3166,4.670906475290794
3167,3.538227709618939
3168,8.910458036178175
3169,4.347794421832241
3170,6.575180221740238
3171,5.3767091351027
3172,6.5702621440350955
3173,3.717593882242499
3174,6.957113653640457
3175,1.862494531709063
3176,5.343786999691508
3177,7.067575089943384
3178,5.025019813072328
3179,3.0816502423889256
3180,6.9721745014274985
3181,5.201970707402871
3182,5.734952614593955
3183,6.979225412657227
3184,8.12486396439117
3185,5.011394848966158
3186,4.786609249428647
3187,5.408414977507482
3188,5.373923404048367
3189,3.204739991539758
3190,2.1494239004221933
3191,8.223270340617397
3192,5.354390002061264
3193,5.81322182401611
3194,7.419347146109141
3195,2.9603276636962876
3196,8.398187908075723
3197,6.6969451549308
3198,7.31465706621307
3199,3.80395444299392
3200,5.732283518881134
3201,8.544757850728221
3202,7.223374263396065
3203,6.127780843937177
3204,7.81109164938258
3205,6.703673482731619
3206,5.569283622804912
3207,7.503079153586198
3208,5.52935832861125
3209,3.3663345943449867
3210,6.0683814029761995
3211,3.6184438572458992
3212,1.706342730564841
3213,8.682308498618221
3214,5.185105264159563
3215,4.97428651285131
3216,5.625732618499155
3217,4.80418436166012
3218,2.586541971742098
3219,6.237974685843896
3220,7.297202130464791
3221,7.474164945580613
3222,6.811434288655262
3223,7.3673261415499125
3224,3.8273187343024846
3225,3.9101490612052174
3226,4.911961836006263
3227,8.981856613290937
3228,4.081881472891933
3229,8.376287181714245
3230,8.829719413771196
3231,7.716747052135382
3232,5.772098670586703
3233,4.9146501697981755
3234,4.638546022209752
3235,7.960424811254919
3236,5.704985227257918
3237,7.228853815036646
3238,3.8143903166624176
3239,6.67424002106318
3240,5.199453013107609
3241,8.131996527336767
3242,5.143159257280489
3243,3.9649710660910564
3244,7.571404110308538
3245,6.439513674314616
3246,2.2328869841314303
3247,6.875209661324554
3248,9.04074815713523
3249,2.06054079535476
3250,5.465354100776012
3251,5.692269905474096
3252,6.101563964373324
3253,5.765560858397639
3254,4.728705297042389
3255,4.692808159457293
3256,7.852004309971948
3257,6.453797705075965
3258,8.418404889716523
3259,6.919239269721227
3260,7.016118666993437
3261,8.266735292005922
3262,8.127925874995155
3263,9.246168722114149
3264,5.705218931189402
3265,8.115886048509983
3266,7.171007087932475
3267,8.343882482637081
3268,7.169916403460922
3269,5.562304584070147
3270,6.470282348679332
3271,5.278105096462333
3272,6.778541787404673
3273,7.864545396417652
3274,1.703906173158709
3275,6.938193610730484
3276,6.317210473120479
3277,2.1329545548443205
3278,4.433328111007552
3279,9.53783529569343
3280,6.52956371380584
3281,5.103497926948967
3282,6.9980403819127
3283,7.627364622302061
3284,6.922058533389205
3285,7.241318712423502
3286,4.124259149050169
3287,9.15708996160149
3288,5.799529545648715
3289,6.5491271799506
3290,5.477670898308464
3291,4.759706212969004
3292,3.7241326858049133
3293,5.657442863516556
3294,6.503080940591896
3295,5.014861540447948
3296,6.931611427773666
3297,7.077640742902679
3298,6.508402429933687
3299,5.096101919100185
3300,5.603622985036586
3301,5.530411279284523
3302,5.658603599655725
3303,5.067635253115405
3304,5.488665631911582
3305,6.006084602116053
3306,5.961598323549248
3307,6.571224064722057
3308,2.409611879018077
3309,7.344175595529917
3310,6.690368332324121
3311,8.247460286865655
3312,4.997892422249934
3313,6.222425026311069
3314,6.261623924095754
3315,4.603709679800855
3316,6.70175237290267
3317,7.624273590876799
3318,1.3699888617573763
3319,8.464168079836714
3320,6.9425546405824905
3321,4.221946973238892
3322,1.845987888539966
3323,8.363430841855578
3324,6.500996932991098
3325,6.349860583839999
3326,9.986598056682622
3327,7.35990061316662
3328,6.424706166903308
3329,4.722077379847972
3330,7.069426923592144
3331,7.145825006690002
3332,5.60031983560752
3333,5.5160774781049176
3334,4.94584715020555
3335,6.285212215192958
3336,4.260828213480316
3337,2.797669083681123
3338,6.300185982727385
3339,4.644191863525835
3340,7.92317411203163
3341,8.215370994505248
3342,7.166586241288191
3343,6.079761957809586
3344,4.963172249122595
3345,6.727840314820549
3346,6.747676615726026
3347,9.167328348449228
3348,8.471442402175445
3349,7.559633234987655
3350,8.45637955840308
3351,5.1997836385062
3352,5.334973242632257
3353,6.988809175579762
3354,7.255317394675298
3355,6.363747191647453
3356,7.098973044664261
3357,8.085068010480503
3358,9.01413995699074
3359,6.137842512880148
3360,6.5381998906313
3361,8.026876888970083
3362,7.5301389016110365
3363,6.179442233044215
3364,7.23346444670315
3365,2.1632505586992012
3366,5.0057090145089855
3367,5.590450247086727
3368,7.323551001359972
3369,5.988845922213211
3370,4.287943196378935
3371,6.604257962690447
3372,7.009813986320532
3373,7.504666223191424
3374,6.215743114482125
3375,5.524437786832356
3376,8.836371863995138
3377,4.173598323064081
3378,7.027343970615837
3379,5.746423153099135
3380,6.541932055376004
3381,8.124406210890225
3382,3.5056229861950277
3383,6.361861802616655
3384,6.651737213869389
3385,7.886158676968317
3386,4.266138658809167
3387,8.122293794401168
3388,8.707350052844058
3389,7.553502889282669
3390,7.961730291839284
3391,7.9577409870843
3392,3.6519784616184348
3393,7.208371564727559
3394,6.405000922335887
3395,5.676955075344519
3396,4.373922494192001
3397,9.470710674102122
3398,9.923253563670084
3399,2.435402197427834
3400,9.524436622461485
3401,6.164594193927396
3402,6.2866048488695885
3403,5.543412295937449
3404,6.159816453924549
3405,6.100670197096773
3406,7.765576003398621
3407,7.494021763871847
3408,6.25577244782095
3409,4.876576479659858
3410,4.9186018134457825
3411,4.9890693302435025
3412,4.08310509753084
3413,6.691546030209958
3414,5.7458482450755595
3415,6.5626573810222455
3416,5.589607420975174
3417,5.85274638579955
3418,4.691650252617125
3419,6.421857390501475
3420,4.666089648945554
3421,5.9307633944839555
3422,7.1348766613547365
3423,4.559688666759131
3424,7.400696331106064
3425,5.123142178339636
3426,9.299954119331863
3427,4.552638385491412
3428,5.774727463458291
3429,7.19151644273674
3430,6.553894385238683
3431,5.906266653750973
3432,2.0025758287522906
3433,7.285251583458984
3434,6.4725417060915476
3435,6.4889420041574954
3436,5.077727789436681
3437,4.515487166277217
3438,8.648861012165813
3439,5.369274797314509
3440,6.040739325369052
3441,3.133620992177407
3442,7.5790411569367135
3443,2.7919134537855097
3444,5.654624975894386
3445,6.845848579957881
3446,8.869195929119522
3447,7.933203263574794
3448,5.316272689467825
3449,5.2351215811002465
3450,5.227321861704228
3451,9.007232377634542
3452,9.630069294969175
3453,8.734012673359171
3454,2.1389834152069302
3455,4.1020680219593215
3456,4.743514952112336
3457,6.392837820487325
3458,4.3802643808350314
3459,8.41280029988212
3460,1.6972276861377353
3461,5.881129292436994
3462,6.156863330823616
3463,4.079373138235795
3464,7.345991954320944
3465,5.609528293043619
3466,6.89260895934908
3467,4.747238506936968
3468,4.853401251136488
3469,4.221787320225635
3470,5.8278828339334545
3471,4.782589386253818
3472,4.023982364187741
3473,5.284585105286635
3474,9.01334033503571
3475,4.631344450136291
3476,2.2836016791193314
3477,3.9959200350494664
3478,5.353360564728697
3479,7.181630415221614
3480,6.598013808326847
3481,3.516895552061313
3482,6.370999877392799
3483,9.004617072542898
3484,5.329535444623971
3485,5.8503149810234385
3486,6.1541452714635
3487,5.127802731343311
3488,5.898901732874722
3489,3.959392378785261
3490,4.068368359727811
3491,7.9924392465335306
3492,8.493948328281187
3493,7.401644948614079
3494,9.129337116116503
3495,6.188171799086037
3496,8.124190582473636
3497,2.124061858328652
3498,5.902437858547641
3499,6.552347022890396
3500,8.540426966437309
3501,4.497093772483844
3502,2.5868752449816697
3503,4.3682416889642495
3504,3.959210290663301
3505,1.4580528314699845
3506,6.1933488815200715
3507,7.645399004456316
3508,7.010824720394697
3509,7.0916041818106645
3510,4.749238800143081
3511,6.415433426042251
3512,6.126235623321688
3513,6.345071412197084
3514,6.652154867978963
3515,5.286330555570426
3516,5.1072155984616305
3517,9.391342604357732
3518,1.2244515538142622
3519,6.685651254325165
3520,5.624123253626187
3521,6.40626808089205
3522,8.792360570833875
3523,5.258141457418226
3524,7.306449452484789
3525,8.883711921137017
3526,2.930047831585896
3527,5.72229417328393
3528,7.682239816303425
3529,9.698088106113122
3530,8.281549556198868
3531,4.315302167648204
3532,6.283158921042992
3533,7.556928200752871
3534,6.850723545361447
3535,9.365158852240876
3536,6.412710742161373
3537,3.8641233980665084
3538,7.1767008168751385
3539,7.430846325139972
3540,5.491617769835093
3541,6.899697277740363
3542,7.437978420004505
3543,6.319694186467442
3544,8.356614927719676
3545,7.608163729404021
3546,7.662086088789252
3547,6.5746844444117825
3548,5.958875709548594
3549,5.140526397882408
3550,6.28343028691379
3551,8.555828443050597
3552,8.185116618464118
3553,7.936826887633946
3554,5.268127842981204
3555,7.729281500205529
3556,5.789034333010119
3557,2.8715873258889006
3558,3.2731883194140656
3559,5.34283127827707
3560,4.212564077278148
3561,6.15113130331636
3562,5.321011761048884
3563,7.759955170355838
3564,8.313126823723833
3565,5.6536298959223705
3566,5.437649181824371
3567,4.6341961947785695
3568,6.823042694053963
3569,7.151382838255552
3570,5.9090722983774056
3571,6.133796158990849
3572,2.0797993877149143
3573,8.563092134788578
3574,5.288644729310365
3575,4.9746703997996224
3576,7.89559864641487
3577,4.246272890336137
3578,8.735794887646394
3579,5.327117248624234
3580,4.832106551842802
3581,1.854540901009953
3582,6.103268456647152
3583,5.692297789208824
3584,3.023937625961131
3585,8.162446827905338
3586,6.513650277087353
3587,5.55322745620844
3588,4.795457536389973
3589,4.97412706707807
3590,2.8158149103300985
3591,7.5798977460536765
3592,5.619717762147433
3593,7.948635600949126
3594,6.559300999765268
3595,4.7992750855926944
3596,7.86004666256417
3597,6.38170102106659
3598,5.492370860068878
3599,6.603110078783632
3600,4.926549969704792
3601,6.62408882522444
3602,3.2600117906535773
3603,8.730682482777395
3604,5.350789593130477
3605,5.699988616571359
3606,1.0748167742905845
3607,4.565579929076799
3608,6.447710782891451
3609,5.455629577810699
3610,5.608115086882353
3611,8.920284409732622
3612,6.074177442961089
3613,4.843208799886173
3614,3.600311808244716
3615,1.4764666708159808
3616,7.759304896146711
3617,5.87430429678117
3618,7.368715563603976
3619,6.347932577656577
3620,5.491015193644044
3621,4.270302354717452
3622,6.308351890216615
3623,4.577799325758579
3624,8.626290635213284
3625,6.530143559646746
3626,8.79914911484523
3627,6.66281603315412
3628,6.507710921081548
3629,3.86538695549561
3630,6.128245954924423
3631,1.731955483315589
3632,9.435471863272397
3633,6.171939103888333
3634,5.955180850085841
3635,6.034438175545354
3636,6.33914261541822
3637,2.2241195324078165
3638,5.597815866177051
3639,3.3472716405601304
3640,4.2437559394972775
3641,3.793962595833361
3642,3.5318634471851302
3643,7.576787591116721
3644,7.103620734632164
3645,7.332402933018192
3646,3.169314967760962
3647,6.421912637537889
3648,7.487811079354162
3649,9.759505021439876
3650,8.24908661142859
3651,7.609860819289368
3652,8.775701114684253
3653,6.467594876479517
3654,5.4614645625664915
3655,8.683954327403708
3656,3.2156172250326174
3657,8.699116916752676
3658,5.6150321071880835
3659,4.343984193286941
3660,7.939684061570828
3661,7.063094425674388
3662,6.121113102394118
3663,5.408306963061625
3664,8.353461972310303
3665,4.259088520521108
3666,7.900614203088471
3667,6.769414557432071
3668,7.553601308120173
3669,4.783280839867667
3670,3.4076177493580433
3671,6.9316585821374606
3672,3.2448657151798
3673,6.494453187086006
3674,2.4458256555462703
3675,2.1490085510056693
3676,5.605494962902163
3677,5.436636216575467
3678,5.836862600145386
3679,6.439764008061355
3680,9.98979091555184
3681,5.655363075254058
3682,8.921402074285382
3683,8.857864741143985
3684,1.5587625899471942
3685,5.217523965914731
3686,7.104901712849342
3687,6.49981064257279
3688,3.09824603114656
3689,6.955745395534015
3690,5.770135492751822
3691,7.13660283629803
3692,7.876867925521644
3693,8.964826162297129
3694,6.295144761248476
3695,7.6456313094034245
3696,6.42948043373192
3697,8.405157870584025
3698,5.040433150413209
3699,4.845991865595041
3700,2.9366026100534057
3701,3.854751586438822
3702,9.317265978790727
3703,3.7095196280477354
3704,7.308412740695784
3705,7.0445236667491375
3706,3.480432964266413
3707,4.5295438637816225
3708,2.5412060873056967
3709,6.189762590358692
3710,6.088025578588365
3711,8.40062121950794
3712,5.698409168330591
3713,3.8181090713194834
3714,5.054125537747735
3715,7.911422129015894
3716,5.373295454229959
3717,6.416207434703487
3718,6.938359669828246
3719,6.819301116104272
3720,7.696055331716835
3721,7.999590876156025
3722,7.134710514524071
3723,4.01711197257948
3724,8.237423767534448
3725,6.082474551303683
3726,2.7747554826968153
3727,6.612871672898474
3728,7.071871305260319
3729,6.8622106952891375
3730,0.24072054228147177
3731,6.514440711562004
3732,4.973182464405907
3733,7.317755575012588
3734,6.716905908643471
3735,1.9609529209257992
3736,6.340732301299959
3737,7.502864754714187
3738,5.7616262250440835
3739,8.697215891243177
3740,6.712335762755667
3741,3.664562681796826
3742,8.902360981158822
3743,4.672494567733225
3744,5.691384464884409
3745,4.8075153159958735
3746,9.560369223390472
3747,7.962268236121114
3748,6.839410354050754
3749,7.447786228732641
3750,2.6725494755096593
3751,3.60319147243498
3752,6.373646219722486
3753,3.6848937769116423
3754,4.172589571591264
3755,6.324337776109312
3756,3.462007289702531
3757,7.66739389894942
3758,7.915648754280762
3759,6.852101742844032
3760,8.788919181014888
3761,7.1048381981966315
3762,4.336343597112572
3763,8.35649530602219
3764,4.433530385680244
3765,9.022792437626688
3766,3.4988685045851056
3767,5.89311746868473
3768,6.1408426997233345
3769,6.197973636602468
3770,3.6424954896568655
3771,5.873386550344044
3772,3.0937332826730293
3773,4.608369873512599
3774,6.119735904930969
3775,6.538064589885424
3776,7.552485568829877
3777,1.0627378120971638
3778,6.082811747700175
3779,3.5906697012487143
3780,3.133841506659532
3781,4.34427640830628
3782,5.6027905788135515
3783,4.059837307261001
3784,4.213048288253178
3785,8.188033893969235
3786,2.1438111202302044
3787,8.254996132691513
3788,5.278738091772306
3789,7.476408879218312
3790,7.769341591478994
3791,5.151756070981238
3792,8.552331593630166
3793,4.505314370594814
3794,4.827275207362575
3795,4.450904790876852
3796,4.064054080445216
3797,6.3373753920944305
3798,3.590264488737193
3799,6.317513860065526
3800,4.967656696979791
3801,8.860394409718118
3802,3.8163197220865177
3803,1.5337329025806277
3804,8.891494203019587
3805,2.138135627099244
3806,8.088390549683126
3807,3.1527102620146756
3808,4.136412560752072
3809,9.121859883295382
3810,4.878799893293864
3811,7.255082133084052
3812,6.382402984766514
3813,6.892764425449346
3814,5.013667199435494
3815,6.736175668881428
3816,5.29842074020722
3817,6.30968335888145
3818,4.536873418747279
3819,5.99703244390973
3820,8.542106814579641
3821,4.387049444340664
3822,7.99078582391356
3823,7.2675554380993335
3824,8.607177085716414
3825,7.811189718484104
3826,4.6429171787454235
3827,9.38083462395583
3828,6.362048914341341
3829,5.934077040793572
3830,6.528020246890568
3831,9.052393875745944
3832,7.663927561933152
3833,5.158643681352665
3834,6.03841411688116
3835,8.576676080530977
3836,5.690836228861604
3837,3.519925332013689
3838,6.72080629878968
3839,3.796367324709691
3840,8.813769663906196
3841,7.382411088589855
3842,5.708192293599863
3843,5.719935193474713
3844,4.67360643517563
3845,8.838337398204864
3846,2.8192432534857987
3847,5.853261845706241
3848,6.479927138079683
3849,3.6940768197252103
3850,9.038586996005685
3851,3.1707909908086442
3852,4.745116649892011
3853,6.044221207907764
3854,3.1208937003004813
3855,4.169482369701594
3856,5.408191787722391
3857,7.246207257708223
3858,9.4007470546625
3859,3.6720189988425944
3860,5.747853571261448
3861,6.800980539029491
3862,2.5089334642863683
3863,4.669561626363079
3864,8.01792268773227
3865,6.134749763402731
3866,5.601225744797806
3867,6.24215709539475
3868,4.381899570104101
3869,6.376960500917754
3870,6.918367268890007
3871,6.153862961457659
3872,6.058243817889455
3873,5.445605023076533
3874,6.954865402943582
3875,6.069258064377349
3876,7.82310234106064
3877,6.86076454741175
3878,7.093605264339459
3879,1.8404347945029003
3880,7.115679519268175
3881,5.18210935099889
3882,7.272373662043181
3883,8.332247936294085
3884,7.9293617218851695
3885,4.194526941639344
3886,2.071607291193149
3887,2.3570116897289464
3888,7.753768813157582
3889,6.61159507847931
3890,9.29578748472143
3891,6.921545301499336
3892,2.979311101329106
3893,3.010960912008296
3894,7.3453741093927665
3895,5.673302031798405
3896,5.44572075875146
3897,3.636452225777498
3898,6.467292095210406
3899,2.1373318689820175
3900,5.057167614127532
3901,7.064882929816508
3902,8.456988228214362
3903,8.638935666958577
3904,6.007817458400295
3905,7.165709764579833
3906,1.2751344540130112
3907,8.770417921606892
3908,3.8834355344893012
3909,1.2253539451290663
3910,7.489182062784939
3911,6.900532047762833
3912,4.0164492498309
3913,5.138989757465185
3914,5.280864091881993
3915,6.162095236864901
3916,9.035586256472849
3917,1.9629767917567147
3918,6.34611539758918
3919,6.386516619029436
3920,0.46730916318821636
3921,6.3502974824914755
3922,3.2840789820431846
3923,6.761478244741047
3924,5.640010780510779
3925,7.829577749228017
3926,6.501871402648364
3927,2.912342199215137
3928,6.791571033969383
3929,2.2985046550448556
3930,6.266564486990893
3931,4.306624777840501
3932,3.3134659568560694
3933,5.717319779735391
3934,1.4233309408426733
3935,4.6208025654214895
3936,7.470392466952947
3937,5.131111688062475
3938,4.403864070076727
3939,4.549732718846102
3940,7.484957969544347
3941,3.345976855083001
3942,3.391870764527263
3943,6.4835781626660065
3944,4.946500351443988
3945,4.334873394272576
3946,5.770130308460762
3947,8.05048951813934
3948,8.47412216888689
3949,3.8488467608300923
3950,2.1439823556168967
3951,6.1176775996446064
3952,3.5859052444836124
3953,6.817014281155059
3954,6.102419412199413
3955,7.456357141301031
3956,5.703017226539004
3957,5.550294061511611
3958,4.690423794434251
3959,8.312387509402122
3960,7.477686473468987
3961,3.733872466257734
3962,7.478278327132623
3963,4.176115922451229
3964,3.9468950440147674
3965,6.66235840569653
3966,5.729510214290956
3967,4.7080133853474715
3968,7.02048944382742
3969,1.5368959227567363
3970,9.027607185952728
3971,8.291911972896404
3972,6.324053325045318
3973,4.012916619493383
3974,9.24219322072347
3975,4.812365391195508
3976,8.70338045022389
3977,6.6004774348443815
3978,3.0113299092738948
3979,7.203254686007621
3980,5.436726275708102
3981,7.8321294114766165
3982,9.93347148273753
3983,6.869111211469024
3984,3.4111489758983042
3985,9.522968174283317
3986,5.377458167659688
3987,5.393725878416233
3988,6.953592488037566
3989,7.33230912828473
3990,6.064461432327055
3991,2.1846530365561287
3992,5.835205824874191
3993,7.777536819558078
3994,4.021098688913058
3995,3.9782296261589587
3996,8.628442610483297
3997,7.853358082821437
3998,5.570146480223041
3999,5.352628588790081
4000,4.651736045379672
4001,5.9669408861690245
4002,4.014538115710195
4003,4.598022869363414
4004,5.31348269775359
4005,5.319162960428101
4006,7.101319297440872
4007,4.940736900466348
4008,8.755373375244762
4009,7.1092370878590385
4010,5.7427161428961035
4011,6.798938240191886
4012,2.3652120551035902
4013,3.0734449661616905
4014,3.2570004460102107
4015,4.984442494992445
4016,4.32093613892278
4017,3.33751403405443
4018,6.505943570959724
4019,5.701200795513078
4020,9.28844032956144
4021,2.021230945706487
4022,8.421466540998466
4023,5.604508090160815
4024,6.554795574573059
4025,2.0533527139595966
4026,7.414916981047201
4027,8.148425204337396
4028,5.630485856985056
4029,7.365119133490301
4030,6.100996859985079
4031,7.830323926656037
4032,4.948685153169732
4033,9.079629360764912
4034,6.516238227458037
4035,6.310937085146352
4036,9.699299788694251
4037,6.526514104259486
4038,5.4244369955088665
4039,4.8040652915706
4040,3.214544434511459
4041,8.176954504119816
4042,7.173217619297016
4043,8.054505754879926
4044,6.359066925452263
4045,7.926947103406396
4046,5.145418659161405
4047,3.1715513239433513
4048,7.268966703442063
4049,4.046216827027374
4050,4.997775421344068
4051,2.2713062168818734
4052,4.157310770155682
4053,6.022637126633404
4054,7.984995478780313
4055,4.235132422994973
4056,6.722463035601821
4057,7.638070890827994
4058,8.541189802886908
4059,6.6500805096148214
4060,7.973263325428121
4061,6.8142546045847725
4062,3.130483775300568
4063,7.6088482490847555
4064,6.335323376066602
4065,2.6042757627277124
4066,6.523372683302037
4067,5.658652151578506
4068,4.864525995359664
4069,7.65534936800519
4070,7.2568270385685425
4071,3.0338296260762214
4072,7.532394091570644
4073,8.089671806171793
4074,6.142133958076284
4075,6.7326326208575695
4076,4.040659015357761
4077,5.758597550832646
4078,6.7064023216397
4079,6.672225427074737
4080,2.199216516885838
4081,5.402276491964253
4082,5.233821177221804
4083,2.104118791839363
4084,7.1359879141496
4085,5.969489818212006
4086,8.040943725359131
4087,5.398338419437746
4088,5.902524504591807
4089,4.319633851235014
4090,5.221362548589884
4091,7.872627264334383
4092,7.824097014277794
4093,4.708491791799053
4094,8.520696727224056
4095,7.268088052918292
4096,7.333932091893864
4097,4.469806404086698
4098,7.420669453036074
4099,5.127664748672904
4100,1.2492612003698282
4101,7.2161792742816555
4102,6.982424396469781
4103,5.402860281149121
4104,3.6792026056405307
4105,5.942829759114068
4106,7.448513867776978
4107,4.951850998526245
4108,5.8244682114374005
4109,5.893766058339868
4110,5.522486011093365
4111,4.938898865805728
4112,9.213301606087482
4113,4.115181699647065
4114,6.677831272359742
4115,5.812447273028793
4116,8.925709985278806
4117,6.384580789793722
4118,1.6334197859760913
4119,6.361981341481422
4120,5.585028824484169
4121,4.967045766539832
4122,7.774064893499245
4123,5.407562113379261
4124,8.412691828185055
4125,4.973849615538981
4126,5.194174413393848
4127,4.163190726740939
4128,3.8728674859319483
4129,4.42373518894464
4130,3.550622157403422
4131,6.192531965073935
4132,7.495808479745061
4133,4.808106565788448
4134,2.503971017252819
4135,6.023007866399717
4136,6.1165680932989215
4137,4.887612369298359
4138,1.998849356176906
4139,7.056777748858051
4140,4.099705035492021
4141,7.912581392074348
4142,3.7248663944596863
4143,7.75959367980567
4144,4.565651039720798
4145,5.3984569147445445
4146,5.909325783171132
4147,4.749313044989717
4148,5.80037035773419
4149,7.239291494383859
4150,3.2792924240352255
4151,8.69600980107505
4152,2.4410933685649825
4153,7.3085730613725035
4154,7.464229862058517
4155,8.147063904496727
4156,2.6811697987439045
4157,6.257898889187237
4158,4.562985044512918
4159,4.025813696723608
4160,5.7220330194206825
4161,6.934417877187731
4162,5.075366753330542
4163,5.605439033346813
4164,6.230188374718313
4165,3.0665100267242678
4166,1.2236193444592218
4167,6.459907014594589
4168,5.098630583782397
4169,5.1871661062652645
4170,3.1137756400408634
4171,2.8104214213865624
4172,5.205443548340854
4173,7.931671013467017
4174,6.683011351889945
4175,7.361516013102246
4176,5.21888188151353
4177,6.547369933723938
4178,3.3849239593372418
4179,7.567676053860684
4180,6.993995779736269
4181,3.8110046306978846
4182,7.56981453767906
4183,5.1230849984673155
4184,5.098486265119338
4185,5.370146791776905
4186,6.389969775555079
4187,8.393948125679866
4188,6.840284198400975
4189,7.854781690240117
4190,4.5387829567715325
4191,7.0972016781145175
4192,6.956606063102848
4193,5.340747741045055
4194,3.121750555615722
4195,8.587621018324189
4196,7.152456727154584
4197,2.98316173167954
4198,3.7704876183818863
4199,9.469658021690346
4200,6.035955091533236
4201,8.588648728299521
4202,7.151912437474429
4203,6.028077622359776
4204,7.605627561020964
4205,3.4700542679508515
4206,5.52281190959175
4207,7.565122052845534
4208,2.748748531498574
4209,5.706969901038678
4210,5.10702864010767
4211,4.71916687647739
4212,7.347367073761648
4213,4.615377291994067
4214,6.305773196092394
4215,5.684389660628914
4216,6.355801774957067
4217,6.71699574093994
4218,5.370966128402616
4219,5.725955663847166
4220,5.822453316803464
4221,6.5822574290476705
4222,5.094477475674445
4223,7.409650638789541
4224,4.324968832426511
4225,4.604976421799412
4226,7.385760981801835
4227,4.280495431671708
4228,1.6046390062724605
4229,3.3703352757150675
4230,5.511059395592059
4231,4.930269454195343
4232,6.346709564339897
4233,3.377765084265011
4234,7.059452747004073
4235,6.230839951994631
4236,7.456912124656791
4237,7.028131553889463
4238,6.056627503162955
4239,7.868557950168281
4240,8.3419795605921
4241,7.461043657382861
4242,7.653733525043729
4243,6.36066405469702
4244,6.533650502261753
4245,6.6648054948153135
4246,5.682746813706158
4247,8.013990184134922
4248,3.655100463000585
4249,7.984615153339057
4250,3.4346139134432234
4251,2.087434861252503
4252,7.794144198651975
4253,3.8192808628835353
4254,5.260012940775907
4255,4.584596534425888
4256,5.992901156848132
4257,5.139698750415055
4258,8.629108558762015
4259,9.125415491108788
4260,7.155486909607726
4261,1.9214262550842158
4262,5.082558588587846
4263,5.5805440673082485
4264,3.3568770134022907
4265,4.683900335275932
4266,6.95639952679019
4267,4.606672447147947
4268,7.039157550298226
4269,5.0619659959117875
4270,3.394492667488115
4271,8.659051111956776
4272,6.894903197976339
4273,4.234845789370359
4274,3.877206955022217
4275,6.327589391579954
4276,5.708531096622808
4277,7.061273714335954
4278,6.773364373676361
4279,2.7666816217379933
4280,8.35994779392687
4281,8.477532902188297
4282,5.381921914486642
4283,4.791232703683839
4284,6.887937391426414
4285,6.385711735012388
4286,5.134228210346509
4287,4.345704395375471
4288,6.154543068661475
4289,6.391817149940298
4290,9.249849927921858
4291,5.925679102240463
4292,9.125304531935125
4293,5.492201915741393
4294,7.385171530070059
4295,4.655639575784428
4296,5.313593891679906
4297,2.777225196507313
4298,2.2008791227779994
4299,3.660285212705314
4300,7.420237629911417
4301,5.581922635210672
4302,8.200648291044281
4303,6.252988210019445
4304,4.416335013254342
4305,7.466326986818368
4306,8.223493143362582
4307,6.948745136738415
4308,6.605722696340862
4309,5.000447501226357
4310,8.409420296535302
4311,6.819709980901661
4312,7.9849448054364744
4313,6.262723896011113
4314,7.929635247784252
4315,4.555058660171191
4316,6.33080183649555
4317,6.86613463715742
4318,5.987248790192288
4319,4.5075563926012405
4320,6.054590428307956
4321,3.646087859627839
4322,8.18092197272604
4323,6.490877130430046
4324,4.13614475266364
4325,8.497559136466469
4326,4.7553450258449415
4327,5.901682281064504
4328,6.520774171724495
4329,5.109736110886315
4330,4.7725290128901205
4331,2.3821223927285304
4332,3.656010650280004
4333,4.127976001275586
4334,7.025015813107894
4335,5.463822054532942
4336,5.34958882826497
4337,5.04643909238045
4338,6.806695807139583
4339,3.929024210093182
4340,6.340477995708208
4341,3.2617824691588324
4342,2.749377165608372
4343,3.29357499659415
4344,5.052918769118138
4345,3.553941482881849
4346,4.220855242047865
4347,5.72721448574254
4348,6.671895365525343
4349,6.9369991171889485
4350,8.544910691193262
4351,8.737874979931153
4352,7.351888895375576
4353,5.653036668285722
4354,4.319338802084471
4355,5.7103480661208454
4356,5.67743823114609
4357,6.538333479016283
4358,6.129713015012708
4359,6.484410785779112
4360,6.082811322924702
4361,6.534101685145981
4362,8.379818969179107
4363,3.102090653700869
4364,7.485176131951931
4365,8.77443731259052
4366,8.347353661562128
4367,4.313000697865753
4368,9.827781626396082
4369,3.2217212521219936
4370,4.933846977550628
4371,3.4364380649986614
4372,2.497303986040895
4373,8.962188129142643
4374,5.00234649870704
4375,6.42537904559917
4376,3.2970949838818226
4377,7.08915121836087
4378,6.6504131254662315
4379,6.232609143726458
4380,5.443800840125448
4381,6.462439342433906
4382,5.996448862446168
4383,5.3996594929008825
4384,7.98064306988536
4385,6.786941873971523
4386,9.772576370806103
4387,6.088724721056182
4388,7.140542163901998
4389,9.189742396160728
4390,4.052868538499858
4391,5.437709201195877
4392,9.369500946404369
4393,5.661086813692546
4394,9.519757908985373
4395,7.10532068591061
4396,4.820088119374535
4397,2.347018246236719
4398,9.43188410591166
4399,6.695195160982341
4400,5.735266272907766
4401,3.616269844482409
4402,7.131644930149172
4403,4.525131451877206
4404,9.283090872376713
4405,8.242791938896005
4406,2.309065436179691
4407,7.821725390483773
4408,3.5392872393196484
4409,7.000462548729118
4410,4.99788321572277
4411,3.236132476917068
4412,4.453439643217854
4413,1.4430010073794528
4414,5.164900136676989
4415,3.93068533103501
4416,5.222313467479149
4417,5.509714909949873
4418,5.092187829571755
4419,4.244973321863448
4420,4.538294057135252
4421,7.343442177917547
4422,6.506390042558294
4423,7.025255945728192
4424,4.580470358926876
4425,5.598807595550291
4426,8.667626151937373
4427,4.097758374629956
4428,5.13114711508117
4429,6.407627908806292
4430,5.369496564632582
4431,3.909824907244161
4432,3.274330606130101
4433,8.320013260271015
4434,4.63861835375307
4435,6.559626344427883
4436,5.902150229713699
4437,2.169842924124792
4438,6.537097669378889
4439,6.34029971749495
4440,8.113561717586828
4441,9.267061273628167
4442,6.002564864617558
4443,8.860994067051156
4444,7.127683849063478
4445,4.053927243853918
4446,4.911965646664284
4447,5.829850410286591
4448,5.934439180401038
4449,4.938320878393988
4450,3.7587646500676777
4451,7.218857622715937
4452,5.470845929489767
4453,6.155499778999374
4454,4.201961187443859
4455,6.414098156372836
4456,8.05628660837031
4457,6.993746471454176
4458,4.651221062827843
4459,9.232357646359443
4460,7.8912581441821885
4461,7.07694156543829
4462,3.5060727205551627
4463,2.616428755243846
4464,5.848579005904398
4465,4.5953551552638725
4466,8.098264164835008
4467,4.313082353688219
4468,6.868131969378865
4469,8.743363801448805
4470,6.175864986801626
4471,7.878305804257676
4472,3.8167593536821416
4473,1.5082237672898329
4474,4.843262807362021
4475,4.827652024664959
4476,5.8179313310188245
4477,4.248869375692846
4478,4.0300112517069895
4479,7.175973345003575
4480,4.5814831154660975
4481,6.423993980595943
4482,5.668610066061261
4483,5.301320201983666
4484,7.499897511631166
4485,6.759076698212278
4486,4.673922492428869
4487,9.753058787566172
4488,5.545474536278651
4489,6.454340995861164
4490,5.587662803274105
4491,5.6270760721191255
4492,9.498631537569413
4493,5.31397346392191
4494,8.4424872449397
4495,2.5410047982835584
4496,4.652034748195648
4497,4.756899161124063
4498,3.323986045312716
4499,4.010379645802414
4500,5.982257692280705
4501,5.986204937764443
4502,2.1696672255338965
4503,1.9354034586161475
4504,4.491429078694013
4505,7.373596154604227
4506,3.3718419165285676
4507,8.529542887036882
4508,9.14343114889077
4509,6.188698813188587
4510,4.554515911499812
4511,7.285268883688298
4512,7.290085558929851
4513,7.317604487145566
4514,8.946243753178027
4515,8.047725780783072
4516,4.317566454951121
4517,6.662493796050045
4518,6.700781215270619
4519,1.0424793082581973
4520,6.943975800666164
4521,5.289845045445494
4522,4.739914023535226
4523,6.718106917857021
4524,4.61683868393933
4525,6.842056523620729
4526,6.705700722622889
4527,7.946435982586012
4528,7.3121261228291505
4529,6.836871056251917
4530,7.2643932993163505
4531,5.092981001519673
4532,2.908946659075398
4533,9.615650069508167
4534,9.56049335682017
4535,5.77984961131691
4536,7.6065144252105075
4537,8.268186316056964
4538,5.7105065593452125
4539,7.088241616169441
4540,3.0440927348143285
4541,4.557237753626216
4542,4.086089794990068
4543,4.0058457064701605
4544,6.229496408171966
4545,6.166413927858067
4546,5.628670489799289
4547,5.126490758028124
4548,3.781816868851261
4549,8.828695746269466
4550,6.938204250036162
4551,5.028000095759849
4552,4.491980353763214
4553,7.962459143534251
4554,4.333961886104733
4555,9.786874165611774
4556,5.43979425563999
4557,8.320625764704193
4558,3.3505031769042737
4559,8.154076567494501
4560,6.6556383408169495
4561,7.362048101454237
4562,3.6005285718504374
4563,4.04457797617671
4564,7.607088588372565
4565,1.8060375830593027
4566,8.043841727597265
4567,5.342221894480591
4568,5.237934446414821
4569,5.943501336556322
4570,5.944151490279313
4571,3.8279864828140453
4572,6.688698351649762
4573,7.0626244442722
4574,6.049605466138418
4575,4.021461527035993
4576,6.07745149860723
4577,4.386582996775764
4578,6.239136673692681
4579,7.374961934477947
4580,8.647132601038255
4581,8.613130464919248
4582,7.835753262591192
4583,8.65355781279609
4584,3.7936397747858805
4585,7.21338216030383
4586,7.565360201248711
4587,7.61358089117504
4588,8.14907121954725
4589,8.287920446649968
4590,6.027750359204657
4591,8.164367640791454
4592,7.337924172583404
4593,6.753067369081054
4594,6.131668517447724
4595,2.5992583199505055
4596,3.939461286441754
4597,7.183641902509945
4598,7.454022543283531
4599,3.572737892954843
4600,6.9304824757048165
4601,6.109970652261885
4602,5.439581692844424
4603,8.273931100798944
4604,5.4616742658158
4605,9.211116229224235
4606,6.287087931104844
4607,8.387997170722565
4608,6.871921014858626
4609,7.139114029644228
4610,4.230764048010668
4611,5.538816254023958
4612,3.436584397650833
4613,4.13335234598689
4614,7.531774918849257
4615,6.715572059933798
4616,7.3436609047055885
4617,7.85623055853668
4618,5.801889953547866
4619,6.450928792001204
4620,9.140500985695349
4621,6.8406074261367795
4622,6.661232809378322
4623,3.886939482425382
4624,6.183109298601577
4625,2.327729677589985
4626,7.013272975441263
4627,8.962126297365506
4628,4.721569883345765
4629,4.574466395572412
4630,6.317488104958161
4631,5.018274097255689
4632,5.346594761935622
4633,8.475934569025616
4634,7.121798912427242
4635,5.479194494855907
4636,6.049595373438862
4637,6.283623193728269
4638,7.362475909976032
4639,5.213783049375891
4640,8.731450892261009
4641,6.406820024943241
4642,5.66071141058089
4643,7.2544677735123
4644,4.775032882839031
4645,8.43838331271283
4646,6.481868861709261
4647,3.4798954391455177
4648,5.825788482336679
4649,7.341064621335839
4650,5.512797281113093
4651,9.176151253228024
4652,5.933272785161296
4653,9.45002414491668
4654,6.65449266215227
4655,7.804265333294514
4656,6.857675831903194
4657,5.3688885203067676
4658,4.0601777915623485
4659,8.357239939088938
4660,6.804393388874431
4661,5.845890499860372
4662,1.6289800367863265
4663,8.393227257238886
4664,6.306431420217004
4665,4.1201494242970655
4666,7.180029253269701
4667,4.697607138213271
4668,8.252322658814014
4669,5.418629968267974
4670,4.899850358667552
4671,8.24669856494624
4672,4.265392777433084
4673,8.519440375431348
4674,8.790860721160124
4675,3.3692753381251377
4676,7.966565420125323
4677,3.3483208111086205
4678,6.292566674014809
4679,6.258416980340298
4680,6.309630268496418
4681,7.0424805614459896
4682,2.1278308076762995
4683,7.851976072185491
4684,8.739738337143484
4685,5.74363576517949
4686,7.975808766195783
4687,4.138259989473221
4688,6.557788134914854
4689,9.889706012561696
4690,4.043601983828041
4691,7.256261297219785
4692,7.227022622453191
4693,8.048716281216997
4694,5.441864741543466
4695,5.463083955065992
4696,7.661669318461364
4697,4.246910978742965
4698,7.769154282983118
4699,6.846364204323666
4700,3.8394286007356984
4701,4.947682053159115
4702,7.362322812995214
4703,4.983625954998044
4704,5.034023301957434
4705,3.466204127663694
4706,3.360551600804514
4707,5.0470300140055455
4708,6.221878602306338
4709,4.354562286582501
4710,7.307008108672785
4711,5.285807662542682
4712,6.591447733289823
4713,5.14244834813043
4714,5.360021350792561
4715,3.851989469216565
4716,5.934662745238642
4717,4.2292404869734535
4718,5.688544180812886
4719,3.986788133955435
4720,7.394827435349424
4721,2.017990879480282
4722,4.929981457673824
4723,7.76072491796347
4724,5.732381722634418
4725,4.361534257375686
4726,5.404510716154302
4727,4.179266857814332
4728,8.403469365117592
4729,2.3214834179579356
4730,6.711560356706935
4731,5.69676516800325
4732,5.546651823301813
4733,8.46196229372336
4734,7.192086263713645
4735,8.237658719300516
4736,6.701547132523518
4737,5.6471906615020355
4738,9.195357498282016
4739,8.505750712820966
4740,5.667719118525929
4741,7.138752161175707
4742,5.600174060769137
4743,6.188781003142599
4744,6.185533323616729
4745,5.708096306442305
4746,3.592905772802799
4747,9.231449392391196
4748,4.920348868485909
4749,4.764953878894914
4750,7.959302222974765
4751,6.423805425580224
4752,7.1052701262976665
4753,0.7561363092120578
4754,6.947385527190631
4755,6.746322841263025
4756,5.413666250021701
4757,7.931267369449219
4758,8.493673975105786
4759,4.534776438187057
4760,3.725428310802532
4761,5.637301104233481
4762,6.64802955420573
4763,6.542116670670529
4764,5.084366300760962
4765,6.554811370277122
4766,6.631001822641996
4767,5.654995923901929
4768,5.019428253248388
4769,2.8132679211340075
4770,3.2933551772841354
4771,5.469671415855785
4772,6.866743062714733
4773,5.910186309509202
4774,4.593657036040589
4775,6.920674597477417
4776,6.421297572691179
4777,6.771565789765724
4778,6.058450396749229
4779,9.169115202350422
4780,6.226510224201409
4781,4.5531271241904285
4782,7.114628641393731
4783,1.851326270154722
4784,5.051331177348986
4785,5.40292985833538
4786,7.700141400638849
4787,6.332433564354664
4788,8.948757767923244
4789,6.340682539808522
4790,6.1118274249029945
4791,8.120217117879164
4792,4.987008006544291
4793,6.378688017775245
4794,6.342898233309817
4795,6.552170941188661
4796,6.271747365037957
4797,2.8525965817575916
4798,3.432989236307461
4799,6.056215045946506
4800,4.962207187847204
4801,9.370713931004223
4802,7.407120713210476
4803,4.752457707218799
4804,6.381643842566172
4805,6.352632810786942
4806,6.357213149673013
4807,4.709348644986584
4808,6.205712995564254
4809,6.121278857900425
4810,7.047391261241986
4811,2.740525396486785
4812,3.7756377598375948
4813,6.996831373371146
4814,2.9561200923016426
4815,6.538448719720883
4816,5.355742806646343
4817,6.529568275924627
4818,5.820549288323926
4819,5.010836092653052
4820,7.718517842203669
4821,5.724376790749053
4822,4.661575836434542
4823,6.5885554116470715
4824,3.6690807490229473
4825,8.033744902044656
4826,7.326981645367633
4827,4.797109668324871
4828,7.8175296164836166
4829,7.074709273343002
4830,4.91128659851194
4831,4.762767670827658
4832,6.84808052210281
4833,6.013554083201418
4834,3.4776793487143665
4835,4.638124146569052
4836,8.43435017815537
4837,5.127532441110828
4838,5.685923926998914
4839,7.751394937797153
4840,5.861999853118702
4841,1.7225887850055883
4842,6.797618636591691
4843,7.798051450769504
4844,7.231777795622205
4845,7.672629477622989
4846,6.685543812000134
4847,5.31215331755357
4848,5.691485062753162
4849,3.253313833615811
4850,1.6074660535829615
4851,7.683809922189228
4852,5.868418356650485
4853,4.167745671364101
4854,6.993035120677055
4855,5.343267695088177
4856,2.7905734351202374
4857,6.447582234965189
4858,6.033369612939451
4859,6.436642731562446
4860,8.791582851607293
4861,5.7845604744235
4862,5.57096091589692
4863,4.554187338106125
4864,6.648185694203276
4865,7.103801833027902
4866,2.2063843163343626
4867,3.4552452411000862
4868,5.965577227228468
4869,5.402837631932373
4870,7.366961031490217
4871,6.776843411216008
4872,5.578546372051704
4873,4.707144594662431
4874,5.1444887338869885
4875,6.762580257374178
4876,8.975534866586106
4877,5.752035935381423
4878,4.620556112410739
4879,5.72785911128082
4880,6.8331820798066145
4881,8.768255135647257
4882,2.3510878454986868
4883,4.953705710786581
4884,5.7730993905641
4885,6.968646295753852
4886,4.334912852802291
4887,9.577468850461912
4888,8.54935876325289
4889,3.721865345198016
4890,3.8504026698515275
4891,5.483136015391688
4892,5.476694565545154
4893,4.844561006207572
4894,4.9050926052774475
4895,3.798248913149083
4896,5.669616996927186
4897,7.961804952118172
4898,7.793586079550941
4899,7.221507016563471
4900,6.367408278160529
4901,5.244393922034418
4902,6.153263948877836
4903,5.344584481474459
4904,5.60256847925603
4905,5.885614989191808
4906,5.241629196353979
4907,8.384399050890982
4908,1.842823959759667
4909,8.042905196100964
4910,8.234752037221513
4911,6.272339446273596
4912,5.881233535320755
4913,6.81709864126873
4914,7.538822902572138
4915,5.038589770337415
4916,3.7771276585619056
4917,5.820666702927186
4918,4.187561698392076
4919,7.413090218799172
4920,5.952743539487765
4921,6.826652950680476
4922,5.274652621347055
4923,5.691147128834855
4924,7.786179735270705
4925,3.134182086333417
4926,3.2755723170623403
4927,6.047231318017617
4928,5.603501192203681
4929,4.5590053445278
4930,8.58562436707755
4931,5.5181160046190305
4932,6.448045430097705
4933,8.266560255021579
4934,4.55919089867565
4935,7.836628961656568
4936,4.9881723944551055
4937,6.925291719579114
4938,2.3888863478068307
4939,2.494563465920522
4940,5.999045137532944
4941,5.371380701323979
4942,4.411922716679892
4943,6.1209976431230695
4944,9.107643042553203
4945,6.359001875528021
4946,5.434093358492651
4947,7.857380089354011
4948,1.252641390070003
4949,5.665165734875039
4950,2.728682688340521
4951,7.858763862165904
4952,5.385145677122594
4953,6.395395121046843
4954,4.90618590347638
4955,5.3535592217712935
4956,6.567989361289004
4957,7.537453046046091
4958,7.107793029534903
4959,3.339794625791511
4960,5.9720374551150455
4961,2.8416671512664258
4962,7.7986636350188885
4963,6.110354636006997
4964,4.433105448840122
4965,7.415360552916935
4966,7.473278997451528
4967,7.6760315042348655
4968,2.663642585067297
4969,6.260308812547382
4970,7.391584024731836
4971,5.365965009689998
4972,4.946395686595563
4973,1.1645619525577517
4974,3.234740495819195
4975,8.37298292576752
4976,3.138412693126468
4977,8.010709377810471
4978,5.859422394424921
4979,3.2342256367892275
4980,5.939729255173222
4981,6.059718631839977
4982,6.781753350962363
4983,3.720050473330828
4984,7.982409664559762
4985,5.289776716096097
4986,7.383868323081903
4987,3.8129186150909407
4988,3.4570999547265764
4989,7.191525382495932
4990,8.25135419293198
4991,6.190217160318033
4992,5.633092196311544
4993,8.116877412114556
4994,6.396287759279505
4995,6.817163062686342
4996,7.502820896202304
4997,4.6094106199591725
4998,6.115771272849425
4999,7.314322435958447
5000,4.951289753645277
5001,3.4999756494277117
5002,5.1622919557742435
5003,5.41580744764569
5004,6.089203893627306
5005,6.602609764152587
5006,4.758790294704761
5007,8.201211310644613
5008,3.616598868860612
5009,6.305867979456717
5010,4.338577554405214
5011,7.1286748930671635
5012,8.132774566231816
5013,3.4757093362424145
5014,4.56142672208653
5015,6.104186283892619
5016,6.6050569915300485
5017,4.71511605862171
5018,6.382839148656553
5019,7.62324866578507
5020,7.637955321949306
5021,8.552110458847867
5022,5.71211974172722
5023,4.974208916046049
5024,6.822710013176099
5025,3.741833990818987
5026,7.498136446498984
5027,6.116364387420174
5028,5.15993895298467
5029,4.681438824644976
5030,4.027865536617439
5031,7.1309162545114875
5032,8.86880545842519
5033,6.528391491794304
5034,8.954108140629597
5035,3.334709045021122
5036,5.731207896270949
5037,7.291260195346593
5038,9.997729028337336
5039,6.395155210475451
5040,6.3094773296220765
5041,4.696727323420462
5042,7.713336464397003
5043,8.307039500451049
5044,5.52494907454346
5045,6.432479230753076
5046,3.9875153244442187
5047,4.200325655517217
5048,4.702712607198211
5049,8.598726982666497
5050,4.165195850853992
5051,4.186257420137297
5052,4.9610550490600485
5053,7.392322012916713
5054,3.2210991691140123
5055,1.9867271685630954
5056,7.209788497677875
5057,5.824345763859583
5058,5.677732361441002
5059,4.749852709334085
5060,5.605692459651569
5061,6.330978805992898
5062,7.078796039328195
5063,1.9825185743783453
5064,9.001275057203452
5065,7.648432442309362
5066,5.792513063802197
5067,6.0514802439338045
5068,8.704282343155365
5069,4.5271889125338465
5070,8.703349134166746
5071,7.560092809300331
5072,6.993297511028652
5073,7.651950273238391
5074,5.107512460870574
5075,4.829914255417906
5076,5.837424237960542
5077,4.1614467951559995
5078,6.15852237965422
5079,4.153236190649531
5080,7.3729712665593805
5081,7.51365281977822
5082,3.780974095905093
5083,6.994037810069365
5084,4.05039238915431
5085,2.2965914540749073
5086,5.6363562173501744
5087,3.6502286397598147
5088,7.82283228412778
5089,5.759676099317509
5090,5.739969289789115
5091,5.837185161461443
5092,3.748413311437132
5093,8.27491604995901
5094,4.8130627499996965
5095,4.79297454210253
5096,0.7419306474430474
5097,4.598984461436081
5098,5.628037349467561
5099,8.506513421828284
5100,4.650550833743921
5101,6.233378514706749
5102,7.899997150991849
5103,5.76771884865096
5104,9.060940585088495
5105,2.6153703772649193
5106,6.126786862917928
5107,5.840346914420829
5108,4.860468761051242
5109,5.35466733955014
5110,6.32925463089051
5111,4.884498187697661
5112,6.6099042079895955
5113,6.362172661259379
5114,4.472130239198426
5115,1.6356644141910848
5116,9.123455144208444
5117,6.255602514902425
5118,4.54619368384976
5119,4.019996604137105
5120,6.493735215021458
5121,5.8314737404386054
5122,7.400941986958188
5123,8.085103220661551
5124,6.71614716709355
5125,4.416753950253401
5126,4.1801572456561
5127,5.39287586490301
5128,5.690309998154508
5129,7.611896168726888
5130,6.252706985022948
5131,8.60862000325918
5132,4.327553963388491
5133,7.730924901757087
5134,4.517659938870321
5135,2.8737973011705353
5136,7.526255540705181
5137,6.216666890031303
5138,9.149213081747453
5139,6.2705138794263675
5140,5.041404331474098
5141,0.0
5142,5.970351008862507
5143,4.0044908709175555
5144,4.903045627176441
5145,6.972219941903217
5146,5.5134611561855245
5147,5.243538120068104
5148,5.979735930852068
5149,3.4623006800174094
5150,5.253969708144893
5151,6.759584438494602
5152,8.570595081271012
5153,7.037880298697596
5154,5.946894925147223
5155,5.664882183217474
5156,5.1529699334374515
5157,6.972079307045578
5158,4.250558050980103
5159,5.263174039282127
5160,4.008188608675981
5161,3.884803640586557
5162,7.680705036700955
5163,4.375032192338276
5164,7.6304121849788205
5165,8.08540146616482
5166,7.474386016783353
5167,3.256292626688191
5168,9.771497362424672
5169,0.785709020753588
5170,6.131674302616919
5171,4.863685186563243
5172,5.892781419476875
5173,5.201571721297468
5174,6.026925773299534
5175,4.884947358650841
5176,9.324344890669412
5177,8.761000745218102
5178,8.134662197947534
5179,1.1705516705163534
5180,5.739879036736648
5181,1.1723665775070535
5182,6.368916124289688
5183,6.409824864887808
5184,7.305619150094946
5185,5.292827099850056
5186,5.1068120138188675
5187,5.9894033664929145
5188,5.124294530813979
5189,2.858940876643623
5190,6.099243178441027
5191,5.599935013809331
5192,6.244394273914335
5193,7.569827430904738
5194,5.321735789422053
5195,3.508576941115399
5196,4.38905274765152
5197,4.288797748179805
5198,3.7912571699483175
5199,5.452182218432915
5200,5.459801485070254
5201,5.933670791279119
5202,7.383115130555235
5203,3.0851066191133483
5204,5.548844053433543
5205,8.927506288092427
5206,2.642044180945462
5207,6.761010997541926
5208,4.318504946911246
5209,3.610128902482989
5210,7.249342841794096
5211,4.812845858127885
5212,7.686053942237675
5213,4.5187696282813645
5214,7.038146567964629
5215,9.281295401685442
5216,8.471176865429447
5217,3.253596784251598
5218,7.069974743870406
5219,6.434008367902504
5220,5.815081310077977
5221,6.607083817419588
5222,3.014533841153952
5223,6.493985596960956
5224,7.465661814346731
5225,6.921571432340467
5226,3.706252613172731
5227,4.941229691873877
5228,6.830805388348513
5229,6.303183938077655
5230,5.709499430986754
5231,6.186364464170141
5232,6.610623720049214
5233,3.6854381259964244
5234,3.6741341044700193
5235,7.766256038027228
5236,5.287890341791841
5237,7.225794995204185
5238,6.89781884986507
5239,6.672663602211135
5240,4.8132062913626035
5241,7.53497588663588
5242,8.816304466410134
5243,3.7581429117885157
5244,5.919377106670691
5245,5.279025187344855
5246,8.108357821155693
5247,7.98999800046906
5248,4.447356161504731
5249,8.595684032334194
5250,6.995270612813313
5251,6.514521035144382
5252,6.34039928907478
5253,6.8716297584520705
5254,3.2285768519812117
5255,5.647740409202439
5256,7.518698035129484
5257,3.128702418789736
5258,7.342415879837657
5259,3.9769215882357223
5260,4.136326093459549
5261,7.90916151918629
5262,3.716771690961339
5263,6.392124085152955
5264,6.748372570554901
5265,7.2001622393892175
5266,6.235625823913084
5267,6.781135723236915
5268,6.32188047481541
5269,6.075501140528674
5270,10.0
5271,6.184747279742826
5272,6.668226114762078
5273,4.933493852314444
5274,4.700113951963438
5275,2.950175095100227
5276,5.06046148015628
5277,5.998529646896699
5278,7.560443736502076
5279,7.740306697591831
5280,4.916860739330103
5281,5.973508787451426
5282,7.9880785575143225
5283,2.444118108489895
5284,4.7733907572917404
5285,6.080411238329236
5286,9.145386288084698
5287,8.676325323414948
5288,5.666140958680959
5289,5.744990125608933
5290,6.268762050257315
5291,5.424962058686285
5292,7.220773832057948
5293,5.574647286199068
5294,5.453760029280426
5295,5.2894218936617765
5296,5.652670883490571
5297,5.701727652152307
5298,6.301520646687893
5299,9.055873383986834
5300,2.29685775257234
5301,7.556531493076558
5302,4.312518990822255
5303,3.4730862728600216
5304,3.527260175682926
5305,7.801055634123815
5306,4.274694041181663
5307,1.9338312250398253
5308,7.778264627408367
5309,6.215438467756519
5310,5.213502500771494
5311,6.501503620830903
5312,6.333299701114849
5313,2.355896965996407
5314,7.060314452042569
5315,5.229654824852863
5316,5.745188139239349
5317,4.078352009226509
5318,5.083187990793236
5319,3.9021284551160798
5320,8.35515195242923
5321,3.1982814683755816
5322,6.062700506557416
5323,4.930622326834008
5324,6.677362643542648
5325,5.5874613224178775
5326,6.519998585309542
5327,6.258789172159487
5328,5.505599831678621
5329,7.299447626355359
5330,1.7796122538847805
5331,7.986751066085698
5332,2.0143233146739257
5333,4.418121707727266
5334,4.7819479864497945
5335,3.169845801692273
5336,5.71832903604266
5337,4.34414574691804
5338,6.581330305152451
5339,6.465202271537514
5340,7.563081305171164
5341,7.60414981720034
5342,2.669260439625461
5343,7.567103422664644
5344,5.439807848334906
5345,5.5563498895763335
5346,5.1739573481685985
5347,3.52640064841135
5348,6.539802919773621
5349,6.750863632942869
5350,3.7175349249616945
5351,3.7606587582994373
5352,6.4385057434176245
5353,6.887596447519277
5354,6.806320902196762
5355,6.047757002681513
5356,4.924593735822323
5357,2.508235386343026
5358,9.17588578881459
5359,6.597924013563121
5360,7.064691307584146
5361,6.513796289543808
5362,7.342845622627624
5363,6.833068655547277
5364,8.599981390415577
5365,1.1274812621914108
5366,6.893817058413643
5367,6.098841492783528
5368,5.286806067908507
5369,1.7947867999554021
5370,7.827683287205602
5371,8.177543136125504
5372,8.504222200851824
5373,2.087206402506672
5374,4.896787238846558
5375,6.367688185442216
5376,8.17120293866447
5377,4.352388493100348
5378,6.102553071253697
5379,7.389673818006058
5380,5.193615618279177
5381,5.369599102306317
5382,5.43676937911131
5383,6.697343108028017
5384,4.512050398170425
5385,7.425541525375235
5386,4.479601087461717
5387,8.039702364782858
5388,3.758979767760264
5389,7.328158559368957
5390,6.999058110807653
5391,7.609426744769773
5392,6.098626724076846
5393,8.850906817628521
5394,6.241086855864098
5395,8.821126715199263
5396,3.4637716352838575
5397,1.5456466413875114
5398,7.033532572675071
5399,4.17330599897688
5400,3.4780071460070943
5401,6.559763612164003
5402,8.144116822877843
5403,2.9958114970190435
5404,4.332814344953539
5405,7.67548035194803
5406,6.6709719587251515
5407,5.845927466607836
5408,5.343852641215141
5409,6.857932550842358
5410,3.929916089094455
5411,9.989687718013855
5412,3.681718014821212
5413,7.354212486015463
5414,8.496764063177284
5415,6.48781620122344
5416,6.573401119661861
5417,7.549223764712569
5418,4.388596735165207
5419,5.119182052131297
5420,7.4914451074617805
5421,6.857709956599285
5422,3.906300101386703
5423,5.116587636667805
5424,5.169007220824044
5425,4.499205656049298
5426,5.606396768343708
5427,2.669753591191954
5428,5.915823218743083
5429,8.608310743485095
5430,2.76148353871559
5431,6.203927528683176
5432,9.035385338781929
5433,2.9054671806090946
5434,6.158487038741871
5435,6.779718507521854
5436,4.051382408213347
5437,4.609765566584269
5438,4.028983655065794
5439,6.03672001770053
5440,4.086388724018841
5441,9.180757922299106
5442,7.7041255422209245
5443,7.5697707696668886
5444,8.40745913642598
5445,6.073702686202583
5446,8.065310802275599
5447,3.9546784466612053
5448,7.3914206823506365
5449,6.9871682671253454
5450,3.1707665713327877
5451,6.7559039579613955
5452,9.905306574768083
5453,4.423278328949642
5454,4.983592431865235
5455,2.8189707554334063
5456,4.539659550628506
5457,5.262461562619096
5458,6.802704996042877
5459,5.4509496526035
5460,4.082000033947601
5461,4.56746665773065
5462,7.140039584992749
5463,6.38543136562258
5464,6.7959661654323655
5465,5.7188612269727574
5466,5.005083496667302
5467,2.5015059073149466
5468,4.554210409465965
5469,6.456845032310518
5470,2.827961966843198
5471,8.9512340388544
5472,3.1533821186715483
5473,7.544708901974568
5474,5.861774904823543
5475,5.048981833767983
5476,6.1022760953489215
5477,7.75823888877775
5478,5.946334832292829
5479,3.515432827502562
5480,5.259998706574429
5481,8.928685597516417
5482,6.28887158606845
5483,4.610052553730169
5484,7.353920956092887
5485,7.321661048047568
5486,6.0476602965846515
5487,7.550692549152146
5488,4.5358971727477115
5489,5.257014743559749
5490,1.9799801195209696
5491,8.685044951103183
5492,2.3648115789040305
5493,3.5653615058014436
5494,8.209066106979506
5495,4.296817430138062
5496,4.580313339447646
5497,8.413069475547891
5498,7.080560515385791
5499,7.4235078843343825
5500,4.941891403283618
5501,6.311299947677371
5502,3.7341281160528674
5503,7.669790555839552
5504,4.448015227201923
5505,7.256687575133862
5506,5.4328720963410335
5507,6.4959133681875585
5508,6.466856448949102
5509,4.485395402747253
5510,8.955284488679823
5511,7.439373397853953
5512,7.161301687130387
5513,8.788264862319917
5514,5.688134295117813
5515,8.389020782672205
5516,4.708106385365333
5517,6.730783397556952
5518,4.372051115396421
5519,8.619524522269593
5520,4.378557773763832
5521,7.709722512461285
5522,4.093287502508316
5523,7.023096566432201
5524,2.921910117615684
5525,6.113965150700247
5526,6.3741888697433025
5527,6.522341812597216
5528,6.259012572402838
5529,6.689954688332145
5530,3.8452859038861624
5531,6.193759124158048
5532,5.371221999072827
5533,6.722511460078782
5534,6.758943970942359
5535,7.318324418838006
5536,8.877016444401473
5537,6.795977707671506
5538,3.5112991289925937
5539,4.061614860501874
5540,3.1105296717917263
5541,5.252585083616631
5542,4.933957575288411
5543,7.080982929765947
5544,5.482061350715275
5545,7.48591257515375
5546,4.0733756711740465
5547,5.90197625269529
5548,5.623609579381546
5549,7.925471465525274
5550,5.492378420709063
5551,6.12882437083609
5552,8.31371499337234
5553,3.539714660355301
5554,6.159101527081605
5555,9.269955579684273
5556,5.820859534856576
5557,6.688672610148276
5558,3.474305563454638
5559,5.5017399065386945
5560,3.923341131904922
5561,4.5180633726785215
5562,4.715445803674139
5563,6.770324470106442
5564,5.76636618005898
5565,4.642024778862131
5566,5.955433508202302
5567,3.835461032326002
5568,8.140976956810444
5569,7.5024386283786395
5570,3.5432661764790128
5571,3.8801644100144026
5572,5.790634708288737
5573,5.960365715619716
5574,2.607391594941496
5575,9.667061993215679
5576,6.8156904908610345
5577,1.4802001056466227
5578,6.230144552882713
5579,9.520697452921638
5580,6.384158003657201
5581,5.913749812479365
5582,7.207676681471898
5583,8.533439452160803
5584,8.240297267524976
5585,5.748858106598884
5586,4.624682202680757
5587,2.6447865927169962
5588,9.994013526611884
5589,6.963661033258276
5590,6.780841667224253
5591,4.949056097958635
5592,3.786047836960171
5593,5.876049531608606
5594,6.619451015304406
5595,5.6755922830041206
5596,4.071939934650495
5597,7.589478112802176
5598,8.287052502898044
5599,5.624584304334401
5600,4.773866295505119
5601,4.874591680165594
5602,3.5280681068716135
5603,5.389582030341853
5604,4.972095110006672
5605,7.2461093238652765
5606,4.896654850526111
5607,3.6050202279691725
5608,8.484904788728025
5609,4.390160001624139
5610,7.418208726058279
5611,5.051971917474623
5612,6.783111112755533
5613,5.991013535971523
5614,3.387319978385224
5615,5.6522541295832935
5616,6.890951535867086
5617,4.01342911766726
5618,4.271653540675524
5619,7.249396481482476
5620,7.812749873589469
5621,3.83984780889378
5622,6.728212200483647
5623,2.8491169634260163
5624,4.818912777195462
5625,5.49967327870946
5626,6.401900419596075
5627,3.390065204131465
5628,7.853220506553207
5629,7.755765522241458
5630,5.250119825658266
5631,3.240242997683145
5632,5.157111007795461
5633,5.949563199292259
5634,6.86661152011102
5635,5.629915949953274
5636,7.119180196251712
5637,9.381018533558578
5638,7.020534592137482
5639,5.395961126079197
5640,3.551497270165411
5641,4.177111703575373
5642,7.629384938550754
5643,4.677261745550893
5644,6.195103397712063
5645,1.6345612787243613
5646,3.6940464410346303
5647,4.783737104238096
5648,5.128274000444077
5649,2.9407469078865285
5650,6.051228475848638
5651,3.3430332160008156
5652,1.8293049528366865
5653,6.671183140322464
5654,7.058793719771745
5655,6.185460957164468
5656,8.539174606782968
5657,1.2857737165267245
5658,1.7044615774975866
5659,5.431487318915142
5660,8.039012011194606
5661,3.79971953082912
5662,8.019224028552387
5663,5.806086806275602
5664,6.088098719718938
5665,6.702104154173274
5666,1.329139298620429
5667,7.019587520530796
5668,2.097743263109591
5669,8.929493661432684
5670,4.358203634462459
5671,8.208962737604597
5672,5.317273826231681
5673,6.708979744690765
5674,3.5331888688347264
5675,6.361600900339377
5676,7.335997685049984
5677,6.7619311184711695
5678,6.988668334919012
5679,8.917310134709963
5680,6.659477981631977
5681,3.535077988494861
5682,2.0825372938206614
5683,8.386374790500664
5684,7.1913953545465885
5685,5.543433533778997
5686,7.835867834508782
5687,4.380358556123014
5688,6.672679517471144
5689,6.09107963948532
5690,6.683613669892995
5691,6.522119684646422
5692,8.102358814470353
5693,7.11410769171525
5694,6.511491103709581
5695,4.259507719966921
5696,6.92880297815231
5697,3.791213868722513
5698,7.131289452474865
5699,4.757904430547788
5700,6.9286373952339915
5701,1.7730590441981906
5702,5.121748630269792
5703,4.736908323780654
5704,5.755983856632831
5705,6.3378828566056935
5706,2.145998960661864
5707,6.849318763934886
5708,8.172295127930997
5709,6.892755958457291
5710,7.492293759538141
5711,6.4233172253520365
5712,8.458447180893021
5713,6.468105677980377
5714,6.370306397409024
5715,6.955659005297714
5716,1.133208081311384
5717,6.258691082118256
5718,2.7506063625411
5719,6.31954137812619
5720,5.228857800287692
5721,3.9980718681085534
5722,8.736028140915842
5723,5.084979650981792
5724,4.2542647815187635
5725,8.417811405744416
5726,5.128653140912954
5727,7.611766395323398
5728,5.315217718184487
5729,6.479154849744643
5730,2.5942229784987463
5731,4.3230062445826
5732,6.571050578683694
5733,6.694429777864585
5734,7.555297580774147
5735,4.716906650808246
5736,6.763519450841431
5737,5.5359918516917235
5738,4.891747633507433
5739,4.240269143850395
5740,7.532174971765722
5741,2.94635905540684
5742,9.703705386652803
5743,5.800565845906125
5744,5.042783506163981
5745,7.020478096775088
5746,6.206994467938242
5747,3.348285463107011
5748,6.552221385007009
5749,4.926626526331284
5750,6.164092980582872
5751,5.386215210350974
5752,2.7697093485400144
5753,7.524052927986259
5754,5.9077626174907065
5755,6.766649704832848
5756,1.7387378159778106
5757,4.68080070549485
5758,6.6582577262330345
5759,9.465123094157422
5760,5.07205946928247
5761,6.188641283228148
5762,3.8124762763484474
5763,3.571664721571877
5764,6.594742493186828
5765,6.64887638378203
5766,4.080675351053567
5767,7.81158039006755
5768,3.287721737431972
5769,6.8102130163281185
5770,0.21675278112514232
5771,4.903175762439338
5772,8.012679026570908
5773,4.774283751302473
5774,6.545663235351808
5775,5.474552484597941
5776,2.8975723068661083
5777,5.911222336307577
5778,4.694878971023176
5779,8.053413766798265
5780,5.438598852872668
5781,6.199522651294603
5782,2.3888852707455754
5783,2.844013383179088
5784,4.77121621123258
5785,3.1428215497629375
5786,7.584090663362645
5787,7.604322626048267
5788,7.630293335071377
5789,5.941638607289271
5790,8.350604807966116
5791,4.065532199935117
5792,5.355408770255217
5793,6.958007459788078
5794,3.5358747451560704
5795,8.843379793261382
5796,6.130176108651433
5797,9.655507221654823
5798,8.808314021532997
5799,4.090159336742351
5800,6.669879257496843
5801,5.226611553618551
5802,6.227862117286991
5803,8.22461177729458
5804,4.513547194032635
5805,7.850949589611384
5806,5.864444374578238
5807,9.487207242442075
5808,7.2684346253674645
5809,5.824820094528585
5810,7.089782880871458
5811,5.343323260317007
5812,6.397657166451339
5813,8.861913612576616
5814,5.373763331070299
5815,4.890766802285228
5816,6.77381842775462
5817,7.077317583266364
5818,5.471193955821805
5819,7.904610110515343
5820,7.835238900168385
5821,9.090293962537583
5822,5.998202667221654
5823,6.814730469664513
5824,7.148819592888232
5825,7.68067568880681
5826,9.271901259324272
5827,4.912557606382666
5828,8.519266808994606
5829,5.248594099023938
5830,3.2090776985987333
5831,5.560768215917884
5832,4.278616335470426
5833,4.4435425239009385
5834,6.005303039962263
5835,3.2571341016433686
5836,4.739602475923734
5837,6.433520245666207
5838,6.4969796152880575
5839,7.915362516612861
5840,4.920446668249861
5841,4.777887802319257
5842,7.4968064401056225
5843,8.49700369164549
5844,8.582881217027701
5845,9.144000075763433
5846,3.505204653892568
5847,4.85564315049578
5848,7.643653230262697
5849,5.782286221276522
5850,4.585931760525644
5851,5.692839783259631
5852,5.652651057352418
5853,6.937846324534346
5854,7.008807934768278
5855,4.568511544026852
5856,7.192788896276355
5857,6.529858853562935
5858,8.768225849965257
5859,8.2790580854689
5860,6.374732811348477
5861,5.617449058122717
5862,5.380169302685291
5863,5.568155741039087
5864,8.869347816076464
5865,6.438322451335321
5866,2.584745678038868
5867,3.3170750801076765
5868,3.5336345754137937
5869,6.498554166046413
5870,2.229055136132395
5871,5.749262182281539
5872,5.553955245656479
5873,7.203647881775424
5874,7.046794983568802
5875,6.398254220367667
5876,3.627646138269997
5877,6.533807553267619
5878,5.690853843644321
5879,3.5463978215388385
5880,6.285750039686316
5881,5.5307281159582855
5882,2.4707036888580234
5883,4.594457529606655
5884,7.086376755251533
5885,4.479356029636034
5886,5.4490799543008155
5887,7.799937349612691
5888,9.164272362390388
5889,6.081619010754382
5890,7.037694628229945
5891,5.02598770202817
5892,6.589544067987562
5893,8.63626478980002
5894,5.728390280035673
5895,7.656419355482717
5896,6.060494369986426
5897,3.9856574503557027
5898,7.288978037944179
5899,5.7392531694290785
5900,6.670668313917962
5901,5.8157042102310905
5902,4.529870457245406
5903,6.657191061221267
5904,8.681046783778491
5905,7.280108631843054
5906,1.4606298204251198
5907,5.543241769021746
5908,6.55232591003867
5909,4.30074737768706
5910,2.439289354386833
5911,6.175192859392878
5912,5.614571710907164
5913,6.619579804650778
5914,4.321285203292245
5915,6.892244445920413
5916,7.455612007059361
5917,8.504058141295948
5918,6.522403441538212
5919,4.218650255246871
5920,7.42642744500522
5921,6.511352795567367
5922,5.820381994253769
5923,4.910546488190477
5924,9.960602411975641
5925,8.731349780649614
5926,6.356813310074111
5927,7.422543094475316
5928,4.228955505680803
5929,6.463203347199984
5930,6.702014795727524
5931,7.313648830925947
5932,7.882450812834928
5933,4.805312735497348
5934,8.013619362255902
5935,3.764285251467829
5936,5.592580914920527
5937,7.097386904015681
5938,4.828821033350174
5939,6.53670070043141
5940,7.710501362458162
5941,7.368877633964454
5942,3.8894542653469
5943,5.949363466358106
5944,7.4555106391480495
5945,8.786986754782387
5946,9.75874326387338
5947,4.799732313862014
5948,5.248244005439591
5949,4.603513846539011
5950,0.08769782040678091
5951,6.005678052396447
5952,4.149427198358319
5953,4.878683434223054
5954,7.737579263823558
5955,7.432619405631799
5956,8.832805633844234
5957,7.956835219958428
5958,5.653650519290399
5959,5.785323788315448
5960,5.088013101805897
5961,8.129893588620765
5962,5.065818951247458
5963,3.941520391440084
5964,4.377528258171862
5965,5.643778458445633
5966,6.506136002526594
5967,8.399987192651736
5968,3.1006076657519737
5969,5.080518618558495
5970,4.824256056893269
5971,5.445546455368084
5972,8.859464047711265
5973,6.36585919569117
5974,5.906919014805424
5975,8.057212610875574
5976,7.406020170087794
5977,8.813125494238617
5978,6.3567719983129285
5979,9.45057738083518
5980,4.919666985057578
5981,7.300128041685528
5982,6.505747883380027
5983,7.509987374865974
5984,6.589523074255202
5985,7.665084657671239
5986,6.749303704793974
5987,4.934984853164286
5988,5.3304738785585775
5989,4.9198093881344604
5990,6.20221857153579
5991,9.076540006497964
5992,5.6889528891401735
5993,7.595025275993031
5994,4.267192309216153
5995,3.0265936846212904
5996,5.643194269828951
5997,5.955404814114
5998,6.122576450778006
5999,5.44547184993191
6000,6.217724921137367
6001,7.426822480377082
6002,6.177146225802497
6003,4.60877677536608
6004,5.059954305270708
6005,6.040538052663604
6006,9.019818697843652
6007,8.601791130675778
6008,9.270419282564422
6009,5.190831550436558
6010,7.2251344227051915
6011,6.057062534762296
6012,0.9072618078767748
6013,4.2151522465702795
6014,5.808372079407508
6015,6.351513715156817
6016,8.468718781083385
6017,5.5483846547470375
6018,8.517255748288141
6019,8.080576280302752
6020,4.034047998078023
6021,9.034112711098441
6022,6.679488048789521
6023,3.860953748564968
6024,4.6325292325174035
6025,6.109419246260773
6026,8.343278484212815
6027,8.418468452282708
6028,3.8324829664500513
6029,7.5221368689938455
6030,6.394876169438858
6031,7.734927794410782
6032,9.889072913323755
6033,6.539712291202275
6034,4.991295960171591
6035,6.23185272652794
6036,8.895764963196557
6037,7.835814326008794
6038,6.491187158770759
6039,8.283191090275535
6040,3.8390843427716383
6041,7.469172747023633
6042,7.347049199060693
6043,8.831857990363376
6044,8.428377164445696
6045,6.219129230274584
6046,6.530566558793393
6047,1.5791296057704565
6048,3.925341738416923
6049,6.825044033978662
6050,8.338055947361322
6051,3.7230262933399656
6052,4.746059597188591
6053,3.2133535653642413
6054,7.308407929446901
6055,5.024102694359004
6056,4.103758788822689
6057,5.305629317132727
6058,8.813945687323022
6059,4.67235908495047
6060,1.5749046231500015
6061,6.807891536392989
6062,7.5491208755174
6063,6.468296910261446
6064,5.643658672807495
6065,5.296217686999427
6066,7.093214405754426
6067,3.922809532400816
6068,6.939407707743141
6069,2.229261978262616
6070,4.063760718321363
6071,6.45309860999659
6072,5.434951115273788
6073,4.28637527967767
6074,5.955565495331777
6075,3.2113761540290304
6076,6.042981766359892
6077,4.767676511818545
6078,6.579920243003473
6079,2.826776425948137
6080,3.55718391963041
6081,8.56167816046161
6082,3.5618318163070475
6083,6.6300050222879605
6084,6.482566454763727
6085,5.445105900335846
6086,7.898080767015065
6087,5.4008650352386836
6088,4.780749419014973
6089,5.797777012286636
6090,5.554644127471832
6091,5.258849482420844
6092,6.474518933273165
6093,6.3291229573223715
6094,7.493682728061198
6095,6.549985552021613
6096,7.848425533251351
6097,3.8920184194237506
6098,7.5431811820348615
6099,8.336277417383275
6100,4.905726667705012
6101,6.399452491632508
6102,5.637091676551775
6103,3.5910285657067513
6104,7.286435082778221
6105,7.87784201397456
6106,6.563191068418758
6107,6.879001727732029
6108,5.772085834467338
6109,9.054947837283141
6110,3.061481654596567
6111,5.97107920039557
6112,5.223224595015667
6113,6.174566682471741
6114,5.014749170444746
6115,7.259197716172578
6116,5.128131679220272
6117,8.337938838909265
6118,7.8517011375255645
6119,4.985197377514797
6120,4.458368192039212
6121,8.630079639285196
6122,3.8181120535439748
6123,2.8280270838342223
6124,6.969174821429118
6125,9.74226235079712
6126,8.023574996760766
6127,8.689405714993327
6128,4.483528322550763
6129,3.5618915125389394
6130,4.820280105962217
6131,6.579133979082911
6132,4.778106172562312
6133,6.370004421595995
6134,7.734702632236699
6135,2.962826158132836
6136,3.9728191097780035
6137,4.515499085181331
6138,4.439124184111502
6139,5.024819622099888
6140,6.263145758052134
6141,4.638308869535488
6142,5.601043089751345
6143,7.812705393166094
6144,5.935093100622182
6145,5.310825195864512
6146,6.995465749043467
6147,6.8707685791781525
6148,7.524227889178765
6149,4.689385370141485
6150,7.996165827571518
6151,2.8017818991959405
6152,6.928627597301829
6153,5.920201770830516
6154,6.213710528198821
6155,9.39615810980535
6156,3.020845101787213
6157,6.187809301394965
6158,5.254163416137575
6159,6.07770173231795
6160,5.18430396346231
6161,5.465603837296827
6162,7.4377916915724
6163,6.393613973818061
6164,5.359857771784574
6165,3.6365268633941357
6166,6.6435834994258105
6167,6.992874895769805
6168,5.911056920680003
6169,3.651634446618805
6170,6.503538437432974
6171,4.078548005217497
6172,4.830238524096306
6173,5.483447666121252
6174,3.7630344423808695
6175,5.827921735764688
6176,7.810186350520025
6177,6.847478596834523
6178,7.782300531368739
6179,9.147910252603397
6180,7.444384500637743
6181,3.2555802141640493
6182,5.098861304915267
6183,2.270324185866669
6184,4.247854710345333
6185,4.011426211185753
6186,7.652188265818317
6187,4.325700586657714
6188,4.405200425225954
6189,9.685532109584376
6190,7.032691680848063
6191,6.52028840454423
6192,6.1881891139856675
6193,6.855907982070245
6194,7.2836137573162265
6195,2.2882259469594737
6196,4.785622772046882
6197,4.723005613090886
6198,4.6605279581586
6199,7.488034023687095
6200,7.876754786413221
6201,5.418495923096563
6202,3.6974694966717188
6203,4.592224667800079
6204,3.1839414502666292
6205,7.618925111771508
6206,7.078284651255608
6207,3.9380083030564577
6208,7.888041644235443
6209,4.264909683193428
6210,5.021698281082565
6211,4.369046405095915
6212,6.275963544810038
6213,7.2682402094259
6214,5.816677913359858
6215,4.366737047654103
6216,7.585008103924854
6217,8.660962599324654
6218,4.3928919030638
6219,6.374592142199452
6220,3.6985345961396243
6221,5.54536458292241
6222,4.4803971519661
6223,5.77785069252331
6224,4.651154960392662
6225,6.308746717976829
6226,7.274999669525753
6227,4.7852234761258465
6228,7.081541822979669
6229,5.561211970802043
6230,7.501626503628922
6231,5.772795241401705
6232,5.974788044931132
6233,9.543333964478048
6234,8.141152488546691
6235,7.351331180649867
6236,5.040465868918352
6237,6.661658959816556
6238,8.900041264994337
6239,5.172089032592917
6240,6.959335216875983
6241,5.050552062175248
6242,5.859015587899593
6243,4.274539709717135
6244,6.308697722852932
6245,5.077012618549352
6246,8.13091237286449
6247,5.967076535345348
6248,9.12507875878918
6249,4.972222530141822
6250,3.004119632872561
6251,10.0
6252,3.8554371064424613
6253,6.6453869317538405
6254,5.542838390714776
6255,6.960883735555053
6256,5.498851351982405
6257,5.705480448984882
6258,4.114183343705216
6259,3.3958361957980605
6260,3.1435466903598455
6261,6.136571086353217
6262,8.717539239248564
6263,8.679966068540406
6264,5.91426284395582
6265,6.587877594203969
6266,2.55993198539546
6267,4.601742041186339
6268,5.460486415014779
6269,6.472202649566599
6270,5.7168020265644905
6271,4.340949001262764
6272,1.628611413441476
6273,7.614221998223352
6274,4.453101506671847
6275,4.505813914467156
6276,5.435070732336388
6277,5.171940848666892
6278,7.257918896795454
6279,7.232465691120032
6280,6.628252148207009
6281,2.6377708613923465
6282,4.700914633005331
6283,5.739932889529429
6284,7.171428293522668
6285,8.140945680411491
6286,4.218357099148978
6287,5.346588386701095
6288,9.174799513804633
6289,3.428829800320328
6290,6.149855819772462
6291,3.818973768309479
6292,2.2965346629789822
6293,6.183394439009751
6294,6.203882139453657
6295,5.890684052422223
6296,7.754544517482185
6297,6.654421556478596
6298,6.8206041663403685
6299,4.345338370400748
6300,5.115484662988541
6301,4.628149695238624
6302,5.8820245439321015
6303,3.84704783296295
6304,3.5439276539342344
6305,6.949113713397712
6306,6.282539364761779
6307,6.784622795987955
6308,4.932535476077091
6309,5.4382595101761915
6310,5.1903560799191295
6311,8.72030431847139
6312,7.158395270499883
6313,3.0295830702616664
6314,7.203623377719788
6315,4.971055520700876
6316,7.870204295847552
6317,9.506072059262426
6318,3.441556281212903
6319,3.9719816574183113
6320,5.39731395502695
6321,5.04112287962423
6322,8.00457140657747
6323,2.5315912964507543
6324,4.076235609204483
6325,6.935038610055796
6326,6.34817616696037
6327,4.4171464867521975
6328,5.021914196949814
6329,9.105324700820717
6330,5.0339053340417665
6331,7.08278560991062
6332,6.212853939825876
6333,7.918803525126611
6334,6.921782644769353
6335,6.147859315547327
6336,6.987690717405724
6337,3.268523695087969
6338,7.758080493906268
6339,2.73691625188925
6340,5.265826089329287
6341,4.621144492093336
6342,4.846316367940133
6343,6.974501588981624
6344,1.6427230528582022
6345,2.946489984641634
6346,6.734506483465397
6347,6.339737141937451
6348,5.504671749856878
6349,7.086194704882627
6350,6.777658047856204
6351,7.742280386136282
6352,2.347230380869241
6353,7.11488090332079
6354,9.267818277216142
6355,7.153865506563356
6356,5.453897235672404
6357,4.178296787198439
6358,6.208853056142903
6359,6.740742383125704
6360,7.499259492105233
6361,6.161192118642464
6362,9.39724553910403
6363,6.646007045954223
6364,5.544274486905849
6365,6.734080985268832
6366,8.14120534580041
6367,6.689124935180578
6368,7.834015298910996
6369,7.813513794630744
6370,4.413817041922184
6371,8.262961063375032
6372,3.839123244040458
6373,5.773415707598037
6374,9.115138060522293
6375,8.905138953735051
6376,4.729276380748697
6377,4.47530707269529
6378,3.5688306954356106
6379,9.12847570878066
6380,4.3106962290991175
6381,1.6189011182066033
6382,2.0754928819990166
6383,7.058705369883519
6384,7.242445924721723
6385,8.02905990760928
6386,7.808819872047485
6387,5.46700711026247
6388,6.283749335690162
6389,5.762972055822738
6390,8.775899370717104
6391,7.274526975374418
6392,4.307878836349697
6393,4.491295978622974
6394,2.9724013949831702
6395,6.10599520772695
6396,4.158177510829966
6397,4.863112063432058
6398,5.712756097905657
6399,5.270192213727819
6400,7.3650654166217535
6401,6.757472133192226
6402,7.603818049856654
6403,8.284066547539306
6404,0.9317032861724945
6405,8.577541963526656
6406,7.040876378734149
6407,5.195264926136567
6408,7.702577204208029
6409,6.39687062131122
6410,5.676844825157064
6411,9.344146606815878
6412,4.199310368913419
6413,4.193166181940876
6414,2.222265030677322
6415,4.189166150032943
6416,1.7610405505607392
6417,4.260245917123624
6418,6.349098002197501
6419,8.851233847963803
6420,5.9728953606876685
6421,9.701766320912261
6422,7.730244263891231
6423,6.614385917347738
6424,9.571530863702144
6425,8.379442614316897
6426,4.919888315981203
6427,4.850170523781182
6428,6.385875523197844
6429,3.5554078500804067
6430,6.480283407641666
6431,3.4706825413972666
6432,8.007416561599447
6433,2.8145270067290125
6434,7.41681915245113
6435,8.522093169991743
6436,4.676347010979639
6437,6.958370111488534
6438,7.6681273842441655
6439,6.273114778459602
6440,6.120116626020924
6441,6.391094017919949
6442,2.4433890070523026
6443,3.9960999652007394
6444,7.569942525736188
6445,8.045781843670833
6446,9.826023457092159
6447,5.883326695367073
6448,4.919065242901061
6449,4.816460819343794
6450,5.912970025745956
6451,9.061709933415381
6452,9.874622433546072
6453,3.8834931049180907
6454,6.9534928075562075
6455,7.880938165650579
6456,5.574890367486115
6457,8.257316435858986
6458,4.483660976529457
6459,2.9498690357530433
6460,6.309625362681496
6461,8.257951653525042
6462,7.880061749775713
6463,6.562172951648762
6464,7.983681894646693
6465,8.587095707453068
6466,5.100361669495591
6467,7.390439772371783
6468,4.251290650436781
6469,7.12094573073847
6470,8.600977914441739
6471,7.142369696947509
6472,4.975137829799384
6473,3.834186404307811
6474,7.419191086485677
6475,5.21411103306046
6476,4.999947895214991
6477,8.473789189787862
6478,7.3301199884017745
6479,8.193858984076709
6480,7.767431395840814
6481,6.356266028766109
6482,5.1021648491128575
6483,5.832626426223518
6484,5.946142631035576
6485,7.536872400273445
6486,5.163795131319901
6487,4.151814024495355
6488,10.0
6489,5.519166341891729
6490,2.6347282393348186
6491,4.723664282640386
6492,5.847641850985081
6493,3.285951591409929
6494,4.585932408577804
6495,5.244552081706365
6496,8.039796808406017
6497,5.918135390312267
6498,5.9360203846816315
6499,5.638205613111813
6500,8.862172930433069
6501,2.675171580674059
6502,2.4038306894438937
6503,7.987575167317317
6504,9.256017244551721
6505,4.6970318026755296
6506,4.021169136120991
6507,6.652930513949665
6508,5.681180298787162
6509,6.345624600938473
6510,6.743192949275809
6511,7.403724041153744
6512,6.506206162386681
6513,6.369632785838375
6514,4.3004555861287
6515,3.955767596396182
6516,9.414588427140373
6517,6.2397163729453355
6518,4.843742938166973
6519,6.274861813698268
6520,7.660624618644822
6521,2.9506068102099334
6522,3.828057377036513
6523,3.322182246892672
6524,8.336191165364706
6525,7.972903285178392
6526,8.756716406325229
6527,4.274328010844469
6528,6.281711902983619
6529,4.122277783670185
6530,6.422773306566147
6531,7.5618875921481035
6532,2.765770723200341
6533,8.76745455504257
6534,5.612450739393536
6535,5.852944349106058
6536,6.773492492713314
6537,6.539365050517503
6538,4.9830385174356
6539,6.911878628836621
6540,6.018799701787756
6541,6.763711267860932
6542,4.318997212044218
6543,7.471898882258316
6544,6.9790209947889235
6545,6.032165432488037
6546,8.020654010215761
6547,3.885946427118359
6548,5.953784886558234
6549,3.54163788052423
6550,6.736468518673595
6551,3.2780527000217345
6552,5.3221404413405855
6553,6.86168234379917
6554,5.5684059670431125
6555,2.453772908148367
6556,7.450951532115712
6557,2.5952762607238378
6558,7.237309377940557
6559,6.724708689233291
6560,4.368642883363185
6561,6.369361279667731
6562,5.195423535574953
6563,5.698874417772491
6564,3.1187326210052015
6565,4.3627021510130035
6566,9.373972441492764
6567,7.86044190027623
6568,7.238361719431078
6569,2.799205628001276
6570,7.613188200390669
6571,7.515287080602566
6572,3.0258733245979634
6573,3.905268369225979
6574,8.208868942813492
6575,5.960076318653213
6576,4.561619886081039
6577,6.707362366764128
6578,7.742616425156568
6579,4.626070330538323
6580,3.7972773452681814
6581,4.069164485363865
6582,8.580222393053624
6583,8.768491519809055
6584,8.308907906208214
6585,8.641013290960277
6586,7.74832228378064
6587,6.593145174497434
6588,2.161906157779584
6589,5.801342942641215
6590,5.929845491151272
6591,9.35867427923834
6592,7.855034655759246
6593,6.373568013495999
6594,6.050267627098644
6595,6.793995376820836
6596,6.454814084140969
6597,6.0859769610919106
6598,7.117947994186158
6599,5.865214868874794
6600,8.364817307567776
6601,7.699455319873593
6602,3.9631791407590904
6603,7.552375296557417
6604,6.812258648598298
6605,6.46573003928259
6606,7.616268004550458
6607,4.989138634141833
6608,6.877864520638464
6609,2.311208078948392
6610,0.2486928909863165
6611,7.02504086480684
6612,6.285047725460607
6613,4.00317075383978
6614,2.706538438317361
6615,6.471078538896606
6616,4.495518722723027
6617,3.754214438939948
6618,7.580504192178199
6619,2.826198161991879
6620,2.0077964941300053
6621,5.084006427875986
6622,7.937695535683221
6623,6.586441230527339
6624,4.224963342640754
6625,7.040235672522028
6626,3.5511425605839784
6627,7.839489622867289
6628,4.609520155703395
6629,7.608382593117717
6630,5.845608174363346
6631,6.788461311389286
6632,5.676909945686632
6633,8.037005730277443
6634,7.3967077416432145
6635,7.595371395510871
6636,5.422876782923445
6637,1.8521217016693705
6638,4.462757328734005
6639,5.437113109632042
6640,5.724974272289719
6641,6.639386605242133
6642,6.456824174445406
6643,4.171729914487513
6644,5.77313913839475
6645,7.671847199567468
6646,9.18651932588772
6647,2.1083134194794018
6648,3.7166366662390415
6649,5.69005008598207
6650,4.569114766316828
6651,5.363339016313696
6652,8.677728149415508
6653,6.075065087154051
6654,9.241492502577923
6655,6.376886087309076
6656,7.2049177116781
6657,7.528161570490605
6658,8.206929774705543
6659,3.3013745275784268
6660,3.683787007241856
6661,7.256290712225729
6662,9.294396784499245
6663,7.926049125943264
6664,6.462931239315336
6665,6.174334226566114
6666,8.702105880225062
6667,5.9983608380817595
6668,6.302768087012606
6669,9.603299126604956
6670,6.180679224896755
6671,5.7109909703722295
6672,5.046559972085314
6673,6.055233337251363
6674,7.378903043588397
6675,6.287959605969073
6676,7.250109364229983
6677,8.917006581783454
6678,7.332389811715214
6679,7.070589369564635
6680,6.999209842127568
6681,5.024403967308111
6682,6.918274681714651
6683,7.112351180335625
6684,5.688643974911143
6685,5.955598758205987
6686,6.39998758160767
6687,7.399508228559159
6688,6.209895998939372
6689,7.046725430131805
6690,6.6956522760468555
6691,6.352515259357132
6692,9.28554698430761
6693,4.137148491045524
6694,7.433034276825173
6695,6.785642249533069
6696,4.36301019227448
6697,5.712175386996994
6698,5.909591752839031
6699,4.562393018347068
6700,3.6490520168862317
6701,4.226977057857063
6702,9.030372274052501
6703,7.695504567043341
6704,6.760476057384101
6705,7.431644309961046
6706,9.447218674131545
6707,4.100131219089393
6708,7.916881628008454
6709,3.4215153047526856
6710,6.928054017373688
6711,8.20395092684344
6712,7.687416531902199
6713,5.043330812457739
6714,5.942793005251689
6715,4.565976447647897
6716,6.875900633813652
6717,5.594269858874193
6718,3.4496781997893224
6719,6.561792269294791
6720,6.042883319637414
6721,3.75552467367094
6722,4.374896076975371
6723,8.766271308351609
6724,8.213243147297248
6725,6.273668096091972
6726,2.148056908263455
6727,7.5978497615094
6728,2.964033134023707
6729,5.563008803283763
6730,9.203769517462055
6731,3.8749043000729033
6732,4.568908966665139
6733,7.237209000589168
6734,7.909862447832035
6735,3.415781558515475
6736,7.679825172041314
6737,4.849143414129388
6738,6.014637309090935
6739,6.05644326922185
6740,7.040679069610553
6741,7.20159358353978
6742,8.993663784745863
6743,5.549558831345667
6744,9.138361289629055
6745,1.3111213378642064
6746,6.246363958392666
6747,8.077368375370497
6748,4.119664930959868
6749,8.901002726449148
6750,5.110325329308516
6751,5.717931147061672
6752,8.94687476779303
6753,7.019189801113347
6754,7.201744399776888
6755,7.318423516101284
6756,5.36807383277987
6757,4.961671555478141
6758,5.30620284137769
6759,2.154028293003674
6760,7.294427332620073
6761,5.409693970811196
6762,5.861519945361083
6763,7.293297064084956
6764,3.887223101342232
6765,4.388257145167263
6766,2.586831390824613
6767,8.188203044043386
6768,6.701003704458375
6769,5.618363477653597
6770,6.006321290922853
6771,4.1284493982432755
6772,8.002970116612305
6773,1.1598536047578387
6774,4.719681913944468
6775,6.9509996065225605
6776,2.9603232539146456
6777,6.64431507913161
6778,7.03960635953495
6779,5.645141019904485
6780,6.413807169612118
6781,5.570324674688403
6782,7.129806475421487
6783,6.015004250415063
6784,4.735234867511212
6785,6.363914424887295
6786,6.2920591607518475
6787,6.712619654283296
6788,5.735481872587745
6789,2.4750339606558613
6790,4.995546632623183
6791,4.138027944403241
6792,6.921751525607123
6793,5.956460782739626
6794,6.553221740669278
6795,4.742768871426481
6796,8.244965976661026
6797,5.51662094725983
6798,4.235028465708625
6799,9.076597891100802
6800,8.377523239687592
6801,5.943154952820815
6802,6.143640292939111
6803,8.223292035521018
6804,5.675180864905668
6805,5.143779528500761
6806,2.693076926735753
6807,3.285256949116672
6808,5.055088434446167
6809,7.013232140116851
6810,4.740742440294578
6811,4.7833563800924255
6812,6.123007850047375
6813,8.680262344873329
6814,6.539627971613294
6815,2.741916279706766
6816,9.45592596114658
6817,3.762299693398093
6818,7.178228856511302
6819,6.294418561392929
6820,6.316224908662566
6821,3.1098590645917077
6822,1.8886729471699604
6823,7.116899796507677
6824,3.4664281437656306
6825,6.203379270782845
6826,7.1607809748124795
6827,9.445164409477076
6828,5.505364281301254
6829,4.255554860785294
6830,6.196892536933495
6831,8.38837171249489
6832,2.1933272090758913
6833,7.616726795424431
6834,4.725463312479333
6835,7.251187391055957
6836,7.384182881131248
6837,9.904202039862607
6838,4.089163516555007
6839,7.66483449500142
6840,4.917772567625375
6841,5.996748500191467
6842,7.455514665859043
6843,1.84226911497371
6844,5.404884800295286
6845,7.90906299236628
6846,6.385680268806954
6847,5.25437822452844
6848,6.594494502468146
6849,4.392444414618265
6850,5.177621617187268
6851,3.36869456440308
6852,5.576078144210947
6853,5.3068697071975555
6854,8.858978689252298
6855,5.427000703652862
6856,2.383159309566733
6857,8.79973072735109
6858,6.9954302341012395
6859,7.7469375108118115
6860,4.118341171025433
6861,4.334516360386481
6862,7.845772644247473
6863,4.580956820058314
6864,3.7694926893524396
6865,6.688979556267428
6866,3.360116472493067
6867,8.817519881512833
6868,4.869714439171169
6869,7.587627697219875
6870,5.122875772527647
6871,6.401015021023641
6872,5.266851265865965
6873,3.3798528433642168
6874,8.597582813945193
6875,4.56702527841361
6876,6.678790602684612
6877,6.662758151661324
6878,4.532514769918087
6879,4.3395388262897026
6880,7.531646352805242
6881,5.797292676321133
6882,6.039778269084021
6883,5.7733555453781875
6884,8.570299207530182
6885,7.960581461552183
6886,3.799112954859389
6887,5.291738744548696
6888,4.927336072339957
6889,8.166119653494752
6890,3.549951878524406
6891,6.617825374781937
6892,7.709673866455796
6893,5.410729522310445
6894,8.601015019109251
6895,7.560269044418955
6896,5.399982546148224
6897,4.146915914744432
6898,8.339838951264273
6899,7.107019921649917
6900,4.289681425008337
6901,9.817138895685593
6902,8.31564196400802
6903,6.722592233138782
6904,5.158350226911494
6905,5.828860227334393
6906,5.851034955519802
6907,4.419741688718711
6908,7.639496997571055
6909,8.122623082365497
6910,4.323495745724804
6911,4.752019916065878
6912,2.736896310472454
6913,7.326851232700003
6914,6.612658117877368
6915,7.152391120670674
6916,5.54485266988709
6917,5.91798302460011
6918,7.24921969665976
6919,5.988955280635286
6920,1.9529830252250537
6921,5.261300664964638
6922,8.78427865282409
6923,7.589572071290391
6924,7.336568695776597
6925,6.3906089416724505
6926,2.74273387600206
6927,6.284768138880319
6928,7.698125499655026
6929,7.533950500324801
6930,9.192586373472839
6931,5.41006554430505
6932,7.262225984141878
6933,6.21530197598115
6934,6.287307624814172
6935,9.57747672407786
6936,2.8793158745082237
6937,8.928348476129576
6938,7.767955267607022
6939,8.2386020149984
6940,2.7194167403147427
6941,6.398443737346014
6942,4.115338186297151
6943,3.8656906619909206
6944,4.992444357091971
6945,4.4983751841844555
6946,7.105664217209958
6947,4.712844254283451
6948,4.5572629251288195
6949,3.0630536352401587
6950,5.108906053979007
6951,4.398028671658492
6952,6.307947669787505
6953,2.6514614431924484
6954,3.582758431135725
6955,6.89950919921322
6956,6.55973804184502
6957,7.385415826526002
6958,5.7151591652729765
6959,4.122736300045026
6960,4.24743650116004
6961,5.738293042159324
6962,8.022063276769908
6963,7.293304728143413
6964,3.7056651823152613
6965,9.967065144885492
6966,5.008565448941107
6967,5.51506749769632
6968,2.716621687252597
6969,5.750850712451486
6970,7.300260700495421
6971,7.312546683840848
6972,4.086345974470911
6973,3.310910390150185
6974,4.265211960602713
6975,6.2799810866345105
6976,5.862012556124107
6977,6.169058454516266
6978,7.576674444911326
6979,8.18710482808065
6980,4.119780194604818
6981,3.1636670988044986
6982,4.488690322571941
6983,5.222640398329238
6984,6.47091438137232
6985,7.93479792672814
6986,3.738040802825124
6987,3.0965102585222075
6988,9.040027130230929
6989,5.371865029666981
6990,3.7527008328113767
6991,3.376631022917112
6992,6.814449477456622
6993,4.252462445263486
6994,5.954772561686982
6995,5.184476669911167
6996,3.173260303019336
6997,3.8786202181595058
6998,6.964765432970007
6999,8.16583742199283
7000,4.437716965708417
7001,8.107707845578844
7002,6.911511161077217
7003,4.126041093778792
7004,7.717486302157296
7005,6.082730907629684
7006,7.547478131822612
7007,6.311296122300151
7008,8.287726346244506
7009,6.857205370937533
7010,6.620214469835787
7011,2.319530383368829
7012,7.313414371651729
7013,9.325996256282988
7014,3.3548095519698107
7015,4.419249060252991
7016,6.438797982375812
7017,2.7246418012390885
7018,7.320319701426674
7019,5.8274721342543705
7020,9.239785092623789
7021,4.102177609490039
7022,3.0573073184135677
7023,6.237348862809299
7024,4.947329292827869
7025,2.896294386199638
7026,5.391827148301035
7027,8.256532848761204
7028,4.220220431230293
7029,7.714156638516618
7030,7.507756228074642
7031,8.491482962536494
7032,4.012089811149894
7033,6.590432171679683
7034,6.983193976894972
7035,6.001607765400786
7036,7.498187948430777
7037,7.443026556988359
7038,8.36136457445501
7039,5.915733084028087
7040,9.006718723538205
7041,8.72559462227822
7042,4.950578712131531
7043,2.6846692360005564
7044,6.005015589528986
7045,4.7841938619406985
7046,9.319572082685363
7047,3.085101330984846
7048,5.099962628504096
7049,7.935081334144968
7050,8.91475867937301
7051,5.869163050565673
7052,7.197255066110193
7053,4.602872937200037
7054,5.246528027092807
7055,6.407741938677442
7056,4.346014992930561
7057,4.961303019261225
7058,7.074331498213317
7059,7.769984838913041
7060,5.680330952887138
7061,3.3645869946976745
7062,5.970608349628715
7063,7.772641027231133
7064,4.482084796000464
7065,7.169471696078536
7066,1.5053266300500314
7067,4.276667523445743
7068,7.203148830933505
7069,3.7460608223744165
7070,2.6865217023634043
7071,8.354313192514482
7072,7.544247019508956
7073,4.967908675603421
7074,5.179923693366677
7075,8.911340707288666
7076,9.30266276110154
7077,8.410211633982092
7078,6.328234471424215
7079,8.272248703674624
7080,5.106405969043641
7081,6.488159993596232
7082,7.443709587270838
7083,4.197736583259911
7084,6.8071327619628335
7085,3.416734636791125
7086,8.002412474306954
7087,6.345933015007391
7088,4.066745252267255
7089,6.880356015720783
7090,9.55934033277281
7091,6.1664694069095205
7092,4.695478538222862
7093,5.1268900125144965
7094,9.09923522410934
7095,4.295824773887295
7096,4.770667234895744
7097,8.193883185833656
7098,4.5752983472985544
7099,7.774182198526992
7100,7.054702892920693
7101,6.1423679954626005
7102,7.978057610626091
7103,6.865083343151322
7104,7.777882600936866
7105,6.194995273982355
7106,3.3271300168564073
7107,4.869498067018379
7108,7.255672543576449
7109,6.6372220294634845
7110,4.407425868860767
7111,5.620634403521819
7112,4.173531057456708
7113,6.693903021742497
7114,6.117968359506812
7115,8.331211541776938
7116,8.798874615092885
7117,4.839729074167261
7118,6.414967275476778
7119,7.554037232312256
7120,4.882313984648012
7121,5.2849988121041855
7122,4.878152916844411
7123,4.5786582452491755
7124,3.8828874114125957
7125,5.218554606707915
7126,7.639798262950238
7127,5.363663287549255
7128,7.2120917463885394
7129,6.540096407786663
7130,7.369743673890843
7131,7.165506576318745
7132,6.771305287519475
7133,7.365300181633216
7134,7.3118316766324725
7135,6.52593167055836
7136,4.543621550944307
7137,6.145821040560373
7138,4.927952780796717
7139,4.566571467305684
7140,4.184828552263704
7141,9.77008456830618
7142,5.5447458046343785
7143,5.257647150560523
7144,3.230277409368914
7145,5.418122259167548
7146,4.679141624900022
7147,7.932973013319153
7148,5.509008420906436
7149,7.244524067917398
7150,5.683274340129307
7151,7.782663554036306
7152,6.364278879933742
7153,1.7663297520754444
7154,9.19622427558139
7155,6.803672401388735
7156,2.095587534070549
7157,4.530096569605815
7158,4.171155935189303
7159,5.630440291506174
7160,5.254520618574344
7161,6.688036368943854
7162,6.066761200198914
7163,6.55280815586187
7164,8.583649420605283
7165,8.623798168698709
7166,3.4749000600129785
7167,6.359715662086186
7168,4.433769958541584
7169,5.563227901746848
7170,6.612525058200832
7171,4.522354602571755
7172,6.31475598710895
7173,7.934412712874038
7174,8.984624143201334
7175,4.153230086577693
7176,7.442357563350711
7177,3.6098235451893337
7178,8.465982934133155
7179,6.441313202599147
7180,4.828032370240363
7181,6.539454075043489
7182,5.832219479943424
7183,7.538001674948378
7184,2.154088397647287
7185,6.22429552186045
7186,7.399927305156616
7187,5.15343540324014
7188,2.5298323607518745
7189,5.823171243938492
7190,5.33191986428515
7191,3.021222915405631
7192,8.64113907159427
7193,8.199131253367625
7194,3.3105602257022175
7195,7.6254777989773475
7196,5.86583204349644
7197,6.67467147963589
7198,6.005835257414023
7199,7.90192124841406
7200,7.293051926358191
7201,5.65567313691552
7202,6.590119865758536
7203,6.2041972237408025
7204,6.257496172512981
7205,3.1738040544793487
7206,6.831796012846764
7207,6.003765949286024
7208,6.194939238445679
7209,5.970332811489191
7210,7.067910865529565
7211,5.682922250189937
7212,5.425737736878889
7213,5.653635741546428
7214,5.952034630765897
7215,5.182424173779113
7216,4.151424533746129
7217,7.360897764887381
7218,5.729296132460374
7219,7.778093731555897
7220,3.8893399536338125
7221,7.517871672675133
7222,4.793604103031664
7223,6.690699691671442
7224,6.142444580853495
7225,7.279807531851617
7226,6.777632371090232
7227,5.985327969149985
7228,3.697467034148373
7229,8.524151361206094
7230,6.375819420184027
7231,3.1361352823165283
7232,7.536745150040362
7233,8.069187135804842
7234,2.809007400925587
7235,5.331593529812315
7236,7.861251500166188
7237,5.924975375570623
7238,8.51712033793908
7239,5.926419908509072
7240,3.312942110749165
7241,3.8717577128542358
7242,8.393508062371165
7243,8.880990464848605
7244,3.223611169738814
7245,3.897324122870761
7246,3.472074307305077
7247,4.097198549570509
7248,3.7962288127894874
7249,5.708943497335409
7250,7.603553868195741
7251,6.140417200683124
7252,5.21017536386736
7253,7.774146964465274
7254,7.977424950579892
7255,4.120072654827301
7256,6.837033634069265
7257,4.300685113554593
7258,2.815060071801972
7259,5.875536019131667
7260,9.529393279983505
7261,5.741063376120826
7262,5.653227724664098
7263,4.69427778763706
7264,3.105447073808402
7265,8.054667693587989
7266,4.340723887844891
7267,2.869262243380542
7268,6.3142509178705195
7269,4.910470236447081
7270,6.902522620734013
7271,4.126606314803398
7272,7.284784402079029
7273,6.642127459626144
7274,5.088471928988045
7275,6.777026809873067
7276,6.115901431930473
7277,5.3571276511840455
7278,5.892708895816657
7279,6.384647995093239
7280,6.436458752009268
7281,8.755651567274858
7282,6.108669816926502
7283,5.496460761115204
7284,8.79535831571594
7285,7.523846081597378
7286,2.9256192819714872
7287,4.689142855868258
7288,5.8867930611963395
7289,5.03314411058029
7290,6.783179332023468
7291,3.6608186918772683
7292,5.726839877900994
7293,4.720132677290548
7294,5.017236399658653
7295,9.547869016785569
7296,7.943795815843265
7297,6.812732386899772
7298,5.44447644061885
7299,7.3425698261263594
7300,4.565054744117817
7301,6.846942659632191
7302,5.258888088217722
7303,5.094271349933395
7304,8.265862902566528
7305,5.809778228338897
7306,5.2642048106142365
7307,6.892711170039435
7308,4.855436265613231
7309,7.77139904802402
7310,1.9667001016697874
7311,7.255351882330618
7312,7.6288428848434675
7313,6.367911131685642
7314,5.945962245935531
7315,5.759396863944196
7316,4.2753641464769325
7317,7.569650380372505
7318,2.8198168657128053
7319,7.40451319353722
7320,3.7578631017506745
7321,4.596755565849907
7322,5.490955250396948
7323,5.855619269634056
7324,4.626201881889476
7325,6.564706611973885
7326,5.870606331606178
7327,4.189576167838743
7328,7.075604464946819
7329,3.3764260132844606
7330,7.7516483318630405
7331,3.9913704376444428
7332,7.462624102613231
7333,7.9057687440835025
7334,5.877879893190411
7335,5.971915661130993
7336,6.028747629638223
7337,4.0478066985262595
7338,4.568014175098911
7339,4.878904901554184
7340,5.448718034439307
7341,4.342744019246195
7342,4.721323333934814
7343,7.874854957329276
7344,6.010829141254314
7345,3.608319011438634
7346,7.670232173702123
7347,8.136721562502899
7348,7.358165388299916
7349,6.424624905923419
7350,4.671465587007468
7351,5.33460817220393
7352,6.02498255488464
7353,5.345403449604619
7354,6.896034429112338
7355,7.683867360686594
7356,5.362687308314127
7357,8.79449988515454
7358,6.703264652117559
7359,6.082872863916296
7360,8.047428207003254
7361,8.98213099675642
7362,7.445992959995247
7363,3.824556866150208
7364,6.632941163990376
7365,6.339470408555708
7366,6.043478741141193
7367,6.035169558245294
7368,3.640709295273453
7369,8.440391788478099
7370,6.180040521247266
7371,8.949582962003479
7372,6.294030245078597
7373,8.523236804468295
7374,6.444337028706397
7375,4.067334564411752
7376,5.41868936872905
7377,5.7352227381546665
7378,2.835711670573955
7379,9.386334491824522
7380,6.761560782062712
7381,5.964653421722757
7382,7.9663116656857245
7383,3.363316819032582
7384,8.12464527477999
7385,4.772459670441281
7386,5.9102256795066
7387,6.519562936980951
7388,5.669875504077766
7389,4.896946239562462
7390,6.346447525743584
7391,7.100833993937873
7392,5.877591462638698
7393,9.408842300468425
7394,7.513852296548192
7395,3.583864013467624
7396,5.849522177366177
7397,7.9697991547043046
7398,2.2605431052617693
7399,4.472626692695175
7400,7.8542241087783085
7401,4.260017170966174
7402,3.2693378401093396
7403,9.370999325475946
7404,6.356978648811863
7405,5.175161903777493
7406,7.558710987107427
7407,7.612122271805163
7408,7.484927473159518
7409,8.302256332949128
7410,7.493053739731454
7411,8.117073990974395
7412,3.0665636017019464
7413,4.7153777876785075
7414,4.770180434999562
7415,5.989205159673464
7416,5.6642825581325
7417,7.046531849232702
7418,4.001948371038324
7419,6.094376978502511
7420,5.12387986530054
7421,3.3388287614161314
7422,5.796479412984509
7423,8.311408168945075
7424,9.530742699844465
7425,2.9935785113262243
7426,5.132735119817123
7427,5.6447871386725925
7428,4.074353485936936
7429,3.5045966631077383
7430,2.212478895570869
7431,6.070793153452163
7432,6.467253320550464
7433,5.173531755838603
7434,4.260832419540615
7435,4.790711509941867
7436,7.708687583724441
7437,8.907652150350412
7438,4.741787455611897
7439,6.1272863425717885
7440,8.540091486594935
7441,6.360837426784323
7442,3.950941459956483
7443,8.734310053468082
7444,6.213836752478898
7445,7.806997141311288
7446,4.106645117888085
7447,8.158116379020814
7448,4.898517101961394
7449,5.311090572379716
7450,8.44536817230918
7451,6.358598488671123
7452,6.184407573167913
7453,4.151400942069434
7454,6.815545316322837
7455,3.839794373092311
7456,6.800174757722499
7457,7.093593795169158
7458,5.4756994292895795
7459,3.7833901765557085
7460,7.413180910351296
7461,8.293182707132226
7462,3.232444522758171
7463,7.8592852487835
7464,6.0445114620500675
7465,8.66320129170874
7466,6.716042742642067
7467,9.006495329831989
7468,6.81263068030073
7469,4.053702047758702
7470,6.512223036590574
7471,6.28013661258476
7472,3.3556770280661254
7473,6.030536480283934
7474,5.347609629622747
7475,3.0743584914984075
7476,4.834957955636016
7477,2.2460919917288082
7478,6.428121268297244
7479,4.728126071353784
7480,8.763483894616968
7481,6.892981976529652
7482,4.4611950936764195
7483,7.625830721051059
7484,8.154223863824404
7485,4.946141406454208
7486,8.751677990552594
7487,4.779375068589656
7488,5.3018902017922525
7489,5.271453523059171
7490,5.393934902475264
7491,4.369867199755953
7492,4.5654362544093035
7493,8.4195083710709
7494,6.114471097188784
7495,6.874450620110913
7496,7.1233663281024615
7497,6.444759895363987
7498,6.484983179720254
7499,9.346768339457537
7500,5.732825984797644
7501,6.1770858728123965
7502,8.036193236335617
7503,4.351945539319243
7504,7.196056133096112
7505,6.18749714958536
7506,6.31312624179268
7507,8.604655931975703
7508,5.0786810020281195
7509,0.9811821469014623
7510,8.975721987062535
7511,5.224045501350462
7512,5.575920417561991
7513,5.683172355178299
7514,8.067722515211912
7515,4.77771263425856
7516,7.43414909924914
7517,2.868871515189556
7518,5.761896415545971
7519,2.691486163336087
7520,4.535041175598609
7521,9.008300284748474
7522,5.718839830046611
7523,3.5761556464051845
7524,8.108126993346247
7525,6.385827603897383
7526,7.44219451239861
7527,5.932601236939252
7528,3.5702070462459963
7529,7.310290573431972
7530,5.574269533183164
7531,5.531954335983092
7532,9.4120733137608
7533,6.878410110786163
7534,6.910676326739589
7535,5.315949971222795
7536,7.738082836780076
7537,7.69660709068692
7538,6.526322908500743
7539,5.891865558031307
7540,6.098615660587187
7541,3.8330042256118673
7542,7.71525224639733
7543,5.593057137615696
7544,2.627072864310362
7545,5.061662958750075
7546,5.284712637830522
7547,4.1919190694206145
7548,7.277955454328449
7549,8.01160962214863
7550,4.804877291957642
7551,7.920900320570146
7552,6.13743851259297
7553,6.738467483959954
7554,8.96615666196905
7555,6.62321842329033
7556,6.1913760527022665
7557,8.109722930289829
7558,4.1685604001202075
7559,2.862362611216345
7560,2.378059869207263
7561,5.993396345051297
7562,4.567112224883412
7563,7.5141664755010975
7564,6.596172130856063
7565,8.596562134888412
7566,5.668989893181072
7567,6.940125535939488
7568,7.66584946172352
7569,5.822925347238017
7570,3.1439160362274814
7571,6.624814550320214
7572,7.2230741763546416
7573,9.778903571355254
7574,5.995211820362667
7575,7.548956452582367
7576,4.878427974914997
7577,7.07833812856296
7578,6.019736759767275
7579,7.931237335895507
7580,3.989346872131062
7581,6.880192964554494
7582,1.8550038649122513
7583,5.9884894181776875
7584,4.058511608822208
7585,6.417193378646682
7586,3.8085849617921506
7587,6.430429265639484
7588,4.650800237975403
7589,8.325815123144514
7590,1.9352214051626369
7591,3.278901515200649
7592,6.253732647894745
7593,6.41814799280134
7594,3.8036392917809083
7595,6.534481444619473
7596,3.3570308181778197
7597,6.435620071106636
7598,6.145565963699991
7599,4.01006271370068
7600,7.552282638463862
7601,8.906842611988148
7602,0.9053347762940559
7603,3.9211885409993514
7604,3.689757506932117
7605,5.505759519284203
7606,6.383018076892691
7607,8.302375153836715
7608,8.923158393877596
7609,7.752566145018029
7610,4.769441841371899
7611,5.25269521423148
7612,6.686727019630342
7613,7.977593160086654
7614,7.06100498593009
7615,7.964036785790682
7616,6.468405110567266
7617,7.218634251058662
7618,5.677522969848409
7619,3.726974875976404
7620,3.924490415392312
7621,8.080377191287083
7622,3.9284312701074655
7623,7.5955573829749765
7624,6.7454695442962445
7625,5.546788913285738
7626,0.9768104584346498
7627,5.39138078242187
7628,5.587724884740256
7629,4.14950992545605
7630,3.0990700259110087
7631,6.301851372586814
7632,8.369628699766618
7633,7.079652992765361
7634,1.5877290694867747
7635,5.014245846826257
7636,7.675593369248321
7637,2.3285191758471826
7638,6.671522601222854
7639,7.703864140937521
7640,8.425585243125548
7641,6.5438231955848805
7642,8.851291610509682
7643,5.637506040936275
7644,5.681305586900182
7645,6.8099447658988606
7646,5.417649007005865
7647,4.708672775068884
7648,3.482694727422191
7649,3.896192736467005
7650,6.689215140984762
7651,5.534853200137559
7652,6.007718186147805
7653,3.100687579016987
7654,6.077006494609502
7655,7.4123079086982155
7656,9.533773975804369
7657,7.266707156412858
7658,4.551481662924006
7659,1.424691878200933
7660,4.078152813930991
7661,4.160905008447118
7662,6.888778535876732
7663,2.7073922129787276
7664,7.7833107567071975
7665,6.426155274489716
7666,6.054511295507513
7667,5.084084521217162
7668,4.8422925547452635
7669,6.897475279471903
7670,8.661051412501985
7671,5.874461285146689
7672,6.114888293952929
7673,4.769565531018092
7674,5.053113505752384
7675,8.860557134868667
7676,3.1822467367714897
7677,5.263128698989439
7678,8.893002477239516
7679,8.086489379384096
7680,7.608411999561872
7681,5.619961490322234
7682,4.0400621510373425
7683,5.41211892470977
7684,4.925429304260289
7685,9.70756240842897
7686,6.5883959576786
7687,8.672455696911706
7688,4.027111226459197
7689,3.003074930491458
7690,6.364190070787796
7691,3.609322561597709
7692,8.247017071441087
7693,8.116505044516765
7694,5.095295943842222
7695,4.690262260912915
7696,8.717687984749142
7697,3.465295512824651
7698,4.989272680334545
7699,6.773659912350975
7700,7.207349146394845
7701,5.10802190418495
7702,3.433343961573236
7703,5.432111516196923
7704,5.101175500041032
7705,4.102530833615222
7706,2.1754978030113614
7707,7.174051820426074
7708,6.313361687793301
7709,7.613937573165009
7710,6.939629182829424
7711,7.891538294662871
7712,8.122199732949795
7713,5.1173612106112785
7714,9.651395750542104
7715,5.539772541883197
7716,6.702396987697334
7717,7.2534343610739045
7718,8.139714458114188
7719,6.401159148593052
7720,8.777415175841437
7721,3.5293658523652893
7722,3.6297470272081376
7723,3.741467871954332
7724,6.2656570282041155
7725,5.610538249934857
7726,4.9160762135899345
7727,7.093505183214316
7728,5.761510107607296
7729,3.1663388100371024
7730,6.3027818953108055
7731,3.410177522623068
7732,7.6196251532646
7733,5.621928143911392
7734,5.79555272351792
7735,8.440007030065434
7736,6.623886232382347
7737,5.591613514820042
7738,6.475553753194726
7739,4.211172868613701
7740,6.594695514752461
7741,5.630780081848643
7742,4.890228074801762
7743,5.214959325863907
7744,3.515527166994095
7745,9.27346237883798
7746,6.2064708385187135
7747,6.004552248234294
7748,6.00545348913154
7749,6.620589839779984
7750,3.8326704248571417
7751,6.714215611428401
7752,8.10670256543902
7753,5.644347383115262
7754,4.997764085685295
7755,8.542035668841558
7756,8.285641979341028
7757,7.678565436529938
7758,6.507710204179818
7759,8.915462659767156
7760,7.007361233460711
7761,7.805878422928179
7762,5.2765788568458065
7763,6.288937451121244
7764,7.2711028522565275
7765,4.972985113871173
7766,6.816637948424228
7767,4.533712613462376
7768,4.88536078750872
7769,3.4875179799578526
7770,8.92501707998505
7771,2.6819033330847253
7772,5.37785668498864
7773,4.811569276835128
7774,5.322005954909885
7775,7.546638026848688
7776,6.3813296762855565
7777,7.022387478926468
7778,8.05517374325528
7779,4.545785703929601
7780,6.648533797249887
7781,5.47698369935982
7782,2.6900010114944317
7783,6.203255989133064
7784,8.2572698827525
7785,2.4351488029815536
7786,2.132538633133426
7787,3.082184167279146
7788,8.623990955572117
7789,1.5401219602401997
7790,6.653982325321254
7791,3.8670410120838183
7792,7.6438336918670675
7793,8.273493275548372
7794,6.257908710342029
7795,6.846671496332037
7796,6.822018293529268
7797,6.0303291552469585
7798,7.979901588448405
7799,4.954603645715367
7800,3.7454048907587145
7801,2.8810734221054632
7802,3.1731847147075944
7803,4.75965419359718
7804,5.397327395104828
7805,7.6571383785984395
7806,7.545072824013713
7807,4.779590575167047
7808,6.221915987440347
7809,7.81757250717298
7810,5.6679718038763705
7811,4.685848965631051
7812,5.031987223677509
7813,6.569935402453732
7814,3.8903412448578365
7815,4.239552842099523
7816,6.84474260609902
7817,3.4514163700985043
7818,3.439058530143716
7819,6.155425304780868
7820,5.593037429659555
7821,6.763116265883221
7822,6.566000293415016
7823,7.418222980476665
7824,6.585419693951205
7825,5.929587428401874
7826,5.852061667959772
7827,4.292904123003168
7828,7.770754303993252
7829,7.4472894377446295
7830,7.124188780396288
7831,7.335994838772106
7832,2.8997962574424747
7833,7.6613001891677985
7834,7.932742156925739
7835,3.7791234006571934
7836,7.52302408455201
7837,5.982854298569956
7838,5.2381148340535875
7839,5.144861407260546
7840,8.674927903766305
7841,8.255348527589618
7842,7.681588994074895
7843,7.175039226578311
7844,5.1092162781664525
7845,5.753071680116134
7846,5.9145068033890995
7847,8.984848282392477
7848,4.333256470261782
7849,2.413346194315826
7850,4.1768698355108445
7851,4.251921634520297
7852,7.876085064480693
7853,5.687085724731217
7854,4.458838875030418
7855,8.117774594591843
7856,6.6477590873894385
7857,9.661411159473193
7858,7.1253116692858764
7859,9.816661758117373
7860,6.886130771277125
7861,9.712086836352077
7862,5.021025986642158
7863,5.294764985832423
7864,7.7551867853832235
7865,9.304236879466636
7866,6.595355464672482
7867,9.6363590835555
7868,5.063747793918833
7869,7.569337471572785
7870,8.72211509977721
7871,1.9674427739343432
7872,6.435181225099919
7873,8.182908063278038
7874,6.880855829886931
7875,3.9437797538705603
7876,3.907666167839332
7877,5.713712157263321
7878,4.658086171004501
7879,2.2961501124607886
7880,3.9516749248060825
7881,5.893234651290314
7882,7.854900948842844
7883,4.646109118596247
7884,3.4903554050170214
7885,6.909083708343294
7886,4.791693361761945
7887,6.231709538694088
7888,7.283798257767107
7889,8.620791055373337
7890,3.903334429811056
7891,6.1586344077670105
7892,6.387104941588073
7893,2.684025612762413
7894,7.368861615840534
7895,3.6755830668811584
7896,3.882693296293346
7897,8.580715582046338
7898,3.356943280053431
7899,7.466677099661538
7900,3.9251920913270837
7901,7.3939373455576645
7902,4.2439849609275155
7903,4.462979343955543
7904,6.241877973358138
7905,4.9622592645014665
7906,7.953428483023058
7907,3.996639299817138
7908,7.775233233253371
7909,7.941101635343077
7910,7.257342846251618
7911,7.019270116045749
7912,6.176368917106809
7913,4.202946781064504
7914,3.294985772210926
7915,5.347346988330605
7916,6.55391249175554
7917,7.003077481798743
7918,4.239565952174447
7919,7.40632610089
7920,9.34286540421176
7921,6.371627178042942
7922,5.081466773337245
7923,6.420320906847657
7924,8.438806439670396
7925,4.215805271843992
7926,6.353954672913744
7927,5.5432279423823445
7928,4.70125010528397
7929,8.625530656714727
7930,8.142933398016094
7931,7.5474286754739595
7932,5.5865693476133576
7933,5.47566688289122
7934,8.059226987728625
7935,8.192504829287675
7936,5.602006823930739
7937,3.440661310500429
7938,5.936456447519332
7939,8.442355312059698
7940,3.579984717678523
7941,3.8942667814743404
7942,4.0799937402079065
7943,6.364836342081011
7944,6.213326747367356
7945,5.761090528882756
7946,4.583021855127245
7947,5.14905187146937
7948,7.448251640948013
7949,5.861409355901699
7950,6.61111119877567
7951,6.845003100014667
7952,7.725901449003786
7953,5.820925490056177
7954,3.6631683226630836
7955,5.2797737539348795
7956,6.746795795197232
7957,2.9785040743067097
7958,3.2780935248109886
7959,4.783884826963366
7960,6.200480544925754
7961,5.603637012361759
7962,6.923274556325985
7963,7.15639369774083
7964,6.314869315255448
7965,6.34212294083666
7966,7.166399247560307
7967,4.576969785634911
7968,6.219433824029227
7969,7.375546686463177
7970,7.439333986420041
7971,6.504997812962616
7972,5.793404907423374
7973,7.7226666158235036
7974,5.859167757270542
7975,7.148303121882028
7976,6.499104215935093
7977,8.08046174710409
7978,0.8151198031512144
7979,5.600913117976852
7980,7.67365509917623
7981,6.424610147413863
7982,3.321745966928134
7983,5.508579104631947
7984,5.901758715475802
7985,5.604065504415457
7986,7.121527929954908
7987,4.117650617478111
7988,9.919558171758197
7989,7.31905381837162
7990,7.990278096859671
7991,0.455615214345028
7992,2.775060590298035
7993,6.689728919056675
7994,4.177259432192347
7995,2.957590466772025
7996,5.94254474719186
7997,8.053942347312779
7998,2.0461929336937645
7999,6.579030242580958
8000,5.4646503913871864
8001,7.099173257793472
8002,3.3727079739099723
8003,8.1902341597917
8004,4.871122360206
8005,7.811252344328788
8006,6.318262522487002
8007,8.90102308499122
8008,5.546979421146653
8009,5.760376390856555
8010,6.539876547665076
8011,4.75129756456486
8012,6.55147627810486
8013,2.3833178931857075
8014,5.246295192794174
8015,5.102412399976146
8016,6.22170124168625
8017,3.9990446909968766
8018,4.193940703996286
8019,5.934855820973505
8020,4.595444809415076
8021,2.7069557909795927
8022,5.465731627985826
8023,2.4881663482941
8024,5.752543607418377
8025,6.554166781146475
8026,8.612253089925114
8027,8.905098996646196
8028,5.622285160620875
8029,6.601953928918175
8030,3.2402113582277208
8031,4.792742593744522
8032,4.569435771840011
8033,8.629574636514928
8034,4.241835107591494
8035,5.185113684488101
8036,2.089720748393327
8037,5.164649797489773
8038,7.059789124701993
8039,7.743392429328509
8040,6.314648079994447
8041,6.037611052693291
8042,8.227846907992173
8043,3.3221204958318373
8044,5.847224778907533
8045,5.958015547066862
8046,7.714037499243432
8047,3.579447893174412
8048,7.200313663053578
8049,3.2610526069476053
8050,7.127840528371803
8051,6.992036138523991
8052,9.03347206936402
8053,10.0
8054,6.906075982310265
8055,7.837520818726996
8056,5.460638955509382
8057,6.943070418887286
8058,2.620889802151072
8059,8.1401403013292
8060,5.222952175260049
8061,8.894274453427002
8062,4.733514180406061
8063,8.39575360523339
8064,9.07412044536262
8065,6.483027844438501
8066,5.952561527750177
8067,4.293077868955945
8068,3.0722430700285677
8069,4.896508835513944
8070,5.135706500712691
8071,8.126147688289823
8072,5.452272492941987
8073,9.415297190474345
8074,7.868575024528312
8075,7.238441784842441
8076,4.798408808686117
8077,3.9079962396081434
8078,5.427768066391527
8079,9.64663224084716
8080,8.920768622287671
8081,8.220863989033393
8082,2.555720868458571
8083,6.442832094595486
8084,7.845376538389947
8085,8.604437967554793
8086,5.862702098633844
8087,5.054802792979364
8088,7.397464395441683
8089,5.576896233655992
8090,5.106776510366478
8091,5.851733564745879
8092,4.597273217456563
8093,3.644622268147562
8094,5.625558170632385
8095,6.895412717114188
8096,2.927236428129121
8097,9.084295871614255
8098,6.0747463069170164
8099,6.980350474993015
8100,5.506613195099329
8101,7.998046672177511
8102,6.458970219632522
8103,8.951629098594088
8104,4.187938434180035
8105,4.931259735419153
8106,1.2083711132404522
8107,4.6950349106349005
8108,5.3126050607119835
8109,4.716268373585907
8110,5.030840846721674
8111,5.097703116018339
8112,8.393414641159074
8113,5.9414670713808775
8114,2.811427163300261
8115,5.597012458338229
8116,8.186084357859723
8117,6.569372787795724
8118,6.626081071795335
8119,5.606879673142824
8120,5.312766708780657
8121,2.48642223991268
8122,5.751427297968297
8123,5.59392917283077
8124,5.696237043119912
8125,7.256821117557872
8126,7.8379537929593734
8127,3.345932603716009
8128,9.07064086798752
8129,9.159169461124398
8130,4.349760006808504
8131,7.507753097639176
8132,9.002438973976826
8133,6.399729407518053
8134,7.197344793286286
8135,4.281172248186807
8136,6.242221303370334
8137,4.793129007854007
8138,8.23077149872191
8139,7.6789016489117445
8140,2.6445781653367475
8141,2.866018242863376
8142,8.689261667690383
8143,2.7468300605954994
8144,6.210217583338323
8145,7.119702796969935
8146,4.454314827708641
8147,9.31706287668404
8148,5.112680611049084
8149,4.956915055691789
8150,8.602019530274568
8151,4.585908740021613
8152,4.199168500317573
8153,4.4749730757400945
8154,4.65265485229107
8155,8.549406438984127
8156,4.596461626333776
8157,4.294963349444355
8158,4.935240685528844
8159,8.72238587368862
8160,1.6986738217677284
8161,6.496910185919501
8162,9.26730456502797
8163,6.4352437361129144
8164,7.57051970265662
8165,4.813446176467505
8166,4.832210566250474
8167,5.867159309728217
8168,4.358716711878332
8169,3.3536659831786095
8170,6.562461130987255
8171,6.154935474218189
8172,7.687663220232629
8173,4.708381148026993
8174,6.712253829244356
8175,5.577345568616511
8176,7.093231065148812
8177,5.61638181164898
8178,1.764466138235027
8179,5.917310316495689
8180,5.160334631441474
8181,4.60397584287079
8182,6.899050702268193
8183,3.6589748929511052
8184,7.901879166277882
8185,6.786606487862192
8186,7.587034077663924
8187,6.073554246028051
8188,8.349044548119199
8189,6.903899039134567
8190,8.80481459208202
8191,8.058507019299814
8192,8.836965463139222
8193,4.503607809785092
8194,6.848079341172571
8195,7.054319149762016
8196,4.2141230186479515
8197,3.3165672105762654
8198,7.191170167903222
8199,0.4723816457699378
8200,5.3450295908106975
8201,7.2312848973061135
8202,4.171340461215582
8203,4.416248900359089
8204,5.532225724881782
8205,8.966636980251923
8206,4.36101837729552
8207,8.006846629853815
8208,4.198227228557228
8209,4.805482792793531
8210,5.338953742506971
8211,6.886318726521971
8212,4.31342741382854
8213,5.435370046744966
8214,6.226983079784369
8215,6.320572016754238
8216,2.868162616718428
8217,5.855999617335261
8218,2.6629001965837333
8219,7.078777899947999
8220,8.938780596249329
8221,4.217547463008489
8222,4.338662040645493
8223,8.002207159390986
8224,3.8753110681052476
8225,7.127328300911762
8226,7.046019697781125
8227,5.409969589963739
8228,5.074950103042103
8229,3.9785156074043178
8230,8.974251946907142
8231,7.430288818664254
8232,2.303061265071373
8233,5.332774797719341
8234,8.290731351651242
8235,5.291989705761195
8236,9.212576095162143
8237,6.795226251234129
8238,4.1787743203989
8239,9.823898524197181
8240,6.359725699013154
8241,4.900721498336074
8242,3.1009708530813453
8243,6.848864484261301
8244,3.318840029277402
8245,5.603602952975604
8246,3.366845413988853
8247,7.458443626440001
8248,3.471399272919488
8249,4.799847925840328
8250,6.819214477477283
8251,6.26343540778136
8252,6.157499775461476
8253,6.791378554311123
8254,4.946958702257522
8255,5.883837085311088
8256,5.130720237732546
8257,1.8014499356720421
8258,4.5298587285497165
8259,3.882242735409851
8260,4.521526900875554
8261,3.550174962942669
8262,7.050296383704714
8263,3.4666102717154863
8264,7.63227830688888
8265,4.874882891657335
8266,6.4806744044139935
8267,7.753668427266547
8268,6.261212880866998
8269,3.239067832851167
8270,4.7275746639041785
8271,6.734724614044341
8272,3.9272986106262087
8273,8.020644869757138
8274,7.228100299258221
8275,9.924081927732749
8276,4.831533441381252
8277,5.431683107575243
8278,4.204684364922683
8279,4.184047889299839
8280,7.361889044535029
8281,8.315491254269071
8282,6.751590072267769
8283,4.571650753694626
8284,3.7651650484749126
8285,8.423684286208498
8286,7.777110101515731
8287,4.8027456778197175
8288,7.910693709601267
8289,4.919627535042457
8290,6.2974693377490905
8291,5.01088841342689
8292,8.806513963381423
8293,7.1134569266022085
8294,6.107522629608454
8295,5.5227863207062535
8296,2.6917277525888927
8297,7.199442665351515
8298,4.039994257052994
8299,9.526374817840873
8300,1.3974149080240146
8301,8.245960138163083
8302,4.31535516534416
8303,2.851144871375175
8304,5.630007616663936
8305,4.444889826208466
8306,2.2905286087850314
8307,7.615627965730153
8308,7.054220983001896
8309,5.977416889543068
8310,6.352873369262984
8311,7.1220284348176435
8312,7.571559565978771
8313,5.381715137388969
8314,6.531400997616967
8315,2.6822075406258152
8316,7.187016464591619
8317,6.848565335752309
8318,8.493791109405555
8319,4.139140919463044
8320,5.064331196803063
8321,5.318713726251146
8322,7.427618457611771
8323,6.0313199230945
8324,4.2293242683052625
8325,4.616140661292001
8326,5.28707347585721
8327,7.917287824454945
8328,7.861168276157256
8329,7.992433141999422
8330,7.824532352724026
8331,5.7938287152816565
8332,3.2717819270780004
8333,6.289713577664366
8334,4.315678795248941
8335,5.9010107203790785
8336,7.142886367019278
8337,4.468981160920146
8338,2.246646190377074
8339,7.967029881715918
8340,4.905934613785787
8341,8.832680182940544
8342,1.7066283204682342
8343,8.56558773518345
8344,6.427064943682583
8345,7.514196275595852
8346,7.022715136615862
8347,7.056789933176749
8348,7.607665354875939
8349,5.120072901725315
8350,5.301868707518076
8351,6.4770601662259875
8352,8.127648596780393
8353,1.2993947687201926
8354,9.664814257725116
8355,5.823428345513907
8356,6.849050463654012
8357,1.813024860704259
8358,6.8317114467735935
8359,9.299705364381278
8360,4.405139217055141
8361,6.369245383179236
8362,9.681615446893133
8363,6.9558025248713875
8364,4.764055780741806
8365,7.970821206771262
8366,8.993741799057897
8367,3.4208129135754257
8368,7.089584631759427
8369,5.674647486417598
8370,3.1022101462486775
8371,5.570865908451607
8372,6.112729911478861
8373,5.234438671631066
8374,2.562256451210766
8375,7.376335518743699
8376,8.067670548765951
8377,8.354415332068271
8378,4.26775423444095
8379,6.4460599900786715
8380,2.3749460332425922
8381,1.94541032604065
8382,5.611356945087303
8383,7.500328559407114
8384,8.104635848124953
8385,3.805890457742322
8386,8.28781392447996
8387,5.200646335687351
8388,7.824821087747203
8389,7.286875487653658
8390,9.103217557382926
8391,9.378539489667256
8392,6.550593149234956
8393,3.90895626032736
8394,7.679361893869213
8395,5.733160926411519
8396,6.054605362535662
8397,6.046062512204535
8398,6.463753714409113
8399,6.139380609613917
8400,6.474960864491392
8401,8.794634885424506
8402,6.153295488532612
8403,7.191169096167615
8404,6.739996371502899
8405,3.7594366947427487
8406,5.030312873788511
8407,5.787011312439266
8408,7.779692227524308
8409,7.7774357926630815
8410,5.3056804010491465
8411,6.429440130992705
8412,6.885890086224843
8413,6.098971706522041
8414,4.488390834398733
8415,8.4849445887024
8416,7.434641752226421
8417,4.166140005526456
8418,5.421574381072799
8419,6.443192516714935
8420,2.6877667020796436
8421,1.3798978510058721
8422,6.162129262809182
8423,6.250380022022776
8424,4.6527620603466735
8425,4.430861787995109
8426,7.0883778513088505
8427,5.299126878154895
8428,8.84799611166531
8429,1.7184051896547945
8430,6.000057319897293
8431,3.9398502809457696
8432,6.499417515985064
8433,7.807799808932008
8434,8.028546769008717
8435,5.308779413333861
8436,5.13289418046727
8437,3.836489277213295
8438,8.214636383617044
8439,7.181857959563596
8440,3.2520323948568497
8441,3.1915997659613167
8442,8.516115324147952
8443,9.926767421301594
8444,8.226469709056271
8445,8.440879820763733
8446,7.940589636969787
8447,7.405526865495608
8448,2.7885889546754146
8449,3.65128782096651
8450,3.2240924804810582
8451,6.4385755780618865
8452,6.6280914446017105
8453,2.5539191567513275
8454,2.8514718064031443
8455,8.403537811746206
8456,6.409040809382989
8457,8.845721324115498
8458,2.5915608384263313
8459,7.599456965594243
8460,8.715939653902547
8461,5.802005950382005
8462,6.124621062009896
8463,7.749044131127642
8464,2.6342616303827544
8465,7.22980212199297
8466,4.184972275996428
8467,3.123955486824234
8468,7.6862672336764515
8469,5.809629708756474
8470,4.5113635501348925
8471,8.323164424325391
8472,4.174504305224896
8473,4.942565964160023
8474,4.485593223242674
8475,6.209495980378835
8476,6.544794671445411
8477,7.949793920623766
8478,6.96431551957995
8479,5.863546321407219
8480,4.330200499250748
8481,6.702098955258511
8482,6.6223042758937165
8483,6.236287310347384
8484,6.160563945758843
8485,6.192361404189215
8486,9.16371385941649
8487,4.3838701442547485
8488,4.00360737258884
8489,6.5255079993612455
8490,5.032596313873553
8491,4.528765553631966
8492,6.164979061573221
8493,6.3633537101088
8494,6.839884231907679
8495,6.6048184708517805
8496,3.3471280646331594
8497,6.854060183034855
8498,7.297560969466957
8499,6.348731270315767
8500,6.306375392797119
8501,1.494143957416354
8502,4.713003207762351
8503,2.70389798765247
8504,7.183369907075044
8505,6.719158418229822
8506,5.577914519805741
8507,7.032624993406839
8508,6.866475533990415
8509,9.191583407086586
8510,8.333501622598572
8511,6.882815280211032
8512,4.6318974429263715
8513,7.018596736400748
8514,7.335726692811441
8515,6.915754881794169
8516,7.100928810368731
8517,6.653195305850173
8518,4.856178907650347
8519,5.995983270669385
8520,3.352696655883387
8521,9.741750905921739
8522,3.8214770043025035
8523,7.987874131217626
8524,4.568178928470809
8525,7.739876438712888
8526,7.710280490115556
8527,7.369039013598996
8528,5.906974544346935
8529,5.065205729060243
8530,5.727151647131072
8531,3.3543232679261252
8532,7.368540037177664
8533,8.766843511605426
8534,3.954624258269933
8535,6.335394278193997
8536,2.756407042324368
8537,7.94057944531274
8538,9.662034329049648
8539,6.478294310568243
8540,7.017662980743362
8541,5.547105737578025
8542,1.4901717369954053
8543,3.500539692624906
8544,8.304946327376847
8545,7.436805452511798
8546,4.20210009014826
8547,7.18824382676426
8548,5.483522726778305
8549,7.585357452924934
8550,6.965416409455256
8551,7.845703879736962
8552,7.071620089575054
8553,5.770170609652848
8554,2.3915775167007025
8555,7.99423803153375
8556,7.001880244784462
8557,6.273487315435911
8558,4.8846266757933545
8559,6.058166818284702
8560,4.157710518884629
8561,5.946336530222509
8562,7.611830460942329
8563,8.903050598518842
8564,7.13606387942454
8565,4.827622620314054
8566,6.640151030335579
8567,7.597412666159232
8568,7.1586778439206595
8569,8.258184351576343
8570,9.954065384490843
8571,3.1786152036832562
8572,5.159259309540327
8573,7.385083033494486
8574,5.229060247602161
8575,1.8568609561282394
8576,6.002820329837113
8577,7.318315089923766
8578,8.273921108618211
8579,6.208582952961104
8580,5.288045862081273
8581,5.17178483475678
8582,6.8565395984230335
8583,6.184051026987161
8584,5.623543976379404
8585,7.649072581736666
8586,3.212138612432856
8587,7.791706248585686
8588,6.117016940906837
8589,4.798688014332089
8590,9.37823015870909
8591,7.123961867297881
8592,3.005908989621932
8593,7.100015001302458
8594,7.443239151438206
8595,3.873866996681893
8596,8.077413049932378
8597,7.293957183123304
8598,6.250951976542999
8599,3.2596681334236477
8600,2.1665304569847375
8601,7.543664540549884
8602,2.5355693907034835
8603,1.4060465744642114
8604,5.02799625401755
8605,6.310172529253362
8606,7.097877912392716
8607,3.1757220510913955
8608,7.76473837048503
8609,5.897387865942424
8610,6.0103380965903455
8611,8.037615124605512
8612,4.412296649189118
8613,5.045293542708466
8614,4.9211598110537995
8615,7.657311238621402
8616,4.87601219565357
8617,8.647609725750655
8618,5.421352069822497
8619,7.205503730970298
8620,7.800312158422829
8621,8.610214309898902
8622,7.840826238364288
8623,6.197302307085158
8624,6.398315963693648
8625,7.313303482296332
8626,4.9532644056501525
8627,5.684519782833244
8628,6.583828327619616
8629,2.231783906374034
8630,6.365605189983381
8631,6.924605251886433
8632,6.611292096560703
8633,6.779493065076157
8634,5.809390600302824
8635,7.679640887723826
8636,6.452482417263252
8637,6.469937026223602
8638,8.792409678388344
8639,4.729147019372329
8640,9.34239585989785
8641,5.414584746163073
8642,1.1826577969584362
8643,3.748262768192525
8644,6.522186903508401
8645,7.639513356773586
8646,6.437239025768913
8647,7.536362517322367
8648,5.302659594920776
8649,8.755024640412026
8650,6.648749385134584
8651,5.722340447606883
8652,4.782598647856508
8653,7.952273925076443
8654,4.431988644455917
8655,7.6104233789014355
8656,5.6243889837217464
8657,3.8147355409643153
8658,7.241708707305103
8659,4.876667345366686
8660,2.7362137720131194
8661,5.158843161241326
8662,6.86261825838871
8663,4.8609289544589185
8664,5.793784316732801
8665,5.841633746324016
8666,4.269150300209924
8667,6.77248271288134
8668,4.928362502987561
8669,5.970763108407734
8670,6.984087601770042
8671,8.884458892243716
8672,4.907613575305826
8673,5.589336795687656
8674,7.03699876322905
8675,4.307048930138737
8676,6.942096966986304
8677,6.370762624330345
8678,6.610004146396896
8679,7.360183881487245
8680,8.255549141348379
8681,8.008058455195727
8682,4.260769252690979
8683,3.6704492907875617
8684,9.821584676681676
8685,4.299080912496353
8686,6.232982375274119
8687,6.927435847398634
8688,8.06117145178183
8689,7.182310652534997
8690,5.837696314169387
8691,4.382711191848768
8692,8.038091512836138
8693,10.0
8694,3.42501948788413
8695,6.321370722994666
8696,6.412556445349123
8697,3.454748473517816
8698,6.0730414120947565
8699,4.53070791043402
8700,8.766596088095925
8701,3.6996514767511277
8702,6.494117324027803
8703,9.995604609997766
8704,7.743542077881445
8705,5.8278449772449585
8706,4.8450675619165935
8707,7.766676968938226
8708,3.2523551314611083
8709,5.087508832900307
8710,3.9179586351186435
8711,7.1767143964794355
8712,3.278739837681477
8713,4.96034453897621
8714,9.404040958371123
8715,3.6152240172367
8716,4.261844436682315
8717,6.097153799916109
8718,6.741240705646919
8719,6.176978004725333
8720,5.644608769935881
8721,3.875791604270294
8722,4.2755148885709175
8723,2.373814414969378
8724,4.771374411161908
8725,3.3063002181372267
8726,3.3488356312706857
8727,8.14110934241651
8728,8.897430508905616
8729,3.7993131635409143
8730,4.969021457098167
8731,7.829150229237453
8732,9.639466299276258
8733,8.32893099844818
8734,5.643625653772069
8735,7.301139311650037
8736,8.035552731641156
8737,7.971967291480645
8738,8.14931851071285
8739,8.058812179655037
8740,3.5024022224164995
8741,5.496029120492511
8742,6.006393562453299
8743,5.2752392628254166
8744,8.528416645510008
8745,6.5059593598842325
8746,7.049855228498946
8747,9.43070113983486
8748,3.2089679875196695
8749,4.4180710819537685
8750,3.2863728823121385
8751,5.153535338256969
8752,5.5209526170821235
8753,7.765601983632891
8754,5.154127269279222
8755,6.551023158195702
8756,6.810345526598956
8757,0.07333491437862012
8758,4.887801650920116
8759,3.23830991744234
8760,5.137602199300973
8761,5.922379598561144
8762,6.2430244501537056
8763,7.740436678802932
8764,3.3522156630916036
8765,9.044928689988783
8766,7.0999203180377135
8767,9.071555739235547
8768,3.7859159250787435
8769,7.368785638778256
8770,9.030379366074621
8771,7.688643807725791
8772,8.465324585098983
8773,5.434670934120767
8774,5.642955196897457
8775,5.028795446587156
8776,6.6881984527251195
8777,6.523672976502231
8778,6.700215844457385
8779,6.020975391492461
8780,6.771729512496391
8781,4.863714510990599
8782,6.260777751376557
8783,6.973850528420324
8784,7.844214408209704
8785,3.3397124797706175
8786,3.5276994051329273
8787,2.7947232282494667
8788,5.5147551468490885
8789,6.577155720529629
8790,8.398629838347073
8791,6.8051919037774
8792,8.306051171878384
8793,5.53172821190734
8794,5.132246914685888
8795,5.1468792363352565
8796,3.137856542652147
8797,4.185458427275522
8798,7.465242752090653
8799,5.44403385193487
8800,5.081816899527212
8801,2.840598424831368
8802,5.290513926655135
8803,6.697862135714823
8804,7.934902017652708
8805,7.285212223922753
8806,7.1966205738218205
8807,4.272491101643464
8808,7.258860973771331
8809,5.704492963161455
8810,4.824218632486624
8811,5.070565516360518
8812,6.116880517131969
8813,6.635747897007621
8814,7.08276358909235
8815,9.302376912829178
8816,6.5056698967299145
8817,6.533540227620948
8818,5.974055486004841
8819,4.8264972296293855
8820,3.1026461361552298
8821,9.457368674565052
8822,5.246157784123224
8823,7.8442063507218815
8824,5.920845053045868
8825,8.275758703511736
8826,9.239583142075537
8827,5.709567458191958
8828,6.281475361942424
8829,6.01622303499938
8830,5.036986849636483
8831,6.792320125178736
8832,9.002602936752782
8833,5.672003346612601
8834,3.1622793669433564
8835,7.799282697732056
8836,7.63604258572817
8837,8.287175954202537
8838,5.521972281565841
8839,6.714703293217312
8840,5.861373614452238
8841,5.575837948004062
8842,4.644963977780507
8843,5.788821880436538
8844,8.50272306670735
8845,3.9487022414836135
8846,6.46194736074434
8847,5.121035755923503
8848,6.25187977235809
8849,7.770095348538803
8850,7.160168401110168
8851,5.8553365527189545
8852,4.716840459696394
8853,4.287821704388082
8854,6.485370473707967
8855,9.071878097048252
8856,4.888826142820646
8857,4.493193030723317
8858,8.540924104636584
8859,5.966372315133914
8860,3.7870144607009095
8861,6.042517320228573
8862,4.394239625445807
8863,6.728099016267853
8864,6.523893565672656
8865,6.301182911942327
8866,6.639996208211135
8867,5.209026820516948
8868,6.72455313255004
8869,6.659858726012887
8870,6.768412596898925
8871,8.431495177044727
8872,6.689898617135715
8873,3.65660755225183
8874,3.040736752285843
8875,7.2307356963350085
8876,2.2252786904927824
8877,9.16798828238242
8878,2.667105807416036
8879,7.36474647877949
8880,8.977072918889734
8881,7.883526670827903
8882,4.7759064982277035
8883,7.198608771730077
8884,4.015764910568679
8885,5.0934298878440885
8886,4.96073009148535
8887,5.174413411771332
8888,5.128619833851035
8889,5.561401799003559
8890,7.818891158486302
8891,3.6097747160966045
8892,6.296141847044078
8893,6.07804271116826
8894,7.55206605736276
8895,2.3830749757176837
8896,8.091612222864983
8897,5.349989110101943
8898,7.681110094240333
8899,5.108684017396252
8900,3.854804790097796
8901,7.660517160364026
8902,4.604417779431199
8903,6.1571646141302665
8904,2.8386729542525657
8905,7.221173430312061
8906,6.5458966554787725
8907,6.1013117572988635
8908,6.580414099265897
8909,4.0183167934342015
8910,7.891137321442668
8911,5.718639663128286
8912,5.224629888277946
8913,5.3705229247788635
8914,5.516429819612798
8915,6.32398222044489
8916,3.1711568318676866
8917,4.984531794653616
8918,3.705877604985466
8919,6.634575249933195
8920,5.058314221670644
8921,6.572004497580058
8922,6.639062296030097
8923,6.351970168380991
8924,6.135852472663916
8925,6.104346124419893
8926,3.5516843087974665
8927,6.697770877314085
8928,5.8918888788994614
8929,5.603201754133929
8930,6.734797187562279
8931,7.006154520524187
8932,7.757098958230694
8933,8.060782974371753
8934,6.412856456299987
8935,8.624747875118453
8936,7.424799539238757
8937,7.788804579844945
8938,5.491984110381813
8939,3.320506052502542
8940,7.109283425203907
8941,5.7795441149374795
8942,2.2202604564431616
8943,6.8956108616374365
8944,8.476540489022184
8945,4.950569596358209
8946,5.817449206966562
8947,6.547180425763638
8948,7.925587578102541
8949,6.151553992787092
8950,6.266253805080552
8951,4.720350504333382
8952,3.4294525667565714
8953,6.013474293554661
8954,7.293233143667132
8955,4.24957095515298
8956,5.189865601728904
8957,4.898836015544989
8958,5.618710852101518
8959,7.0656593107559456
8960,9.00517001778589
8961,5.924845141932454
8962,3.7139208740383554
8963,6.717618826731569
8964,6.026965792874054
8965,5.152011561669084
8966,5.349367484273737
8967,9.267715442483942
8968,5.031904666766484
8969,7.915410020878147
8970,5.9443356105788165
8971,4.19682893032872
8972,8.278968572936623
8973,7.854216161612584
8974,6.484623829416205
8975,5.185783065058337
8976,8.445759380537114
8977,5.822399437599317
8978,9.200288940801297
8979,6.620415381389952
8980,4.443259441548985
8981,6.617000256859423
8982,7.531218471714878
8983,8.485564315644918
8984,5.864710717768298
8985,3.9515286812253065
8986,3.906360455364171
8987,5.237211870606489
8988,3.8658046948702056
8989,3.8792505566865465
8990,7.0513312094036635
8991,5.160425431827577
8992,4.168905157770983
8993,5.869553252392318
8994,4.115509394653877
8995,8.380868094620663
8996,5.473159682142418
8997,6.819257295585274
8998,7.022022325902277
8999,7.949169431699478
9000,7.034515820799841
9001,7.202929907960723
9002,8.151661277841203
9003,6.273248467356933
9004,7.662634050491955
9005,3.1605184595544307
9006,6.615434178805866
9007,8.710899893194156
9008,5.803357818354577
9009,6.301978028527798
9010,7.955096417063831
9011,5.072275065958753
9012,2.4121659541251206
9013,6.918477911309822
9014,7.7138145824989355
9015,3.5864513577648247
9016,4.68917886226061
9017,6.750914351219808
9018,6.033712368955198
9019,3.6021043792589786
9020,6.335280322833309
9021,4.509568002653428
9022,7.682284704943155
9023,6.167946164012986
9024,7.089476860563508
9025,6.263042318693873
9026,5.649567099437577
9027,6.767731051714533
9028,5.489932418166656
9029,4.521889612684073
9030,5.200942659438164
9031,6.100645038579934
9032,5.257666698346617
9033,4.882364760101215
9034,7.361789477688369
9035,6.4288386237076525
9036,1.8976232888841769
9037,5.796131890352861
9038,6.7393780072081215
9039,5.592878830130166
9040,6.897282308684157
9041,4.552173079675724
9042,4.049809361095205
9043,5.976575552477233
9044,4.486837435059245
9045,2.0388245390687567
9046,6.538152260861476
9047,9.575772994088226
9048,8.158650051407102
9049,10.0
9050,4.035062300508256
9051,4.640197407752601
9052,7.219195169948472
9053,3.6165675683761025
9054,4.075880252564477
9055,8.143654557889299
9056,7.999344632815918
9057,8.427054898773491
9058,9.49923064604417
9059,5.885276858156763
9060,7.524296913430424
9061,2.4995155364077553
9062,5.507104418211331
9063,5.028792733211482
9064,6.42743825379506
9065,6.628211756485122
9066,5.255468003772464
9067,3.6251970920757364
9068,6.470814162103008
9069,6.445511371031742
9070,6.788447761941788
9071,5.855569431140998
9072,8.72748902633521
9073,4.404039906977923
9074,2.8132265251872033
9075,6.110118515845721
9076,4.859897890204048
9077,4.959251327731797
9078,5.939734183617338
9079,5.263617305676061
9080,3.5323270826764586
9081,3.7666493056247754
9082,7.188159356975087
9083,10.0
9084,7.250978837632831
9085,8.293950827840817
9086,4.675174486257825
9087,8.063248675397706
9088,4.309021300405673
9089,7.071243557979381
9090,6.487114683632702
9091,1.8073843981374214
9092,4.368290714128615
9093,8.11517341215072
9094,4.077040481605361
9095,7.37197221874317
9096,9.355708638180566
9097,7.4048955466331305
9098,4.404908533669262
9099,4.911501595800195
9100,9.661724056786339
9101,7.446010534205193
9102,5.449941721867118
9103,6.181284961106238
9104,4.600034947671212
9105,7.548507298962443
9106,3.9854556828793593
9107,4.819463959438531
9108,3.7504446502874167
9109,6.662657819846272
9110,7.225135333892744
9111,5.584169471386181
9112,2.2066830967720366
9113,6.189112867793349
9114,4.7321299529658205
9115,6.276351827533895
9116,3.502653667610354
9117,6.385801994595068
9118,7.923839193566993
9119,6.450909174172897
9120,5.470212315361476
9121,9.420047815190035
9122,4.247613501850734
9123,7.99186338185743
9124,9.693964608234662
9125,6.224659717447134
9126,4.90768611550489
9127,3.7897387397759643
9128,5.802913361248334
9129,4.538413213943055
9130,6.128572228228107
9131,5.156270325291578
9132,7.064680954187134
9133,2.432460268741279
9134,4.82431028364862
9135,4.494502196962015
9136,6.6807720613723145
9137,7.6442809898181086
9138,4.917062823490845
9139,5.4165133755950166
9140,6.073522713917658
9141,5.609472866769576
9142,8.13746027216281
9143,5.779917280047498
9144,1.9727908832968868
9145,4.061377746939252
9146,6.112416249022095
9147,6.452492144294214
9148,6.834918157978805
9149,5.664038069646286
9150,5.723037092336454
9151,5.352140178362866
9152,6.7250970741077625
9153,5.0629664491878685
9154,5.88427553249082
9155,5.68364322942965
9156,9.104591571383411
9157,5.257674748486033
9158,5.305025368903705
9159,5.467171599052142
9160,4.646746456837476
9161,7.920978922689223
9162,6.386310552553129
9163,4.833345379942378
9164,6.693290425772739
9165,8.176037816887483
9166,6.498413246487298
9167,4.113741281099456
9168,6.493538179063918
9169,7.453566763360425
9170,5.566352206616137
9171,5.3253481229787045
9172,8.260998375903386
9173,6.113653962083025
9174,5.433086163746884
9175,5.384941848766489
9176,4.003967971492396
9177,5.062021812993865
9178,4.375790865383072
9179,4.527188743773557
9180,7.204918534801597
9181,3.8879694700037284
9182,6.5856164616248325
9183,9.977579995196853
9184,6.935152344615713
9185,5.713303754860815
9186,3.782346995689559
9187,8.299105778242074
9188,4.841142816709622
9189,4.397175947373926
9190,5.592407504579532
9191,9.63229211020501
9192,5.840632689167679
9193,5.127121148537492
9194,7.546430907509027
9195,8.327961104482359
9196,8.848704575191709
9197,5.5270404432180245
9198,4.0513730907454955
9199,7.665902055446848
9200,4.782046804658133
9201,6.955500256069039
9202,4.149586157952004
9203,3.6945700679446274
9204,2.0697225262222645
9205,7.943007948234954
9206,7.200737163357003
9207,4.459358955291384
9208,3.331057855634664
9209,4.5092658395233745
9210,8.878934555695883
9211,5.563019465789124
9212,5.593796556232378
9213,3.9397755482656236
9214,5.7880074417937735
9215,6.648651657185742
9216,4.13412427002525
9217,6.71645210380686
9218,5.60824685224298
9219,4.019393219395007
9220,6.393229139137723
9221,5.218536500402919
9222,2.3338099272623287
9223,4.664354748514239
9224,5.978987171744142
9225,3.211760801801713
9226,5.077175483234145
9227,5.870410928431069
9228,5.044489982345356
9229,9.543394889489097
9230,8.831519622434476
9231,0.8730540467664412
9232,8.825617436328681
9233,5.67714793071473
9234,3.7587573737202042
9235,3.0368652010314525
9236,4.429674429447273
9237,3.8548395261518293
9238,6.705743471137654
9239,4.001791631249607
9240,2.9314028014924607
9241,6.812731140049641
9242,2.9246596827634628
9243,5.933273812768071
9244,5.7515011207732
9245,9.182666323853013
9246,8.264725739928632
9247,4.411793267027704
9248,5.644129789172136
9249,3.736368255055782
9250,6.387349137757501
9251,5.8301907455317465
9252,5.037128007877548
9253,6.113063717305216
9254,6.211552001675534
9255,2.935128148964681
9256,2.889786318044409
9257,4.480157738277029
9258,7.255643132372026
9259,4.07492357069366
9260,6.818936709331314
9261,5.028563252026803
9262,5.685376537702652
9263,8.498682625886849
9264,2.7306797069625177
9265,5.370833763643591
9266,6.467561507929102
9267,7.7065628404512
9268,8.705960381297377
9269,7.287065554228351
9270,5.896243385869793
9271,5.8130885313869545
9272,7.182213493685099
9273,8.207598673376687
9274,9.3593336686376
9275,4.674419169878498
9276,9.610496319312679
9277,4.246803539674719
9278,6.293410023012404
9279,8.563991220639071
9280,6.170126820217841
9281,5.489956675641765
9282,3.4674990701549673
9283,3.9961734980314967
9284,7.024213408159565
9285,4.400596484557622
9286,6.01555707651085
9287,2.3105741467037517
9288,2.2501016300701044
9289,7.3924168862154955
9290,8.497666268077852
9291,1.9498449627455687
9292,7.482959266259274
9293,5.4781574052763355
9294,2.3451864598324015
9295,4.929486656562403
9296,5.523053753325271
9297,7.563242942355612
9298,4.924193461688039
9299,6.275118906889186
9300,7.547724045406087
9301,3.7940883014045577
9302,5.03708408516772
9303,1.9495320258971773
9304,2.9247874826242914
9305,5.6662423407536195
9306,3.1054841445526
9307,2.0481382702614077
9308,5.227797310429895
9309,6.176813072088813
9310,7.939416084651208
9311,9.057105803225122
9312,2.285765726416695
9313,7.099077680666264
9314,9.308692539376088
9315,6.924024245184507
9316,4.330102854807377
9317,2.374515775690397
9318,5.734635838043355
9319,6.559705854007406
9320,6.824128152667221
9321,8.262851049608503
9322,8.008003866590053
9323,1.6471427296408165
9324,2.4394117198537706
9325,6.307004925501685
9326,7.69531850923519
9327,6.789664453564335
9328,3.829777013549125
9329,3.685703275386616
9330,1.7186579135009068
9331,4.7652975679487
9332,2.941120429471033
9333,4.39657421716064
9334,7.367587027662921
9335,6.866175003606017
9336,4.575172315990413
9337,8.958497038104133
9338,7.254502398523618
9339,8.958613413522546
9340,7.324156416007904
9341,5.7137594578434685
9342,6.242938173498175
9343,6.518413744411895
9344,7.246686653483048
9345,5.526832565519695
9346,4.888618023259963
9347,9.396612665082804
9348,4.736613790678368
9349,6.465114026480743
9350,4.944333491881445
9351,5.041408714193659
9352,7.00788378505319
9353,4.813415238348454
9354,4.896575947958455
9355,8.574821705908969
9356,5.555952708868057
9357,5.378263091186389
9358,4.6957311482165895
9359,7.89077546695857
9360,6.014365363377091
9361,4.910484129932334
9362,6.056602701292272
9363,4.7685393284377575
9364,6.816903109958327
9365,3.40953705016168
9366,7.157162147564065
9367,8.63717198888076
9368,7.715986351595674
9369,7.727101873096478
9370,9.349515763128556
9371,6.314728548217045
9372,6.1972370812366995
9373,4.6314859852340025
9374,4.095953137469158
9375,4.506934672583689
9376,6.8353923341028935
9377,7.331245327812974
9378,3.437951942527653
9379,6.549649810997577
9380,3.9435135879883787
9381,6.477907076008217
9382,3.175262290234995
9383,5.018413245481614
9384,8.375053621700506
9385,5.648435685589687
9386,4.424346994851928
9387,4.902776531840194
9388,4.619147573682655
9389,7.844071219497559
9390,6.249319701517062
9391,7.226840272128603
9392,6.195270216871302
9393,6.790629780483134
9394,5.221884053434014
9395,7.050082043035576
9396,5.2049278548597995
9397,5.434499925675474
9398,5.196103677317154
9399,2.57166689520638
9400,3.839062094950573
9401,5.322516171493622
9402,0.725509188215408
9403,8.361148517924091
9404,6.320495747537007
9405,5.530228995046641
9406,4.986796876422864
9407,7.0845436018237224
9408,5.294771282307005
9409,6.580491056693498
9410,4.796183419409333
9411,3.5089184726819256
9412,5.806475688823664
9413,7.019232237017482
9414,6.26626411891224
9415,2.8006678060151486
9416,9.560939769582495
9417,5.565204191805728
9418,7.612129592891842
9419,5.147682775147559
9420,2.9792418347875724
9421,4.035640427562251
9422,5.70822262410806
9423,4.106886530964411
9424,8.295742504349032
9425,5.479551035802583
9426,7.17681813069905
9427,8.750349614948348
9428,1.9776587498486453
9429,9.041006022739555
9430,5.053400276774959
9431,7.003510068614051
9432,2.660151997815902
9433,7.499927717104505
9434,4.592038206426052
9435,8.312608153789657
9436,5.670522633683982
9437,7.299714238748339
9438,7.090281966788728
9439,5.837497338166939
9440,0.46050586234222435
9441,1.1374256365611604
9442,4.058494765372314
9443,3.9248609396312575
9444,4.9849662912332775
9445,8.325900429213187
9446,8.119852753411859
9447,7.9050077929636675
9448,7.701182108720926
9449,5.4818235426138795
9450,4.92067211460085
9451,7.504915241639719
9452,8.615911645456176
9453,3.2550018380293992
9454,8.71482911028684
9455,7.405732383608883
9456,7.547685072238667
9457,5.73150901391687
9458,8.103821037757786
9459,4.690711820566551
9460,7.053285459096317
9461,6.184293157475666
9462,8.044330908810815
9463,5.197757908887004
9464,3.1240906685444028
9465,4.21550417373347
9466,8.15550844386806
9467,3.9208027751206287
9468,6.299118685816621
9469,2.735063659468389
9470,6.074034374521814
9471,6.942339127012571
9472,6.161991105828139
9473,4.811322236176127
9474,0.751885735387533
9475,6.486525136163673
9476,3.65924219326583
9477,5.778174899711918
9478,6.968560006118485
9479,7.338016081323107
9480,6.501279998222505
9481,6.076671275312075
9482,4.607615053679595
9483,6.809074484244948
9484,2.9950524260928626
9485,8.850003157408995
9486,6.013738489732554
9487,7.630752264136278
9488,7.686201896557423
9489,5.642654339622448
9490,1.8950965903132726
9491,6.31061849206493
9492,6.616646073970277
9493,6.608486124774926
9494,6.91311226212856
9495,3.3330105838280746
9496,2.857353118080579
9497,7.016249614608318
9498,6.211943701688017
9499,5.936733984379752
9500,6.166685209822365
9501,3.305478616346189
9502,9.258071401570657
9503,2.6585536350227805
9504,8.946641117418997
9505,4.506500621723219
9506,6.847038425920172
9507,9.206183931394122
9508,7.331791467089735
9509,3.2544203911895466
9510,8.404264971269944
9511,4.579557986756135
9512,4.703200958145283
9513,3.989551517994066
9514,5.339751601858699
9515,9.067591200606913
9516,6.27564286395443
9517,6.5220482173019265
9518,4.925951451382874
9519,5.528994942885339
9520,8.547937578445355
9521,5.8727007244430585
9522,2.5752549173460517
9523,5.375562754976053
9524,5.989520568348114
9525,7.181288816861863
9526,9.070362293448582
9527,7.740122729756462
9528,5.536353294310074
9529,3.3796378169159214
9530,4.758104832342879
9531,4.540712952680161
9532,6.723553023766323
9533,5.340530841981522
9534,5.273133865097688
9535,5.233942880620454
9536,5.164058234447694
9537,6.432252909959753
9538,6.2708698391787525
9539,5.803215551253666
9540,4.038507184229102
9541,2.8727634529634516
9542,5.3243216715825294
9543,4.810971073893222
9544,4.258887115851449
9545,5.889467375502052
9546,3.092929128882864
9547,7.443665357277688
9548,4.622414530499788
9549,9.025005020513865
9550,2.2587748225159237
9551,6.526761093980136
9552,5.363264877996083
9553,2.311988603581016
9554,6.126952351798972
9555,5.30065489071543
9556,5.66499942775001
9557,6.736314805252766
9558,5.352073666426072
9559,4.697813875652718
9560,4.139831791616098
9561,7.09269543275023
9562,8.899768540997046
9563,2.241580413209379
9564,5.7457489914155815
9565,7.798300994239169
9566,6.026872810605836
9567,3.5122327842400494
9568,5.660470533651358
9569,4.54326882569425
9570,3.4531969735970636
9571,4.4968000137745765
9572,4.448114129275218
9573,7.101179755500264
9574,7.804627305784173
9575,7.004506784586529
9576,7.827692646093499
9577,5.431478890260669
9578,5.935446690185529
9579,6.144922201477405
9580,6.551816429707446
9581,7.938561616872174
9582,4.647885656512804
9583,8.673504105285954
9584,2.9229207991748587
9585,6.7389019895722715
9586,5.476165040661765
9587,7.615863849187299
9588,3.9887120589355627
9589,6.152707449026046
9590,5.9092309069364095
9591,5.641427303534029
9592,7.407002349187408
9593,5.562588016314142
9594,5.769776307498624
9595,6.367889472009233
9596,9.038381986087398
9597,6.585715105975997
9598,5.597868027527398
9599,6.450877472626091
9600,6.24103581108267
9601,4.560841520399402
9602,5.8821500026823
9603,6.158568303307881
9604,9.011139940307794
9605,5.297558528626283
9606,6.680958497489565
9607,4.810175394943293
9608,6.28089993468644
9609,2.7694055964055044
9610,5.848106940653992
9611,8.486895750399066
9612,4.056184296805066
9613,7.178014857851363
9614,3.773048695701585
9615,7.71030142947518
9616,6.809531838507749
9617,5.975569727082364
9618,7.12779893096571
9619,6.066622922437342
9620,4.584208926409163
9621,5.185970658233418
9622,5.314930202085301
9623,7.655630321197705
9624,6.247111578751446
9625,6.213111673582958
9626,7.19798845818716
9627,4.980989902823695
9628,7.477127044327649
9629,4.340763314957056
9630,7.513582699709256
9631,3.0913977155613717
9632,2.168874282173133
9633,4.124234027305247
9634,7.149290401635293
9635,4.313963523041113
9636,3.6400545881379913
9637,4.14710199151425
9638,7.91882944855602
9639,5.721837771739736
9640,7.250611257377024
9641,3.758700268881325
9642,3.7773173037148853
9643,4.593116098694777
9644,6.258260601791203
9645,5.814437005515826
9646,7.9462322414786515
9647,8.02688129224841
9648,2.5393435249706497
9649,8.482907513739079
9650,5.883310605460976
9651,7.802382661622211
9652,9.310550689986329
9653,6.076985410373429
9654,8.164328747879196
9655,4.290951808483824
9656,10.0
9657,7.898070413110508
9658,3.411784310048418
9659,6.808288994189766
9660,5.053593646204052
9661,7.772418103356353
9662,1.5809990572989536
9663,2.1775775978569802
9664,3.4371521133370075
9665,7.703655121034399
9666,7.902090021364431
9667,7.995212011720521
9668,3.070332715507812
9669,6.651247363800627
9670,4.142655892890714
9671,2.8207916661456864
9672,5.662363807419105
9673,7.789363114165551
9674,4.5682295117680765
9675,6.2123325025686995
9676,6.3985146674107165
9677,8.627370855566829
9678,5.0492992677757025
9679,5.354550407438519
9680,4.782901827086702
9681,7.618222108919734
9682,4.320928174814154
9683,6.031130855149037
9684,5.783918041535192
9685,6.112188950257501
9686,5.791647346274511
9687,8.204621155539616
9688,6.01581877535988
9689,9.289518616758784
9690,6.085029351772187
9691,7.330513810753483
9692,7.140117943927079
9693,5.434769336133122
9694,3.646484750248317
9695,5.967093488684772
9696,8.645698230132727
9697,7.814772079409889
9698,6.558710971426457
9699,4.125419631994334
9700,5.816208063615044
9701,6.162329676243511
9702,5.135593091112312
9703,4.953380010589621
9704,9.99711562111317
9705,8.60765379595486
9706,7.152491478914712
9707,6.171266631285341
9708,7.060556897726185
9709,5.492069725147597
9710,2.609129495091622
9711,5.633445877121322
9712,8.994017992082064
9713,8.178942286370262
9714,7.0137406435080605
9715,7.047865511774516
9716,4.418395760315709
9717,0.9484307688446989
9718,6.946828505376127
9719,4.642846697863521
9720,8.619762164829226
9721,3.090810287878038
9722,5.914559149455551
9723,4.35094461805319
9724,6.761468702307326
9725,8.466812632778467
9726,7.037574317391727
9727,6.591689407078822
9728,6.943658204079256
9729,5.269637549486244
9730,4.768698316948485
9731,3.398975626433965
9732,6.741359648745208
9733,8.662629735580182
9734,6.8216858021457725
9735,7.775222478004382
9736,3.2674343757429605
9737,8.200746829984352
9738,3.3594391178957013
9739,7.779746569461146
9740,5.7423246222297575
9741,6.8636765944708085
9742,3.3470726368989383
9743,6.934989374507893
9744,5.171033340939122
9745,5.903057746144226
9746,6.81959164497909
9747,4.7452682222450475
9748,6.292225709313514
9749,5.465947469204666
9750,2.0438434808661965
9751,5.655485735763451
9752,4.056685516101396
9753,8.972262878706829
9754,8.811727613697098
9755,6.699105884867412
9756,6.523438240101706
9757,6.798168710371195
9758,7.274492734360602
9759,5.6978158743880085
9760,6.854688913685187
9761,6.661277700942003
9762,6.980720254881644
9763,3.47665028904375
9764,9.204501598667136
9765,5.996306745796547
9766,5.601168923492265
9767,5.91241621138779
9768,2.628468861197163
9769,3.944909490554734
9770,3.4945271530055493
9771,5.72286551521506
9772,5.281717221334742
9773,5.697830440736363
9774,9.3279626830428
9775,3.5219035213501138
9776,4.876091323025038
9777,6.518231357168238
9778,7.931180177700514
9779,8.22165313339393
9780,5.433632013804772
9781,8.85829942400495
9782,6.768389268642156
9783,7.401848544743951
9784,5.884388337001027
9785,6.002544781521951
9786,8.52621923250226
9787,3.211965818071633
9788,4.196314454627014
9789,8.174708879132481
9790,4.821049039623764
9791,2.5071134690409305
9792,3.676703633940857
9793,9.726249163681258
9794,6.610206302438266
9795,7.173301411695947
9796,4.26286549744123
9797,5.875786877028718
9798,6.89333439240288
9799,4.589075994338628
9800,6.159270647118636
9801,6.9814792056216675
9802,8.609911066143155
9803,3.9175099697755313
9804,3.3795900287078013
9805,4.669444931837495
9806,5.799821539422455
9807,5.450464846285518
9808,6.4213282420219056
9809,7.434248872303124
9810,2.222034732364128
9811,7.9828021125290345
9812,3.462119650946177
9813,4.366377252915603
9814,5.910132815499411
9815,5.283502406846031
9816,2.374326747910034
9817,4.879828898279832
9818,8.121849255352952
9819,3.217520889696124
9820,6.9767596838936425
9821,5.149616051681926
9822,5.1614783148764385
9823,6.567345492622178
9824,6.341901344046575
9825,8.389637909468316
9826,7.765296220755182
9827,5.341470623947301
9828,6.790868225253945
9829,7.120348200368731
9830,4.234026672708309
9831,7.021586105545756
9832,6.8104732799664776
9833,4.794056725906262
9834,7.909131718799887
9835,5.52849277562594
9836,5.669030165015101
9837,4.794798272197623
9838,4.5173225714801735
9839,5.066961829893048
9840,7.561656130118415
9841,8.784870003562254
9842,4.9722525396457495
9843,6.4664951470851
9844,9.929789138963779
9845,5.167731867450319
9846,8.248190476734385
9847,4.3056194240343
9848,8.666194784993419
9849,3.3410569247007587
9850,6.5341766249834
9851,5.720346221049651
9852,7.818491633359484
9853,6.556618892698429
9854,6.368047318143286
9855,5.958420407975063
9856,5.761626016328209
9857,3.5762675298294413
9858,7.125009182962979
9859,8.184212908387329
9860,6.3363794431213485
9861,5.7197885229782575
9862,7.1595640653087855
9863,5.7425887579782495
9864,4.664177749381956
9865,4.974388902332622
9866,5.940034998531155
9867,8.450685909545154
9868,8.793032800123632
9869,2.382629688607959
9870,6.4669465463848965
9871,2.9134972420700547
9872,9.343512686367665
9873,5.956557330332654
9874,6.828717946386533
9875,5.496703681235095
9876,5.266691163691583
9877,7.781804723069686
9878,5.026307927568196
9879,4.190050397545191
9880,5.783937630496525
9881,4.829641541461446
9882,4.761887243788041
9883,7.045824577953593
9884,5.347757121063884
9885,6.701085820313229
9886,3.9084004606848097
9887,3.771975361397262
9888,3.610378184786743
9889,7.54092513112286
9890,3.568135054454955
9891,7.838546113328951
9892,7.552832531701165
9893,7.576285910251036
9894,5.405012400722873
9895,7.069298933769213
9896,4.6044132208461885
9897,6.836953391215968
9898,8.330737528312998
9899,6.479440941384811
9900,6.699631004418751
9901,6.689001436563068
9902,2.8430728892489783
9903,7.015475327087451
9904,7.211304083207311
9905,2.2638744512170943
9906,8.02219698920959
9907,5.267271051884229
9908,4.674302510325686
9909,3.7626923431516865
9910,8.54922599237255
9911,8.214227948469157
9912,7.79133184519299
9913,4.130737483180895
9914,9.356287961429263
9915,3.9743851641409407
9916,5.266710400365936
9917,7.017071016182159
9918,5.03433765410744
9919,4.992603594781238
9920,5.91658180130027
9921,8.222996205042243
9922,5.214550404852826
9923,7.3682810140134
9924,6.549929946544251
9925,6.6333479492022445
9926,3.2234675785983384
9927,3.6836414653816982
9928,6.448577247536531
9929,2.6770924406744205
9930,6.384794651914482
9931,7.076594368723595
9932,2.993176639472116
9933,7.82040650138679
9934,7.265627326978295
9935,6.624825110795307
9936,6.251769234704787
9937,3.5017598619734556
9938,5.713772949244912
9939,7.294970745377323
9940,5.175812686738501
9941,9.167228173837252
9942,5.061618784701165
9943,2.698846191603483
9944,7.158735711324117
9945,4.988721758740076
9946,2.2110967759528015
9947,6.4609881559155316
9948,5.547591366519941
9949,6.424909610932329
9950,6.683445114396176
9951,7.894548191418494
9952,7.072618557162178
9953,4.785397174261831
9954,4.511411648420653
9955,6.218111191377538
9956,4.154818143000078
9957,5.715484728932646
9958,5.018669410633578
9959,4.150841244090643
9960,5.59094780881936
9961,5.737686795278217
9962,5.62578000808786
9963,5.8508194051445885
9964,4.398754876025457
9965,7.670814132817499
9966,4.44770366498051
9967,4.324749272883205
9968,7.63011575598644
9969,7.083321740418953
9970,4.7523686375202505
9971,0.6380851420799243
9972,9.996940406132495
9973,4.291248488692796
9974,6.099740743804568
9975,5.2675064076981
9976,3.846794286772132
9977,6.309402607832072
9978,1.9742640118832295
9979,7.169726817720712
9980,3.8908710158937225
9981,5.776134337695486
9982,8.304392352797183
9983,4.783577518582126
9984,7.889309868371453
9985,6.831114628098655
9986,8.569638036953542
9987,6.82552098100459
9988,8.160660501004822
9989,3.040646841435649
9990,6.398201469443209
9991,6.026978939462073
9992,2.944828789934753
9993,2.7577188060211295
9994,4.369249503516484
9995,6.1157369647685424
9996,6.687818076048205
9997,7.648887528287642
9998,5.664079099731014
9999,2.8161316711216813
10000,6.7491667058868945
10001,5.178078950720183
10002,3.7395197703593737
10003,6.6709382422960415
10004,5.494708812627097
10005,1.8219511136320996
10006,8.12320714251179
10007,8.868789337459285
10008,8.259393932806194
10009,4.701672595747991
10010,2.8890131187018424
10011,5.9723221151175006
10012,4.496868616963912
10013,5.910199068426546
10014,8.147178262919116
10015,7.392502085507732
10016,6.641012496157917
10017,8.106298414583543
10018,4.35415883949857
10019,5.202032435902683
10020,9.306970889672035
10021,4.560742236322572
10022,5.1975364343257215
10023,5.348335493944465
10024,3.396879184906885
10025,4.161769051333005
10026,5.955791796710935
10027,6.217761442148347
10028,7.031598433006354
10029,4.605146670999355
10030,5.651872912879503
10031,7.296530410464873
10032,7.908486271617159
10033,6.13907039133888
10034,5.992984525108961
10035,2.936859828924791
10036,3.7571913385743665
10037,6.533611355052197
10038,5.4762573400692895
10039,3.833818291010477
10040,6.898573972953903
10041,1.2179812541116881
10042,6.874053752730559
10043,2.0677669415810054
10044,5.0128901174761396
10045,7.229659211435605
10046,5.906378118761706
10047,3.8493276139638057
10048,5.003510813102286
10049,8.158686605823908
10050,5.774123644143339
10051,5.059457920357245
10052,5.686827672004933
10053,5.122573308995678
10054,3.597645671363498
10055,4.955739893231469
10056,9.417715582370246
10057,6.296474463869479
10058,5.318926391144548
10059,5.976655711647632
10060,8.480502011895064
10061,7.401865883873748
10062,3.4490713798451935
10063,4.934304771515192
10064,6.013071948661893
10065,3.009560783825276
10066,8.594330853274768
10067,5.4765778089036585
10068,9.381998882957536
10069,5.733770974726977
10070,4.614831636603418
10071,6.694589250785181
10072,3.7934292275489816
10073,4.3078734926700015
10074,8.631056032510616
10075,8.085472835887344
10076,4.305451104189169
10077,9.0955019458056
10078,4.2683706854157935
10079,5.028209942897918
10080,7.78595575007337
10081,4.124887818130278
10082,3.8761696312847675
10083,7.408005533393189
10084,5.6275240916502485
10085,3.5767127636262246
10086,8.206163680717959
10087,2.5564196220552735
10088,5.125300370334351
10089,3.6716528514980356
10090,6.945422374844068
10091,1.4831169395019197
10092,5.700371390326614
10093,7.747150568150457
10094,6.676754585685551
10095,7.850205043111012
10096,2.4647530335039507
10097,6.878220100969007
10098,5.097258353152941
10099,7.443079884885039
10100,5.107270883828091
10101,7.240292883269719
10102,3.5111797698225495
10103,5.381636958707224
10104,7.591482210154139
10105,6.816577741403515
10106,7.310228622299023
10107,6.736434402631376
10108,7.758356981759223
10109,3.376083804913004
10110,2.71423055839983
10111,8.183634965074523
10112,7.254615710073892
10113,8.546740244763194
10114,7.311639972237974
10115,6.409097523737431
10116,6.4608622903523285
10117,6.860674328448179
10118,5.441524519108477
10119,6.784893294274181
10120,5.700115461987094
10121,6.911237207967292
10122,5.514030129245029
10123,7.395223684897417
10124,8.025762583031128
10125,5.779484207344744
10126,4.77437655889575
10127,9.001439897090197
10128,6.956991850282954
10129,7.808123236520527
10130,5.002604849675093
10131,8.121611328075241
10132,5.700556418212857
10133,4.079089806855196
10134,3.4548975886012547
10135,5.794547332997011
10136,3.4727181963999216
10137,4.351065608196548
10138,4.269133311487828
10139,6.606646927855846
10140,7.617100183185326
10141,7.849500879443845
10142,3.775498101491003
10143,6.586842332522553
10144,8.985618329496685
10145,9.960574984117901
10146,2.31437898797588
10147,4.189982579506872
10148,7.754049977898427
10149,9.20797445068616
10150,7.259628518973488
10151,2.3673895575997195
10152,7.659207122437307
10153,2.5606021905399943
10154,6.601187349096763
10155,5.975172408705632
10156,4.943986426720263
10157,7.7412170178057735
10158,5.335035075401885
10159,6.778839932881118
10160,5.878331734788249
10161,2.477436165862054
10162,7.472982973854057
10163,7.287554012789302
10164,8.125624261514503
10165,6.941711276562101
10166,3.561757244119309
10167,8.325987748497791
10168,5.0062334668711514
10169,8.940873354342921
10170,6.472941793656983
10171,6.137474133210133
10172,6.68080002765125
10173,2.122280761453829
10174,6.472989933667425
10175,7.526150043244279
10176,5.2825694648124015
10177,4.690387624456422
10178,2.8759636448548456
10179,7.109356454894163
10180,6.842125762382883
10181,3.84473557943022
10182,6.352864629896189
10183,3.150813003101114
10184,6.325224482780429
10185,6.409091347011322
10186,4.782096635111992
10187,4.536853869440733
10188,2.1858889155881
10189,8.676978355442307
10190,5.434837385633076
10191,9.660406251673592
10192,5.398568600648098
10193,7.251945206594762
10194,6.634865681122028
10195,5.5177132968839
10196,7.260762148479702
10197,5.172730533609065
10198,5.965463658926033
10199,5.028404609719695
10200,7.388646573256691
10201,3.976783891463834
10202,1.6634423039933175
10203,8.1981359872107
10204,7.7808719579959815
10205,7.556925392331998
10206,5.711172963797449
10207,8.363790268008016
10208,5.316757701528131
10209,3.4020837096736853
10210,7.278008283962644
10211,6.7688005697177775
10212,5.246017055905291
10213,5.789926473078259
10214,4.7768430891171665
10215,5.223194737819713
10216,7.075677769459022
10217,8.416470425373404
10218,6.371357490676078
10219,6.369585191678373
10220,7.086648124503137
10221,4.723431688344323
10222,7.609185254569797
10223,2.6691727688502347
10224,4.534724128782111
10225,7.8182697297608374
10226,5.618263667385653
10227,1.945032375546194
10228,2.9971423961334054
10229,4.146391769888081
10230,6.883512420829939
10231,6.2446412877821
10232,5.088936481516548
10233,4.035922354994267
10234,8.116570619388833
10235,6.138220773578854
10236,5.585026507565478
10237,6.027563721679802
10238,4.213228208205416
10239,3.7617958615041944
10240,6.174306566651922
10241,5.623667054553183
10242,3.222364343576474
10243,5.3527038551337025
10244,3.5030820057572627
10245,4.489974192210274
10246,3.1153804763501767
10247,7.4972047212756205
10248,3.7162351732001104
10249,7.846936128684598
10250,7.996951108564252
10251,8.671020631060895
10252,5.941528680874052
10253,3.9493238728471125
10254,5.004487071445093
10255,4.4884474311082885
10256,6.828349600323972
10257,4.600732632119029
10258,4.0090064965479755
10259,6.2596636269933015
10260,6.234791021737457
10261,6.38781012389475
10262,5.36196109189017
10263,7.77961153600315
10264,6.054914185272351
10265,3.0180244275157313
10266,6.344421087335003
10267,4.588096045411568
10268,7.145123716325183
10269,7.985866749780331
10270,7.319988163148788
10271,4.2133578097168165
10272,5.225715207527812
10273,8.552316153898532
10274,5.690602854083002
10275,5.849783387793566
10276,5.1435640800543965
10277,5.7987057325339775
10278,7.243442534712531
10279,5.0579163809674785
10280,8.562868908196736
10281,6.836250779140258
10282,5.953884636362686
10283,4.449242852088245
10284,8.694965995082448
10285,5.555989405149914
10286,9.195824608776482
10287,6.529141284652162
10288,7.269060612116644
10289,5.6350259633795305
10290,4.650466620679415
10291,7.726586830219162
10292,8.226928170213517
10293,3.626587268999246
10294,5.985809894974016
10295,5.705081004279281
10296,9.065839471448392
10297,3.1124479912751792
10298,8.645785317249814
10299,6.429510914079593
10300,7.125527854778044
10301,9.463088636464496
10302,6.87298143283703
10303,7.231906736750926
10304,7.790149382742132
10305,4.23135528964538
10306,4.197067052845549
10307,7.157496465048709
10308,5.174151627968581
10309,6.172626493342153
10310,6.599410052114608
10311,2.9903071043860696
10312,4.62156572871489
10313,5.230111434170681
10314,5.707390184260231
10315,5.198887568277608
10316,9.431297624451078
10317,3.1915417404231037
10318,3.089595693257148
10319,3.7650590698130033
10320,5.772787376775896
10321,4.118161917775124
10322,6.849322278176179
10323,7.856210559709486
10324,2.31501108583925
10325,6.070375581431116
10326,4.13318897499973
10327,7.318252433878928
10328,4.534602164812298
10329,0.9486511695377129
10330,8.800608679072242
10331,2.8787926278597014
10332,8.961720335029671
10333,4.034343971369827
10334,5.638411841042576
10335,8.27358158449824
10336,7.565124233440139
10337,9.314981849582534
10338,3.807631586399926
10339,4.08926896316726
10340,8.104202264052754
10341,9.781073572704951
10342,5.876490967689128
10343,5.257106132843148
10344,8.497442599549768
10345,5.676483999200143
10346,6.355940680306671
10347,1.909020646152949
10348,6.985876610804034
10349,6.293859241160804
10350,4.185158438565189
10351,3.351477276543688
10352,8.36006340582922
10353,3.905501123926958
10354,5.881931068268004
10355,6.17604005506662
10356,4.830309959757254
10357,7.321007802490575
10358,4.016469763975925
10359,4.642061735298217
10360,6.344708812782722
10361,8.531641339575497
10362,3.598892060422488
10363,6.266346029450782
10364,3.565935008208739
10365,4.433376175482906
10366,3.594386877432428
10367,2.7590465472448082
10368,6.944996808732398
10369,5.475051509246792
10370,9.123425734954086
10371,7.076024418045352
10372,7.489967590462564
10373,3.7261160510457976
10374,4.468245156410555
10375,3.639104390722545
10376,4.060724839284899
10377,5.144731869788364
10378,3.8212377403856728
10379,5.361478187236379
10380,7.631227651143076
10381,4.370587894621767
10382,7.727747929811725
10383,8.331717720439496
10384,4.093130428048293
10385,2.236099868938203
10386,5.4101850683272845
10387,4.026296080032743
10388,6.437023649887062
10389,8.334087745744975
10390,8.436725446020706
10391,9.471858602282278
10392,6.136964218701131
10393,5.059365904855095
10394,5.106237921126317
10395,3.8533341781948978
10396,2.1346208890539793
10397,4.1167170498376455
10398,6.619542901369501
10399,2.7122648595631014
10400,1.9015704253604333
10401,5.440709698955341
10402,8.101754801524638
10403,3.2471420107271696
10404,5.905803426084607
10405,7.401426936024018
10406,2.12647519029544
10407,8.990332401008498
10408,3.4013181982686547
10409,2.122059767284136
10410,3.2244452191077073
10411,9.930304952828529
10412,4.184817078653063
10413,7.891552082976185
10414,9.155288987595002
10415,6.062396181721281
10416,3.334898075807351
10417,4.0525479833521
10418,8.360736186154545
10419,2.5099745562168367
10420,6.494276633136453
10421,7.098392360758972
10422,8.874054388691238
10423,6.56045198915857
10424,6.249427516074833
10425,7.106022262800042
10426,6.524572020526916
10427,8.6789315240427
10428,6.329876069028272
10429,8.055489284195414
10430,6.806967106259035
10431,8.446428106319717
10432,7.764054696328037
10433,6.553649731746475
10434,6.304373921234783
10435,6.7749498679231
10436,4.808277758211334
10437,7.6931589583393265
10438,5.2776053918986
10439,6.785899851679794
10440,4.490995037705761
10441,7.938854731491098
10442,7.23189219799653
10443,5.4735637015778345
10444,6.466884480294935
10445,3.4157613210723503
10446,5.926127495172307
10447,4.522187192751621
10448,4.867185292953629
10449,3.1990067512817646
10450,7.103290671208477
10451,3.818511502034233
10452,8.203989057827107
10453,7.564281421124368
10454,7.841580920216465
10455,5.273420923049402
10456,6.178966659915164
10457,6.3261520511969165
10458,7.251173780142224
10459,6.90214982665371
10460,6.132337562238839
10461,6.060024658991016
10462,4.200182046863901
10463,1.1657384781607893
10464,5.773540302515797
10465,2.035647708589214
10466,9.251125159180832
10467,5.191379661752718
10468,8.92208557987686
10469,7.514318736104501
10470,4.125978561028245
10471,5.268501998178103
10472,7.208416288981736
10473,4.2527418585743195
10474,8.247465847288922
10475,7.893368519945042
10476,8.039972615910477
10477,5.064455219411215
10478,9.460918026210832
10479,5.130205580695093
10480,6.694634929550705
10481,6.110860663483523
10482,3.9651986848181737
10483,4.837114127758653
10484,4.772882740852547
10485,4.028933429757376
10486,7.0993112361259305
10487,2.436731942529336
10488,6.125510314140283
10489,2.4823500532726452
10490,4.132994129180903
10491,7.665230278803617
10492,5.914323402321688
10493,8.099657972395914
10494,3.069626065443681
10495,9.503136030693875
10496,8.778439765004737
10497,7.023499625251486
10498,4.475414260720115
10499,5.911579177574476
10500,6.020042124547007
10501,8.00249646731371
10502,4.067413497324987
10503,3.2702221821211395
10504,8.209614959422861
10505,7.4037037066562075
10506,5.6225749595749415
10507,9.285425380415433
10508,3.9244185707432613
10509,3.1724296515342454
10510,1.8882663084256257
10511,5.164892131310417
10512,4.471683261019037
10513,1.6671481786366151
10514,5.917391926007556
10515,7.305338133579651
10516,6.590195089105751
10517,6.345392521005539
10518,5.037840204117204
10519,3.820069369743041
10520,2.244588791612292
10521,7.994315319721838
10522,10.0
10523,8.000784976829244
10524,8.647221635139442
10525,4.534551352092085
10526,6.810431097837918
10527,6.6192478598868165
10528,9.960686170856452
10529,8.574707801389826
10530,3.6306930984072068
10531,4.739136753100526
10532,7.164298090540778
10533,7.28003603511757
10534,8.907977161550045
10535,4.610754431838285
10536,6.9846395072962935
10537,5.929214233231856
10538,7.291407065078291
10539,8.022451709230461
10540,8.172979802757862
10541,5.588528204032511
10542,3.3361469518551017
10543,3.61909575582791
10544,4.585974599392819
10545,6.7514059334983445
10546,6.242070708054952
10547,8.154896332696396
10548,7.712403157067731
10549,6.839073418398661
10550,3.901218175488001
10551,4.71536947993293
10552,6.978693877891312
10553,4.642077091138813
10554,6.1665925990700226
10555,2.71954450947461
10556,7.8294912308950035
10557,5.57982765580496
10558,5.886178296201092
10559,6.129333161244065
10560,7.449523125805207
10561,1.4642796157130162
10562,7.633392108798586
10563,4.724943743889055
10564,3.8053754794731587
10565,6.001433174590046
10566,9.641310373865386
10567,5.51168015899203
10568,9.764042791970251
10569,1.6784513844006939
10570,5.577647115781529
10571,8.435628181321402
10572,5.477239471351865
10573,4.023093607596337
10574,5.315865251167725
10575,6.076939333446766
10576,3.4608016589931467
10577,6.76487134110568
10578,5.713657399653729
10579,4.455345267545795
10580,7.488638684130568
10581,6.099337576933442
10582,9.196470531981292
10583,7.42122884371531
10584,3.9641946458961392
10585,2.4129543868934773
10586,4.793800298851198
10587,5.88334277575686
10588,5.440676309670375
10589,3.687536147746195
10590,7.13724545752404
10591,6.5409073574737135
10592,3.3375093619668412
10593,8.763568853809398
10594,6.9566166345025575
10595,2.524441577919448
10596,5.884828520080693
10597,7.916892322705638
10598,5.277724671255041
10599,6.015891672966592
10600,3.1774856646449274
10601,4.618466635804665
10602,7.993395250790118
10603,7.537837606755049
10604,4.56098530766784
10605,8.439826504551883
10606,3.841317489117827
10607,7.949106748202423
10608,4.503122142268547
10609,4.726901240204006
10610,5.7704946346356
10611,7.338422471840626
10612,3.4332372542641663
10613,6.86595286420111
10614,5.707836402881161
10615,6.8100469634545515
10616,3.329248623597889
10617,5.66247874272159
10618,5.391687575134344
10619,7.3066865597719985
10620,4.463201639421499
10621,7.716135714123172
10622,4.0763847004153115
10623,6.760843473574363
10624,7.037439730558125
10625,5.815258872250022
10626,7.877373970530864
10627,7.731259503952923
10628,5.1808663844661265
10629,6.450139527518334
10630,6.166899998457344
10631,5.650236541249016
10632,8.683562012488059
10633,6.098333007715103
10634,5.577578603419847
10635,6.840008854850399
10636,7.761554343519245
10637,5.621951505210136
10638,4.948762502674966
10639,3.8587656232494467
10640,6.270514287721424
10641,1.9960028501169185
10642,8.782930573142531
10643,7.66788812291861
10644,8.961720885168521
10645,5.5717471857457195
10646,3.5348656605731668
10647,3.7053450068045017
10648,4.378744725385384
10649,2.9377441817719445
10650,7.546828303749685
10651,7.412466905394714
10652,0.9446584438627982
10653,6.760134609646205
10654,8.715099219956766
10655,1.685535370273449
10656,7.72877804544958
10657,4.570899219031586
10658,7.180230260592393
10659,9.798499016205158
10660,5.392045580716717
10661,4.541275417882068
10662,3.8733306283329556
10663,2.0610286042412787
10664,5.9759226940867585
10665,8.306718504601296
10666,9.43687674238268
10667,6.566526730450015
10668,5.473189198551557
10669,5.4999323304782575
10670,6.656269646661538
10671,8.600773126771239
10672,3.7047216331722916
10673,6.325092979759928
10674,4.671023822166393
10675,9.191503255649081
10676,5.519566483818822
10677,5.880619886615509
10678,6.661808697598838
10679,2.477246249773204
10680,6.829725800525692
10681,5.0959084213456025
10682,7.30672379486801
10683,9.10479109770429
10684,7.768702873554981
10685,5.98301169206482
10686,4.804829723380845
10687,4.568560414722553
10688,6.089081754634987
10689,3.9129891681812787
10690,5.975271912093608
10691,4.630794556944665
10692,8.702346882771808
10693,5.982518965828932
10694,2.1779292104423016
10695,8.342582123261575
10696,4.5312106906446585
10697,6.526137657400943
10698,9.031512279822651
10699,6.78227248663229
10700,7.581989634372148
10701,8.805998145764443
10702,5.885296950786681
10703,8.257483139676413
10704,5.230083683178156
10705,6.562042912862284
10706,8.982407944229355
10707,6.6773070257877025
10708,6.540954268893846
10709,3.866440079481054
10710,4.615907951188496
10711,8.315761073821372
10712,4.3228381345433355
10713,4.12739189283416
10714,6.219115361535237
10715,3.297991703762823
10716,5.030128961863466
10717,7.54165676392046
10718,4.101118950131925
10719,5.751272019474704
10720,6.468938515122457
10721,6.794662539975175
10722,6.127662149521602
10723,4.664147365385205
10724,3.8966418436687222
10725,4.89805402736675
10726,5.09962453021399
10727,6.95300224913354
10728,5.610238854039005
10729,8.249950823534226
10730,6.762222724448722
10731,6.353977442722942
10732,5.500053402671158
10733,8.052032501800024
10734,8.001403209019239
10735,3.938816425545231
10736,6.6193926984049085
10737,2.907923065023954
10738,4.954484359033016
10739,3.613360971179463
10740,7.303012701227516
10741,6.8854271194996715
10742,6.089860668181677
10743,3.7356674057705077
10744,7.681883292133205
10745,7.780487330251782
10746,7.475943968041458
10747,7.2971568183068545
10748,8.000875918058778
10749,2.6829181214511832
10750,4.723493771526728
10751,1.1542766126670352
10752,9.304093294152164
10753,6.563456513040753
10754,4.231542947335159
10755,4.313336445652601
10756,5.71988607984026
10757,8.40739351334106
10758,4.633923923514116
10759,4.742543284695943
10760,3.5043679881125365
10761,7.385888540673688
10762,5.049064610264487
10763,2.798148729953676
10764,0.4443729429337294
10765,3.451400041348125
10766,6.490235538062121
10767,7.72648670185319
10768,7.5879008135874475
10769,1.6116574335120895
10770,5.064102420764365
10771,7.46595795013028
10772,3.8543569032923797
10773,6.7760717603571665
10774,2.2280366735028188
10775,4.171876410408457
10776,6.414733427527446
10777,4.903214953150936
10778,4.687473205336838
10779,4.909255197306811
10780,3.2607972848639073
10781,3.9058062759365866
10782,7.585606491881833
10783,4.260548379100305
10784,7.5557966234728315
10785,3.4828262285993548
10786,5.86667560445477
10787,5.394545814328635
10788,6.6193433960123595
10789,8.108133525621716
10790,3.480552622539404
10791,4.38292190314659
10792,8.488720790739412
10793,7.903187637062077
10794,6.511483900339047
10795,7.059091898403589
10796,4.921593818134161
10797,6.025910056956836
10798,2.9763824605592326
10799,7.982009573012739
10800,4.671765210445734
10801,7.795049854688477
10802,5.1496043393047355
10803,8.544060772210393
10804,6.925046944449305
10805,4.02901546557064
10806,5.123695038460918
10807,7.6733725036172755
10808,8.700487055926976
10809,7.670039310571586
10810,6.113398624985827
10811,7.311617741763817
10812,5.927280914722244
10813,6.376010333205196
10814,6.44955675636709
10815,7.4785917569899185
10816,8.386600756933685
10817,7.816552368350524
10818,8.253038902800764
10819,2.819250548443125
10820,8.076900097097647
10821,6.156113304089476
10822,6.736701554015615
10823,1.5553674672300921
10824,4.126498701780845
10825,6.108501164612347
10826,9.338176197986988
10827,4.913061923205602
10828,4.809098542103972
10829,6.870389874488519
10830,4.936437169655823
10831,8.005646668335483
10832,5.592250848164406
10833,7.700533428666979
10834,4.995467557691153
10835,6.507721664302172
10836,7.527220857154002
10837,4.056950220899154
10838,6.65415301401419
10839,4.964941516602914
10840,3.2981393691805634
10841,8.03694140484326
10842,2.2498593547445287
10843,7.277405346284385
10844,7.740814685314095
10845,5.4435613364263125
10846,7.282492133679858
10847,5.842809091665194
10848,7.285177414741042
10849,5.7380222619582835
10850,4.763840889178324
10851,4.456643012392853
10852,5.698665469638213
10853,3.7386705905799182
10854,4.441131359092764
10855,6.100997647329657
10856,5.44184514840354
10857,4.710224291984936
10858,1.0680884765562038
10859,7.890322599642215
10860,7.342001505317666
10861,6.192280649277689
10862,6.122794770977004
10863,6.555909747603408
10864,4.941788296709511
10865,4.022362090777319
10866,5.8863704453293995
10867,5.937619669036787
10868,5.581216202446076
10869,6.970213569220054
10870,4.566782771654592
10871,6.794516853439089
10872,2.5048413803223695
10873,5.372965837554932
10874,7.178322660471674
10875,8.759772360173418
10876,7.019780055044791
10877,4.53852027842247
10878,5.748600198783172
10879,6.726536359574055
10880,3.2868160558284103
10881,7.025131961733267
10882,6.216703986808406
10883,5.26097118927946
10884,4.298052626994212
10885,6.488948508718435
10886,4.350667242269536
10887,7.108467909292952
10888,6.196099878525224
10889,5.4267773819040315
10890,5.945385199423386
10891,4.01944958917665
10892,7.382926241002751
10893,6.925700810544553
10894,5.024236492228466
10895,7.222369519123407
10896,4.673449967691627
10897,7.091928528642252
10898,5.423084915873308
10899,2.091273551652793
10900,7.917874760536539
10901,6.214625899934285
10902,6.7325785934958855
10903,4.303431650059636
10904,4.3199270647204
10905,1.9083366369823598
10906,4.581034405745586
10907,3.030502988804642
10908,5.906600990215762
10909,7.345896619212463
10910,4.881899465455563
10911,7.969436591471913
10912,8.188616159301066
10913,5.714741890255347
10914,6.029461459674652
10915,7.3218267430090425
10916,1.6038272781232799
10917,4.350878471932376
10918,4.076535208481988
10919,5.786724552083486
10920,6.1870247811718375
10921,7.216806446736953
10922,5.073890132208281
10923,5.092747440724802
10924,7.617030409081835
10925,8.986660355057804
10926,7.383363189188165
10927,6.037380489787645
10928,2.180259822147818
10929,8.055837043355739
10930,2.798141582622848
10931,7.646040536008419
10932,3.1860990524896344
10933,6.8189253322210295
10934,8.11534027732462
10935,5.6712645017170855
10936,2.2415375739896617
10937,5.8439320465530855
10938,5.901552068772218
10939,2.3607751615256594
10940,2.848494658188671
10941,2.996413931972884
10942,6.584948872372689
10943,5.53475003833142
10944,4.434249981385673
10945,8.703195323648481
10946,5.482936642400257
10947,5.45360548498374
10948,7.447100268228299
10949,6.664677185360771
10950,6.565260937357766
10951,8.869223114354918
10952,6.8269048920234585
10953,6.514710016823014
10954,5.566727435755364
10955,7.2437519822550005
10956,6.725606960996302
10957,6.56083559692635
10958,9.969676890775286
10959,6.277615442076887
10960,3.9717877281543794
10961,6.4005778892201715
10962,2.5523202608860656
10963,4.738796502639907
10964,9.094694656486237
10965,6.508562772047083
10966,4.631119920522669
10967,5.346879430857264
10968,7.791459904820305
10969,4.4773119736247065
10970,5.161666290318886
10971,7.3567399091391055
10972,9.139884046986129
10973,5.643198668651178
10974,3.669459866340734
10975,2.8466715244712137
10976,4.8467599806877235
10977,7.800669794949906
10978,4.998404251807116
10979,2.9528868677853297
10980,8.829175031306386
10981,6.588965390665
10982,7.286496634192686
10983,8.780543277786679
10984,6.627330065880621
10985,8.725572679670995
10986,8.563424692619318
10987,4.052611903606897
10988,6.627332364996191
10989,5.418151549940445
10990,2.8849846424802186
10991,4.786399271105016
10992,5.952148581921499
10993,6.325763953946849
10994,6.5883380777230585
10995,6.783256160284687
10996,4.879300764986788
10997,5.666703184012432
10998,5.3383394352316085
10999,3.0815928131061794
11000,5.805722287703361
11001,9.061567451477616
11002,6.752811607459942
11003,7.272956749384051
11004,8.300825881557884
11005,8.123543168883083
11006,5.777162980272723
11007,7.2301287305981985
11008,1.9601501066861986
11009,6.468244693174515
11010,5.693657516900926
11011,8.418574451492825
11012,5.962293218041262
11013,3.2920182209907622
11014,8.07276711892024
11015,6.676019427141483
11016,6.3467242126815195
11017,7.297208532322891
11018,4.092881486167039
11019,6.981575516943809
11020,6.333553858779987
11021,7.657971231405102
11022,4.559795889248852
11023,2.2767895434724332
11024,8.080854435961445
11025,1.4535612504673534
11026,3.0270816502605795
11027,8.182146966464462
11028,3.9990260270847697
11029,8.42316929700764
11030,4.425121427179327
11031,9.373764304490045
11032,4.116008684858994
11033,5.331577787709888
11034,6.156129848465257
11035,4.936240289206898
11036,6.498338324876232
11037,7.408458496311757
11038,1.4235590321673097
11039,6.8387502595102445
11040,4.625425177437776
11041,9.811212914711192
11042,1.9026624333532312
11043,6.553326397185605
11044,7.543216973423935
11045,7.027300381709624
11046,6.297772608922182
11047,6.679547854263791
11048,5.776401610264488
11049,3.075227453600541
11050,2.595864069532285
11051,7.9085643633329825
11052,7.914215648782021
11053,9.662435362245397
11054,7.946678093937519
11055,1.263123233587173
11056,5.068817207560977
11057,6.092476722882832
11058,5.951389510507143
11059,6.124184464294773
11060,5.763170737920754
11061,6.323880848580906
11062,6.060341730091895
11063,8.74145658399857
11064,7.125281823991829
11065,6.767393178760652
11066,6.202459044578374
11067,6.858340004488537
11068,4.576804547101174
11069,7.551630883711583
11070,3.73078292272078
11071,7.7528475456727275
11072,5.042321955504385
11073,4.7162342364444525
11074,9.992997204729104
11075,6.364778077665553
11076,5.830397224784299
11077,5.043178999443102
11078,7.156625681705121
11079,3.171690397117456
11080,7.1313376836878275
11081,7.4020530731543515
11082,5.468798004155987
11083,4.012200034483434
11084,3.5005898872671795
11085,5.6926586657592235
11086,4.056064110168611
11087,3.79478525709837
11088,7.160336936102138
11089,6.343145934772691
11090,7.064822736899147
11091,3.0395812232541557
11092,4.319295035785797
11093,6.73222232486261
11094,4.848506289293398
11095,4.256687011106993
11096,6.579658388977118
11097,4.264383484473866
11098,5.168594198348016
11099,6.227082349719686
11100,4.523333828709044
11101,1.5027353183449017
11102,6.261015746666841
11103,7.863088226159833
11104,7.747931497884641
11105,2.9656100191834023
11106,7.107200083767952
11107,6.376649412891927
11108,5.37085539717589
11109,7.563303113927868
11110,4.308465754714822
11111,4.445847846194316
11112,7.626058090764772
11113,3.230528555302331
11114,5.773797365344514
11115,9.966828082228801
11116,7.557789450337948
11117,6.717285471939213
11118,4.8987716968466275
11119,6.714509274359017
11120,6.610011075662451
11121,6.707276085232084
11122,6.581489772281868
11123,7.314780008658168
11124,6.08683192139064
11125,5.718550345611286
11126,6.754910273934501
11127,6.083346142534589
11128,8.515980941047461
11129,3.3206831513813193
11130,9.998011001538156
11131,7.627741316530377
11132,4.141310421084176
11133,2.9069942782416986
11134,6.376813927012718
11135,6.247371269295838
11136,5.72344110458052
11137,7.4957341282223435
11138,6.519033098534597
11139,6.3545823130648715
11140,5.078588399338734
11141,5.237781592582833
11142,4.841750517576618
11143,7.673384191997184
11144,4.74796280449641
11145,5.130362279160056
11146,7.053275766744369
11147,7.000178488718224
11148,7.521552764845263
11149,7.525336398101854
11150,5.930637445689319
11151,9.281843849103211
11152,7.221244369843845
11153,6.887492974834818
11154,5.9442363121396
11155,5.065308045044449
11156,6.8754384405626565
11157,5.7512957984743895
11158,6.517323811546106
11159,6.691815454604878
11160,2.562096336437369
11161,6.275474107990669
11162,6.974264208140828
11163,6.274061692535449
11164,7.625664275844824
11165,7.346439482822274
11166,7.247759413099513
11167,1.4319663002291343
11168,8.132083814271315
11169,5.498758186153007
11170,7.296567673177259
11171,7.996020287157139
11172,4.058686172815266
11173,8.201746336880637
11174,3.4004665634055917
11175,3.0754387884226384
11176,4.647445615207169
11177,9.195731027116882
11178,5.702324291531599
11179,3.172178342199379
11180,7.0193109284848365
11181,8.591191972552618
11182,6.110190525823689
11183,4.219721704268561
11184,8.83877226502047
11185,8.698646791803716
11186,4.68436796582551
11187,5.975876516354309
11188,4.171973154007098
11189,3.3184472641563127
11190,2.5734926968891165
11191,4.866122967158094
11192,4.1155294001076035
11193,7.33465850621282
11194,5.964958360166615
11195,3.646597226117309
11196,6.5686185264376435
11197,2.3694362258391264
11198,7.883674922086928
11199,5.823798646494643
11200,7.7986134511922485
11201,7.575360956946746
11202,5.39996999820576
11203,4.736075555339828
11204,6.078741016401829
11205,9.056160077918737
11206,7.170186282502295
11207,4.780392562373399
11208,6.112668773635812
11209,2.525557594754126
11210,8.621187246245137
11211,6.801563734361515
11212,4.032579492050873
11213,4.455539093883348
11214,6.253673188168372
11215,5.575325038073036
11216,6.943654987796973
11217,8.469564721426964
11218,7.7876082204730155
11219,6.74917833365388
11220,5.600199806463708
11221,5.468473259430281
11222,0.9314015201220733
11223,5.357319963597569
11224,8.723313356620402
11225,6.678864835909894
11226,4.145774838030985
11227,4.524845115029161
11228,7.427172069993612
11229,4.891670580097316
11230,4.02279029719346
11231,3.4825555415572453
11232,5.624815495374627
11233,6.365768109329177
11234,2.364851649667918
11235,5.279000472800291
11236,6.128596742674597
11237,7.744848981129037
11238,9.08612436844572
11239,8.978666928503056
11240,3.01777259130154
11241,7.576694853661904
11242,7.926728531246447
11243,3.957335557784905
11244,3.7096763036544984
11245,7.217956512913963
11246,6.568210456992423
11247,4.433549911564874
11248,5.06046503857335
11249,7.33460117918689
11250,7.99807688049156
11251,5.8857077199601635
11252,6.26665894266277
11253,1.955620977340659
11254,7.5974397258022845
11255,5.004088331006132
11256,4.872734555076926
11257,7.0103927393482675
11258,7.3305463700181805
11259,7.899850943938337
11260,6.293730169313004
11261,4.291742833243967
11262,8.394275952323031
11263,1.558490946596091
11264,6.991974783764891
11265,4.502851797109059
11266,6.909368540347484
11267,7.279251036489391
11268,6.669189547018047
11269,7.688752163871857
11270,5.769813432429851
11271,7.757515811351917
11272,5.349321979112886
11273,4.97645311006949
11274,6.556200604586299
11275,6.7577651191720065
11276,6.285554183118862
11277,5.180542687417665
11278,6.935499205113618
11279,4.771364752065955
11280,5.6361763295367195
11281,9.693576049364673
11282,3.424291990424082
11283,7.068145128574068
11284,6.429526126118906
11285,4.982692590958662
11286,7.1652718813386
11287,7.122301037540636
11288,6.673999110304132
11289,4.176000290731419
11290,7.547975375862814
11291,6.97094560652004
11292,5.942532233901185
11293,3.4155541960632503
11294,1.7164759359134774
11295,6.725285152424436
11296,3.8564372702000114
11297,7.734101811516011
11298,8.294461687827864
11299,4.872688043815876
11300,8.868467457994077
11301,8.49038351274946
11302,7.5230207866579875
11303,6.943921443572583
11304,5.207999286354577
11305,6.970357646249921
11306,8.208122978655354
11307,5.97649813239519
11308,5.649124853438985
11309,7.119023478447571
11310,5.539511091340927
11311,3.0341277859279527
11312,6.674789967151132
11313,6.621820878389447
11314,8.935741482447835
11315,4.827178942885522
11316,4.411527670851239
11317,8.29909802577818
11318,6.139409384021413
11319,8.91615290482597
11320,5.563163784996253
11321,4.744111296289593
11322,2.06524568237342
11323,5.0108563986044405
11324,6.54700325362018
11325,4.265502768291242
11326,6.979577253503008
11327,7.491767653384144
11328,4.213967621482517
11329,6.894999025041116
11330,3.3453701934624447
11331,6.220393760028554
11332,8.869439747774242
11333,2.359853662235766
11334,4.251728963397109
11335,6.2959236141332555
11336,7.334950992267393
11337,8.092641235302176
11338,6.465214116478805
11339,6.533320560360822
11340,4.540085272367322
11341,3.3125248202716584
11342,7.128972605087424
11343,5.491129287759623
11344,5.2167064601380115
11345,7.319719208797279
11346,6.516511475795701
11347,4.945892162291703
11348,3.3883794382322256
11349,6.326900891221195
11350,3.4761078014198743
11351,5.59615001893555
11352,9.14064349645197
11353,9.192144792014245
11354,9.113273049805823
11355,5.7038136367455845
11356,7.916205059565046
11357,8.282693952325024
11358,4.562325039484954
11359,4.132003037032214
11360,6.393005020412803
11361,9.076134128111299
11362,5.895446324856523
11363,3.2040706589698127
11364,8.835365887834538
11365,9.003838036115004
11366,3.437731884326509
11367,5.9342480129635
11368,6.518228608384284
11369,5.103594348689979
11370,7.040939265585683
11371,4.977670632358181
11372,9.27448424561854
11373,8.23484341879668
11374,9.247245960180237
11375,7.103338660430661
11376,6.085714161397736
11377,5.977916604982515
11378,7.078125937152285
11379,8.248049509348437
11380,4.124330060437349
11381,4.124114815221075
11382,3.049536037996527
11383,6.553094106321071
11384,7.217805129685166
11385,8.13767522659962
11386,1.6663965008932504
11387,5.21633796285399
11388,5.394933961975442
11389,5.811810606228964
11390,7.215936541940953
11391,7.1235754079909075
11392,4.502774976517089
11393,4.9757670399964296
11394,5.8114686380674545
11395,3.6938856690772135
11396,5.743932511464644
11397,6.456185043418581
11398,7.624785762439743
11399,1.7359223560258124
11400,4.653166406734039
11401,6.878157079697155
11402,7.611802946215052
11403,4.9349180673092325
11404,5.508285171141244
11405,7.155994569191497
11406,7.203480925619976
11407,4.247513582230509
11408,4.587430623566798
11409,3.8426123810888804
11410,7.770322702908819
11411,9.010208575768047
11412,3.4609332242603883
11413,5.584073226710245
11414,5.941076808556156
11415,5.1932090568222895
11416,6.4863707178601
11417,6.221590120982354
11418,8.251535914941284
11419,7.145104618449892
11420,5.452293351881425
11421,3.984262469696199
11422,6.11476400451099
11423,3.379059344361251
11424,7.840780889477715
11425,0.8761153189347034
11426,2.332501397733483
11427,7.572512947221358
11428,8.73383904597031
11429,7.972880027896474
11430,3.772505477979279
11431,2.6426713761966156
11432,4.32727716181086
11433,6.182823847045115
11434,6.063612016738043
11435,3.4106677446346034
11436,7.136596277181236
11437,6.292636897492254
11438,7.575408685418902
11439,7.670134985161565
11440,3.683721808990602
11441,4.941887574101473
11442,4.1039311474837294
11443,5.002355717055987
11444,4.49931139495874
11445,8.871250066141524
11446,8.069637834440291
11447,2.280586494285481
11448,6.002276774636271
11449,6.790124712804449
11450,6.3319566919650905
11451,6.707594859783178
11452,3.1156940344056485
11453,8.00511679350778
11454,4.439948182787488
11455,5.745721733876609
11456,6.64872758516629
11457,6.491312164770522
11458,7.802201564651384
11459,8.972047414980823
11460,6.459910564247368
11461,5.867140769826715
11462,5.027067301423466
11463,4.864648646091617
11464,5.941104607718307
11465,6.456518404505152
11466,7.93880016393382
11467,7.257280717744561
11468,5.0232906171260145
11469,5.882841180054388
11470,5.045964587454057
11471,7.987928951305477
11472,6.636952028845215
11473,4.152134656964397
11474,5.150331926697376
11475,6.824229514835947
11476,5.0721931081804605
11477,4.089446123217428
11478,6.060166795361356
11479,6.233555019880493
11480,7.566388773188109
11481,6.011460353975345
11482,6.90593072230255
11483,8.257501727708549
11484,7.411913565989988
11485,7.575580636007561
11486,6.855531793873932
11487,2.3269709994045322
11488,6.009121219080247
11489,7.693263726473319
11490,6.402267987768762
11491,2.9909949583730358
11492,7.3252127154544535
11493,4.538346309626095
11494,4.689816840168517
11495,5.008975741847346
11496,6.152411560564883
11497,5.868767064920453
11498,5.208410498450316
11499,6.224029694642846
11500,2.018524627408116
11501,4.602132272249859
11502,5.39739925335795
11503,3.5561583576890827
11504,4.761834118465115
11505,2.971767912669458
11506,8.73275890204733
11507,1.1497324447975823
11508,6.260731185097171
11509,7.137034317465826
11510,7.851130874053581
11511,6.389553995339158
11512,7.770148713296035
11513,9.943107282070358
11514,4.868530702050369
11515,6.265568215449036
11516,3.8791518248234156
11517,2.32338046517754
11518,6.3342034375050975
11519,6.197336205637816
11520,8.454480379837458
11521,8.663939372864023
11522,4.7064315591972345
11523,4.28013646845225
11524,6.964770213200086
11525,5.196656106507044
11526,6.3181620890368055
11527,4.4645030976952365
11528,6.45795201883799
11529,2.2595145866248822
11530,6.978409250276
11531,5.690503242880537
11532,7.067208993667454
11533,2.561174909719983
11534,3.5655226937799824
11535,5.591416223476659
11536,4.370351221903739
11537,6.069853367209362
11538,7.533395839093037
11539,7.044842672983734
11540,6.402606783953635
11541,5.191745102334734
11542,8.139411309315895
11543,5.705363194202424
11544,4.950304869758564
11545,1.9712650699842142
11546,6.588254569434547
11547,6.1328621360975255
11548,7.654626087058891
11549,5.275733098531871
11550,5.508604520748028
11551,6.400332027935766
11552,8.117109937909657
11553,6.439062209736616
11554,4.385101675561859
11555,4.1003331631625395
11556,5.252363776981616
11557,6.127380442368948
11558,6.293112668137799
11559,6.605187298129553
11560,6.453283526537116
11561,2.3868488915437007
11562,2.855516453971349
11563,2.3322655362100533
11564,5.651883273055574
11565,5.527693315363278
11566,8.73942357233717
11567,5.37739890003179
11568,7.386215029245444
11569,3.7822465721060974
11570,7.268578788505414
11571,8.121165564036879
11572,6.375989453641483
11573,6.596922808329596
11574,5.379808480250837
11575,7.772045638745472
11576,7.46671282438832
11577,6.179517514043451
11578,7.09408939632152
11579,6.2776296771253755
11580,3.221037598559439
11581,6.087035011918602
11582,6.176920165659995
11583,6.8636091284131435
11584,6.3441561451475605
11585,2.8523224672495298
11586,5.024503344442602
11587,4.234473441071287
11588,7.920154395967873
11589,8.84249945449285
11590,5.416994340151047
11591,6.720154290434188
11592,2.3665128113396388
11593,1.877299720338483
11594,6.148441067757043
11595,7.511484885868097
11596,3.719171636924108
11597,5.056311576024919
11598,7.101882941575049
11599,5.0350615942044055
11600,2.7554606441884335
11601,5.280221503746771
11602,4.027928564230956
11603,6.330966334660109
11604,6.777753588268948
11605,7.462270058053575
11606,8.726940031094523
11607,4.633384614389246
11608,4.020883051831314
11609,6.6990434327345785
11610,6.493570668086915
11611,4.30872605430161
11612,7.3817328634635135
11613,8.803351669546728
11614,5.392166840991619
11615,7.838413369521547
11616,8.193138193863634
11617,5.548452137261022
11618,6.979970981254178
11619,4.445282273369834
11620,5.273195921286465
11621,7.700581417518537
11622,6.797426602935272
11623,5.132923474098847
11624,7.417554991412265
11625,6.475702843943301
11626,7.037409020393454
11627,1.229826588823179
11628,6.124392218021013
11629,7.591497717266938
11630,7.0418264166966775
11631,6.657699046408204
11632,1.7529177358932961
11633,3.176720178918255
11634,8.527978423187514
11635,5.840991134547903
11636,4.639730064843419
11637,6.032582394117693
11638,5.629917217724642
11639,7.876201820867242
11640,6.145879138766619
11641,4.38974236929784
11642,10.0
11643,6.556450039518698
11644,5.735978864948887
11645,4.88235669634705
11646,3.8658049745707634
11647,4.643041959095525
11648,2.8963304303367297
11649,7.785781900444396
11650,5.963663500591631
11651,4.678005181852622
11652,5.33873649665905
11653,4.452680163591909
11654,6.777143901177243
11655,9.043925684933473
11656,6.965144436585831
11657,4.998247113739931
11658,7.209255310242213
11659,6.767312749943168
11660,7.482127126398192
11661,7.129665159448157
11662,6.032432758034341
11663,7.86117646618448
11664,7.300369860913162
11665,8.364618635833331
11666,6.74349269428766
11667,7.738824683486962
11668,6.380256645336811
11669,8.057447444497962
11670,3.8501527268210025
11671,5.120336150449772
11672,4.2402392470244665
11673,8.3621151967119
11674,6.66674795981258
11675,4.569086183051908
11676,7.860315706387832
11677,3.670436947021436
11678,3.15715657129065
11679,2.2469090847843125
11680,3.7510430918988495
11681,5.440463559220362
11682,6.152753673533905
11683,9.011195385915228
11684,3.5295956446287136
11685,4.016736904170267
11686,3.9110221721110685
11687,4.399991442562657
11688,9.87535623245417
11689,7.886942233370947
11690,3.1881841233891164
11691,5.536672035159816
11692,3.506246121230832
11693,9.420368590443086
11694,7.993218956131758
11695,4.776438763250561
11696,1.6748336607703334
11697,6.124632343342482
11698,9.400556181281537
11699,3.0375663988209243
11700,7.074772887309811
11701,1.2705100214308191
11702,2.6740687996305015
11703,7.129856486992639
11704,8.170369136890622
11705,3.1600219434628807
11706,5.505649406074815
11707,7.40419057192006
11708,6.978079037064049
11709,6.393377820328457
11710,6.795878556852169
11711,3.9215729145948615
11712,7.716319506755029
11713,1.523373093327053
11714,8.199778081287352
11715,6.006644538754963
11716,5.594193950102602
11717,9.612872862082483
11718,2.9070232177012114
11719,8.858063515452196
11720,7.685084708758069
11721,7.021012753242924
11722,1.3099563950908222
11723,7.392190324685574
11724,9.190956571006804
11725,5.49448293956001
11726,2.5366601303791834
11727,8.647449296145066
11728,6.717665271758555
11729,6.364445969672953
11730,4.07131253371149
11731,5.78111432241529
11732,5.173638497382442
11733,7.62897327049058
11734,5.575156556694909
11735,4.848700011131819
11736,2.197379151846826
11737,7.362720768569948
11738,7.83837197178554
11739,5.966270906559186
11740,3.884947124281971
11741,3.7380670030115795
11742,5.207996074733014
11743,3.2578920326895386
11744,6.700715949527506
11745,6.541242163310599
11746,2.241150593558423
11747,8.19001200544233
11748,2.1200931295809835
11749,5.183750284890776
11750,8.668768062052191
11751,5.869510076722164
11752,7.478543474402057
11753,5.111781392017702
11754,7.790640189055983
11755,8.520532843570171
11756,2.438349177368134
11757,5.49856745021509
11758,6.508716132014428
11759,5.949156113933108
11760,4.630652714706512
11761,7.4306172237808115
11762,3.845819898703728
11763,6.627071037139641
11764,9.667275575150374
11765,5.305282115959673
11766,5.961371808824213
11767,7.05043820398091
11768,4.965863157509602
11769,7.330438072969677
11770,6.659983926541392
11771,1.790530776167405
11772,6.43049212236888
11773,6.368283029329239
11774,5.6391981204072525
11775,5.4646485455313485
11776,6.494602242272643
11777,3.437940463903066
11778,7.203029905475103
11779,7.806028645194114
11780,6.205172798819531
11781,8.07407143670764
11782,4.322475680786487
11783,6.693204661047508
11784,6.690942366186286
11785,8.36902754237574
11786,8.70050397017117
11787,4.7527276484664185
11788,6.9319305823642505
11789,4.612810905971051
11790,6.336025249671896
11791,4.041305653105014
11792,9.746763496385153
11793,6.057943422891531
11794,8.041163356219394
11795,8.527228584576552
11796,5.21001817089279
11797,8.71011773049074
11798,6.772606094214309
11799,3.4574147495599385
11800,3.7648634358620123
11801,7.050273016602492
11802,3.322718560529343
11803,8.003050491510765
11804,5.61020672877024
11805,6.838221022188739
11806,4.858354034860024
11807,8.007977735140642
11808,7.500361202137791
11809,4.534685027872298
11810,8.310834773491681
11811,5.953149426877413
11812,4.869823638203398
11813,5.686659338880169
11814,6.4287643030070925
11815,6.203542002486965
11816,6.3127793995254375
11817,4.27465043363384
11818,3.703898533794999
11819,5.220819889442895
11820,6.99762448401485
11821,2.8856134482876827
11822,4.438573094850196
11823,4.819267404127517
11824,7.909717753228932
11825,9.925863521607173
11826,7.043444483177005
11827,6.331658188569056
11828,3.941893016648902
11829,5.940796563939375
11830,2.920356241186412
11831,3.1405103843872095
11832,3.8672709368049865
11833,5.2200976533944194
11834,2.9455047597703707
11835,7.404791473334771
11836,5.242952197075272
11837,4.53543383476672
11838,5.573883247113218
11839,5.37655479179576
11840,6.9045865692834765
11841,4.482654719090636
11842,2.9054347028174554
11843,6.122228306623759
11844,6.828957815940368
11845,4.386924780879417
11846,9.149277880616133
11847,8.024759153944006
11848,8.052425292358379
11849,3.4279451140804946
11850,3.832626805957896
11851,9.17942699261295
11852,6.889269037745015
11853,8.199977046390032
11854,5.585061214636243
11855,6.321571208212362
11856,7.138581557742135
11857,8.231100845301395
11858,7.211771393729275
11859,6.145602939025268
11860,7.556998333222225
11861,3.1967715411932685
11862,6.797823962271977
11863,5.768487245257978
11864,6.396042212826844
11865,5.47261001662689
11866,2.718685518824477
11867,5.687115096074649
11868,5.325618260605824
11869,2.6156180835637755
11870,3.2156234535353647
11871,7.081478875870433
11872,8.971984741869258
11873,5.333849821841365
11874,6.880980155720212
11875,4.67924152691892
11876,9.535341506377627
11877,4.644361023393915
11878,10.0
11879,8.604492181793209
11880,2.8443408996892243
11881,4.736246042162692
11882,3.1676164854600124
11883,3.1070456604168912
11884,5.407535225869193
11885,3.8496571907126933
11886,6.225282500647633
11887,5.03407812027218
11888,2.015412193244733
11889,7.2902648305985425
11890,4.755208704812681
11891,8.328926262088427
11892,1.617245005921879
11893,6.398406218187227
11894,4.036975153299013
11895,7.396319533557177
11896,6.542104234056365
11897,5.8345789014113
11898,3.8539605050870707
11899,6.928381762389459
11900,7.788014119844663
11901,7.057337804812995
11902,9.362025136841277
11903,5.231583998664623
11904,6.952908965820818
11905,6.58496726208611
11906,5.935321192638602
11907,4.788251327423765
11908,9.070809767356302
11909,7.181367430663805
11910,8.56404038160767
11911,5.045860662674152
11912,5.924713278607497
11913,3.1706625636408003
11914,5.079324562549301
11915,7.029204893801423
11916,5.844715966097889
11917,5.680604076435035
11918,7.056272641145542
11919,5.351296197535598
11920,8.676354437264223
11921,8.141516772180475
11922,5.930888118686943
11923,6.016146480285634
11924,4.180109560788395
11925,4.478654992835199
11926,7.836900590221285
11927,3.896337246455851
11928,6.024404617871399
11929,6.414975678884838
11930,6.1331493661698335
11931,7.8121363680447775
11932,6.98928153518983
11933,9.838937417183729
11934,4.823923926850728
11935,3.2622824772950594
11936,4.149976343644792
11937,7.37054333608103
11938,6.205189499552464
11939,6.880154046022828
11940,2.489435741452683
11941,5.57143776013155
11942,6.289949154223386
11943,5.523751173656646
11944,1.9405807328916556
11945,9.275905976953382
11946,7.931596620911432
11947,3.0853729742689815
11948,6.42859297745449
11949,3.7706013266034626
11950,3.892025942468693
11951,6.579625431361253
11952,7.225117636965709
11953,6.159747873322834
11954,7.793580394603531
11955,9.936032758556589
11956,4.626453140327264
11957,5.361406540557102
11958,5.018143174646926
11959,7.053556791709869
11960,4.018338583735075
11961,7.095710816515835
11962,6.876522203507134
11963,9.907240643592058
11964,6.898603730382527
11965,5.3511082467083995
11966,8.697861345688908
11967,5.918169404816927
11968,8.218330201839667
11969,6.547027713617171
11970,4.8279075586723526
11971,3.537164461798367
11972,4.4404546561571685
11973,7.466874971540578
11974,6.535617055852957
11975,4.007777330131711
11976,7.720250981324372
11977,4.471016313805966
11978,2.0822133021842033
11979,5.964768955578307
11980,3.9417050606458517
11981,9.36446670284727
11982,7.399128643606723
11983,5.598554615504208
11984,6.877081064413619
11985,9.21906634442862
11986,5.066401323141993
11987,6.96492298298358
11988,5.3099563319281184
11989,6.560984913153663
11990,7.563361758908693
11991,6.189929759487779
11992,4.795599682315277
11993,3.8833606417693547
11994,9.346463728116895
11995,6.8932428018834555
11996,3.843915862985444
11997,6.557200138103511
11998,4.6094410715450325
11999,5.429554116209955
12000,8.560409936253123
12001,7.808712981506519
12002,5.363491088886882
12003,1.7130680656037363
12004,6.578461147202193
12005,4.257753162152595
12006,5.289970330707833
12007,8.746440991828942
12008,8.322497023139125
12009,6.4400480015948975
12010,4.508718906230049
12011,4.310981575140157
12012,3.3920610544480994
12013,5.162632067300664
12014,6.4834095477756035
12015,3.969392778311801
12016,8.175147580221738
12017,3.6463285124247258
12018,4.319953113462985
12019,5.02497025442937
12020,5.1343952444972825
12021,2.766657556288071
12022,4.944235333637733
12023,4.041990787381822
12024,5.341109283228079
12025,5.28901376599507
12026,4.1904885842151245
12027,4.859365532173072
12028,6.59212011372649
12029,4.114279678650926
12030,9.38475038029502
12031,5.009600514616394
12032,5.308605488363642
12033,8.332765435491151
12034,7.910431551018531
12035,9.806324000780283
12036,6.716201735661885
12037,7.465483402384717
12038,9.51388782252201
12039,2.9893392946135897
12040,7.735736537766831
12041,6.821344044426972
12042,7.482821318037594
12043,2.5420003881514175
12044,5.176545517572166
12045,6.365205448309429
12046,6.835816747710751
12047,4.179073494991426
12048,6.115751040174141
12049,8.27929458651028
12050,6.748790701497978
12051,7.633289683710484
12052,8.874860428014427
12053,6.897652747405431
12054,6.328670471008712
12055,7.69037379775118
12056,8.874464554647577
12057,8.997372627171897
12058,6.934262492302532
12059,3.733004742911443
12060,9.653826870139927
12061,7.969101511799288
12062,5.6952000994109415
12063,6.662747888070376
12064,7.657377017572699
12065,7.807018907236545
12066,5.304705751125101
12067,9.740438706485488
12068,5.143543584789761
12069,6.041707906932262
12070,8.380220865937474
12071,7.2357440143399545
12072,6.487806681124072
12073,3.4445653765494932
12074,5.728071514085567
12075,8.624256585768666
12076,6.274110783438509
12077,3.215531186389368
12078,4.06943294207181
12079,5.509978266149533
12080,6.500878249619646
12081,4.431642892215241
12082,1.9181071232067022
12083,5.011525158327454
12084,6.751940527686054
12085,6.411297889016845
12086,6.7309740508405325
12087,8.013899722593
12088,7.134313709730068
12089,6.24511944971403
12090,5.272306021557776
12091,3.23336912909038
12092,6.345051978207772
12093,5.887763638797398
12094,4.9984131015190645
12095,1.9030046791481845
12096,6.358240539284178
12097,3.6610629066993474
12098,6.3135120177697726
12099,6.015187266562405
12100,4.402000824960817
12101,7.767680510086576
12102,8.689077960425605
12103,5.905335321694189
12104,6.0025613041720565
12105,8.546100074843208
12106,5.3552605473741846
12107,8.162963645939751
12108,5.7359892653051014
12109,6.7414883727063195
12110,6.815915680924182
12111,6.184578960091452
12112,6.1564939821440685
12113,5.993527066326668
12114,7.573280879144382
12115,7.232790950938179
12116,7.278354657728615
12117,5.924323479934216
12118,5.691406687634877
12119,6.89919918498718
12120,5.717662996941142
12121,3.903389179800537
12122,5.3076369393586145
12123,9.901448590096134
12124,5.662439276769162
12125,8.117716580090939
12126,9.01903997103144
12127,7.260467745302333
12128,7.7118023603322925
12129,6.801159587682908
12130,5.544205544319343
12131,7.770426965932382
12132,4.675223991750603
12133,5.879786232934495
12134,6.151246902570836
12135,4.69618328910599
12136,4.266566792949793
12137,1.1806709033734195
12138,2.8244210681333377
12139,3.2210479400397958
12140,3.843880389579327
12141,9.238513946723335
12142,8.742728406167364
12143,7.411891696771963
12144,4.609693001482029
12145,8.491733716557462
12146,9.090195318209357
12147,7.600508095302766
12148,7.998458486849762
12149,5.740841579293225
12150,2.59711065720863
12151,8.052912632677318
12152,8.033786611589665
12153,8.998515872394078
12154,6.915971528531609
12155,6.390259412804296
12156,9.441070218638327
12157,4.194807430142606
12158,7.111427546352454
12159,8.55455693715675
12160,9.060212527106312
12161,2.3652149459590737
12162,2.7257382669821966
12163,7.5854509145939915
12164,6.14735589384973
12165,7.915437330848567
12166,7.846714338568196
12167,6.199351394665795
12168,7.227228655113807
12169,3.3603219773941495
12170,6.629007549016203
12171,5.924076562979999
12172,5.770514555232272
12173,1.6149747579223253
12174,2.6745499747399295
12175,5.996973992414523
12176,7.4452957463801965
12177,9.782102528363325
12178,4.736832406234366
12179,7.273544561749199
12180,9.316718602147484
12181,3.564994279419494
12182,6.832397481412636
12183,2.71514593310768
12184,7.227192986165929
12185,6.537592635549524
12186,4.040878749646661
12187,7.554294313472873
12188,4.522549344529367
12189,4.985239797989493
12190,1.528687809779911
12191,7.2892673252458025
12192,7.890462216725723
12193,8.37263126151042
12194,6.7326478853393965
12195,8.092817120548991
12196,6.6198828127350975
12197,6.892741559919116
12198,8.564601892385351
12199,2.86264429497785
12200,5.389505079149062
12201,4.506605054974919
12202,2.107224374484568
12203,2.7418047527712694
12204,6.280020296936668
12205,4.595144691047115
12206,4.983854204235138
12207,6.1448150150617655
12208,2.9958312297716674
12209,5.27999370960902
12210,5.205914310038331
12211,5.191736596073935
12212,8.248988046390888
12213,5.999431949232999
12214,4.376191541223197
12215,4.22031580301689
12216,7.479265007304607
12217,5.13827475558349
12218,6.006188210610361
12219,5.110137670654782
12220,8.536951099221033
12221,4.87365496860765
12222,3.310086509412794
12223,8.291315131674079
12224,4.622372408872455
12225,6.236144935648311
12226,7.702504808798795
12227,8.619726621436822
12228,4.509852271260846
12229,8.112279830019856
12230,7.245062579800366
12231,7.857570380681942
12232,4.603274964067894
12233,8.18089640794128
12234,5.631489377188803
12235,5.924806374295362
12236,8.610908415433872
12237,6.812472076594892
12238,9.31772878843295
12239,4.1823965991694205
12240,8.399980393003483
12241,3.1571949528500767
12242,7.5302719085466805
12243,6.21868670122962
12244,6.364855112968458
12245,3.3913728697089196
12246,3.501769874965011
12247,6.482491443639487
12248,3.466190400925332
12249,7.251091134473775
12250,5.808200115234849
12251,9.13362280118469
12252,4.153554332097546
12253,9.052980541023892
12254,6.612737526801773
12255,7.8266427998696
12256,3.806177168126409
12257,6.240169615079513
12258,5.094600260531406
12259,3.528060710233178
12260,2.6513344124368197
12261,4.196717837883271
12262,8.031812406236998
12263,6.033270351946549
12264,5.430688318980448
12265,6.262260871891004
12266,5.006089416864588
12267,5.902409330252121
12268,4.6386196125154004
12269,6.853193737727588
12270,6.646066465043769
12271,2.975611001800636
12272,3.97741357810884
12273,5.511875233339209
12274,5.277280878967001
12275,8.496139707559696
12276,5.934599527616359
12277,7.1753726456476885
12278,4.07318896716723
12279,6.758961627368502
12280,6.355200094618466
12281,6.35026753265599
12282,9.023434036654093
12283,4.339953175473687
12284,5.6227206869606965
12285,7.664709739920473
12286,8.059093092563689
12287,4.869698860053452
12288,7.759721112589398
12289,4.267295756088126
12290,4.2118454611931915
12291,5.125905167807734
12292,5.226582265522015
12293,7.257181308823776
12294,5.892043992996252
12295,3.2443555526632553
12296,4.176837988143391
12297,3.742133879403248
12298,8.204651618667436
12299,4.073112037002605
12300,3.799957524303129
12301,6.661337300046538
12302,2.4638570037805305
12303,2.2842630460574807
12304,3.944365333847345
12305,3.8400331101785286
12306,6.214372823259998
12307,9.340506742168088
12308,4.721082063402963
12309,5.204389004581938
12310,7.314385338083412
12311,5.568658972949366
12312,5.126781296792101
12313,7.960024506771932
12314,6.685218752091503
12315,3.8500792957858097
12316,7.7786855074252745
12317,5.592232188452515
12318,4.206005377796663
12319,5.266447643029249
12320,5.953951815246599
12321,6.761703642924232
12322,5.736936504769281
12323,7.456684066125912
12324,4.452631788139411
12325,8.106912481209198
12326,4.07058687456651
12327,9.14573946540889
12328,4.800012919323395
12329,6.592110896399115
12330,8.33451401149302
12331,3.9918750975021275
12332,6.072288017833469
12333,6.858232047948597
12334,7.847268556481021
12335,6.531965865314609
12336,6.008364070537752
12337,3.0165477099718814
12338,5.816171666206713
12339,6.763277112634573
12340,6.432217648820791
12341,7.173552500325272
12342,7.182564188534199
12343,9.994764760086824
12344,3.171121282818954
12345,2.027940363389353
12346,4.931895265053205
12347,4.13922365702963
12348,7.591139882712058
12349,7.062987235491934
12350,8.908709432331767
12351,8.959453576426833
12352,6.428737580181464
12353,5.1171678266517
12354,6.724457228848517
12355,6.646050541835862
12356,8.843002953582836
12357,3.6637921890371765
12358,6.591715267571017
12359,4.834456670869275
12360,4.704344408617048
12361,5.993562530438373
12362,4.699062151770743
12363,6.8301737940364875
12364,4.579930700582464
12365,7.880251413078976
12366,7.983802426458837
12367,3.7022894085647464
12368,4.4487097147419945
12369,8.834794542064255
12370,4.914176117182549
12371,5.398008174625067
12372,5.633203836784801
12373,5.880698700624999
12374,6.7242756381575095
12375,7.550475757216868
12376,8.906097891895055
12377,9.581226641850076
12378,8.843592034935076
12379,6.557668612542214
12380,8.14321990364995
12381,4.381000285159603
12382,4.8285476566611605
12383,5.945060376954356
12384,1.0520098216531815
12385,4.442520660891297
12386,5.404362609230757
12387,3.8488345064433966
12388,3.1965629836872385
12389,6.910137990583877
12390,4.377306626316104
12391,4.822513979154364
12392,7.292303838001696
12393,5.359330674062634
12394,3.21877168232187
12395,6.074544512655701
12396,8.635878628287497
12397,7.2455772897749595
12398,6.4581565213220555
12399,4.637587028495635
12400,8.378214869879299
12401,3.5098301713157527
12402,7.243606927216838
12403,6.169747344248528
12404,5.842561668729362
12405,4.016352534261232
12406,5.997716865437267
12407,4.82194201489404
12408,3.7515489144519925
12409,6.3123448006036424
12410,4.3763105569741345
12411,5.465268289287577
12412,8.7899936137206
12413,8.236372781059734
12414,5.818775495929091
12415,6.237175753173867
12416,4.192395998115987
12417,1.0391982555176593
12418,6.304645734662087
12419,8.940588467078367
12420,4.870893143226818
12421,7.193902168116486
12422,4.856336937070351
12423,8.281571216954765
12424,3.030034305996364
12425,6.4302349732932695
12426,3.337816310605999
12427,7.966955528505056
12428,7.68880504275121
12429,4.573936350754141
12430,7.667468286168022
12431,3.7030796339949816
12432,6.044398406051102
12433,6.420719955905848
12434,8.998150278491016
12435,7.6740963112739236
12436,5.181352670535807
12437,9.89391896616995
12438,5.553268764808549
12439,6.239603837559064
12440,9.392550826550345
12441,6.746997901001263
12442,4.434133756355352
12443,8.215787794811476
12444,6.368524700151676
12445,6.418256431370092
12446,5.311584815812592
12447,6.711557535151852
12448,5.892944435527104
12449,6.614596611937119
12450,8.730243991670491
12451,9.23393372579196
12452,5.780913126965057
12453,7.382910223217188
12454,6.9194090452597
12455,5.22881129538559
12456,4.720636409867906
12457,8.391986106274638
12458,5.823151092592024
12459,0.09358300935039274
12460,6.11741204268087
12461,9.499577050754294
12462,6.100598951241603
12463,4.355329634324386
12464,7.027722977888629
12465,7.166089717539687
12466,5.4400926481113085
12467,7.770725601684276
12468,7.600070342120608
12469,8.15234923597421
12470,6.321486408417087
12471,5.497028997168081
12472,5.292585152754027
12473,5.703945060804778
12474,7.818981377891234
12475,3.5060092959410896
12476,1.4159279973486898
12477,8.617102272824072
12478,9.24212006217614
12479,5.484870127420427
12480,7.777534696036315
12481,4.621386721407401
12482,9.645573698358334
12483,6.287159832784082
12484,4.975284155160677
12485,5.063029495626829
12486,6.271207136104029
12487,6.621110178335144
12488,6.406719197739944
12489,5.317586216579641
12490,6.999258929256335
12491,4.837101471078972
12492,6.21519144467779
12493,5.720939933285531
12494,7.5360614473587875
12495,6.131830598735789
12496,8.513504861919476
12497,7.586012000960982
12498,8.49517727601378
12499,1.4860489313044898
12500,3.2053155199079333
12501,3.8661127624585205
12502,6.629994914914273
12503,5.648416048173749
12504,3.8409901606268555
12505,5.033496536306139
12506,0.8320930372596278
12507,7.24126801675023
12508,8.190596127974818
12509,5.263015345571944
12510,7.012021605065847
12511,5.408783599573075
12512,9.264311604882227
12513,6.177071789864181
12514,5.728543169788486
12515,5.780332834667274
12516,4.289959351701508
12517,4.365805158571833
12518,5.558659949065552
12519,5.985802331074974
12520,7.963118839999574
12521,4.6060805365788715
12522,6.376869359466769
12523,4.145321148050146
12524,6.5455064844498665
12525,2.227091754855234
12526,3.6563403808302404
12527,7.102101689027608
12528,6.607010160455808
12529,5.762913641555267
12530,8.69036961898629
12531,6.188169624884855
12532,4.673743771297319
12533,6.108287194245074
12534,4.049465341305766
12535,7.070978196982642
12536,4.265845775156719
12537,4.56349312038205
12538,3.4992778799913986
12539,5.218791521192511
12540,8.432612209885392
12541,6.884585140750443
12542,8.662075548752338
12543,5.268355013090142
12544,9.38875802582137
12545,6.296097744071497
12546,6.5846512720266
12547,7.276548709290145
12548,8.052003905708862
12549,6.1072934369140786
12550,5.558889685796759
12551,1.6008996125525319
12552,4.695362637659379
12553,7.527646622389275
12554,1.8813135231739835
12555,9.978599478982073
12556,8.44087222349051
12557,8.21548437192301
12558,3.5922870082204854
12559,5.649038419994659
12560,5.236348859625487
12561,8.785509268339036
12562,6.394119565301314
12563,3.2425085610971762
12564,7.773772265472959
12565,6.782281332488301
12566,6.188053006205314
12567,3.6777425218359454
12568,6.1351069548901185
12569,6.260058807830505
12570,6.2622720311918085
12571,8.520037769640837
12572,5.223056074960236
12573,2.8810058959098797
12574,6.9129199244750765
12575,5.766955477032436
12576,2.7987217911162974
12577,5.544344444893165
12578,6.050356583124055
12579,6.322817917353397
12580,6.304314490097417
12581,5.6718324626382
12582,4.3265774915975
12583,5.751289029022862
12584,7.499224849170126
12585,3.93700101987489
12586,7.329601033337923
12587,7.822315696179862
12588,2.1047714319660793
12589,3.3235385595211495
12590,8.824105405516121
12591,7.28880007672834
12592,6.334961455985814
12593,6.842533119652264
12594,2.763451466391415
12595,7.181061485630323
12596,7.758808901451038
12597,7.096717413997553
12598,4.9822872559365
12599,6.203782100249906
12600,4.394079652772855
12601,5.927784580554528
12602,5.698091057117797
12603,8.621629844967865
12604,9.484473311770168
12605,9.589329668666235
12606,6.229101184442975
12607,4.416649996143418
12608,7.177816082422862
12609,4.452545393205204
12610,4.907482381300804
12611,4.444863978250201
12612,5.727791044058314
12613,8.363623585914665
12614,6.29404723683534
12615,5.100036360925602
12616,8.298598111677714
12617,1.9136241882038099
12618,5.171152721318923
12619,6.607525295937199
12620,8.343936813938901
12621,7.7296106305798755
12622,5.552965659155245
12623,6.67626870020969
12624,6.772652335945622
12625,7.188975416364746
12626,6.246009288370385
12627,5.627905970618089
12628,7.816337402288704
12629,8.120958361711335
12630,7.170311136624238
12631,6.157511473015975
12632,4.272132766746716
12633,6.7233943977187325
12634,4.888825074317356
12635,4.945181452866901
12636,8.234093454444274
12637,7.479769852279699
12638,4.279290662290888
12639,6.987814731246881
12640,4.369449146142722
12641,6.085216356465334
12642,5.6224023720958405
12643,7.287375634701794
12644,2.911982289470234
12645,6.160082129231524
12646,8.335341414498604
12647,6.891876465216754
12648,7.663903414584041
12649,4.5168198709744365
12650,4.250134013372007
12651,4.807803771106756
12652,6.703760761425907
12653,6.043899087940695
12654,3.999943082646049
12655,4.879832081482345
12656,4.836189501383265
12657,7.173307636013519
12658,8.182847512060997
12659,6.0881698796700565
12660,6.15407453588279
12661,3.7980409038335154
12662,6.224143799960208
12663,5.731839731071222
12664,4.228070660143436
12665,8.770848993972713
12666,4.727625625597045
12667,8.49648283925264
12668,5.401569246588457
12669,6.444287684804347
12670,5.48751045070736
12671,7.836845061983422
12672,6.83003258884583
12673,2.9336004223019403
12674,8.62237573883657
12675,4.4322832992854035
12676,7.969798491820983
12677,9.9976246362577
12678,8.930868706272065
12679,6.08430376577509
12680,6.588671550808797
12681,6.6880897561372965
12682,7.461552331726187
12683,6.41580125001895
12684,6.780272420756274
12685,7.305849202565488
12686,7.335561347337278
12687,8.484119503282162
12688,6.201893543437604
12689,4.537909472930967
12690,8.920870228679401
12691,5.968769038809375
12692,8.215465285333487
12693,8.053961154508618
12694,5.32624426211551
12695,4.721804962684188
12696,4.640835033323404
12697,4.100217549244595
12698,8.02177926815649
12699,6.334834010393635
12700,8.138782106613869
12701,5.458609263570704
12702,5.327191471336579
12703,5.77748234266668
12704,1.4593461941898473
12705,3.0012010549219674
12706,6.718475291798382
12707,2.8009469347940374
12708,5.861236103705795
12709,7.998181394973118
12710,6.718663309053142
12711,2.046724242591716
12712,5.3083745134332325
12713,5.617098898356101
12714,4.186074303837286
12715,4.837241137659602
12716,7.753634748171828
12717,6.041156063452407
12718,5.174230412798751
12719,4.89463418567339
12720,6.163891522258289
12721,8.78873565064195
12722,4.4662009735232715
12723,6.432399355184698
12724,8.27632401178995
12725,6.248195125312977
12726,7.143607134754537
12727,4.640094498263667
12728,8.349473993416598
12729,3.8791543135563735
12730,7.544827952659989
12731,8.983251122442871
12732,5.454504665058097
12733,4.414909689103711
12734,6.826938524148379
12735,7.516580046458751
12736,5.882180161355065
12737,8.266668218008595
12738,8.24206797442955
12739,8.527745204228083
12740,5.123064809970184
12741,2.033056705210455
12742,5.794514469511546
12743,8.62668365406787
12744,6.321889116542648
12745,8.882363075609884
12746,4.065862189564369
12747,5.695674423016122
12748,6.112868690511185
12749,4.238110028025085
12750,4.767186830402405
12751,3.4457065235651947
12752,6.985812685124787
12753,7.888508638680634
12754,3.016968283344227
12755,8.858697358173682
12756,7.201081688653778
12757,8.286387481447079
12758,5.348713668508107
12759,6.650239742914406
12760,8.410480109344299
12761,3.7499513507889652
12762,8.871683293914067
12763,2.1033693748490014
12764,4.767782846934187
12765,6.997652122266378
12766,8.041385713872154
12767,5.298169562950454
12768,5.535237732969236
12769,4.040128120530239
12770,6.680110585840209
12771,6.644268965277197
12772,2.668655580902385
12773,1.4648252729592384
12774,7.751234286443773
12775,4.82934260590131
12776,5.2674138839703515
12777,6.831821036625065
12778,8.1868122923145
12779,8.091034586578163
12780,7.235709930919977
12781,3.544154714854384
12782,4.689979006508973
12783,6.995410240891433
12784,6.32912638633632
12785,4.429657145293744
12786,6.705455274569005
12787,7.686997876892515
12788,4.015692139239884
12789,4.188777775152763
12790,8.808707158633808
12791,6.352649743154764
12792,8.644523122752478
12793,7.161396342259477
12794,6.854073416743934
12795,7.214482230129394
12796,8.210353783604027
12797,4.5364992487464955
12798,7.537798424929077
12799,6.282752518776489
12800,3.187553598886379
12801,6.061336951867295
12802,8.823967732139298
12803,3.899126004147012
12804,5.436351592970799
12805,2.7988689729429277
12806,8.448319310385548
12807,4.481575727043447
12808,4.593677784270012
12809,4.7108415724151005
12810,5.665557942033674
12811,7.514824437332164
12812,8.61755866703568
12813,7.444634971628202
12814,7.8241783832584275
12815,7.573031612105524
12816,6.383208200048125
12817,4.899525792385662
12818,9.323545683858995
12819,4.641313591684808
12820,8.250072751795567
12821,3.2755450770523447
12822,5.776009351188303
12823,4.878316957509098
12824,9.758633478560128
12825,9.277021847405063
12826,8.414640870402048
12827,6.209714649265436
12828,6.41287806585837
12829,6.089171506287232
12830,9.07675119705338
12831,6.230338122388504
12832,5.434585716391811
12833,7.573326538642266
12834,7.230786588946593
12835,6.328850500736847
12836,8.684278640729866
12837,4.991423509668683
12838,6.415610435487958
12839,4.250572818724405
12840,8.695560977426696
12841,5.375804719560348
12842,4.067286018722693
12843,6.991266372765184
12844,5.44631430287073
12845,2.013264296477817
12846,7.556029304604993
12847,4.067237890108543
12848,4.96218145907124
12849,7.637112034772048
12850,6.941862567847728
12851,4.71230631587663
12852,5.769781499503682
12853,5.836002149630739
12854,2.8369986387914095
12855,5.8714853444045225
12856,4.39088600540821
12857,4.350669082516598
12858,5.283370731016559
12859,4.742262325587403
12860,8.45298604338993
12861,7.217148341378459
12862,6.5177494823127615
12863,8.912789253194468
12864,5.128828936993056
12865,6.455227182740101
12866,7.415625687635635
12867,4.489601774446044
12868,6.10573174502733
12869,8.814199319992817
12870,4.9873237430581385
12871,7.074772961509029
12872,4.406348892371884
12873,7.971851529327788
12874,5.09985272978463
12875,1.792294802378429
12876,8.08920942846461
12877,4.767537395796834
12878,5.047121355114209
12879,8.866707944747732
12880,7.273146689901526
12881,9.429474914706423
12882,6.291512673275916
12883,7.92112540264615
12884,3.8142590242277423
12885,7.69823925538727
12886,8.605786256275552
12887,6.767747253380344
12888,5.171108926704181
12889,8.394710953320928
12890,4.408548345357185
12891,8.376515599404312
12892,4.641782494019137
12893,6.786179327929699
12894,3.337464239777205
12895,5.6534735771057525
12896,5.642261498819164
12897,3.4487390953448434
12898,6.624610030038559
12899,8.187796129362154
12900,1.742883221072302
12901,7.353410181993604
12902,6.398396768628967
12903,7.122702226232361
12904,4.801316463814606
12905,9.348004035130291
12906,6.601780436149339
12907,2.152362053153978
12908,6.4340018756541495
12909,3.8054119083766467
12910,8.95299597957326
12911,5.763693189454415
12912,3.1338849191727243
12913,6.7672379053691305
12914,4.442815456498338
12915,5.316746565800498
12916,6.937682139205255
12917,7.804689608860237
12918,3.3481002762753866
12919,6.986803156447953
12920,6.422746384228465
12921,4.618037488239386
12922,6.879871445798071
12923,5.5601197013741
12924,6.786933305204751
12925,2.54101223173899
12926,5.296260836716927
12927,6.0355206946757205
12928,6.632578219300768
12929,8.217291939492531
12930,3.985359911182799
12931,4.923345418371989
12932,8.358499097333498
12933,8.219355346568571
12934,4.548322706433506
12935,7.74333665800543
12936,4.636570528652479
12937,8.23238983715502
12938,8.305848770453421
12939,7.087672966003501
12940,9.604307784202557
12941,4.010549822093997
12942,3.8413051721866593
12943,9.09969344409654
12944,6.663474764272776
12945,6.270625525925963
12946,7.012460951915093
12947,5.548462602713713
12948,4.890929867702768
12949,8.947940650079923
12950,6.5274267266588115
12951,2.0137860802427667
12952,5.770361917482406
12953,5.999584318658105
12954,8.95768317320784
12955,2.176812598278725
12956,5.249175425094007
12957,6.035818166786283
12958,8.842622097384808
12959,3.407652631094865
12960,2.1193542318640914
12961,7.237934503159278
12962,5.4024040844721
12963,4.869081433646979
12964,7.688007613482277
12965,4.72618204639326
12966,2.8673330238676056
12967,5.351099201842858
12968,5.111635083267768
12969,4.810521722254915
12970,6.276589175523581
12971,4.32488349374693
12972,5.531696892338277
12973,7.113062981558886
12974,2.9561437154364
12975,5.668763462986224
12976,7.439737405333662
12977,3.1301306010244914
12978,8.534896835577802
12979,8.12773575286843
12980,4.838662769385154
12981,2.940876194774831
12982,9.839785870872216
12983,6.55570007020868
12984,5.214652694774643
12985,2.969108046113926
12986,7.795939078318871
12987,8.218757449084269
12988,7.644689868916677
12989,4.337763644459983
12990,5.957144593946504
12991,4.507570451807997
12992,5.29677535755757
12993,3.9546692782635
12994,7.0630170658668945
12995,6.4145797336727295
12996,4.629371522006497
12997,7.202336952574521
12998,6.514291193552848
12999,5.971360495965097
13000,4.243587962837135
13001,7.566031085998835
13002,9.5183032925956
13003,4.798434535493287
13004,8.914935482687849
13005,1.3622563300332187
13006,3.7973207557903472
13007,5.330214022956853
13008,4.311269735510331
13009,8.632068773020768
13010,5.15227544485599
13011,7.313896510300926
13012,8.171300414645167
13013,5.2550211435335745
13014,5.480091725309976
13015,6.344015648585302
13016,6.683283514328748
13017,5.970606829483811
13018,2.578335464842388
13019,4.452192705739188
13020,4.698591842565
13021,7.136456321701134
13022,8.951770956871282
13023,5.990931713438691
13024,5.182294970439461
13025,5.918729741654619
13026,5.33580492649069
13027,7.4787782222321635
13028,7.793060129727269
13029,4.889072886430842
13030,4.881774244676989
13031,4.817662579064992
13032,3.0739786562869518
13033,6.828609448731274
13034,4.304591473811035
13035,7.47413471060065
13036,7.244950212374228
13037,5.314259902314736
13038,7.0939990433901015
13039,6.48622876259123
13040,5.007968224065947
13041,3.1313968121304976
13042,3.6065890923185586
13043,1.6024446160900616
13044,5.514438620488915
13045,5.333373633082246
13046,5.158450441141255
13047,8.644244221438493
13048,7.576424090711089
13049,6.983553718109318
13050,8.321663176930034
13051,4.3093261856475324
13052,6.677901495250647
13053,6.9550707788945685
13054,8.913252605798457
13055,5.27413305903025
13056,3.6303709375098627
13057,2.1257313104222324
13058,6.695261516506565
13059,5.989127742298735
13060,6.062656268893266
13061,4.524922645264094
13062,7.210197383697756
13063,9.2932090542771
13064,1.849333517700258
13065,4.379516057733798
13066,6.858316278394627
13067,9.00519580220722
13068,7.342076245489213
13069,7.248663770957495
13070,4.5123300595023945
13071,5.103431715071025
13072,5.94530562693044
13073,6.443015590972053
13074,3.9114891776703162
13075,3.5928054206995297
13076,4.689740319345857
13077,5.748610053141638
13078,6.33319433425482
13079,4.208990070280995
13080,7.720708205414452
13081,5.950279324750549
13082,4.172511660511312
13083,3.565830529838846
13084,5.078978187591189
13085,4.441348549293142
13086,5.897419440756728
13087,3.074110534828615
13088,3.4240341612449243
13089,9.34823977502084
13090,7.956374985516874
13091,7.849661716135259
13092,7.614029553398678
13093,5.866352096740762
13094,2.935306256574073
13095,5.4645484142041205
13096,6.010869085784784
13097,4.134420471098805
13098,6.415565324034904
13099,8.510788549288574
13100,4.311568628362524
13101,5.6270451065732
13102,1.3777350337660221
13103,7.075838112824622
13104,6.5994118345945925
13105,6.879469485194489
13106,6.16322884610685
13107,3.6503182760317165
13108,8.64068091084213
13109,5.92451235343401
13110,4.604166059574377
13111,5.5447387622869275
13112,7.471671960772052
13113,5.926011291619593
13114,8.617211482672051
13115,6.481896428629621
13116,8.136990639753709
13117,1.6877373727991323
13118,9.768055928052306
13119,6.368096680144275
13120,2.940555076855856
13121,5.4994530311609395
13122,6.717897147609238
13123,5.805787695533408
13124,4.353069452311587
13125,5.034559291889309
13126,4.337897584796219
13127,2.013792954600958
13128,7.646266768328087
13129,4.772865138707335
13130,7.322239599555317
13131,2.0941270434791663
13132,5.885651752689883
13133,5.080479918584923
13134,7.457596298054679
13135,5.0685889511665705
13136,2.3184759799266925
13137,7.117682874027102
13138,6.859936091542305
13139,4.876815098690011
13140,8.740127331269207
13141,6.620516294242681
13142,4.4718330906272366
13143,8.294566786764767
13144,7.631641452088438
13145,6.128616518886549
13146,7.302363295544606
13147,6.658162448477289
13148,6.513166909409216
13149,7.29353378058592
13150,3.7202405682249142
13151,2.9039009402475893
13152,7.1431303747697
13153,3.872114137536001
13154,4.472141888546757
13155,7.387271130418158
13156,4.686186242570197
13157,4.469004441365135
13158,5.040670079715929
13159,6.663690386711454
13160,5.821318132609535
13161,9.962940897507972
13162,8.043063399321436
13163,4.33223693226486
13164,7.707012969854384
13165,3.8004727995470757
13166,2.894071964443107
13167,6.356575764535096
13168,3.8906598079787074
13169,5.6328996503565865
13170,7.513037997632894
13171,7.064186643612603
13172,6.312874149614672
13173,9.362663469895331
13174,6.456834416890814
13175,4.394882740080909
13176,5.655956908027504
13177,7.674349320895783
13178,3.432032084064607
13179,8.615499536093893
13180,4.551749768094357
13181,3.464383230418947
13182,8.243016112297761
13183,5.589820271607884
13184,6.715103750646017
13185,7.29702296961717
13186,7.731542808544846
13187,7.331849180814293
13188,4.624866330034047
13189,4.466269659506359
13190,5.849440426109238
13191,3.2877410984906255
13192,8.52694444182295
13193,7.610862379058983
13194,8.344311487614172
13195,6.175395468845234
13196,5.4836053017351265
13197,6.174382961993592
13198,7.273465592818394
13199,6.304799936430196
13200,9.238572063246062
13201,2.557126283453196
13202,5.209924108030277
13203,6.887078406682325
13204,4.523724661767922
13205,5.999217320773571
13206,4.17023851372512
13207,3.395125995557423
13208,4.084734574609777
13209,2.506482692138425
13210,2.8159649211443734
13211,2.6382920953716837
13212,6.9182237691819894
13213,6.680976552137935
13214,5.094317179284527
13215,2.8092613192915152
13216,6.148014232732303
13217,6.1197980478407095
13218,7.8985857303834
13219,5.908517291389024
13220,6.461231995072585
13221,6.439644229047218
13222,9.398679865112115
13223,4.80671192761621
13224,4.2689719184033255
13225,7.689292152880514
13226,5.900822357585492
13227,5.3614904474636
13228,8.512673847104157
13229,9.095836972742847
13230,6.218633718747005
13231,4.282511536427402
13232,7.649504712490942
13233,0.33358508388227504
13234,5.417735923413206
13235,6.6243275788919505
13236,6.4611028095089695
13237,7.512839065263128
13238,5.525106727816197
13239,5.229103663339425
13240,3.653421437733752
13241,7.616459277787487
13242,5.083790412904525
13243,6.808512976349841
13244,5.9932827174992624
13245,4.918280507921341
13246,7.292679974847263
13247,8.159047414034323
13248,4.8258208904424675
13249,4.839328321961486
13250,7.731820721054246
13251,5.29521275544329
13252,7.796347731341228
13253,5.568043617568282
13254,3.268839912458142
13255,5.69154721795542
13256,6.703411704224263
13257,7.160006348668347
13258,8.441615975293443
13259,5.212136006441436
13260,8.548049480166073
13261,9.574059520923203
13262,4.5563361711996695
13263,6.4924590686454575
13264,3.4560710828832497
13265,5.532447523509909
13266,6.577599035598465
13267,4.196450323584754
13268,2.746180903732729
13269,7.047437615309638
13270,7.572500246916566
13271,5.076342342156748
13272,8.449453139493633
13273,7.807285968868338
13274,8.287067091915018
13275,8.177467702419573
13276,6.3932251625318655
13277,6.850577330707873
13278,1.0337987094353795
13279,3.4932002546355547
13280,5.290138575106026
13281,6.301601416158879
13282,5.829917609311808
13283,5.382976823175136
13284,4.898632009153069
13285,7.2280695894510885
13286,6.665877525480714
13287,7.056452216675379
13288,5.299095466580671
13289,6.859291277805545
13290,8.79156327532773
13291,2.7536790431059694
13292,4.7599367873833645
13293,4.070737604096106
13294,6.803971214450331
13295,7.6490126383433195
13296,5.599729072271184
13297,6.237845805205454
13298,8.172062942207608
13299,5.926204663468381
13300,6.234391001215744
13301,6.379446355868631
13302,4.659019825546425
13303,7.066860453053247
13304,5.969074404311102
13305,4.50473179672114
13306,5.800639816990925
13307,6.9661604213721375
13308,4.453803363743225
13309,3.0013672773126006
13310,3.200787702311807
13311,5.537914168644852
13312,1.02039007923173
13313,5.353405652216201
13314,7.569619149940775
13315,8.935660393880525
13316,4.55169935729261
13317,3.1430685564213716
13318,5.206289691462134
13319,5.827502276147419
13320,4.796859998960292
13321,6.072898625200496
13322,7.346217703932771
13323,7.582508923877659
13324,6.9027514787471365
13325,3.3410906924784514
13326,7.8502661165820795
13327,7.057420454726845
13328,6.451094473993502
13329,7.116000960794952
13330,6.876613155349604
13331,5.708612142324085
13332,1.955576302048042
13333,5.321320058314512
13334,2.6663912642724865
13335,10.0
13336,1.678689587312164
13337,6.979115767717429
13338,8.491756517728989
13339,8.722717820031866
13340,7.927505415542325
13341,9.27204908856891
13342,5.526387897823738
13343,6.237514210595728
13344,2.7992692602138276
13345,3.3620215393562463
13346,3.5989597552236816
13347,8.779628792015611
13348,3.945028324355873
13349,2.6552681854029507
13350,3.4361552741687036
13351,2.7355612220955203
13352,5.474631047276753
13353,7.993286928788102
13354,8.06604375362923
13355,3.087119968622576
13356,7.222451616173188
13357,3.8720349506896397
13358,8.13104891904141
13359,5.429679836196303
13360,8.2473809800677
13361,6.703161756013446
13362,4.036192750165689
13363,6.87867527223774
13364,5.125791441632136
13365,8.769332760952814
13366,8.418747989259206
13367,4.999223439718644
13368,5.525187387913041
13369,6.742887039596463
13370,4.363399506206475
13371,3.4157586034751275
13372,3.735275146051618
13373,8.057248116069143
13374,6.720644228989334
13375,4.121089506678649
13376,4.827608097027172
13377,6.5247911801043585
13378,8.685874280583715
13379,5.189427187211722
13380,2.4316759077702743
13381,8.902835098582548
13382,4.016188207475205
13383,7.421969603130319
13384,3.676364755012906
13385,7.5777806991128145
13386,3.1807539556791804
13387,2.5477844331509276
13388,6.156853721419263
13389,6.302829276843528
13390,8.576658475116144
13391,6.517307542414551
13392,8.282508792711038
13393,5.345676139033638
13394,4.7527925229410855
13395,8.88065154324894
13396,8.837894719422916
13397,7.992182277034419
13398,4.803926536541738
13399,6.9611661308908
13400,7.787761475019603
13401,6.3530230508315215
13402,3.988576101123995
13403,8.388395416418806
13404,5.918443486980839
13405,10.0
13406,4.046941873826409
13407,3.1213663605460935
13408,3.6812816582051853
13409,7.446227668722615
13410,9.238647880457899
13411,5.583596590230962
13412,6.07735468486908
13413,8.451833113749213
13414,5.453199196525288
13415,7.175592201712344
13416,8.314031869979889
13417,5.8781041070151385
13418,6.742174456172082
13419,7.25659411618191
13420,6.986903486817911
13421,4.865372105682947
13422,5.181063428880034
13423,6.519503164614851
13424,8.34325218675519
13425,6.676838440510548
13426,5.701858518597693
13427,6.662535779981406
13428,5.351316210564504
13429,4.05589700527224
13430,3.976668750391839
13431,7.868801192721442
13432,7.73936936697293
13433,5.039929664965291
13434,5.83955769543521
13435,6.222418853489156
13436,8.873405970080178
13437,1.7728661307212348
13438,2.852071014079047
13439,10.0
13440,8.189586005612568
13441,4.23271041426577
13442,6.699833129151959
13443,5.798231207159606
13444,5.931645291218552
13445,6.69345715635856
13446,9.147735037644997
13447,2.438705378437036
13448,2.8296988753856387
13449,5.609541494364834
13450,7.559943049604172
13451,5.7330451635376205
13452,7.218245634035471
13453,4.8067371202476235
13454,8.40585343311056
13455,4.943252478782854
13456,2.6445776615629324
13457,8.09238931350418
13458,8.14179227200952
13459,7.236859828130493
13460,6.323493213352964
13461,4.66823741937843
13462,4.4731212469957224
13463,2.786405988700321
13464,4.188184017603024
13465,1.3086618737746707
13466,7.849375123128139
13467,4.0387660352252945
13468,6.767683626353258
13469,4.968931106625864
13470,6.589937373417382
13471,5.1786789361472
13472,3.747638567345964
13473,7.497151904505591
13474,5.006676045491753
13475,7.508266784304131
13476,6.728807162270725
13477,3.8202100950167557
13478,3.1087905033502743
13479,5.188665740631608
13480,6.370519300858399
13481,4.71758644651653
13482,7.511870275887448
13483,7.611648022831514
13484,6.080398551246305
13485,7.032525142602841
13486,5.721801215721053
13487,5.143285090967344
13488,3.27384063705527
13489,2.5223751009556925
13490,4.362755580602409
13491,5.904823430880545
13492,6.219843104039112
13493,7.583560217557034
13494,4.124475406439467
13495,4.562570661776374
13496,4.994279321050232
13497,5.7210503231756125
13498,6.3066583018320745
13499,7.610812879878489
13500,4.628507362184422
13501,6.698389318347229
13502,4.842686781440162
13503,6.9807468723685515
13504,8.184988628200419
13505,4.650180240027888
13506,9.13693025176408
13507,3.4445529714691907
13508,3.5190561586548084
13509,8.324214529457565
13510,7.947441224911374
13511,4.092722073422657
13512,7.013440438823449
13513,2.3931624486716876
13514,8.423737316817995
13515,7.61157733076071
13516,4.304354460271128
13517,5.810070292612127
13518,8.911523830374238
13519,8.519620877180532
13520,5.972260105773201
13521,5.4524159368715175
13522,4.406620224150624
13523,3.7654223777091067
13524,6.216257879471691
13525,6.129939816457058
13526,3.205037278240659
13527,4.145617860662361
13528,9.391705792357005
13529,7.164382436385232
13530,2.0662213555322304
13531,6.368945669282327
13532,7.049136938460133
13533,2.905266255405543
13534,6.0581592664477855
13535,2.987392546424161
13536,5.110631532890385
13537,4.811541194638002
13538,6.260313744706819
13539,4.0007664563972085
13540,4.995739826147923
13541,8.83429123381841
13542,3.428641764260315
13543,5.3186512479168755
13544,5.458477049187132
13545,7.856165132860392
13546,7.586522623449667
13547,8.14071025323259
13548,4.11684315429151
13549,2.4911631780405274
13550,4.944133579639325
13551,7.5853743878655875
13552,6.60857031831691
13553,6.8519483866881306
13554,4.449496921484201
13555,6.708718992588876
13556,6.280033811107943
13557,9.849301162937913
13558,6.9459159331964155
13559,8.983789847187197
13560,5.7257114146636825
13561,4.257577490552447
13562,5.10201544530081
13563,6.5105079066865486
13564,6.779147580256572
13565,6.302179156331571
13566,4.3543853387748745
13567,5.53482531831415
13568,5.37151259533251
13569,2.4541157550400854
13570,5.04351704328698
13571,6.447067988426869
13572,6.978244851206756
13573,7.216905135771377
13574,9.158377524318556
13575,7.819945795554777
13576,6.081777053535082
13577,8.972923054851968
13578,2.6217683148831568
13579,4.3871976391402825
13580,3.7871908850304328
13581,6.158439881963534
13582,4.632816432688012
13583,7.96653068302525
13584,7.259051742367957
13585,8.402870139410766
13586,3.202037711410329
13587,8.21846024967669
13588,1.0557957131702478
13589,8.52469072159079
13590,5.450944560016367
13591,5.989705101914689
13592,8.759786303063242
13593,6.13704874880407
13594,5.775594413035585
13595,5.534997559203758
13596,8.579409234428562
13597,5.0816931776253735
13598,6.745198781451886
13599,1.600638758133535
13600,8.774102489984875
13601,4.856043897236998
13602,9.282705276501211
13603,3.4495432320652406
13604,7.659345144332822
13605,8.010017364359168
13606,5.901740615693933
13607,4.5639696495586985
13608,1.2929267657010104
13609,3.5541957715696206
13610,6.370874405158031
13611,5.539639007160408
13612,9.630267949303782
13613,2.1052194162450144
13614,4.945558452498434
13615,4.64283838298762
13616,4.416088165616268
13617,7.170043983754373
13618,7.75509907448456
13619,5.756674258140986
13620,3.4182211251933916
13621,1.5099139020559764
13622,6.16612917952458
13623,6.394980332890848
13624,10.0
13625,5.431885176645569
13626,6.155334616563126
13627,9.357368628871933
13628,5.126861367108814
13629,3.62870248569095
13630,3.963575512906742
13631,8.217095483373328
13632,5.017219355447694
13633,4.883958174134408
13634,6.906693595684335
13635,3.95957524462269
13636,6.3473611018653
13637,7.368304306751784
13638,4.699458264415587
13639,5.183087408963276
13640,5.439568182770296
13641,7.434450795072964
13642,7.1844687940172935
13643,7.11899127948072
13644,3.3687425309394428
13645,3.9958152474852455
13646,9.229835726474933
13647,3.9894131626444187
13648,9.148885881054458
13649,4.827057192951029
13650,5.474636631657025
13651,7.414822523166239
13652,6.59101073960277
13653,6.63862403257188
13654,5.71334174668475
13655,6.612698632559824
13656,4.37520020777753
13657,4.134662754064641
13658,2.894591853960198
13659,5.089069050696931
13660,7.639299225139396
13661,7.468342456469339
13662,4.709144472145222
13663,4.961118391787363
13664,7.178383036368258
13665,7.096122903325387
13666,6.787742072683976
13667,6.879341679793687
13668,7.1407401951832075
13669,2.7460833235517477
13670,8.291274855979388
13671,6.374547408120792
13672,8.814859639930257
13673,7.048580992062769
13674,5.300185534730718
13675,5.970894439512782
13676,7.219141876089393
13677,8.629865220783131
13678,6.701922175720751
13679,3.4081747983532216
13680,5.194018648293273
13681,5.574179712121047
13682,5.03221513556109
13683,7.580713661370642
13684,5.724391347870958
13685,6.621605120884093
13686,5.656378117531651
13687,7.321766439437877
13688,6.7433680827244995
13689,7.3099087628915385
13690,7.6100136347469105
13691,8.719271260181605
13692,4.523489750964147
13693,7.230159658699579
13694,5.149363781523746
13695,6.264855572201073
13696,7.723256632842845
13697,8.002425449097043
13698,5.373810386110164
13699,6.420028539321902
13700,5.242005959122933
13701,3.6937638380585156
13702,4.600051575501903
13703,5.779113386615828
13704,3.2665774524425353
13705,4.661166549228845
13706,8.32260153962243
13707,5.618597776042354
13708,7.698445475655373
13709,8.59637068779009
13710,5.537494006789579
13711,6.827137061019781
13712,4.993055443321422
13713,6.414599729978401
13714,4.99499375633638
13715,6.557635279907283
13716,6.128330207513154
13717,2.3651593398873048
13718,4.2746014127384795
13719,7.047565703841249
13720,7.882948629454086
13721,9.017908269901014
13722,5.0705252750060295
13723,3.3423230320732777
13724,6.812187119827089
13725,6.440271997600055
13726,1.7551551334872222
13727,6.516638215829046
13728,4.282956695323224
13729,6.893708926790843
13730,8.145387654342304
13731,6.527111122122807
13732,4.1616750121894
13733,8.9193956030999
13734,2.533937865916438
13735,5.300140371131092
13736,8.275109345515425
13737,3.232387697453757
13738,5.254891270458824
13739,5.342470802592372
13740,9.429369330290795
13741,5.614498636354613
13742,6.938870490313742
13743,7.762000788234857
13744,5.84027826119645
13745,8.341461649658196
13746,6.602051761019308
13747,9.32862431593514
13748,6.129271465075314
13749,5.209707397762402
13750,6.220537019658567
13751,7.563791599806963
13752,5.426054844768112
13753,8.464283100180513
13754,5.347740840321429
13755,5.947256978337989
13756,5.093799817208895
13757,7.049217012664769
13758,5.11906942002579
13759,7.209810285365668
13760,8.310300405656793
13761,9.20202758925443
13762,4.751796985816968
13763,6.876141480652405
13764,5.862869811799951
13765,4.268416514071322
13766,7.825363449417855
13767,4.116536975558397
13768,5.332137637057075
13769,4.2793256769465104
13770,6.538502606970868
13771,1.1356702779701366
13772,7.06566618248217
13773,8.328098268815962
13774,8.973721579976631
13775,4.764057274925103
13776,3.4823932235088555
13777,6.970094063264708
13778,7.752095965836743
13779,7.545191216826683
13780,7.403973207985215
13781,6.000259919652282
13782,7.486243325969514
13783,6.637719605705348
13784,9.187281178547774
13785,3.6178744223597548
13786,7.0726083068274175
13787,6.9178160362721
13788,5.5386527566081485
13789,6.239880548955345
13790,5.565947495685091
13791,4.870185744330513
13792,7.169691046677791
13793,5.576409111189696
13794,5.027343388304372
13795,4.950116103530021
13796,5.162207203418339
13797,4.481045124508748
13798,6.357044960136695
13799,7.205419807345851
13800,4.751814951754353
13801,3.6681109506426113
13802,4.875241127031965
13803,2.378853129947198
13804,4.142867736796716
13805,3.0620027321850247
13806,8.18236311753079
13807,4.175433856512063
13808,5.281435709186474
13809,4.360202064817118
13810,6.815435849247672
13811,5.571242459036695
13812,7.181490653660818
13813,8.029633161702188
13814,8.380933562209098
13815,4.493743757581467
13816,8.51264062598739
13817,3.6943145317273673
13818,6.23731935712781
13819,4.906110265463918
13820,8.136836302140107
13821,9.091610777696896
13822,7.190047289164833
13823,6.640937728063415
13824,6.2460163212489
13825,6.499177789414905
13826,5.364475299779646
13827,4.867171260978915
13828,6.080065058416423
13829,7.522930992089684
13830,3.6827395765716178
13831,7.736335704915421
13832,7.670566863891169
13833,8.318085202152371
13834,6.230408717196733
13835,2.5430552214411857
13836,4.5377260977297835
13837,5.58620799994842
13838,8.654505440700493
13839,5.855798252973568
13840,5.456357025373525
13841,7.86852182777199
13842,8.249558591573292
13843,8.177845135664414
13844,8.682792707894151
13845,9.566681725525772
13846,2.023954594649086
13847,6.640858697628199
13848,6.520842967924608
13849,4.876936474683307
13850,4.473680805859092
13851,2.447740852099191
13852,4.835972732868543
13853,9.730815137576746
13854,5.319254351768324
13855,7.058550148941473
13856,3.4013724789456523
13857,7.339708254176237
13858,5.6598585668058465
13859,7.370107289999796
13860,8.98038192236508
13861,5.649181819659093
13862,4.72154851800944
13863,8.704072235560194
13864,6.997799594794931
13865,5.808344095153349
13866,6.783310555261707
13867,4.214127242610561
13868,5.189373821850774
13869,8.025954771260812
13870,8.556712195272041
13871,8.811981315631254
13872,5.79697824953414
13873,9.588853583263695
13874,7.290310609028159
13875,9.075672907417431
13876,6.936078092486613
13877,6.287253738251813
13878,6.225575006799525
13879,5.561635457785949
13880,7.931412099539268
13881,6.155561668963742
13882,5.540421342230033
13883,7.784853008071245
13884,5.951954385581109
13885,3.40956640775037
13886,6.253627132736406
13887,7.3117639521265785
13888,8.209135754904038
13889,8.002204025786288
13890,3.2816191820595675
13891,7.340911072506884
13892,6.376740963843562
13893,9.47108797327553
13894,7.094190299189694
13895,6.596508920406424
13896,5.702036561928034
13897,6.846406441168358
13898,4.825788280483304
13899,7.389178824038562
13900,6.9293479351710845
13901,6.490006020732848
13902,2.274826570642687
13903,7.2359861572393935
13904,2.961742164211434
13905,5.564617857512558
13906,6.0080418166371015
13907,5.472393513636658
13908,7.318910934078657
13909,7.790677632532137
13910,6.570364811143466
13911,8.086714109810824
13912,2.626453164787313
13913,7.418758219651288
13914,0.8764387934112134
13915,5.78275416680682
13916,7.494339393481994
13917,7.789580737267597
13918,8.060188268585696
13919,7.5002613217534515
13920,6.39932296539878
13921,2.892693489765474
13922,5.161487731651785
13923,8.597252175993589
13924,7.084174114540912
13925,5.403674048384362
13926,7.510862766851924
13927,8.348908860620526
13928,6.720481058669291
13929,6.656903280913814
13930,6.434002126781175
13931,6.916008220616573
13932,6.775300423794211
13933,6.37404660319087
13934,7.178982479206242
13935,3.2376358002818533
13936,7.21606166421591
13937,4.201604772698832
13938,2.637920316182042
13939,7.116026024058991
13940,6.552569477148417
13941,4.476750901419956
13942,3.8550273375101
13943,5.161884068132846
13944,6.78322231228874
13945,6.641624606992141
13946,6.4796424695999
13947,4.49625255392243
13948,8.260181447380509
13949,1.760195658464778
13950,7.410826534449886
13951,7.318604358330353
13952,4.492955369808782
13953,5.010326766558589
13954,8.092995474430307
13955,4.135990162397382
13956,2.024766773558823
13957,1.6933432102565256
13958,8.134494057601954
13959,6.183865687345202
13960,5.465682205283747
13961,7.157010640288741
13962,5.705232660604283
13963,8.182000650246362
13964,5.359590852323457
13965,4.63418565666075
13966,5.376667533900849
13967,4.493135443518513
13968,6.119262786925968
13969,5.582611248122598
13970,9.314346379416524
13971,6.068815516838934
13972,8.78546775702183
13973,5.707802060873158
13974,1.5846426429760878
13975,6.402235455537726
13976,7.250306923775341
13977,6.190059769381361
13978,7.061550234572181
13979,6.724910092970873
13980,8.541065894077713
13981,6.732045813480132
13982,5.1231253304368165
13983,4.751106806916047
13984,3.1205024447362133
13985,7.426442099619942
13986,7.81486058761965
13987,7.300980747675837
13988,5.800890101566518
13989,6.501568922277128
13990,2.0590610641779836
13991,5.176825273787226
13992,7.008052535378719
13993,6.876022886918863
13994,3.1467954627833183
13995,8.20450494854189
13996,6.037891532645176
13997,6.767564648666628
13998,7.3574490750797334
13999,4.334384921975101
14000,7.636150785134052
14001,9.350036050536094
14002,5.265771847889766
14003,8.89129442297934
14004,7.712538552873056
14005,7.030858920476052
14006,3.0191030335266023
14007,7.822172771561215
14008,6.775285867470776
14009,3.3946613553661833
14010,8.470353261672873
14011,3.462210874415304
14012,3.5255289744948457
14013,6.627171873821399
14014,4.083177671178837
14015,3.226753564334897
14016,4.973445258587417
14017,6.239909901326768
14018,5.972429713689654
14019,8.41438363505198
14020,8.954269862877215
14021,8.326818331493119
14022,6.963741247272402
14023,7.193330226735782
14024,5.064542752718245
14025,1.471344453249636
14026,5.92294573363178
14027,8.44322681287093
14028,6.071027794524134
14029,5.879914314002779
14030,4.898178556622243
14031,1.787186820990287
14032,4.632941881862538
14033,5.499165497159863
14034,7.91175027918712
14035,4.130157723273403
14036,8.31024483044761
14037,7.534075664765598
14038,5.671951936597344
14039,7.743932663553435
14040,8.333076504477338
14041,5.004656494449634
14042,5.328835558498659
14043,6.193374216698912
14044,3.1012025451416214
14045,4.166286455980304
14046,5.179377040581177
14047,4.222874366840829
14048,8.460308223426937
14049,6.332109268825036
14050,5.064639926395512
14051,7.56098668513184
14052,6.018685607478888
14053,3.2646660013545246
14054,9.383202793517707
14055,7.1562126147768925
14056,6.854287456870942
14057,5.2380778020943755
14058,5.195979445856698
14059,4.459754973268547
14060,1.122876535100235
14061,4.073606821334485
14062,4.531335044399195
14063,4.36808845916138
14064,2.5463570841647893
14065,1.134260511396877
14066,9.177947388021598
14067,1.8525997741878126
14068,4.690179845938838
14069,6.2406764381736854
14070,6.6804585408347865
14071,4.769803310058526
14072,4.940414034133694
14073,8.29995501582135
14074,5.4983125964795025
14075,4.937852215421246
14076,7.0737202363284215
14077,3.6517556498968644
14078,7.233741920903637
14079,6.347003346673614
14080,3.7974722888959294
14081,7.588836391205447
14082,5.845667071462588
14083,5.205197752510863
14084,2.3139560593537465
14085,5.868698531236984
14086,5.549206815826809
14087,8.26908665291178
14088,6.105635603542303
14089,6.23394602624249
14090,1.9153325745255014
14091,6.931517891552448
14092,5.729877474274467
14093,2.714344811819523
14094,4.358874026885397
14095,7.175962098308537
14096,7.571008622655576
14097,5.890539570316436
14098,7.391270158745195
14099,7.440771314650367
14100,7.346572917418013
14101,4.658542892059654
14102,3.91646876058734
14103,7.6974843947761284
14104,6.534028542417099
14105,5.510672931759227
14106,5.636719514171752
14107,5.729207954951882
14108,5.183224562387217
14109,7.3548772633922095
14110,4.443000670303535
14111,2.0387990876977384
14112,5.827652403700668
14113,5.156207810965014
14114,10.0
14115,6.177773310510892
14116,6.464983113247172
14117,8.276987461564689
14118,6.637713175673849
14119,6.272540164600732
14120,6.471671670569698
14121,3.7110033264382722
14122,3.7706125891419973
14123,4.906057322582216
14124,5.346653159115251
14125,8.003412563347833
14126,7.143102523515442
14127,7.852143163625561
14128,4.791383661366656
14129,3.195380820412616
14130,4.217714288247523
14131,5.676908064001681
14132,7.353823493663891
14133,9.850113584425918
14134,6.746425429534957
14135,6.193824498951372
14136,6.571397489819783
14137,6.42842575724552
14138,4.37277381049814
14139,7.71266071558546
14140,8.739600216319646
14141,7.341260899459266
14142,6.364412092124494
14143,6.300224954141731
14144,6.289404959134368
14145,7.792105151215739
14146,4.397121791012211
14147,4.665746511990564
14148,7.693923080956512
14149,9.64390860545534
14150,3.458184820272046
14151,5.127972755466735
14152,3.0362433522924293
14153,9.595408513169819
14154,6.630295705505188
14155,7.413423040095642
14156,7.951555354131946
14157,6.1197888773522084
14158,7.189400598398274
14159,5.34552644503986
14160,3.8348890269323617
14161,6.989145115962671
14162,4.754787577558662
14163,4.965189845567682
14164,8.007187734682423
14165,6.309552872343454
14166,6.658685569269804
14167,8.885292479646163
14168,7.106699296759437
14169,9.379165754986609
14170,6.1063093740840815
14171,2.18727637160009
14172,4.107506252112516
14173,6.6591374759704465
14174,6.5156436001510345
14175,4.980762836921575
14176,7.489992953731712
14177,8.502729960771244
14178,8.127448561834528
14179,7.068053333959123
14180,4.758456993019501
14181,8.760327064679217
14182,5.397053696960202
14183,7.5204191681885835
14184,8.469637177700113
14185,5.683878395071149
14186,6.5404096870959565
14187,6.250923978419777
14188,7.1060195895137355
14189,6.866702408110018
14190,6.029404247591388
14191,8.326048157773986
14192,7.459764892977174
14193,7.367096343025601
14194,7.003143561613139
14195,4.794115302959421
14196,6.9550232094475675
14197,5.952388757994875
14198,5.530886040446385
14199,5.334105705609134
14200,7.806237456728733
14201,4.002025007907538
14202,4.410869324296838
14203,5.947248924934548
14204,2.896573081006175
14205,8.375230923020332
14206,4.8085352139214
14207,4.5116499262370215
14208,6.466345181391887
14209,8.80884666202181
14210,9.188144513892126
14211,6.438242806617842
14212,6.8021599617137865
14213,8.42243727932185
14214,7.601996613252742
14215,2.366997392758889
14216,6.558512066135461
14217,9.010921334550476
14218,9.233644525349089
14219,5.425052385635459
14220,8.48891164724939
14221,2.63638281171054
14222,4.660279262081762
14223,5.1411865793063996
14224,5.734455529679384
14225,7.424434576115594
14226,2.1480352759488053
14227,6.082758994431805
14228,6.6690448544121015
14229,6.1585536887537184
14230,3.9518490589742257
14231,5.079733733646157
14232,7.123439510216687
14233,5.225474537861514
14234,5.759497280844717
14235,3.8265632829143614
14236,3.739125847546422
14237,3.7707826115206062
14238,7.0162122434374705
14239,9.334779138905253
14240,4.347589575949358
14241,8.558267504281122
14242,5.541939850681902
14243,3.7953329833116767
14244,5.570958240169633
14245,5.612216594272485
14246,7.148939607134577
14247,5.305327652260868
14248,6.526354238273053
14249,5.147653103684691
14250,8.771302006283275
14251,3.236735158283397
14252,3.39135674020636
14253,9.895202291743837
14254,6.798238801989316
14255,8.19172051180286
14256,5.441047708938614
14257,4.451516238265171
14258,7.991671827072372
14259,6.092322225163617
14260,1.7557002610802814
14261,7.517165326066819
14262,5.278152639200748
14263,1.619836792964339
14264,9.690291842833362
14265,5.3922031351170805
14266,5.553161854888716
14267,5.539894565840835
14268,4.625059727223006
14269,7.261549161887946
14270,2.7247895326145626
14271,1.7604109738872578
14272,7.544199618854606
14273,7.073519298561474
14274,6.5313094371762705
14275,2.01139054221073
14276,7.73308988729368
14277,8.251598813123987
14278,7.805398322177508
14279,7.244091171654897
14280,6.181949941253421
14281,5.071389954651474
14282,1.9407608239141318
14283,4.632231713221576
14284,6.7024755054233385
14285,3.8776122781547513
14286,4.653888851393927
14287,8.966958874215212
14288,5.320470244980585
14289,8.020808792150234
14290,6.7939214367858085
14291,5.923777834873653
14292,5.976909286719094
14293,7.757507780696663
14294,6.479771249531173
14295,6.451492458652579
14296,6.091943830473729
14297,5.077472085197157
14298,4.703763704450739
14299,6.319005468919228
14300,8.273894615150288
14301,5.352249040661522
14302,6.273602130492823
14303,6.744043547356772
14304,2.2491825132954344
14305,7.059508637640104
14306,3.254460085151796
14307,8.27327482810752
14308,3.375671708892449
14309,5.997343159355906
14310,3.577085556410372
14311,7.661374763518547
14312,4.381146507325939
14313,7.451723816596586
14314,3.422753226688659
14315,4.342755901423159
14316,2.7434168525133433
14317,7.4791648693814565
14318,6.248336173869005
14319,5.9031432462566995
14320,6.364428728965092
14321,6.983193737358214
14322,6.156005200094091
14323,4.59913163262669
14324,3.7195066872104823
14325,5.299680819798134
14326,9.603970953781987
14327,5.355673737233742
14328,5.524271177219519
14329,4.632797552627214
14330,6.653601693357632
14331,7.86956563352212
14332,8.312729656603794
14333,9.165581934785148
14334,9.580151000114403
14335,6.451061817767315
14336,5.525914883416602
14337,4.304184592523948
14338,6.322914648970763
14339,7.486839895814548
14340,8.957102538895084
14341,7.079022532669482
14342,9.25085764056941
14343,7.253414274680597
14344,6.022400516888142
14345,9.51353105123344
14346,5.612838849579576
14347,5.195776190270716
14348,6.700702432338426
14349,4.227942270683032
14350,7.142188410185062
14351,4.097710335033573
14352,8.168025461959395
14353,4.612367928042465
14354,8.29153197922837
14355,6.487767669730305
14356,7.620926963992053
14357,8.583564639687987
14358,2.7152963800268806
14359,6.871342584686007
14360,7.84409167628141
14361,8.204420490506745
14362,6.4163692176729015
14363,4.790258849755726
14364,8.643775630678086
14365,2.770783625742619
14366,5.730504749487824
14367,6.43489780843646
14368,5.138467226920302
14369,5.058411932674477
14370,7.509833608224963
14371,4.35099876288489
14372,7.609975281604588
14373,7.434416168122809
14374,6.720558955369194
14375,5.85125614243815
14376,2.2002618045625377
14377,6.0339354158741845
14378,7.217751845190368
14379,3.7858495753710244
14380,6.655728960825186
14381,8.603019113661402
14382,9.177814588270346
14383,7.55340234794452
14384,7.1449602651233715
14385,9.521267374047776
14386,8.793392612664231
14387,7.263981278035585
14388,7.031509631068968
14389,3.7348551548537885
14390,6.256131886459596
14391,7.349886911879267
14392,7.1303649738842285
14393,2.5501595529912486
14394,7.975139149083811
14395,8.828739593930582
14396,5.351066869279798
14397,6.763949239997892
14398,5.233869857202384
14399,5.635737502418153
14400,1.2363789726819292
14401,5.5370715515479985
14402,5.897038949282272
14403,7.953669927771155
14404,5.732157095793364
14405,9.223719916043489
14406,6.464867510956568
14407,8.100672932158878
14408,7.441271891691317
14409,6.448759273023649
14410,7.907208289055245
14411,7.73391914749355
14412,6.662776089020312
14413,2.9970901784988215
14414,7.375716375107189
14415,6.868036761891696
14416,5.748964081683836
14417,5.74253587970784
14418,3.435644518035931
14419,6.328299593892534
14420,5.23495935170795
14421,8.195806327542087
14422,1.2528033736814312
14423,4.469480460481199
14424,3.1905709137017304
14425,7.170441325199374
14426,8.128616124152291
14427,5.5195549572157985
14428,6.58582932534979
14429,5.730952311148407
14430,7.35274750772718
14431,3.856279690059715
14432,3.3771986275545762
14433,7.143838087877877
14434,5.242787378664312
14435,8.726755456648593
14436,8.126212284900157
14437,7.298741164247927
14438,6.802950189673622
14439,5.126144769861921
14440,5.886305180355971
14441,3.630071491038352
14442,2.7874193812613686
14443,7.825734820562223
14444,5.517841273925395
14445,3.4080735940860896
14446,1.5900196058150007
14447,8.465119567520523
14448,8.19649224626735
14449,3.1748333847548165
14450,3.1392918653839597
14451,6.442997965271838
14452,3.0816528618493715
14453,5.226749162023976
14454,8.20424748182042
14455,4.138221444613424
14456,7.635030035269236
14457,6.889832489682158
14458,7.187773975129157
14459,3.6240371568377308
14460,3.991221581583619
14461,8.637697620739718
14462,4.27943709838598
14463,9.777025074956851
14464,5.321943279048861
14465,7.0733244801713395
14466,2.3079620542248143
14467,3.774056368070382
14468,5.422395378665186
14469,6.808241041742116
14470,8.997248261270682
14471,5.102460144847993
14472,8.877644396432096
14473,4.794064688163419
14474,5.151344832737385
14475,8.97184833348479
14476,4.094730702340284
14477,4.4583626237461935
14478,6.103572788618757
14479,7.9917816620084325
14480,4.903226157651217
14481,4.553575883660033
14482,0.3551946616388145
14483,3.4286764528438383
14484,4.904564539353304
14485,9.133347528255895
14486,4.841396121420131
14487,9.33314449126977
14488,7.44895400189453
14489,3.9453428608087124
14490,3.0965839118637826
14491,5.626926100078965
14492,5.710996660447655
14493,6.410546849318114
14494,3.198343766442624
14495,1.7778217449429192
14496,2.215273312297381
14497,3.9927490338784635
14498,4.005629426824915
14499,9.578213927512653
14500,8.207307398844714
14501,6.2605110224076626
14502,6.070210015633384
14503,1.6922179139842997
14504,4.639439844131769
14505,7.420048739571537
14506,5.003642371375667
14507,7.5891397250215435
14508,6.699771133774634
14509,7.762979904279002
14510,4.707009239479375
14511,4.662913687887209
14512,6.176773645289741
14513,9.449337926855936
14514,6.065852308886641
14515,4.476380434318224
14516,6.721055799526249
14517,4.193926968809426
14518,3.3185832732623837
14519,6.179768421510717
14520,6.208961220516065
14521,8.135106365653856
14522,7.273620487471808
14523,2.3546548000212773
14524,2.3730697239512986
14525,3.1315593436870857
14526,4.489345551015357
14527,7.0034354058572985
14528,3.6515311097691785
14529,5.422774955631095
14530,6.800713892918215
14531,9.395678378519573
14532,6.516206201155117
14533,8.328890792644406
14534,8.856469770230689
14535,3.256175464536183
14536,5.043221177201354
14537,8.477168027731285
14538,7.967107492775398
14539,7.0763980833273035
14540,3.987358318730871
14541,8.174828416715414
14542,7.647712971076001
14543,7.357818573744302
14544,8.27198730722937
14545,6.342162727854456
14546,3.819628763294241
14547,4.417647193811742
14548,5.00954431555103
14549,7.219169006043717
14550,5.259473973109245
14551,6.021555835356736
14552,2.286290046948687
14553,7.131785218124908
14554,7.9642779024987265
14555,7.337823047594836
14556,7.184353503602111
14557,3.642778414172349
14558,6.028785430685294
14559,6.058597610170315
14560,8.278677615728622
14561,6.758985841553306
14562,2.0360012045266425
14563,8.756655525805549
14564,6.375894485885281
14565,5.621592502538149
14566,6.678033540742961
14567,3.501161974530786
14568,3.5359530959122774
14569,6.1838447720819865
14570,7.49787160620006
14571,4.142666851267961
14572,5.999764427804656
14573,8.208186535798982
14574,9.026111996203586
14575,5.362996697193587
14576,1.0915880715079813
14577,4.465616103164342
14578,5.849637009685589
14579,4.400844657550773
14580,7.491105173995839
14581,0.913049452139175
14582,3.6051875976506635
14583,4.825201988462448
14584,4.747366047825256
14585,6.908602045917289
14586,5.247927690598023
14587,7.255034958805804
14588,4.332010933375715
14589,5.749256697463229
14590,8.631149362939773
14591,4.436957320338269
14592,5.095425912049334
14593,3.6705955746302594
14594,8.712011606222594
14595,2.145889066446927
14596,2.727525427441048
14597,7.923871489936519
14598,3.4245889716746296
14599,8.992785070313687
14600,4.444480546225915
14601,5.757725615019661
14602,6.955303005510926
14603,6.773593000796747
14604,6.1783165291670175
14605,6.409910744785849
14606,8.60961572845724
14607,8.257371532518025
14608,5.72885217691929
14609,7.449968902270368
14610,4.622507098721444
14611,8.275791935112668
14612,7.505801682458693
14613,6.453147061670118
14614,4.307186232013445
14615,7.53833552408003
14616,3.913282163936297
14617,6.238972789298471
14618,6.639858891024521
14619,4.3648269251908305
14620,4.586059671234915
14621,5.017758245070189
14622,7.538959095200459
14623,9.5133316299259
14624,6.188487284127744
14625,8.502439846591946
14626,2.0583731873938262
14627,7.610449753355961
14628,7.355881571851472
14629,6.278106869698226
14630,5.770341200544673
14631,7.973961459081599
14632,3.408190973189504
14633,4.607049708456213
14634,4.797640646725505
14635,5.545440253383672
14636,5.799303549647602
14637,3.0351737925534406
14638,6.228517503947467
14639,6.420962651941534
14640,5.047646870908421
14641,5.650231583347494
14642,5.0107395819528495
14643,5.599309890817229
14644,7.756045138480613
14645,0.7377374555473768
14646,5.390116613327896
14647,3.785672226177134
14648,7.66923301996736
14649,1.65577480673206
14650,7.522183933229073
14651,6.079632418393232
14652,5.8617147009980695
14653,2.654533530812214
14654,4.268834713415092
14655,4.697791236111011
14656,6.277748411112084
14657,6.17622705218028
14658,5.374932381323496
14659,8.322012480266713
14660,9.151786903364648
14661,4.391466641152941
14662,3.6531842912872414
14663,6.751029357432479
14664,8.835300378551668
14665,7.485193768988016
14666,7.808133846653649
14667,2.71956494762757
14668,8.407414444459713
14669,7.685846111627946
14670,4.650909468378108
14671,8.293409766748713
14672,8.788350731562126
14673,6.8959305871987215
14674,6.02734037476734
14675,6.912428937718007
14676,4.314207432600061
14677,7.395349204609985
14678,1.2542433360373182
14679,6.853858891024761
14680,6.813348388192035
14681,6.106503285649957
14682,4.840608664193859
14683,5.34080757119941
14684,3.5997223357457067
14685,6.134875402671712
14686,5.420164544322764
14687,8.314361793759042
14688,9.614863065680138
14689,4.840532865344502
14690,4.5753303442595366
14691,4.319150495203532
14692,6.18774262413335
14693,5.33578080919674
14694,4.581947682454914
14695,8.364756550543921
14696,4.053501140556529
14697,2.999498920841087
14698,8.600444291004099
14699,3.852334700564446
14700,5.059112047328098
14701,5.914552018220569
14702,7.004879208978399
14703,3.8207388997388394
14704,4.756573172310461
14705,2.2437214929846516
14706,3.123480070979724
14707,2.2136425031279776
14708,6.135906126515711
14709,3.8331372295068413
14710,4.423473186531323
14711,8.088703261408988
14712,5.350326715852131
14713,6.044486246670445
14714,6.157141556203004
14715,4.990418407875974
14716,7.252885639513832
14717,4.462727900174552
14718,3.355268245809826
14719,5.975891160917298
14720,7.036222799234245
14721,6.385263491649623
14722,7.8296001686703605
14723,4.427228556981442
14724,9.389875614408501
14725,5.983602845973358
14726,7.838736603423722
14727,8.527836491953574
14728,6.6995166190121465
14729,2.622039331837091
14730,4.711944077997687
14731,5.810615325601155
14732,3.3559283268944298
14733,5.12534432327155
14734,3.5793436666193372
14735,1.9248956741203251
14736,7.504232425532388
14737,8.094639998591088
14738,3.887829485703903
14739,6.217316807619797
14740,3.1997553690654903
14741,6.789129076180953
14742,8.228357403178322
14743,0.4321613189408682
14744,6.017628496483722
14745,7.106568304018263
14746,5.384579156402007
14747,9.149863779947392
14748,7.215206976002439
14749,5.808852275135708
14750,8.494239708688749
14751,4.102028162974241
14752,8.690552309722367
14753,4.655952633245198
14754,7.000205936981399
14755,5.1446612123899
14756,4.8784044258919605
14757,5.508213992029275
14758,8.184502396965403
14759,4.676530111521098
14760,7.085235924381626
14761,7.109900950876645
14762,3.376231860431465
14763,8.006524671243657
14764,7.389877342998778
14765,2.8899347994929747
14766,1.7560503568875443
14767,5.201608130183219
14768,5.538666401262402
14769,3.583261911952441
14770,7.403521423844779
14771,3.453845428434529
14772,5.187030497458577
14773,5.752553325283513
14774,4.874499449265167
14775,6.086614373444444
14776,9.026864238539002
14777,5.846456197551645
14778,4.5781696113908446
14779,7.54068423599591
14780,4.748323733046968
14781,6.69458689448935
14782,7.42990609451558
14783,6.871940967407566
14784,6.25557584129062
14785,7.519773454448641
14786,7.826194275232439
14787,6.354158672272642
14788,3.9034754411497032
14789,6.255621724545813
14790,7.185024548891238
14791,7.478597090930492
14792,6.209590938175071
14793,2.147827569672253
14794,2.3784535396188513
14795,8.402408494895528
14796,7.966381056018102
14797,7.71072344354869
14798,5.108744013125767
14799,4.944520203173193
14800,8.39163115152557
14801,3.170803786391611
14802,2.016788014690717
14803,8.52502152659055
14804,5.319743865267848
14805,8.365841043356228
14806,7.177386210761037
14807,3.905759585846315
14808,8.476238404777213
14809,5.815729592226131
14810,7.010450600609472
14811,7.257989349229691
14812,7.566979319142774
14813,2.425848910716435
14814,4.804230656055088
14815,6.576218198590086
14816,5.058709873242384
14817,1.9337627760652782
14818,4.398385544761929
14819,4.980671636056023
14820,7.859258131377885
14821,4.565011612456162
14822,7.964293580597358
14823,5.524060767833422
14824,5.0370472867469
14825,5.058296239285521
14826,4.2814033614932026
14827,5.7180918238823075
14828,5.296943273145038
14829,7.475155866795184
14830,4.753845844415137
14831,7.694727165252677
14832,5.636328996498753
14833,8.184957286400214
14834,4.030453629551859
14835,7.561075481299501
14836,5.930392933015208
14837,6.110463698053286
14838,5.227701944015446
14839,4.55615539180731
14840,4.495413754989757
14841,4.390044986479357
14842,7.735778367656391
14843,6.519189494875851
14844,2.2066055246556138
14845,6.985576419031408
14846,8.428055018820137
14847,5.73777044945202
14848,5.733968257570867
14849,5.522644426577341
14850,6.009465565004936
14851,8.77113292116348
14852,2.304564370320962
14853,7.1763544461444795
14854,8.259082141595234
14855,2.9335448847892023
14856,5.788198807936066
14857,4.407274419122912
14858,4.869790937876642
14859,3.739872551117409
14860,2.3389645400132664
14861,6.695805872680225
14862,1.2565637805338823
14863,7.624728522898667
14864,6.410107154685183
14865,7.230898825807371
14866,6.974062685883474
14867,4.2612954252670106
14868,6.226237978437456
14869,3.380397148133459
14870,4.099262879405236
14871,6.911962787294935
14872,5.318268238013644
14873,6.829734317767612
14874,6.796223666274019
14875,2.3049424735672677
14876,3.7542934887995933
14877,6.0177943210256855
14878,6.89405580037443
14879,8.770032303783154
14880,2.0757828830299907
14881,6.609487557794836
14882,5.238592882461838
14883,7.304347789416658
14884,4.11178982399482
14885,4.777559783747014
14886,6.256162049001764
14887,4.998312604102756
14888,7.546452446523993
14889,8.120944296937912
14890,2.7218008212341944
14891,6.9880574328895095
14892,4.74115329894277
14893,5.2244010483288665
14894,4.91509482730492
14895,7.964287929032693
14896,3.3497975753733713
14897,5.589091873096044
14898,4.634984356879459
14899,4.422944912225569
14900,4.107051166959268
14901,9.60186642804352
14902,7.158675871581595
14903,6.739648963123699
14904,6.719519560006354
14905,4.985099947937046
14906,8.447156137392803
14907,4.688814222555456
14908,6.087878992128951
14909,6.83218245540409
14910,5.2166509166491135
14911,7.210620070462914
14912,4.8738820897899915
14913,8.61551701529592
14914,5.937665778486206
14915,7.496177363593695
14916,5.413409401514334
14917,6.9414130400712395
14918,1.8003062643253933
14919,4.820610265397889
14920,4.968890478432992
14921,0.9934981631515913
14922,6.126284768117396
14923,6.250492573365916
14924,6.229255058221228
14925,6.819625991676853
14926,3.336219231689354
14927,4.310888955615238
14928,6.544233118573862
14929,7.468766693255833
14930,4.496116197760317
14931,7.372872449477877
14932,5.711960857420645
14933,9.680608493750034
14934,8.53188837748668
14935,4.552071482137958
14936,7.975260648128487
14937,5.760879231492858
14938,4.917135881141797
14939,8.401175527873255
14940,8.138579995354027
14941,7.340011590017819
14942,7.749034857516487
14943,8.446003734970963
14944,2.7202768767208094
14945,9.209506877230897
14946,8.08928896698722
14947,5.608787391746439
14948,5.532787059544328
14949,5.055981612194225
14950,9.568752665009104
14951,6.654774361179032
14952,7.120979734295274
14953,5.675397963145924
14954,4.548676938407036
14955,4.168322241454926
14956,7.286820504958863
14957,7.70041705868975
14958,7.5227888645063485
14959,5.8780896780193315
14960,3.572760829938164
14961,6.324411844909746
14962,5.0669759056443855
14963,7.034520734989371
14964,6.439020044835454
14965,2.7003593763326226
14966,5.617161712411063
14967,6.087291471424542
14968,3.7589936927260226
14969,8.578385703056956
14970,5.728628332107261
14971,9.526871600041527
14972,7.279640166260032
14973,4.70858188385437
14974,5.932445297447698
14975,9.538244352928853
14976,5.4446648361035574
14977,6.15829612709224
14978,5.738038494043447
14979,8.042976519527844
14980,3.8218848864446002
14981,4.096129777157849
14982,6.617362604494636
14983,7.059733231685802
14984,6.981324999917808
14985,5.5409678612502695
14986,4.792093111769298
14987,6.746016780913325
14988,2.068067938244756
14989,9.294360831305763
14990,4.243665757526262
14991,8.570760932203438
14992,4.559789678353323
14993,5.26102422104442
14994,3.693853413956127
14995,7.81518878416514
14996,9.011281443557491
14997,6.4866187721932445
14998,7.370040153234854
14999,5.957556156624385
15000,5.275313395186117
15001,4.570303294802403
15002,7.136291879858513
15003,4.58263689758149
15004,8.952084228545786
15005,7.927740154849917
15006,7.523278519092739
15007,3.5190767198875768
15008,6.137522581307956
15009,5.245107382579832
15010,0.1166255329900899
15011,7.0097363949666285
15012,6.122576636570962
15013,5.231721214302773
15014,8.37894233856328
15015,8.2104577932846
15016,6.315678215677939
15017,2.5056404356123005
15018,6.808204999339102
15019,3.516578983395365
15020,3.7467018320162104
15021,8.596750824621916
15022,6.950641240906327
15023,4.3486976167421485
15024,7.510668723354469
15025,6.586808094131094
15026,5.538527980715289
15027,7.69828621209728
15028,8.180746863574159
15029,5.386701713786396
15030,8.738230952799743
15031,7.1013427430145795
15032,7.41820524362835
15033,4.807572797310719
15034,5.440243515250382
15035,5.213907378165449
15036,5.933892440943542
15037,4.432171564076844
15038,8.69340215525525
15039,5.47042586789567
15040,7.249057140348958
15041,5.687308277864093
15042,7.34789853051276
15043,8.40900774712488
15044,4.867276536803324
15045,6.729493660380827
15046,5.06428437493718
15047,5.645255859703271
15048,2.964217133019159
15049,0.7637375527156778
15050,8.598006146246776
15051,4.820878949159071
15052,6.2906469444935595
15053,5.357408483060273
15054,9.383538098873856
15055,9.222759468536859
15056,6.003482710056892
15057,5.551866143187359
15058,6.916366296186789
15059,5.71103635714536
15060,8.037128079208415
15061,3.9954266691694933
15062,6.486317590991888
15063,8.41023160317678
15064,5.724961864150815
15065,7.599217652497285
15066,5.881931140746101
15067,8.476480806475553
15068,6.598843394226674
15069,6.427013777894511
15070,7.5880284123553
15071,6.08019702400597
15072,6.884878208313884
15073,7.09796161063102
15074,4.543229251589142
15075,6.2865964147396625
15076,7.808749903956093
15077,7.164860132516907
15078,7.024154474358997
15079,7.8082896487090565
15080,5.7355722359531764
15081,6.673953425101534
15082,7.561838121264039
15083,6.300539472599631
15084,2.4161504492147667
15085,4.118439452980979
15086,5.5509994501446185
15087,5.0442945187725785
15088,7.997798654780928
15089,6.668664301556658
15090,7.446254287520965
15091,3.311621802931273
15092,6.574780403367464
15093,3.01735195786051
15094,4.04251470330027
15095,5.426612851904439
15096,7.3897484591324885
15097,6.018781775656461
15098,7.057190828250819
15099,5.925201894382056
15100,6.16014197040936
15101,7.266150989793049
15102,8.172899874762159
15103,6.297974996158119
15104,4.995257385742575
15105,2.392652208804051
15106,3.9448752281381148
15107,6.815159575966952
15108,7.580938198456849
15109,4.410502006717101
15110,4.716555855137235
15111,6.597729659702216
15112,3.427887152720286
15113,5.48082787690195
15114,6.230657989653796
15115,3.881240688140432
15116,4.999222813409482
15117,6.18198982098397
15118,4.449479911497669
15119,8.628409933667266
15120,7.627185205512033
15121,5.602032315997625
15122,8.934065173116698
15123,4.145815488061108
15124,6.1386260522078615
15125,9.519367684030826
15126,8.382887098399529
15127,6.991395737537819
15128,6.860876031927786
15129,8.034249926869506
15130,7.297589825853213
15131,9.674901528389473
15132,4.970961641994357
15133,4.173275599941872
15134,7.55652782259799
15135,6.454167694896727
15136,5.858081069846473
15137,6.915954726528151
15138,6.484395480656285
15139,4.5773202393385315
15140,1.27937530355857
15141,8.852878150315416
15142,6.401534187005576
15143,4.927767271070681
15144,7.0829979597790595
15145,3.39577431531634
15146,3.6450170097871477
15147,7.571836018514408
15148,8.03091038491711
15149,4.416022040903078
15150,4.051241631570039
15151,6.384125239262189
15152,6.607492586704043
15153,3.9707911506226132
15154,6.17027948443796
15155,7.868476727439273
15156,5.345413901410828
15157,5.024064976464611
15158,6.490979521441015
15159,6.0436029135890665
15160,4.025696301105755
15161,3.285131516468571
15162,8.400510646226929
15163,1.9533432584928154
15164,3.328163672809448
15165,5.1492489770672645
15166,4.0857821798745375
15167,4.623078884808687
15168,8.135726037877188
15169,4.62022107302663
15170,3.7550177482385307
15171,5.778750456792525
15172,9.064012736641677
15173,5.524862426758412
15174,8.212225461754944
15175,6.770425009995202
15176,4.780379857048466
15177,4.988557150335642
15178,8.5075176289985
15179,3.892487216940478
15180,8.627236133718787
15181,6.191826021541205
15182,4.4724146090740025
15183,8.897987107833348
15184,2.8009062099704325
15185,7.190437740147165
15186,4.344758542686098
15187,5.475144432864939
15188,5.314756728730543
15189,6.071176802097247
15190,7.936238112117948
15191,8.893718996856695
15192,3.4831492208954424
15193,5.127456497112661
15194,5.370567396504355
15195,7.2681500364213765
15196,2.604226240256378
15197,7.146217355520292
15198,5.470621651227608
15199,6.638871007535928
15200,9.641636323340895
15201,6.044515905590854
15202,2.4881925693518907
15203,3.9427078864885723
15204,4.84247003615627
15205,5.924880667181879
15206,4.848048497134711
15207,7.568069315122189
15208,2.8177724116015996
15209,6.407911682342663
15210,3.936973472222449
15211,4.338118131791868
15212,6.988276008478186
15213,7.017380182865075
15214,8.476223031120162
15215,7.940081473109157
15216,4.448752327595341
15217,3.7573193583178677
15218,4.700108288488857
15219,3.709070247344519
15220,6.1563391187960805
15221,8.590836714739243
15222,6.898018349733734
15223,5.480892366680797
15224,6.177224979357789
15225,3.5630703358464175
15226,4.125958351577667
15227,7.477701149131723
15228,4.871905993983589
15229,9.247435445620791
15230,2.932827457984992
15231,8.941573193124999
15232,3.6725952412776963
15233,2.48294369452183
15234,5.651366956945276
15235,6.9846026873185965
15236,7.550142987274683
15237,7.145316380289579
15238,3.850917090847129
15239,6.9746537453073305
15240,8.279666813761079
15241,3.0774567296096826
15242,3.839560069479856
15243,3.2717606399934005
15244,5.061609059629587
15245,7.273544540094396
15246,7.909883111657568
15247,5.4435902318647775
15248,4.988484114147008
15249,5.654718062336938
15250,8.927827984910891
15251,8.569527761127363
15252,6.272670565685315
15253,8.822144184543728
15254,6.1857133921225
15255,3.586868570709548
15256,3.150432943223452
15257,3.2118713947240054
15258,5.288385999532395
15259,6.664890172328543
15260,6.435537089623057
15261,5.742471800818517
15262,6.1351827536319
15263,6.063270253546529
15264,6.926212488300086
15265,2.791123779302122
15266,5.440634309633919
15267,3.023087232308046
15268,5.724592451733227
15269,7.431012160531128
15270,7.065655731705635
15271,2.839201669594448
15272,7.666231399050926
15273,5.724436681125491
15274,2.1357131822425663
15275,9.2218077210299
15276,3.887797302578676
15277,6.651198249828397
15278,6.21288077493254
15279,3.9857720402571117
15280,6.870525984627652
15281,8.183231796979703
15282,7.99646458579853
15283,5.504822244035518
15284,7.473705866630956
15285,6.532047231504535
15286,4.598397570600558
15287,5.324019567253068
15288,7.896026659744058
15289,6.342635517891252
15290,5.419394088660278
15291,4.105272532428815
15292,3.915637462832129
15293,1.66569115439984
15294,6.730123203229759
15295,6.535654968879477
15296,5.000696651077204
15297,8.200470501927617
15298,2.241251968355889
15299,6.78317699866245
15300,6.080102344151373
15301,9.60193928701899
15302,5.745689568572989
15303,7.498159210652342
15304,6.855791870105439
15305,7.6413677317444195
15306,6.960971361141317
15307,9.520076419976139
15308,5.880157164899773
15309,3.186489724201461
15310,6.611043875449008
15311,4.928195651931754
15312,7.153422943597263
15313,7.965968434952342
15314,7.050071891411273
15315,5.154954212776564
15316,7.071126951721287
15317,4.956752262023503
15318,3.983904130037035
15319,5.506971784129135
15320,6.238011643246759
15321,7.306690296869995
15322,4.845054352923792
15323,7.139045005587441
15324,9.108399463360994
15325,1.329247804266989
15326,7.642762141548559
15327,6.673598374740928
15328,6.2809728896673835
15329,8.455282135314967
15330,4.426793656168597
15331,9.10752076918777
15332,4.944749520270372
15333,5.079361222645105
15334,4.5842116265988775
15335,6.379976050368773
15336,6.5929765955958
15337,6.414484671262239
15338,6.074927835187923
15339,5.9687544949434495
15340,3.2952540147723006
15341,5.285471193157851
15342,4.725489102412558
15343,4.200515301170593
15344,5.318395221340589
15345,5.44100610301782
15346,6.463062148461046
15347,5.2150003686017685
15348,5.48772376149695
15349,6.69726687976181
15350,7.1204625656362905
15351,6.773484720024056
15352,3.3428909262804587
15353,5.268680804975108
15354,2.288653131085005
15355,8.519551782067392
15356,5.151940617918283
15357,6.342091467505899
15358,8.050039321762974
15359,7.2950932340911265
15360,6.509991743006218
15361,6.011268241850573
15362,4.758980453030376
15363,1.2288567772671342
15364,5.456788697246791
15365,6.422737117392673
15366,4.719156339861543
15367,7.989651470621571
15368,5.168732123641357
15369,5.1463761333428755
15370,2.235705599540315
15371,4.405649843480565
15372,4.109628352442142
15373,3.019112027577431
15374,1.7254534768348715
15375,8.40615152841
15376,8.103828323560716
15377,5.544967788919344
15378,4.62090681569859
15379,5.6931904399604045
15380,7.969284682649169
15381,7.084557572427563
15382,7.427687303515873
15383,3.8509067750182076
15384,3.428246227034066
15385,5.752138409083977
15386,8.759286264324052
15387,0.6916350119356023
15388,6.588208577556827
15389,9.178204443514293
15390,4.39474641025134
15391,6.240042564790094
15392,2.656843158868807
15393,4.719624057640187
15394,5.438532699931704
15395,6.482881473695319
15396,5.394438043025108
15397,6.725739763907126
15398,2.5119303167379003
15399,3.1259415752832957
15400,6.396328678614373
15401,3.1669966483651377
15402,6.364136628694833
15403,7.131732900656556
15404,7.819184663241596
15405,9.425490432829582
15406,6.435415735079189
15407,5.848470641052788
15408,4.004550677952016
15409,4.800229591611776
15410,5.515160637299573
15411,7.505416868449679
15412,6.1562022698426215
15413,7.881792476166299
15414,3.300691758908001
15415,4.001680283818265
15416,5.7610112973324
15417,8.764424347747763
15418,5.507307738561628
15419,6.522158495947673
15420,5.166391596012563
15421,9.715905446236754
15422,2.254846558081682
15423,4.025496036192541
15424,8.233440238856861
15425,0.9353112774696776
15426,7.075873471549123
15427,7.658250457248885
15428,7.565267496265432
15429,7.550179806608095
15430,6.185366841348109
15431,3.6656475804928292
15432,6.814183199888154
15433,5.318284442030628
15434,5.903992699352628
15435,3.539835608913833
15436,5.6131228333406895
15437,4.62072325866723
15438,7.593729720614315
15439,7.6019612461345805
15440,4.7336179161213074
15441,7.868175019248031
15442,7.030748985300089
15443,6.911744662672862
15444,6.972726404488999
15445,5.8894303505632974
15446,3.7580673737374006
15447,5.429991843933695
15448,3.5817649487275114
15449,7.96885312948118
15450,4.432444333077565
15451,1.580966602927714
15452,5.191114149917187
15453,6.066574127672857
15454,4.079178605205106
15455,7.582808132417125
15456,6.13486543889192
15457,9.348312511757632
15458,4.540178921924272
15459,6.705932641736806
15460,5.424049817986221
15461,9.01230625449193
15462,1.023432979141614
15463,7.314876135853969
15464,6.205978774946297
15465,8.364257807112498
15466,6.0053494749159935
15467,9.174804559689475
15468,5.579909144852536
15469,5.363364320443396
15470,4.067962591761472
15471,3.61546893885088
15472,8.51591006225632
15473,6.792567675196748
15474,8.119688267930568
15475,3.9718731216420573
15476,5.933249157036878
15477,4.4313130145796125
15478,6.505328415846167
15479,5.0333537769521595
15480,7.950779736290107
15481,7.701928784814747
15482,6.464593842926351
15483,1.329379892549315
15484,9.683555238326708
15485,5.8504981249704056
15486,6.671043550756018
15487,5.223982405602271
15488,9.245398567686852
15489,8.477071887627877
15490,2.548177247657832
15491,4.392755188466294
15492,4.366871731925622
15493,4.401954453025935
15494,4.120843211034968
15495,5.054671527848999
15496,8.577530138942558
15497,4.297625962057862
15498,4.077006153205451
15499,6.71546562918841
15500,7.324225092242585
15501,5.144959273455781
15502,8.008610744293383
15503,6.917665072654829
15504,7.008889994796992
15505,5.240261458154312
15506,8.157243652804747
15507,3.8149438998421203
15508,7.502659949029488
15509,4.343436235086239
15510,6.305676811104714
15511,5.588100891056412
15512,3.1032006888160977
15513,5.05697684255245
15514,7.265236719481228
15515,8.301578779040252
15516,4.177488594534545
15517,5.579306269560445
15518,6.864463824839406
15519,7.794187866000759
15520,2.8176927666753295
15521,3.8388634288916648
15522,4.245583598959317
15523,2.4045171695307563
15524,4.029496331940722
15525,8.0888557153769
15526,4.359146657363273
15527,6.790730565022578
15528,1.9852831617789088
15529,5.881055900413857
15530,3.368531814974984
15531,4.776154135536965
15532,2.5903518109608674
15533,7.891613701254132
15534,8.353125883884227
15535,6.504239327690804
15536,4.874758003504607
15537,6.162479536652517
15538,6.224744110412068
15539,5.293337883391513
15540,8.510024584934271
15541,7.0141710459933675
15542,5.589693148501632
15543,6.93909464958332
15544,3.6529188440976292
15545,4.1485246205359925
15546,3.9299316049952076
15547,5.15919060140099
15548,7.444155590432738
15549,4.071961769441541
15550,7.471984209627363
15551,7.9674589580424
15552,5.3693341449639975
15553,4.282352005101326
15554,8.108957249613125
15555,5.715826501334385
15556,4.269866597322259
15557,3.75167155354828
15558,2.0145554164075596
15559,6.013341729010532
15560,9.533499327394855
15561,8.005106963813228
15562,7.462164422086966
15563,5.838411338708113
15564,7.795078555458694
15565,5.270556947186023
15566,6.2714572080075985
15567,8.909747709891196
15568,6.008050762459481
15569,3.8479249536086897
15570,8.686145677512494
15571,5.8177961656358566
15572,3.9074253822809295
15573,6.491702591160616
15574,6.054185836802873
15575,3.0543594111092753
15576,3.1399108426961635
15577,8.737177098487024
15578,6.412748618807496
15579,5.749801322106849
15580,3.236023368092428
15581,5.320260216868705
15582,3.5836742917213917
15583,3.64747853449504
15584,2.777083351475613
15585,2.0586532376692164
15586,6.7849028697807245
15587,4.281195750177192
15588,8.032590251290118
15589,7.0850363753907715
15590,7.391405239919007
15591,2.089320328128668
15592,5.693166563886077
15593,3.54714559968203
15594,7.814582929373505
15595,7.633933448777751
15596,7.318025521206616
15597,7.778137312917815
15598,8.530294463229215
15599,7.324937372987317
15600,5.794798868782644
15601,5.911691495657727
15602,4.871339484818259
15603,7.1567095763872715
15604,6.913617769819043
15605,3.805983077398861
15606,7.491225477124196
15607,0.9437368950661496
15608,8.368886374631064
15609,8.363127645166925
15610,5.46353285900676
15611,3.1088191040344575
15612,5.428260713964444
15613,4.783208888708439
15614,4.833519269301392
15615,7.773777996581819
15616,5.6487322729056695
15617,3.7737977819577444
15618,5.063512144799737
15619,4.389400263331329
15620,5.423534771048892
15621,4.454437770128367
15622,8.104102327871313
15623,2.49919450935048
15624,4.969275933567229
15625,6.100073222780862
15626,2.3498279820905013
15627,4.773909956742384
15628,8.614483202763676
15629,5.575356345860942
15630,4.4389073344058065
15631,4.285622791005143
15632,3.0619252201745537
15633,2.7637697258573795
15634,7.606732610513669
15635,4.393874776334573
15636,4.5433529183169785
15637,1.325597835857735
15638,5.433720692607704
15639,6.551086020884884
15640,6.679197167626242
15641,7.820918258658201
15642,6.262141117216157
15643,5.718319943620619
15644,6.967736461869505
15645,5.4984401885147385
15646,3.0662836665210724
15647,4.7082603785745345
15648,4.096759822154015
15649,4.876308685341597
15650,7.989774762017026
15651,5.605829924745344
15652,4.563324546495037
15653,8.018247219846014
15654,3.0505286045323396
15655,7.285490362304233
15656,4.3373935075583345
15657,6.353219921239387
15658,4.130950971747754
15659,7.019394640761826
15660,6.20950441575158
15661,8.088975195108622
15662,4.079104050712066
15663,5.292012818932089
15664,8.543144769883046
15665,8.588600047113099
15666,2.6651899619699067
15667,6.721665492810688
15668,6.340622856920805
15669,7.176192864662669
15670,1.9828403240807648
15671,6.51530392459118
15672,6.448056566635268
15673,6.816534104971592
15674,5.707809672397569
15675,8.472606604099948
15676,8.611245373375965
15677,4.739078901182806
15678,7.784062255529828
15679,5.043185015486091
15680,6.3369447427394
15681,6.4117503757428835
15682,4.2538208009718925
15683,8.816809202026546
15684,4.521099235218312
15685,3.1964587797685686
15686,7.918095163132017
15687,1.238016846301932
15688,9.497318029327136
15689,6.853919715466349
15690,6.029588171762326
15691,5.730143821036813
15692,7.309602977485523
15693,7.146433082581123
15694,4.70713146238948
15695,4.512162815519163
15696,4.057722270344728
15697,8.540240618457497
15698,3.5355645128622357
15699,6.766163202116037
15700,4.225056504103096
15701,6.147536896065565
15702,9.368711836355489
15703,6.025983577591028
15704,4.055623693023295
15705,4.346674723671416
15706,4.404783648334735
15707,5.938760714035295
15708,1.9205181134591602
15709,5.9685311042558995
15710,6.0531521970552875
15711,6.596590853880391
15712,5.348848369258602
15713,6.3871048868367035
15714,4.341894442247556
15715,2.097862859741422
15716,6.410642362825387
15717,8.705972521772356
15718,4.291100863766312
15719,4.941487201088037
15720,6.657593699321977
15721,6.468650351681755
15722,7.246095913658502
15723,8.869394961029741
15724,2.854904034889116
15725,4.9973977695524585
15726,6.331115944341558
15727,4.61559370193718
15728,6.53039102236121
15729,9.781283870429377
15730,6.56895191378586
15731,6.170190309023067
15732,4.335254383081592
15733,5.28445498741907
15734,2.576247332301708
15735,2.945981355233819
15736,5.247188280759024
15737,4.960675027591807
15738,4.34643350755688
15739,5.4604434123004095
15740,3.302486869473067
15741,1.3166545950533513
15742,8.262883465694836
15743,4.468982449780585
15744,6.433237280210939
15745,5.481440453055228
15746,2.3886999607772985
15747,6.809452952124465
15748,5.146606417972928
15749,7.143481096494559
15750,6.631855573443675
15751,3.6562254359824613
15752,6.015045247110391
15753,8.041375437071968
15754,5.031295518440127
15755,4.552841527347495
15756,3.4298813447902687
15757,4.33567936871701
15758,4.647314115242122
15759,8.247780222376644
15760,4.059543897604755
15761,6.882613313272041
15762,3.393768756488098
15763,2.8219685920753603
15764,3.734094080809688
15765,4.656625449067557
15766,5.2135732014403535
15767,3.6582689290763275
15768,9.125424603056413
15769,4.751597340289618
15770,5.269845461999358
15771,4.984988510887717
15772,5.229040508942159
15773,8.35090205408206
15774,3.57163314288207
15775,4.063914315628393
15776,7.747613299926225
15777,5.789218825216753
15778,6.644166692633843
15779,3.279734319871296
15780,6.517284554801355
15781,8.595428010908714
15782,3.785244879929466
15783,7.52032601154964
15784,4.286409189078
15785,8.427747029255723
15786,4.3666651166586234
15787,5.754624678521654
15788,7.119202982237297
15789,8.204067343048605
15790,4.03071716172764
15791,5.165158626063502
15792,4.458632056213438
15793,6.678550879129782
15794,6.362218281007825
15795,5.576504946966216
15796,5.73565390135998
15797,9.771760633326812
15798,6.946758043240024
15799,6.062578665337363
15800,6.929533465833375
15801,5.095092635374547
15802,6.827577878801319
15803,2.8236452934870053
15804,7.5001535272224
15805,3.52623504390816
15806,5.175981881138185
15807,7.74519588544211
15808,5.932198302630822
15809,8.430332251404028
15810,1.4747490342247296
15811,2.4187958772074203
15812,6.016131081270638
15813,7.812881462846198
15814,4.887491888176369
15815,4.89381280513752
15816,4.80791611345245
15817,6.339007370986162
15818,5.900708772454137
15819,5.122394677324489
15820,8.87260078832826
15821,5.4820988216372
15822,5.718806736314262
15823,5.002830825275811
15824,6.742124088791252
15825,7.511127891459196
15826,5.657246007481898
15827,5.401286017060725
15828,5.363323291070569
15829,7.087018788282236
15830,5.658287085247737
15831,8.512234158866056
15832,3.616607684410458
15833,5.641204366218197
15834,8.070545753844272
15835,6.447593480200206
15836,6.9808004119825
15837,5.451919240590153
15838,4.330318654733124
15839,7.061358913358303
15840,7.281735691024272
15841,4.298753369077664
15842,5.767529468028426
15843,3.7820437981276624
15844,6.246549108952296
15845,6.694562720930039
15846,1.6223385005042879
15847,1.5590490591004458
15848,2.1860101872819504
15849,7.734340819680479
15850,9.496721594654826
15851,4.500835621946488
15852,6.777341594715897
15853,6.489871114127078
15854,6.438421196975969
15855,6.708092362527502
15856,7.7062627711291
15857,8.487618212231514
15858,8.864263171356725
15859,2.993680833092675
15860,4.7174812494488325
15861,6.430780734422858
15862,8.279124314346234
15863,8.314171870463792
15864,8.754901511661695
15865,7.336495656021481
15866,7.919620725756698
15867,7.150125403479491
15868,5.643533892006698
15869,4.580830636803228
15870,3.853936875518619
15871,8.634301024897097
15872,4.682442351432709
15873,4.4979145672100085
15874,1.100270286405596
15875,7.164685676381694
15876,9.764880277892773
15877,2.9733789871344056
15878,6.38287952413868
15879,6.758240647373578
15880,7.128629974394846
15881,6.4639757852571
15882,6.864596280538187
15883,7.785645650668007
15884,6.736568413739019
15885,5.562621162567053
15886,5.856806897124768
15887,9.605070630423995
15888,5.237822748101471
15889,3.570324573200351
15890,5.791969323909051
15891,5.428240706280098
15892,7.619179058252972
15893,5.8210659503177204
15894,3.575494203634056
15895,9.53056089744056
15896,4.621677539011838
15897,3.569664347154363
15898,5.838836625383857
15899,8.63081299507308
15900,3.0216572798269623
15901,7.3586777070956755
15902,6.4167895766759315
15903,7.052125866167527
15904,5.0204769518493775
15905,5.004782141356747
15906,9.285939864970668
15907,7.631325900174355
15908,6.150025760638421
15909,9.120887532083099
15910,4.496909941530246
15911,7.415403614991904
15912,5.668557321832255
15913,3.042562987149252
15914,5.176553656301444
15915,5.518102628913312
15916,8.196806770544805
15917,7.496305349246837
15918,6.757709158487636
15919,7.578242145977069
15920,5.841315165411208
15921,6.455478309460746
15922,6.4994846708596725
15923,3.3604490179500983
15924,2.501569231152513
15925,7.32500458274871
15926,4.670417958974285
15927,7.179175410677819
15928,3.604541359227336
15929,3.605803248054084
15930,6.989897142387257
15931,8.239857410641733
15932,3.371404150700264
15933,6.93745456372084
15934,5.43736721074538
15935,5.66546630040577
15936,5.080322203978364
15937,6.087954544581091
15938,5.356492197852087
15939,8.892599722995037
15940,6.171935587086767
15941,7.391242634844319
15942,5.251596853569849
15943,4.4581299106060905
15944,3.2165880595529517
15945,8.785418677138201
15946,3.6219394830994154
15947,4.936609811502819
15948,7.323504347525301
15949,5.8987286571301505
15950,6.869110119734833
15951,6.101517191887479
15952,3.9994715898355166
15953,8.848947571879794
15954,7.542962168257263
15955,2.2458387634133454
15956,4.317553540774972
15957,7.698321098162405
15958,4.226995951182138
15959,2.555307755788487
15960,8.204864841141568
15961,6.538663016659695
15962,6.195969250799636
15963,5.4448008963726355
15964,6.121109485344879
15965,3.7253994550311362
15966,1.9290297002358656
15967,3.162708629813825
15968,6.236426790182017
15969,4.116106945594697
15970,8.47620860392325
15971,5.1044452254375425
15972,8.960369292360266
15973,4.560218298922971
15974,9.069630901400092
15975,4.503283695368159
15976,3.363661051591616
15977,8.200542221684483
15978,4.964898028970962
15979,4.851566124439362
15980,6.172839338487296
15981,0.9121249047752723
15982,6.34691076486845
15983,4.167734704584547
15984,8.256396515603024
15985,5.597324460629922
15986,7.026795610932387
15987,4.7964700147862365
15988,8.35108814827415
15989,5.497702355507773
15990,3.7076252886537278
15991,8.581900190790005
15992,5.889907979115668
15993,5.159643602294382
15994,7.127271518992236
15995,3.5668597386455287
15996,7.268177452320286
15997,2.8720143566613663
15998,2.8790787332801786
15999,8.292302988228235
16000,5.618414785168722
16001,6.160622860437862
16002,5.215985449012977
16003,5.259271989759443
16004,6.368528965658788
16005,7.85432242246362
16006,5.697668870490536
16007,3.3956200840850395
16008,3.6193135693218985
16009,6.1171402314140835
16010,7.346805062847444
16011,4.656136028915655
16012,7.224662754138288
16013,8.744690239130746
16014,2.79994160778887
16015,8.010678382009734
16016,6.597888903773341
16017,7.914097292022324
16018,5.649223593182558
16019,5.868129690742306
16020,4.542988742214436
16021,6.274696115723697
16022,3.683967338998415
16023,6.185252455689496
16024,1.3659146126568193
16025,6.710291812660069
16026,5.668665515297021
16027,3.1801496949527737
16028,8.544255553635121
16029,6.505458580348107
16030,8.724787404665761
16031,4.082701520777865
16032,9.409917071555375
16033,7.714753546961925
16034,6.880466445575581
16035,5.1156070476330004
16036,7.468425905601295
16037,6.0914009786669485
16038,5.904669543791887
16039,6.46886901703534
16040,3.9035087711456145
16041,5.595547295040604
16042,1.661941840565013
16043,5.365691885032801
16044,2.967854721476882
16045,5.686961218488497
16046,6.706044873973296
16047,7.877260306487182
16048,6.78099804338936
16049,7.4836779885224844
16050,4.052257225029159
16051,8.010352338535203
16052,5.514470682532856
16053,7.489308772996926
16054,7.753848364264561
16055,6.558590044526381
16056,9.300590489429275
16057,4.543452377301147
16058,4.568813968522809
16059,5.772909916192566
16060,1.9220939327752902
16061,5.761736428094439
16062,5.927908090221242
16063,5.350626612816159
16064,5.0353536589465175
16065,7.213023791991828
16066,6.902288196205542
16067,6.377002691850906
16068,4.462786608446898
16069,8.142714701103323
16070,4.547957361598487
16071,5.36617019994915
16072,5.770575876865949
16073,1.715494537015711
16074,7.260654572817228
16075,5.888104061249559
16076,8.55714996534461
16077,5.1151745862219755
16078,4.166633805410979
16079,8.6627028198191
16080,4.549694729651013
16081,2.6518111571147367
16082,6.957234507493601
16083,5.320323462054562
16084,7.92620463856872
16085,5.692832092840412
16086,6.423196965170786
16087,7.432814054303741
16088,6.949930766703145
16089,7.0178645400992945
16090,7.928840762332355
16091,6.154218528191895
16092,6.113907972284888
16093,2.1237334495652305
16094,3.6796198853279627
16095,6.555785693607625
16096,5.868737647065482
16097,7.520700316457405
16098,7.515590034237573
16099,6.103847162874646
16100,7.387476686197239
16101,4.660655484104609
16102,6.5828928622028355
16103,3.5435328245489615
16104,4.978237395353837
16105,6.045696219649985
16106,4.768377397794508
16107,5.5841869098566885
16108,4.744502042835738
16109,6.396504109746975
16110,6.156878690765745
16111,4.688990439418772
16112,3.5018301871225015
16113,5.75338855516797
16114,3.5713736311084525
16115,9.844169817288115
16116,5.162621729077889
16117,7.57738784228289
16118,5.396015225396196
16119,4.647105753860039
16120,5.262408300201731
16121,3.4901698964407126
16122,8.703379968971243
16123,7.001116541700095
16124,6.34940506223127
16125,5.55170397073977
16126,4.483883747633717
16127,5.82470734960782
16128,7.701342144771772
16129,6.282024514730774
16130,5.703981909852699
16131,4.3142677671474114
16132,6.281864171670906
16133,5.7515266378706915
16134,6.787259812936631
16135,7.858755324759988
16136,9.680109425438223
16137,7.416533140449504
16138,4.258849863773911
16139,5.308040109700469
16140,2.901895876158865
16141,7.721760313054088
16142,6.8810303977025
16143,7.5835813934481475
16144,5.568571208040929
16145,5.649401622731466
16146,8.104125292932554
16147,5.711399309026755
16148,3.6959238797481753
16149,6.488027670527238
16150,6.132369131679633
16151,5.459887230904706
16152,2.9928280517449393
16153,5.087873130492875
16154,6.8470609869229495
16155,3.591248322840049
16156,4.421763455283063
16157,6.503271141836228
16158,4.7008536134443
16159,9.386142062680126
16160,8.628263349717903
16161,3.3311364579957767
16162,7.256812288721112
16163,4.596531673561839
16164,7.874956023844119
16165,2.1520095589547976
16166,7.635196008683283
16167,8.209538529172978
16168,6.389574564608795
16169,5.963070896641703
16170,5.16898146454528
16171,7.438943418336672
16172,8.848619945953118
16173,3.0162993199325023
16174,8.774304849782187
16175,4.684088790368394
16176,8.13051936731338
16177,4.151158050257779
16178,7.809316226045413
16179,6.16555919445768
16180,6.889861243220426
16181,4.97357882589599
16182,2.04057168102978
16183,8.699635580365173
16184,6.187081616960062
16185,2.786058625350182
16186,4.097713136763067
16187,7.158101006027498
16188,4.21378569726123
16189,5.261100339464273
16190,4.138492511428179
16191,4.50868478369578
16192,8.91529188138269
16193,5.589845697150138
16194,6.772761339953055
16195,9.134806201523286
16196,4.33239037439854
16197,4.267540209766567
16198,7.3768441809357
16199,2.894874056885982
16200,7.484383777958075
16201,6.55732088506515
16202,9.061773823179319
16203,7.454656275665994
16204,7.922277353930644
16205,5.138849375967425
16206,9.309368319389765
16207,4.276504851810602
16208,7.077507386956766
16209,3.6718587638363673
16210,6.25805850215544
16211,5.740519477858332
16212,4.193027319028731
16213,4.469479254078232
16214,6.884783716897543
16215,6.921739749420938
16216,8.106308053369531
16217,2.372219989790117
16218,5.564051623961091
16219,5.6402050272510165
16220,7.2167122529600025
16221,7.818941379107953
16222,4.205243393753068
16223,8.805832826995097
16224,5.3757056974558335
16225,8.977556768232438
16226,6.6654118283233315
16227,3.656165774585156
16228,8.428089642182405
16229,7.784536620603558
16230,5.407612153167643
16231,6.2337664429828665
16232,5.168772740977601
16233,5.737820294768435
16234,5.820292239958411
16235,2.8337850799907303
16236,6.561364092130991
16237,7.638262446087604
16238,2.4395426003236707
16239,6.740738984020879
16240,8.324382582482144
16241,9.420417285370934
16242,4.802607441279025
16243,7.318557218105484
16244,5.179352902539963
16245,7.718024206499718
16246,5.966992553055938
16247,3.794213411033592
16248,8.175776613309448
16249,7.742584303347637
16250,7.689868452165406
16251,6.367243631185611
16252,6.11225580140598
16253,7.0652032398744185
16254,3.5315677769374916
16255,9.678721614831291
16256,4.82218435759557
16257,5.0655734447917125
16258,2.425949434209779
16259,4.840604766252501
16260,5.706424580826678
16261,4.833739163580468
16262,6.329569096880382
16263,6.060967715509726
16264,5.238684409510793
16265,7.307690595523271
16266,4.145574472137403
16267,6.920177745176663
16268,6.407637506112181
16269,6.152662664705827
16270,9.262230001096658
16271,4.143597675517078
16272,6.788496733989492
16273,5.657281077224423
16274,2.4020170290425993
16275,6.318680301789913
16276,7.525221707072625
16277,8.854293724908658
16278,5.363082954902389
16279,7.4234270187862395
16280,8.045235486917415
16281,8.625226638014993
16282,2.1667257161440947
16283,7.692128854879984
16284,6.607915803230723
16285,6.350669329818629
16286,6.8785411540072445
16287,4.999759294652828
16288,4.928144738929371
16289,3.122169146437317
16290,6.3580374626998015
16291,2.9642163166124793
16292,6.49217733832712
16293,7.42822906352013
16294,7.445647941927288
16295,7.073676913626002
16296,3.5471069187582556
16297,4.60081001846447
16298,4.936266933517041
16299,4.441986052676868
16300,5.641529890429012
16301,5.322494988892299
16302,5.681227895577154
16303,6.931980259403955
16304,5.878521673535991
16305,5.516310529332284
16306,9.064720330581855
16307,4.344663140483337
16308,6.669629783324377
16309,5.706710989084728
16310,5.279275677339436
16311,4.679765611920962
16312,7.248022651687343
16313,4.874345256159677
16314,2.8558276395044366
16315,1.4057561408942711
16316,6.300617825306579
16317,4.791264390562965
16318,7.677364573949466
16319,9.666560359988328
16320,7.5247469119669805
16321,6.182386588963861
16322,0.622905652585495
16323,7.795019332584703
16324,9.576270128459868
16325,7.277838546782407
16326,6.754930782396988
16327,8.29389121873229
16328,4.828888803460707
16329,7.83795668391123
16330,5.875269313532302
16331,5.470436509936194
16332,7.922858339657014
16333,8.23036918873765
16334,6.1090388940773135
16335,3.5743861264409973
16336,3.1847192736715066
16337,4.606834835653891
16338,7.055189215819635
16339,8.142281993893409
16340,4.2107596834981775
16341,6.628425846786257
16342,7.759299856073841
16343,8.085007686668916
16344,7.138241348099657
16345,7.333469510441316
16346,4.5345997182342
16347,6.860206891857429
16348,5.936125882764449
16349,4.522371379444289
16350,7.462513780371795
16351,5.233239295098613
16352,5.187244671347159
16353,3.6918224439264065
16354,0.7870331887082536
16355,6.728362539439223
16356,6.575358991998376
16357,8.451565818185728
16358,7.685170382608623
16359,5.354127038651221
16360,3.833058678323897
16361,5.173895033903312
16362,7.005709006911206
16363,4.888813426385864
16364,8.450496974814982
16365,7.055768137344687
16366,4.309244874593705
16367,4.570134312159874
16368,4.018622016686399
16369,6.5150645428405145
16370,7.533913103103481
16371,6.9051080556184585
16372,1.826682016469352
16373,7.354887327232996
16374,6.075816343550862
16375,1.9524474675721994
16376,4.423543643193125
16377,4.613918787889159
16378,4.555388384785684
16379,7.710535749083995
16380,4.575234067533013
16381,6.600426887539376
16382,4.666650483474416
16383,2.3920390936078815
16384,5.940005059015537
16385,8.272088441371276
16386,3.2429139864402523
16387,8.16065082422038
16388,4.861157935849186
16389,2.0780897563824463
16390,6.400374644983538
16391,5.2735379662822295
16392,8.254192679031458
16393,2.7929373494990464
16394,4.48368551702561
16395,4.659097305122724
16396,6.665133850949134
16397,6.631586796067123
16398,6.99030804949186
16399,7.658465287786702
16400,8.081783887388298
16401,8.360856445488434
16402,8.643971954757898
16403,5.601952127725857
16404,8.328233697943121
16405,4.196302570075828
16406,5.690124438848008
16407,2.955518403614826
16408,0.6491134333168717
16409,3.6327995072202937
16410,3.661230262948304
16411,2.836010796680474
16412,6.232222530705597
16413,9.133647468002627
16414,4.504814167938776
16415,4.373521747257831
16416,4.612241215268062
16417,7.322715665612728
16418,6.725180389288129
16419,8.314192443412466
16420,6.59286583124158
16421,7.610030434389282
16422,2.0646795293684272
16423,3.476617198272757
16424,7.368865031327753
16425,6.721947079326481
16426,5.881938161405158
16427,7.224241779571105
16428,5.294953211517172
16429,6.988290490583306
16430,6.287583565356673
16431,4.573699293980181
16432,7.997540502889363
16433,4.4841257304149975
16434,6.920400310102252
16435,5.348116105990185
16436,6.63054920820974
16437,9.427206922830095
16438,7.47170688712132
16439,5.448167808975729
16440,7.049752030057155
16441,6.275142682983974
16442,7.563752127076856
16443,2.4041498913875685
16444,7.773676123887368
16445,3.5699087459360017
16446,2.545188704797185
16447,6.072113169036254
16448,6.246527363832007
16449,7.965796188857281
16450,8.027633289800722
16451,4.736201498972857
16452,8.402469623966173
16453,8.979235500812942
16454,5.343540728839311
16455,5.359848254710572
16456,2.4116751695714678
16457,9.993259157379718
16458,1.9117474403994237
16459,7.528566712570391
16460,1.797043374484082
16461,2.9432775490083967
16462,2.558662299189327
16463,5.8392847952493
16464,8.909937194930318
16465,3.7225994030826
16466,8.400300914317375
16467,2.4905439251048582
16468,6.87413394739698
16469,7.56301824229765
16470,6.92170612697416
16471,4.579540119148557
16472,3.151483935367622
16473,4.82293107529037
16474,7.151955715795604
16475,3.618963574936424
16476,4.680169722388667
16477,5.849875415859351
16478,4.819797370410622
16479,5.004669917314869
16480,2.884112397865473
16481,2.6359265071941507
16482,5.192740123875871
16483,3.1008563363018267
16484,5.8432000895957525
16485,7.134816515094641
16486,7.884599922651814
16487,6.282568961646234
16488,3.0991827463404418
16489,7.674042273582527
16490,5.047227182037764
16491,7.7039259251973915
16492,9.1503415560658
16493,4.491765975080074
16494,7.4626536706435
16495,4.023826305273805
16496,6.915058591426501
16497,8.55557095298441
16498,3.912229681052788
16499,8.656379977355986
16500,9.710080681603575
16501,6.023262593159794
16502,9.194798993184133
16503,9.047914846009244
16504,7.382082448863434
16505,2.826451894519113
16506,5.9136215791608056
16507,5.484396726834627
16508,7.921207975811261
16509,9.106890720959878
16510,9.454109238519552
16511,5.5204920705986265
16512,4.7890907370575775
16513,9.12266869892736
16514,6.757084778773253
16515,5.5617233134359125
16516,8.189606772067387
16517,9.423610112984507
16518,5.416900948932708
16519,4.361623644270336
16520,6.053144232908389
16521,7.468289833845314
16522,5.221018287775181
16523,3.1941029568067068
16524,4.923785669014602
16525,7.51516536124759
16526,6.4396731383815835
16527,3.8565257256788756
16528,9.075037533766556
16529,5.1267842181408785
16530,5.175358216860519
16531,8.449797989038533
16532,5.3587064393548385
16533,4.338585650929437
16534,6.557196879811869
16535,4.253094890123457
16536,5.866896881126751
16537,7.789463789463888
16538,6.775231528924591
16539,9.013216699732721
16540,5.615484381547393
16541,4.421105782692884
16542,3.640502300151762
16543,9.02347736741661
16544,5.551832540865413
16545,4.349455621265859
16546,6.521589189511789
16547,6.9326642224761175
16548,6.183999299357023
16549,6.111926305772569
16550,6.297456484014317
16551,4.068948517287827
16552,5.927923535934913
16553,3.8202163590946254
16554,7.279141503446678
16555,7.360356093153413
16556,5.625565919341634
16557,4.784301106422339
16558,8.655896500373533
16559,6.682957748332456
16560,9.323011268649106
16561,3.841219852260455
16562,9.051186387892653
16563,7.295390678011243
16564,1.687408780219603
16565,6.370450462873429
16566,5.312253189893013
16567,7.82252479542625
16568,4.409707918667303
16569,8.057693585370414
16570,3.753867299031841
16571,6.245617132724401
16572,7.358105087402452
16573,7.286454440628273
16574,9.030066836715406
16575,4.208197713924216
16576,8.545739409742971
16577,7.4245610490701
16578,7.650974998242235
16579,7.607390559152703
16580,5.540112522029904
16581,7.157607553416986
16582,6.958320533979121
16583,5.823152273618803
16584,7.340956727774957
16585,2.5497192817237937
16586,6.978448966718931
16587,6.6391929836496
16588,4.931265908520141
16589,8.379727535004022
16590,7.850627536700387
16591,8.011102696633971
16592,8.350318034643797
16593,8.41023699548359
16594,6.899472817459857
16595,6.758381612579837
16596,7.381409802284611
16597,4.751608425011466
16598,3.412579638538047
16599,3.363545289892252
16600,6.427948994244548
16601,8.135956153702695
16602,6.121447002978646
16603,1.5913916169765234
16604,6.60926790187292
16605,2.275938369582741
16606,6.037527209600691
16607,5.078629338330645
16608,5.1329402193111715
16609,5.422259259389131
16610,9.432043528858632
16611,6.245505384927453
16612,5.158239053364439
16613,5.232171718206756
16614,3.5807635128628754
16615,7.750115674708345
16616,6.453931074522949
16617,9.347256747739792
16618,6.552821316425728
16619,5.315139597113918
16620,4.002582186355835
16621,7.012224713679309
16622,6.7212232819615325
16623,2.4569958176312428
16624,5.380341220209502
16625,7.2616356666277015
16626,4.676952815734846
16627,3.973981519417883
16628,8.78420731584192
16629,6.7567274050506585
16630,5.824456834821818
16631,5.267695930342535
16632,4.160227522653886
16633,8.203377727678298
16634,8.494722443760867
16635,6.443280490716039
16636,5.9000758182310715
16637,5.6969141412841875
16638,4.163247324441367
16639,5.72980953446873
16640,8.283236996282698
16641,5.477235435063972
16642,6.419799133804309
16643,6.1257389874719825
16644,4.787983343647837
16645,7.290965171449258
16646,7.8009144087312094
16647,7.551879195097773
16648,8.575570775659102
16649,7.768921037970694
16650,8.791353314435009
16651,8.216814281823748
16652,2.3926519030766706
16653,6.7014939995821425
16654,7.427258125663782
16655,5.0548375899957065
16656,6.2835778058317135
16657,4.688654665052514
16658,6.792633801296414
16659,3.9151408924521043
16660,6.946088163212018
16661,9.88214879297728
16662,7.485163059604341
16663,7.213100049003093
16664,5.857810689085629
16665,2.1966783348151413
16666,6.135542405473929
16667,6.231334202531004
16668,6.402745760395296
16669,6.9743883727917195
16670,7.896098954805036
16671,8.5478834503656
16672,3.0274324603792175
16673,6.1409517795517985
16674,6.806916494637962
16675,7.749216728704067
16676,9.727612028237232
16677,9.141047981590006
16678,4.892273767264873
16679,5.472908769603838
16680,9.202896004786709
16681,3.598721087568223
16682,6.941386416806584
16683,6.579727945800646
16684,5.948152812891326
16685,8.528483754302233
16686,6.987275486175703
16687,6.430885925382119
16688,4.776021555165807
16689,5.709853371668816
16690,6.476927921074901
16691,6.543118719855885
16692,6.304129052970914
16693,5.361399621663585
16694,6.71897580745146
16695,7.232892261339378
16696,5.820770963655256
16697,2.9035362769814137
16698,5.219735306868754
16699,6.626425318700798
16700,4.7301616799741035
16701,3.6600670497898307
16702,6.87411778918086
16703,7.133494577494135
16704,6.276280101928141
16705,7.214686802463196
16706,6.761110129806144
16707,6.357570288695596
16708,7.083398820977822
16709,2.843859615388998
16710,5.678440977376695
16711,6.935415595498872
16712,6.5695063624678
16713,8.835894689220044
16714,7.386356537326722
16715,5.2937588846122114
16716,7.493367257476493
16717,7.537997120797701
16718,6.265188088052883
16719,8.698075308312122
16720,4.563695762974975
16721,1.7432518536597796
16722,7.839476814725904
16723,3.25464263004156
16724,4.901656672319518
16725,4.6257002564931415
16726,4.478542603713989
16727,8.119192694835803
16728,2.1307815652952042
16729,5.941444307632989
16730,5.157767447722434
16731,7.453764182572677
16732,8.43802125975635
16733,6.24776145259317
16734,4.984466266736797
16735,2.179841353404041
16736,7.644635410016238
16737,3.890789582249151
16738,5.497248262661121
16739,8.025607056239261
16740,7.971808124021974
16741,8.270583583586543
16742,7.538169133037892
16743,4.304077394920151
16744,6.992181555185914
16745,7.9223467285259
16746,8.569682992613997
16747,4.270551055244607
16748,6.276765483067915
16749,6.69838519588537
16750,6.144004798688822
16751,6.349101734673131
16752,5.874823519595982
16753,7.46333712461998
16754,7.262061152662211
16755,7.183592231997255
16756,7.1639297070702
16757,5.578461268169019
16758,5.487929892876933
16759,6.63873924421727
16760,3.4157268238746807
16761,6.631492970790997
16762,4.8586620955818995
16763,4.4206679562921165
16764,1.9508475752519208
16765,6.3672386609690905
16766,3.9352668171720104
16767,9.237623204380569
16768,4.6186892618258835
16769,7.558008976807683
16770,2.798611386531226
16771,8.386127780712751
16772,4.052469827621449
16773,3.503777100872268
16774,2.7895432668428426
16775,5.705118286756283
16776,6.996339559408279
16777,3.5313249219736647
16778,7.351586818504887
16779,6.188553137474305
16780,6.181009215424156
16781,3.9957750097426037
16782,8.302715580907307
16783,5.238470598949428
16784,7.586958998139975
16785,6.586562527291074
16786,7.717140544957312
16787,4.947249089071687
16788,5.43530456513154
16789,8.371871935289231
16790,8.396271873355692
16791,7.742999767104267
16792,8.874442174404365
16793,5.893650669173812
16794,3.161872716035849
16795,4.193254022818169
16796,2.3414370360526062
16797,6.278956377994627
16798,5.122719011988039
16799,8.507400239175393
16800,8.688132595216391
16801,3.2179795301635195
16802,5.984142708035952
16803,1.7125213383788023
16804,6.835196399237094
16805,6.982316249711422
16806,7.345292969288579
16807,7.381275544364141
16808,3.0169615094981475
16809,5.613529678285086
16810,5.802350272523554
16811,7.147979891710915
16812,5.784323780334882
16813,8.307375282929879
16814,7.0538631058243935
16815,8.25074910261726
16816,8.439628937660297
16817,4.447706889838817
16818,4.1466938956415
16819,5.458445147019612
16820,5.0057638759432335
16821,5.058644877263623
16822,5.65977923125362
16823,5.828041281764119
16824,6.148809165939035
16825,7.542047815709847
16826,4.431741027825233
16827,6.626109768571641
16828,5.767110321014429
16829,2.70436325414292
16830,3.887034013119029
16831,6.364188485662765
16832,7.143024533548766
16833,6.758251958912436
16834,3.162831531349087
16835,7.998345780065773
16836,5.7899880438251925
16837,5.093625298689295
16838,2.904806567660539
16839,8.705531540930858
16840,5.411967650262944
16841,2.10625635183803
16842,5.825001380875038
16843,4.768531566855641
16844,7.240801481993023
16845,4.978383865267642
16846,7.938174908685724
16847,7.102936217316477
16848,6.248530212994567
16849,8.453148734596805
16850,5.740329063955762
16851,4.144045109884164
16852,5.33388439574801
16853,3.5866829174007675
16854,9.486918882193944
16855,7.300469385631471
16856,8.148941567371976
16857,9.975223510483659
16858,4.8221627359555175
16859,7.213799176900579
16860,9.50133556177709
16861,8.91288791009038
16862,5.199264273391581
16863,4.830557245068066
16864,6.34700876975374
16865,9.694668515737403
16866,2.7264706986254623
16867,8.563474507993739
16868,6.013895752293519
16869,7.133558846946981
16870,6.555786563777062
16871,6.33060025472801
16872,5.545679068766089
16873,8.132482483037522
16874,4.771568669115151
16875,5.417655618489805
16876,1.4544214433199383
16877,4.391272239444879
16878,5.822141535235322
16879,4.9270369819929645
16880,6.616429631057763
16881,7.762270134452857
16882,9.237768881405609
16883,9.330785131425772
16884,6.582197223230024
16885,7.588297469736868
16886,1.8058488604528684
16887,5.434540539689751
16888,1.795234801146346
16889,6.222969603901096
16890,7.274437996615781
16891,3.654498712434942
16892,7.285714744367942
16893,8.770585913545869
16894,4.298070543498596
16895,4.106376095954613
16896,6.889387338315525
16897,6.801026532642221
16898,4.854178874233165
16899,9.240744437129148
16900,6.679526027429989
16901,6.475482233324991
16902,5.357631756748577
16903,8.565113245072563
16904,8.430621051473006
16905,7.6053026628428935
16906,3.3699900680778327
16907,9.324046786849916
16908,7.055642217856341
16909,3.433477950477852
16910,6.025520968908087
16911,6.3796410847847556
16912,3.038805352590607
16913,2.295189286235883
16914,8.843311645192781
16915,8.259853005068068
16916,4.234202331371293
16917,7.300767783816622
16918,6.67206475280301
16919,4.032827295554562
16920,6.874034015623034
16921,3.248686244826635
16922,7.683253231639644
16923,7.102804413759675
16924,7.440483578406466
16925,9.293032808810196
16926,4.34927399990678
16927,1.6908386757327445
16928,3.7926652560670555
16929,5.749638025380133
16930,6.40023151620491
16931,2.720123079177117
16932,4.154890093942985
16933,4.236111243472427
16934,9.251658451528417
16935,3.0288592523779228
16936,6.653260533910374
16937,6.353401469853042
16938,8.054367071537166
16939,3.6746575985692127
16940,3.7922669538644813
16941,7.336499835881616
16942,4.789414087618991
16943,5.172611487527537
16944,6.740690970913403
16945,6.675612394905171
16946,5.386532714171996
16947,3.9992315048818874
16948,5.586922956943723
16949,3.6539770052125915
16950,7.555255442476067
16951,6.997743115409209
16952,7.684849798945254
16953,5.415687365255235
16954,7.904013632522724
16955,4.9490987772179675
16956,6.605161999324028
16957,4.9532569366326396
16958,0.7965945089249112
16959,3.4263127553294117
16960,4.0065956058952406
16961,7.9809950513791765
16962,4.208240390691893
16963,6.039102838362385
16964,8.162578069557753
16965,2.99269057888722
16966,2.976508487049918
16967,5.944046926814249
16968,6.8449524368714
16969,9.974489126961632
16970,3.5679894851196714
16971,7.49277586291814
16972,2.4904065409107057
16973,1.1530823702179998
16974,4.3470508001582955
16975,9.462333452229757
16976,8.465016730960865
16977,8.6920440356633
16978,6.901561540716919
16979,5.03353679761253
16980,7.123949314833743
16981,3.3276787180033316
16982,5.562441964222853
16983,6.879369560013734
16984,7.306702979413261
16985,5.174113185963275
16986,7.265953830236147
16987,3.9373861208323873
16988,6.5366263092382155
16989,4.0196841910558145
16990,5.450690014086867
16991,7.369241727229685
16992,6.978981377256451
16993,5.042798182503381
16994,7.091071453624582
16995,4.869919063121186
16996,8.820413680164366
16997,3.8895145829886046
16998,5.2131781768904215
16999,3.7947018237587713
17000,7.658668944494084
17001,4.186537053576421
17002,6.766058533088895
17003,8.410495434570489
17004,8.910441481062621
17005,8.716027626763625
17006,4.357922744820979
17007,3.759375838541902
17008,5.27662169858449
17009,5.457891313097757
17010,4.215661304662586
17011,6.437255730238559
17012,6.089328447006386
17013,7.367849467410312
17014,5.324709618150519
17015,3.2351500750476267
17016,7.019824981434676
17017,7.1041080095313305
17018,5.348258292565181
17019,7.631289323728322
17020,7.365222493571719
17021,5.22385773435804
17022,6.298383127538547
17023,6.828950680441798
17024,3.6144831059891374
17025,5.695712789023534
17026,5.167725936193805
17027,9.269512834282578
17028,1.1709804783515416
17029,4.07916006474574
17030,6.628261818270772
17031,9.150460523573893
17032,3.6780452882843355
17033,6.208643435731764
17034,3.6482005143251635
17035,6.808713509407568
17036,9.085721689542563
17037,3.0945797329144717
17038,3.39023277917779
17039,8.819647177388465
17040,6.680387749236194
17041,6.9054498365413135
17042,4.237912546647445
17043,5.2674468889759245
17044,5.781998027163718
17045,6.846604995347656
17046,5.387280195293052
17047,9.070665199685811
17048,4.757298851891284
17049,10.0
17050,6.863373929481784
17051,8.158640257827125
17052,6.364543464581823
17053,6.524387900900365
17054,3.8477197160147094
17055,7.531472282499119
17056,3.695833449870573
17057,5.376123812170684
17058,6.692425298250777
17059,7.2584917436726055
17060,6.041880064905792
17061,5.70568757184855
17062,2.9718722763710668
17063,7.416813685248622
17064,7.014886728671646
17065,6.822099490917827
17066,4.350252817815361
17067,4.771572864162141
17068,7.378008941288092
17069,8.397976957448885
17070,6.380399756688409
17071,5.95664870799834
17072,5.548921547193418
17073,6.453906068768363
17074,4.071045423296407
17075,4.671948492254853
17076,6.189073472960965
17077,8.317611933230898
17078,4.921102594024141
17079,6.275899235425554
17080,4.070811554844485
17081,6.265413889245993
17082,8.302588043656689
17083,5.0980805448101405
17084,7.972320141030255
17085,3.875126339234246
17086,0.9316158833484469
17087,2.432070160307869
17088,6.897937545615643
17089,7.803992472022886
17090,6.690736386253116
17091,8.197221841611418
17092,6.65816437721106
17093,8.498293997666266
17094,2.140893112236803
17095,4.910399233493928
17096,1.625934961857284
17097,2.8542632922752817
17098,6.210600418355859
17099,2.21739914134523
17100,8.07568731324872
17101,6.339472720154819
17102,7.661847307829021
17103,4.616648788148492
17104,6.751761091998785
17105,7.407512028930624
17106,5.7622279474203015
17107,1.53874849893477
17108,4.028236680750898
17109,8.54639905348053
17110,5.607340433352432
17111,4.827086847734163
17112,4.746529044972222
17113,6.612237251125751
17114,7.0380540595628345
17115,6.72262609592002
17116,4.962159028996211
17117,4.531369392126303
17118,8.216375324062628
17119,3.535433059674183
17120,5.534271696727952
17121,5.618781248043534
17122,8.560272817047641
17123,5.172237473934769
17124,7.608549945802535
17125,5.512895887511367
17126,5.1081729386563035
17127,5.77207151063905
17128,7.880453163860689
17129,1.5215179009631652
17130,9.369257112628835
17131,8.644231046952978
17132,5.634575085074001
17133,5.883758982034947
17134,5.179422150212038
17135,6.382297278352641
17136,3.7247095473971354
17137,7.996690376417843
17138,6.50466702365637
17139,9.887210375114183
17140,4.872268023862003
17141,5.940496150966515
17142,4.2610353709500615
17143,4.444433292002324
17144,5.088786158820108
17145,2.616509804813294
17146,2.7699822182951688
17147,7.704777507299279
17148,4.151703667897013
17149,6.46395106573023
17150,1.4615551564260998
17151,5.982723622409113
17152,3.0690499153639252
17153,4.19524129962319
17154,3.4277478351136947
17155,3.357941960472568
17156,4.318295050550054
17157,7.437347576711254
17158,7.361467853389996
17159,8.120038481234783
17160,4.250049206190136
17161,6.575308331027584
17162,5.902069877670547
17163,7.9458479334348695
17164,8.389873047368999
17165,5.900245460460335
17166,8.923695100373276
17167,6.232891100088108
17168,6.813758014754596
17169,6.205800148027922
17170,6.912700956584468
17171,5.215124477179766
17172,7.094046061917567
17173,8.283912264741414
17174,4.657770050277445
17175,7.016905706090093
17176,6.322754372100902
17177,9.433359375318227
17178,6.238209496440961
17179,5.356927759955729
17180,8.034290988681542
17181,7.068711780678603
17182,3.9311227959110058
17183,6.826815810537428
17184,2.9120556674028557
17185,8.352219809206261
17186,5.235512501188477
17187,3.4544606247112846
17188,6.341827182045192
17189,3.2310662867477014
17190,4.50917251087747
17191,6.360524915733858
17192,4.081790704505164
17193,8.107724596960697
17194,2.7208711320419425
17195,4.14765235431708
17196,8.623560465601646
17197,7.465505952934707
17198,7.684662804577409
17199,7.006169143687622
17200,4.803092111989384
17201,6.272332679784286
17202,6.7991255015339025
17203,4.536876010439331
17204,7.114555516886651
17205,5.783321486895471
17206,3.6298192771665754
17207,4.089766288342693
17208,8.049914258183424
17209,8.604163915290886
17210,7.245900757056532
17211,7.8831759919934665
17212,3.2026970836690767
17213,7.096861496554209
17214,9.245106418366005
17215,5.80760932956059
17216,9.896894060312523
17217,5.252166071063935
17218,7.177389193270924
17219,8.33446495083707
17220,3.085383138479572
17221,6.082584193685166
17222,2.0161921955706066
17223,7.356786916746424
17224,5.709225254226438
17225,2.5006136122541385
17226,7.287201778516623
17227,5.961347152149818
17228,8.144222872214106
17229,5.509595487000382
17230,5.146105796921012
17231,3.944815982632169
17232,4.749037275771329
17233,4.8162931789334165
17234,8.651259443415816
17235,8.604997390195306
17236,5.404588058714735
17237,7.426888006552678
17238,4.031387747112509
17239,4.012091986828828
17240,3.9385762419627284
17241,5.358438797618541
17242,4.120991016025616
17243,2.039963209768207
17244,7.52249883769326
17245,5.752705370075075
17246,3.82494912109188
17247,8.727888984123847
17248,4.434686232513281
17249,5.319263060370795
17250,3.9775190459694736
17251,6.334029433447755
17252,7.20918450791028
17253,8.682794898642323
17254,3.4921594705071
17255,4.717806428488332
17256,3.5953799852027672
17257,7.7040730934294315
17258,8.456843461564052
17259,6.792201429833149
17260,2.078129722628333
17261,8.376721832489277
17262,3.20029641431033
17263,6.928789742571913
17264,4.85111470933259
17265,7.401105343820191
17266,5.441225884753928
17267,8.349578729274388
17268,2.9221563497475165
17269,4.7099699934629635
17270,6.913518298878837
17271,1.8620280556594548
17272,7.133556499091867
17273,3.6823259157730894
17274,8.447458856252041
17275,6.900469176907035
17276,2.8904323182090623
17277,4.4636176117085515
17278,4.449509602349771
17279,8.953440735028284
17280,6.267946469357327
17281,5.607801860522065
17282,7.298751257221889
17283,7.09965756732942
17284,3.3028494800862847
17285,6.4517058605229085
17286,7.200391869351144
17287,8.223504669484345
17288,1.480337874865417
17289,4.591751583043272
17290,5.363300076926913
17291,4.488538002955461
17292,8.433714576030843
17293,3.8239841794876073
17294,5.456485520436979
17295,3.1315254845636153
17296,6.844106683335516
17297,4.894969874010978
17298,6.917919387830372
17299,6.325220646707193
17300,5.452781022607046
17301,3.665355213666242
17302,8.723835815094386
17303,6.48209374051293
17304,5.148409316932157
17305,5.7779869054642194
17306,3.447744715723921
17307,7.694791356339971
17308,7.4533211105740875
17309,2.1469160790534767
17310,5.784880679703415
17311,7.071392594881814
17312,5.7534323945763335
17313,7.888469494302868
17314,8.354778200315174
17315,7.565954356399101
17316,9.038425803260742
17317,6.859939310234284
17318,8.092048694644058
17319,3.071339418462576
17320,7.104550074996872
17321,4.6778745011791765
17322,3.8794227949385
17323,7.933115950115519
17324,4.807077734327272
17325,6.310889192748084
17326,6.613179991185623
17327,6.056290728974596
17328,4.819021025894642
17329,6.591421096631741
17330,4.853706269420011
17331,8.019692543385755
17332,5.763472609971869
17333,8.808535319961717
17334,4.893645593643108
17335,7.231987708199983
17336,4.423021328801303
17337,3.4874422834250396
17338,9.1145408303662
17339,2.36512340807763
17340,7.15862858091359
17341,5.534921442386584
17342,3.52675638521274
17343,5.754008027203115
17344,5.412141913588907
17345,8.62394618780974
17346,4.0600702553408
17347,6.514397116247375
17348,3.0370244366247645
17349,4.491896280621853
17350,6.52643887108066
17351,6.83235177574185
17352,6.083760624578366
17353,5.9006402681212675
17354,6.820525638568786
17355,5.762086186891677
17356,6.924690008546437
17357,4.1302343084788475
17358,6.43588507704078
17359,2.4525858247318726
17360,2.4306109579781254
17361,5.504096684239869
17362,8.57306159357093
17363,5.52472731769919
17364,7.570054623777565
17365,4.869719039880028
17366,6.84330287534263
17367,8.381037860003897
17368,8.494233972723915
17369,5.099108543244824
17370,5.446652502662177
17371,8.12953155142967
17372,7.15672342790671
17373,7.396554326523207
17374,4.373246656124086
17375,5.987412186214893
17376,8.158978560333447
17377,8.268658656740993
17378,7.444015094730792
17379,5.669496467901967
17380,8.49842226346278
17381,4.1183834969327044
17382,7.095117718318716
17383,4.055331605464973
17384,8.057073005842112
17385,6.614502791082822
17386,8.662492682369043
17387,8.975636507079022
17388,7.689998649489023
17389,7.6092001611307385
17390,3.269947368593594
17391,3.9737095195564813
17392,5.610371314264499
17393,5.375862982968849
17394,7.452542898995776
17395,5.424623161436356
17396,6.994410925526874
17397,7.233463191077485
17398,3.57335498805665
17399,7.4074273978633585
17400,6.4445282127511
17401,1.4662396301394538
17402,4.114474495428513
17403,7.054174367455994
17404,6.089600690553584
17405,4.391920846439129
17406,4.019097493512029
17407,4.347206049281054
17408,6.316109208765016
17409,4.908288632371288
17410,8.561089409246105
17411,5.395520891938878
17412,2.3930383081286424
17413,3.5495834302344433
17414,5.585426870722879
17415,5.895018156355425
17416,7.006915854269435
17417,5.520079568800222
17418,4.5914192079192135
17419,6.357632263094013
17420,5.2008558277539
17421,7.465708343992164
17422,5.863723146760114
17423,6.513098569841479
17424,5.485196314039161
17425,6.727251471291643
17426,7.588181701920462
17427,4.651590979769802
17428,6.770161466045543
17429,6.341134929553794
17430,7.9646111726874365
17431,4.031116980400686
17432,6.686067667331796
17433,7.78805891761626
17434,4.781109313218395
17435,5.1563957982175195
17436,6.911788468684445
17437,5.640968342763651
17438,6.867642858511701
17439,7.2106394733760695
17440,6.416771912626132
17441,3.638299642976493
17442,7.795405056667937
17443,4.684941408834893
17444,9.106732630215678
17445,5.6083095856659435
17446,6.4891305924123746
17447,5.537446470624644
17448,5.61519054502098
17449,4.178396902499247
17450,8.8555048892488
17451,7.771364440676367
17452,8.659539578179434
17453,6.233474695019108
17454,6.852259197537474
17455,3.309145398753703
17456,1.778572015002947
17457,8.164048497769604
17458,5.351653881696244
17459,4.393878336237202
17460,7.112767921700448
17461,4.029294684706171
17462,5.576450925966781
17463,7.399894032465694
17464,1.3651890173236616
17465,9.538186725566622
17466,3.3719109493683836
17467,5.758519807376596
17468,6.595536676541156
17469,3.6955042074665547
17470,4.291907254803553
17471,9.750654570844997
17472,7.86351918289277
17473,4.282938757130429
17474,4.041845532557811
17475,6.624367571938059
17476,7.1320165175745585
17477,8.384153394317911
17478,7.350946462132756
17479,6.833738068972932
17480,4.5619766705102505
17481,4.847589351074713
17482,1.7782168526933062
17483,5.453863562880036
17484,6.1180579497921075
17485,4.916004108273215
17486,5.136784820097619
17487,9.088170350078917
17488,6.6161005337184475
17489,5.474164484573672
17490,3.819795120527772
17491,7.018078289754247
17492,5.773439233075903
17493,8.063949117909013
17494,6.242799427998409
17495,2.582059060758563
17496,8.390192164854387
17497,2.5723681386065578
17498,6.866125356802769
17499,8.467012642819807
17500,7.643595759161381
17501,3.244122394651447
17502,5.842822304679798
17503,7.331009442077146
17504,2.8560660157926088
17505,2.523638034626255
17506,7.562214560495465
17507,6.132265808496475
17508,7.718485262011944
17509,3.814169074089304
17510,5.715973517304363
17511,6.782442339824506
17512,3.4398254951536424
17513,4.735362690145854
17514,1.9742736239853138
17515,6.541478749607878
17516,5.432671503328204
17517,9.379148533465104
17518,2.238380388355007
17519,5.716943503031578
17520,7.560481783110366
17521,3.966155926824122
17522,5.002508593793719
17523,7.596313048280797
17524,8.81484748750899
17525,4.9254819551668465
17526,8.827423368087128
17527,5.3131521520265395
17528,4.257448619168882
17529,4.88699157859428
17530,2.490946883231163
17531,3.71200181678942
17532,6.606355973912923
17533,7.964001112709464
17534,3.096647806276562
17535,8.420995904454688
17536,3.694995527556064
17537,5.4461122481627315
17538,6.473358636142521
17539,1.3951882205843595
17540,7.52535219267169
17541,9.381676605810132
17542,4.538191729761417
17543,6.607738071862909
17544,5.0840544744411975
17545,3.598945082229502
17546,1.4132092236509621
17547,7.4944536939371575
17548,5.087974819086352
17549,6.4809729835855325
17550,7.83466366202944
17551,5.910971874795193
17552,8.26973575862785
17553,6.621389918007398
17554,3.77518542725032
17555,7.279335979110664
17556,4.419480071528304
17557,6.128530781102457
17558,2.800221594885108
17559,5.679258671065627
17560,6.333699446374507
17561,7.720819293954049
17562,8.504871369933337
17563,8.529759955347512
17564,5.896345861435224
17565,3.2618702932729158
17566,6.246328165077309
17567,6.471668001923997
17568,7.389368592120761
17569,6.615963124264743
17570,7.747563093972947
17571,8.33138732581111
17572,5.563684972112392
17573,2.685866396240619
17574,5.510717538090024
17575,5.585402513498037
17576,4.902408507644954
17577,5.95750899475056
17578,5.558342533347943
17579,7.505777678110204
17580,8.265016291703038
17581,2.1579718002267385
17582,6.701677144956984
17583,6.631179261175271
17584,5.775051802039455
17585,9.032298348687164
17586,5.629323793432871
17587,3.983768437603686
17588,5.5312323183985885
17589,5.0609213953468615
17590,4.316421415707147
17591,5.708611455618448
17592,4.2908369235273325
17593,6.567929357090324
17594,7.66256031598063
17595,7.671736052700713
17596,9.841501462517494
17597,5.261396566456776
17598,6.826561721794983
17599,3.8187775944356837
17600,9.429931279398497
17601,9.159860967767766
17602,4.948696256192927
17603,7.218914698959314
17604,2.8780972342335067
17605,3.7713158557210447
17606,8.352213085084287
17607,4.829356478086899
17608,7.286041570163137
17609,5.85835968103042
17610,3.822396793883179
17611,2.24449422577333
17612,7.449575555739197
17613,3.7496036402049944
17614,8.586419314658027
17615,7.738609905773577
17616,7.7832601443383025
17617,6.757936044956675
17618,6.739729012074855
17619,6.290939611372819
17620,8.68785914448979
17621,6.3422508323638676
17622,4.296070046933812
17623,7.814702484997059
17624,6.920947681828208
17625,4.0074878714384345
17626,5.031779688140216
17627,6.733494420313344
17628,3.463399412861952
17629,4.811994249737985
17630,7.326759289007896
17631,4.961195100939835
17632,5.906209275073668
17633,6.179703487774532
17634,3.8143309266175307
17635,6.309111481884676
17636,7.172632724529903
17637,3.4126088863628192
17638,6.05774596163766
17639,6.323666235844322
17640,8.36385574916637
17641,8.068631396236926
17642,4.8109349194228965
17643,5.946695552392453
17644,7.939369832903717
17645,5.622444088327345
17646,6.676648292265642
17647,6.170546210542648
17648,5.829607316110848
17649,4.262414728837888
17650,5.808795130188693
17651,6.951047395808961
17652,6.342862174627115
17653,4.822769544950174
17654,1.6974246457582598
17655,8.082046305827506
17656,4.186976781392057
17657,6.4007549659145155
17658,3.607370028481431
17659,5.543905430466621
17660,5.967454457590356
17661,3.0352626300292913
17662,2.280826521247846
17663,7.201017880373823
17664,6.604821487178436
17665,9.779299689546216
17666,4.537298417245124
17667,5.987567275495013
17668,8.802234067567586
17669,7.76788332444233
17670,2.8509372263074
17671,6.09923885793374
17672,7.352246075833247
17673,9.005380396905633
17674,2.3896521129753
17675,2.940191025161194
17676,2.7663453952162023
17677,7.336754730318463
17678,5.043253298965142
17679,4.608690185854126
17680,8.847686086320113
17681,5.171846929199398
17682,6.981080556935528
17683,5.477702017831083
17684,7.920332242238885
17685,3.930383931148578
17686,5.82530407578535
17687,6.676073864094393
17688,4.201035274731461
17689,5.953338375941308
17690,9.56522596440413
17691,6.385240416269622
17692,5.9033575634115065
17693,7.096823699942294
17694,4.779717628649912
17695,5.359268390935769
17696,7.700297444969138
17697,7.92013726572043
17698,8.073347601922256
17699,1.8760169611147304
17700,6.596345423176347
17701,6.726123530167049
17702,7.3477415398474974
17703,8.234633563488618
17704,4.097159129959938
17705,6.83007617125552
17706,5.32703321995798
17707,4.177291960396322
17708,4.305354738099585
17709,8.90063655029078
17710,3.766133134629631
17711,7.6492222429429635
17712,7.499980562657429
17713,4.0370001483712326
17714,6.586601761953872
17715,8.829266331489189
17716,6.155081794900622
17717,4.275722422938311
17718,5.813905012041973
17719,4.959318901834723
17720,6.589695489845843
17721,6.353302914363281
17722,6.310032975862637
17723,6.009520710271351
17724,9.212078975490979
17725,6.202286875033911
17726,5.938195090368671
17727,7.991090692448141
17728,1.8156799056547193
17729,3.6887524302627774
17730,8.59629017909366
17731,9.888067963053155
17732,6.568056598698911
17733,7.422642908893198
17734,7.948543726761342
17735,8.08177572014706
17736,4.4361885840620445
17737,8.96344787309197
17738,5.334346932575669
17739,4.073895173604781
17740,8.021961477867332
17741,7.169660851697829
17742,9.19592387388839
17743,6.18823531387666
17744,7.317684695255599
17745,8.56579798211273
17746,8.455011005527835
17747,4.47066123627838
17748,8.251219731719507
17749,6.312359900261462
17750,4.7189293837956985
17751,4.459611489664061
17752,5.6962003429099255
17753,7.304340013578917
17754,9.938492880815321
17755,5.150364670011291
17756,4.501629636271586
17757,5.7536240146882545
17758,4.424506801279099
17759,0.0
17760,6.583892039720233
17761,6.11048254624504
17762,6.951968636158488
17763,8.775504926319446
17764,7.2431728480294755
17765,3.4365486138060355
17766,7.009217318645037
17767,4.959188483931538
17768,7.13480886652786
17769,7.070152427718462
17770,7.558002508046007
17771,2.7808885855182597
17772,6.06923901409257
17773,7.997931459953487
17774,7.89280835613352
17775,6.030045369067198
17776,6.187106895844757
17777,5.094033074952033
17778,9.270597626626117
17779,9.07020667417212
17780,5.275190956718108
17781,4.586160261078225
17782,4.576077356257614
17783,3.906344920981475
17784,3.542894809942132
17785,9.572144349499897
17786,8.204805955714866
17787,6.265341311550715
17788,7.753317113811038
17789,5.654994826802005
17790,8.325248180441225
17791,5.541369222496269
17792,4.272786748577506
17793,6.337067234196779
17794,5.412093402321453
17795,4.738770538398375
17796,3.8906905862826044
17797,7.243036983099074
17798,5.832444679109094
17799,6.418787935134577
17800,5.16470161701443
17801,6.2226849550575425
17802,8.325929069825332
17803,5.821582991519511
17804,1.6562933828845374
17805,7.12764235746255
17806,7.321278418652277
17807,7.153074677734028
17808,5.676978533286186
17809,7.22178180857504
17810,4.970943805115597
17811,3.8594245216543124
17812,5.354865351055327
17813,7.335340094789233
17814,5.308977808338954
17815,2.4689588290598214
17816,6.2327523405297915
17817,5.177339377950809
17818,5.640440500052695
17819,7.297183076502499
17820,6.815165959339131
17821,4.115532557656223
17822,7.519470921318112
17823,8.396399472920077
17824,5.605385923168505
17825,3.264537095266031
17826,6.745488183055467
17827,4.73089888386403
17828,4.628703913671466
17829,6.050924694958132
17830,3.377790445019346
17831,4.324931077762692
17832,8.075773314413471
17833,7.426585878379133
17834,6.19380626713325
17835,6.057960087825312
17836,6.664237576975543
17837,6.99194225371434
17838,5.25164042292586
17839,6.486823924357582
17840,8.267167475201072
17841,4.002130749642488
17842,5.292781374193388
17843,7.531176332136347
17844,6.220963554983151
17845,7.769149634249388
17846,4.326936524266694
17847,5.21601977894786
17848,1.5843853120017213
17849,6.277218295832484
17850,5.196453739376388
17851,5.317430766853105
17852,5.196539475994852
17853,3.21783142656671
17854,3.7352507884380004
17855,8.922861879116155
17856,6.523393867145505
17857,8.43139718389088
17858,6.0341735275457244
17859,8.565007678738004
17860,6.781635936344657
17861,4.542266702458608
17862,3.4496236669444658
17863,6.737831339362023
17864,4.8360979427147734
17865,6.9425160777583255
17866,5.821653675083362
17867,8.520084042588449
17868,9.055911458135705
17869,4.93751891298744
17870,7.294288804117947
17871,7.662473762089407
17872,8.398784984823783
17873,4.081820939323023
17874,9.509314941326407
17875,4.85463503271415
17876,7.396620274342581
17877,7.860994989464115
17878,6.286620740446496
17879,5.169628814626263
17880,6.5029144871054525
17881,5.623202496852083
17882,8.20770077119414
17883,6.1070432915365345
17884,1.277167496414685
17885,2.56202528696401
17886,6.1751142794371345
17887,1.762430903200008
17888,2.556498646080614
17889,8.058814255302604
17890,8.981277529781538
17891,7.171851431011952
17892,2.9307621977241958
17893,7.2276361647823375
17894,5.087559257874355
17895,5.547858844176448
17896,4.364505148729471
17897,3.293144523013752
17898,5.912223698103928
17899,5.283707742175627
17900,5.767266182325119
17901,5.976988742169864
17902,7.754203276399781
17903,5.698657713798876
17904,4.641677635297791
17905,6.4917626358765235
17906,5.801826746678586
17907,8.677602900325207
17908,4.990423141470797
17909,7.596352747224216
17910,7.4176740742935525
17911,5.503398010278742
17912,6.9733346051448795
17913,7.772668746152178
17914,6.721714330550272
17915,6.0745513180990995
17916,5.597740216175225
17917,7.630995389353556
17918,4.910206414869172
17919,3.5945453180082283
17920,6.966070106488163
17921,4.149141789083648
17922,9.018124984164924
17923,6.558705120205405
17924,2.6077697215759406
17925,4.537931633062283
17926,4.840945059298656
17927,4.26965623940806
17928,8.641591864187387
17929,8.705902639170521
17930,5.777107640860473
17931,4.0736720058784694
17932,1.4184037170423394
17933,7.018031356487526
17934,6.342719891448635
17935,6.480267406533156
17936,6.776437572529266
17937,6.4112046350571505
17938,4.646257756718574
17939,9.464048351944626
17940,8.711245911714636
17941,4.717012150865957
17942,5.088129464433941
17943,7.102729327711927
17944,5.60124689655768
17945,9.080276462758842
17946,6.472492839618804
17947,9.183899687222537
17948,2.577195033122912
17949,3.976409023791134
17950,5.493582105712254
17951,7.77919412080743
17952,7.057800672707214
17953,8.708640559228979
17954,3.957204107127936
17955,9.662307962375449
17956,9.500537633794465
17957,7.7978438300491435
17958,7.659145662758419
17959,6.977590364616641
17960,4.178384457343517
17961,5.840349152622301
17962,6.418439793442798
17963,6.308694766108704
17964,4.9550531304682925
17965,7.895825190319675
17966,9.025054219858848
17967,6.4424903592988585
17968,7.559659878497054
17969,5.915270256075965
17970,7.1993245079609505
17971,3.944589946499582
17972,7.626207501101876
17973,5.409710657850027
17974,7.99854280861585
17975,6.511845834979999
17976,7.706733552591382
17977,3.518731214545673
17978,4.044639042567886
17979,5.365945595816174
17980,6.306357669640812
17981,4.5250668675938455
17982,7.164464132341401
17983,5.771994800414716
17984,3.9303720235593405
17985,9.36403000506722
17986,8.624647683537184
17987,7.835707551436056
17988,5.81340221615757
17989,5.846908030326077
17990,4.777156766442202
17991,5.941786563409456
17992,8.539369945979956
17993,5.526107343643639
17994,4.360424662564642
17995,1.895374407162554
17996,6.541613981403695
17997,6.977662129779667
17998,4.938885143274059
17999,5.069022557466561
18000,3.875041063729661
18001,4.620546617145392
18002,5.452093804146704
18003,7.024013215875664
18004,4.717807038054865
18005,3.689898355866318
18006,5.023747825406614
18007,4.080192979376868
18008,7.605946816129321
18009,1.819862694433604
18010,5.868161550459447
18011,6.981233222900995
18012,4.100376761972893
18013,9.337024207648085
18014,5.3184252048003975
18015,8.801791105407515
18016,8.878679406931457
18017,6.784134955129095
18018,7.709744409159841
18019,5.761209787697411
18020,7.487301695944412
18021,8.177547825287657
18022,5.522858440860981
18023,2.989232741651425
18024,4.0912035842891035
18025,9.00306480244716
18026,5.4670158727787355
18027,5.064609943515481
18028,5.301375134896584
18029,8.780261661999436
18030,7.660930506672237
18031,7.233675140012832
18032,8.032292036451324
18033,7.985288503975463
18034,4.541195617576219
18035,6.446298366100761
18036,4.476063834965945
18037,7.643357598430304
18038,6.871713506696968
18039,7.33308311132223
18040,7.176450977450953
18041,2.2313942043783297
18042,5.971617390134183
18043,6.671869195223866
18044,4.069271816727289
18045,6.504277454083071
18046,3.9543024940031586
18047,3.591054250145801
18048,5.522170609772609
18049,6.860622717651677
18050,8.767676695066175
18051,5.493784702316698
18052,4.88354018695303
18053,8.338848499505865
18054,5.876572622607368
18055,6.188120724824214
18056,5.881594489207633
18057,7.027652594761119
18058,6.733901951395064
18059,5.421231681040405
18060,5.569810524665004
18061,7.525740470075573
18062,7.503481716270602
18063,2.379927164780694
18064,6.319803034268996
18065,7.511812235749568
18066,4.869327751595104
18067,9.225374531521847
18068,7.159365909951555
18069,7.226859929161611
18070,5.667372280668677
18071,7.071759485229268
18072,8.329763247780884
18073,6.400536445904978
18074,4.193223347216256
18075,5.248635556406444
18076,7.194783698444636
18077,7.179316567514258
18078,5.882150109820307
18079,8.876161069410761
18080,2.0942831276724454
18081,8.414900716133332
18082,9.047666176142602
18083,7.434673673462802
18084,7.373731213315855
18085,0.9352925383105484
18086,5.652909188144909
18087,5.099192271626535
18088,5.703124507654049
18089,6.853964197211388
18090,7.306818881991466
18091,6.017074006939078
18092,3.2092027251016093
18093,8.421626266894569
18094,5.9296152100974835
18095,7.694509356665518
18096,6.1148575491020285
18097,7.444413363374321
18098,4.818641128523351
18099,5.989086294668427
18100,6.994311218592411
18101,4.053662345290201
18102,8.741033967143398
18103,4.382596569008544
18104,2.7774687355989123
18105,6.278632395961248
18106,5.58513026422235
18107,3.7836442372112886
18108,7.384786041997519
18109,4.879193794920529
18110,6.75767656342258
18111,5.008402783245129
18112,9.141037292486855
18113,8.634798738645708
18114,6.704199739126989
18115,2.991668070961089
18116,2.8884528750092286
18117,4.621605982445746
18118,7.4184080990629155
18119,4.976830306530894
18120,3.3241290086196527
18121,4.911591847897475
18122,5.339867721379567
18123,3.93389643460912
18124,5.054478728025979
18125,9.173113029381337
18126,2.6473882224465215
18127,3.8496429573900826
18128,7.182578756874652
18129,1.9936764902315283
18130,2.390070544274298
18131,2.6692851327887994
18132,6.648986052948911
18133,7.045009851528195
18134,7.50324165779449
18135,6.406943217112047
18136,8.777166967218607
18137,4.666800478033332
18138,6.26463375499309
18139,7.089303750279393
18140,4.842913234126247
18141,3.3613748171849167
18142,9.252847336170365
18143,5.363099373684925
18144,5.184257182407355
18145,6.014643873992379
18146,5.146896144929689
18147,6.934714330768593
18148,7.9124275072905235
18149,8.291215880991171
18150,8.767506312280798
18151,7.628968178703346
18152,5.672072378489792
18153,5.0317187162921035
18154,7.516743573655958
18155,6.95636940057918
18156,4.932451367882878
18157,9.72415586162974
18158,6.521693427367562
18159,2.89883542936387
18160,9.134094411468576
18161,4.230453503427841
18162,5.2244548136524145
18163,4.483250218281083
18164,8.874454601984933
18165,3.284334300194699
18166,8.226273905982541
18167,3.134885016772963
18168,9.164572375158233
18169,8.2366684108306
18170,4.547896533278179
18171,6.487936559958385
18172,4.875688599178899
18173,5.857213624925255
18174,5.35814517345719
18175,7.585737762338184
18176,6.848394521218364
18177,7.703523554394979
18178,1.071750040223926
18179,6.493648515305443
18180,5.411873189863487
18181,9.55270715604106
18182,4.300698722763163
18183,5.494524825319216
18184,6.6745063258581565
18185,6.724600211177615
18186,6.736168306982188
18187,4.067925410732931
18188,6.9642709988803855
18189,8.212994449537259
18190,8.456799388747692
18191,5.495298333556185
18192,5.9427540340251435
18193,5.036710885646566
18194,3.4279534730765775
18195,6.476824099886647
18196,6.76168453621184
18197,8.184788984386628
18198,8.618976342398787
18199,4.535599663229296
18200,8.025986482351758
18201,5.878656007147298
18202,5.804376255549186
18203,9.001540465703922
18204,7.017344561329803
18205,7.034535958476985
18206,6.070921511853849
18207,9.386481278795996
18208,7.351998512867313
18209,2.6989132677315046
18210,8.586841439132494
18211,8.537545806023665
18212,4.404211965466601
18213,8.807711557672015
18214,5.697032739182388
18215,6.902854813714183
18216,4.2811999519469195
18217,5.457574696907429
18218,4.238437000533503
18219,5.068904846788302
18220,7.916805911366995
18221,1.6625953359706571
18222,4.500652107846921
18223,4.8138216421707964
18224,4.875006341820796
18225,5.570282081447118
18226,6.73584063718244
18227,4.827745236044083
18228,4.947706215470841
18229,6.535663107989578
18230,1.0386456955102006
18231,5.9423689490962746
18232,3.516731498758778
18233,7.47772508544769
18234,7.259686075055155
18235,9.762425381003762
18236,5.609029998641814
18237,8.933403506311898
18238,5.326994678822456
18239,6.6296615116391235
18240,8.062540116507881
18241,8.525879048249804
18242,6.638210974073952
18243,6.701523305273886
18244,5.633466852467281
18245,7.7587322836194
18246,3.03568589591641
18247,5.030320632108461
18248,4.252549963811311
18249,6.888897303197761
18250,7.341204410229288
18251,6.314452399595613
18252,3.535051221057528
18253,7.911810106029672
18254,0.9302343953779744
18255,7.796768021648411
18256,4.366867343714834
18257,8.339798196056995
18258,5.3946918440190705
18259,6.33468566552004
18260,9.033470207777036
18261,3.318827142640403
18262,7.4749553287228965
18263,5.105850946801988
18264,7.626570210542161
18265,4.009521206620363
18266,7.941682018230614
18267,5.53661600324874
18268,5.8940922260367685
18269,8.72308727466646
18270,6.945534394679818
18271,5.87994040613341
18272,5.770268724627714
18273,5.547278586401321
18274,3.081187853892098
18275,2.348786548868032
18276,4.394490541818571
18277,5.570076586028572
18278,3.517627734392538
18279,8.07713715692484
18280,6.115796615442309
18281,7.513283183622103
18282,6.1433988151135965
18283,2.7988441043873737
18284,3.401121260148728
18285,4.869347668823287
18286,3.9898007896387844
18287,6.310410843889537
18288,7.091844613717031
18289,4.963446158586275
18290,6.231701939688318
18291,8.883440107612934
18292,4.414618824249574
18293,7.858783283645965
18294,6.6878815631142645
18295,6.725313373828248
18296,7.9781792660709785
18297,8.896477892283093
18298,0.5641932190773448
18299,2.070021989413147
18300,6.277796654691569
18301,5.3685695099821915
18302,6.062219844537499
18303,5.003748097468595
18304,6.884487848347517
18305,5.298459304030196
18306,6.65048824018478
18307,4.395871832651727
18308,5.776125559315849
18309,4.472835660854623
18310,6.989492979688312
18311,4.543175905095458
18312,7.409947388877072
18313,5.126662976969712
18314,6.302479333515597
18315,4.481961762461952
18316,9.886436833817115
18317,5.664639098265758
18318,5.678675760336413
18319,4.2346802540356965
18320,4.489333650318756
18321,3.094644405492069
18322,3.6419385844147185
18323,4.421529004320472
18324,5.087087475338604
18325,7.0786811488154715
18326,4.279842890767465
18327,5.393695285218763
18328,4.212363722303758
18329,2.802964603279761
18330,5.8351250295958135
18331,7.126748341686733
18332,5.994797857632109
18333,4.618675005021268
18334,6.1431219268432855
18335,6.744070943720603
18336,4.975805201116527
18337,5.567959705034629
18338,7.642979643819617
18339,7.458469116653833
18340,3.894514426514096
18341,9.392164586984022
18342,3.4622516348790713
18343,3.703690292459006
18344,5.301834451158049
18345,5.35708515520158
18346,3.731978536668504
18347,4.17185876037982
18348,6.68802118635701
18349,4.961404061761506
18350,5.679743003208058
18351,4.865124014211825
18352,2.0193894458349466
18353,5.666656124547853
18354,4.104065998113222
18355,3.9453496335134792
18356,4.646930594496213
18357,3.811121276603545
18358,8.396677176814867
18359,5.059990776930087
18360,8.453679613030653
18361,7.371454394322292
18362,7.89544543546091
18363,5.23106354011013
18364,8.1270910745674
18365,6.891565768838369
18366,7.226582442666074
18367,6.993959593678552
18368,8.381181599460444
18369,4.31917738715711
18370,2.935415892865884
18371,8.250391138232876
18372,7.01060847458228
18373,7.12518155099996
18374,5.93761894490307
18375,7.701984083734617
18376,4.018358589058363
18377,3.2780553548708595
18378,6.064871089204604
18379,5.55729338930224
18380,5.605312813281751
18381,4.224397728718121
18382,7.078239960518699
18383,3.8225297878779854
18384,7.012895714000038
18385,6.110589124978079
18386,6.16453316680427
18387,5.913672447751411
18388,7.647322138731927
18389,2.8900296882808414
18390,7.777652383405143
18391,2.8470649257126603
18392,3.8610506974858474
18393,7.975744304087916
18394,8.103469617649633
18395,6.896281323345477
18396,6.616635212170427
18397,2.204965300140432
18398,7.1481557661757495
18399,7.795557977379042
18400,6.800155825263991
18401,6.583550403612058
18402,4.556103199568907
18403,4.180868817073718
18404,3.7819439706408247
18405,7.005465964226789
18406,8.092292666790351
18407,6.241256798024007
18408,5.79670020637333
18409,4.778828194676722
18410,9.718734033479667
18411,4.414119894127066
18412,5.158287156079715
18413,5.910560708289727
18414,3.4006058450730583
18415,5.111979963293261
18416,6.795879514781182
18417,6.285455329883508
18418,6.366419017937567
18419,6.183908411953125
18420,4.724839424421836
18421,8.062630063193193
18422,5.36213966854239
18423,5.361220727855672
18424,8.583485998780686
18425,3.998148142369667
18426,6.619914021891345
18427,7.663288218410015
18428,5.206292705948151
18429,7.72245886887584
18430,7.72327367360888
18431,2.2361427153788234
18432,4.790121233470879
18433,6.530605328401829
18434,6.399177174299948
18435,5.0786094584234975
18436,3.923919004032354
18437,4.971290599609575
18438,4.417404661442864
18439,9.004584440602242
18440,6.864526715078389
18441,7.4402499906015365
18442,0.6181344437643851
18443,5.022374850576178
18444,4.779124446661685
18445,5.257981424336726
18446,8.07379213842734
18447,5.274416175569731
18448,5.852649354677281
18449,1.8325400878334779
18450,4.332740034015735
18451,4.864236550106168
18452,6.924492458466308
18453,2.53038544655705
18454,7.951201176870145
18455,8.098786628783088
18456,4.906780620274269
18457,6.040542289882393
18458,7.086179889227777
18459,3.29480159840668
18460,5.100616261250041
18461,4.091250676080539
18462,7.420382397535059
18463,4.633582292701446
18464,6.173626259976288
18465,7.488768836794767
18466,6.459243521716919
18467,3.9777164142418706
18468,7.796299054015833
18469,5.442119303656975
18470,6.483483773591695
18471,7.676152965337818
18472,8.089076902468294
18473,4.4315568434873835
18474,2.0570090432437933
18475,4.678681812012885
18476,6.5462691919670135
18477,7.130324749825016
18478,7.823688454158699
18479,5.446627976093295
18480,7.120230936720809
18481,2.140585196358752
18482,5.116219694100169
18483,5.963731563984318
18484,9.319565651513258
18485,4.3260334589607705
18486,5.328592011861143
18487,5.525158546986368
18488,5.783326793393712
18489,2.288301839406738
18490,5.465954324042715
18491,5.019318551760414
18492,4.248866451670077
18493,3.9254770941338193
18494,3.6957616631818793
18495,5.627011769041681
18496,7.300114238457274
18497,6.400881312700579
18498,7.603665170396314
18499,5.5281930612193895
18500,4.214172463412487
18501,2.269125843986085
18502,4.830844860852667
18503,8.212179997841323
18504,2.8470778494041844
18505,5.60009967931413
18506,3.1283723470921583
18507,5.344804750883915
18508,2.1882282582864834
18509,5.300756276865129
18510,6.51928357375054
18511,5.133598766979419
18512,6.673642572054715
18513,5.532250951466923
18514,3.7369218593061277
18515,4.71580514118383
18516,7.799333934235079
18517,6.146909016657931
18518,5.209744021875052
18519,6.4309024944497235
18520,7.205110224744656
18521,8.417995469688694
18522,6.62402218730823
18523,6.79168937640824
18524,0.0
18525,5.583192862399768
18526,5.578853424199853
18527,5.165351999912612
18528,8.69227727133636
18529,8.51940767980156
18530,4.53420438791477
18531,2.8245273935223163
18532,5.734873697091845
18533,5.117306746488333
18534,8.100351038835239
18535,8.268485831951475
18536,8.240191215833283
18537,3.505608404809359
18538,6.1983043760423255
18539,4.667070700064836
18540,8.379373246025528
18541,3.872316840071523
18542,5.5419167171455985
18543,9.231453492009972
18544,5.824719465175192
18545,3.6890532564343537
18546,4.496469024765308
18547,7.90016331372456
18548,3.841404408506743
18549,5.824168339506722
18550,1.148494415738742
18551,8.130479860605208
18552,3.4544473351137364
18553,5.977993432283127
18554,4.276332874182627
18555,8.50461200820697
18556,4.804625357431564
18557,7.373207579041852
18558,5.476290928660552
18559,2.0636862294998637
18560,5.1295756082765465
18561,4.984501104351347
18562,6.901340674400499
18563,7.11520669137264
18564,6.9205008465186495
18565,3.690338807474263
18566,9.203727757341682
18567,6.744023291320684
18568,2.190220754205748
18569,9.64211662212152
18570,3.206631573957945
18571,7.705860772542882
18572,6.117577625600065
18573,5.414806713817931
18574,8.318002817392628
18575,5.747210914697151
18576,7.382375796376732
18577,6.345565624772645
18578,6.548785093515858
18579,7.78483642581322
18580,4.342876799525528
18581,6.5323925085752235
18582,6.15585722555813
18583,6.480994923755306
18584,5.870894552753844
18585,8.143520294980183
18586,8.100330048038463
18587,4.427878322189899
18588,7.947460208540635
18589,7.566006732495426
18590,7.575605310207121
18591,3.755614700737572
18592,7.240258365232977
18593,8.027803099034998
18594,7.825403406848437
18595,3.4575642898254193
18596,5.557589070187005
18597,3.562035128812601
18598,4.372737634960751
18599,3.9076648738521795
18600,7.198603064578316
18601,8.396796522897898
18602,4.889066424138973
18603,4.781747670572746
18604,4.984707648877967
18605,5.9488381374584325
18606,2.760484590256101
18607,5.308713883665559
18608,8.844606364244783
18609,4.677661108173784
18610,8.20083212868754
18611,6.6556933350307474
18612,4.8457195398603945
18613,7.34949219576702
18614,4.507685009563928
18615,6.523947827470542
18616,2.265113547218594
18617,3.1243419618864836
18618,7.417007451996699
18619,7.112546263261526
18620,5.905238414499552
18621,4.079072856822091
18622,6.417092276177009
18623,4.419877336871643
18624,6.837441761932726
18625,7.453776021703499
18626,3.7918319579106425
18627,8.322347274944628
18628,8.011358835208288
18629,6.433342820584751
18630,5.28491970489906
18631,7.021006589531462
18632,3.138029053441218
18633,9.298864654287488
18634,2.740281192526647
18635,5.495884172806866
18636,6.597581999654783
18637,5.994825239962081
18638,8.924776595443799
18639,5.803955412142385
18640,7.779907051508151
18641,0.5315340989651174
18642,3.3506870560310444
18643,4.859736496095833
18644,6.623845882295941
18645,7.501795797397989
18646,3.2096551565312432
18647,4.028844714641327
18648,5.937288575547525
18649,3.4951443153373063
18650,5.710525724639643
18651,6.215382018773899
18652,4.6204894011623665
18653,3.8479295601280556
18654,5.1304550672952605
18655,2.9611917794678755
18656,9.41106850504101
18657,4.999893713969696
18658,5.226154775728364
18659,5.219473740188298
18660,7.893965737236412
18661,7.177080201943509
18662,4.845502861089842
18663,8.141860601398722
18664,4.641398672149686
18665,8.933246998258578
18666,5.28872929183006
18667,8.546664268573004
18668,6.539613487319147
18669,6.990860764136104
18670,6.958301652262615
18671,6.658459160953815
18672,5.885184691465781
18673,7.581545808428983
18674,5.0218505992863145
18675,5.092773208810826
18676,6.326164104874326
18677,4.81013529830806
18678,7.8671974533021345
18679,6.459837744704413
18680,5.016143003959181
18681,6.605496591616931
18682,7.255712951005924
18683,6.680564797277886
18684,3.1606837513668213
18685,4.421644750153845
18686,4.705010893526979
18687,6.197478261729695
18688,9.223188302670875
18689,7.414556671212513
18690,2.7838656677572233
18691,6.21221861169418
18692,8.975081525850575
18693,7.976569906189741
18694,7.090705330053252
18695,3.379082932024769
18696,8.524643034247255
18697,3.1018946997505874
18698,3.683671807334259
18699,4.437770439603406
18700,7.673547931633081
18701,7.149913162047724
18702,7.844589965876153
18703,6.749069692781165
18704,3.9030610038333626
18705,3.924747622172768
18706,4.867371420745584
18707,8.33274924123327
18708,8.947911733936182
18709,5.864538365598657
18710,5.407021327540319
18711,7.680117217561981
18712,7.079672314672495
18713,5.425165582808708
18714,7.724713669241072
18715,4.914650618515286
18716,6.783992190892448
18717,5.43617283582528
18718,4.330764399388107
18719,5.49017349986549
18720,4.260331629323248
18721,4.994900682290344
18722,6.093954374369128
18723,9.2033850221678
18724,7.492043586034233
18725,5.586775538398996
18726,9.170381097755131
18727,6.950678152407302
18728,6.005327171204375
18729,8.193434111439334
18730,3.7108723430908555
18731,6.699582386016087
18732,8.081325697327781
18733,4.599954141958487
18734,7.274741834885381
18735,6.250138249899736
18736,6.4011386969727155
18737,7.925735575446287
18738,2.6352324000924296
18739,4.004535955373774
18740,6.405144575276698
18741,6.171901199993384
18742,7.3080262083390695
18743,5.255816456520383
18744,4.441384833210487
18745,7.925516220052783
18746,3.874987230135801
18747,7.690059055456983
18748,8.42351172673332
18749,2.6106618167579496
18750,5.107095203315763
18751,8.24425490948891
18752,5.716279573857168
18753,8.23937315227656
18754,4.519031983642224
18755,5.011713693491008
18756,4.66051656729814
18757,7.266041304781437
18758,5.25369565079569
18759,3.9161433410903186
18760,6.464181756062592
18761,6.880026186685621
18762,7.433402528003178
18763,5.353785807716095
18764,5.349558478201102
18765,8.475419521253626
18766,7.261666858607209
18767,4.4827202975332945
18768,6.2833748941791265
18769,0.929422864080663
18770,5.280415491671393
18771,1.7260979449027771
18772,4.347174570798957
18773,8.502357976841939
18774,7.753347273825236
18775,7.279404544195802
18776,7.5376670126706555
18777,2.0085783781213036
18778,5.840761665498261
18779,8.477514262225677
18780,5.667802102802361
18781,8.863085568410659
18782,2.2008692664947618
18783,8.03981116220972
18784,7.058761031014572
18785,5.704153731328229
18786,8.38052159774512
18787,7.137628110583035
18788,7.635274495782545
18789,6.299239556376796
18790,10.0
18791,5.656798221800699
18792,9.047997610009654
18793,7.119162761728288
18794,4.160319974506887
18795,8.527608702912564
18796,6.732255016812232
18797,6.162182922015432
18798,5.6564534119580285
18799,5.277202468608919
18800,5.944164504107081
18801,5.679426363769214
18802,6.896932337809401
18803,6.6345671718146395
18804,6.7691867664273575
18805,8.635012996714305
18806,5.33731181289414
18807,4.767544375959298
18808,5.089279314115368
18809,7.529762376141667
18810,5.995175026732071
18811,5.2735515458223485
18812,7.19602875717454
18813,7.838938186485477
18814,5.506798827421194
18815,5.6376770309554045
18816,4.083537522357085
18817,6.396662954052138
18818,4.923603358328384
18819,5.372504947084304
18820,7.357617729053382
18821,4.978374667744369
18822,1.3689864107015295
18823,5.217050380929139
18824,4.582163873150881
18825,2.887386844839631
18826,5.742873229101679
18827,3.626292965518302
18828,3.187954745659938
18829,7.211314032845299
18830,4.558761421565796
18831,9.352392179488351
18832,5.7905170561017485
18833,8.374394975544039
18834,8.150243462217409
18835,7.294439199610307
18836,8.137572926024761
18837,4.97985808315415
18838,4.951977651538011
18839,8.01847320045531
18840,6.723836008077916
18841,6.3804893655405
18842,8.591142438691294
18843,8.445042215197313
18844,6.763757250275654
18845,6.626653324984905
18846,5.89013635805101
18847,7.822857776364609
18848,4.665041716371823
18849,2.670129215152472
18850,8.702290285351745
18851,6.113453922897192
18852,6.749935025751593
18853,4.891717357317881
18854,4.7391076303558
18855,8.962613567171072
18856,5.29328117856555
18857,5.904543569873361
18858,8.494155960196707
18859,5.075935916846487
18860,5.5747443882272325
18861,2.851350319770949
18862,7.0037896517467
18863,6.418989415401866
18864,8.206576632742728
18865,8.861319887084086
18866,8.086187675692265
18867,6.963764655095231
18868,9.259740339620432
18869,8.437598984092373
18870,4.717298551486438
18871,8.167013406127923
18872,6.0938788724796344
18873,4.05283884128693
18874,5.742372913013274
18875,4.341920675058734
18876,1.6783038336040161
18877,5.80813421037737
18878,4.375804546572697
18879,7.216019104578336
18880,3.2231369463728035
18881,7.534254162555905
18882,7.842542254508008
18883,9.437057519611528
18884,4.560507877310213
18885,6.43569889521766
18886,7.800826657641193
18887,6.396765940282139
18888,4.373236888052909
18889,5.240480412770592
18890,3.494550674244887
18891,8.834260843811402
18892,4.454074169819561
18893,9.71091446954864
18894,6.262070545457256
18895,7.724231532416249
18896,8.297049238598472
18897,5.863666578718211
18898,7.516569038403304
18899,5.235129005325546
18900,9.475767572575986
18901,4.533416431641916
18902,6.5971834249966435
18903,6.3742252699391475
18904,3.2061976341377934
18905,4.220873801936397
18906,6.400566875619401
18907,4.905384355017788
18908,7.492150097451967
18909,4.767500670042984
18910,5.228054496639753
18911,5.8963730164345005
18912,6.06723260721093
18913,6.608720463088649
18914,3.5607371990128427
18915,3.954770635048431
18916,8.476928058452591
18917,5.542216000953627
18918,6.863546178805791
18919,5.945979611453159
18920,6.654713104098883
18921,6.475526479745076
18922,7.335731057716897
18923,6.260548364467574
18924,3.9568938361522683
18925,4.030717465307619
18926,4.708308662648582
18927,6.436434191877298
18928,6.608695281371891
18929,6.326350606959571
18930,2.228632172863622
18931,6.974305937493904
18932,7.2023787919933415
18933,3.2574897905012152
18934,7.456603486306811
18935,1.5735598877336143
18936,8.258659625396913
18937,7.574491612002992
18938,6.974934737579647
18939,10.0
18940,4.220714303045969
18941,8.109331471972734
18942,8.45487901395055
18943,8.416903680655125
18944,3.3147775599483196
18945,6.099603240579729
18946,7.350489200675218
18947,2.2114873018149988
18948,6.77370449071262
18949,6.31451719925017
18950,5.319113929694771
18951,8.070114606212716
18952,8.480688291411457
18953,7.5125009207231646
18954,6.429473800525651
18955,5.002988915245656
18956,6.023730532222603
18957,5.349345616473114
18958,7.316080677665272
18959,4.3000195603652696
18960,7.982283860397715
18961,9.316343886325573
18962,6.925788735302618
18963,7.188895616840891
18964,4.684476869449694
18965,8.395427753638732
18966,4.878457256036565
18967,8.95373533593267
18968,6.283329717478748
18969,3.1204096225671636
18970,3.985612444034173
18971,6.121240908602248
18972,5.966627135383061
18973,5.3535471202383915
18974,5.988455806766933
18975,4.755993818180066
18976,9.815476564019505
18977,7.302959447512977
18978,6.238121312249513
18979,4.838875305791708
18980,6.217735627075895
18981,2.3736018222671036
18982,5.410866030994933
18983,6.633306055093682
18984,2.7877493274934806
18985,6.09254988870158
18986,2.439455006736224
18987,4.174972362468767
18988,5.533507798194178
18989,7.035540130096813
18990,5.858337065535293
18991,6.597329247989502
18992,6.357203994395713
18993,8.952530276235759
18994,6.73621615193579
18995,3.793463262950876
18996,7.745396727070371
18997,3.058110419684258
18998,6.243473955561448
18999,3.759706663071628
19000,6.682691702327749
19001,3.120702990469426
19002,5.10537668955987
19003,3.9121457726471234
19004,2.932657457816165
19005,5.270563664009584
19006,2.663703379959337
19007,3.830382757258058
19008,2.809542315592696
19009,4.3800885275354045
19010,7.271230270796534
19011,5.581865624991344
19012,9.748687859857489
19013,6.620032421812867
19014,8.364697148056408
19015,2.6736635260665245
19016,2.2736289180064704
19017,4.083099855046752
19018,7.43282757194155
19019,7.405453168791402
19020,6.366045981683508
19021,6.143833684501641
19022,5.760502720686352
19023,3.3830824631584604
19024,7.977260301912699
19025,6.954076221378226
19026,6.410966606106579
19027,5.747138825049197
19028,8.818048019423475
19029,2.1158828243919237
19030,6.162391241295167
19031,5.235798909674735
19032,4.078525324322823
19033,6.087041322088427
19034,6.609816856854906
19035,6.92468386395073
19036,7.339054592658435
19037,3.6406112555859416
19038,7.009452294930905
19039,6.561651974759741
19040,4.951843545284783
19041,4.514993084105006
19042,6.985105048395231
19043,5.810610959968786
19044,4.755055838384169
19045,4.611218870357005
19046,5.547791987125047
19047,6.298727206318803
19048,7.502603360078227
19049,6.969447452368049
19050,4.5879990616514945
19051,4.82855601982993
19052,5.9338485403832255
19053,5.664231542956221
19054,6.948262430526093
19055,7.013697966551656
19056,8.280903400798186
19057,5.16165490019789
19058,5.774509761762587
19059,7.57358599505632
19060,2.5181499821910203
19061,7.263816046727105
19062,6.730687907979477
19063,6.903256584573358
19064,9.984453779427426
19065,1.1173647735998729
19066,3.834492812973778
19067,8.142650115547832
19068,7.672067496010511
19069,6.936145691211843
19070,5.983190959805044
19071,5.53098799029559
19072,9.580605742683602
19073,6.998149222373724
19074,7.458683764191724
19075,5.0962305976868825
19076,5.6464964344884665
19077,5.629165747691115
19078,5.6955816223440845
19079,6.470866172048114
19080,6.205195687531068
19081,4.130575971685437
19082,4.561732319180976
19083,7.224964274744866
19084,5.909459712489467
19085,3.510993665461649
19086,8.540009388924311
19087,6.2308280919833035
19088,2.5070887444423477
19089,1.91169146716025
19090,7.5767176548427955
19091,8.069510470882141
19092,7.089561641455587
19093,1.9642150350441216
19094,1.8257369964258483
19095,7.326573760601839
19096,3.7881458039507345
19097,5.623481234886528
19098,7.575480040376988
19099,3.003570500534236
19100,3.0438124831258775
19101,6.745209266122032
19102,5.625296803117048
19103,5.863329422572824
19104,8.925811156039465
19105,5.914137408457325
19106,3.9767517615964536
19107,7.133280579399488
19108,6.6350707011797825
19109,5.544532385060622
19110,1.6572893952431424
19111,7.4434494920561125
19112,5.232991513046629
19113,2.7706848786624243
19114,7.192065682649068
19115,7.147709809103293
19116,7.261113443128264
19117,8.379385607209084
19118,4.787009846185366
19119,9.147316070132472
19120,7.625522105550078
19121,9.115210690885203
19122,6.767996483170253
19123,5.188298971848082
19124,8.70285101548492
19125,4.905275557994825
19126,5.263518686025717
19127,7.073791164501375
19128,3.331155567543243
19129,5.365627168836989
19130,7.3291672112298345
19131,6.765362821559154
19132,6.042872759621139
19133,7.743816988887282
19134,3.4127374659621195
19135,9.1926528219612
19136,3.773781945865042
19137,7.6625920211919665
19138,8.192239795868517
19139,6.332061101762886
19140,5.780502709353134
19141,9.480647987911116
19142,5.096510428991238
19143,8.918991340278831
19144,2.9146916535954963
19145,4.873623140902772
19146,2.7271383406922047
19147,6.900458185088813
19148,7.849535215167974
19149,4.595497763992815
19150,6.7964977822034855
19151,8.978357794114464
19152,6.910993712944901
19153,4.8785115000443415
19154,7.678341367887709
19155,3.920539945973087
19156,5.472167670884099
19157,8.064125388942855
19158,7.090024567793037
19159,3.4391793538297804
19160,8.683746651726855
19161,3.829332373118864
19162,9.443501781296181
19163,5.054689191305634
19164,5.262169703859061
19165,6.623956634006232
19166,3.6595457381340557
19167,6.464417351408319
19168,8.334599411854024
19169,8.021832970324008
19170,6.624672251391415
19171,6.3699231079878
19172,8.3515560660814
19173,3.917569535976252
19174,7.757663960018052
19175,9.40690598986776
19176,6.483163601191092
19177,5.506761124646694
19178,4.726291271610665
19179,6.059514406313005
19180,7.0701698183673285
19181,4.9208143515882545
19182,9.056248008616146
19183,8.501225040367029
19184,4.901962179063714
19185,2.160749169716474
19186,7.844701127189497
19187,7.680461695498423
19188,3.8989889879679667
19189,3.253376121141609
19190,7.946305691951463
19191,6.142694983085685
19192,6.970077994331336
19193,7.8300324416204035
19194,1.715804388483263
19195,4.111964803819557
19196,5.320526848774351
19197,6.681189502512827
19198,9.046969190331463
19199,4.799184749515932
19200,4.301521685846721
19201,6.676744088668516
19202,3.230817769314136
19203,5.3268527529559595
19204,8.662001825989257
19205,6.930626106558206
19206,6.1342674722857655
19207,6.8942200950706765
19208,3.6638239649243785
19209,6.11114019169389
19210,6.847129240776461
19211,5.963928165595254
19212,4.758181374373807
19213,7.827678085334374
19214,6.353495665754364
19215,3.8908125557389064
19216,5.700386728844837
19217,7.975055234742375
19218,4.438734500895687
19219,9.539723116440726
19220,7.0672633877560305
19221,2.6103865536866873
19222,8.195606667073134
19223,5.429244239121791
19224,5.081954499769681
19225,7.342317824110268
19226,2.6928857392614143
19227,5.536001058482936
19228,3.1270274832736997
19229,3.783860876751798
19230,4.203257502597267
19231,7.246411599117254
19232,7.047419674480688
19233,6.917286726268786
19234,8.934871505254126
19235,7.198661407761358
19236,4.786518862665183
19237,3.2688742493744334
19238,4.8661235985341165
19239,3.80442902223176
19240,6.419040570852123
19241,5.383119612101147
19242,2.855081505886777
19243,7.621442167352576
19244,7.99627327655287
19245,5.563994801061716
19246,6.404878717350814
19247,6.62494397029343
19248,7.304664660800931
19249,8.885489536063636
19250,5.73038169989289
19251,6.743932950124429
19252,3.373771758778821
19253,6.145015961750364
19254,6.874869793257557
19255,6.179162151848714
19256,6.336031629574256
19257,7.775483819408429
19258,3.393215895534111
19259,4.825589562192784
19260,6.743348707509876
19261,2.2835853874756515
19262,7.321194557964574
19263,8.465440156724299
19264,2.7770463546604116
19265,1.958206147440063
19266,7.587544555611943
19267,7.881133836275564
19268,6.070524623999629
19269,4.6720019972580165
19270,4.36332383513589
19271,2.849865347784821
19272,5.796756389318192
19273,8.22030592535209
19274,2.6869394039181245
19275,5.995809275488054
19276,6.653947438272685
19277,7.497313611169696
19278,5.3988198532921405
19279,5.525160927077891
19280,3.968539251549891
19281,2.166506415791041
19282,7.3034416129320565
19283,5.434154951970202
19284,2.1424558600349664
19285,3.732648665402844
19286,3.9684598876095456
19287,5.648585935860654
19288,6.816183396815719
19289,2.1412624136410288
19290,5.378595652241883
19291,7.164482079759344
19292,5.815304988607753
19293,5.571533939490228
19294,8.475690733456046
19295,5.161123424742117
19296,5.001170014676661
19297,4.908270739108312
19298,6.475367176720755
19299,6.280945159787354
19300,5.907440763005846
19301,7.186418326875807
19302,5.037733041065868
19303,6.858064659412006
19304,2.9832303081869878
19305,4.753244318583567
19306,2.202269718658026
19307,4.87855833900429
19308,7.719187285518309
19309,1.6869501464180936
19310,6.7318611019104155
19311,5.690549140550752
19312,3.803666066413404
19313,7.141500834834716
19314,7.078495738403437
19315,3.0560276502268713
19316,6.038661477122448
19317,6.167627135498235
19318,2.615672107870261
19319,4.297685060130324
19320,4.448573210529624
19321,7.910996642685147
19322,3.0179609805801446
19323,5.188044411285077
19324,6.596004620753807
19325,6.389693895494087
19326,5.664048757595993
19327,8.078526236193538
19328,4.974824482811054
19329,4.883729033910084
19330,7.359610886719691
19331,4.397792265727148
19332,7.461004009412564
19333,7.712966932320839
19334,7.9134194077649
19335,7.060584438123359
19336,7.964177747489138
19337,6.698782130672339
19338,5.202506088312941
19339,8.282576104947578
19340,6.059786406252886
19341,4.237230685692555
19342,3.776485900736513
19343,5.893618281543734
19344,6.3400857573288425
19345,2.9066918214698156
19346,5.762516726193503
19347,4.832127967502306
19348,2.9366291577184005
19349,6.52723663007035
19350,5.528562948912853
19351,3.2716124984001156
19352,8.92483884779619
19353,2.227506135559858
19354,6.488387924327434
19355,6.725696473253626
19356,8.061752875634294
19357,7.717288595875919
19358,6.6536945264400815
19359,6.784608483604953
19360,7.773528059936565
19361,6.619463682241434
19362,3.6370439819301383
19363,6.141632048132965
19364,6.0826695888972875
19365,7.265354355707356
19366,4.703014843655758
19367,7.548852434216397
19368,7.996283506991152
19369,8.692355893857007
19370,5.061222338891644
19371,6.214876677208778
19372,6.008879472608459
19373,7.071911488511304
19374,8.115935056890768
19375,6.317342406319214
19376,4.847806707162347
19377,4.1555733889023285
19378,7.070938216956607
19379,5.420782276938244
19380,6.433870060637501
19381,8.741105729206884
19382,7.872656214571921
19383,7.182508302385213
19384,5.780739773624534
19385,2.6124533868096247
19386,5.86379509146525
19387,9.311167066515022
19388,5.816960479247887
19389,8.565741782167118
19390,5.136770454165571
19391,6.759151659092171
19392,3.9690634000426512
19393,4.211529265160586
19394,6.739361836851498
19395,4.689557897833012
19396,0.921147453354368
19397,3.910125339676145
19398,7.685462167412494
19399,4.513040076487039
19400,5.462892872457949
19401,5.9828445086670445
19402,8.591119843571146
19403,5.197521261483682
19404,8.250126969846336
19405,4.616307874686555
19406,4.564387701559454
19407,6.621012125406651
19408,2.5453677070680283
19409,7.137634849366236
19410,5.764314713626613
19411,7.397480390067455
19412,6.270375138171869
19413,7.678450917582117
19414,3.3749488245123564
19415,7.673160664981189
19416,6.309886063700466
19417,5.29183592562547
19418,1.8617244930014896
19419,7.672456900204206
19420,6.190184817982246
19421,5.715183239533375
19422,4.740299052161772
19423,7.602502054407419
19424,8.207685916046655
19425,6.793729820533952
19426,6.9665455798749605
19427,6.2151781806173725
19428,6.598636950755524
19429,6.811391762726513
19430,5.626137868928719
19431,5.822913800328095
19432,5.840112876892151
19433,4.507832304165796
19434,8.787781445111762
19435,5.195144907689757
19436,7.930629574899902
19437,5.286866197250418
19438,3.022075177887853
19439,4.51210762082533
19440,5.701871971850435
19441,6.31879380197875
19442,8.108671375018798
19443,5.606168069010348
19444,6.888970480526548
19445,5.710348823838503
19446,8.532053784595863
19447,8.292716533843455
19448,6.607469014210447
19449,9.289643049472298
19450,7.633974615446533
19451,7.96776323727976
19452,5.547881536198048
19453,6.2790401203197
19454,4.064346967448129
19455,5.4364926776820965
19456,4.535864999423839
19457,4.1415686009884825
19458,4.058117904922409
19459,6.088956210437947
19460,5.793898425550026
19461,4.576799022464001
19462,5.935827100826229
19463,0.6934705291081158
19464,6.612308126275802
19465,7.024919979914486
19466,6.787182462812128
19467,3.9399364700378685
19468,5.402871405435209
19469,2.3569083393360213
19470,4.725517977365277
19471,9.083336995393594
19472,3.782947162432486
19473,7.135332931443644
19474,8.787480948335254
19475,4.6715417145901394
19476,5.980476908905376
19477,8.135758406410096
19478,3.454450855390088
19479,6.713201207789477
19480,5.800254170487107
19481,5.878252290148202
19482,6.604733012385822
19483,0.12412191915786278
19484,7.443690545561024
19485,8.190173947268375
19486,6.267273573593966
19487,5.69822107514313
19488,8.059836860320257
19489,5.893980489985223
19490,1.8705310364038445
19491,8.17840639811823
19492,7.764633756373077
19493,7.6561442415619085
19494,6.81841437936468
19495,8.933653949393493
19496,6.954344534842219
19497,5.51344009481703
19498,7.973935850105382
19499,6.002617181010404
19500,3.7059632614750306
19501,6.1734130683716675
19502,8.865902703037992
19503,6.954578308958917
19504,5.329059960028227
19505,7.22580876047355
19506,6.026279595294401
19507,6.723771894295884
19508,6.051403945220384
19509,4.107947905550461
19510,8.375685901176109
19511,3.7062725674347554
19512,7.570061150636134
19513,8.46520407477371
19514,8.4358109979994
19515,5.9975754333857285
19516,3.177433002920267
19517,8.636844279411818
19518,2.4998528295845333
19519,6.799029215936043
19520,6.747985525742026
19521,3.626722694879786
19522,7.7552828631908355
19523,4.099964045344564
19524,6.318705672683
19525,5.653225147664036
19526,7.9954355497284215
19527,8.416565488820904
19528,8.3867191761215
19529,5.998799431187267
19530,3.320875591613298
19531,5.331902614029548
19532,6.952135894987964
19533,6.94363020052211
19534,9.053733915281283
19535,7.3410254494006875
19536,5.8148052673951245
19537,8.478971527696974
19538,7.877302691819565
19539,7.220991853007701
19540,4.9286289726747174
19541,7.294902490588186
19542,5.090190385795718
19543,2.0701100165847293
19544,9.986673828395602
19545,8.979946112117696
19546,3.7875607107916642
19547,6.8159781503163925
19548,5.549719320440225
19549,5.076529685896356
19550,8.517379702946428
19551,6.67838351816105
19552,5.899163986183933
19553,6.118628312513378
19554,6.4904782132865595
19555,5.974777360172164
19556,5.146735222242702
19557,3.9588842358027327
19558,5.33298463445332
19559,9.525385631976098
19560,8.333256669976565
19561,8.227258594681004
19562,8.352063872040521
19563,7.9856245121701175
19564,4.103650901390389
19565,7.600228764411791
19566,8.398928101423438
19567,8.106192142479197
19568,8.123835532151073
19569,3.3294660625312162
19570,6.066280307585044
19571,6.167807629072255
19572,6.825023196100668
19573,7.089974090504225
19574,7.9588698716022375
19575,4.697944322446881
19576,7.00929815305098
19577,3.6279115577483885
19578,7.890421248605174
19579,8.182231707886151
19580,7.842184644118703
19581,6.604434100532865
19582,3.6101499327046667
19583,5.355975761147898
19584,3.199156936002415
19585,8.6792030398343
19586,4.112999535004117
19587,9.390808258885986
19588,9.60485321048247
19589,1.6183051982662124
19590,1.78380988422276
19591,6.2974746844608
19592,3.787287904475974
19593,4.039100280753573
19594,6.043019318690582
19595,7.68413461058951
19596,5.2742815205349824
19597,4.458276829536781
19598,8.407234412556827
19599,6.57131305171427
19600,4.824313102439983
19601,5.624887991975455
19602,3.8637235470999394
19603,2.0509126772405493
19604,7.589877731952532
19605,8.41814819828167
19606,10.0
19607,9.098746101924473
19608,7.8852604870010286
19609,3.406623762532687
19610,7.396044475469802
19611,6.347751516915173
19612,6.9233904731273155
19613,4.236869740772846
19614,3.608484190079003
19615,6.296501544511446
19616,5.410872570425981
19617,4.6521595161542715
19618,5.905986377167527
19619,4.2981531125867
19620,7.017986058850821
19621,6.039168358350056
19622,4.569304092251814
19623,8.066729477239274
19624,5.287827994623301
19625,5.961833276826006
19626,4.716820351097654
19627,4.560887668509937
19628,6.564005379480065
19629,5.014385702133447
19630,6.302094140537964
19631,6.374919361647684
19632,5.545667758448798
19633,3.838233728984361
19634,6.395375196263005
19635,4.1829144021963724
19636,6.370647595566322
19637,5.388279731380192
19638,4.9330867528613185
19639,6.0701282426987095
19640,9.274294176901883
19641,5.801327257159637
19642,7.036581636946115
19643,4.658206166454751
19644,1.6769711300703491
19645,5.813212005047537
19646,7.3331881865082895
19647,3.0869517244729403
19648,6.122240916146988
19649,5.443392281867365
19650,7.141612078412334
19651,4.3218342787719735
19652,4.45790241626897
19653,5.650736630380143
19654,5.721968696294217
19655,4.86726131140415
19656,8.893710780691308
19657,8.425583934008769
19658,4.1275092177907675
19659,6.923948990388124
19660,2.8259248817130356
19661,5.4204063538489295
19662,6.404198147341111
19663,4.706528293229212
19664,7.864629827924086
19665,6.738530593794424
19666,6.670812125114546
19667,5.564971136007911
19668,7.763548042474332
19669,3.5673876808701928
19670,3.9549821150237774
19671,6.90152687527568
19672,6.475974726764948
19673,4.605046857567156
19674,7.859183546524816
19675,8.77929434894445
19676,8.000546575542613
19677,9.304468146750484
19678,4.716672650346562
19679,6.965972341713773
19680,7.462663614916716
19681,9.390554054705419
19682,5.517394113376773
19683,2.739054006708351
19684,4.438268733488739
19685,6.723251131511671
19686,5.528428913385107
19687,7.1466473628119775
19688,7.224660634496584
19689,8.767567716299823
19690,2.232754696652558
19691,4.840415696844745
19692,9.311784582963988
19693,8.53485244402901
19694,6.576904476979367
19695,1.4512759465913352
19696,6.75662293897196
19697,5.489502636932665
19698,5.5057720447618275
19699,3.226443816580736
19700,7.681328964760283
19701,8.476328093112325
19702,5.570348755911777
19703,8.35201678751387
19704,7.882445605048174
19705,6.622038962614956
19706,6.727579608091304
19707,4.52754863003617
19708,4.650195013330214
19709,4.580647578190593
19710,9.470162199936544
19711,5.2296148699746565
19712,9.078199931331955
19713,7.682275821889384
19714,4.545277056428229
19715,6.91721805484903
19716,8.337581639771855
19717,6.668294324014572
19718,3.9868165635588753
19719,3.686826819311899
19720,4.709785798330676
19721,5.401082291136292
19722,8.034952346585024
19723,7.650628192476833
19724,5.245890966284669
19725,8.276606434810006
19726,4.659430843659271
19727,4.340295178764193
19728,0.5437709281753303
19729,5.850963265697273
19730,8.015660765225785
19731,5.356894703105082
19732,5.196413316008868
19733,4.457844127857246
19734,7.347676010836861
19735,8.038535540384029
19736,3.422331160061951
19737,4.588170956466503
19738,3.2202575455935603
19739,5.081928725776033
19740,6.909316572400522
19741,5.819719252771255
19742,4.408759579027397
19743,5.9006900846185895
19744,5.95465241700735
19745,1.0882317956957377
19746,3.1586484432333064
19747,8.366901325065959
19748,1.9106807593815716
19749,4.792511191139658
19750,1.752650769168929
19751,8.099416564401473
19752,4.274218877828258
19753,7.521208821915378
19754,5.554913573442345
19755,5.826328854469425
19756,7.3988678127075715
19757,3.7201801766848797
19758,4.257510779499362
19759,6.356019179414883
19760,7.144578967850853
19761,6.509847321342997
19762,6.166513458705638
19763,5.941135812699779
19764,4.798443585459422
19765,7.052009240811378
19766,6.998548221459127
19767,7.56306252836651
19768,6.596310226387335
19769,7.217212769332535
19770,5.793397902257013
19771,4.145615575302911
19772,3.444453518925632
19773,5.605729759307216
19774,4.184356466820898
19775,3.208471478047732
19776,8.903348089580373
19777,4.755853530885057
19778,5.7484516426391465
19779,7.565527576766213
19780,3.911524371926479
19781,5.446319346718453
19782,7.5033739755689215
19783,4.358616283770393
19784,7.83668579744685
19785,4.801966582078494
19786,5.582144781645008
19787,6.634795809844283
19788,6.718392416857638
19789,6.827771218371166
19790,7.310983849674059
19791,8.096854063354245
19792,5.851604496186007
19793,3.6749358838179362
19794,7.419185412533229
19795,7.260976915095696
19796,2.7635568053011594
19797,4.76710133671276
19798,7.528767746218027
19799,3.3616196221881403
19800,4.451047041592605
19801,5.411376388005994
19802,7.989255693040545
19803,7.177663678803017
19804,5.560922031624237
19805,7.066650828974554
19806,9.345890875060714
19807,8.572446438466992
19808,7.898415930246207
19809,6.1057183342938615
19810,3.9442249297394696
19811,4.591567306319785
19812,5.134311471571462
19813,6.542899922643166
19814,4.188053703922923
19815,7.709593387149157
19816,3.4141831539783487
19817,7.476566866496492
19818,8.35945248248985
19819,6.2099053117233325
19820,5.217639468588838
19821,5.463369241341785
19822,6.370942168773286
19823,7.512293976777073
19824,9.182877548086267
19825,8.33764273856182
19826,8.573562599836677
19827,4.09836977892097
19828,8.258753540146653
19829,2.197033601413346
19830,2.7025680682754167
19831,5.5565532802817845
19832,4.039539986199964
19833,5.622894795279853
19834,3.9563949070079616
19835,8.57405422993203
19836,7.014521377236527
19837,2.997022136044555
19838,4.03974370479901
19839,9.023945655566866
19840,6.955170504554244
19841,3.912232707932354
19842,7.6869062658672505
19843,6.278391757136473
19844,5.819932491775657
19845,7.0244004221346215
19846,8.194606982929267
19847,9.138825042020594
19848,7.783766723001929
19849,6.210247385281934
19850,4.207681980240108
19851,6.134497750152011
19852,4.950468044153963
19853,8.087586434135796
19854,6.025419705151357
19855,8.335889919400692
19856,9.12543861967884
19857,2.937361822317954
19858,5.512166949396244
19859,3.4273491067478217
19860,7.783656200177636
19861,2.6130022456527797
19862,5.7234210595573884
19863,7.256565931641768
19864,6.353531679635241
19865,9.524730846636036
19866,7.739512690492485
19867,3.6729232786292085
19868,4.183257554623527
19869,6.383039794706056
19870,7.934314563183426
19871,5.726500823116686
19872,5.911415815961088
19873,4.663054735195159
19874,3.507089989276968
19875,4.941459644780619
19876,4.67786857247924
19877,8.190996356121548
19878,8.560117932413801
19879,5.101548980270309
19880,7.1046858919007105
19881,7.495591702833876
19882,7.148355210778052
19883,6.1277175803084605
19884,6.417631320408179
19885,6.090864048366798
19886,5.999720314647
19887,5.9940690110697625
19888,6.337138135348484
19889,4.280691784352953
19890,5.647634634535799
19891,3.859804103656983
19892,2.117677764695896
19893,5.669532443118525
19894,7.818106220660726
19895,7.390307361203244
19896,5.167151158911648
19897,3.5798983335846706
19898,5.343056879095249
19899,4.957900834237743
19900,6.477888176484742
19901,6.244998008882311
19902,7.816257696468303
19903,8.418459316001991
19904,4.489492469955015
19905,10.0
19906,7.158845824024096
19907,9.14158667283083
19908,5.2363781023827665
19909,6.29428360456166
19910,6.0208838610089455
19911,6.021677785171162
19912,6.380204859750565
19913,7.96210905941394
19914,4.300033026080009
19915,6.344056950388675
19916,6.686721460991609
19917,5.611262440834214
19918,4.422690392752549
19919,8.18168851989778
19920,7.95900491191083
19921,7.713558789095993
19922,6.831348270155104
19923,7.313142832842547
19924,7.11964571370127
19925,6.510132102229475
19926,4.175771272092672
19927,7.027162153337555
19928,7.185517838327658
19929,5.50696723721537
19930,8.015369488296944
19931,4.490059243331544
19932,6.725667947546635
19933,8.242045962596759
19934,7.827424506284984
19935,4.9814220184624265
19936,8.496481524075355
19937,8.067589426493715
19938,2.634150036868425
19939,8.271880131822652
19940,7.559397010556171
19941,8.836031227253347
19942,4.9230721240327275
19943,6.962768311651828
19944,5.7915878641988865
19945,3.6522342179135308
19946,4.582797863955871
19947,1.7137835574825186
19948,3.30909638881254
19949,5.685955332162495
19950,8.53492089886287
19951,3.8082302085323017
19952,4.115908069036115
19953,5.841393844161042
19954,1.9335572127294387
19955,6.04321266342439
19956,6.96871946187409
19957,8.634011529115579
19958,8.162124240993236
19959,8.559211635541853
19960,5.995507659417589
19961,4.274865799962571
19962,4.620630882820792
19963,6.54889625491464
19964,3.4229098432018525
19965,5.664202521776127
19966,2.375098243545775
19967,8.567873121697591
19968,4.778595874823102
19969,7.1057209301499045
19970,7.306827473655716
19971,5.27254194738841
19972,6.43450154888558
19973,5.59097986131858
19974,5.621394726314658
19975,2.113785895425244
19976,6.077559912255121
19977,3.2037080646376013
19978,3.897360047093983
19979,7.0824263717096425
19980,2.9139397898705672
19981,5.824005618669398
19982,7.277482918432139
19983,6.4885737242172254
19984,3.832768927362821
19985,5.092446041605233
19986,7.58804547735969
19987,8.586481092900309
19988,5.026055971535004
19989,5.031446445919168
19990,8.574689506370904
19991,4.408190050255304
19992,6.564673493332887
19993,6.171689760512143
19994,5.969141294900321
19995,8.482867215160004
19996,7.132446593377719
19997,3.498063092994431
19998,3.8036344229960535
19999,5.254377975067354
20000,7.065012061865478
20001,8.630771035552758
20002,6.257977789151417
20003,3.3459002134182763
20004,3.439404742586876
20005,6.1397322068882145
20006,4.39977139447316
20007,5.40820242686442
20008,8.497460129060947
20009,5.659338551901184
20010,6.636303557799593
20011,5.630120494326938
20012,2.915612577958794
20013,7.065588247009804
20014,1.580504811506656
20015,7.678180634781725
20016,4.522575194525484
20017,3.6243696948471404
20018,9.960871647913544
20019,3.7587504992920353
20020,5.498158282050681
20021,5.143641140346154
20022,5.794590885223161
20023,3.625184896337649
20024,6.3629518087464625
20025,3.1032426760819942
20026,3.768378639520017
20027,8.162979664217989
20028,8.429623795420873
20029,7.090101454696608
20030,3.0640455950973946
20031,6.5937727037193214
20032,5.354065981772083
20033,8.682691198460244
20034,7.841828932907568
20035,4.7808676427349495
20036,8.031649722727526
20037,6.041817290314967
20038,6.117618655466159
20039,7.847667575913283
20040,7.181182767554074
20041,9.496563239315204
20042,8.33498505464937
20043,4.835389101396661
20044,6.887462077435671
20045,2.587673782575288
20046,5.981985899910591
20047,4.411409529857991
20048,7.24095440476068
20049,3.124592666023644
20050,3.693564381593904
20051,5.619384688622186
20052,6.8542632656083935
20053,7.435647977756082
20054,5.089488371162085
20055,4.179208391862765
20056,6.636474263499522
20057,5.467239884324203
20058,5.700082216745767
20059,6.904409346210722
20060,6.128879102401858
20061,4.94187338142013
20062,5.3390530798304265
20063,6.112017635216999
20064,1.9878168505559664
20065,5.474130774626049
20066,5.314452339936888
20067,8.537625863059734
20068,5.515809459035638
20069,4.972007698187976
20070,3.636031561704616
20071,6.951042682473771
20072,6.190084340234958
20073,7.574303935434061
20074,7.770542402467052
20075,6.713666885478686
20076,3.0413451503562667
20077,3.7189521558742
20078,9.158011820751
20079,6.249042031607763
20080,7.351813444993121
20081,8.777019654030635
20082,6.358970258146067
20083,4.563337331004939
20084,5.556447699471346
20085,7.102034113783494
20086,6.836311568227823
20087,6.926217720829089
20088,5.997698272215712
20089,3.6554635425539326
20090,2.865749877039101
20091,6.406722352662205
20092,7.977954523943117
20093,7.205125951677255
20094,9.434290149564987
20095,7.655458420104656
20096,7.949805457462377
20097,4.986409305340708
20098,7.797297161190007
20099,4.029091145691018
20100,5.0077752948130785
20101,4.62006522455736
20102,3.972255360879154
20103,4.082767359072096
20104,5.753235903760716
20105,7.801494632667951
20106,3.8939792920192233
20107,5.004513177725026
20108,5.8424077718492695
20109,4.146352275191342
20110,3.6185810993759064
20111,8.308021107614527
20112,3.5542803337515396
20113,9.703479512875756
20114,4.319340654404284
20115,4.796210118761394
20116,5.224735328562807
20117,5.1539504987644165
20118,3.0459051940404747
20119,5.365748056872725
20120,6.880723941246581
20121,6.544175081226126
20122,6.9022455671413
20123,3.593578880009109
20124,2.631353622524016
20125,6.939148461778285
20126,7.633413198813015
20127,3.287124752582252
20128,6.872262022627811
20129,7.813641669211909
20130,3.7055760210795867
20131,5.79619302838822
20132,6.7677524470827874
20133,6.421896757636769
20134,5.599924585380258
20135,8.828752905219991
20136,5.551771486307786
20137,5.161223895104662
20138,3.7069449486660844
20139,9.46546783497911
20140,2.3203398668968473
20141,4.195530387060468
20142,5.998100954125157
20143,9.234703621645345
20144,5.620398720309316
20145,8.065037664635478
20146,8.55903533455338
20147,4.927406716565189
20148,4.797316705820211
20149,5.934164438499436
20150,6.272354963830733
20151,1.5834469864927607
20152,6.025587386218206
20153,5.175275119781076
20154,6.821348971728045
20155,7.052244030386257
20156,3.138632807576813
20157,2.733264216888081
20158,6.257065982216022
20159,6.28047715784066
20160,2.46906829055501
20161,4.520650426993347
20162,6.517047846437772
20163,4.649073450385847
20164,8.27565138761541
20165,9.521924776704477
20166,2.109286433969384
20167,3.659512283561746
20168,6.800120169553892
20169,7.8039271430362875
20170,5.665734273468276
20171,4.552781320646003
20172,4.608463600398122
20173,4.610200085844409
20174,3.4327430374138403
20175,4.99679557782651
20176,7.731442405337904
20177,8.708271039166076
20178,1.9533455750638609
20179,7.883681585262013
20180,6.0816000930805485
20181,8.655540739063316
20182,5.751550902021039
20183,8.651835779980804
20184,7.043945995163135
20185,6.317713402929687
20186,6.572706656824377
20187,6.516714111303228
20188,5.782539769426005
20189,3.042662165037471
20190,4.10641228483186
20191,5.871682126446432
20192,8.280019425395688
20193,7.496455008359145
20194,6.356163314095914
20195,6.9981758410902355
20196,5.535287444422014
20197,6.5838933509752025
20198,7.614978707157107
20199,9.039401000664533
20200,4.832896060935516
20201,8.411583922610358
20202,3.2278479270616485
20203,6.6705041896369055
20204,4.70778639132853
20205,7.076710334896633
20206,5.252361901895243
20207,6.005489061088744
20208,3.341061529121249
20209,6.916083744871304
20210,8.562665684364003
20211,5.899280953968562
20212,4.288939442948617
20213,9.172730296736429
20214,4.453474678080873
20215,2.6836110691418953
20216,7.324590066527295
20217,6.580176304344275
20218,7.145034863304007
20219,6.2867960080940275
20220,4.464942027186252
20221,5.780631161879436
20222,6.928639173430476
20223,6.168332893575591
20224,5.878339426966968
20225,5.365325928588649
20226,5.367206216460983
20227,6.454423981679294
20228,7.842271374690173
20229,7.659875906160529
20230,6.009943547104231
20231,8.010416269056837
20232,7.2283255797346015
20233,7.189652678072217
20234,8.91206382194597
20235,5.3130453561354525
20236,6.883934865842264
20237,3.9306304067765723
20238,6.671454272022909
20239,4.841433796222114
20240,4.987962442742912
20241,2.124131471899575
20242,7.0496294769796295
20243,3.8079199043402374
20244,8.303929616975825
20245,6.559247700562453
20246,7.0521970048813385
20247,6.185282649608691
20248,6.01695611224427
20249,2.34352151873627
20250,5.799115335233248
20251,5.246685354154226
20252,6.7049729479347135
20253,6.877377501531944
20254,3.0627414476309207
20255,2.4881164506027473
20256,5.969280157993872
20257,2.343122976720116
20258,1.7855806862194261
20259,5.358771813486438
20260,7.901797554284421
20261,2.866966073676104
20262,6.230569178594135
20263,6.3704175274224335
20264,6.506550689828908
20265,9.177643773264757
20266,3.374202668213723
20267,7.331605425442065
20268,2.759089950914874
20269,5.036001962835629
20270,5.9238075964476575
20271,6.582697321316708
20272,5.526159934262857
20273,3.7729976132873824
20274,1.5503054410647337
20275,10.0
20276,6.756282620706626
20277,5.856225768802662
20278,4.555626024394774
20279,9.839385009859084
20280,5.4156359640031635
20281,7.02539068044908
20282,6.7543949178020455
20283,7.564639583030177
20284,4.203478625368171
20285,7.998079342884049
20286,6.034330797517784
20287,6.518762038023388
20288,3.7914890568521087
20289,5.391773133031997
20290,6.154784471190488
20291,5.344298327630115
20292,6.35014236254095
20293,7.684144057326881
20294,4.448334591272802
20295,7.158407131256131
20296,7.113761473022419
20297,2.9130205456947524
20298,6.481186888751782
20299,4.70286079157859
20300,6.129629803711602
20301,5.120048006311327
20302,6.74615340128034
20303,2.2581280748687846
20304,5.684328084756086
20305,8.56145983459604
20306,4.755313038652345
20307,8.421285113589141
20308,4.343025331562287
20309,6.007603302835554
20310,5.966372216577828
20311,4.738813039237408
20312,6.981343259681646
20313,8.202654047868586
20314,6.118174313204227
20315,6.680100923145661
20316,4.331435615633033
20317,7.384568255506035
20318,4.989512826636718
20319,6.8984110470248625
20320,5.744652144350627
20321,6.496976225891514
20322,8.061939564288787
20323,7.922598660230994
20324,5.169843924194197
20325,4.9371642801009
20326,4.672250966929025
20327,7.416277826472632
20328,4.321178005085464
20329,6.722001431035449
20330,4.224433816146942
20331,5.652701738037183
20332,7.337097149981884
20333,9.6987545641715
20334,6.956758162424829
20335,6.4109856296796845
20336,7.626868990053483
20337,4.080344787514498
20338,3.2832739344479926
20339,4.897354458566576
20340,4.5689161391418835
20341,7.475164444710775
20342,6.010769842901624
20343,8.086754913628628
20344,5.755154656787427
20345,7.6198371417205975
20346,7.248993147530345
20347,4.543975860247059
20348,1.9064654814176172
20349,5.90053613860765
20350,7.105696938799591
20351,7.069720310394489
20352,8.295081686155871
20353,6.607875949408255
20354,5.263222602436571
20355,8.234474380339778
20356,6.590866056365391
20357,4.371926074299759
20358,6.485263526617848
20359,8.266728827575383
20360,6.508283266356964
20361,4.35224534282658
20362,3.558360365145549
20363,2.8202730875003406
20364,5.8732830279466395
20365,7.5895769273737175
20366,8.320617026639344
20367,5.807975726286795
20368,5.418851601669219
20369,9.332009518136843
20370,4.269783159177905
20371,6.008253767155009
20372,7.442467131270374
20373,7.192568000036866
20374,1.889605181869524
20375,5.102532158348762
20376,3.673741395848913
20377,4.525887397452111
20378,8.102925955291113
20379,4.536598416235843
20380,1.4851394933427169
20381,6.745398072356272
20382,7.289395948083673
20383,8.870715824666025
20384,7.792019384454678
20385,5.328513232994617
20386,3.8200377953801827
20387,4.765358255276684
20388,3.928677716985901
20389,4.173599536884242
20390,4.728597944894308
20391,5.7471340458585995
20392,7.058114824849476
20393,8.824557181753176
20394,7.9552633399055
20395,6.795876866217969
20396,8.152391995248042
20397,3.6363166977105132
20398,3.7019855842068052
20399,7.801105946268824
20400,5.414830814402777
20401,7.341366794620763
20402,7.490149815257984
20403,6.3067902042460675
20404,9.032565587179834
20405,3.0362835099267453
20406,6.700851333405599
20407,7.100588230334834
20408,6.21691627307265
20409,6.1414384005211815
20410,4.946635860277096
20411,5.536902904223138
20412,6.6190020167241554
20413,4.601153225644065
20414,5.182984513414751
20415,6.530679095020351
20416,7.827028525725764
20417,7.121106008488684
20418,4.280027023048079
20419,6.315926340138617
20420,5.732703691797706
20421,3.507611957305591
20422,8.264265301577094
20423,8.137490847340079
20424,7.404199820726758
20425,7.83193693439222
20426,5.420722489633809
20427,4.942698397900644
20428,8.57807715990437
20429,3.8211224481109185
20430,4.62593590430501
20431,6.129841952346272
20432,6.522144747793315
20433,7.218829322248681
20434,4.624223756392553
20435,4.834438311823477
20436,5.193423921062033
20437,4.779206824821169
20438,8.30330696532494
20439,9.387138498475359
20440,5.357193046286019
20441,6.9284655818933185
20442,3.863951349623817
20443,7.996977594222317
20444,6.197113436462151
20445,7.090993067890087
20446,7.339598073242698
20447,4.2689439345076226
20448,3.247836642837117
20449,6.619830469318624
20450,4.867478962852266
20451,6.238993679254906
20452,7.580627628540211
20453,2.9340340087381236
20454,8.735998264029337
20455,4.531540687823667
20456,5.712213017843246
20457,3.0463192375378703
20458,9.00456797218737
20459,8.97659008794118
20460,4.620510999676982
20461,1.4976695041080346
20462,7.179840049600054
20463,6.504858692040445
20464,3.0032793072956516
20465,2.849327161447486
20466,9.399296884143997
20467,6.063418954922859
20468,5.3985460694952865
20469,6.386797995309863
20470,3.646128248005078
20471,0.933659058131236
20472,5.436232833677081
20473,4.863406544348149
20474,6.859532095116298
20475,3.8257455496231905
20476,6.434999565237814
20477,6.057674312454096
20478,2.42833239164731
20479,3.5164999600486935
20480,4.145623043954518
20481,9.08389019039775
20482,6.584546121456823
20483,4.905146053530799
20484,1.9664364193157595
20485,7.487455610680762
20486,7.404931988777427
20487,4.804664591180886
20488,3.2569894385179397
20489,6.7153960350944875
20490,4.302453216567495
20491,3.8722115770501233
20492,3.682207988251963
20493,9.849086096258297
20494,7.527071354265422
20495,3.197788233326424
20496,3.631177021108384
20497,7.840289246783861
20498,2.5729231736467812
20499,8.384907119492315
20500,6.127372900081535
20501,8.368671670013322
20502,3.873612001810339
20503,5.988310408695767
20504,5.775401526767928
20505,5.708643999677539
20506,3.7399161145858018
20507,7.867962690393926
20508,8.456208404287091
20509,6.388274449898189
20510,7.752538671246677
20511,7.407866667283041
20512,3.0658994932540713
20513,9.40049927089959
20514,1.541146196955348
20515,4.472494919833504
20516,2.137199765442825
20517,5.193299139670138
20518,3.678577767280134
20519,5.742941976795586
20520,3.4335426121542008
20521,6.8291605335708425
20522,5.678681966960818
20523,4.107032343475006
20524,7.481845376600342
20525,6.802962063184485
20526,5.141825726692199
20527,5.575302605929187
20528,7.807756137959795
20529,5.099774926967841
20530,7.428430831656388
20531,6.15261360173208
20532,3.239814956125941
20533,5.82660296415476
20534,9.423643141766766
20535,7.456666077942687
20536,5.808371201351814
20537,9.288413930088208
20538,7.135477260464151
20539,5.237592997850009
20540,5.1746249514699185
20541,6.137631551647311
20542,7.896262233604572
20543,6.340726704785572
20544,7.368306692197228
20545,4.93717388030643
20546,5.630499684685611
20547,4.361068968738044
20548,6.061126603333992
20549,7.1049664799597565
20550,2.4155243617455695
20551,8.39035979947435
20552,8.353588524551302
20553,4.871494704558077
20554,7.515089290215494
20555,9.354832852649258
20556,8.396072446737486
20557,7.286323173420717
20558,8.565796037331292
20559,7.459890028799569
20560,10.0
20561,2.835095836282458
20562,8.135078264734146
20563,8.369300019509641
20564,4.028560331843407
20565,9.026461105581205
20566,8.034060680745721
20567,5.24192869190612
20568,4.990111092005221
20569,9.047854513217587
20570,2.489964234758312
20571,6.011531983414864
20572,7.265678378712576
20573,8.037251423552075
20574,4.06777716522165
20575,6.767444521195822
20576,8.685474504600972
20577,9.473757183744645
20578,6.210621802155903
20579,6.813865029953623
20580,4.883630784326932
20581,6.261053244506845
20582,9.459821082069842
20583,6.59882945809432
20584,7.134869348686657
20585,8.129173508898388
20586,3.8725852755922268
20587,5.375368586371431
20588,7.439914361566662
20589,4.157269024365025
20590,4.286833973444717
20591,4.743222079416464
20592,8.632623693081936
20593,5.8558948565902735
20594,6.414142470403202
20595,7.775826637779507
20596,5.2271513821817965
20597,1.7568271065937506
20598,5.742545908662533
20599,6.538618780969794
20600,1.9418849228644313
20601,4.204757416351606
20602,2.428519104524312
20603,5.4668019510678105
20604,5.714437121679732
20605,6.926397000481828
20606,5.495065713316424
20607,4.2534390115743275
20608,4.220936917101708
20609,9.109162053984042
20610,6.58091314796785
20611,9.611868558335663
20612,5.81476668558502
20613,2.8483254382548404
20614,8.699034882583987
20615,6.540150820202912
20616,2.144520954336008
20617,5.360272257793829
20618,9.6614001798425
20619,8.831569203901358
20620,6.583542490129456
20621,6.533904139383293
20622,3.4928645833771825
20623,7.243744596384504
20624,7.3996843308735905
20625,4.645925138800562
20626,7.096104709951222
20627,9.333825066145755
20628,7.287676340372366
20629,9.65793311484582
20630,8.292450299635481
20631,4.53219944535796
20632,4.579591143316499
20633,6.97311840985086
20634,6.615858068295845
20635,5.9799631453106805
20636,5.691899268495287
20637,6.8093873421316555
20638,5.375623494394214
20639,3.794425522636719
20640,6.233206483105454
20641,6.815765299832409
20642,7.778616115547143
20643,3.9769069938181323
20644,5.078400193702966
20645,4.303507669335283
20646,6.5844320324797305
20647,2.9505965596940724
20648,3.688973342220836
20649,5.078008055417959
20650,6.073202708575695
20651,6.779535365172085
20652,7.470606381755414
20653,3.5442579862192987
20654,2.338928301460135
20655,5.780693109079398
20656,7.412402501467905
20657,9.416550309547281
20658,8.331214617636867
20659,3.738808110495698
20660,8.169792484403443
20661,8.159680002985604
20662,2.5704969609502477
20663,9.079628818902918
20664,5.681188039353434
20665,5.740524246958069
20666,5.26548273326784
20667,3.0762573688444173
20668,6.785590613081313
20669,6.632732155850145
20670,7.996929331044629
20671,4.9547669879315865
20672,6.94280176952868
20673,6.109510547223879
20674,7.984341179332415
20675,4.297746839171074
20676,7.4187212506202105
20677,7.944809866832019
20678,7.586605827938003
20679,2.5453033032575076
20680,8.377635289938391
20681,3.5908182518372405
20682,5.83179200682051
20683,6.977255632156236
20684,4.190207192690769
20685,7.139711257360851
20686,7.547554402713471
20687,5.884967053130989
20688,7.458396998494342
20689,2.2598496853474472
20690,7.489294568886623
20691,6.846659829459606
20692,7.217362858593203
20693,6.757918722734495
20694,6.986863247008498
20695,6.123534679343131
20696,4.66109069351555
20697,5.340199362964223
20698,5.278223787960861
20699,9.489283164979119
20700,2.574594340771389
20701,6.739256017984124
20702,8.05426796877547
20703,7.887481313583237
20704,6.984332629889275
20705,7.885276334212402
20706,6.3434471060462885
20707,1.5447551480374955
20708,3.604471755147113
20709,6.774595460614458
20710,8.286032265848956
20711,4.950105855993037
20712,5.557044433302014
20713,8.941057953446604
20714,8.543414554532562
20715,7.437704733478912
20716,6.003067288821375
20717,3.8174066430435984
20718,8.787596695060056
20719,5.638711847562314
20720,7.049950211468395
20721,8.781356840551869
20722,3.0547122339113537
20723,8.720451680319666
20724,5.574873054452517
20725,3.007192824414542
20726,5.808216294698822
20727,3.2419199960128884
20728,5.6064752420873685
20729,5.408306355056103
20730,5.416469230514963
20731,2.2809527469421584
20732,3.424252029812137
20733,8.285596732158293
20734,8.67158819359687
20735,5.351272880003595
20736,4.27192499975745
20737,6.477937573836189
20738,4.975367283221739
20739,4.33489337624822
20740,4.614091922637916
20741,6.647385694916778
20742,6.135382671437002
20743,8.217766546712854
20744,5.1989879333115905
20745,7.3887935659131205
20746,3.9206456250182327
20747,4.529386911170005
20748,7.546621893056025
20749,2.1487744347952114
20750,7.110298016225142
20751,4.050204876201739
20752,4.688020329883375
20753,8.663705434037684
20754,2.4195565720683856
20755,3.0318586887460284
20756,6.632941182758046
20757,8.273355142540975
20758,6.767698859549792
20759,6.453206272302256
20760,5.9334211728478055
20761,6.276166862844413
20762,4.016555820959508
20763,6.312771159345799
20764,4.612283471130333
20765,9.615677932298805
20766,5.449714650694625
20767,6.0802724700335675
20768,2.9452066210556858
20769,8.502146096483415
20770,4.54678442614382
20771,5.528675503665474
20772,5.401691034066014
20773,7.9232150166802695
20774,7.694988540043214
20775,5.332781687170581
20776,8.835500262774092
20777,4.414559143771898
20778,9.477532797317775
20779,5.216492517092069
20780,7.455731392987465
20781,8.330868601326625
20782,6.734248843965027
20783,5.528738656372737
20784,7.548007675050101
20785,5.900399945174279
20786,4.939492398164651
20787,2.3898967059946203
20788,6.596443799067456
20789,1.5993277959236614
20790,6.1063306613073145
20791,6.621342912657559
20792,7.543041732752137
20793,8.003191703931359
20794,7.6616476910790725
20795,5.064696790570032
20796,7.093079155844313
20797,5.726167995822567
20798,4.30817854525108
20799,7.397781354980987
20800,5.234474187482971
20801,6.387264281112182
20802,6.530404599952729
20803,4.205427974262188
20804,5.895015546199074
20805,5.698851894432555
20806,5.620129764685726
20807,4.90523891051233
20808,9.669740096457195
20809,5.505859929970285
20810,6.908008152437074
20811,7.433575454781912
20812,9.180332919115543
20813,3.2314012469453757
20814,8.34904690151371
20815,6.938119744375145
20816,7.258868233190943
20817,5.686642141242689
20818,7.491226240922094
20819,7.543536166066218
20820,6.686660763350636
20821,7.852670657294318
20822,5.76166975289182
20823,3.726054025244882
20824,6.455589909059105
20825,6.890037546338879
20826,7.9292850211440635
20827,8.54153505453053
20828,4.837125630044305
20829,7.768929862540138
20830,6.571643600022343
20831,4.416727672706174
20832,3.1271171390981225
20833,3.2884055831255106
20834,8.223754765387726
20835,7.215777891954602
20836,8.346552144224784
20837,6.393203627089467
20838,4.58627721678584
20839,4.654070318505978
20840,8.444032944582506
20841,5.783574507966103
20842,8.448172932818137
20843,5.170493442868362
20844,2.436349460192556
20845,5.706290477934266
20846,7.224994449870396
20847,6.440732712535615
20848,6.862865887208739
20849,5.0554659671151585
20850,6.64607361934668
20851,5.3925514312387355
20852,7.973735846513918
20853,6.1168631128565965
20854,5.959356190387174
20855,1.8286242217679387
20856,5.927674066693239
20857,5.744252200306597
20858,5.136755240771999
20859,1.9053865594798598
20860,3.1141583481210597
20861,6.672248167281621
20862,6.039475305501647
20863,5.98537379000287
20864,4.552141769019609
20865,7.28282598218033
20866,8.23549678680565
20867,8.331095727277816
20868,6.369496225581508
20869,6.985461482103924
20870,6.742554971381786
20871,6.2559154274157756
20872,9.097702787901499
20873,6.5789655303628365
20874,6.482233689689058
20875,4.620121951516667
20876,5.212118159068017
20877,8.329519408718358
20878,6.43237194950774
20879,5.812626248468097
20880,10.0
20881,6.4846121962309
20882,6.012402929691199
20883,1.606077824559988
20884,5.781557002115315
20885,4.1403945588155295
20886,6.297957669888369
20887,5.805353918053445
20888,4.022257974592947
20889,7.751433499563165
20890,4.989785871936224
20891,7.992643161849782
20892,4.721370763815795
20893,2.509950679370812
20894,8.0985682718314
20895,8.030545736015117
20896,5.849665268571789
20897,4.8895434800665525
20898,5.151618260800425
20899,3.0027890785442155
20900,5.4790893579381175
20901,6.703847405341368
20902,9.460696381104665
20903,8.06353898181165
20904,5.4502297913079945
20905,6.275523282972159
20906,8.606277449236138
20907,3.2492165446169103
20908,9.057913750047296
20909,5.182696878555254
20910,5.583605476695084
20911,4.1034537920645775
20912,6.483074726564754
20913,2.918779546473695
20914,5.487591741434466
20915,9.088191907710524
20916,2.8731587546080095
20917,2.714005886236074
20918,6.601568517298746
20919,3.550674377178134
20920,6.953720057520296
20921,7.153963157855988
20922,3.412807628029367
20923,4.0812016108935465
20924,7.784296679854284
20925,5.671713891446872
20926,4.920129707059577
20927,4.355802491831675
20928,6.012887273397107
20929,4.38455495635486
20930,7.038494839489012
20931,6.7729888530039855
20932,5.021713249812029
20933,6.109702824016286
20934,3.8661623726535637
20935,3.2759968482471686
20936,6.887833661348084
20937,8.052240119518894
20938,9.883200670200537
20939,9.155501421568335
20940,10.0
20941,8.338941554335989
20942,5.7106679538978025
20943,7.243299840876233
20944,1.5958487185246857
20945,6.72257818152664
20946,7.585948830494692
20947,4.295765625915513
20948,8.319338378646973
20949,6.9310325228912735
20950,3.2259903075688277
20951,5.294576391246013
20952,8.526873097173489
20953,8.399883234619743
20954,1.2822069085989336
20955,3.6819716653715995
20956,4.9649794870825685
20957,6.258191334166193
20958,7.850702162250203
20959,5.620817186101699
20960,5.117642734304814
20961,4.31718733066339
20962,6.296607151846574
20963,7.866551523224961
20964,7.28321107306414
20965,2.715004940154917
20966,5.155636304621025
20967,3.4905698247005263
20968,2.7123388816695675
20969,5.343542612591241
20970,6.819455562275849
20971,4.2919342582729305
20972,6.986262173081862
20973,6.576045048122831
20974,7.4862803053781075
20975,7.773896022697224
20976,6.131521645896109
20977,4.000506080063004
20978,4.713142877200104
20979,5.387534662488555
20980,5.759339500882252
20981,5.356092672880887
20982,5.575364168290203
20983,7.835011578236677
20984,5.820996841202957
20985,6.745753805270155
20986,7.881158647900034
20987,6.110731394269824
20988,6.983083337569326
20989,9.657751869655124
20990,8.921666424065545
20991,7.194493343840454
20992,5.34319330098068
20993,3.327490611488345
20994,5.026536163099336
20995,4.751983779933835
20996,6.854515438022792
20997,6.6508034595233525
20998,7.529710624983767
20999,4.635217163842522
21000,3.798066943203075
21001,6.860822913264167
21002,1.9261568516380791
21003,7.005314187244798
21004,5.459065292753046
21005,8.558448526065948
21006,5.259921617450617
21007,6.651041695788098
21008,4.71957421090922
21009,6.148375601088558
21010,6.385771290613725
21011,8.19745188834052
21012,6.22543258553623
21013,6.355010622521887
21014,7.8162892128035635
21015,5.512112989281496
21016,6.948440876848086
21017,5.298006207007874
21018,5.728170617419837
21019,6.070856825719625
21020,5.971309199917313
21021,2.562691708488461
21022,6.8451043184585405
21023,3.945693725004305
21024,7.519260133482641
21025,4.923137435916333
21026,4.702216279196664
21027,5.45711909734878
21028,6.345296605779906
21029,4.0696332102072725
21030,2.55269849222361
21031,3.8800141553693344
21032,8.145183160541112
21033,6.532195964764574
21034,3.89302346062288
21035,3.33032020762249
21036,7.180709788593684
21037,4.472723157710222
21038,5.978800352002279
21039,7.4944611994536645
21040,8.988842208578333
21041,6.878565234692528
21042,4.709919619718413
21043,4.713373461126389
21044,6.507462158208587
21045,5.675498544867931
21046,7.900094208789495
21047,4.443832071936862
21048,4.4300868607173935
21049,3.7260445036972776
21050,6.751733308749981
21051,4.629651046840971
21052,5.435660809048636
21053,6.852282410498693
21054,5.1467475080815985
21055,8.102571996782
21056,4.729717398266551
21057,4.2511899831883575
21058,5.84817820985489
21059,5.254950304130648
21060,3.9132265660187344
21061,9.322930755682206
21062,3.1141351438835008
21063,3.1784584066731605
21064,3.0230990280191126
21065,6.144812159460445
21066,6.048477016891502
21067,8.945206825141993
21068,2.8686381222018107
21069,7.0662555663931155
21070,2.2180205063045197
21071,2.4265828754316843
21072,4.269703094686106
21073,2.2328869908695994
21074,9.33418523010639
21075,6.802893040292905
21076,9.59964801159757
21077,5.936499900912967
21078,1.9044090251126573
21079,8.888590494258079
21080,2.7751340829195765
21081,5.896273362526763
21082,7.983763494218107
21083,6.6769915892691
21084,7.240125928241255
21085,8.756474527631205
21086,8.384381666618543
21087,5.488890344078989
21088,4.222817543123088
21089,1.7549188131935267
21090,2.981665535585615
21091,5.350173199648049
21092,5.141893335618775
21093,6.020936971481694
21094,7.471239410843649
21095,7.894686628716438
21096,3.818042834568291
21097,4.185153092447558
21098,4.821648644834786
21099,5.258440413152835
21100,5.394269959164886
21101,6.107645558373612
21102,4.876460554788824
21103,4.7184071255281825
21104,4.667444922536843
21105,2.142861774013441
21106,4.370213424845444
21107,5.788937113489654
21108,4.457924967027202
21109,4.604857091362517
21110,7.915030862029423
21111,4.917503191551515
21112,8.27100178398986
21113,7.078124385634737
21114,4.667067808921526
21115,5.4414970162003105
21116,2.9576943186105975
21117,8.97200061006128
21118,6.688956422711405
21119,6.412817207394485
21120,3.2806593286375145
21121,4.202028961828708
21122,5.793660583315154
21123,4.851003399668736
21124,7.287391231275507
21125,5.857016400038202
21126,3.017565054078249
21127,6.959454497799764
21128,7.848109904869636
21129,8.139024967170572
21130,7.7212253063973035
21131,7.378022878023961
21132,6.03974077631935
21133,6.64482485110648
21134,6.24515774253715
21135,3.5232190103378107
21136,8.042835419776537
21137,7.731649636059478
21138,7.105252011720732
21139,4.7711147856489315
21140,8.320576841287673
21141,7.314687815271396
21142,2.9549294496990997
21143,3.4625716995488474
21144,8.516571405699453
21145,5.747374529549623
21146,7.78245753988265
21147,4.959723324053433
21148,4.981867764490013
21149,6.753199371908009
21150,6.028303272883342
21151,6.2484960893060535
21152,5.3512695886891235
21153,7.3789119711412186
21154,8.286835982503668
21155,2.8407600063238045
21156,9.075895234727804
21157,6.48808799288021
21158,8.10750278065009
21159,7.796560352892811
21160,7.351950702466358
21161,5.7970994124666655
21162,3.9676169860811514
21163,5.033756832428901
21164,7.628316967600777
21165,3.340770072645543
21166,7.078204482039899
21167,7.643841662187404
21168,5.480277863004572
21169,6.888280213743073
21170,5.112357880269409
21171,8.398904813782949
21172,3.618067046926344
21173,5.401206397236412
21174,4.991565243172753
21175,7.9908220450421155
21176,5.4676837187807195
21177,7.268660280886808
21178,6.122733429907591
21179,6.509402878796992
21180,6.053901374965894
21181,5.82082095493657
21182,4.171883672200865
21183,6.695540178338492
21184,4.816530484368103
21185,5.975287568531369
21186,5.9840408662971125
21187,3.535703405578321
21188,7.998787579975913
21189,2.852141942537588
21190,7.584827298046906
21191,8.160112199488514
21192,5.776440815507645
21193,7.643550905420332
21194,5.707148465958148
21195,7.242498499213276
21196,7.290503809394768
21197,7.33207779800105
21198,8.689502362497842
21199,1.9274341399657202
21200,6.368586833428183
21201,6.7180652261239775
21202,9.080565275524588
21203,7.821194910856818
21204,7.552468778625126
21205,7.514961511709908
21206,7.177034284715144
21207,9.065263241052923
21208,5.840301045635528
21209,6.968338030757613
21210,1.2107563470784128
21211,6.628873946460945
21212,8.845711215041245
21213,4.252372909941862
21214,2.8351857614799307
21215,7.087033893397556
21216,4.334373878891315
21217,7.065138333954093
21218,5.758872855265612
21219,6.9981064921562846
21220,7.7887252905630335
21221,9.280927755732193
21222,5.758747210512231
21223,5.777631024048718
21224,3.1651034760097216
21225,8.097677673183899
21226,7.180538676815734
21227,9.105531987634738
21228,8.873353252729213
21229,6.20597571713258
21230,6.086541114833672
21231,6.164843464736019
21232,4.182084609042871
21233,6.307172019360737
21234,5.035842945372422
21235,8.147797396722982
21236,7.320186550309861
21237,3.5540170681328505
21238,6.069940345497311
21239,5.878328257707141
21240,5.020303837023268
21241,4.2239639888236775
21242,9.944183215922958
21243,5.74381391689426
21244,3.1367945984959786
21245,6.177675355697152
21246,4.680370599202584
21247,5.934482063914172
21248,6.0378835337131385
21249,4.1271370235263465
21250,3.8759294654607457
21251,6.778891744306887
21252,5.708098496766902
21253,6.2607650828483035
21254,7.933983982505154
21255,5.546323219643902
21256,8.183148355752603
21257,6.735317744705964
21258,6.265367653494589
21259,7.773646265125871
21260,4.641568066541682
21261,1.7526988765542455
21262,4.9510818453596075
21263,7.152842821056316
21264,7.608570813519412
21265,5.467499535005739
21266,5.72205851208908
21267,3.1218272404012457
21268,5.353472505102042
21269,8.08107421580333
21270,6.033901119271468
21271,3.9238588466212447
21272,4.18523489197508
21273,7.5882683006604
21274,8.249583588290559
21275,6.051050381612969
21276,5.284546026986252
21277,4.688413495754792
21278,1.6294657068988023
21279,8.632223539070145
21280,5.99619461666382
21281,7.997049541876026
21282,4.3180177796372
21283,8.049042398768389
21284,4.294997745108224
21285,6.2250827868065555
21286,8.71181244948583
21287,3.9886815303085243
21288,6.431641524579189
21289,6.849990011966852
21290,9.103458091274119
21291,4.707082772503509
21292,4.855892664078612
21293,4.519008959570063
21294,7.000994654184318
21295,8.016561015794242
21296,8.133073948755714
21297,6.735091899168168
21298,1.150757042676406
21299,4.754400817735108
21300,3.7575553782597253
21301,5.193715210958734
21302,5.857564610185394
21303,6.225859878768239
21304,3.6171508831369366
21305,8.370563969608211
21306,6.12609692891275
21307,3.6958259862886984
21308,7.308580585522526
21309,6.49606412486302
21310,6.3134403365809675
21311,5.752886577020597
21312,6.620747562624681
21313,7.259369796901607
21314,5.956605924417038
21315,4.52726016435853
21316,8.64750396080303
21317,3.467906817050836
21318,3.227194169468002
21319,6.860080536943724
21320,3.97865144928344
21321,6.281650966147594
21322,4.429258633179393
21323,2.642005192993883
21324,7.285878453112876
21325,7.567614396864204
21326,7.972930036561375
21327,5.937792490649685
21328,7.94398913924995
21329,7.505838341089481
21330,6.574054374322887
21331,7.803447433643049
21332,4.039980220848452
21333,4.085155239429266
21334,9.228538833930003
21335,7.768590032984058
21336,7.1105491431209655
21337,7.432897306036535
21338,4.831617342206023
21339,2.825496049638502
21340,2.5568970220832026
21341,7.5821368809043195
21342,4.472316641536364
21343,2.595500169443074
21344,4.078139825054758
21345,4.70782791445071
21346,4.208512774968146
21347,4.1897500886175205
21348,5.21948180057721
21349,5.375765441387496
21350,6.813991213599252
21351,6.28311005230462
21352,7.935636373483971
21353,6.5823279299995034
21354,5.4867999533922545
21355,4.452496842429872
21356,6.7842990471021825
21357,9.23789575831523
21358,6.827812551288841
21359,7.545917011757021
21360,8.585112953817841
21361,6.264900817862124
21362,3.072787866475857
21363,6.40753437067926
21364,0.633853451111789
21365,7.146175890164173
21366,9.255761806662457
21367,6.504677893259336
21368,5.679684317335925
21369,7.008863702837128
21370,5.302498574877616
21371,7.339559737924487
21372,5.05402546557959
21373,4.835032019856002
21374,3.573488851142008
21375,4.345153847755106
21376,6.636557017229367
21377,4.288373015990704
21378,7.2360349179251795
21379,7.830495849269914
21380,5.987455628658344
21381,7.116132357253133
21382,5.378026537527839
21383,4.9757099968250476
21384,5.334987764527375
21385,7.420492515543449
21386,2.424994664699046
21387,2.976016136482741
21388,5.035048776053541
21389,6.628864381070668
21390,6.2536865553955
21391,7.011755575947082
21392,4.602692376653929
21393,3.5728020301890915
21394,6.3632798023627455
21395,8.040848254636117
21396,5.000828854456874
21397,7.905273826563098
21398,5.446379318123708
21399,6.712476405082507
21400,3.2981468712116344
21401,6.988145842347895
21402,6.226356841673594
21403,9.187152108737653
21404,2.763669635171026
21405,7.703671768031024
21406,5.897231815920611
21407,6.142647470259833
21408,4.686029009481412
21409,2.2878312616000764
21410,5.908724075857008
21411,8.848846349220358
21412,6.4777305605045985
21413,8.828650365686169
21414,6.719613388534645
21415,5.570447585550479
21416,2.7552934858601703
21417,8.267815358644134
21418,7.237976397254111
21419,9.31549261759705
21420,4.293901141221717
21421,4.44161597770495
21422,4.166074460457969
21423,3.504488776429856
21424,6.8329087543568265
21425,3.552671744091841
21426,6.932089236461491
21427,5.308861446201506
21428,6.007786267948577
21429,4.0134977611291225
21430,7.42136700281044
21431,2.084672883131593
21432,8.332120916645316
21433,7.981272181515701
21434,8.637253951675136
21435,6.211893776821944
21436,8.373068237582874
21437,9.435874822637567
21438,6.638820694849214
21439,6.4467555356258845
21440,8.255696024767754
21441,6.2079284046646865
21442,4.097749530729947
21443,4.043212123886973
21444,6.38646661952402
21445,5.821772719064294
21446,6.114085308685149
21447,4.699192240642608
21448,7.143024977653006
21449,5.413399159449397
21450,5.109414496116607
21451,6.285138416503041
21452,8.477074385515204
21453,8.560157139334189
21454,5.27353441202658
21455,6.665827514536053
21456,5.122620672092667
21457,9.349586304122994
21458,5.748236204409703
21459,3.6141017065662444
21460,4.028498056143993
21461,7.046245643181294
21462,3.5692796750138194
21463,8.486677712160118
21464,6.588414763568389
21465,7.953641334047639
21466,4.91020927230782
21467,8.94139463353996
21468,5.681543118411019
21469,3.572623665107615
21470,6.294654701739168
21471,4.385079817707448
21472,6.63964714875541
21473,6.133965750533121
21474,3.870366195234837
21475,3.2344893251485844
21476,4.865657273882897
21477,4.250919535882942
21478,5.704134738541044
21479,6.546331157092619
21480,7.005667574703852
21481,4.198583180876936
21482,7.726108969375899
21483,7.80746846302478
21484,6.9991179226490745
21485,6.093913915174996
21486,3.8998130561675297
21487,7.759874114356572
21488,2.529627671624696
21489,5.99584174680213
21490,7.148846943553886
21491,8.486502608260547
21492,4.625304674300386
21493,5.782071151788281
21494,7.804321601960855
21495,6.8040231259249335
21496,4.490415754593485
21497,5.586010652385705
21498,7.938939895921097
21499,5.377894427955348
21500,6.08168818412715
21501,5.121314922451559
21502,5.737340983241792
21503,5.269622519532474
21504,7.11081809255545
21505,5.041208184106266
21506,6.037287437245683
21507,4.76428409417639
21508,8.610102312887815
21509,6.6406318856113105
21510,7.5674370174444245
21511,6.2741239028229865
21512,6.478580693289729
21513,5.9469279080684885
21514,8.93522445288123
21515,4.442705742835522
21516,7.01820624306537
21517,4.9774418869815396
21518,8.869358546933269
21519,6.053927456522764
21520,5.162392655092405
21521,3.7417756762493917
21522,7.064964965640691
21523,9.798066562121596
21524,7.092555023348583
21525,6.824215297432289
21526,4.449777288762955
21527,5.719136746778192
21528,7.616325391844812
21529,4.985124233905718
21530,6.3361348680111735
21531,5.000654200894876
21532,9.819049932278896
21533,5.051756611013955
21534,4.094026725623013
21535,4.281794271186709
21536,6.345891565717723
21537,8.737767884888129
21538,1.948503965466871
21539,4.025974342449077
21540,3.7428180859105646
21541,6.177832117743575
21542,6.261652040017613
21543,6.419407435144102
21544,8.750235677026524
21545,4.531606738414869
21546,2.1365561390952506
21547,7.007754903275876
21548,7.619593590986129
21549,5.167588315027485
21550,9.038605585237978
21551,6.665098614672681
21552,2.1032060754875026
21553,6.466427350208472
21554,3.139032880429242
21555,5.565337482336663
21556,7.195940329046569
21557,6.965205313865437
21558,4.170391555850566
21559,3.1782725722770033
21560,8.782665954914687
21561,7.72027452971152
21562,8.272795157350265
21563,4.720094713053179
21564,3.1999708697476015
21565,5.985216040308062
21566,2.917955740916277
21567,9.173818995340042
21568,8.197816542559764
21569,8.405091848510413
21570,6.210477053515705
21571,5.0457037190553935
21572,8.496272992992578
21573,9.108402185060294
21574,4.107034130031664
21575,3.2709626988311697
21576,8.304196086324918
21577,9.0625499496054
21578,6.847530449002598
21579,7.135096636490452
21580,5.998229311621985
21581,4.376213599788341
21582,5.051767867809356
21583,6.369895472593122
21584,6.214539267666119
21585,6.1967089281182
21586,7.15329688695127
21587,5.54030387638187
21588,3.5469673742256886
21589,6.4132166215391235
21590,4.5383203738147255
21591,5.840677008616676
21592,8.36120487067041
21593,8.473407130698622
21594,2.8332017505815807
21595,7.2628745299714925
21596,5.775539662834511
21597,5.189514433701633
21598,4.422982405018534
21599,3.728542443242116
21600,7.753241134212277
21601,1.8520856948095292
21602,2.5184920493743332
21603,9.532407160199284
21604,5.137153205754555
21605,7.808373607522929
21606,3.4987813030043013
21607,4.752546603120628
21608,7.514532836688606
21609,4.062228798057924
21610,5.976264146166644
21611,5.256022331453225
21612,4.2468081945004315
21613,8.394798351008587
21614,6.404191897281147
21615,4.481045009031563
21616,6.320995575049955
21617,5.638254130137245
21618,9.121595034165157
21619,9.336702734906117
21620,3.953517587864981
21621,8.744834142728966
21622,5.678653023764225
21623,7.985791822550398
21624,9.14827355727916
21625,6.574654266019789
21626,5.020682713095953
21627,6.229107453274297
21628,9.956292643370308
21629,7.289517930434852
21630,9.324670607425071
21631,3.311224498092341
21632,5.3265861050704855
21633,6.211773669546842
21634,2.708291757268453
21635,5.86629251794802
21636,5.4660236295685065
21637,5.195677783944241
21638,6.5180536756226415
21639,7.927115288376011
21640,9.580045211270553
21641,5.176594402641641
21642,7.8079388439523125
21643,9.179998219714818
21644,4.462503787816249
21645,7.458183042612665
21646,4.453185882541177
21647,6.57287476874136
21648,5.713514451013677
21649,8.326941984369475
21650,2.9286684487624557
21651,4.111605739940534
21652,3.956841371701718
21653,4.476444489818252
21654,2.968119881454351
21655,5.323839803077519
21656,7.982137394969817
21657,7.583758137535327
21658,7.48661892098531
21659,4.112204693441017
21660,7.489831692987076
21661,2.4382841707302614
21662,4.362606241667544
21663,8.04337012533956
21664,3.5643489117070404
21665,4.777408318328009
21666,2.357428278975372
21667,6.609278525234257
21668,6.139254161113142
21669,9.092062928585898
21670,1.5358070123195668
21671,6.803596669865686
21672,5.430263515488572
21673,5.6484454951836
21674,4.060477906473835
21675,4.874742167525143
21676,8.006890795724926
21677,3.968190263627739
21678,6.418762079230932
21679,6.461676748801324
21680,5.077891110312362
21681,1.7430157342713286
21682,7.233791083781291
21683,6.454465808770242
21684,5.976387034900756
21685,8.047248600588208
21686,5.75825435715196
21687,5.816035750318374
21688,6.737338604412811
21689,5.871837365270411
21690,8.812344320118275
21691,3.6926225296827475
21692,6.177705246888908
21693,3.8983055297472675
21694,7.425925449138887
21695,5.628279122781464
21696,9.94513262114447
21697,5.215583996263992
21698,2.9349977975123664
21699,8.29231609829157
21700,5.872471703014794
21701,7.890757099099197
21702,3.5840858096017962
21703,6.093360343667624
21704,4.236862875587537
21705,8.870370707189739
21706,3.367987988398525
21707,8.676251991227033
21708,5.697848262006
21709,5.654062199505246
21710,9.232688466522808
21711,5.207229847449581
21712,4.044235580584698
21713,5.604303268703648
21714,4.790732346747717
21715,4.865418772051487
21716,7.373055006831455
21717,6.8251304440867315
21718,2.648976573458175
21719,7.96141179187506
21720,5.016917340686242
21721,7.0524850751126404
21722,9.457478093535297
21723,6.363263973437293
21724,7.719143402835033
21725,5.827932519277655
21726,8.956593624648999
21727,6.956943766541542
21728,5.269462296385778
21729,5.565892533291267
21730,6.166674549021936
21731,6.813836183435816
21732,2.22918715414847
21733,4.475501973319618
21734,3.6352093798527436
21735,7.398393509280228
21736,6.1492068185283895
21737,7.407177986333875
21738,2.001189699585108
21739,8.162990146012428
21740,8.872347893056793
21741,6.934231773292758
21742,4.09586560847574
21743,6.013889737101465
21744,4.484289071100578
21745,5.400860725531477
21746,5.869378027901273
21747,3.156797630251705
21748,9.819800724091102
21749,7.09193366700462
21750,6.74097151028725
21751,6.89026410154932
21752,7.380778138685005
21753,8.520667828266483
21754,7.577579741154887
21755,6.848720303177153
21756,4.231567589511114
21757,4.782594474667945
21758,6.464024603752894
21759,4.997372838007933
21760,7.845737667497096
21761,5.123203419498063
21762,6.164383819560561
21763,6.106224228304579
21764,6.156053754986457
21765,5.994497654219261
21766,6.9604276257897295
21767,2.703067858979442
21768,6.7690194827472485
21769,4.983754801255392
21770,4.522594280871388
21771,2.7678098215457148
21772,5.9319142609597995
21773,1.828780661297517
21774,2.7330237572545064
21775,6.116683112149401
21776,5.1742452188221275
21777,5.481044770552766
21778,6.057166978700314
21779,4.376257305990307
21780,8.111712152289474
21781,3.3692592178581187
21782,6.251466356598875
21783,3.599094256166422
21784,7.370405970736229
21785,6.785432517883466
21786,5.598201860923087
21787,4.500716104120672
21788,9.256543002406536
21789,3.363234174584329
21790,5.415927122814713
21791,5.515286838754046
21792,7.45634009718359
21793,6.468775843331973
21794,6.972490597741825
21795,9.65578277996033
21796,6.457387136798099
21797,5.5035413076550075
21798,0.6047796110528949
21799,5.25102965231618
21800,7.33503740837677
21801,2.911643083059383
21802,4.2435041477583955
21803,2.232144541145567
21804,8.145404609403638
21805,5.410784802911649
21806,6.18335458017067
21807,8.284989105494969
21808,3.172774128088805
21809,5.035959287007915
21810,3.29454216514182
21811,7.080778722298204
21812,8.212507265435272
21813,9.608388293734418
21814,7.360021718672857
21815,9.029171361742891
21816,6.351318888473839
21817,8.85989007973547
21818,6.391656383290663
21819,7.2579816576903085
21820,5.7431510535556
21821,6.863141167521256
21822,8.232868053539674
21823,7.607218456307619
21824,7.91033627314502
21825,5.98808681821164
21826,6.2474772789002895
21827,8.07357487894537
21828,6.172979369449385
21829,4.1902128031884445
21830,4.375200450444764
21831,3.565395807108435
21832,2.662860314500217
21833,5.231490389606352
21834,5.6982969916299036
21835,5.869643875033876
21836,6.195609462807742
21837,5.26102576516235
21838,8.732457056022472
21839,3.0995622819450785
21840,8.267701993507242
21841,7.037444913541589
21842,0.8525727744687156
21843,9.630552920355735
21844,7.88462257304235
21845,7.257982898802735
21846,6.994101140156351
21847,6.005879529957038
21848,3.149061109204228
21849,5.436404399702409
21850,3.570812385813716
21851,3.8281896582660897
21852,6.261899067049835
21853,7.189366331518893
21854,4.987165999878359
21855,5.9321138298439235
21856,5.384212581654008
21857,8.01191541241692
21858,4.412872223830519
21859,7.464182945394339
21860,6.951978629783777
21861,1.7989513173918106
21862,7.962292221930033
21863,3.5453745070817595
21864,8.9891353295992
21865,6.9758375196578255
21866,10.0
21867,4.115614888146487
21868,5.802480085685083
21869,7.708850937170203
21870,5.269009818212296
21871,6.441472931594502
21872,5.225626645978712
21873,7.114642344506604
21874,6.973582134227904
21875,9.122563684060898
21876,5.5043108150633575
21877,5.439628683677046
21878,5.35048823654923
21879,6.24607636593084
21880,7.682650974534409
21881,5.147171531889437
21882,4.824452793830124
21883,5.339554613051522
21884,6.81003930459463
21885,8.903660809299954
21886,3.6853471412187817
21887,3.6878022485779796
21888,7.941924070733236
21889,6.00200235150729
21890,6.302749107412156
21891,5.689968479230558
21892,5.493730100835995
21893,5.80507838001058
21894,6.314638891783667
21895,8.613674226572718
21896,6.464875711718372
21897,4.985692466150809
21898,6.412673291035885
21899,6.62790595315615
21900,3.7713337097321387
21901,4.768149814429229
21902,4.784693956707681
21903,7.858577087610112
21904,3.9242384436540427
21905,7.784807975324594
21906,6.289805260996928
21907,4.735032672857714
21908,8.132459724983779
21909,5.503483834695987
21910,3.878099325051508
21911,4.309301544139405
21912,5.094111357745166
21913,7.92835322816733
21914,9.437793815344852
21915,5.8592980912251384
21916,6.6334571310868595
21917,5.048336928234909
21918,5.575258316842057
21919,8.603041855405602
21920,9.555961222796071
21921,7.796095832680967
21922,7.3988821573532775
21923,6.715034558994508
21924,6.887575654874587
21925,7.2277425725438365
21926,6.0580721658535515
21927,5.9432662736644986
21928,7.220739892936502
21929,8.5871347804561
21930,5.9632100946216635
21931,9.116638937835564
21932,5.216925516333409
21933,5.76575516783626
21934,3.089719495706106
21935,5.893788057822782
21936,7.199818495527383
21937,7.393265748981787
21938,8.716510646744648
21939,7.741705831534782
21940,4.420919324807508
21941,5.753104425656383
21942,9.114955667645548
21943,4.018035386869916
21944,6.1964018808097
21945,6.015298418733531
21946,6.058379451521785
21947,8.59576716173732
21948,4.694736464891522
21949,8.534146072639812
21950,6.064237355752344
21951,8.022199119987409
21952,3.84569232747603
21953,6.279151499085428
21954,2.9001834790581933
21955,7.870220556643569
21956,5.427525926603795
21957,8.98959680326925
21958,7.530616225904458
21959,4.975909436616528
21960,5.090012549045123
21961,5.137291849482921
21962,7.282827216004205
21963,8.560704948107658
21964,8.500522800183376
21965,9.85291634206062
21966,4.816144675028093
21967,3.6042630974989067
21968,7.968807142672214
21969,9.288403217816015
21970,5.859771667110593
21971,3.443925476241371
21972,4.779310162118246
21973,5.904048367890205
21974,8.16202260267244
21975,2.875631431187671
21976,7.353279633755514
21977,5.292834723423797
21978,8.798360183259298
21979,5.370825756951703
21980,6.714890983828823
21981,5.062638050419977
21982,5.845652858007827
21983,3.153503027722693
21984,5.87288982986858
21985,6.930231076454119
21986,8.901827624652253
21987,4.235960422707246
21988,6.987681891634907
21989,8.61233123486276
21990,8.177126542631118
21991,6.512279201892335
21992,5.393847427109451
21993,6.015859834357149
21994,3.148218501202657
21995,3.3986211207605592
21996,5.839896025018736
21997,3.1838049873601326
21998,5.670058344210489
21999,5.180270667106049
22000,5.383794112242002
22001,4.746680311310413
22002,4.791952373839117
22003,1.9555426100569373
22004,5.665952520114979
22005,7.1852946217086835
22006,4.844710837835038
22007,9.566986640634038
22008,5.572619847781218
22009,6.903560646517401
22010,2.695994819498188
22011,6.263192945532959
22012,6.356210545534795
22013,4.885078904371274
22014,6.748178681467252
22015,5.870030669248973
22016,5.696119497353532
22017,5.064812462065406
22018,3.902084967458863
22019,3.508130222828229
22020,4.152951064050946
22021,7.676196825963051
22022,7.235543786320759
22023,4.334831593108502
22024,3.8430823885981638
22025,5.557893098729265
22026,3.654022198925977
22027,8.595950782328709
22028,8.361472708460026
22029,7.4907207191774745
22030,7.622127076287259
22031,7.556494231264933
22032,4.31738566323097
22033,7.931788498538779
22034,5.3221181603318035
22035,8.601276761249391
22036,5.582966662856943
22037,4.546086606092262
22038,5.6001831070120165
22039,4.542816591024204
22040,8.3696663696376
22041,6.095761645259995
22042,2.8206700932664517
22043,6.7265181674043735
22044,8.870154686541653
22045,5.52838152002151
22046,7.746443065187506
22047,5.403979798686035
22048,8.134623273863124
22049,3.429146858557278
22050,5.284779815915646
22051,3.300164170556253
22052,6.577626583424406
22053,8.85844728738652
22054,6.317585312646432
22055,8.238717781293879
22056,6.545872676312735
22057,7.836474941536514
22058,4.238236751887136
22059,5.462364641591575
22060,8.046792874718085
22061,6.259199688550572
22062,3.4023244589276245
22063,6.486696874492331
22064,7.559575764561044
22065,5.233332765242196
22066,4.029319822485793
22067,7.074958628864252
22068,6.261121479512141
22069,7.0141640733595505
22070,5.242268222675287
22071,6.231180636998721
22072,5.317339409555435
22073,8.18254944475063
22074,4.9105063240913704
22075,5.609140461393163
22076,5.954809018200897
22077,9.195817247219983
22078,7.238809866172135
22079,8.57244944237543
22080,5.174712315997869
22081,8.726651028100267
22082,3.2297414471945975
22083,9.321166709310667
22084,2.053777947792567
22085,3.681568066204565
22086,6.421894521704218
22087,2.3122710281956627
22088,5.893997733126323
22089,4.632927250923636
22090,5.877416188821906
22091,6.86298816177312
22092,8.922873921021974
22093,7.408364586395708
22094,6.795111430685324
22095,4.862832648421634
22096,7.301741049022361
22097,5.703637653833167
22098,6.096058449059197
22099,8.22454997942297
22100,3.5707844639840305
22101,5.426821962447074
22102,8.268383668799634
22103,8.239829025946262
22104,1.6068303895312934
22105,5.549310531775317
22106,4.976825835472274
22107,7.31263223061014
22108,5.92187936134783
22109,3.7332200404000986
22110,5.512599081820399
22111,4.118668659126868
22112,6.091819406741877
22113,6.162517977396744
22114,7.877641754588447
22115,6.398165007405028
22116,4.039345458286678
22117,4.797934041090208
22118,7.749201469177277
22119,4.858664790706923
22120,4.7610557250300065
22121,7.415518615785319
22122,5.997795659128351
22123,4.4275835548711315
22124,7.25742028858984
22125,5.9552754329372934
22126,6.30056214860299
22127,7.514239642797217
22128,4.06581611566705
22129,7.463316426272092
22130,7.073760263710724
22131,5.103498578944255
22132,5.046438995646996
22133,3.6480484901734345
22134,5.2900812130504224
22135,6.67585871315499
22136,4.905964206682332
22137,4.542049462535481
22138,4.152906609057339
22139,6.170771588275252
22140,7.360593422984893
22141,7.94956766068911
22142,5.147218194140346
22143,7.3517600990415986
22144,7.971998436890385
22145,4.808165385854851
22146,3.0835004368776415
22147,3.8629584191031925
22148,1.0436155017133857
22149,6.3815665782242705
22150,4.6094424531592795
22151,2.7422955914086686
22152,7.606828087167811
22153,4.191166761462613
22154,3.9307327323640813
22155,5.979420797718758
22156,3.3212678996788947
22157,5.632059086151338
22158,8.49672004404486
22159,6.500835916630213
22160,9.05583682232726
22161,5.9574249764360285
22162,5.537982405596557
22163,4.197952341741313
22164,4.39067914289827
22165,6.825840695977982
22166,5.22209279817344
22167,7.902812255158979
22168,7.95385439599292
22169,3.8809967655887645
22170,4.097378453085573
22171,5.289877586946356
22172,3.534299650083817
22173,4.756707968872978
22174,5.409107703156332
22175,5.31425159555449
22176,3.79005402875475
22177,2.192335706526168
22178,8.407308661111381
22179,6.697457725177775
22180,8.4095370647643
22181,5.26163372849668
22182,4.365529330603474
22183,6.438346847414993
22184,6.289539205329167
22185,6.835043591701165
22186,5.8018385693639125
22187,7.7758015043763375
22188,6.993339287719858
22189,2.8171246613889416
22190,5.80851939930219
22191,4.248268127001661
22192,5.831645689606695
22193,7.123958153014525
22194,3.983257188968701
22195,4.367323398454941
22196,4.84443054030726
22197,6.443810098791454
22198,6.939439119473141
22199,5.22322223669168
22200,5.013343295336906
22201,5.444435001422467
22202,3.9289632368787144
22203,9.014578361224986
22204,5.228476945909167
22205,5.377778513240774
22206,7.976512569834959
22207,2.2332963564504786
22208,3.247961518293816
22209,7.106780909944879
22210,8.079223348186607
22211,9.146251045633518
22212,4.395572521364074
22213,6.126530254699746
22214,5.39318357877263
22215,7.090569807560461
22216,7.207665083661928
22217,5.165277720368742
22218,5.82126954795919
22219,7.836396666423437
22220,1.6283292968575687
22221,7.536224220516191
22222,4.840481067230358
22223,6.825592610579778
22224,3.5839087479757565
22225,4.565215217011716
22226,5.396100750049769
22227,2.743901752566054
22228,7.380590583823259
22229,5.463679254777953
22230,5.659250398316008
22231,7.7106183539185285
22232,6.378150942247773
22233,8.841485419786236
22234,5.146157783716221
22235,7.178971851475015
22236,0.9137448556055869
22237,1.9569174805584943
22238,7.349612243514922
22239,3.570222831236678
22240,5.95159740266409
22241,7.3167164438719094
22242,5.686149023495035
22243,5.158284133924975
22244,5.156103813768384
22245,7.463130735536748
22246,8.088538254574516
22247,6.232862585037676
22248,8.748101963011008
22249,4.817406195774106
22250,6.140285166152506
22251,3.141882186872116
22252,4.363808904132872
22253,8.812183496656932
22254,8.82986612130035
22255,7.086114621765994
22256,6.5834729013033355
22257,9.2005534273077
22258,6.665548948397633
22259,1.66120692792147
22260,2.3169614423792533
22261,4.30175503978071
22262,4.268050243389177
22263,7.175753734065938
22264,4.442747173224096
22265,6.804589468002682
22266,4.907872481411548
22267,3.738869703103897
22268,3.2170809275259358
22269,3.965408870793273
22270,5.810088172128663
22271,3.8549450732084374
22272,7.260002846172219
22273,2.6607190960015457
22274,5.421990966645305
22275,6.735377247834788
22276,7.28639439717511
22277,8.80921713691893
22278,6.947373888859053
22279,2.42787354780904
22280,8.618537972878036
22281,4.424486482001271
22282,4.453461973806952
22283,5.776766184179378
22284,8.614460034065157
22285,6.309628651438568
22286,4.947857808180997
22287,6.376632100749122
22288,7.5823340846905465
22289,8.96605000213272
22290,4.082903379990628
22291,4.458379168470249
22292,9.473191882833266
22293,6.13261471370493
22294,8.312165918237518
22295,9.979429544994025
22296,3.2015031706023436
22297,3.9882023809434792
22298,5.7116310524330505
22299,6.067369507759489
22300,3.28625222011605
22301,8.804752482370722
22302,6.00151583715478
22303,5.8489772495537515
22304,5.405583422453388
22305,6.721708248992824
22306,7.535825940146799
22307,6.450638761427291
22308,9.39218854307946
22309,6.269864433165205
22310,9.530160638615936
22311,4.3705390567576705
22312,5.913758898049425
22313,3.3594812800485903
22314,6.522906991918123
22315,5.948674604723411
22316,4.390717913099597
22317,9.167072712306181
22318,2.599109508998393
22319,4.899697895598068
22320,6.103075657924956
22321,4.540740868540842
22322,5.423508775756665
22323,6.111984418641349
22324,7.335195312017023
22325,2.7619675883098593
22326,3.4070442151565223
22327,4.149787994544079
22328,5.778795891315384
22329,6.168773335997559
22330,7.601121301412219
22331,5.143090872307446
22332,4.080525824161142
22333,7.80494313285877
22334,9.418920542582866
22335,6.0877091069374245
22336,6.0932977135278925
22337,6.186132795603315
22338,4.590816289608488
22339,7.7684822818904395
22340,9.327365286461376
22341,3.337408096774452
22342,4.555548955623671
22343,6.714168101668311
22344,5.116487408545106
22345,7.567316499748887
22346,3.48859034750339
22347,7.8808084861507455
22348,5.669978941424523
22349,6.608454081178915
22350,5.911583064020265
22351,3.1491601035149808
22352,6.553714637600196
22353,6.844202131909595
22354,5.581272034894993
22355,5.290442056920908
22356,7.145261969966907
22357,6.1728447729066165
22358,5.769496005789313
22359,6.155399562090258
22360,5.9674764225237364
22361,2.2255003686065646
22362,7.534469310724697
22363,3.7892623705964907
22364,8.782184819016347
22365,7.678642818082864
22366,7.442872646417082
22367,5.079416283859921
22368,4.822295647581176
22369,8.956621520855455
22370,2.9014278518861754
22371,6.960123659464817
22372,8.208434576883707
22373,3.195361422661569
22374,7.403836024236344
22375,4.560629017032815
22376,9.055421980133485
22377,4.7061237084973975
22378,3.845191656423263
22379,8.075118473385256
22380,7.334002627934831
22381,3.446405272050844
22382,7.5563138709922395
22383,8.961663224907973
22384,6.246886104047633
22385,4.646187763204472
22386,7.9993616178325935
22387,4.1309300251131
22388,1.3685752038853107
22389,7.3412752627854285
22390,3.4174052400951367
22391,4.919688419385642
22392,7.117034245758075
22393,6.516638337152955
22394,9.559958629374716
22395,6.4702327790237515
22396,8.436266638293613
22397,8.447753681097826
22398,7.040883355326605
22399,1.803484962864505
22400,4.86956693230863
22401,6.668080710457882
22402,9.029768689327756
22403,7.10823149460808
22404,6.845805856224333
22405,6.40889214765909
22406,8.642196496899823
22407,3.3167058158418827
22408,7.931285967882327
22409,3.6268433908363207
22410,4.94283292568511
22411,2.620046618836954
22412,8.400087553379006
22413,8.035899669661797
22414,7.255996677126997
22415,2.5874207979477073
22416,4.844856068734079
22417,8.782723534799729
22418,6.389794504485351
22419,8.396865233825151
22420,5.8946213958477784
22421,5.97285165355312
22422,4.6709309333321105
22423,4.914957039501203
22424,8.243171804968243
22425,3.935750729624664
22426,6.652898347741035
22427,8.230766210097784
22428,8.507572294730988
22429,4.046966759049326
22430,7.28817360092647
22431,4.391808991692615
22432,4.6566745128442415
22433,3.2298998013428557
22434,6.051844328435287
22435,4.822715357097509
22436,7.075297397399754
22437,8.907183758843539
22438,5.386008258987292
22439,1.391977220689402
22440,5.977286778591646
22441,6.605302596539948
22442,8.90786526936204
22443,8.624613104874062
22444,7.11530843903021
22445,6.109336436377996
22446,4.254740725838326
22447,2.974309533371784
22448,8.399122167914005
22449,5.835623559279869
22450,4.476293798586092
22451,7.348959811815712
22452,7.136397675584045
22453,5.208662022574236
22454,4.337969421952495
22455,3.1429866234665043
22456,6.643633644224027
22457,6.327570387994854
22458,4.614129925558473
22459,3.631078532546906
22460,7.386711961443406
22461,7.1299345503649905
22462,3.1412062855360174
22463,6.59100559481448
22464,6.465768016058495
22465,4.918635559895037
22466,8.481543641822011
22467,4.315546061841242
22468,4.894648906477926
22469,7.883523926482416
22470,6.312620132749304
22471,8.137543105416373
22472,4.799673937136812
22473,5.108206151314301
22474,7.168625857383084
22475,2.349279335775065
22476,8.748932985637637
22477,7.165715719484145
22478,7.898192166435154
22479,6.9394655646374135
22480,4.238859499388601
22481,8.655269859935576
22482,4.385356044283394
22483,6.565416001964491
22484,5.646639746705281
22485,2.418255717366093
22486,3.3580117067910087
22487,7.355043385667999
22488,3.6986138771438286
22489,5.025088436694931
22490,6.285958846448031
22491,6.725960790784019
22492,8.076181741518042
22493,6.787854614647928
22494,5.699411231084233
22495,7.751904558059037
22496,4.246006662497473
22497,8.623851786546867
22498,5.961145902676993
22499,8.434649293578225
22500,6.252728192813128
22501,4.454767637075266
22502,2.7524957683736866
22503,8.784535136470637
22504,3.6019793901759316
22505,5.060785475802165
22506,8.347765393807316
22507,2.8083540445554696
22508,2.5030971898301866
22509,5.8484124283
22510,6.5338243891996
22511,2.4410584098587127
22512,6.957689823830259
22513,4.359211888442428
22514,5.739861794441618
22515,9.024593667096244
22516,5.9193988475050805
22517,4.8938632803347675
22518,6.789036750362885
22519,7.922433679898456
22520,7.116328209285355
22521,4.8190620150578685
22522,5.8988930922834895
22523,9.706056339724045
22524,4.61779582063669
22525,3.325828928713487
22526,8.071380340862174
22527,5.331730829971544
22528,2.0886289641526585
22529,7.316226035009248
22530,4.712996091189423
22531,7.334577300254563
22532,4.581928956284457
22533,5.2048781901484364
22534,7.154008633539914
22535,4.4761351765674835
22536,4.855719001124405
22537,2.319638066540262
22538,2.9134480126251834
22539,4.977354672940927
22540,7.392670102596452
22541,8.227317589434527
22542,5.494594797581324
22543,6.494106625763204
22544,6.942481150303893
22545,6.77842360816918
22546,7.297456910797972
22547,5.835029933008293
22548,5.154443711635617
22549,6.013478454452766
22550,6.135813500650407
22551,6.835558242020727
22552,7.532093386036076
22553,4.193487773970896
22554,7.4445818747059835
22555,3.9429651084381674
22556,5.009628770256304
22557,6.295033938740154
22558,7.88135024806256
22559,7.56269511298589
22560,6.292226612244609
22561,2.392079125333693
22562,6.625638327492686
22563,3.7692710833222116
22564,7.531372148679006
22565,7.387685848712641
22566,4.487648114505183
22567,4.909241737242279
22568,7.666700695470418
22569,8.953851307429755
22570,2.669028803453414
22571,7.230833227075965
22572,4.030440757286463
22573,4.484570816611721
22574,6.206260521568122
22575,7.983629752104004
22576,5.601134654848321
22577,3.4686957599997115
22578,6.453420259868326
22579,5.547702232749652
22580,3.773534486797774
22581,5.9762662471183035
22582,6.23729757212187
22583,2.653914083599029
22584,2.8562467283719184
22585,4.647950042990901
22586,3.669040531222671
22587,3.537477284185786
22588,3.481527555339484
22589,5.41364374026046
22590,6.235488104029698
22591,9.160527702595173
22592,3.5193849468399883
22593,5.740665451854606
22594,7.997461771033315
22595,7.383510403994213
22596,6.546646658141543
22597,2.2566023657989964
22598,7.0277019963649705
22599,8.074442092928631
22600,4.738875047061479
22601,2.721093357979634
22602,5.0865127147724545
22603,7.04062298179071
22604,7.951428424025773
22605,6.269448088780827
22606,4.72718744024241
22607,6.703827547396007
22608,2.2345494834588804
22609,3.811114257003885
22610,6.271639339679415
22611,9.22230928173897
22612,5.458651412716264
22613,4.333391900255011
22614,2.680817381284119
22615,4.423159569716178
22616,7.49451671245609
22617,4.649850605104895
22618,5.786855868158752
22619,8.055296647661468
22620,4.5432303738678685
22621,7.02555122251371
22622,7.879014797763006
22623,5.336100662476299
22624,4.624370444392357
22625,6.255989682407959
22626,6.926844710066331
22627,6.165603526539431
22628,8.363470333548912
22629,7.853631311840708
22630,6.931791436235213
22631,6.290034824858916
22632,3.176383494662394
22633,8.259962477227258
22634,9.170413214877069
22635,8.058517175924326
22636,8.105873119414326
22637,8.639819223770687
22638,6.736479960679785
22639,6.5676781837044675
22640,3.912012142188921
22641,6.6990781377145865
22642,6.9152204608027406
22643,0.9126985991641948
22644,7.831959812575333
22645,4.951263995310148
22646,6.766394968597038
22647,2.856519568357109
22648,5.3580129071767635
22649,7.9194725149654674
22650,8.090370707569818
22651,1.9992811947472635
22652,6.842191221527966
22653,5.161725084501017
22654,3.8839447431359573
22655,6.63504184415945
22656,7.717076192832025
22657,3.2860290613693737
22658,5.157274605848542
22659,5.257953135425033
22660,3.70391602886477
22661,7.065075458565055
22662,6.163764982475785
22663,7.878260247549977
22664,8.193179827462224
22665,7.4781608005546945
22666,5.263308713750444
22667,4.775622922352258
22668,8.058748766546737
22669,5.027272435433167
22670,6.3979667307333035
22671,7.421324091038893
22672,4.875852338329479
22673,6.208771557404951
22674,8.28015868558576
22675,4.373269396634972
22676,7.468730378745076
22677,4.355707117216681
22678,5.414948732801401
22679,4.806184543881823
22680,7.172795343366033
22681,2.7513583939349986
22682,4.769346143857833
22683,9.155286302521215
22684,7.438220265946913
22685,5.968783962836808
22686,3.547358611483704
22687,4.937721585957757
22688,3.82127759969055
22689,5.964755789642017
22690,7.333690071353828
22691,5.150114638018211
22692,4.705100229379653
22693,4.830345188446451
22694,7.355252910193113
22695,3.0376477251996183
22696,5.20544589091417
22697,4.449505751721272
22698,2.2804476136099145
22699,4.3824659930801095
22700,7.818198710874296
22701,5.034142969808527
22702,6.144603828786721
22703,6.0660999811797485
22704,7.325206686058495
22705,4.633233857922756
22706,5.43612043595594
22707,4.798129544483114
22708,4.771304235838679
22709,8.151769470712154
22710,7.99669269847611
22711,4.861675021002599
22712,5.89950944478697
22713,7.068513845421262
22714,4.827126140457084
22715,5.494370814820391
22716,8.080113819936596
22717,2.611417262332676
22718,7.592791105803229
22719,3.446565945586886
22720,7.82780277231119
22721,5.4412641749688975
22722,6.861181240791026
22723,4.970818192680204
22724,9.469019404822825
22725,7.111726448286795
22726,6.009202638966985
22727,6.531995978613648
22728,8.473131152049238
22729,1.3498627171913014
22730,6.099571091939662
22731,5.199407878191801
22732,3.7908981814211793
22733,8.524330388771025
22734,8.333547840333184
22735,8.949731431265262
22736,7.136464578297385
22737,6.251027841812547
22738,7.22259039458779
22739,3.86727387970019
22740,4.9765438727770555
22741,5.8661973852083475
22742,4.781201084748242
22743,7.5332004911192865
22744,3.828616647376992
22745,7.138811730660338
22746,2.193590880050334
22747,6.010914464786293
22748,8.699650135381543
22749,6.303602832094873
22750,2.862056875594424
22751,6.180226209734618
22752,4.2126705750169355
22753,4.840207848134898
22754,4.7880176665816325
22755,5.728216742666436
22756,4.261393717701938
22757,6.234950714209713
22758,5.228612541087344
22759,3.930961176366617
22760,8.032507228830926
22761,8.248401879256756
22762,8.330022104676729
22763,8.100605025039268
22764,8.19573502679609
22765,6.2977585700169225
22766,5.888059444158835
22767,6.31331303476192
22768,6.130766228641375
22769,5.236251485500582
22770,6.732317401578763
22771,4.160280579083744
22772,7.3159553718495145
22773,5.3035478307227155
22774,5.312626329371154
22775,6.78281842980373
22776,6.268518540774841
22777,5.318572044466261
22778,7.704720046131314
22779,9.462552146142011
22780,4.824813740286666
22781,5.412327797245487
22782,7.075074420963796
22783,7.459862064120266
22784,4.217455028216925
22785,3.372950489670894
22786,6.792761193473124
22787,9.68660738072434
22788,4.607123782557951
22789,4.852543571747618
22790,7.0380900991027655
22791,8.855131826073386
22792,4.618482275997629
22793,4.48983207166377
22794,6.18239705010547
22795,9.789887096786003
22796,7.281757965937151
22797,4.006512036876129
22798,5.808152682637013
22799,6.4763626968719
22800,5.904805747313039
22801,7.539171190794081
22802,6.464681551496184
22803,8.631208729305424
22804,5.967786224122607
22805,9.402275611208852
22806,5.923494100326829
22807,7.00901496531433
22808,5.048239964992026
22809,6.049409847556808
22810,5.13599198080268
22811,4.733571702153806
22812,5.297865015211257
22813,7.01213417906196
22814,7.169445013919547
22815,7.379494294075309
22816,8.393119587831098
22817,2.983133236215946
22818,2.5490860804781987
22819,4.478510268422497
22820,6.218515801775631
22821,7.005575359527671
22822,5.635270853244872
22823,7.426629596528164
22824,7.603477352751257
22825,6.119042284228054
22826,8.801288051744434
22827,7.503853174762268
22828,3.2326323333124476
22829,5.584250521155982
22830,4.391713239227853
22831,4.002701546822978
22832,6.098383309592222
22833,4.327821049291302
22834,8.293336942458192
22835,6.330081337702979
22836,7.7545591815250585
22837,5.135978600969732
22838,6.692374770064187
22839,6.393024056176101
22840,2.6851142574844182
22841,2.4361213988974013
22842,8.058056725755925
22843,8.467343685061582
22844,5.047053154543436
22845,7.455399837067236
22846,7.654358654054272
22847,7.123933971130275
22848,2.7594529904230076
22849,8.838203358009784
22850,3.213187484815627
22851,6.859169095203752
22852,3.7064831606643716
22853,6.46128057135158
22854,4.923732452780729
22855,5.80530683722057
22856,6.006799158605542
22857,5.110646655175851
22858,5.280122996355986
22859,5.0276100283932355
22860,9.415042030736963
22861,3.948456564431537
22862,6.489781510341105
22863,3.6654650747426616
22864,6.308176774981268
22865,8.490626748942658
22866,8.236017464440383
22867,5.386862566702896
22868,8.25417324338935
22869,3.8779679284522564
22870,8.245451515241351
22871,5.651405216028108
22872,5.621510792832293
22873,6.975464676585792
22874,6.667767673498544
22875,4.754062519803449
22876,3.7535274928694924
22877,8.346900995210252
22878,4.100526017940835
22879,6.096372870971473
22880,3.790026852684794
22881,4.139290743610301
22882,3.7849757958366004
22883,4.586622004648211
22884,5.272252852641621
22885,8.333280992968382
22886,8.913232419089463
22887,4.387299066884677
22888,4.64081531676388
22889,6.108517693511421
22890,7.029346372372617
22891,4.959880103807616
22892,3.791002632336432
22893,4.6046105360254215
22894,5.916856181535031
22895,6.933757354627187
22896,9.173892833287733
22897,5.840527933965467
22898,4.158138864695142
22899,2.7265434187422657
22900,5.3475343292085835
22901,2.7696597521894586
22902,8.594065172811128
22903,2.595971950150777
22904,3.9557996681199272
22905,7.577163676203748
22906,8.676700598036241
22907,6.544677361166147
22908,7.522210506140408
22909,7.050736255139535
22910,8.671775432456394
22911,7.258173463643947
22912,9.501188825910443
22913,3.477095367649684
22914,2.1770433639281372
22915,5.6753668431551105
22916,3.7388899794751715
22917,6.376375980126611
22918,4.587031352261919
22919,2.890112559165659
22920,8.425041321751031
22921,6.627368544938866
22922,3.4133975778534946
22923,6.911870631711629
22924,7.137467537619211
22925,5.5981815932103824
22926,2.8438347715354104
22927,5.379586480196973
22928,8.253860649867054
22929,6.953513833479436
22930,7.08566630817114
22931,2.7399712571300885
22932,5.311976776798876
22933,7.213827617511827
22934,7.077889518075926
22935,8.372223029592941
22936,2.3691069098538073
22937,5.535551187372397
22938,5.28710521124768
22939,7.8856531187121535
22940,5.287588348078708
22941,4.359273009901116
22942,8.52708303767887
22943,3.2657193299592775
22944,7.367811735169852
22945,5.096788776513935
22946,4.51986974463418
22947,6.109287505209972
22948,5.472442639262768
22949,4.998328333556913
22950,6.008789808723449
22951,6.866944321679033
22952,4.526422015610758
22953,5.42352317365067
22954,6.261019046310031
22955,5.110896753420093
22956,2.7853215570697505
22957,2.940533830439262
22958,6.370003637432758
22959,6.148548525869096
22960,6.932340003499644
22961,6.282955102972535
22962,7.523865387824844
22963,3.2944003807327427
22964,4.30431512987093
22965,5.500625484784368
22966,4.273182912319474
22967,4.503346887893288
22968,4.058937499536359
22969,2.464715197546086
22970,3.0524021442071407
22971,9.703118750021302
22972,6.017930510230776
22973,4.766989751429575
22974,7.9980118446235
22975,5.231128025271902
22976,2.1494627609906027
22977,3.9643221904342725
22978,6.046916978649999
22979,4.574671555464588
22980,7.790732849169504
22981,7.078220623203703
22982,7.1580922446659985
22983,6.202559189251119
22984,6.674907302099849
22985,5.419324562932422
22986,6.332203650269777
22987,8.595548589504487
22988,9.454688090247542
22989,6.203865607675106
22990,5.331632864947394
22991,7.425970541716035
22992,3.614548452751836
22993,8.27544441257649
22994,3.477208337798989
22995,4.639967684775023
22996,3.445184941331425
22997,7.157119050404115
22998,2.873151258485449
22999,6.481586294582987
23000,2.1742150366958684
23001,6.91572498971834
23002,7.826761482365562
23003,6.0481621729471495
23004,9.21708845856748
23005,6.479964269557792
23006,2.4873921937081613
23007,8.872630057423105
23008,5.153010153211169
23009,8.217492548255935
23010,5.637668068715462
23011,5.373790654425289
23012,5.0144143543033035
23013,6.110225454869607
23014,7.764444860510555
23015,3.1965678546304312
23016,6.757359477170942
23017,4.801822525754591
23018,3.5963935846318167
23019,8.4837835541793
23020,6.390934591461568
23021,5.73300221765655
23022,4.837248874329468
23023,5.911696645111962
23024,4.91758881954937
23025,3.566585693767679
23026,4.575481708128985
23027,4.275087457163489
23028,6.285487316725191
23029,5.213953195325163
23030,6.93652449208173
23031,5.671013606212786
23032,5.640594413343148
23033,4.060931816007288
23034,8.434716980088883
23035,5.327065471545172
23036,5.637846624271065
23037,5.246222232803546
23038,7.773895347518106
23039,4.8204823068375475
23040,5.971480805564072
23041,2.490578017027012
23042,6.027871237269461
23043,5.45417965073271
23044,5.949315324637007
23045,2.571062705105048
23046,6.415837178729591
23047,8.135206312797447
23048,3.1990748192820417
23049,4.700048431456294
23050,6.4315980874257335
23051,9.819098507769418
23052,3.9660598238289397
23053,5.037232486015034
23054,6.551952071745978
23055,5.848791787683163
23056,8.0788077605695
23057,5.946659831019105
23058,8.71546874048195
23059,7.394037675164947
23060,8.08998495347006
23061,5.32596158181636
23062,6.623780549033855
23063,4.227450855640219
23064,6.532422721669553
23065,6.7888318462929345
23066,3.621779254371021
23067,6.085221482375764
23068,3.7791492133501534
23069,7.049769902903681
23070,3.427582547102112
23071,5.490773206610903
23072,8.437981729799656
23073,5.440637137642242
23074,7.370507912454549
23075,5.683075688323991
23076,5.760176970452389
23077,7.891975349652862
23078,7.152601395186082
23079,3.5277020903498246
23080,8.51767113076407
23081,7.613821186014761
23082,6.591683911468687
23083,6.491942996650908
23084,7.193232235945656
23085,5.574040033668403
23086,5.591871993139477
23087,8.636252542045508
23088,7.410067482231563
23089,7.3804133507277765
23090,5.180401530927348
23091,6.191052920540451
23092,4.847636084915658
23093,6.457338961739725
23094,7.2275541388627005
23095,5.876947064299279
23096,8.667675050803792
23097,5.208310746612012
23098,5.1288110310876895
23099,8.43810279584736
23100,6.521515823440161
23101,7.622973530594928
23102,1.26263980481845
23103,7.9597065094349375
23104,5.490162973497695
23105,5.4275290361379565
23106,5.247383276478678
23107,4.743173512202274
23108,8.642270645894184
23109,5.407165864563696
23110,2.9481920439708604
23111,3.7121013781102734
23112,7.064892335844324
23113,4.290680496297606
23114,7.14205448100432
23115,8.29476374508726
23116,1.0383641709235094
23117,6.867225566151721
23118,6.75731335728234
23119,7.569040634695384
23120,8.953688820276046
23121,6.733813466024634
23122,8.228064901631056
23123,7.912124413772195
23124,5.124730923097006
23125,7.196514998611887
23126,7.881611563725498
23127,5.13504358514324
23128,7.723893146850628
23129,6.138456356521992
23130,3.6712330487334013
23131,5.369648312630149
23132,7.598097487271696
23133,5.0906259153960765
23134,6.324840854959642
23135,5.567151768947175
23136,8.166143664157284
23137,5.186941979882214
23138,4.196746321389815
23139,8.374923010667382
23140,6.481371680388001
23141,5.748443113823713
23142,4.561231162804965
23143,4.153393003863376
23144,5.125552639156595
23145,5.476811636844706
23146,7.3286944624209
23147,6.68923436826293
23148,4.057422475461647
23149,7.137401277891881
23150,7.353231398119033
23151,6.997996858002052
23152,5.78385706578181
23153,4.505806421903139
23154,5.2801877321075175
23155,3.569198385757686
23156,0.6393209905456269
23157,5.891943936873445
23158,5.845543472046073
23159,4.2804812090817865
23160,6.775057023361356
23161,6.201156410422209
23162,2.175902535348602
23163,7.650618546847149
23164,3.8351257504280687
23165,6.042235221888187
23166,8.608904222643698
23167,8.372291143122485
23168,7.261860167154244
23169,7.141416730384881
23170,6.536542464128703
23171,2.9285611916061445
23172,8.09814465511551
23173,7.089873825596085
23174,1.126266658105651
23175,5.714298182850317
23176,6.175183206575236
23177,7.650566464230283
23178,8.964344023949575
23179,7.048651224988303
23180,9.267718004157484
23181,5.609823551006593
23182,4.4367328714480605
23183,5.088402956213315
23184,8.583834136280753
23185,7.346327785657648
23186,6.970920225887648
23187,7.264423788455621
23188,3.390923456488158
23189,5.358829047676226
23190,7.423757008366763
23191,7.735853847376847
23192,5.731632182451038
23193,8.358580358710416
23194,6.07398683719746
23195,6.163315507032601
23196,3.7611750622938613
23197,3.9703524825506222
23198,6.857750024995269
23199,6.598601358415388
23200,5.553916737516703
23201,7.1594894946740935
23202,4.3989221452432465
23203,6.051465953443131
23204,7.281670764695261
23205,6.015667047132821
23206,5.393251431709844
23207,5.767113821776144
23208,2.35073169868604
23209,5.185589832274664
23210,1.4318214945216001
23211,4.16879699390458
23212,6.932426581388005
23213,3.265059783586154
23214,7.717694992325801
23215,5.390115163806525
23216,6.99801765412365
23217,2.8387154858776427
23218,6.969125672350353
23219,6.516438095607752
23220,4.725668359650456
23221,4.930221936209631
23222,4.1679837744823205
23223,3.994950805485707
23224,5.119247008140163
23225,7.425102457719407
23226,7.616258291191441
23227,6.3454244419860455
23228,7.862965996515226
23229,6.808705900199456
23230,5.795048720037116
23231,6.617493052727201
23232,7.1248776621858765
23233,6.567776531846891
23234,4.638550986280679
23235,3.9439101439884903
23236,6.5649872858711475
23237,4.742307251008499
23238,6.794054076718344
23239,7.095446129054305
23240,2.0729490487844093
23241,5.451017878757682
23242,5.054148874493605
23243,4.392959940321669
23244,5.899535759617608
23245,6.273147268871587
23246,5.983589864560853
23247,5.815288732279271
23248,6.900751451344758
23249,3.8312086161584764
23250,4.734260131475918
23251,6.238746104026907
23252,5.876862245989858
23253,5.281183161515264
23254,1.728663073317421
23255,8.485572171543186
23256,8.166788343497753
23257,4.456514798224343
23258,3.292533602438719
23259,9.028792130022973
23260,8.444780218790195
23261,6.134371304782344
23262,1.1963491821803842
23263,7.93116466141794
23264,7.528459298886679
23265,5.353198396953816
23266,7.055847798442838
23267,5.639777736141006
23268,5.872363387653981
23269,8.81619502057691
23270,7.075245007494883
23271,5.7213887957302445
23272,6.031373346616249
23273,7.8074994237155995
23274,6.9781076183942705
23275,8.098912356574102
23276,7.433937100422996
23277,3.4429466293563236
23278,3.7914934228372816
23279,5.019370811644769
23280,6.210541531381925
23281,4.595839273617098
23282,6.35315488776235
23283,4.9615409908917485
23284,4.569695589411481
23285,6.048696512633096
23286,5.043099413542
23287,5.431924094723632
23288,3.944902439734979
23289,7.310655367796275
23290,7.4530673888878285
23291,6.789920810612536
23292,5.745766050913222
23293,5.833477805828825
23294,7.843748459213161
23295,6.382355533953805
23296,9.773274274260686
23297,7.099567176861098
23298,7.770951473846618
23299,7.052124290526611
23300,5.45373050250095
23301,4.713259884277482
23302,7.6370290297873655
23303,8.218861372360244
23304,5.5303024103107745
23305,5.016118640147483
23306,6.230404166863396
23307,8.246054215163515
23308,8.636025851433855
23309,5.431075463033257
23310,6.321039736822144
23311,5.461647195012421
23312,7.780777585555958
23313,4.22083517371905
23314,6.15266210205394
23315,5.319653582355264
23316,8.799712131386327
23317,4.956162837673386
23318,9.004985007835533
23319,6.7723913545790335
23320,2.455764833694688
23321,4.135019789569792
23322,8.160384705192786
23323,6.76156388253811
23324,7.680484839229072
23325,7.4531152939692875
23326,7.037749876972875
23327,3.88469522581171
23328,5.960884340107503
23329,4.688995834135779
23330,9.542559737388155
23331,5.652511836984825
23332,7.104690155507932
23333,5.118531850703543
23334,5.232488693292126
23335,3.7436231360348344
23336,3.1375503653710783
23337,5.246531377902437
23338,5.954129846126351
23339,8.06376793911052
23340,7.230477496036468
23341,8.7789251517569
23342,5.016696429497101
23343,5.885719767641801
23344,6.173095455798508
23345,7.956316124326969
23346,6.8525826819711195
23347,3.1310943489852843
23348,3.811064835517466
23349,1.9909455808428098
23350,5.469142602894714
23351,5.863534023581069
23352,6.928330031159279
23353,4.625222975111823
23354,3.9679636759475563
23355,8.783713306676884
23356,6.0873084453151165
23357,7.219867759009986
23358,9.563972321630027
23359,5.397506319391797
23360,5.583577684083204
23361,7.455971340169046
23362,7.766302961088314
23363,3.2046424782946943
23364,4.324307606395346
23365,4.299000259894908
23366,7.246114040201024
23367,5.535621902260584
23368,6.301314388930105
23369,4.72638367131646
23370,4.137760441369184
23371,3.5573057434885245
23372,6.06389847254528
23373,9.345628543934733
23374,4.185788537012597
23375,4.732807780847245
23376,8.806383220290218
23377,4.513770124217858
23378,3.3331511399510525
23379,6.404584212023745
23380,4.1913611747523065
23381,6.813170411986674
23382,4.712505155643806
23383,5.534851987884236
23384,7.555065418276082
23385,3.846844375889197
23386,3.6315079044780836
23387,4.3743539121990525
23388,3.460362384803047
23389,2.540345100284436
23390,4.628030314673476
23391,7.242874320560647
23392,2.282924044652207
23393,7.785357136095811
23394,6.718081417371816
23395,3.7589753326649564
23396,6.179571248572589
23397,6.154346408986369
23398,1.6677523723791787
23399,5.707285406962577
23400,9.119144035648404
23401,1.5390063832366503
23402,6.376738074660908
23403,5.310922079315754
23404,5.94983455221883
23405,4.65732750534143
23406,9.071735273424531
23407,9.206079540785042
23408,4.623140840578242
23409,2.8065872978330706
23410,9.012855927115595
23411,6.236237634017745
23412,4.884708104197874
23413,8.066182108488949
23414,1.9554613509078365
23415,7.573971860843701
23416,5.974928201885345
23417,6.013383021356243
23418,6.407478867692644
23419,3.7347711881645567
23420,6.724140807477097
23421,3.7130288592498557
23422,7.174824269758327
23423,7.390259786243169
23424,7.7355251848485285
23425,6.704259053365384
23426,7.856760084685949
23427,9.272683955311244
23428,2.3154194195665614
23429,3.0041789845466824
23430,7.2979331434283194
23431,5.291011659535892
23432,7.74338119484254
23433,2.7880599064555733
23434,5.359548180777782
23435,6.2257611048277495
23436,8.041210438762613
23437,8.726740438179666
23438,4.2956051975506595
23439,2.6792404065492366
23440,2.614049839324059
23441,4.48566324598346
23442,3.922741156789698
23443,5.734946734883961
23444,4.978310361224727
23445,7.716150994147341
23446,7.311961584459743
23447,6.697767925803944
23448,3.6025102246055893
23449,6.306460686547761
23450,7.4596451348357276
23451,3.9417750027554
23452,7.294445051356779
23453,4.333328370020943
23454,8.302129498480731
23455,3.752830690940068
23456,6.680521742674136
23457,6.928085483974158
23458,3.9641899840837524
23459,2.3374536781991035
23460,3.5311258631618627
23461,8.942159117594981
23462,7.594866473317562
23463,6.598490483522755
23464,7.519760030165803
23465,5.873108396142196
23466,8.06788968815299
23467,9.291687695526438
23468,5.724324587678826
23469,4.89428457514515
23470,8.116155109916843
23471,5.17958487381624
23472,5.591976541453866
23473,8.354656727168777
23474,5.693226076945747
23475,4.363654555748472
23476,2.0761296030629977
23477,6.584094682374733
23478,6.671627657319339
23479,3.797345459703712
23480,6.409500483379476
23481,4.061160617870089
23482,9.319665196888806
23483,5.6602643258622765
23484,7.834969846945017
23485,7.5860067741085615
23486,7.654801278827482
23487,6.612067916075259
23488,8.814174782660498
23489,4.580835321141391
23490,4.099595497332485
23491,3.995392176757991
23492,4.818807041350197
23493,8.389091506433186
23494,3.58969221771864
23495,4.863915488066703
23496,7.051693860387337
23497,3.651919220897922
23498,3.638497746401483
23499,5.6049681856715745
23500,2.5620972303651324
23501,7.583774057760744
23502,10.0
23503,7.026019247281647
23504,6.688283957014901
23505,8.28545317080587
23506,6.721042686616168
23507,6.359338405361979
23508,7.545523888333571
23509,10.0
23510,4.057540954371066
23511,6.791012783252813
23512,4.62259747367616
23513,4.380863241299793
23514,6.549799549655704
23515,2.5766133151262145
23516,8.253883589141484
23517,6.467926175043748
23518,5.057131392981917
23519,4.808389215573145
23520,6.656308470693816
23521,8.165502181341404
23522,7.072627672977309
23523,6.284265282859237
23524,5.827944356567203
23525,3.7687294689203674
23526,7.8391430782409754
23527,1.4706261844851913
23528,3.4390180321620973
23529,8.218432231503488
23530,9.232320551982045
23531,4.020710061211292
23532,4.824180298258542
23533,6.755332952310067
23534,6.281287092919538
23535,5.633959357041687
23536,6.831128479821369
23537,2.0548533521980596
23538,7.392017295060644
23539,1.9845172696810416
23540,4.683914557990674
23541,4.337382876884997
23542,2.8633056156284282
23543,4.990043190610939
23544,4.309231055331628
23545,6.12944371333581
23546,3.037548844417675
23547,8.848961201620591
23548,6.127196262912767
23549,6.465265424393829
23550,6.531344663031665
23551,5.515330600623039
23552,5.640353038498119
23553,5.394323291281328
23554,2.8492803055552693
23555,5.634747205728374
23556,7.242610858597016
23557,7.094265681425904
23558,4.132514651598198
23559,9.040210353891698
23560,6.66729359510681
23561,8.964464101964678
23562,5.587124363441963
23563,7.5892031446937525
23564,4.558228714258031
23565,5.0116691427650615
23566,5.848090994262695
23567,4.471160288422288
23568,5.3784164770517915
23569,2.9429594695012633
23570,7.114598657123965
23571,5.720751197956172
23572,4.690125357452131
23573,3.995062006075938
23574,4.438009979404393
23575,4.700515328008193
23576,6.647734168046905
23577,6.850965989228593
23578,2.8345406238028295
23579,7.029542265430126
23580,4.53551251576375
23581,4.5110110940897545
23582,6.233173371438703
23583,5.852087951415778
23584,6.702101501705873
23585,4.6061241110267925
23586,2.941189754843823
23587,5.637044304945169
23588,3.724882423052064
23589,4.869549240911331
23590,9.403851481397783
23591,6.061444882945703
23592,4.491159230792578
23593,4.9196231749358486
23594,3.368366786706953
23595,6.962915446214842
23596,3.266743853829955
23597,2.303704948455942
23598,7.727073897885937
23599,3.1214060143578513
23600,3.042946072389244
23601,7.514775120405528
23602,6.52199072321702
23603,5.615135088800629
23604,1.864347079977166
23605,9.909306217251881
23606,4.260865370629437
23607,5.125817350348914
23608,7.506349849438786
23609,8.546511780841026
23610,1.761515043205489
23611,2.493016542708279
23612,3.5595107317276478
23613,7.479466858986048
23614,6.543338518869062
23615,2.900388199214675
23616,6.555316776669985
23617,6.592933389542092
23618,6.216930256754194
23619,2.4750551741180766
23620,5.155626983998893
23621,5.366663552748016
23622,6.509838714194471
23623,7.031907508874385
23624,5.236094967746583
23625,8.905481108794012
23626,6.482915769355574
23627,7.308926567346022
23628,0.8638073740990668
23629,9.002832025613781
23630,5.955422962077276
23631,7.179321782095177
23632,4.560354016091499
23633,7.564817717590695
23634,6.32583939380503
23635,4.468466555418855
23636,5.469878525603491
23637,5.636198388533698
23638,7.629516024946023
23639,9.313880657411485
23640,4.676968683604985
23641,8.72161991502036
23642,4.801814961645355
23643,4.6423434486827855
23644,7.737161707561481
23645,7.246199889682609
23646,2.2541157487621724
23647,5.7874064330488055
23648,6.210656436776134
23649,5.326328304676413
23650,6.854819570199949
23651,7.475127641976242
23652,6.984609572967038
23653,5.861977458307075
23654,4.784714784269906
23655,6.970028657153508
23656,6.774009150031398
23657,5.068715358694144
23658,6.124199113148733
23659,5.51599217523359
23660,6.407159472073945
23661,6.850162773670097
23662,6.624972808606861
23663,5.211972266221499
23664,3.074638685670792
23665,7.308552063981622
23666,6.663305419207516
23667,8.698357600770226
23668,7.20814464382484
23669,6.881178012811293
23670,4.784715843383845
23671,5.969419041413205
23672,8.831436852997435
23673,7.086410877255676
23674,6.442592667697552
23675,4.9136038397144
23676,6.172979245399146
23677,8.016612073387186
23678,6.391119200996857
23679,10.0
23680,3.684788017797763
23681,6.085729936790627
23682,7.080270210960398
23683,5.78612565122904
23684,4.424694909696733
23685,4.870666506056027
23686,8.340583954102346
23687,4.467877200191453
23688,6.407715101430365
23689,7.056598199262576
23690,2.3781365161669172
23691,6.07003197005313
23692,4.043700622114736
23693,9.593090734127419
23694,5.968485109374521
23695,2.573289198029271
23696,3.9862728701696604
23697,8.366381958208132
23698,7.390965981677832
23699,3.7263009590355693
23700,6.738459435845731
23701,4.906037581669159
23702,4.951269061744341
23703,7.809021704632984
23704,6.721249555584647
23705,7.455458102018786
23706,5.627670172932675
23707,7.198616573085355
23708,6.250538742454568
23709,6.875350722847268
23710,5.3702380601862645
23711,1.5893849828342546
23712,6.919249830371635
23713,5.890061827550223
23714,8.085237790504419
23715,2.9104266097492157
23716,3.454699046229906
23717,8.602926231828874
23718,5.110055808918661
23719,7.77326367734167
23720,5.445722509845287
23721,3.1785109524371107
23722,1.478862566509947
23723,5.230969886365438
23724,4.710673841150209
23725,4.718170788239864
23726,6.044209734620931
23727,5.477053014047597
23728,6.8973363919836475
23729,9.002511202345113
23730,1.1554566835441522
23731,3.8362488707492965
23732,5.925144576592144
23733,6.29804058729652
23734,8.78622705126529
23735,6.3769495915626555
23736,3.3511093571194537
23737,7.57755826130808
23738,4.955889979610193
23739,8.935800920012738
23740,9.165337888276204
23741,2.3523719770803218
23742,4.193635603281509
23743,4.9225698101754265
23744,7.581033570735011
23745,7.743898585641205
23746,1.7820925085345565
23747,8.135218332760239
23748,7.813047494263744
23749,7.794939463888715
23750,5.070595608217133
23751,4.453432681162649
23752,6.107841258092395
23753,7.980620267384181
23754,6.576434987674629
23755,7.3985699991532865
23756,3.8535366243196023
23757,4.078690387102044
23758,4.6188848523427835
23759,5.596559894262891
23760,7.912858845358414
23761,3.1841897323393957
23762,5.252310124351854
23763,4.6726178389448565
23764,7.833692619110479
23765,4.844146191573046
23766,2.05569339790517
23767,6.39048291107819
23768,4.193537550012539
23769,4.949143919679289
23770,2.782878617959487
23771,6.575527819198484
23772,4.303037179277813
23773,9.844554202689535
23774,7.550038354651663
23775,7.281947005940566
23776,5.602579764431053
23777,8.104674792177317
23778,5.785565767182941
23779,3.6272979990099707
23780,2.985294069506451
23781,2.7643069067025836
23782,3.161560567174388
23783,6.9075040268593195
23784,5.225443375590443
23785,7.09639911255441
23786,7.35078737003531
23787,7.897015628179926
23788,6.941811724141955
23789,6.654317215530904
23790,3.4487355598011424
23791,2.9889599423908595
23792,7.156398200517723
23793,6.386613472031888
23794,6.593596412896511
23795,3.5768811675812904
23796,5.365950888694042
23797,7.037562219347677
23798,5.939818573928472
23799,7.456696059296877
23800,2.6647139039021197
23801,7.084324275759991
23802,6.3556424913919445
23803,4.906305341712409
23804,5.117433152885459
23805,6.3545764284349415
23806,6.095366472391707
23807,7.563999285438496
23808,3.085983383449942
23809,1.1568851345070796
23810,3.780732871367526
23811,4.716014151935972
23812,2.6820774569839623
23813,2.123771780669133
23814,6.619693685555714
23815,5.879163071017444
23816,3.5889977583576718
23817,4.107291975647698
23818,5.890088494816749
23819,8.587433608512447
23820,8.951004873523216
23821,8.075691929764195
23822,5.801958974781736
23823,6.870595650316581
23824,7.894651292330716
23825,6.364209493882366
23826,6.145032622832731
23827,4.056514752430928
23828,7.510338712664812
23829,4.258678112412415
23830,6.663256756638392
23831,0.24162445918998293
23832,3.4650551180495683
23833,1.6811666019784013
23834,8.177746100848326
23835,2.441485245129582
23836,5.64371310366069
23837,5.4951568672918025
23838,3.230695774484712
23839,5.138510228978154
23840,2.4931982475381202
23841,5.114825964493269
23842,6.277661664840271
23843,7.458998115359975
23844,2.177831184114712
23845,3.9725324031703657
23846,3.870554387476819
23847,8.854930735842522
23848,3.6363660376731133
23849,7.649029357587954
23850,7.518305984302351
23851,4.981075675998617
23852,7.342716065875399
23853,8.941895697788606
23854,3.8589438253613033
23855,7.006657739395403
23856,7.39688462115444
23857,6.161372750898224
23858,3.112371685315773
23859,9.31515019865309
23860,4.912658112277095
23861,8.293560731687254
23862,7.767334962523307
23863,8.155059027294808
23864,2.4007277587963514
23865,7.514859309991847
23866,4.159188519785353
23867,4.162279919229306
23868,3.9131142472899754
23869,5.654791309298366
23870,4.531359558904931
23871,10.0
23872,6.114233787393614
23873,4.559597559305212
23874,4.332805970667089
23875,6.648764697213089
23876,9.458021635927405
23877,6.717965628805038
23878,7.4238433640148145
23879,5.345981563935632
23880,6.424722466740247
23881,1.2702902439858261
23882,7.644652746616943
23883,2.4270853856805195
23884,5.3285284389724
23885,3.8631834887514374
23886,7.443062230046247
23887,6.473557566634615
23888,5.913707253599573
23889,4.951425630544188
23890,8.827054340318824
23891,6.946734613834072
23892,5.716768724194096
23893,5.989146928558848
23894,3.4244330332034467
23895,4.289352401077084
23896,3.4391867878162152
23897,6.670229383723307
23898,7.446301949944576
23899,2.7663184186062892
23900,2.291697639562918
23901,6.689791204733564
23902,5.3136053196160145
23903,6.752781468971638
23904,6.552556141559046
23905,8.199375046385224
23906,7.575614837070978
23907,6.8992446162829095
23908,3.6424727984101146
23909,7.136586031118026
23910,7.208975118620664
23911,6.4489635269259695
23912,7.191963263315111
23913,6.120690884446471
23914,5.7860049242794265
23915,8.44278514817387
23916,5.4100736181312445
23917,2.904807728996529
23918,4.990578967301573
23919,3.8765216999003824
23920,8.706422322282034
23921,7.472549553707371
23922,1.0800275798705081
23923,5.311035269289281
23924,6.702194837984874
23925,3.8486025937271293
23926,7.062334091268665
23927,8.190357211955185
23928,1.145533053509609
23929,5.203001406304049
23930,4.104766085533446
23931,3.3242673208752236
23932,5.096907890818648
23933,6.057630559716317
23934,6.079174789537687
23935,5.749283923710955
23936,3.8050939079811394
23937,5.4950789424136826
23938,4.6141464214903944
23939,2.722083130522249
23940,5.94488740857435
23941,5.450265867217239
23942,3.689949554590793
23943,8.558687638833963
23944,7.304777231799498
23945,5.71820434264802
23946,8.71083039529601
23947,4.9155059175264295
23948,4.249556899704663
23949,4.75221949359061
23950,6.699254097497193
23951,5.235726002187873
23952,6.903860679798169
23953,5.623141837363325
23954,8.100903250835167
23955,1.9176207902341396
23956,2.7676357684898756
23957,3.991404331342185
23958,8.142693610734181
23959,10.0
23960,5.036035389483404
23961,6.3490261904591
23962,5.002186537554913
23963,4.335203715653838
23964,5.828339885685109
23965,4.467858172643555
23966,1.724052771997193
23967,6.293230023608132
23968,6.793184102973752
23969,5.673842409061979
23970,4.808006111253887
23971,7.022951891916128
23972,2.883467786770665
23973,7.340528590799377
23974,7.561945117473492
23975,8.718885601480782
23976,5.3761441439783635
23977,8.39954090395131
23978,7.466136171818546
23979,8.364362873969917
23980,3.73713813421839
23981,8.750800056715127
23982,6.988510995995557
23983,5.064794459455449
23984,4.947037051092881
23985,8.049226260350743
23986,6.2948854480561085
23987,7.1559843969980035
23988,6.246215227455808
23989,4.704621302533651
23990,3.7328913719432406
23991,6.496294229398164
23992,4.34340877842258
23993,8.667849240554805
23994,5.107410055701398
23995,6.400088260908878
23996,3.321722307237266
23997,3.6098603043456934
23998,5.31784329973608
23999,5.156937334225613
24000,2.8087958448930452
